timestamp,b00,b01,b02,b04,b05,b06,b07,b08,b09,b10,b11,b12,b13,b14,b15
2025-07-06 00:00:00,706.0,174.0,15.200000000000728,17.0,57.09999999999127,7.0,233.0,8.900000000001455,3.3999999999941792,26.099999999998545,43.30000000000018,54.599999999998545,18.0,0.0,0.0
2025-07-06 01:00:00,690.0,172.0,12.700000000000728,17.0,56.69999999999709,7.0,224.0,8.89999999999418,3.3000000000029104,25.0,42.0,54.70000000000073,19.099999999998545,0.0,0.0
2025-07-06 02:00:00,680.0,171.0,12.599999999998545,15.0,55.40000000000873,7.0,218.0,8.900000000001455,3.3000000000029104,24.200000000004366,44.0,54.5,19.099999999998545,0.0,0.0
2025-07-06 03:00:00,670.0,169.0,11.800000000001091,16.0,55.19999999999709,7.0,213.0,8.80000000000291,3.6999999999970896,23.5,41.80000000000018,55.099999999998545,18.900000000001455,0.0,0.0
2025-07-06 04:00:00,664.0,169.0,12.799999999999272,16.0,55.19999999999709,7.0,209.0,8.69999999999709,3.3000000000029104,21.900000000001455,41.19999999999982,54.70000000000073,18.900000000001455,0.0,0.0
2025-07-06 05:00:00,665.0,168.0,12.800000000001091,16.0,54.10000000000582,7.0,211.0,8.900000000001455,3.0,21.69999999999709,41.30000000000018,54.0,18.69999999999709,0.0,0.0
2025-07-06 06:00:00,660.0,170.0,12.599999999998545,16.0,55.5,7.0,210.0,9.099999999998545,2.599999999991269,19.69999999999709,41.600000000000364,52.5,16.60000000000582,1.0,1.0
2025-07-06 07:00:00,680.0,170.0,12.5,20.0,53.89999999999418,10.0,224.0,9.700000000004366,0.3000000000029104,18.80000000000291,42.399999999999636,49.60000000000218,18.69999999999709,0.0,3.0
2025-07-06 08:00:00,695.0,171.0,12.800000000001091,21.0,46.60000000000582,11.0,241.0,9.69999999999709,0.0,23.400000000001455,44.80000000000018,47.0,20.400000000001455,4.0,9.0
2025-07-06 09:00:00,709.0,177.0,12.299999999999272,22.0,43.80000000000291,29.0,239.0,9.69999999999709,0.0,23.19999999999709,43.80000000000018,46.5,19.0,7.0,12.0
2025-07-06 10:00:00,781.0,206.0,12.700000000000728,28.0,32.39999999999418,55.0,261.0,9.80000000000291,0.0,26.099999999998545,43.399999999999636,39.79999999999927,19.5,13.0,20.0
2025-07-06 11:00:00,812.0,218.0,12.799999999999272,26.0,35.60000000000582,63.0,265.0,10.400000000001455,0.0,26.80000000000291,45.80000000000018,39.0,20.299999999995634,16.0,23.0
2025-07-06 12:00:00,834.0,217.0,14.399999999999636,25.0,37.0,83.0,269.0,10.799999999995634,0.0,24.400000000001455,48.0,37.89999999999782,18.80000000000291,15.0,24.0
2025-07-06 13:00:00,861.0,225.0,14.100000000000364,18.0,33.89999999999418,90.0,286.0,11.30000000000291,0.0,24.5,48.899999999999636,37.30000000000291,20.69999999999709,16.0,24.0
2025-07-06 14:00:00,929.0,243.0,22.200000000000728,21.0,38.89999999999418,102.0,302.0,11.30000000000291,0.0,24.69999999999709,50.400000000000546,39.29999999999927,19.900000000001455,16.0,23.0
2025-07-06 15:00:00,967.0,254.0,20.899999999999636,20.0,45.30000000000291,106.0,308.0,11.799999999995634,1.6000000000058208,24.5,52.099999999999454,42.0,20.5,13.0,20.0
2025-07-06 16:00:00,984.0,252.0,22.899999999999636,21.0,50.60000000000582,110.0,306.0,11.80000000000291,7.399999999994179,24.400000000001455,52.900000000000546,46.29999999999927,21.099999999998545,10.0,15.0
2025-07-06 17:00:00,977.0,239.0,22.0,21.0,60.69999999999709,109.0,297.0,10.400000000001455,14.30000000000291,23.5,51.29999999999927,49.400000000001455,21.0,6.0,10.0
2025-07-06 18:00:00,947.0,232.0,20.399999999999636,21.0,66.89999999999418,98.0,288.0,9.799999999995634,16.69999999999709,21.099999999998545,45.600000000000364,54.5,17.10000000000582,1.0,2.0
2025-07-06 19:00:00,811.0,187.0,20.5,24.0,68.0,45.0,266.0,9.5,3.3000000000029104,18.099999999998545,44.600000000000364,54.599999999998545,19.299999999995634,0.0,0.0
2025-07-06 20:00:00,780.0,195.0,14.600000000000364,22.0,65.10000000000582,25.0,258.0,9.30000000000291,3.3999999999941792,18.400000000001455,43.399999999999636,55.5,19.900000000001455,0.0,0.0
2025-07-06 21:00:00,744.0,181.0,13.100000000000364,25.0,62.30000000000291,8.0,250.0,9.0,3.1000000000058208,24.30000000000291,45.399999999999636,54.400000000001455,20.599999999998545,0.0,0.0
2025-07-06 22:00:00,749.0,176.0,15.299999999999272,22.0,61.30000000000291,7.0,259.0,9.299999999995634,3.099999999991269,24.099999999998545,47.30000000000018,54.39999999999782,19.80000000000291,0.0,0.0
2025-07-06 23:00:00,740.0,176.0,17.700000000000728,19.0,61.09999999999127,8.0,253.0,9.10000000000582,3.0,23.599999999998545,46.19999999999982,53.900000000001455,19.400000000001455,0.0,0.0
2025-07-07 00:00:00,721.0,175.0,15.0,17.0,57.0,7.0,250.0,9.0,3.1000000000058208,21.80000000000291,44.600000000000364,54.5,18.19999999999709,0.0,0.0
2025-07-07 01:00:00,700.0,172.0,13.299999999999272,17.0,57.60000000000582,7.0,231.0,9.299999999995634,3.3000000000029104,21.299999999995634,44.19999999999982,54.099999999998545,21.69999999999709,0.0,0.0
2025-07-07 02:00:00,682.0,170.0,12.400000000001455,16.0,54.59999999999127,7.0,223.0,8.80000000000291,3.5,23.5,42.100000000000364,54.10000000000218,19.200000000004366,0.0,0.0
2025-07-07 03:00:00,690.0,174.0,12.799999999999272,18.0,54.90000000000873,7.0,224.0,8.900000000001455,3.1999999999970896,23.400000000001455,42.30000000000018,54.29999999999927,19.5,0.0,0.0
2025-07-07 04:00:00,684.0,174.0,12.700000000000728,18.0,54.5,6.0,222.0,9.099999999998545,3.0,21.200000000004366,42.099999999999454,54.70000000000073,20.19999999999709,0.0,0.0
2025-07-07 05:00:00,689.0,176.0,12.5,17.0,53.80000000000291,7.0,221.0,8.799999999995634,2.8999999999941792,20.799999999995634,43.400000000000546,54.5,21.30000000000291,0.0,0.0
2025-07-07 06:00:00,706.0,173.0,12.799999999999272,17.0,53.09999999999127,7.0,220.0,8.700000000004366,2.6000000000058208,20.5,39.899999999999636,54.69999999999709,44.299999999995634,1.0,1.0
2025-07-07 07:00:00,745.0,186.0,12.0,20.0,50.19999999999709,11.0,237.0,9.19999999999709,0.39999999999417923,23.5,40.600000000000364,51.400000000001455,54.400000000001455,2.0,4.0
2025-07-07 08:00:00,912.0,215.0,16.0,29.0,56.80000000000291,24.0,299.0,9.30000000000291,4.5,29.599999999998545,46.399999999999636,50.79999999999927,63.200000000004366,3.0,6.0
2025-07-07 09:00:00,1275.0,321.0,34.100000000000364,50.0,63.40000000000873,64.0,418.0,9.599999999998545,3.5,38.30000000000291,63.80000000000018,50.10000000000218,75.39999999999418,8.0,13.0
2025-07-07 10:00:00,1534.0,395.0,37.19999999999891,67.0,82.89999999999418,104.0,485.0,13.099999999998545,0.5,62.19999999999709,69.39999999999964,52.5,74.5,13.0,19.0
2025-07-07 11:00:00,1588.0,412.0,35.5,62.0,95.30000000000291,117.0,508.0,13.5,0.10000000000582077,53.10000000000582,65.30000000000018,52.89999999999782,83.20000000000437,15.0,23.0
2025-07-07 12:00:00,1544.0,409.0,35.900000000001455,61.0,101.19999999999709,36.0,530.0,11.900000000001455,0.10000000000582077,74.5,63.100000000000364,49.400000000001455,81.19999999999709,15.0,22.0
2025-07-07 13:00:00,1667.0,430.0,35.399999999999636,66.0,106.89999999999418,91.0,525.0,12.19999999999709,0.29999999998835847,109.59999999999854,68.19999999999982,44.20000000000073,83.30000000000291,15.0,23.0
2025-07-07 14:00:00,1683.0,431.0,38.899999999999636,68.0,117.40000000000873,88.0,533.0,12.30000000000291,1.4000000000087311,99.79999999999563,70.89999999999964,45.79999999999927,76.29999999999563,14.0,22.0
2025-07-07 15:00:00,1699.0,440.0,32.20000000000073,68.0,119.5,99.0,532.0,13.599999999998545,5.099999999991269,97.90000000000146,73.40000000000055,49.20000000000073,67.80000000000291,12.0,18.0
2025-07-07 16:00:00,1649.0,444.0,29.099999999998545,68.0,108.19999999999709,108.0,514.0,12.200000000004366,9.900000000008731,74.40000000000146,66.0,52.39999999999782,68.30000000000291,9.0,14.0
2025-07-07 17:00:00,1548.0,430.0,23.80000000000109,51.0,102.0,104.0,473.0,10.799999999995634,13.099999999991269,62.5,63.899999999999636,54.900000000001455,67.5,5.0,7.0
2025-07-07 18:00:00,1337.0,359.0,25.399999999999636,39.0,94.80000000000291,47.0,433.0,15.099999999998545,15.10000000000582,45.400000000001455,55.600000000000364,55.70000000000073,75.89999999999418,1.0,2.0
2025-07-07 19:00:00,1240.0,319.0,19.100000000000364,34.0,86.30000000000291,41.0,401.0,44.200000000004366,14.39999999999418,39.0,50.099999999999454,57.29999999999927,67.30000000000291,0.0,0.0
2025-07-07 20:00:00,1081.0,280.0,16.399999999999636,30.0,79.89999999999418,23.0,333.0,43.799999999995634,14.900000000008731,40.400000000001455,48.400000000000546,57.0,55.19999999999709,0.0,0.0
2025-07-07 21:00:00,953.0,259.0,17.399999999999636,28.0,75.0,8.0,309.0,23.60000000000582,8.69999999999709,33.19999999999709,45.899999999999636,56.70000000000073,29.10000000000582,0.0,0.0
2025-07-07 22:00:00,859.0,240.0,14.800000000001091,23.0,67.10000000000582,9.0,288.0,9.19999999999709,3.1999999999970896,29.0,44.399999999999636,56.19999999999709,21.0,0.0,0.0
2025-07-07 23:00:00,830.0,232.0,14.299999999999272,28.0,63.89999999999418,9.0,268.0,9.30000000000291,3.3000000000029104,28.900000000001455,45.5,55.80000000000291,21.0,0.0,0.0
2025-07-08 00:00:00,800.0,225.0,13.799999999999272,27.0,63.60000000000582,9.0,251.0,10.0,3.3000000000029104,23.400000000001455,46.20000000000073,55.29999999999927,19.5,0.0,0.0
2025-07-08 01:00:00,768.0,214.0,12.400000000001455,22.0,62.5,9.0,241.0,10.19999999999709,3.099999999991269,21.89999999999418,46.899999999999636,55.29999999999927,19.799999999995634,0.0,0.0
2025-07-08 02:00:00,752.0,208.0,13.299999999999272,19.0,59.59999999999127,9.0,237.0,9.900000000001455,3.400000000008731,22.200000000004366,44.70000000000073,54.5,20.0,0.0,0.0
2025-07-08 03:00:00,737.0,207.0,12.799999999999272,21.0,58.30000000000291,8.0,226.0,9.900000000001455,3.1999999999970896,22.799999999995634,44.19999999999891,55.0,19.200000000004366,0.0,0.0
2025-07-08 04:00:00,731.0,202.0,12.600000000000364,19.0,58.5,9.0,221.0,9.599999999998545,3.1000000000058208,25.60000000000582,43.399999999999636,55.20000000000073,21.19999999999709,0.0,0.0
2025-07-08 05:00:00,726.0,203.0,12.5,20.0,57.30000000000291,9.0,218.0,9.799999999995634,2.8999999999941792,23.39999999999418,42.900000000001455,55.099999999998545,21.80000000000291,0.0,0.0
2025-07-08 06:00:00,756.0,207.0,12.399999999999636,20.0,56.09999999999127,9.0,226.0,9.900000000001455,1.8000000000029104,24.30000000000291,44.29999999999927,54.0,40.69999999999709,1.0,2.0
2025-07-08 07:00:00,810.0,220.0,12.200000000000728,22.0,54.10000000000582,9.0,245.0,10.30000000000291,0.3000000000029104,29.5,46.20000000000073,51.29999999999927,53.69999999999709,2.0,4.0
2025-07-08 08:00:00,1017.0,268.0,15.200000000000728,28.0,60.5,38.0,305.0,10.69999999999709,2.5,56.400000000001455,47.19999999999891,49.60000000000218,62.80000000000291,4.0,9.0
2025-07-08 09:00:00,1342.0,368.0,25.69999999999891,43.0,65.69999999999709,78.0,388.0,10.5,2.099999999991269,75.40000000000146,57.70000000000073,48.29999999999927,79.09999999999854,9.0,15.0
2025-07-08 10:00:00,1601.0,448.0,42.70000000000073,71.0,89.0,94.0,459.0,10.900000000001455,0.6000000000058208,87.79999999999563,60.5,47.70000000000073,78.40000000000146,13.0,19.0
2025-07-08 11:00:00,1659.0,450.0,40.69999999999891,64.0,101.69999999999709,95.0,492.0,13.900000000001455,0.6999999999970896,89.90000000000146,60.29999999999927,48.39999999999782,83.69999999999709,13.0,20.0
2025-07-08 12:00:00,1625.0,425.0,43.5,72.0,102.0,50.0,514.0,16.099999999998545,0.10000000000582077,94.59999999999854,64.70000000000073,44.70000000000073,86.90000000000146,16.0,24.0
2025-07-08 13:00:00,1779.0,441.0,42.70000000000073,80.0,110.90000000000873,110.0,538.0,15.400000000001455,0.29999999998835847,107.70000000000437,83.0,46.5,85.40000000000146,16.0,24.0
2025-07-08 14:00:00,1782.0,464.0,43.29999999999927,76.0,111.80000000000291,106.0,548.0,17.19999999999709,1.9000000000087311,90.5,83.5,46.10000000000218,75.19999999999709,14.0,22.0
2025-07-08 15:00:00,1775.0,476.0,43.600000000000364,70.0,120.79999999998836,92.0,548.0,16.30000000000291,5.399999999994179,85.39999999999418,85.10000000000036,48.19999999999709,68.30000000000291,12.0,19.0
2025-07-08 16:00:00,1656.0,437.0,42.70000000000073,60.0,119.90000000000873,69.0,526.0,11.69999999999709,9.80000000000291,74.70000000000437,76.19999999999891,51.400000000001455,67.59999999999854,9.0,14.0
2025-07-08 17:00:00,1525.0,414.0,35.79999999999927,47.0,105.30000000000291,56.0,488.0,11.599999999998545,13.10000000000582,70.69999999999709,61.80000000000109,53.29999999999927,65.20000000000437,5.0,7.0
2025-07-08 18:00:00,1307.0,328.0,28.5,39.0,87.69999999999709,43.0,438.0,11.0,13.89999999999418,49.0,54.79999999999927,54.400000000001455,71.5,1.0,2.0
2025-07-08 19:00:00,1173.0,288.0,20.700000000000728,33.0,79.5,35.0,381.0,39.200000000004366,14.19999999999709,35.099999999998545,48.899999999999636,56.0,70.09999999999854,0.0,0.0
2025-07-08 20:00:00,1064.0,267.0,17.69999999999891,32.0,73.89999999999418,22.0,335.0,44.299999999995634,14.0,31.30000000000291,47.899999999999636,55.70000000000073,60.19999999999709,0.0,0.0
2025-07-08 21:00:00,939.0,256.0,16.80000000000109,31.0,65.60000000000582,15.0,306.0,25.30000000000291,8.10000000000582,28.400000000001455,45.20000000000073,54.89999999999782,29.400000000001455,0.0,0.0
2025-07-08 22:00:00,870.0,238.0,15.600000000000364,30.0,64.59999999999127,13.0,287.0,10.099999999998545,3.1999999999970896,27.099999999998545,45.399999999999636,56.900000000001455,21.599999999998545,0.0,0.0
2025-07-08 23:00:00,841.0,226.0,16.19999999999891,31.0,62.40000000000873,12.0,277.0,9.900000000001455,3.1999999999970896,27.80000000000291,48.30000000000109,53.0,20.700000000004366,0.0,0.0
2025-07-09 00:00:00,817.0,214.0,15.5,28.0,60.69999999999709,10.0,278.0,9.80000000000291,3.3000000000029104,28.19999999999709,44.69999999999891,57.0,18.799999999995634,0.0,0.0
2025-07-09 01:00:00,792.0,206.0,14.899999999999636,28.0,60.0,13.0,259.0,9.599999999998545,3.3000000000029104,29.69999999999709,43.80000000000109,52.79999999999927,19.80000000000291,0.0,0.0
2025-07-09 02:00:00,770.0,198.0,14.5,26.0,59.39999999999418,12.0,252.0,9.799999999995634,3.3000000000029104,29.700000000004366,43.899999999999636,53.400000000001455,18.599999999998545,0.0,0.0
2025-07-09 03:00:00,760.0,198.0,14.200000000000728,27.0,57.5,10.0,245.0,9.60000000000582,3.2999999999883585,28.69999999999709,43.600000000000364,55.39999999999782,18.69999999999709,0.0,0.0
2025-07-09 04:00:00,750.0,196.0,14.299999999999272,25.0,56.20000000001164,9.0,242.0,9.5,3.1000000000058208,28.200000000004366,43.0,55.10000000000218,20.400000000001455,0.0,0.0
2025-07-09 05:00:00,751.0,195.0,13.800000000001091,26.0,55.89999999999418,9.0,242.0,9.799999999995634,3.0,27.89999999999418,45.69999999999891,53.29999999999927,20.700000000004366,1.0,1.0
2025-07-09 06:00:00,772.0,189.0,13.799999999999272,25.0,54.89999999999418,11.0,243.0,9.400000000001455,1.6999999999970896,24.5,45.899999999999636,54.70000000000073,43.599999999998545,0.0,1.0
2025-07-09 07:00:00,802.0,199.0,14.5,28.0,52.40000000000873,14.0,258.0,10.0,0.3000000000029104,24.200000000004366,45.600000000000364,48.599999999998545,53.900000000001455,3.0,5.0
2025-07-09 08:00:00,1018.0,254.0,20.5,38.0,56.09999999999127,58.0,316.0,9.900000000001455,1.1999999999970896,33.19999999999709,50.30000000000109,49.900000000001455,63.799999999995634,5.0,9.0
2025-07-09 09:00:00,1464.0,364.0,31.700000000000728,56.0,74.20000000001164,185.0,397.0,10.400000000001455,1.6999999999970896,53.5,61.0,46.5,76.0,10.0,15.0
2025-07-09 10:00:00,1637.0,421.0,36.5,79.0,96.89999999999418,121.0,488.0,11.0,0.10000000000582077,74.80000000000291,65.39999999999964,47.099999999998545,81.30000000000291,13.0,20.0
2025-07-09 11:00:00,1676.0,417.0,42.0,77.0,103.5,100.0,513.0,11.099999999998545,0.10000000000582077,81.69999999999709,69.79999999999927,44.20000000000073,84.40000000000146,15.0,23.0
2025-07-09 12:00:00,1653.0,430.0,37.79999999999927,71.0,108.5,63.0,522.0,11.099999999998545,1.2999999999883585,77.90000000000146,69.39999999999964,43.70000000000073,83.69999999999709,14.0,22.0
2025-07-09 13:00:00,1689.0,453.0,37.600000000000364,69.0,113.10000000000582,68.0,530.0,10.900000000001455,1.1000000000058208,74.69999999999709,70.20000000000073,43.599999999998545,83.0,15.0,23.0
2025-07-09 14:00:00,1784.0,459.0,43.20000000000073,80.0,116.29999999998836,95.0,550.0,11.19999999999709,0.39999999999417923,76.90000000000146,89.0,48.29999999999927,76.30000000000291,15.0,23.0
2025-07-09 15:00:00,1704.0,447.0,41.29999999999927,68.0,109.5,93.0,524.0,11.599999999998545,2.8000000000029104,73.5,81.70000000000073,50.20000000000073,66.69999999999709,12.0,19.0
2025-07-09 16:00:00,1636.0,426.0,37.20000000000073,61.0,113.0,84.0,507.0,11.400000000001455,8.0,70.5,73.09999999999854,53.400000000001455,66.40000000000146,9.0,14.0
2025-07-09 17:00:00,1451.0,375.0,29.19999999999891,56.0,96.70000000001164,58.0,474.0,11.400000000001455,11.69999999999709,53.5,59.20000000000073,56.29999999999927,71.59999999999854,5.0,7.0
2025-07-09 18:00:00,1261.0,329.0,26.80000000000109,37.0,91.19999999999709,18.0,418.0,19.69999999999709,14.0,41.400000000001455,54.79999999999927,57.0,71.09999999999854,2.0,2.0
2025-07-09 19:00:00,1163.0,306.0,23.299999999999272,27.0,86.59999999999127,18.0,366.0,44.30000000000291,14.700000000011642,33.19999999999709,53.30000000000109,57.70000000000073,59.400000000001455,0.0,0.0
2025-07-09 20:00:00,1062.0,273.0,18.100000000000364,27.0,78.80000000000291,16.0,328.0,44.5,14.19999999999709,31.10000000000582,51.79999999999927,56.0,57.900000000001455,0.0,0.0
2025-07-09 21:00:00,913.0,244.0,17.100000000000364,25.0,74.40000000000873,13.0,285.0,19.900000000001455,8.89999999999418,27.69999999999709,50.20000000000073,55.89999999999782,33.0,0.0,0.0
2025-07-09 22:00:00,864.0,239.0,16.399999999999636,25.0,69.69999999999709,12.0,283.0,10.0,3.400000000008731,25.80000000000291,49.5,55.70000000000073,20.19999999999709,0.0,0.0
2025-07-09 23:00:00,834.0,223.0,15.5,24.0,65.5,13.0,271.0,11.19999999999709,3.2999999999883585,28.5,49.600000000000364,55.400000000001455,19.200000000004366,0.0,0.0
2025-07-10 00:00:00,805.0,212.0,14.199999999998909,23.0,62.69999999999709,12.0,264.0,9.900000000001455,3.3000000000029104,29.19999999999709,48.5,54.599999999998545,18.69999999999709,0.0,0.0
2025-07-10 01:00:00,787.0,206.0,12.900000000001455,23.0,63.19999999999709,12.0,257.0,9.80000000000291,3.3000000000029104,27.5,48.099999999998545,54.20000000000073,18.30000000000291,0.0,0.0
2025-07-10 02:00:00,752.0,200.0,12.799999999999272,21.0,57.5,11.0,241.0,9.799999999995634,3.3000000000029104,24.400000000001455,47.400000000001455,54.0,19.0,0.0,0.0
2025-07-10 03:00:00,739.0,198.0,12.599999999998545,21.0,57.80000000000291,12.0,235.0,9.700000000004366,3.3999999999941792,23.19999999999709,47.899999999999636,54.599999999998545,17.5,0.0,0.0
2025-07-10 04:00:00,741.0,197.0,12.400000000001455,20.0,56.60000000000582,11.0,238.0,9.69999999999709,3.5,23.0,46.79999999999927,54.5,18.89999999999418,0.0,0.0
2025-07-10 05:00:00,734.0,194.0,12.299999999999272,23.0,54.5,12.0,233.0,9.599999999998545,3.400000000008731,22.30000000000291,46.70000000000073,55.10000000000218,20.10000000000582,0.0,0.0
2025-07-10 06:00:00,766.0,195.0,12.700000000000728,22.0,53.19999999999709,11.0,243.0,9.599999999998545,2.0,22.69999999999709,46.399999999999636,52.69999999999709,39.89999999999418,0.0,2.0
2025-07-10 07:00:00,819.0,217.0,12.900000000001455,26.0,56.39999999999418,12.0,257.0,10.400000000001455,0.29999999998835847,24.200000000004366,47.399999999999636,50.400000000001455,49.80000000000291,2.0,4.0
2025-07-10 08:00:00,1050.0,274.0,14.899999999997817,35.0,59.40000000000873,36.0,337.0,10.5,1.6000000000058208,48.599999999998545,55.20000000000073,48.900000000001455,62.30000000000291,4.0,9.0
2025-07-10 09:00:00,1426.0,373.0,39.400000000001455,49.0,67.59999999999127,87.0,428.0,10.80000000000291,2.1000000000058208,73.09999999999854,64.60000000000036,49.69999999999709,79.79999999999563,9.0,15.0
2025-07-10 10:00:00,1552.0,413.0,43.29999999999927,62.0,83.90000000000873,94.0,456.0,13.19999999999709,2.0,76.30000000000291,70.79999999999927,55.5,79.70000000000437,12.0,19.0
2025-07-10 11:00:00,1584.0,419.0,36.29999999999927,70.0,91.79999999998836,107.0,459.0,15.200000000004366,0.39999999999417923,73.09999999999854,69.60000000000036,54.80000000000291,84.19999999999709,15.0,22.0
2025-07-10 12:00:00,1599.0,432.0,49.29999999999927,69.0,92.70000000001164,75.0,480.0,17.0,1.0,78.29999999999563,67.89999999999964,51.69999999999709,85.09999999999854,14.0,22.0
2025-07-10 13:00:00,1734.0,470.0,49.60000000000218,75.0,107.79999999998836,105.0,494.0,14.19999999999709,0.5,103.60000000000582,74.5,47.900000000001455,80.5,15.0,23.0
2025-07-10 14:00:00,1775.0,475.0,50.099999999998545,73.0,107.30000000000291,125.0,512.0,11.69999999999709,0.39999999999417923,98.09999999999854,85.70000000000073,48.900000000001455,72.40000000000146,14.0,21.0
2025-07-10 15:00:00,1786.0,453.0,50.70000000000073,70.0,118.19999999999709,162.0,507.0,12.5,2.5,94.79999999999563,84.69999999999891,53.29999999999927,67.69999999999709,13.0,19.0
2025-07-10 16:00:00,1642.0,411.0,42.79999999999927,63.0,129.70000000001164,136.0,465.0,11.30000000000291,13.400000000008731,73.10000000000582,74.60000000000036,58.20000000000073,66.20000000000437,5.0,8.0
2025-07-10 17:00:00,1495.0,380.0,34.20000000000073,51.0,122.69999999999709,114.0,423.0,10.599999999998545,15.5,61.39999999999418,61.100000000000364,60.89999999999782,72.5,1.0,3.0
2025-07-10 18:00:00,1291.0,319.0,36.400000000001455,45.0,109.59999999999127,39.0,391.0,10.30000000000291,14.80000000000291,56.200000000004366,59.29999999999927,58.400000000001455,69.5,2.0,2.0
2025-07-10 19:00:00,1161.0,290.0,25.399999999997817,35.0,104.60000000000582,43.0,339.0,10.0,15.0,41.799999999995634,58.20000000000073,57.89999999999782,64.59999999999854,0.0,0.0
2025-07-10 20:00:00,1015.0,258.0,22.799999999999272,28.0,86.89999999999418,23.0,311.0,9.900000000001455,13.19999999999709,28.30000000000291,56.19999999999891,56.80000000000291,54.80000000000291,0.0,0.0
2025-07-10 21:00:00,909.0,236.0,21.400000000001455,26.0,76.40000000000873,14.0,282.0,9.799999999995634,8.599999999991269,26.80000000000291,54.400000000001455,56.39999999999782,36.19999999999709,0.0,0.0
2025-07-10 22:00:00,844.0,220.0,19.400000000001455,23.0,71.5,14.0,270.0,9.80000000000291,3.3000000000029104,26.299999999995634,54.099999999998545,56.400000000001455,20.900000000001455,0.0,0.0
2025-07-10 23:00:00,818.0,213.0,16.69999999999709,23.0,69.39999999999418,14.0,262.0,9.5,3.5,25.400000000001455,51.20000000000073,56.39999999999782,19.799999999995634,0.0,0.0
2025-07-11 00:00:00,783.0,208.0,15.100000000002183,23.0,64.69999999999709,13.0,245.0,9.69999999999709,3.3000000000029104,25.599999999998545,48.899999999999636,56.400000000001455,18.5,0.0,0.0
2025-07-11 01:00:00,763.0,198.0,14.700000000000728,20.0,62.20000000001164,14.0,240.0,9.5,3.6000000000058208,26.80000000000291,47.70000000000073,55.5,19.60000000000582,0.0,0.0
2025-07-11 02:00:00,747.0,195.0,15.099999999998545,19.0,62.19999999999709,13.0,231.0,9.400000000001455,3.599999999991269,28.599999999998545,43.79999999999927,55.400000000001455,18.599999999998545,0.0,0.0
2025-07-11 03:00:00,720.0,189.0,13.099999999998545,20.0,60.0,13.0,224.0,9.599999999998545,3.3000000000029104,22.69999999999709,43.100000000000364,55.19999999999709,18.900000000001455,0.0,0.0
2025-07-11 04:00:00,717.0,185.0,14.200000000000728,19.0,58.59999999999127,13.0,222.0,9.30000000000291,3.3000000000029104,23.10000000000582,43.100000000000364,55.30000000000291,20.5,0.0,0.0
2025-07-11 05:00:00,705.0,186.0,13.600000000002183,20.0,58.70000000001164,15.0,209.0,9.299999999995634,3.1999999999970896,22.799999999995634,42.399999999999636,55.29999999999927,21.099999999998545,0.0,0.0
2025-07-11 06:00:00,743.0,189.0,18.5,20.0,55.79999999998836,14.0,221.0,9.5,1.6999999999970896,24.099999999998545,43.70000000000073,53.89999999999782,42.900000000001455,1.0,1.0
2025-07-11 07:00:00,807.0,204.0,16.5,25.0,55.80000000000291,18.0,247.0,12.200000000004366,0.40000000000873115,26.0,45.399999999999636,50.5,51.5,2.0,5.0
2025-07-11 08:00:00,1016.0,260.0,19.399999999997817,31.0,58.60000000000582,60.0,304.0,13.69999999999709,1.2999999999883585,33.900000000001455,47.5,48.5,61.799999999995634,3.0,10.0
2025-07-11 09:00:00,1357.0,356.0,32.10000000000218,55.0,73.59999999999127,115.0,387.0,13.099999999998545,3.900000000008731,41.200000000004366,64.19999999999891,48.10000000000218,78.30000000000291,8.0,12.0
2025-07-11 10:00:00,1540.0,403.0,31.299999999999272,67.0,91.90000000000873,85.0,457.0,12.700000000004366,4.69999999999709,81.19999999999709,76.60000000000036,47.599999999998545,81.09999999999854,9.0,14.0
2025-07-11 11:00:00,1565.0,416.0,31.899999999997817,56.0,104.80000000000291,61.0,488.0,12.599999999998545,2.6999999999970896,80.90000000000146,78.39999999999964,50.10000000000218,89.69999999999709,11.0,18.0
2025-07-11 12:00:00,1561.0,421.0,34.900000000001455,59.0,103.5,62.0,495.0,14.19999999999709,2.400000000008731,77.90000000000146,74.30000000000109,43.599999999998545,87.40000000000146,14.0,20.0
2025-07-11 13:00:00,1676.0,437.0,44.29999999999927,61.0,114.39999999999418,107.0,507.0,16.900000000001455,2.6999999999970896,72.59999999999854,71.0,48.900000000001455,85.09999999999854,12.0,18.0
2025-07-11 14:00:00,1641.0,432.0,42.79999999999927,66.0,122.19999999999709,78.0,504.0,16.200000000004366,9.0,76.79999999999563,67.0,47.89999999999782,79.40000000000146,7.0,12.0
2025-07-11 15:00:00,1649.0,450.0,46.900000000001455,65.0,116.30000000000291,74.0,506.0,15.5,3.1999999999970896,86.10000000000582,66.79999999999927,49.29999999999927,69.70000000000437,13.0,19.0
2025-07-11 16:00:00,1585.0,419.0,45.099999999998545,53.0,115.30000000000291,65.0,475.0,13.099999999998545,8.89999999999418,86.0,61.70000000000073,52.5,70.69999999999709,8.0,12.0
2025-07-11 17:00:00,1408.0,367.0,31.900000000001455,41.0,94.30000000000291,41.0,432.0,10.69999999999709,12.0,75.69999999999709,60.69999999999891,58.0,76.69999999999709,4.0,7.0
2025-07-11 18:00:00,1199.0,303.0,25.099999999998545,34.0,71.79999999998836,51.0,381.0,9.30000000000291,13.30000000000291,43.0,48.600000000000364,53.5,73.5,1.0,2.0
2025-07-11 19:00:00,1097.0,266.0,24.5,32.0,75.30000000000291,31.0,345.0,9.900000000001455,15.400000000008731,39.0,45.80000000000109,58.70000000000073,64.40000000000146,0.0,0.0
2025-07-11 20:00:00,966.0,227.0,23.0,30.0,76.69999999999709,19.0,301.0,11.89999999999418,15.299999999988358,29.599999999998545,46.399999999999636,54.5,57.80000000000291,0.0,0.0
2025-07-11 21:00:00,841.0,200.0,22.200000000000728,26.0,66.30000000000291,17.0,276.0,9.900000000001455,8.60000000000582,25.30000000000291,47.79999999999927,58.10000000000218,30.19999999999709,0.0,0.0
2025-07-11 22:00:00,785.0,190.0,21.299999999999272,24.0,61.40000000000873,17.0,257.0,9.099999999998545,3.1999999999970896,25.599999999998545,46.0,56.599999999998545,20.400000000001455,0.0,0.0
2025-07-11 23:00:00,760.0,188.0,19.600000000002183,25.0,58.29999999998836,18.0,241.0,8.80000000000291,3.1000000000058208,26.5,45.70000000000073,54.099999999998545,20.5,0.0,0.0
2025-07-12 00:00:00,739.0,180.0,17.200000000000728,22.0,58.10000000000582,17.0,234.0,8.80000000000291,3.099999999991269,27.400000000001455,44.69999999999891,57.0,17.400000000001455,0.0,0.0
2025-07-12 01:00:00,718.0,175.0,15.0,22.0,59.0,16.0,229.0,8.89999999999418,3.2000000000116415,26.0,43.30000000000109,53.5,18.400000000001455,0.0,0.0
2025-07-12 02:00:00,704.0,172.0,15.799999999999272,20.0,54.19999999999709,16.0,223.0,8.400000000001455,3.1999999999970896,24.599999999998545,42.0,57.0,18.599999999998545,0.0,0.0
2025-07-12 03:00:00,684.0,167.0,14.0,20.0,54.10000000000582,16.0,216.0,8.700000000004366,3.0,22.80000000000291,42.399999999999636,53.400000000001455,17.799999999995634,0.0,0.0
2025-07-12 04:00:00,675.0,162.0,13.0,19.0,51.59999999999127,15.0,213.0,8.5,3.099999999991269,23.69999999999709,41.70000000000073,56.0,18.60000000000582,0.0,0.0
2025-07-12 05:00:00,671.0,162.0,13.399999999997817,20.0,50.5,16.0,215.0,8.599999999998545,3.0,20.5,42.0,52.900000000001455,19.0,0.0,0.0
2025-07-12 06:00:00,667.0,162.0,13.200000000000728,21.0,50.60000000000582,15.0,214.0,8.599999999998545,2.3000000000029104,19.19999999999709,41.79999999999927,56.39999999999782,16.5,0.0,0.0
2025-07-12 07:00:00,689.0,173.0,12.799999999999272,21.0,49.80000000000291,16.0,226.0,9.099999999998545,0.40000000000873115,19.200000000004366,44.100000000000364,49.400000000001455,18.0,1.0,3.0
2025-07-12 08:00:00,751.0,190.0,13.700000000000728,24.0,42.5,47.0,240.0,9.700000000004366,0.0,21.69999999999709,45.899999999999636,46.29999999999927,23.099999999998545,2.0,10.0
2025-07-12 09:00:00,787.0,190.0,14.0,23.0,33.80000000000291,53.0,250.0,9.299999999995634,0.0,25.200000000004366,46.70000000000073,47.20000000000073,43.0,11.0,16.0
2025-07-12 10:00:00,862.0,215.0,15.900000000001455,24.0,33.39999999999418,52.0,270.0,9.80000000000291,0.19999999999708962,26.299999999995634,47.0,40.79999999999927,70.29999999999563,11.0,17.0
2025-07-12 11:00:00,857.0,215.0,14.799999999999272,25.0,28.80000000000291,53.0,277.0,10.099999999998545,0.0,26.700000000004366,45.099999999998545,43.20000000000073,62.60000000000582,15.0,22.0
2025-07-12 12:00:00,833.0,221.0,16.200000000000728,27.0,28.09999999999127,21.0,281.0,11.099999999998545,0.0,27.5,46.400000000001455,38.0,62.69999999999709,15.0,24.0
2025-07-12 13:00:00,892.0,237.0,16.399999999997817,27.0,34.30000000000291,20.0,292.0,11.0,0.09999999999126885,31.69999999999709,51.29999999999927,40.70000000000073,73.09999999999854,16.0,24.0
2025-07-12 14:00:00,923.0,237.0,29.400000000001455,30.0,40.40000000000873,16.0,316.0,10.400000000001455,0.9000000000087311,31.400000000001455,48.70000000000073,41.89999999999782,57.5,13.0,19.0
2025-07-12 15:00:00,910.0,229.0,25.099999999998545,27.0,50.19999999999709,17.0,326.0,10.80000000000291,3.1999999999970896,32.900000000001455,52.0,45.900000000001455,26.900000000001455,12.0,18.0
2025-07-12 16:00:00,910.0,218.0,24.200000000000728,25.0,53.19999999999709,16.0,319.0,10.799999999995634,8.0,39.39999999999418,53.69999999999891,49.89999999999782,27.0,9.0,15.0
2025-07-12 17:00:00,872.0,209.0,21.700000000000728,26.0,57.10000000000582,18.0,297.0,11.0,12.10000000000582,28.0,50.30000000000109,49.70000000000073,25.0,6.0,9.0
2025-07-12 18:00:00,827.0,203.0,18.099999999998545,22.0,65.19999999999709,16.0,268.0,10.400000000001455,15.0,24.700000000004366,47.399999999999636,54.20000000000073,21.80000000000291,1.0,2.0
2025-07-12 19:00:00,807.0,201.0,16.700000000000728,22.0,69.69999999999709,17.0,261.0,9.80000000000291,3.2999999999883585,24.5,46.19999999999891,55.099999999998545,24.5,0.0,0.0
2025-07-12 20:00:00,797.0,193.0,20.5,23.0,67.89999999999418,17.0,252.0,9.299999999995634,3.3000000000029104,19.5,48.400000000001455,59.400000000001455,24.19999999999709,0.0,0.0
2025-07-12 21:00:00,779.0,190.0,19.100000000002183,26.0,66.20000000001164,18.0,248.0,9.400000000001455,3.400000000008731,22.900000000001455,46.0,53.5,22.0,0.0,0.0
2025-07-12 22:00:00,778.0,186.0,18.799999999999272,25.0,64.0,17.0,253.0,9.599999999998545,3.3999999999941792,27.599999999998545,44.19999999999891,58.099999999998545,19.900000000001455,0.0,0.0
2025-07-12 23:00:00,755.0,175.0,17.399999999997817,24.0,62.59999999999127,17.0,248.0,9.200000000004366,3.1999999999970896,28.19999999999709,44.70000000000073,53.20000000000073,20.0,0.0,0.0
2025-07-13 00:00:00,733.0,173.0,18.5,21.0,57.90000000000873,18.0,231.0,9.39999999999418,3.1000000000058208,27.700000000004366,44.19999999999891,57.400000000001455,18.799999999995634,0.0,0.0
2025-07-13 01:00:00,711.0,170.0,16.30000000000291,20.0,57.0,16.0,222.0,9.30000000000291,3.1999999999970896,25.89999999999418,46.400000000001455,53.89999999999782,19.80000000000291,0.0,0.0
2025-07-13 02:00:00,703.0,171.0,15.099999999998545,21.0,56.0,15.0,218.0,9.099999999998545,3.1999999999970896,22.900000000001455,45.69999999999891,55.900000000001455,20.69999999999709,0.0,0.0
2025-07-13 03:00:00,691.0,168.0,14.200000000000728,21.0,56.19999999999709,15.0,216.0,9.30000000000291,3.0,21.900000000001455,43.100000000000364,55.400000000001455,19.60000000000582,0.0,0.0
2025-07-13 04:00:00,689.0,167.0,13.899999999997817,21.0,55.69999999999709,14.0,215.0,9.099999999998545,3.1999999999970896,22.19999999999709,41.899999999999636,54.29999999999927,20.099999999998545,0.0,0.0
2025-07-13 05:00:00,678.0,165.0,14.200000000000728,22.0,53.0,15.0,210.0,9.19999999999709,3.0,21.900000000001455,41.5,57.099999999998545,19.69999999999709,0.0,0.0
2025-07-13 06:00:00,682.0,168.0,14.0,23.0,53.80000000000291,15.0,212.0,9.5,1.8000000000029104,22.099999999998545,43.0,51.70000000000073,17.700000000004366,1.0,1.0
2025-07-13 07:00:00,689.0,172.0,13.900000000001455,23.0,50.30000000000291,15.0,220.0,9.60000000000582,0.0,21.5,44.899999999999636,52.400000000001455,19.19999999999709,1.0,4.0
2025-07-13 08:00:00,687.0,174.0,14.099999999998545,23.0,42.79999999998836,16.0,225.0,9.5,0.0,24.30000000000291,43.20000000000073,47.69999999999709,20.599999999998545,4.0,7.0
2025-07-13 09:00:00,692.0,174.0,13.799999999999272,23.0,33.0,15.0,247.0,10.0,0.0,24.30000000000291,43.29999999999927,47.60000000000218,19.80000000000291,10.0,15.0
2025-07-13 10:00:00,735.0,183.0,15.700000000000728,23.0,41.80000000000291,16.0,249.0,9.799999999995634,3.6999999999970896,24.19999999999709,44.600000000000364,47.89999999999782,21.900000000001455,6.0,10.0
2025-07-13 11:00:00,754.0,190.0,15.700000000000728,24.0,40.60000000000582,15.0,262.0,9.700000000004366,2.6000000000058208,25.5,46.5,44.0,21.799999999995634,10.0,15.0
2025-07-13 12:00:00,769.0,207.0,19.200000000000728,26.0,36.0,15.0,266.0,11.0,0.5,23.80000000000291,45.0,44.10000000000218,20.5,13.0,20.0
2025-07-13 13:00:00,794.0,203.0,24.0,25.0,41.59999999999127,13.0,275.0,10.39999999999418,1.5,27.799999999995634,46.399999999999636,48.20000000000073,21.900000000001455,13.0,20.0
2025-07-13 14:00:00,824.0,204.0,22.099999999998545,25.0,46.5,11.0,293.0,10.60000000000582,2.6000000000058208,31.599999999998545,48.5,46.39999999999782,21.900000000001455,10.0,16.0
2025-07-13 15:00:00,841.0,208.0,20.400000000001455,26.0,55.10000000000582,12.0,294.0,9.69999999999709,8.0,35.700000000004366,44.30000000000109,47.29999999999927,21.19999999999709,6.0,9.0
2025-07-13 16:00:00,843.0,207.0,19.599999999998545,24.0,58.60000000000582,14.0,287.0,9.900000000001455,11.5,28.099999999998545,43.600000000000364,52.5,22.700000000004366,3.0,6.0
2025-07-13 17:00:00,827.0,205.0,17.5,24.0,63.79999999998836,15.0,268.0,9.599999999998545,15.0,28.80000000000291,43.69999999999891,52.30000000000291,21.69999999999709,1.0,0.0
2025-07-13 18:00:00,798.0,194.0,16.299999999999272,23.0,62.80000000000291,16.0,260.0,9.30000000000291,14.799999999988358,23.69999999999709,46.0,56.89999999999782,19.69999999999709,0.0,0.0
2025-07-13 19:00:00,770.0,185.0,15.900000000001455,21.0,65.69999999999709,17.0,255.0,9.19999999999709,3.2000000000116415,23.30000000000291,46.0,52.5,21.30000000000291,0.0,0.0
2025-07-13 20:00:00,751.0,178.0,15.400000000001455,20.0,62.5,20.0,249.0,9.400000000001455,3.1999999999970896,19.39999999999418,44.80000000000109,57.0,21.599999999998545,0.0,0.0
2025-07-13 21:00:00,748.0,182.0,15.299999999999272,20.0,63.60000000000582,17.0,247.0,9.099999999998545,3.5,21.700000000004366,44.19999999999891,51.5,19.900000000001455,0.0,0.0
2025-07-13 22:00:00,736.0,173.0,16.399999999997817,20.0,59.60000000000582,18.0,243.0,9.19999999999709,3.099999999991269,22.299999999995634,42.80000000000109,56.60000000000218,20.19999999999709,0.0,0.0
2025-07-13 23:00:00,727.0,171.0,16.400000000001455,21.0,58.19999999999709,16.0,242.0,9.200000000004366,3.1000000000058208,22.60000000000582,42.79999999999927,51.89999999999782,21.200000000004366,0.0,0.0
2025-07-14 00:00:00,709.0,167.0,16.099999999998545,20.0,55.19999999999709,16.0,234.0,8.900000000001455,3.1000000000058208,22.5,42.399999999999636,55.10000000000218,18.799999999995634,0.0,0.0
2025-07-14 01:00:00,702.0,166.0,15.30000000000291,20.0,54.60000000000582,17.0,228.0,9.0,3.099999999991269,22.099999999998545,42.20000000000073,54.39999999999782,21.0,0.0,0.0
2025-07-14 02:00:00,679.0,159.0,15.19999999999709,18.0,52.39999999999418,13.0,225.0,8.89999999999418,3.1000000000058208,21.0,41.69999999999891,52.29999999999927,19.700000000004366,0.0,0.0
2025-07-14 03:00:00,678.0,158.0,14.600000000002183,19.0,52.39999999999418,14.0,222.0,8.80000000000291,3.0,20.400000000001455,42.0,56.70000000000073,20.400000000001455,0.0,0.0
2025-07-14 04:00:00,669.0,158.0,14.0,19.0,51.5,12.0,218.0,9.0,3.099999999991269,21.5,40.70000000000073,54.29999999999927,21.099999999998545,0.0,0.0
2025-07-14 05:00:00,667.0,154.0,14.200000000000728,18.0,51.90000000000873,13.0,220.0,8.69999999999709,2.6000000000058208,20.299999999995634,41.600000000000364,54.60000000000218,21.299999999995634,0.0,1.0
2025-07-14 06:00:00,686.0,153.0,14.399999999997817,17.0,50.39999999999418,12.0,216.0,8.700000000004366,3.1000000000058208,20.099999999998545,41.100000000000364,52.0,46.60000000000582,0.0,0.0
2025-07-14 07:00:00,714.0,165.0,14.299999999999272,20.0,49.19999999999709,12.0,224.0,8.900000000001455,2.599999999991269,19.400000000001455,40.79999999999927,51.79999999999927,56.299999999995634,1.0,1.0
2025-07-14 08:00:00,861.0,203.0,18.0,24.0,55.60000000000582,31.0,267.0,8.599999999998545,7.0,24.0,43.899999999999636,52.0,65.70000000000437,1.0,1.0
2025-07-14 09:00:00,1166.0,283.0,28.30000000000291,33.0,63.80000000000291,67.0,356.0,8.900000000001455,13.19999999999709,42.099999999998545,54.30000000000109,57.5,80.19999999999709,1.0,2.0
2025-07-14 10:00:00,1408.0,353.0,35.099999999998545,52.0,81.89999999999418,88.0,417.0,12.799999999995634,16.40000000000873,69.90000000000146,62.5,57.099999999998545,78.69999999999709,1.0,2.0
2025-07-14 11:00:00,1434.0,376.0,30.599999999998545,55.0,81.5,65.0,449.0,11.599999999998545,12.89999999999418,69.0,64.5,52.80000000000291,87.70000000000437,4.0,5.0
2025-07-14 12:00:00,1390.0,365.0,37.80000000000291,50.0,74.30000000000291,39.0,458.0,9.0,7.69999999999709,65.90000000000146,70.19999999999891,46.79999999999927,85.19999999999709,6.0,11.0
2025-07-14 13:00:00,1467.0,357.0,35.39999999999782,52.0,88.5,88.0,464.0,8.400000000001455,11.10000000000582,74.69999999999709,71.0,51.20000000000073,85.70000000000437,6.0,9.0
2025-07-14 14:00:00,1434.0,354.0,31.799999999999272,52.0,94.39999999999418,81.0,454.0,9.099999999998545,8.80000000000291,72.90000000000146,67.89999999999964,46.5,79.0,8.0,12.0
2025-07-14 15:00:00,1450.0,365.0,29.700000000000728,53.0,89.40000000000873,91.0,470.0,13.0,7.69999999999709,69.30000000000291,62.79999999999927,45.89999999999782,68.69999999999709,10.0,15.0
2025-07-14 16:00:00,1398.0,349.0,28.600000000002183,48.0,90.0,84.0,452.0,10.400000000001455,13.5,60.599999999998545,61.60000000000218,52.20000000000073,70.5,5.0,9.0
2025-07-14 17:00:00,1274.0,324.0,25.0,44.0,69.0,71.0,413.0,9.5,14.19999999999709,58.599999999998545,55.29999999999927,48.70000000000073,66.80000000000291,6.0,9.0
2025-07-14 18:00:00,1139.0,284.0,20.099999999998545,35.0,64.09999999999127,48.0,377.0,8.80000000000291,16.40000000000873,42.900000000001455,49.0,53.099999999998545,73.69999999999709,2.0,3.0
2025-07-14 19:00:00,989.0,243.0,21.900000000001455,30.0,62.20000000001164,22.0,323.0,8.400000000001455,14.19999999999709,35.5,47.5,55.0,68.90000000000146,0.0,0.0
2025-07-14 20:00:00,878.0,215.0,17.69999999999709,26.0,57.89999999999418,21.0,288.0,7.899999999994179,15.39999999999418,30.900000000001455,45.099999999998545,51.0,50.900000000001455,0.0,0.0
2025-07-14 21:00:00,797.0,198.0,16.600000000002183,25.0,52.19999999999709,17.0,262.0,8.0,10.10000000000582,25.299999999995634,45.900000000001455,54.5,29.69999999999709,0.0,0.0
2025-07-14 22:00:00,735.0,189.0,16.599999999998545,26.0,51.90000000000873,16.0,232.0,8.0,3.3999999999941792,24.200000000004366,45.599999999998545,52.20000000000073,19.400000000001455,0.0,0.0
2025-07-14 23:00:00,709.0,179.0,16.799999999999272,26.0,51.29999999998836,14.0,222.0,7.80000000000291,3.400000000008731,23.099999999998545,45.30000000000291,52.5,18.69999999999709,0.0,0.0
2025-07-15 00:00:00,689.0,173.0,15.5,21.0,49.40000000000873,16.0,216.0,7.69999999999709,3.0,24.099999999998545,44.19999999999709,54.29999999999927,16.599999999998545,0.0,0.0
2025-07-15 01:00:00,679.0,171.0,15.400000000001455,20.0,50.39999999999418,14.0,210.0,7.80000000000291,3.2999999999883585,22.599999999998545,46.900000000001455,50.900000000001455,18.10000000000582,0.0,0.0
2025-07-15 02:00:00,676.0,167.0,14.299999999999272,18.0,50.30000000000291,14.0,216.0,7.400000000001455,3.1000000000058208,21.400000000001455,45.0,54.20000000000073,17.299999999995634,0.0,0.0
2025-07-15 03:00:00,659.0,166.0,15.100000000002183,19.0,48.80000000000291,14.0,204.0,7.799999999995634,3.1000000000058208,21.200000000004366,44.599999999998545,52.099999999998545,17.200000000004366,0.0,0.0
2025-07-15 04:00:00,658.0,166.0,14.299999999999272,19.0,48.5,14.0,202.0,7.600000000005821,3.1999999999970896,21.39999999999418,44.5,54.29999999999927,18.799999999995634,0.0,0.0
2025-07-15 05:00:00,652.0,165.0,13.099999999998545,19.0,48.80000000000291,14.0,197.0,7.599999999998545,3.099999999991269,19.5,45.60000000000218,53.20000000000073,19.700000000004366,0.0,0.0
2025-07-15 06:00:00,676.0,167.0,13.700000000000728,19.0,46.69999999999709,13.0,203.0,7.799999999995634,2.400000000008731,19.400000000001455,45.20000000000073,51.0,43.39999999999418,0.0,0.0
2025-07-15 07:00:00,714.0,181.0,13.200000000000728,19.0,45.80000000000291,14.0,218.0,8.5,0.6999999999970896,20.599999999998545,44.39999999999782,50.79999999999927,49.900000000001455,2.0,4.0
2025-07-15 08:00:00,874.0,215.0,13.599999999998545,27.0,44.5,34.0,275.0,9.10000000000582,1.6000000000058208,35.30000000000291,49.10000000000218,45.79999999999927,62.30000000000291,3.0,10.0
2025-07-15 09:00:00,1112.0,294.0,21.0,37.0,38.89999999999418,65.0,338.0,8.0,1.5,48.19999999999709,56.89999999999782,44.60000000000218,78.09999999999854,9.0,15.0
2025-07-15 10:00:00,1348.0,363.0,32.20000000000073,50.0,64.0,77.0,400.0,9.39999999999418,1.1999999999970896,61.30000000000291,61.79999999999927,49.79999999999927,76.59999999999854,13.0,20.0
2025-07-15 11:00:00,1460.0,365.0,33.20000000000073,48.0,99.10000000000582,82.0,430.0,10.30000000000291,4.5,68.30000000000291,61.30000000000291,52.20000000000073,88.0,10.0,15.0
2025-07-15 12:00:00,1375.0,349.0,34.5,51.0,85.0,55.0,434.0,11.599999999998545,0.0,59.299999999995634,58.69999999999709,42.5,82.90000000000146,17.0,25.0
2025-07-15 13:00:00,1499.0,366.0,37.599999999998545,67.0,87.39999999999418,98.0,456.0,11.30000000000291,1.0,59.5,61.20000000000073,46.89999999999782,83.5,16.0,24.0
2025-07-15 14:00:00,1533.0,385.0,39.70000000000073,66.0,91.5,92.0,457.0,11.900000000001455,3.1999999999970896,70.80000000000291,63.900000000001455,47.10000000000218,74.30000000000291,13.0,21.0
2025-07-15 15:00:00,1482.0,391.0,32.599999999998545,63.0,93.19999999999709,77.0,440.0,11.89999999999418,4.19999999999709,75.09999999999854,60.20000000000073,46.70000000000073,68.0,13.0,19.0
2025-07-15 16:00:00,1438.0,372.0,28.200000000000728,55.0,97.19999999999709,59.0,439.0,10.5,12.900000000008731,74.0,63.099999999998545,55.29999999999927,66.29999999999563,6.0,10.0
2025-07-15 17:00:00,1275.0,330.0,23.200000000000728,45.0,89.40000000000873,49.0,392.0,10.30000000000291,14.89999999999418,56.0,54.599999999998545,58.79999999999927,65.80000000000291,2.0,3.0
2025-07-15 18:00:00,1123.0,259.0,18.900000000001455,40.0,80.39999999999418,27.0,378.0,9.69999999999709,16.39999999999418,42.5,49.10000000000218,56.79999999999927,75.59999999999854,0.0,0.0
2025-07-15 19:00:00,1057.0,240.0,18.399999999997817,33.0,73.30000000000291,19.0,344.0,39.200000000004366,17.5,29.599999999998545,47.79999999999927,58.79999999999927,68.5,0.0,0.0
2025-07-15 20:00:00,986.0,229.0,16.900000000001455,30.0,72.80000000000291,18.0,312.0,43.599999999998545,15.80000000000291,27.0,45.20000000000073,57.70000000000073,58.30000000000291,0.0,0.0
2025-07-15 21:00:00,870.0,217.0,14.099999999998545,25.0,71.0,15.0,294.0,11.0,9.900000000008731,25.900000000001455,44.79999999999927,56.70000000000073,31.099999999998545,0.0,0.0
2025-07-15 22:00:00,810.0,200.0,13.400000000001455,25.0,63.5,15.0,280.0,9.0,5.0,22.80000000000291,45.099999999998545,56.29999999999927,21.099999999998545,0.0,0.0
2025-07-15 23:00:00,759.0,189.0,12.200000000000728,23.0,58.30000000000291,16.0,256.0,8.80000000000291,4.7999999999883585,21.39999999999418,44.30000000000291,56.0,19.80000000000291,0.0,0.0
2025-07-16 00:00:00,744.0,185.0,13.799999999999272,23.0,56.5,16.0,247.0,8.5,4.80000000000291,22.400000000001455,43.099999999998545,56.10000000000218,18.89999999999418,0.0,0.0
2025-07-16 01:00:00,723.0,177.0,13.5,20.0,55.39999999999418,15.0,238.0,10.69999999999709,5.0,24.30000000000291,42.70000000000073,55.0,19.200000000004366,0.0,0.0
2025-07-16 02:00:00,706.0,173.0,14.099999999998545,20.0,52.89999999999418,17.0,229.0,9.599999999998545,4.80000000000291,24.19999999999709,42.39999999999782,54.39999999999782,18.900000000001455,0.0,0.0
2025-07-16 03:00:00,685.0,165.0,14.799999999999272,21.0,52.40000000000873,16.0,218.0,8.599999999998545,4.69999999999709,22.400000000001455,42.20000000000073,55.10000000000218,18.89999999999418,0.0,0.0
2025-07-16 04:00:00,686.0,166.0,14.80000000000291,19.0,51.89999999999418,15.0,218.0,8.0,4.600000000005821,21.19999999999709,43.0,55.29999999999927,20.0,0.0,0.0
2025-07-16 05:00:00,680.0,164.0,14.5,20.0,51.60000000000582,15.0,217.0,8.5,4.399999999994179,20.80000000000291,41.400000000001455,54.70000000000073,21.400000000001455,0.0,0.0
2025-07-16 06:00:00,713.0,179.0,13.299999999999272,20.0,52.59999999999127,15.0,217.0,7.900000000001455,3.900000000008731,20.900000000001455,41.89999999999782,53.599999999998545,42.80000000000291,1.0,1.0
2025-07-16 07:00:00,748.0,181.0,14.399999999997817,20.0,52.80000000000291,10.0,234.0,9.400000000001455,1.5999999999912689,21.69999999999709,42.80000000000291,50.29999999999927,54.299999999995634,0.0,3.0
2025-07-16 08:00:00,905.0,217.0,18.80000000000291,28.0,49.30000000000291,29.0,300.0,9.099999999998545,3.400000000008731,29.700000000004366,44.69999999999709,48.10000000000218,65.80000000000291,4.0,10.0
2025-07-16 09:00:00,1207.0,295.0,24.5,36.0,49.5,83.0,376.0,9.900000000001455,2.599999999991269,45.0,60.30000000000291,47.0,78.30000000000291,10.0,16.0
2025-07-16 10:00:00,1407.0,355.0,28.5,62.0,81.30000000000291,79.0,417.0,13.900000000001455,3.6999999999970896,49.599999999998545,77.29999999999927,46.599999999998545,76.69999999999709,13.0,20.0
2025-07-16 11:00:00,1413.0,355.0,23.399999999997817,56.0,85.30000000000291,73.0,438.0,13.400000000001455,0.7000000000116415,47.799999999995634,79.20000000000073,41.79999999999927,85.19999999999709,16.0,25.0
2025-07-16 12:00:00,1456.0,360.0,26.100000000002183,58.0,91.0,79.0,467.0,11.69999999999709,3.099999999991269,51.60000000000582,65.39999999999782,44.20000000000073,79.20000000000437,15.0,23.0
2025-07-16 13:00:00,1551.0,379.0,28.0,61.0,97.5,71.0,487.0,11.19999999999709,7.19999999999709,75.09999999999854,67.79999999999927,48.79999999999927,81.09999999999854,12.0,18.0
2025-07-16 14:00:00,1567.0,395.0,29.799999999999272,62.0,91.29999999998836,75.0,504.0,12.700000000004366,3.400000000008731,72.90000000000146,72.30000000000291,46.60000000000218,72.19999999999709,15.0,23.0
2025-07-16 15:00:00,1596.0,398.0,30.099999999998545,62.0,103.60000000000582,92.0,515.0,12.5,9.80000000000291,65.59999999999854,72.69999999999709,55.79999999999927,67.90000000000146,11.0,16.0
2025-07-16 16:00:00,1468.0,388.0,30.100000000002183,49.0,96.39999999999418,69.0,479.0,11.0,14.89999999999418,46.5,67.90000000000146,51.79999999999927,65.20000000000437,5.0,8.0
2025-07-16 17:00:00,1320.0,351.0,24.0,42.0,90.70000000001164,55.0,428.0,9.5,19.0,39.400000000001455,50.599999999998545,58.20000000000073,72.5,0.0,0.0
2025-07-16 18:00:00,1126.0,284.0,22.299999999999272,39.0,77.89999999999418,39.0,362.0,9.19999999999709,17.89999999999418,33.099999999998545,46.5,52.599999999998545,71.79999999999563,0.0,0.0
2025-07-16 19:00:00,1052.0,245.0,21.0,32.0,74.89999999999418,35.0,333.0,38.400000000001455,17.60000000000582,29.900000000001455,46.80000000000291,55.10000000000218,60.30000000000291,0.0,0.0
2025-07-16 20:00:00,985.0,219.0,21.200000000000728,33.0,72.5,28.0,304.0,43.19999999999709,17.19999999999709,28.099999999998545,45.599999999998545,55.69999999999709,59.599999999998545,0.0,0.0
2025-07-16 21:00:00,900.0,210.0,20.799999999999272,31.0,67.60000000000582,16.0,294.0,31.80000000000291,10.10000000000582,29.400000000001455,46.099999999998545,53.70000000000073,31.099999999998545,0.0,0.0
2025-07-16 22:00:00,834.0,204.0,18.799999999999272,25.0,64.89999999999418,16.0,286.0,9.0,3.5,28.5,45.0,57.5,19.900000000001455,0.0,0.0
2025-07-16 23:00:00,815.0,203.0,15.700000000000728,24.0,65.20000000001164,15.0,282.0,9.0,3.1999999999970896,28.599999999998545,43.20000000000073,53.5,19.0,0.0,0.0
2025-07-17 00:00:00,778.0,191.0,14.899999999997817,20.0,61.79999999998836,14.0,269.0,8.599999999998545,3.3000000000029104,27.69999999999709,42.79999999999927,56.900000000001455,17.30000000000291,0.0,0.0
2025-07-17 01:00:00,761.0,184.0,15.0,21.0,60.70000000001164,13.0,259.0,8.900000000001455,3.3000000000029104,28.400000000001455,43.0,53.099999999998545,18.099999999998545,0.0,0.0
2025-07-17 02:00:00,734.0,182.0,12.100000000002183,20.0,58.19999999999709,12.0,248.0,8.69999999999709,3.1999999999970896,26.69999999999709,42.0,53.10000000000218,19.799999999995634,0.0,0.0
2025-07-17 03:00:00,716.0,179.0,13.5,20.0,57.5,12.0,230.0,8.60000000000582,3.1999999999970896,24.900000000001455,42.10000000000218,56.599999999998545,17.5,0.0,0.0
2025-07-17 04:00:00,716.0,179.0,13.0,20.0,58.09999999999127,13.0,229.0,8.89999999999418,3.1999999999970896,25.5,42.20000000000073,54.599999999998545,19.30000000000291,0.0,0.0
2025-07-17 05:00:00,709.0,180.0,13.0,20.0,56.70000000001164,12.0,228.0,8.5,2.8000000000029104,23.5,41.89999999999782,52.900000000001455,19.900000000001455,0.0,1.0
2025-07-17 06:00:00,754.0,186.0,12.599999999998545,20.0,59.89999999999418,12.0,240.0,8.80000000000291,2.1999999999970896,23.700000000004366,42.29999999999927,51.900000000001455,41.099999999998545,1.0,1.0
2025-07-17 07:00:00,806.0,196.0,13.299999999999272,21.0,61.5,16.0,255.0,9.599999999998545,0.6999999999970896,28.799999999995634,43.30000000000291,51.5,53.099999999998545,1.0,3.0
2025-07-17 08:00:00,988.0,238.0,16.5,31.0,60.10000000000582,44.0,309.0,9.599999999998545,1.4000000000087311,51.700000000004366,48.69999999999709,45.599999999998545,63.200000000004366,3.0,10.0
2025-07-17 09:00:00,1281.0,304.0,25.400000000001455,43.0,73.29999999998836,91.0,382.0,9.900000000001455,1.1999999999970896,71.09999999999854,57.20000000000073,49.400000000001455,78.19999999999709,10.0,16.0
2025-07-17 10:00:00,1437.0,354.0,26.700000000000728,52.0,86.40000000000873,123.0,441.0,13.599999999998545,0.39999999999417923,68.0,55.79999999999927,44.099999999998545,78.5,13.0,20.0
2025-07-17 11:00:00,1480.0,369.0,24.299999999999272,54.0,89.09999999999127,104.0,459.0,12.30000000000291,0.9000000000087311,65.69999999999709,62.5,45.0,87.0,15.0,23.0
2025-07-17 12:00:00,1430.0,349.0,42.70000000000073,62.0,79.30000000000291,39.0,478.0,12.80000000000291,0.0,62.200000000004366,63.0,44.099999999998545,87.40000000000146,16.0,24.0
2025-07-17 13:00:00,1543.0,384.0,45.39999999999782,61.0,79.5,55.0,504.0,14.19999999999709,0.09999999999126885,87.0,64.90000000000146,44.20000000000073,86.19999999999709,16.0,25.0
2025-07-17 14:00:00,1559.0,385.0,41.0,60.0,91.60000000000582,59.0,513.0,15.900000000001455,0.40000000000873115,78.5,67.20000000000073,47.900000000001455,79.20000000000437,15.0,23.0
2025-07-17 15:00:00,1523.0,365.0,38.5,55.0,90.30000000000291,84.0,509.0,14.5,4.0,71.09999999999854,68.5,45.599999999998545,71.29999999999563,13.0,20.0
2025-07-17 16:00:00,1458.0,363.0,29.700000000000728,50.0,90.0,84.0,482.0,14.599999999998545,11.0,56.400000000001455,67.29999999999927,52.70000000000073,67.5,9.0,13.0
2025-07-17 17:00:00,1297.0,321.0,22.400000000001455,37.0,84.69999999999709,76.0,419.0,11.599999999998545,16.0,45.69999999999709,57.20000000000073,56.5,72.90000000000146,2.0,3.0
2025-07-17 18:00:00,1130.0,273.0,21.899999999997817,28.0,74.30000000000291,47.0,383.0,10.099999999998545,16.69999999999709,32.30000000000291,48.39999999999782,54.400000000001455,67.59999999999854,0.0,0.0
2025-07-17 19:00:00,1023.0,249.0,19.400000000001455,22.0,69.5,44.0,328.0,9.900000000001455,16.0,29.89999999999418,46.20000000000073,57.5,67.20000000000437,0.0,0.0
2025-07-17 20:00:00,919.0,217.0,18.400000000001455,23.0,65.19999999999709,30.0,295.0,9.80000000000291,15.60000000000582,31.700000000004366,43.900000000001455,56.0,57.099999999998545,0.0,0.0
2025-07-17 21:00:00,840.0,218.0,15.399999999997817,21.0,65.09999999999127,15.0,274.0,9.900000000001455,9.299999999988358,30.69999999999709,43.29999999999927,53.19999999999709,29.900000000001455,0.0,0.0
2025-07-17 22:00:00,799.0,209.0,14.700000000000728,20.0,63.10000000000582,16.0,264.0,9.5,4.100000000005821,26.80000000000291,43.0,55.80000000000291,19.69999999999709,0.0,0.0
2025-07-17 23:00:00,769.0,194.0,14.200000000000728,21.0,63.19999999999709,20.0,249.0,9.599999999998545,3.8999999999941792,26.900000000001455,42.29999999999927,53.400000000001455,20.0,0.0,0.0
2025-07-18 00:00:00,750.0,189.0,13.5,22.0,59.30000000000291,21.0,245.0,9.5,4.2000000000116415,24.799999999995634,42.29999999999927,53.5,17.19999999999709,0.0,0.0
2025-07-18 01:00:00,719.0,180.0,12.5,21.0,57.60000000000582,15.0,230.0,9.5,4.5,23.099999999998545,42.30000000000291,54.599999999998545,18.60000000000582,0.0,0.0
2025-07-18 02:00:00,707.0,182.0,13.200000000000728,17.0,57.39999999999418,15.0,223.0,9.400000000001455,3.8999999999941792,23.400000000001455,42.099999999998545,51.900000000001455,18.69999999999709,0.0,0.0
2025-07-18 03:00:00,698.0,180.0,13.5,19.0,56.89999999999418,15.0,215.0,8.5,3.3999999999941792,23.900000000001455,41.79999999999927,55.39999999999418,17.5,0.0,0.0
2025-07-18 04:00:00,689.0,179.0,13.19999999999709,18.0,56.60000000000582,15.0,211.0,9.39999999999418,3.3000000000029104,21.80000000000291,42.400000000001455,52.10000000000582,20.599999999998545,0.0,0.0
2025-07-18 05:00:00,697.0,187.0,13.5,18.0,56.0,15.0,208.0,9.5,3.1999999999970896,21.299999999995634,42.0,55.5,20.0,0.0,1.0
2025-07-18 06:00:00,715.0,183.0,12.700000000000728,17.0,53.5,15.0,214.0,8.400000000001455,2.2000000000116415,20.400000000001455,41.39999999999782,53.69999999999709,47.200000000004366,0.0,0.0
2025-07-18 07:00:00,739.0,181.0,14.0,20.0,53.30000000000291,16.0,234.0,9.5,0.8999999999941792,21.69999999999709,41.70000000000073,48.900000000001455,49.89999999999418,2.0,3.0
2025-07-18 08:00:00,912.0,215.0,14.299999999999272,25.0,57.30000000000291,48.0,280.0,9.700000000004366,5.399999999994179,28.400000000001455,45.10000000000218,53.0,64.5,2.0,4.0
2025-07-18 09:00:00,1154.0,290.0,15.0,32.0,69.0,81.0,345.0,8.89999999999418,15.80000000000291,36.400000000001455,49.099999999998545,51.5,74.80000000000291,2.0,2.0
2025-07-18 10:00:00,1315.0,331.0,21.700000000000728,48.0,78.5,67.0,404.0,10.10000000000582,15.60000000000582,68.09999999999854,50.20000000000073,57.099999999998545,75.69999999999709,3.0,5.0
2025-07-18 11:00:00,1320.0,349.0,22.299999999999272,44.0,83.89999999999418,51.0,411.0,9.69999999999709,13.5,63.700000000004366,57.39999999999782,53.69999999999709,84.70000000000437,3.0,5.0
2025-07-18 12:00:00,1361.0,359.0,27.200000000000728,40.0,84.89999999999418,76.0,428.0,9.69999999999709,11.30000000000291,52.0,59.70000000000073,51.200000000004366,83.19999999999709,5.0,8.0
2025-07-18 13:00:00,1463.0,346.0,30.600000000002183,43.0,87.80000000000291,127.0,455.0,10.200000000004366,10.89999999999418,59.19999999999709,73.90000000000146,50.799999999995634,81.59999999999854,5.0,8.0
2025-07-18 14:00:00,1430.0,355.0,28.599999999998545,45.0,96.5,102.0,435.0,10.900000000001455,14.60000000000582,57.5,77.79999999999927,54.30000000000291,73.30000000000291,3.0,5.0
2025-07-18 15:00:00,1374.0,362.0,27.799999999999272,44.0,90.10000000000582,82.0,410.0,10.39999999999418,17.5,69.0,61.5,55.900000000001455,69.90000000000146,2.0,2.0
2025-07-18 16:00:00,1239.0,329.0,25.700000000000728,38.0,88.19999999999709,38.0,385.0,10.0,19.19999999999709,57.5,52.0,56.400000000001455,66.0,1.0,2.0
2025-07-18 17:00:00,1154.0,297.0,22.299999999999272,37.0,71.19999999999709,48.0,361.0,9.0,17.19999999999709,45.099999999998545,51.400000000001455,55.799999999995634,72.0,0.0,0.0
2025-07-18 18:00:00,996.0,230.0,18.0,27.0,58.0,47.0,337.0,8.700000000004366,16.30000000000291,28.400000000001455,51.0,54.700000000004366,64.90000000000146,0.0,0.0
2025-07-18 19:00:00,922.0,221.0,17.200000000000728,24.0,56.69999999999709,15.0,316.0,8.599999999998545,16.59999999999127,25.19999999999709,50.69999999999709,55.099999999998545,62.89999999999418,0.0,0.0
2025-07-18 20:00:00,854.0,204.0,15.0,23.0,54.5,14.0,287.0,8.80000000000291,15.900000000008731,25.0,49.400000000001455,55.400000000001455,50.900000000001455,0.0,0.0
2025-07-18 21:00:00,786.0,188.0,15.5,25.0,55.10000000000582,11.0,268.0,8.799999999995634,9.30000000000291,23.700000000004366,50.0,55.299999999995634,27.200000000004366,0.0,0.0
2025-07-18 22:00:00,741.0,180.0,14.5,23.0,53.89999999999418,11.0,253.0,8.599999999998545,3.2999999999883585,22.0,49.0,55.0,17.599999999998545,0.0,0.0
2025-07-18 23:00:00,718.0,176.0,13.599999999998545,24.0,49.60000000000582,11.0,243.0,8.60000000000582,3.1000000000058208,22.0,47.79999999999927,55.0,16.400000000001455,0.0,0.0
2025-07-19 00:00:00,695.0,167.0,12.900000000001455,20.0,49.19999999999709,16.0,231.0,8.299999999995634,3.3000000000029104,21.69999999999709,47.79999999999927,55.200000000004366,15.599999999998545,0.0,0.0
2025-07-19 01:00:00,679.0,166.0,13.099999999998545,19.0,49.69999999999709,15.0,220.0,7.5,3.099999999991269,20.900000000001455,46.900000000001455,55.5,16.69999999999709,0.0,0.0
2025-07-19 02:00:00,663.0,159.0,12.5,18.0,49.20000000001164,12.0,218.0,8.400000000001455,3.2000000000116415,19.900000000001455,46.29999999999927,54.299999999995634,15.900000000001455,0.0,0.0
2025-07-19 03:00:00,650.0,158.0,11.5,18.0,47.59999999999127,11.0,209.0,8.400000000001455,3.099999999991269,19.599999999998545,48.29999999999927,54.400000000001455,16.099999999998545,0.0,0.0
2025-07-19 04:00:00,646.0,157.0,12.5,17.0,47.5,10.0,207.0,7.5,3.0,19.5,45.80000000000291,54.80000000000291,16.80000000000291,0.0,0.0
2025-07-19 05:00:00,643.0,154.0,12.600000000002183,19.0,47.60000000000582,11.0,207.0,8.19999999999709,3.0,19.69999999999709,45.69999999999709,54.39999999999418,15.5,0.0,0.0
2025-07-19 06:00:00,643.0,155.0,13.0,20.0,46.5,11.0,209.0,7.5,2.1000000000058208,19.400000000001455,47.60000000000218,53.80000000000291,14.19999999999709,1.0,1.0
2025-07-19 07:00:00,641.0,155.0,12.099999999998545,20.0,43.30000000000291,10.0,212.0,8.700000000004366,0.39999999999417923,18.700000000004366,47.5,51.599999999998545,16.099999999998545,1.0,3.0
2025-07-19 08:00:00,652.0,158.0,12.299999999999272,21.0,37.09999999999127,12.0,228.0,8.599999999998545,0.0,18.799999999995634,46.39999999999782,48.900000000001455,17.0,4.0,7.0
2025-07-19 09:00:00,673.0,162.0,14.400000000001455,22.0,30.5,11.0,235.0,9.0,0.0,19.0,49.400000000001455,45.69999999999709,34.0,9.0,14.0
2025-07-19 10:00:00,714.0,161.0,15.0,24.0,28.19999999999709,11.0,253.0,9.19999999999709,2.0,19.0,47.29999999999927,44.60000000000582,54.0,12.0,18.0
2025-07-19 11:00:00,727.0,166.0,18.599999999998545,25.0,26.80000000000291,11.0,253.0,9.400000000001455,2.0,19.099999999998545,50.5,44.69999999999709,53.700000000004366,13.0,22.0
2025-07-19 12:00:00,796.0,178.0,18.200000000000728,26.0,39.0,10.0,280.0,9.80000000000291,3.0,20.900000000001455,51.10000000000218,44.900000000001455,60.400000000001455,11.0,16.0
2025-07-19 13:00:00,816.0,185.0,19.799999999999272,26.0,33.80000000000291,11.0,288.0,10.799999999995634,1.1999999999970896,27.0,51.099999999998545,41.299999999995634,66.09999999999854,15.0,23.0
2025-07-19 14:00:00,822.0,197.0,18.400000000001455,29.0,37.30000000000291,11.0,298.0,9.700000000004366,3.400000000008731,24.80000000000291,51.599999999998545,41.80000000000291,46.69999999999709,12.0,19.0
2025-07-19 15:00:00,806.0,198.0,17.400000000001455,25.0,46.0,10.0,296.0,10.0,6.69999999999709,24.0,50.0,47.400000000001455,22.400000000001455,10.0,15.0
2025-07-19 16:00:00,813.0,195.0,16.0,27.0,57.30000000000291,12.0,281.0,9.39999999999418,14.39999999999418,26.299999999995634,51.30000000000291,50.099999999998545,22.099999999998545,5.0,7.0
2025-07-19 17:00:00,793.0,181.0,17.69999999999709,22.0,60.5,11.0,271.0,9.10000000000582,18.80000000000291,25.5,48.69999999999709,54.69999999999709,21.599999999998545,0.0,1.0
2025-07-19 18:00:00,731.0,161.0,17.0,19.0,55.29999999998836,12.0,241.0,8.69999999999709,17.30000000000291,24.400000000001455,48.5,54.80000000000291,21.900000000001455,0.0,0.0
2025-07-19 19:00:00,719.0,162.0,16.200000000000728,21.0,56.90000000000873,11.0,239.0,8.80000000000291,3.3999999999941792,27.0,47.30000000000291,54.900000000001455,22.30000000000291,0.0,0.0
2025-07-19 20:00:00,694.0,160.0,15.799999999999272,19.0,53.89999999999418,12.0,230.0,8.799999999995634,3.1000000000058208,24.099999999998545,43.599999999998545,55.0,23.099999999998545,0.0,0.0
2025-07-19 21:00:00,686.0,153.0,13.700000000000728,18.0,56.40000000000873,12.0,225.0,8.80000000000291,2.8999999999941792,23.700000000004366,44.5,54.900000000001455,22.80000000000291,0.0,0.0
2025-07-19 22:00:00,669.0,155.0,12.799999999999272,19.0,52.89999999999418,16.0,215.0,8.599999999998545,3.1000000000058208,22.900000000001455,46.099999999998545,54.799999999995634,16.89999999999418,0.0,0.0
2025-07-19 23:00:00,662.0,154.0,12.200000000000728,17.0,50.89999999999418,12.0,220.0,9.0,2.8999999999941792,22.39999999999418,44.30000000000291,54.700000000004366,17.0,0.0,0.0
2025-07-20 00:00:00,658.0,154.0,11.900000000001455,18.0,48.80000000000291,12.0,223.0,8.0,3.0,22.10000000000582,42.29999999999927,54.5,15.5,0.0,0.0
2025-07-20 01:00:00,655.0,159.0,12.200000000000728,17.0,48.69999999999709,11.0,213.0,8.80000000000291,3.0,21.599999999998545,42.79999999999927,54.39999999999418,16.30000000000291,0.0,0.0
2025-07-20 02:00:00,651.0,154.0,12.5,18.0,49.80000000000291,10.0,212.0,8.89999999999418,3.2000000000116415,22.099999999998545,43.5,54.200000000004366,15.900000000001455,0.0,0.0
2025-07-20 03:00:00,640.0,153.0,12.399999999997817,17.0,49.80000000000291,11.0,204.0,7.900000000001455,3.099999999991269,22.30000000000291,42.099999999998545,54.400000000001455,16.599999999998545,0.0,0.0
2025-07-20 04:00:00,638.0,154.0,12.900000000001455,17.0,48.5,11.0,202.0,8.80000000000291,3.0,20.799999999995634,42.30000000000291,54.69999999999709,16.5,0.0,0.0
2025-07-20 05:00:00,635.0,151.0,12.5,18.0,46.89999999999418,10.0,206.0,8.69999999999709,2.8000000000029104,19.700000000004366,43.599999999998545,54.5,15.80000000000291,0.0,0.0
2025-07-20 06:00:00,623.0,153.0,12.299999999999272,17.0,44.60000000000582,11.0,201.0,8.099999999998545,1.6999999999970896,19.299999999995634,41.599999999998545,53.30000000000291,14.39999999999418,1.0,1.0
2025-07-20 07:00:00,636.0,155.0,12.5,19.0,43.0,11.0,214.0,9.0,0.3000000000029104,19.0,42.400000000001455,51.39999999999418,16.700000000004366,1.0,3.0
2025-07-20 08:00:00,636.0,155.0,12.0,19.0,37.19999999999709,11.0,221.0,9.5,0.0,20.700000000004366,44.20000000000073,47.900000000001455,17.400000000001455,4.0,9.0
2025-07-20 09:00:00,656.0,158.0,12.599999999998545,20.0,26.69999999999709,30.0,238.0,9.30000000000291,0.0,22.19999999999709,42.70000000000073,42.700000000004366,16.299999999995634,11.0,16.0
2025-07-20 10:00:00,703.0,167.0,12.400000000001455,21.0,21.40000000000873,57.0,246.0,9.5,0.0,22.599999999998545,46.29999999999927,39.5,17.30000000000291,13.0,21.0
2025-07-20 11:00:00,700.0,170.0,12.200000000000728,21.0,21.0,55.0,241.0,9.80000000000291,0.8999999999941792,22.400000000001455,45.20000000000073,39.299999999995634,17.099999999998545,15.0,23.0
2025-07-20 12:00:00,716.0,174.0,14.5,22.0,19.39999999999418,54.0,253.0,9.599999999998545,0.0,23.30000000000291,46.29999999999927,37.700000000004366,16.900000000001455,17.0,25.0
2025-07-20 13:00:00,734.0,180.0,14.899999999997817,25.0,24.90000000000873,46.0,258.0,9.799999999995634,1.1000000000058208,23.0,48.0,38.89999999999418,17.69999999999709,15.0,23.0
2025-07-20 14:00:00,761.0,187.0,15.100000000002183,23.0,24.79999999998836,48.0,272.0,10.0,0.0,27.5,47.0,38.900000000001455,16.599999999998545,16.0,24.0
2025-07-20 15:00:00,794.0,190.0,16.700000000000728,25.0,33.80000000000291,40.0,286.0,9.900000000001455,2.5,29.099999999998545,48.39999999999782,41.80000000000291,17.200000000004366,14.0,21.0
2025-07-20 16:00:00,774.0,186.0,16.799999999999272,24.0,41.40000000000873,15.0,279.0,10.0,8.30000000000291,27.69999999999709,46.80000000000291,45.900000000001455,18.19999999999709,10.0,16.0
2025-07-20 17:00:00,786.0,191.0,13.899999999997817,25.0,52.59999999999127,16.0,267.0,9.599999999998545,16.5,25.700000000004366,47.0,51.89999999999418,16.80000000000291,5.0,7.0
2025-07-20 18:00:00,762.0,187.0,13.100000000002183,24.0,58.0,15.0,250.0,9.80000000000291,18.30000000000291,20.799999999995634,45.599999999998545,54.10000000000582,15.900000000001455,1.0,2.0
2025-07-20 19:00:00,731.0,179.0,12.700000000000728,21.0,59.30000000000291,15.0,238.0,9.5,3.099999999991269,23.0,46.400000000001455,55.299999999995634,17.799999999995634,0.0,0.0
2025-07-20 20:00:00,720.0,172.0,12.69999999999709,19.0,57.0,16.0,238.0,9.19999999999709,3.1000000000058208,23.80000000000291,43.0,55.30000000000291,18.599999999998545,0.0,0.0
2025-07-20 21:00:00,705.0,166.0,13.0,19.0,55.69999999999709,16.0,232.0,9.10000000000582,3.0,23.400000000001455,45.099999999998545,54.799999999995634,17.5,0.0,0.0
2025-07-20 22:00:00,693.0,162.0,12.30000000000291,19.0,51.10000000000582,17.0,229.0,9.19999999999709,3.0,21.69999999999709,45.20000000000073,55.10000000000582,17.400000000001455,0.0,0.0
2025-07-20 23:00:00,697.0,164.0,12.599999999998545,18.0,50.80000000000291,17.0,235.0,8.900000000001455,2.8999999999941792,22.10000000000582,43.70000000000073,54.89999999999418,18.099999999998545,0.0,0.0
2025-07-21 00:00:00,683.0,160.0,12.400000000001455,19.0,50.0,16.0,226.0,9.0,3.0,22.5,46.0,54.700000000004366,16.60000000000582,0.0,0.0
2025-07-21 01:00:00,670.0,156.0,12.599999999998545,18.0,50.39999999999418,16.0,219.0,8.900000000001455,3.0,22.39999999999418,42.79999999999927,54.599999999998545,18.799999999995634,0.0,0.0
2025-07-21 02:00:00,652.0,154.0,11.799999999999272,18.0,48.69999999999709,13.0,213.0,9.0,3.400000000008731,21.5,42.89999999999782,54.400000000001455,17.0,0.0,0.0
2025-07-21 03:00:00,654.0,154.0,12.0,17.0,49.40000000000873,13.0,211.0,8.799999999995634,3.0,21.10000000000582,45.20000000000073,54.69999999999709,17.599999999998545,0.0,0.0
2025-07-21 04:00:00,643.0,151.0,11.600000000002183,18.0,47.69999999999709,13.0,208.0,8.599999999998545,2.8999999999941792,21.0,42.900000000001455,54.200000000004366,18.10000000000582,0.0,0.0
2025-07-21 05:00:00,640.0,151.0,12.69999999999709,18.0,47.59999999999127,13.0,206.0,7.700000000004366,2.8000000000029104,22.39999999999418,41.89999999999782,54.19999999999709,16.799999999995634,0.0,0.0
2025-07-21 06:00:00,658.0,154.0,12.200000000000728,18.0,48.40000000000873,14.0,213.0,9.19999999999709,2.3000000000029104,24.10000000000582,44.20000000000073,53.599999999998545,17.5,0.0,0.0
2025-07-21 07:00:00,669.0,158.0,12.400000000001455,20.0,48.09999999999127,13.0,226.0,9.200000000004366,0.5999999999912689,22.0,42.400000000001455,50.400000000001455,17.30000000000291,1.0,3.0
2025-07-21 08:00:00,679.0,161.0,12.0,22.0,40.10000000000582,14.0,248.0,9.5,0.0,20.29999999998836,45.0,46.19999999999709,17.900000000001455,2.0,10.0
2025-07-21 09:00:00,680.0,165.0,14.0,21.0,28.69999999999709,15.0,261.0,9.799999999995634,0.0,21.30000000000291,43.5,42.200000000004366,18.299999999995634,11.0,16.0
2025-07-21 10:00:00,696.0,168.0,16.0,22.0,26.19999999999709,14.0,267.0,9.599999999998545,0.0,20.60000000000582,47.20000000000073,39.5,18.099999999998545,14.0,21.0
2025-07-21 11:00:00,716.0,189.0,18.399999999997817,24.0,23.80000000000291,14.0,268.0,9.80000000000291,0.0,21.39999999999418,43.599999999998545,38.400000000001455,17.60000000000582,15.0,24.0
2025-07-21 12:00:00,735.0,195.0,18.30000000000291,27.0,21.80000000000291,14.0,278.0,10.0,0.0,20.90000000000873,49.29999999999927,37.5,17.39999999999418,17.0,25.0
2025-07-21 13:00:00,757.0,187.0,17.899999999997817,28.0,30.39999999999418,15.0,291.0,10.19999999999709,0.0,22.89999999999418,48.79999999999927,38.0,18.200000000004366,16.0,25.0
2025-07-21 14:00:00,784.0,196.0,17.400000000001455,30.0,34.60000000000582,14.0,299.0,10.80000000000291,0.0,25.19999999999709,47.30000000000291,38.299999999995634,17.69999999999709,16.0,24.0
2025-07-21 15:00:00,829.0,209.0,26.599999999998545,30.0,39.80000000000291,16.0,300.0,11.400000000001455,4.100000000005821,25.90000000000873,51.0,41.400000000001455,17.400000000001455,13.0,20.0
2025-07-21 16:00:00,831.0,207.0,28.299999999999272,27.0,40.80000000000291,16.0,288.0,10.799999999995634,9.80000000000291,33.19999999999709,48.599999999998545,45.599999999998545,18.099999999998545,10.0,16.0
2025-07-21 17:00:00,845.0,205.0,27.700000000000728,24.0,49.39999999999418,17.0,287.0,10.60000000000582,17.79999999998836,33.69999999999709,48.29999999999927,49.900000000001455,17.200000000004366,6.0,9.0
2025-07-21 18:00:00,816.0,201.0,24.0,22.0,58.10000000000582,16.0,274.0,9.5,18.90000000000873,24.0,45.400000000001455,53.599999999998545,15.89999999999418,1.0,2.0
2025-07-21 19:00:00,764.0,182.0,20.5,20.0,58.5,17.0,260.0,9.5,3.8000000000029104,21.69999999999709,46.099999999998545,54.900000000001455,17.30000000000291,0.0,0.0
2025-07-21 20:00:00,753.0,181.0,19.799999999999272,21.0,58.0,16.0,254.0,9.799999999995634,3.7999999999883585,22.19999999999709,44.70000000000073,54.69999999999709,18.19999999999709,0.0,0.0
2025-07-21 21:00:00,756.0,181.0,16.80000000000291,21.0,58.59999999999127,15.0,258.0,9.400000000001455,3.8000000000029104,21.10000000000582,45.70000000000073,54.700000000004366,18.200000000004366,0.0,0.0
2025-07-21 22:00:00,734.0,175.0,14.399999999997817,20.0,59.40000000000873,15.0,246.0,10.400000000001455,3.6999999999970896,23.30000000000291,44.79999999999927,54.400000000001455,17.5,0.0,0.0
2025-07-21 23:00:00,725.0,171.0,13.5,21.0,56.9,15.0,245.0,10.299999999995634,3.7000000000116415,24.0,44.5,54.299999999995634,17.69999999999709,0.0,0.0
2025-07-22 00:00:00,706.0,163.0,12.900000000001455,21.0,54.30000000000001,15.0,237.0,10.5,3.6999999999970896,23.09999999999127,45.0,54.30000000000291,16.900000000001455,0.0,0.0
2025-07-22 01:00:00,700.0,161.0,13.599999999998545,20.0,57.0,13.0,231.0,10.200000000004366,3.6999999999970896,23.80000000000291,45.70000000000073,54.099999999998545,18.30000000000291,0.0,0.0
2025-07-22 02:00:00,682.0,156.0,12.600000000002183,18.0,55.39999999999998,11.0,228.0,9.599999999998545,3.8000000000029104,22.30000000000291,43.599999999998545,53.80000000000291,17.099999999998545,0.0,0.0
2025-07-22 03:00:00,669.0,159.0,15.0,18.0,55.10000000000002,13.0,216.0,9.5,4.099999999991269,19.89999999999418,42.5,54.0,16.900000000001455,0.0,0.0
2025-07-22 04:00:00,666.0,161.0,14.299999999999272,18.0,52.599999999999966,12.0,209.0,8.80000000000291,3.900000000008731,19.5,44.70000000000073,56.799999999995634,18.89999999999418,0.0,0.0
2025-07-22 05:00:00,670.0,164.0,13.5,18.0,52.0,11.0,215.0,9.799999999995634,3.5,19.40000000000873,42.099999999998545,53.0,19.80000000000291,0.0,0.0
2025-07-22 06:00:00,698.0,164.0,12.299999999999272,19.0,52.400000000000034,12.0,220.0,9.80000000000291,3.099999999991269,20.0,43.20000000000073,53.80000000000291,41.900000000001455,0.0,0.0
2025-07-22 07:00:00,741.0,174.0,12.5,25.0,51.99999999999994,14.0,226.0,10.599999999998545,1.0,24.39999999999418,45.10000000000218,49.0,55.19999999999709,1.0,3.0
2025-07-22 08:00:00,931.0,221.0,14.700000000000728,25.0,44.5,50.0,289.0,10.69999999999709,2.2000000000116415,37.10000000000582,50.29999999999927,48.0,64.09999999999854,3.0,9.0
2025-07-22 09:00:00,1173.0,302.0,31.099999999998545,35.0,41.0,88.0,347.0,10.60000000000582,0.6999999999970896,41.80000000000291,56.20000000000073,49.299999999995634,79.20000000000437,10.0,16.0
2025-07-22 10:00:00,1345.0,354.0,37.900000000001455,50.0,51.10000000000002,63.0,412.0,11.0,0.5,69.79999999998836,59.29999999999927,51.0,77.79999999999563,13.0,21.0
2025-07-22 11:00:00,1382.0,359.0,34.099999999998545,50.0,57.10000000000002,64.0,420.0,12.0,0.0,80.90000000000873,63.099999999998545,50.80000000000291,88.30000000000291,16.0,24.0
2025-07-22 12:00:00,1367.0,352.0,37.60000000000218,54.0,59.700000000000045,63.0,417.0,11.39999999999418,0.0,78.19999999999709,57.20000000000073,42.400000000001455,88.69999999999709,17.0,25.0
2025-07-22 13:00:00,1473.0,362.0,44.69999999999709,67.0,68.09999999999991,89.0,446.0,11.5,0.0,81.89999999999418,60.0,45.900000000001455,88.60000000000582,16.0,25.0
2025-07-22 14:00:00,1436.0,381.0,41.400000000001455,57.0,69.90000000000009,64.0,457.0,11.700000000004366,0.0,73.70000000001164,60.5,43.19999999999709,73.29999999999563,16.0,24.0
2025-07-22 15:00:00,1440.0,391.0,40.599999999998545,55.0,71.69999999999993,49.0,467.0,11.69999999999709,1.5999999999912689,77.69999999999709,61.29999999999927,45.0,66.80000000000291,13.0,20.0
2025-07-22 16:00:00,1380.0,347.0,41.20000000000073,48.0,75.00000000000011,58.0,437.0,11.599999999998545,9.200000000011642,65.69999999999709,60.400000000001455,54.30000000000291,68.09999999999854,11.0,16.0
2025-07-22 17:00:00,1241.0,297.0,34.29999999999927,40.0,70.79999999999995,56.0,407.0,11.400000000001455,14.599999999991269,48.69999999999709,53.39999999999782,55.0,65.80000000000291,6.0,10.0
2025-07-22 18:00:00,1132.0,275.0,26.80000000000291,28.0,68.20000000000005,47.0,370.0,10.200000000004366,17.60000000000582,36.5,48.10000000000218,57.69999999999709,70.09999999999854,2.0,3.0
2025-07-22 19:00:00,1036.0,254.0,24.299999999999272,25.0,66.69999999999982,27.0,341.0,10.19999999999709,16.69999999999709,31.90000000000873,44.0,58.5,68.90000000000146,0.0,0.0
2025-07-22 20:00:00,922.0,221.0,20.899999999997817,21.0,60.5,19.0,306.0,9.80000000000291,16.10000000000582,30.29999999998836,44.20000000000073,56.599999999998545,57.89999999999418,0.0,0.0
2025-07-22 21:00:00,824.0,201.0,16.700000000000728,21.0,56.90000000000009,12.0,284.0,10.0,9.599999999991269,28.30000000000291,44.0,55.700000000004366,30.900000000001455,0.0,0.0
2025-07-22 22:00:00,790.0,197.0,15.799999999999272,20.0,55.200000000000045,18.0,270.0,11.69999999999709,3.8000000000029104,28.19999999999709,44.39999999999782,53.5,20.599999999998545,0.0,0.0
2025-07-22 23:00:00,757.0,188.0,16.100000000002183,23.0,53.799999999999955,15.0,250.0,10.30000000000291,3.6000000000058208,27.70000000001164,42.60000000000218,55.5,19.80000000000291,0.0,0.0
2025-07-23 00:00:00,721.0,175.0,15.399999999997817,24.0,51.299999999999955,15.0,236.0,9.299999999995634,3.6999999999970896,27.5,42.69999999999709,55.0,18.099999999998545,0.0,0.0
2025-07-23 01:00:00,697.0,168.0,15.900000000001455,20.0,51.100000000000136,16.0,225.0,9.599999999998545,3.6999999999970896,27.39999999999418,42.5,52.5,18.80000000000291,0.0,0.0
2025-07-23 02:00:00,665.0,158.0,13.599999999998545,20.0,49.5,15.0,210.0,9.200000000004366,3.6000000000058208,25.5,41.70000000000073,53.19999999999709,18.19999999999709,0.0,0.0
2025-07-23 03:00:00,652.0,155.0,13.200000000000728,19.0,49.399999999999864,11.0,206.0,9.69999999999709,3.5,23.69999999999709,42.400000000001455,54.400000000001455,18.200000000004366,0.0,0.0
2025-07-23 04:00:00,645.0,152.0,13.900000000001455,19.0,49.600000000000136,11.0,202.0,9.700000000004366,3.6999999999970896,22.90000000000873,42.39999999999782,54.19999999999709,19.099999999998545,0.0,0.0
2025-07-23 05:00:00,649.0,157.0,14.700000000000728,19.0,48.899999999999864,11.0,200.0,8.69999999999709,3.8999999999941792,21.79999999998836,41.900000000001455,54.30000000000291,19.900000000001455,0.0,0.0
2025-07-23 06:00:00,703.0,168.0,13.0,21.0,50.90000000000009,12.0,217.0,10.0,3.400000000008731,22.5,41.79999999999927,52.69999999999709,41.099999999998545,0.0,0.0
2025-07-23 07:00:00,750.0,172.0,15.399999999997817,25.0,51.899999999999864,22.0,232.0,10.599999999998545,0.7999999999883585,25.10000000000582,42.400000000001455,48.700000000004366,51.099999999998545,1.0,3.0
2025-07-23 08:00:00,920.0,217.0,19.900000000001455,34.0,50.100000000000136,50.0,281.0,10.700000000004366,1.8000000000029104,32.60000000000582,47.0,47.299999999995634,63.400000000001455,2.0,10.0
2025-07-23 09:00:00,1226.0,301.0,26.5,38.0,47.0,121.0,346.0,11.5,1.4000000000087311,42.19999999999709,53.20000000000073,45.30000000000291,82.29999999999563,11.0,16.0
2025-07-23 10:00:00,1399.0,339.0,34.29999999999927,55.0,55.799999999999955,102.0,418.0,13.0,0.09999999999126885,72.0,61.89999999999782,46.900000000001455,77.30000000000291,14.0,21.0
2025-07-23 11:00:00,1447.0,337.0,34.400000000001455,54.0,67.0,106.0,459.0,14.099999999998545,0.10000000000582077,66.19999999999709,64.79999999999927,43.69999999999709,84.90000000000146,16.0,25.0
2025-07-23 12:00:00,1410.0,362.0,39.0,53.0,71.09999999999991,58.0,461.0,12.099999999998545,0.0,63.30000000000291,59.20000000000073,43.69999999999709,84.5,17.0,25.0
2025-07-23 13:00:00,1453.0,364.0,39.19999999999709,59.0,79.70000000000027,58.0,483.0,12.19999999999709,0.0,63.0,64.79999999999927,44.900000000001455,82.19999999999709,16.0,25.0
2025-07-23 14:00:00,1521.0,373.0,37.70000000000073,63.0,81.0,92.0,499.0,12.400000000001455,0.8999999999941792,62.39999999999418,64.10000000000218,47.200000000004366,76.20000000000437,16.0,24.0
2025-07-23 15:00:00,1498.0,357.0,42.0,61.0,82.5,69.0,502.0,12.400000000001455,4.600000000005821,70.40000000000873,62.20000000000073,49.599999999998545,69.09999999999854,13.0,21.0
2025-07-23 16:00:00,1436.0,353.0,42.5,56.0,79.5,50.0,486.0,14.30000000000291,10.0,59.79999999998836,60.099999999998545,50.900000000001455,69.09999999999854,11.0,16.0
2025-07-23 17:00:00,1308.0,325.0,35.0,41.0,71.89999999999964,49.0,436.0,14.5,14.19999999999709,50.0,55.70000000000073,53.69999999999709,67.69999999999709,6.0,9.0
2025-07-23 18:00:00,1138.0,276.0,28.0,34.0,71.80000000000018,27.0,383.0,10.89999999999418,15.5,35.5,49.599999999998545,55.30000000000291,71.0,2.0,3.0
2025-07-23 19:00:00,1050.0,249.0,23.200000000000728,32.0,73.59999999999991,22.0,325.0,43.0,15.10000000000582,32.40000000000873,47.70000000000073,56.19999999999709,64.60000000000582,0.0,0.0
2025-07-23 20:00:00,980.0,233.0,22.099999999998545,30.0,69.0,22.0,292.0,44.80000000000291,15.099999999991269,28.80000000000291,47.20000000000073,55.69999999999709,59.5,0.0,0.0
2025-07-23 21:00:00,864.0,204.0,21.80000000000291,31.0,62.80000000000018,15.0,276.0,26.30000000000291,9.0,26.89999999999418,47.099999999998545,56.200000000004366,32.099999999998545,0.0,0.0
2025-07-23 22:00:00,802.0,193.0,17.899999999997817,29.0,58.90000000000009,17.0,268.0,10.19999999999709,3.1999999999970896,25.80000000000291,48.60000000000218,55.599999999998545,20.5,0.0,0.0
2025-07-23 23:00:00,771.0,187.0,15.900000000001455,24.0,54.29999999999973,16.0,257.0,10.0,3.3000000000029104,25.89999999999418,47.29999999999927,55.900000000001455,19.599999999998545,0.0,0.0
2025-07-24 00:00:00,737.0,179.0,14.799999999999272,24.0,52.30000000000018,14.0,243.0,9.69999999999709,3.400000000008731,26.5,45.20000000000073,55.69999999999709,18.0,0.0,0.0
2025-07-24 01:00:00,712.0,170.0,14.700000000000728,24.0,52.40000000000009,12.0,234.0,9.900000000001455,3.1999999999970896,25.40000000000873,42.89999999999782,55.5,18.30000000000291,0.0,0.0
2025-07-24 02:00:00,700.0,164.0,15.0,24.0,51.399999999999636,12.0,226.0,9.5,3.1999999999970896,26.0,43.0,55.400000000001455,20.19999999999709,0.0,0.0
2025-07-24 03:00:00,689.0,162.0,13.899999999997817,23.0,49.5,11.0,224.0,9.80000000000291,3.1999999999970896,25.39999999999418,43.20000000000073,54.80000000000291,18.5,0.0,0.0
2025-07-24 04:00:00,686.0,168.0,12.80000000000291,25.0,49.600000000000364,12.0,217.0,9.5,3.1000000000058208,24.10000000000582,42.5,55.0,19.19999999999709,0.0,0.0
2025-07-24 05:00:00,686.0,171.0,14.099999999998545,24.0,48.899999999999636,12.0,215.0,8.599999999998545,3.3999999999941792,23.09999999999127,42.099999999998545,55.0,19.900000000001455,0.0,0.0
2025-07-24 06:00:00,729.0,171.0,13.0,24.0,49.600000000000364,12.0,233.0,10.099999999998545,3.0,24.0,42.30000000000291,53.89999999999418,39.30000000000291,0.0,0.0
2025-07-24 07:00:00,782.0,189.0,12.900000000001455,28.0,48.5,12.0,255.0,10.400000000001455,0.8000000000029104,24.0,42.89999999999782,51.0,52.69999999999709,1.0,3.0
2025-07-24 08:00:00,965.0,222.0,13.799999999999272,38.0,52.69999999999982,41.0,297.0,10.69999999999709,4.80000000000291,50.5,50.5,48.200000000004366,63.099999999998545,2.0,10.0
2025-07-24 09:00:00,1195.0,285.0,24.399999999997817,43.0,57.09999999999991,70.0,364.0,10.700000000004366,4.399999999994179,60.19999999999709,53.20000000000073,45.900000000001455,77.80000000000291,11.0,16.0
2025-07-24 10:00:00,1367.0,330.0,37.70000000000073,58.0,64.0,92.0,420.0,11.299999999995634,2.6000000000058208,61.60000000000582,62.0,42.69999999999709,76.5,14.0,21.0
2025-07-24 11:00:00,1417.0,365.0,35.400000000001455,57.0,68.30000000000018,84.0,437.0,11.900000000001455,1.1999999999970896,56.30000000000291,56.0,42.400000000001455,83.5,15.0,24.0
2025-07-24 12:00:00,1423.0,362.0,35.29999999999927,56.0,67.09999999999991,68.0,463.0,12.700000000004366,0.19999999999708962,55.80000000000291,55.400000000001455,43.0,83.5,17.0,25.0
2025-07-24 13:00:00,1532.0,373.0,44.79999999999927,73.0,80.30000000000018,75.0,475.0,12.89999999999418,1.1999999999970896,81.79999999998836,59.39999999999782,44.5,76.40000000000146,16.0,25.0
2025-07-24 14:00:00,1557.0,382.0,43.20000000000073,63.0,79.69999999999982,82.0,496.0,13.5,2.400000000008731,79.40000000000873,62.0,46.599999999998545,75.19999999999709,15.0,23.0
2025-07-24 15:00:00,1523.0,381.0,45.099999999998545,60.0,78.5,87.0,489.0,14.400000000001455,6.80000000000291,73.89999999999418,61.60000000000218,51.5,65.20000000000437,14.0,20.0
2025-07-24 16:00:00,1506.0,404.0,34.20000000000073,56.0,79.30000000000018,82.0,474.0,15.099999999998545,13.5,75.40000000000873,59.0,49.400000000001455,65.0,10.0,16.0
2025-07-24 17:00:00,1373.0,375.0,28.600000000002183,44.0,71.5,56.0,437.0,13.5,19.09999999999127,65.0,53.69999999999709,53.599999999998545,71.19999999999709,6.0,9.0
2025-07-24 18:00:00,1218.0,309.0,23.0,34.0,75.0,37.0,407.0,12.80000000000291,20.19999999999709,47.29999999998836,50.30000000000291,55.19999999999709,69.0,2.0,3.0
2025-07-24 19:00:00,1105.0,279.0,20.0,31.0,77.89999999999964,27.0,370.0,11.099999999998545,20.5,33.80000000000291,48.79999999999927,54.5,65.30000000000291,0.0,0.0
2025-07-24 20:00:00,1016.0,248.0,20.69999999999709,33.0,77.19999999999982,21.0,330.0,10.599999999998545,19.80000000000291,32.0,48.89999999999782,56.200000000004366,57.299999999995634,0.0,0.0
2025-07-24 21:00:00,925.0,231.0,19.200000000000728,31.0,72.80000000000018,16.0,307.0,10.60000000000582,11.80000000000291,30.30000000000291,48.30000000000291,56.0,32.700000000004366,0.0,0.0
2025-07-24 22:00:00,855.0,220.0,17.600000000002183,29.0,64.19999999999982,17.0,285.0,10.0,4.600000000005821,28.39999999999418,48.69999999999709,55.299999999995634,20.5,0.0,0.0
2025-07-24 23:00:00,798.0,202.0,17.0,27.0,60.70000000000073,16.0,259.0,10.19999999999709,4.2999999999883585,27.60000000000582,46.30000000000291,53.400000000001455,19.099999999998545,0.0,0.0
2025-07-25 00:00:00,780.0,192.0,16.899999999997817,27.0,57.0,16.0,254.0,10.19999999999709,4.400000000008731,29.39999999999418,46.69999999999709,55.700000000004366,18.099999999998545,0.0,0.0
2025-07-25 01:00:00,769.0,192.0,14.200000000000728,26.0,54.69999999999982,16.0,248.0,9.900000000001455,4.80000000000291,32.40000000000873,45.0,54.89999999999418,20.0,0.0,0.0
2025-07-25 02:00:00,740.0,186.0,13.200000000000728,26.0,52.30000000000018,17.0,240.0,10.0,4.5,26.69999999999709,42.5,53.200000000004366,18.69999999999709,0.0,0.0
2025-07-25 03:00:00,726.0,181.0,12.700000000000728,26.0,51.399999999999636,16.0,238.0,9.700000000004366,4.5,24.0,42.0,55.19999999999709,18.10000000000582,0.0,0.0
2025-07-25 04:00:00,717.0,179.0,13.399999999997817,25.0,51.19999999999982,16.0,226.0,9.599999999998545,4.399999999994179,24.60000000000582,42.20000000000073,55.099999999998545,19.89999999999418,0.0,0.0
2025-07-25 05:00:00,705.0,176.0,17.700000000000728,24.0,50.30000000000018,16.0,219.0,9.599999999998545,4.19999999999709,23.79999999998836,41.900000000001455,53.400000000001455,20.0,0.0,0.0
2025-07-25 06:00:00,736.0,179.0,15.099999999998545,25.0,51.80000000000018,15.0,223.0,10.0,4.0,26.30000000000291,42.0,54.5,41.200000000004366,0.0,0.0
2025-07-25 07:00:00,784.0,189.0,15.30000000000291,31.0,51.19999999999982,11.0,241.0,10.599999999998545,1.4000000000087311,28.60000000000582,43.20000000000073,50.900000000001455,56.400000000001455,0.0,2.0
2025-07-25 08:00:00,970.0,233.0,19.899999999997817,35.0,53.19999999999982,22.0,305.0,10.5,2.6999999999970896,54.5,50.39999999999782,46.900000000001455,66.39999999999418,3.0,10.0
2025-07-25 09:00:00,1245.0,316.0,26.799999999999272,46.0,66.40000000000055,53.0,375.0,11.099999999998545,1.6999999999970896,70.0,56.10000000000218,48.799999999995634,81.5,11.0,17.0
2025-07-25 10:00:00,1441.0,351.0,26.0,61.0,93.09999999999945,48.0,454.0,15.80000000000291,0.10000000000582077,81.5,73.79999999999927,49.80000000000291,80.5,13.0,21.0
2025-07-25 11:00:00,1509.0,374.0,32.30000000000291,62.0,102.69999999999982,50.0,479.0,14.80000000000291,0.0,81.09999999999127,76.89999999999782,48.599999999998545,87.40000000000146,16.0,23.0
2025-07-25 12:00:00,1559.0,401.0,36.599999999998545,60.0,86.60000000000036,83.0,496.0,14.0,0.09999999999126885,74.90000000000873,77.70000000000073,42.0,87.20000000000437,17.0,25.0
2025-07-25 13:00:00,1598.0,403.0,40.20000000000073,60.0,89.80000000000018,102.0,497.0,14.0,0.0,79.80000000000291,80.90000000000146,41.400000000001455,85.09999999999854,16.0,25.0
2025-07-25 14:00:00,1587.0,408.0,41.79999999999927,62.0,90.59999999999945,84.0,504.0,14.099999999998545,1.1000000000058208,77.79999999998836,82.09999999999854,42.400000000001455,77.0,15.0,24.0
2025-07-25 15:00:00,1564.0,413.0,45.400000000001455,62.0,92.20000000000073,66.0,488.0,13.900000000001455,4.69999999999709,78.0,83.20000000000073,47.299999999995634,68.90000000000146,14.0,20.0
2025-07-25 16:00:00,1486.0,403.0,41.599999999998545,54.0,90.69999999999982,54.0,449.0,12.89999999999418,9.39999999999418,83.90000000000873,69.0,51.900000000001455,68.79999999999563,10.0,16.0
2025-07-25 17:00:00,1342.0,372.0,29.799999999999272,43.0,75.09999999999945,49.0,412.0,11.80000000000291,15.0,62.0,54.599999999998545,55.599999999998545,73.20000000000437,6.0,9.0
2025-07-25 18:00:00,1165.0,307.0,23.900000000001455,35.0,72.40000000000055,40.0,364.0,10.69999999999709,17.5,44.30000000000291,50.0,55.0,72.89999999999418,2.0,2.0
2025-07-25 19:00:00,1025.0,272.0,21.5,29.0,70.80000000000018,22.0,318.0,9.400000000001455,16.90000000000873,36.09999999999127,48.30000000000291,55.60000000000582,64.0,0.0,0.0
2025-07-25 20:00:00,941.0,239.0,18.099999999998545,30.0,67.89999999999964,16.0,290.0,9.5,15.89999999999418,32.60000000000582,49.099999999998545,55.5,57.80000000000291,0.0,0.0
2025-07-25 21:00:00,849.0,213.0,16.100000000002183,22.0,65.89999999999964,14.0,283.0,9.30000000000291,11.19999999999709,27.69999999999709,47.400000000001455,55.19999999999709,27.900000000001455,0.0,0.0
2025-07-25 22:00:00,780.0,203.0,13.69999999999709,19.0,60.20000000000073,13.0,259.0,8.900000000001455,3.0,24.80000000000291,46.29999999999927,55.19999999999709,20.099999999998545,0.0,0.0
2025-07-25 23:00:00,747.0,197.0,13.100000000002183,18.0,53.5,14.0,242.0,9.0,3.1000000000058208,24.39999999999418,45.20000000000073,55.900000000001455,19.599999999998545,0.0,0.0
2025-07-26 00:00:00,726.0,189.0,13.0,17.0,52.899999999999636,14.0,233.0,9.0,3.0,23.5,44.099999999998545,55.700000000004366,18.900000000001455,0.0,0.0
2025-07-26 01:00:00,710.0,180.0,12.700000000000728,16.0,51.69999999999982,13.0,232.0,8.69999999999709,3.1000000000058208,22.30000000000291,45.29999999999927,54.799999999995634,19.5,0.0,0.0
2025-07-26 02:00:00,696.0,174.0,12.69999999999709,17.0,50.900000000000546,14.0,227.0,8.69999999999709,3.099999999991269,20.89999999999418,46.20000000000073,54.80000000000291,18.5,0.0,0.0
2025-07-26 03:00:00,689.0,173.0,13.600000000002183,16.0,51.0,13.0,223.0,8.900000000001455,2.900000000008731,21.40000000000873,44.0,54.599999999998545,18.19999999999709,0.0,0.0
2025-07-26 04:00:00,679.0,171.0,13.200000000000728,17.0,51.29999999999927,13.0,214.0,7.700000000004366,3.099999999991269,21.30000000000291,43.599999999998545,55.400000000001455,18.700000000004366,0.0,0.0
2025-07-26 05:00:00,677.0,170.0,13.19999999999709,17.0,51.0,14.0,214.0,8.799999999995634,3.0,20.29999999998836,43.30000000000291,54.900000000001455,19.299999999995634,0.0,0.0
2025-07-26 06:00:00,692.0,176.0,12.80000000000291,18.0,52.20000000000073,13.0,224.0,9.0,2.8000000000029104,20.20000000001164,43.5,54.69999999999709,16.400000000001455,0.0,1.0
2025-07-26 07:00:00,698.0,184.0,13.19999999999709,20.0,50.099999999999454,15.0,223.0,9.700000000004366,0.5,19.59999999999127,44.099999999998545,50.400000000001455,18.400000000001455,0.0,2.0
2025-07-26 08:00:00,707.0,184.0,16.0,20.0,42.5,13.0,241.0,9.799999999995634,0.0,19.80000000000291,45.20000000000073,48.0,21.0,3.0,10.0
2025-07-26 09:00:00,714.0,188.0,17.600000000002183,18.0,31.300000000000182,14.0,249.0,9.700000000004366,0.0,21.60000000000582,47.79999999999927,43.69999999999709,35.0,11.0,16.0
2025-07-26 10:00:00,772.0,191.0,21.5,21.0,26.600000000000364,14.0,262.0,10.299999999995634,0.5,22.19999999999709,44.79999999999927,42.400000000001455,66.19999999999709,13.0,20.0
2025-07-26 11:00:00,785.0,198.0,20.700000000000728,24.0,31.0,14.0,263.0,10.30000000000291,1.1999999999970896,22.80000000000291,44.5,40.599999999998545,59.80000000000291,14.0,22.0
2025-07-26 12:00:00,823.0,215.0,19.0,24.0,26.799999999999272,13.0,278.0,10.299999999995634,0.0,25.09999999999127,48.10000000000218,38.80000000000291,68.19999999999709,17.0,25.0
2025-07-26 13:00:00,855.0,215.0,22.099999999998545,24.0,30.300000000000182,15.0,297.0,10.5,0.0,28.40000000000873,46.599999999998545,38.5,70.70000000000437,16.0,25.0
2025-07-26 14:00:00,894.0,235.0,26.200000000000728,24.0,34.0,15.0,305.0,10.700000000004366,0.6000000000058208,31.89999999999418,47.0,40.5,55.799999999995634,16.0,24.0
2025-07-26 15:00:00,887.0,242.0,27.700000000000728,27.0,35.80000000000018,14.0,310.0,10.400000000001455,4.599999999991269,28.39999999999418,51.0,43.400000000001455,27.10000000000582,13.0,20.0
2025-07-26 16:00:00,900.0,236.0,26.099999999998545,23.0,44.399999999999636,14.0,317.0,10.099999999998545,10.5,26.30000000000291,48.099999999998545,47.39999999999418,28.0,10.0,16.0
2025-07-26 17:00:00,872.0,226.0,21.099999999998545,22.0,51.30000000000018,14.0,297.0,10.0,17.60000000000582,22.30000000000291,45.30000000000291,50.400000000001455,26.299999999995634,7.0,10.0
2025-07-26 18:00:00,832.0,217.0,16.5,20.0,61.100000000000364,14.0,267.0,9.5,19.89999999999418,26.30000000000291,44.19999999999709,54.80000000000291,24.200000000004366,1.0,2.0
2025-07-26 19:00:00,794.0,208.0,15.100000000002183,19.0,63.0,15.0,253.0,9.5,3.7000000000116415,26.19999999999709,45.400000000001455,56.0,25.099999999998545,0.0,0.0
2025-07-26 20:00:00,772.0,194.0,13.899999999997817,20.0,62.5,13.0,249.0,8.799999999995634,3.1999999999970896,24.80000000000291,47.900000000001455,55.5,25.19999999999709,0.0,0.0
2025-07-26 21:00:00,778.0,192.0,13.0,19.0,62.599999999999454,20.0,256.0,8.80000000000291,3.0,25.69999999999709,47.099999999998545,55.19999999999709,23.30000000000291,0.0,0.0
2025-07-26 22:00:00,756.0,183.0,14.600000000002183,19.0,62.100000000000364,17.0,246.0,8.900000000001455,3.099999999991269,25.30000000000291,45.900000000001455,55.30000000000291,20.799999999995634,0.0,0.0
2025-07-26 23:00:00,747.0,180.0,15.0,19.0,57.69999999999982,18.0,246.0,9.099999999998545,3.1000000000058208,26.09999999999127,44.0,55.5,20.200000000004366,0.0,0.0
2025-07-27 00:00:00,724.0,175.0,14.399999999997817,18.0,55.400000000000546,17.0,236.0,9.400000000001455,3.0,25.60000000000582,42.79999999999927,54.799999999995634,18.5,0.0,0.0
2025-07-27 01:00:00,727.0,174.0,13.900000000001455,18.0,55.79999999999927,18.0,240.0,8.69999999999709,3.0,26.30000000000291,43.099999999998545,54.900000000001455,20.299999999995634,0.0,0.0
2025-07-27 02:00:00,707.0,172.0,13.5,18.0,55.0,17.0,226.0,7.900000000001455,3.0,27.19999999999709,43.20000000000073,54.400000000001455,20.0,0.0,0.0
2025-07-27 03:00:00,696.0,170.0,13.5,18.0,54.100000000000364,17.0,220.0,9.099999999998545,3.0,23.89999999999418,42.900000000001455,54.69999999999709,19.60000000000582,0.0,0.0
2025-07-27 04:00:00,683.0,167.0,13.200000000000728,18.0,54.30000000000018,17.0,212.0,8.0,3.0,23.30000000000291,42.89999999999782,54.5,19.89999999999418,0.0,0.0
2025-07-27 05:00:00,681.0,167.0,13.399999999997817,17.0,54.0,16.0,212.0,9.099999999998545,3.0,22.30000000000291,42.79999999999927,54.400000000001455,18.5,0.0,0.0
2025-07-27 06:00:00,682.0,171.0,13.0,18.0,54.5,18.0,214.0,8.30000000000291,2.3000000000029104,20.80000000000291,43.20000000000073,53.80000000000291,17.5,0.0,0.0
2025-07-27 07:00:00,698.0,177.0,13.0,18.0,51.80000000000018,17.0,225.0,9.900000000001455,0.3000000000029104,19.80000000000291,44.900000000001455,50.900000000001455,19.30000000000291,0.0,2.0
2025-07-27 08:00:00,695.0,175.0,12.900000000001455,20.0,43.599999999999454,18.0,234.0,9.900000000001455,0.0,19.79999999998836,44.099999999998545,47.099999999998545,20.30000000000291,3.0,10.0
2025-07-27 09:00:00,690.0,178.0,13.700000000000728,19.0,32.100000000000364,18.0,247.0,9.89999999999418,0.0,21.20000000001164,43.70000000000073,45.099999999998545,19.599999999998545,11.0,17.0
2025-07-27 10:00:00,711.0,189.0,17.5,20.0,25.5,17.0,250.0,10.400000000001455,0.0,22.89999999999418,44.400000000001455,45.0,19.799999999995634,14.0,21.0
2025-07-27 11:00:00,732.0,198.0,14.099999999998545,20.0,25.300000000000182,17.0,254.0,10.200000000004366,0.0,26.10000000000582,46.79999999999927,45.900000000001455,19.30000000000291,15.0,23.0
2025-07-27 12:00:00,745.0,210.0,14.799999999999272,23.0,28.5,18.0,260.0,10.5,0.09999999999126885,26.39999999999418,44.20000000000073,38.0,18.69999999999709,17.0,25.0
2025-07-27 13:00:00,808.0,236.0,22.80000000000291,24.0,31.0,18.0,280.0,10.69999999999709,0.0,24.30000000000291,46.79999999999927,38.299999999995634,19.30000000000291,16.0,25.0
2025-07-27 14:00:00,837.0,231.0,24.099999999998545,25.0,34.899999999999636,18.0,292.0,10.69999999999709,0.5,31.5,49.20000000000073,39.700000000004366,20.099999999998545,16.0,24.0
2025-07-27 15:00:00,865.0,227.0,27.0,24.0,42.399999999999636,18.0,311.0,11.200000000004366,4.5,30.39999999999418,47.5,41.5,20.5,13.0,21.0
2025-07-27 16:00:00,896.0,232.0,24.5,21.0,48.5,18.0,320.0,11.299999999995634,11.10000000000582,31.90000000000873,49.5,46.0,20.400000000001455,11.0,15.0
2025-07-27 17:00:00,887.0,228.0,25.799999999999272,20.0,57.80000000000018,18.0,301.0,10.900000000001455,19.30000000000291,27.59999999999127,48.79999999999927,51.099999999998545,19.30000000000291,6.0,9.0
2025-07-27 18:00:00,858.0,228.0,22.100000000002183,18.0,63.600000000000364,18.0,276.0,9.5,20.79999999998836,24.90000000000873,47.70000000000073,54.400000000001455,17.799999999995634,1.0,3.0
2025-07-27 19:00:00,827.0,219.0,19.799999999999272,18.0,67.19999999999982,19.0,270.0,9.0,4.2000000000116415,23.19999999999709,46.599999999998545,55.299999999995634,20.900000000001455,0.0,0.0
2025-07-27 20:00:00,796.0,202.0,17.099999999998545,19.0,60.29999999999927,21.0,264.0,9.099999999998545,3.2999999999883585,26.59999999999127,43.79999999999927,55.200000000004366,20.5,0.0,0.0
2025-07-27 21:00:00,775.0,191.0,16.700000000000728,18.0,63.5,19.0,253.0,8.80000000000291,3.0,27.60000000000582,44.10000000000218,55.0,20.0,0.0,0.0
2025-07-27 22:00:00,757.0,190.0,16.799999999999272,17.0,60.900000000001455,20.0,242.0,8.900000000001455,3.1000000000058208,26.19999999999709,44.19999999999709,54.69999999999709,20.400000000001455,0.0,0.0
2025-07-27 23:00:00,750.0,186.0,15.0,18.0,60.0,19.0,244.0,8.599999999998545,3.1000000000058208,24.90000000000873,43.900000000001455,54.80000000000291,20.5,0.0,0.0
2025-07-28 00:00:00,731.0,179.0,13.200000000000728,17.0,56.29999999999927,18.0,244.0,8.69999999999709,3.099999999991269,25.79999999998836,43.5,54.299999999995634,18.799999999995634,0.0,0.0
2025-07-28 01:00:00,723.0,174.0,12.599999999998545,17.0,54.899999999999636,16.0,239.0,7.900000000001455,3.1000000000058208,25.80000000000291,46.20000000000073,53.900000000001455,21.400000000001455,0.0,0.0
2025-07-28 02:00:00,707.0,173.0,12.900000000001455,18.0,53.5,17.0,231.0,8.400000000001455,3.0,22.69999999999709,45.5,54.400000000001455,19.5,0.0,0.0
2025-07-28 03:00:00,689.0,171.0,11.700000000000728,17.0,52.399999999999636,18.0,221.0,7.80000000000291,3.099999999991269,21.90000000000873,43.599999999998545,54.0,19.400000000001455,0.0,0.0
2025-07-28 04:00:00,689.0,172.0,12.299999999999272,17.0,51.30000000000109,16.0,219.0,8.39999999999418,3.3000000000029104,21.89999999999418,42.79999999999927,54.0,20.80000000000291,0.0,0.0
2025-07-28 05:00:00,673.0,170.0,12.799999999999272,18.0,51.5,17.0,207.0,7.5,3.1999999999970896,20.80000000000291,41.80000000000291,54.599999999998545,21.299999999995634,0.0,0.0
2025-07-28 06:00:00,721.0,176.0,12.100000000002183,18.0,52.79999999999927,16.0,218.0,8.400000000001455,2.900000000008731,20.5,41.89999999999782,53.200000000004366,46.0,1.0,0.0
2025-07-28 07:00:00,778.0,187.0,12.5,21.0,53.100000000000364,18.0,249.0,9.30000000000291,0.5999999999912689,21.30000000000291,41.79999999999927,50.5,56.200000000004366,0.0,3.0
2025-07-28 08:00:00,964.0,230.0,27.799999999999272,26.0,54.399999999999636,28.0,297.0,9.599999999998545,1.8000000000029104,47.39999999999418,51.30000000000291,47.799999999995634,67.69999999999709,3.0,10.0
2025-07-28 09:00:00,1270.0,308.0,38.29999999999927,40.0,62.5,71.0,401.0,9.5,1.5,62.40000000000873,55.29999999999927,46.30000000000291,77.0,11.0,16.0
2025-07-28 10:00:00,1478.0,379.0,41.0,60.0,76.10000000000036,77.0,455.0,11.0,0.40000000000873115,81.5,67.60000000000218,47.599999999998545,75.90000000000146,14.0,21.0
2025-07-28 11:00:00,1533.0,379.0,38.5,63.0,90.5,71.0,477.0,11.0,0.0,77.39999999999418,66.39999999999418,45.900000000001455,86.79999999999563,15.0,24.0
2025-07-28 12:00:00,1546.0,369.0,46.099999999998545,66.0,93.39999999999964,90.0,473.0,11.099999999998545,0.0,83.30000000000291,62.700000000004366,42.400000000001455,87.30000000000291,17.0,26.0
2025-07-28 13:00:00,1649.0,409.0,50.20000000000073,68.0,97.30000000000109,110.0,486.0,11.5,0.0,90.69999999999709,74.29999999999563,42.89999999999418,84.80000000000291,17.0,25.0
2025-07-28 14:00:00,1666.0,410.0,49.400000000001455,68.0,112.0,97.0,508.0,11.30000000000291,0.7999999999883585,84.19999999999709,74.30000000000291,43.700000000004366,78.79999999999563,15.0,24.0
2025-07-28 15:00:00,1628.0,387.0,49.20000000000073,69.0,113.59999999999854,89.0,519.0,11.099999999998545,3.900000000008731,83.90000000000873,75.09999999999854,46.900000000001455,69.5,14.0,20.0
2025-07-28 16:00:00,1602.0,393.0,43.69999999999709,68.0,110.40000000000146,98.0,496.0,13.0,10.0,79.89999999999418,72.09999999999854,49.69999999999709,68.59999999999854,10.0,16.0
2025-07-28 17:00:00,1470.0,380.0,33.10000000000218,54.0,98.69999999999891,81.0,440.0,12.19999999999709,16.30000000000291,71.89999999999418,65.20000000000437,53.099999999998545,69.40000000000146,6.0,9.0
2025-07-28 18:00:00,1242.0,313.0,26.299999999999272,45.0,86.89999999999964,37.0,394.0,11.700000000004366,18.5,49.60000000000582,53.900000000001455,54.5,71.20000000000437,2.0,3.0
2025-07-28 19:00:00,1121.0,270.0,21.599999999998545,37.0,81.20000000000073,27.0,348.0,41.799999999995634,18.19999999999709,41.0,47.099999999998545,55.900000000001455,67.59999999999854,0.0,0.0
2025-07-28 20:00:00,1026.0,249.0,18.5,35.0,74.79999999999927,14.0,308.0,45.0,19.30000000000291,38.5,47.099999999998545,56.0,60.5,0.0,0.0
2025-07-28 21:00:00,936.0,235.0,18.100000000002183,27.0,71.20000000000073,12.0,297.0,26.900000000001455,11.5,34.89999999999418,46.400000000001455,56.0,43.900000000001455,0.0,0.0
2025-07-28 22:00:00,861.0,225.0,16.700000000000728,23.0,69.89999999999964,14.0,285.0,10.400000000001455,4.5,31.70000000001164,47.0,55.80000000000291,23.299999999995634,0.0,0.0
2025-07-28 23:00:00,822.0,205.0,16.69999999999709,22.0,69.5,16.0,273.0,10.30000000000291,4.5,29.59999999999127,47.19999999999709,55.299999999995634,20.099999999998545,0.0,0.0
2025-07-29 00:00:00,796.0,201.0,15.100000000002183,21.0,66.60000000000036,16.0,259.0,10.299999999995634,4.399999999994179,27.30000000000291,48.700000000004366,54.400000000001455,18.80000000000291,0.0,0.0
2025-07-29 01:00:00,762.0,188.0,13.599999999998545,18.0,65.10000000000036,16.0,249.0,10.099999999998545,4.899999999994179,24.89999999999418,47.799999999995634,54.5,19.900000000001455,0.0,0.0
2025-07-29 02:00:00,736.0,181.0,13.100000000002183,19.0,63.0,15.0,237.0,10.10000000000582,4.900000000008731,25.5,45.200000000004366,54.30000000000291,19.400000000001455,0.0,0.0
2025-07-29 03:00:00,725.0,179.0,13.299999999999272,18.0,62.0,12.0,234.0,9.799999999995634,4.19999999999709,25.10000000000582,44.799999999995634,55.099999999998545,19.299999999995634,0.0,0.0
2025-07-29 04:00:00,715.0,183.0,13.200000000000728,19.0,60.600000000000364,11.0,219.0,10.0,3.8999999999941792,25.60000000000582,44.700000000004366,55.19999999999709,20.700000000004366,0.0,0.0
2025-07-29 05:00:00,715.0,180.0,13.099999999998545,19.0,61.5,11.0,223.0,8.900000000001455,3.900000000008731,24.5,44.299999999995634,55.0,20.69999999999709,0.0,0.0
2025-07-29 06:00:00,750.0,191.0,12.799999999999272,19.0,59.69999999999891,12.0,228.0,10.30000000000291,3.099999999991269,22.79999999998836,44.30000000000291,54.0,45.900000000001455,0.0,0.0
2025-07-29 07:00:00,814.0,204.0,15.0,23.0,58.399999999999636,13.0,254.0,11.0,1.0,24.40000000000873,44.799999999995634,51.0,58.400000000001455,1.0,3.0
2025-07-29 08:00:00,1006.0,255.0,15.700000000000728,31.0,55.5,35.0,290.0,10.799999999995634,2.0,56.80000000000291,56.0,47.900000000001455,66.69999999999709,3.0,10.0
2025-07-29 09:00:00,1186.0,306.0,30.0,39.0,59.80000000000109,33.0,353.0,11.400000000001455,1.8000000000029104,63.39999999999418,64.90000000000146,48.0,79.30000000000291,11.0,16.0
2025-07-29 10:00:00,1451.0,373.0,32.599999999998545,59.0,76.79999999999927,80.0,428.0,13.599999999998545,0.3000000000029104,76.60000000000582,66.5,46.900000000001455,78.30000000000291,13.0,22.0
2025-07-29 11:00:00,1475.0,357.0,37.70000000000073,64.0,84.39999999999964,87.0,433.0,15.200000000004366,0.10000000000582077,88.89999999999418,64.40000000000146,45.5,84.69999999999709,16.0,24.0
2025-07-29 12:00:00,1457.0,354.0,46.400000000001455,60.0,82.5,81.0,455.0,15.19999999999709,0.0,81.0,59.80000000000291,41.69999999999709,86.39999999999418,17.0,25.0
2025-07-29 13:00:00,1572.0,391.0,43.20000000000073,61.0,99.10000000000036,96.0,464.0,15.30000000000291,0.09999999999126885,98.39999999999418,64.69999999999709,44.599999999998545,80.30000000000291,17.0,26.0
2025-07-29 14:00:00,1623.0,404.0,40.599999999998545,67.0,103.39999999999964,97.0,480.0,15.599999999998545,0.40000000000873115,88.0,68.40000000000146,44.60000000000582,74.89999999999418,15.0,23.0
2025-07-29 15:00:00,1615.0,415.0,39.599999999998545,66.0,108.70000000000073,96.0,470.0,15.5,2.8999999999941792,92.5,72.90000000000146,46.099999999998545,64.70000000001164,14.0,21.0
2025-07-29 16:00:00,1569.0,404.0,38.900000000001455,62.0,108.60000000000036,81.0,462.0,12.5,9.39999999999418,96.30000000000291,68.89999999999418,48.900000000001455,65.19999999999709,10.0,16.0
2025-07-29 17:00:00,1430.0,361.0,37.20000000000073,47.0,97.60000000000036,71.0,423.0,11.900000000001455,16.5,87.40000000000873,61.400000000001455,52.599999999998545,74.0,7.0,9.0
2025-07-29 18:00:00,1237.0,306.0,31.799999999999272,41.0,82.09999999999854,54.0,386.0,10.799999999995634,16.80000000000291,51.0,53.099999999998545,54.900000000001455,70.09999999999127,1.0,3.0
2025-07-29 19:00:00,1099.0,268.0,20.900000000001455,32.0,79.0,52.0,342.0,11.0,17.30000000000291,36.89999999999418,52.60000000000582,55.89999999999418,65.60000000000582,0.0,0.0
2025-07-29 20:00:00,988.0,236.0,20.69999999999709,27.0,72.70000000000073,31.0,309.0,11.099999999998545,17.19999999999709,32.30000000000291,52.599999999998545,56.200000000004366,60.0,0.0,0.0
2025-07-29 21:00:00,865.0,220.0,17.5,25.0,66.29999999999927,11.0,284.0,10.700000000004366,9.69999999999709,29.30000000000291,49.900000000001455,56.0,29.89999999999418,0.0,0.0
2025-07-29 22:00:00,824.0,214.0,16.200000000000728,25.0,61.400000000001455,12.0,276.0,10.599999999998545,3.2000000000116415,25.69999999999709,48.0,56.900000000001455,21.80000000000291,0.0,0.0
2025-07-29 23:00:00,804.0,204.0,14.100000000002183,25.0,59.599999999998545,13.0,274.0,10.5,3.3999999999941792,27.19999999999709,45.799999999995634,55.599999999998545,21.69999999999709,0.0,0.0
2025-07-30 00:00:00,780.0,199.0,13.19999999999709,26.0,61.20000000000073,12.0,257.0,10.599999999998545,3.3999999999941792,25.39999999999418,44.200000000004366,54.799999999995634,20.30000000000291,0.0,0.0
2025-07-30 01:00:00,749.0,186.0,13.400000000001455,26.0,56.600000000000364,13.0,249.0,10.5,3.2000000000116415,23.90000000000873,43.099999999998545,54.60000000000582,20.69999999999709,0.0,0.0
2025-07-30 02:00:00,719.0,179.0,13.599999999998545,24.0,55.100000000000364,13.0,233.0,11.900000000001455,3.1999999999970896,23.0,42.900000000001455,54.0,20.10000000000582,0.0,0.0
2025-07-30 03:00:00,704.0,174.0,13.400000000001455,23.0,53.79999999999927,12.0,227.0,10.0,3.1999999999970896,23.30000000000291,42.69999999999709,53.89999999999418,19.30000000000291,0.0,0.0
2025-07-30 04:00:00,698.0,172.0,12.900000000001455,23.0,54.29999999999927,12.0,221.0,9.599999999998545,3.0,22.59999999999127,42.599999999998545,55.10000000000582,22.09999999999127,0.0,0.0
2025-07-30 05:00:00,682.0,168.0,12.19999999999709,23.0,50.20000000000073,12.0,218.0,10.30000000000291,2.8999999999941792,21.19999999999709,42.0,53.19999999999709,21.70000000001164,0.0,0.0
2025-07-30 06:00:00,731.0,176.0,12.900000000001455,24.0,52.5,12.0,225.0,10.799999999995634,2.7000000000116415,21.70000000001164,42.200000000004366,53.69999999999709,44.39999999999418,0.0,0.0
2025-07-30 07:00:00,791.0,194.0,14.099999999998545,32.0,53.29999999999927,18.0,245.0,12.700000000004366,0.8999999999941792,21.29999999998836,42.39999999999418,49.0,55.5,1.0,3.0
2025-07-30 08:00:00,965.0,235.0,21.5,38.0,48.80000000000109,47.0,292.0,10.900000000001455,1.1000000000058208,38.40000000000873,51.30000000000291,46.200000000004366,65.10000000000582,3.0,10.0
2025-07-30 09:00:00,1221.0,309.0,26.400000000001455,42.0,59.600000000000364,77.0,356.0,10.799999999995634,2.7999999999883585,62.80000000000291,60.30000000000291,47.0,77.69999999999709,11.0,17.0
2025-07-30 10:00:00,1373.0,340.0,32.099999999998545,62.0,72.89999999999964,82.0,403.0,12.80000000000291,0.9000000000087311,62.5,68.5,46.69999999999709,81.19999999999709,14.0,21.0
2025-07-30 11:00:00,1352.0,336.0,36.20000000000073,63.0,70.0,80.0,416.0,12.19999999999709,0.09999999999126885,58.69999999999709,58.099999999998545,40.80000000000291,86.10000000000582,16.0,24.0
2025-07-30 12:00:00,1350.0,342.0,48.79999999999927,53.0,69.29999999999927,57.0,435.0,11.400000000001455,0.0,66.80000000000291,59.0,40.599999999998545,82.0,17.0,26.0
2025-07-30 13:00:00,1435.0,372.0,37.400000000001455,55.0,99.30000000000109,54.0,453.0,11.5,0.0,77.89999999999418,58.599999999998545,41.80000000000291,84.09999999999127,17.0,26.0
2025-07-30 14:00:00,1483.0,386.0,40.70000000000073,51.0,101.29999999999927,45.0,483.0,11.900000000001455,0.6000000000058208,81.39999999999418,60.0,42.39999999999418,78.60000000000582,16.0,24.0
2025-07-30 15:00:00,1469.0,390.0,35.599999999998545,59.0,95.20000000000073,53.0,476.0,11.69999999999709,4.100000000005821,65.30000000000291,61.5,43.700000000004366,69.09999999999127,13.0,20.0
2025-07-30 16:00:00,1451.0,385.0,33.29999999999927,60.0,95.29999999999927,46.0,467.0,11.400000000001455,9.799999999988358,62.90000000000873,53.099999999998545,49.69999999999709,73.10000000000582,11.0,16.0
2025-07-30 17:00:00,1334.0,339.0,28.600000000002183,51.0,83.10000000000036,41.0,447.0,11.900000000001455,15.60000000000582,55.59999999999127,48.599999999998545,52.700000000004366,71.5,6.0,9.0
2025-07-30 18:00:00,1193.0,298.0,27.700000000000728,40.0,83.69999999999891,24.0,384.0,23.0,17.10000000000582,45.10000000000582,48.10000000000582,53.5,74.39999999999418,1.0,3.0
2025-07-30 19:00:00,1077.0,256.0,25.0,34.0,81.60000000000036,20.0,344.0,43.299999999995634,16.89999999999418,30.5,45.0,55.19999999999709,65.60000000000582,0.0,0.0
2025-07-30 20:00:00,993.0,226.0,20.899999999997817,31.0,82.60000000000036,16.0,311.0,44.0,16.80000000000291,29.30000000000291,42.69999999999709,55.69999999999709,59.39999999999418,0.0,0.0
2025-07-30 21:00:00,900.0,215.0,15.5,28.0,75.60000000000036,15.0,297.0,29.0,10.39999999999418,25.59999999999127,43.0,55.60000000000582,33.90000000000873,0.0,0.0
2025-07-30 22:00:00,815.0,204.0,15.900000000001455,23.0,67.60000000000036,12.0,280.0,9.700000000004366,3.5,26.19999999999709,42.80000000000291,54.89999999999418,20.89999999999418,0.0,0.0
2025-07-30 23:00:00,784.0,191.0,13.200000000000728,21.0,61.399999999999636,16.0,274.0,9.400000000001455,3.1999999999970896,26.80000000000291,43.5,54.0,19.10000000000582,0.0,0.0
2025-07-31 00:00:00,755.0,188.0,13.19999999999709,19.0,62.399999999999636,13.0,253.0,9.5,3.2000000000116415,26.80000000000291,42.89999999999418,55.0,18.19999999999709,0.0,0.0
2025-07-31 01:00:00,719.0,180.0,12.700000000000728,18.0,60.899999999999636,13.0,232.0,9.0,3.1999999999970896,26.30000000000291,42.5,54.0,18.30000000000291,0.0,0.0
2025-07-31 02:00:00,693.0,176.0,14.200000000000728,19.0,59.30000000000109,12.0,213.0,8.5,3.1999999999970896,25.69999999999709,42.10000000000582,53.80000000000291,18.69999999999709,0.0,0.0
2025-07-31 03:00:00,690.0,175.0,13.299999999999272,18.0,59.0,12.0,212.0,8.799999999995634,3.1000000000058208,26.19999999999709,42.5,54.0,18.0,0.0,0.0
2025-07-31 04:00:00,691.0,175.0,13.600000000002183,18.0,58.5,12.0,212.0,8.80000000000291,3.1999999999970896,25.69999999999709,42.5,53.69999999999709,18.69999999999709,0.0,0.0
2025-07-31 05:00:00,688.0,175.0,13.299999999999272,20.0,55.399999999999636,12.0,211.0,8.400000000001455,3.5,23.80000000000291,42.0,55.30000000000291,19.80000000000291,0.0,0.0
2025-07-31 06:00:00,718.0,182.0,12.200000000000728,21.0,55.899999999999636,12.0,218.0,9.39999999999418,2.6999999999970896,23.30000000000291,42.0,51.19999999999709,40.80000000000291,1.0,1.0
2025-07-31 07:00:00,787.0,200.0,13.19999999999709,26.0,53.100000000000364,22.0,233.0,9.60000000000582,0.8999999999941792,25.0,45.19999999999709,50.0,55.0,1.0,2.0
2025-07-31 08:00:00,971.0,246.0,16.700000000000728,33.0,53.69999999999891,43.0,293.0,9.0,2.6000000000058208,42.89999999999418,50.0,48.10000000000582,66.0,3.0,10.0
2025-07-31 09:00:00,1235.0,328.0,24.900000000001455,38.0,65.30000000000109,72.0,353.0,10.69999999999709,4.0,63.20000000001164,51.599999999998545,48.599999999998545,77.59999999999127,10.0,15.0
2025-07-31 10:00:00,1375.0,375.0,32.39999999999782,48.0,84.19999999999891,84.0,414.0,13.5,0.10000000000582077,54.59999999999127,51.0,48.19999999999709,75.70000000001164,13.0,20.0
2025-07-31 11:00:00,1409.0,378.0,29.80000000000291,48.0,99.60000000000036,71.0,437.0,12.400000000001455,0.09999999999126885,51.80000000000291,54.200000000004366,46.099999999998545,85.59999999999127,15.0,22.0
2025-07-31 12:00:00,1384.0,370.0,40.69999999999709,56.0,87.30000000000109,50.0,443.0,11.69999999999709,0.10000000000582077,57.0,56.39999999999418,44.30000000000291,81.5,15.0,24.0
2025-07-31 13:00:00,1506.0,384.0,56.0,56.0,100.79999999999927,54.0,476.0,12.400000000001455,0.3000000000029104,80.30000000000291,66.90000000000146,44.5,80.19999999999709,16.0,24.0
2025-07-31 14:00:00,1545.0,393.0,52.20000000000073,58.0,106.0,48.0,503.0,15.099999999998545,1.6999999999970896,72.5,70.59999999999854,45.80000000000291,75.90000000000873,15.0,23.0
2025-07-31 15:00:00,1533.0,389.0,50.70000000000073,56.0,101.0,53.0,497.0,13.099999999998545,6.599999999991269,77.5,67.10000000000582,51.299999999995634,66.89999999999418,12.0,18.0
2025-07-31 16:00:00,1489.0,381.0,43.099999999998545,53.0,98.70000000000073,39.0,498.0,12.10000000000582,10.30000000000291,70.39999999999418,61.69999999999709,54.599999999998545,68.80000000000291,10.0,14.0
2025-07-31 17:00:00,1376.0,352.0,32.10000000000218,44.0,85.0,35.0,470.0,11.5,16.19999999999709,57.30000000000291,55.69999999999709,57.30000000000291,71.30000000000291,5.0,8.0
2025-07-31 18:00:00,1204.0,285.0,27.399999999997817,39.0,79.0,21.0,424.0,10.799999999995634,16.10000000000582,44.30000000000291,52.5,59.0,68.59999999999127,1.0,2.0
2025-07-31 19:00:00,1064.0,252.0,22.5,31.0,81.09999999999854,18.0,355.0,10.400000000001455,15.60000000000582,37.69999999999709,46.400000000001455,59.599999999998545,67.80000000000291,0.0,0.0
2025-07-31 20:00:00,970.0,225.0,16.30000000000291,29.0,79.0,15.0,313.0,10.5,15.799999999988358,39.0,47.400000000001455,59.099999999998545,60.10000000000582,0.0,0.0
2025-07-31 21:00:00,902.0,214.0,14.69999999999709,27.0,77.10000000000036,12.0,298.0,10.0,9.400000000008731,38.0,49.80000000000291,58.700000000004366,36.09999999999127,0.0,0.0
2025-07-31 22:00:00,832.0,198.0,16.100000000002183,24.0,73.0,12.0,277.0,10.19999999999709,3.3000000000029104,35.19999999999709,48.5,57.5,21.0,0.0,0.0
2025-07-31 23:00:00,798.0,195.0,14.0,23.0,67.60000000000036,12.0,266.0,9.80000000000291,3.2999999999883585,29.90000000000873,48.099999999998545,56.400000000001455,21.0,0.0,0.0
2025-08-01 00:00:00,765.0,189.0,14.0,21.0,61.5,12.0,252.0,9.900000000001455,3.2000000000116415,29.0,47.0,56.39999999999418,18.5,0.0,0.0
2025-08-01 01:00:00,737.0,182.0,13.200000000000728,22.0,58.5,12.0,237.0,9.69999999999709,3.2999999999883585,28.0,45.799999999995634,56.30000000000291,19.5,0.0,0.0
2025-08-01 02:00:00,721.0,179.0,12.899999999997817,21.0,57.100000000000364,12.0,233.0,9.400000000001455,3.2000000000116415,25.89999999999418,43.5,55.80000000000291,20.80000000000291,0.0,0.0
2025-08-01 03:00:00,717.0,174.0,13.400000000001455,19.0,55.5,13.0,235.0,9.599999999998545,3.2999999999883585,27.89999999999418,44.0,55.89999999999418,18.69999999999709,0.0,0.0
2025-08-01 04:00:00,703.0,174.0,12.799999999999272,19.0,55.399999999999636,11.0,225.0,8.200000000004366,3.2000000000116415,27.30000000000291,43.0,55.10000000000582,19.5,0.0,0.0
2025-08-01 05:00:00,699.0,174.0,13.099999999998545,20.0,54.70000000000073,12.0,222.0,9.299999999995634,3.0,26.60000000000582,42.700000000004366,55.5,20.40000000000873,0.0,0.0
2025-08-01 06:00:00,733.0,178.0,13.400000000001455,21.0,56.899999999999636,12.0,229.0,9.0,2.599999999991269,25.80000000000291,41.69999999999709,54.299999999995634,42.0,1.0,1.0
2025-08-01 07:00:00,819.0,196.0,14.0,24.0,57.29999999999927,17.0,261.0,10.200000000004366,0.9000000000087311,33.59999999999127,44.700000000004366,51.700000000004366,57.0,0.0,3.0
2025-08-01 08:00:00,1027.0,247.0,16.900000000001455,33.0,54.20000000000073,59.0,320.0,10.69999999999709,1.6999999999970896,46.30000000000291,48.89999999999418,49.69999999999709,67.5,4.0,9.0
2025-08-01 09:00:00,1309.0,342.0,35.29999999999927,39.0,59.69999999999891,95.0,393.0,11.30000000000291,1.0999999999912689,59.80000000000291,52.30000000000291,48.099999999998545,83.39999999999418,10.0,16.0
2025-08-01 10:00:00,1455.0,395.0,45.599999999998545,52.0,73.10000000000036,84.0,452.0,14.39999999999418,0.10000000000582077,58.09999999999127,56.599999999998545,45.099999999998545,80.5,14.0,21.0
2025-08-01 11:00:00,1487.0,403.0,40.0,53.0,70.60000000000036,94.0,468.0,14.5,0.0,57.20000000001164,59.0,44.400000000001455,88.40000000000873,15.0,23.0
2025-08-01 12:00:00,1448.0,373.0,46.10000000000218,54.0,83.10000000000036,54.0,479.0,12.0,0.0,68.79999999998836,61.30000000000291,44.30000000000291,87.09999999999127,16.0,24.0
2025-08-01 13:00:00,1559.0,380.0,53.29999999999927,54.0,104.19999999999891,97.0,477.0,12.5,0.10000000000582077,99.80000000000291,63.19999999999709,44.69999999999709,83.69999999999709,16.0,24.0
2025-08-01 14:00:00,1603.0,401.0,50.599999999998545,58.0,107.40000000000146,69.0,515.0,13.10000000000582,0.29999999998835847,98.90000000000873,65.90000000000146,46.0,79.40000000000873,14.0,22.0
2025-08-01 15:00:00,1604.0,410.0,47.10000000000218,57.0,111.29999999999927,38.0,534.0,13.19999999999709,3.400000000008731,93.19999999999709,68.69999999999709,50.599999999998545,69.80000000000291,12.0,18.0
2025-08-01 16:00:00,1554.0,418.0,48.5,55.0,107.90000000000146,44.0,487.0,13.400000000001455,7.69999999999709,85.39999999999418,66.5,53.900000000001455,72.19999999999709,9.0,14.0
2025-08-01 17:00:00,1411.0,376.0,38.89999999999782,47.0,97.79999999999927,26.0,454.0,11.299999999995634,11.69999999999709,65.5,60.80000000000291,56.599999999998545,75.80000000000291,4.0,6.0
2025-08-01 18:00:00,1221.0,322.0,27.700000000000728,37.0,83.79999999999927,31.0,390.0,11.0,13.60000000000582,42.60000000000582,50.19999999999709,55.900000000001455,72.59999999999127,2.0,2.0
2025-08-01 19:00:00,1078.0,274.0,20.900000000001455,32.0,74.5,22.0,350.0,10.200000000004366,15.599999999991269,36.30000000000291,46.10000000000582,56.5,67.80000000000291,0.0,0.0
2025-08-01 20:00:00,952.0,236.0,19.0,27.0,64.5,16.0,304.0,10.099999999998545,15.700000000011642,34.39999999999418,45.799999999995634,56.099999999998545,59.30000000000291,0.0,0.0
2025-08-01 21:00:00,856.0,222.0,16.19999999999709,24.0,60.20000000000073,11.0,283.0,10.19999999999709,8.299999999988358,31.39999999999418,45.400000000001455,56.200000000004366,29.39999999999418,0.0,0.0
2025-08-01 22:00:00,803.0,203.0,15.600000000002183,22.0,56.29999999999927,12.0,271.0,9.60000000000582,3.1000000000058208,28.20000000001164,48.099999999998545,56.299999999995634,21.90000000000873,0.0,0.0
2025-08-01 23:00:00,763.0,196.0,15.599999999998545,18.0,54.29999999999927,12.0,253.0,9.69999999999709,3.1000000000058208,25.09999999999127,45.200000000004366,55.10000000000582,21.39999999999418,0.0,0.0
2025-08-02 00:00:00,735.0,190.0,13.5,17.0,53.20000000000073,11.0,243.0,9.400000000001455,3.1999999999970896,23.69999999999709,44.599999999998545,54.5,18.5,0.0,0.0
2025-08-02 01:00:00,722.0,181.0,13.400000000001455,18.0,51.900000000001455,12.0,241.0,9.19999999999709,3.0,23.0,44.0,54.5,20.80000000000291,0.0,0.0
2025-08-02 02:00:00,690.0,168.0,14.099999999998545,18.0,49.599999999998545,11.0,227.0,9.400000000001455,3.099999999991269,22.10000000000582,43.5,54.39999999999418,20.5,0.0,0.0
2025-08-02 03:00:00,674.0,163.0,14.100000000002183,16.0,49.400000000001455,12.0,222.0,8.900000000001455,3.0,21.80000000000291,43.400000000001455,54.200000000004366,19.30000000000291,0.0,0.0
2025-08-02 04:00:00,669.0,164.0,15.19999999999709,16.0,49.0,11.0,213.0,9.299999999995634,3.1000000000058208,20.5,43.39999999999418,55.599999999998545,21.0,0.0,0.0
2025-08-02 05:00:00,664.0,164.0,14.600000000002183,16.0,48.5,12.0,213.0,8.900000000001455,2.8999999999941792,19.59999999999127,43.10000000000582,53.80000000000291,19.5,0.0,0.0
2025-08-02 06:00:00,675.0,169.0,13.700000000000728,16.0,49.39999999999782,11.0,221.0,9.599999999998545,2.3000000000029104,19.30000000000291,44.099999999998545,53.599999999998545,17.59999999999127,0.0,1.0
2025-08-02 07:00:00,696.0,178.0,13.899999999997817,17.0,48.70000000000073,12.0,230.0,9.80000000000291,0.3000000000029104,18.90000000000873,46.5,50.599999999998545,20.10000000000582,0.0,2.0
2025-08-02 08:00:00,721.0,186.0,14.200000000000728,20.0,41.0,11.0,256.0,10.30000000000291,0.0,18.79999999998836,50.5,47.19999999999709,20.30000000000291,4.0,10.0
2025-08-02 09:00:00,769.0,191.0,17.599999999998545,21.0,35.79999999999927,11.0,282.0,10.799999999995634,0.0,20.5,49.5,48.10000000000582,37.09999999999127,9.0,14.0
2025-08-02 10:00:00,817.0,203.0,24.200000000000728,21.0,29.5,11.0,291.0,10.80000000000291,0.0,22.90000000000873,49.299999999995634,45.19999999999709,59.40000000000873,13.0,19.0
2025-08-02 11:00:00,834.0,219.0,21.400000000001455,23.0,28.200000000000728,12.0,290.0,11.299999999995634,0.0,23.80000000000291,51.60000000000582,46.099999999998545,58.89999999999418,15.0,23.0
2025-08-02 12:00:00,860.0,232.0,23.899999999997817,24.0,32.5,11.0,290.0,11.400000000001455,0.0,23.0,52.5,46.30000000000291,63.60000000000582,15.0,24.0
2025-08-02 13:00:00,937.0,239.0,24.600000000002183,38.0,37.400000000001455,12.0,321.0,11.700000000004366,0.0,23.29999999998836,54.599999999998545,46.799999999995634,69.09999999999127,16.0,24.0
2025-08-02 14:00:00,957.0,244.0,29.200000000000728,30.0,41.0,13.0,342.0,11.69999999999709,1.3999999999941792,26.0,55.099999999998545,43.80000000000291,51.40000000000873,15.0,22.0
2025-08-02 15:00:00,948.0,248.0,30.19999999999709,29.0,49.0,11.0,339.0,13.099999999998545,5.400000000008731,26.40000000000873,55.5,46.599999999998545,28.69999999999709,13.0,19.0
2025-08-02 16:00:00,931.0,240.0,27.600000000002183,28.0,49.0,12.0,328.0,13.700000000004366,11.39999999999418,25.0,52.900000000001455,48.900000000001455,28.30000000000291,10.0,15.0
2025-08-02 17:00:00,927.0,232.0,27.799999999999272,24.0,55.099999999998545,12.0,323.0,12.39999999999418,18.10000000000582,29.5,49.400000000001455,52.0,26.69999999999709,6.0,9.0
2025-08-02 18:00:00,893.0,224.0,21.5,20.0,63.900000000001455,11.0,306.0,11.700000000004366,19.80000000000291,24.69999999999709,49.299999999995634,54.900000000001455,23.59999999999127,1.0,3.0
2025-08-02 19:00:00,815.0,213.0,19.5,17.0,61.599999999998545,12.0,271.0,10.799999999995634,4.7999999999883585,22.10000000000582,45.80000000000291,55.900000000001455,27.5,0.0,0.0
2025-08-02 20:00:00,781.0,210.0,16.5,18.0,57.900000000001455,11.0,248.0,10.200000000004366,4.400000000008731,23.09999999999127,44.5,55.5,27.0,0.0,0.0
2025-08-02 21:00:00,761.0,198.0,17.599999999998545,19.0,57.79999999999927,13.0,242.0,9.599999999998545,4.19999999999709,24.69999999999709,44.400000000001455,55.19999999999709,25.20000000001164,0.0,0.0
2025-08-02 22:00:00,743.0,181.0,18.900000000001455,17.0,54.599999999998545,11.0,246.0,9.80000000000291,4.5,24.10000000000582,45.799999999995634,57.30000000000291,21.29999999998836,0.0,0.0
2025-08-02 23:00:00,730.0,190.0,18.099999999998545,17.0,53.79999999999927,11.0,231.0,9.19999999999709,4.30000000000291,24.0,45.30000000000291,54.69999999999709,21.70000000001164,0.0,0.0
2025-08-03 00:00:00,723.0,187.0,17.700000000000728,15.0,51.5,11.0,231.0,9.5,4.30000000000291,25.10000000000582,44.5,54.599999999998545,19.59999999999127,0.0,0.0
2025-08-03 01:00:00,692.0,174.0,16.0,14.0,51.30000000000291,12.0,217.0,9.19999999999709,4.399999999994179,23.69999999999709,43.599999999998545,54.599999999998545,21.10000000000582,0.0,0.0
2025-08-03 02:00:00,672.0,170.0,13.0,15.0,50.39999999999782,11.0,210.0,9.30000000000291,4.399999999994179,22.89999999999418,42.900000000001455,54.5,20.80000000000291,0.0,0.0
2025-08-03 03:00:00,662.0,162.0,13.200000000000728,15.0,49.70000000000073,12.0,209.0,8.80000000000291,4.900000000008731,20.90000000000873,43.299999999995634,54.60000000000582,21.0,0.0,0.0
2025-08-03 04:00:00,652.0,159.0,13.099999999998545,15.0,49.900000000001455,11.0,205.0,8.099999999998545,4.5,19.79999999998836,42.10000000000582,54.599999999998545,22.19999999999709,0.0,0.0
2025-08-03 05:00:00,627.0,155.0,12.600000000002183,13.0,47.89999999999782,13.0,195.0,8.0,3.8999999999941792,17.90000000000873,41.299999999995634,54.5,19.59999999999127,0.0,0.0
2025-08-03 06:00:00,638.0,159.0,13.099999999998545,14.0,47.79999999999927,11.0,202.0,9.299999999995634,2.6000000000058208,19.0,42.30000000000291,52.599999999998545,18.0,1.0,1.0
2025-08-03 07:00:00,661.0,165.0,12.900000000001455,14.0,46.900000000001455,10.0,218.0,9.900000000001455,0.3000000000029104,18.89999999999418,44.299999999995634,50.099999999998545,20.0,1.0,4.0
2025-08-03 08:00:00,682.0,182.0,12.700000000000728,15.0,41.900000000001455,11.0,229.0,9.80000000000291,0.0,19.10000000000582,43.30000000000291,50.0,21.20000000001164,4.0,7.0
2025-08-03 09:00:00,690.0,188.0,13.19999999999709,15.0,35.0,11.0,239.0,10.19999999999709,0.0,18.59999999999127,43.400000000001455,46.400000000001455,21.39999999999418,7.0,12.0
2025-08-03 10:00:00,737.0,197.0,20.600000000002183,17.0,31.5,11.0,257.0,10.599999999998545,2.3999999999941792,23.60000000000582,47.099999999998545,44.30000000000291,21.60000000000582,10.0,15.0
2025-08-03 11:00:00,772.0,213.0,20.700000000000728,18.0,27.099999999998545,12.0,277.0,11.200000000004366,1.0,22.80000000000291,46.80000000000291,41.19999999999709,21.39999999999418,14.0,20.0
2025-08-03 12:00:00,809.0,224.0,25.5,21.0,35.099999999998545,12.0,280.0,11.599999999998545,2.3999999999941792,23.09999999999127,46.89999999999418,42.5,20.10000000000582,11.0,18.0
2025-08-03 13:00:00,827.0,231.0,23.799999999999272,22.0,31.600000000002183,12.0,294.0,11.400000000001455,1.7000000000116415,23.30000000000291,52.0,42.400000000001455,23.29999999998836,16.0,23.0
2025-08-03 14:00:00,861.0,239.0,30.099999999998545,23.0,40.099999999998545,11.0,300.0,11.599999999998545,5.099999999991269,24.0,50.60000000000582,42.799999999995634,22.20000000001164,12.0,19.0
2025-08-03 15:00:00,897.0,239.0,33.5,25.0,45.5,12.0,313.0,11.599999999998545,5.900000000008731,33.0,52.39999999999418,44.0,21.79999999998836,13.0,20.0
2025-08-03 16:00:00,936.0,237.0,30.700000000000728,26.0,54.10000000000218,12.0,320.0,12.200000000004366,12.89999999999418,37.30000000000291,51.700000000004366,50.10000000000582,23.20000000001164,9.0,14.0
2025-08-03 17:00:00,933.0,241.0,29.799999999999272,24.0,63.39999999999782,11.0,314.0,11.5,19.60000000000582,28.30000000000291,49.599999999998545,52.39999999999418,22.59999999999127,5.0,7.0
2025-08-03 18:00:00,903.0,230.0,20.900000000001455,21.0,72.79999999999927,12.0,307.0,11.39999999999418,20.5,25.89999999999418,48.80000000000291,55.5,18.90000000000873,1.0,1.0
2025-08-03 19:00:00,857.0,212.0,16.5,20.0,72.20000000000073,13.0,281.0,33.60000000000582,4.7999999999883585,21.40000000000873,46.5,56.30000000000291,21.29999999998836,0.0,0.0
2025-08-03 20:00:00,786.0,195.0,20.5,20.0,68.90000000000146,11.0,247.0,15.599999999998545,4.30000000000291,21.59999999999127,45.5,56.099999999998545,22.90000000000873,0.0,0.0
2025-08-03 21:00:00,767.0,194.0,17.599999999998545,20.0,64.70000000000073,11.0,243.0,10.0,4.100000000005821,22.5,47.599999999998545,55.700000000004366,21.89999999999418,0.0,0.0
2025-08-03 22:00:00,758.0,197.0,16.100000000002183,17.0,63.099999999998545,12.0,238.0,10.19999999999709,4.30000000000291,22.90000000000873,45.900000000001455,55.39999999999418,22.60000000000582,0.0,0.0
2025-08-03 23:00:00,761.0,200.0,15.799999999999272,16.0,61.400000000001455,11.0,241.0,10.0,4.2999999999883585,24.0,45.099999999998545,55.60000000000582,22.30000000000291,0.0,0.0
2025-08-04 00:00:00,750.0,199.0,19.0,17.0,58.19999999999709,11.0,236.0,10.200000000004366,4.2000000000116415,23.5,45.799999999995634,55.39999999999418,20.69999999999709,0.0,0.0
2025-08-04 01:00:00,742.0,194.0,17.099999999998545,16.0,57.60000000000218,11.0,230.0,9.69999999999709,4.19999999999709,23.79999999998836,46.700000000004366,55.400000000001455,23.89999999999418,0.0,0.0
2025-08-04 02:00:00,721.0,189.0,15.100000000002183,15.0,56.5,11.0,221.0,9.80000000000291,4.19999999999709,24.60000000000582,45.099999999998545,55.099999999998545,22.5,0.0,0.0
2025-08-04 03:00:00,721.0,191.0,14.099999999998545,16.0,56.39999999999782,12.0,219.0,10.0,4.19999999999709,23.10000000000582,45.30000000000291,55.5,21.80000000000291,0.0,0.0
2025-08-04 04:00:00,725.0,191.0,14.200000000000728,16.0,57.20000000000073,12.0,223.0,9.69999999999709,4.100000000005821,20.19999999999709,46.19999999999709,57.30000000000291,23.30000000000291,0.0,0.0
2025-08-04 05:00:00,708.0,188.0,14.0,15.0,55.400000000001455,11.0,214.0,9.69999999999709,4.0,19.30000000000291,46.5,54.5,24.5,0.0,0.0
2025-08-04 06:00:00,733.0,187.0,13.899999999997817,16.0,54.79999999999927,12.0,221.0,10.0,2.8999999999941792,18.79999999998836,44.19999999999709,53.5,43.89999999999418,0.0,1.0
2025-08-04 07:00:00,789.0,197.0,16.100000000002183,17.0,52.20000000000073,11.0,250.0,9.900000000001455,1.6999999999970896,20.20000000001164,44.60000000000582,51.5,56.0,2.0,3.0
2025-08-04 08:00:00,975.0,246.0,22.200000000000728,23.0,62.79999999999927,23.0,297.0,11.0,8.0,37.89999999999418,54.599999999998545,54.30000000000291,67.19999999999709,2.0,3.0
2025-08-04 09:00:00,1268.0,341.0,28.899999999997817,32.0,78.79999999999927,65.0,376.0,13.200000000004366,13.30000000000291,43.19999999999709,53.299999999995634,56.5,81.5,2.0,3.0
2025-08-04 10:00:00,1444.0,384.0,42.5,60.0,88.20000000000073,63.0,417.0,10.5,15.900000000008731,68.80000000000291,63.60000000000582,56.799999999995634,79.20000000001164,2.0,3.0
2025-08-04 11:00:00,1482.0,386.0,48.60000000000218,56.0,87.90000000000146,75.0,445.0,13.0,16.79999999998836,60.80000000000291,62.599999999998545,55.900000000001455,82.59999999999127,3.0,6.0
2025-08-04 12:00:00,1488.0,365.0,42.29999999999927,52.0,93.59999999999854,77.0,468.0,11.0,18.5,72.0,58.599999999998545,55.69999999999709,85.60000000000582,3.0,4.0
2025-08-04 13:00:00,1500.0,383.0,38.5,48.0,91.59999999999854,91.0,465.0,10.19999999999709,15.60000000000582,63.59999999999127,60.599999999998545,54.900000000001455,84.80000000000291,4.0,7.0
2025-08-04 14:00:00,1529.0,408.0,37.0,46.0,98.0,74.0,476.0,10.30000000000291,15.30000000000291,63.60000000000582,72.0,53.400000000001455,78.69999999999709,6.0,9.0
2025-08-04 15:00:00,1545.0,420.0,37.5,52.0,112.5,87.0,461.0,12.799999999995634,19.69999999999709,64.60000000000582,63.400000000001455,55.900000000001455,69.39999999999418,2.0,3.0
2025-08-04 16:00:00,1420.0,390.0,38.79999999999927,48.0,102.80000000000291,37.0,447.0,13.200000000004366,23.30000000000291,52.69999999999709,57.099999999998545,55.900000000001455,69.5,1.0,2.0
2025-08-04 17:00:00,1302.0,357.0,37.29999999999927,45.0,88.5,13.0,420.0,12.69999999999709,19.5,48.39999999999418,55.099999999998545,54.799999999995634,70.90000000000873,2.0,3.0
2025-08-04 18:00:00,1160.0,288.0,33.20000000000073,36.0,78.39999999999782,13.0,394.0,12.80000000000291,17.89999999999418,41.80000000000291,47.200000000004366,55.200000000004366,72.29999999998836,0.0,1.0
2025-08-04 19:00:00,1071.0,270.0,25.5,31.0,76.10000000000218,12.0,361.0,12.5,17.30000000000291,38.69999999999709,46.0,54.5,65.40000000000873,0.0,0.0
2025-08-04 20:00:00,996.0,251.0,20.5,31.0,73.89999999999782,13.0,321.0,12.0,17.5,36.90000000000873,45.5,55.299999999995634,58.69999999999709,0.0,0.0
2025-08-04 21:00:00,898.0,229.0,19.599999999998545,29.0,74.70000000000073,15.0,289.0,11.299999999995634,9.60000000000582,32.09999999999127,47.599999999998545,55.700000000004366,28.10000000000582,0.0,0.0
2025-08-04 22:00:00,853.0,229.0,19.200000000000728,25.0,73.20000000000073,16.0,266.0,10.80000000000291,3.7999999999883585,29.30000000000291,48.30000000000291,55.099999999998545,21.29999999998836,0.0,0.0
2025-08-04 23:00:00,818.0,212.0,17.0,26.0,68.0,11.0,266.0,10.5,3.3000000000029104,29.10000000000582,45.599999999998545,54.5,20.30000000000291,0.0,0.0
2025-08-05 00:00:00,794.0,206.0,15.5,24.0,64.5,13.0,258.0,10.5,3.400000000008731,28.59999999999127,44.900000000001455,54.400000000001455,18.80000000000291,0.0,0.0
2025-08-05 01:00:00,386.0,100.0,7.100000000000364,11.5,31.100000000000364,5.5,121.5,5.299999999999272,1.6999999999970896,14.55000000000291,23.75,26.899999999997817,10.349999999998545,0.0,0.0
2025-08-05 02:00:00,376.5,97.5,6.799999999999272,10.5,28.94999999999891,5.5,120.5,5.200000000000728,1.6999999999970896,13.549999999995634,23.75,27.299999999999272,9.650000000001455,0.0,0.0
2025-08-05 03:00:00,367.0,95.0,6.450000000000728,11.0,29.05000000000109,5.5,114.5,5.0,1.9000000000014552,12.55000000000291,23.549999999999272,27.30000000000291,9.55000000000291,0.0,0.0
2025-08-05 04:00:00,362.0,93.0,6.850000000000364,10.0,28.25,6.0,114.5,5.149999999997817,1.7000000000043656,11.44999999999709,22.799999999999272,28.399999999997817,9.89999999999418,0.0,0.0
2025-08-05 05:00:00,354.5,91.5,6.600000000000364,9.5,28.599999999998545,5.5,112.0,5.0,1.5499999999956344,9.60000000000582,22.0,27.100000000002183,10.60000000000582,0.0,0.0
2025-08-05 06:00:00,365.0,94.5,6.849999999998545,11.0,28.75,5.5,117.5,5.400000000001455,1.3000000000029104,10.44999999999709,22.400000000001455,26.69999999999709,11.0,0.5,0.0
2025-08-05 07:00:00,399.5,106.5,6.700000000000728,12.0,29.25,6.0,132.0,5.549999999999272,0.5,11.099999999998545,23.399999999997817,25.5,13.5,0.5,1.5
2025-08-05 08:00:00,472.5,128.5,8.399999999999636,13.5,30.5,6.0,154.5,5.75,0.6999999999970896,14.900000000001455,26.25,26.100000000002183,20.5,2.0,4.5
2025-08-05 09:00:00,652.5,171.5,18.149999999999636,19.0,42.70000000000073,42.5,198.0,5.850000000002183,0.09999999999854481,18.099999999998545,29.799999999999272,27.149999999997817,28.0,4.5,7.0
2025-08-05 10:00:00,757.0,199.0,20.75,33.0,55.100000000000364,42.0,227.0,6.149999999997817,0.6000000000058208,22.400000000001455,30.150000000001455,29.30000000000291,35.75,5.5,8.5
2025-08-05 11:00:00,738.0,196.0,20.55000000000109,32.0,58.649999999999636,17.5,228.0,6.350000000002183,1.25,27.349999999998545,31.950000000000728,28.649999999997817,33.0,4.0,6.0
2025-08-05 12:00:00,738.5,194.5,24.19999999999891,32.5,54.0,6.0,238.5,6.69999999999709,0.8499999999985448,25.75,34.45000000000073,27.950000000000728,34.599999999998545,5.5,9.0
2025-08-05 13:00:00,749.0,189.0,24.05000000000109,31.0,59.20000000000073,5.5,238.5,6.200000000000728,2.650000000001455,29.900000000001455,34.14999999999782,28.049999999999272,40.049999999995634,3.5,5.5
2025-08-05 14:00:00,754.5,195.0,23.25,30.0,64.19999999999891,7.5,242.0,7.200000000000728,5.099999999998545,29.599999999998545,33.20000000000073,29.549999999999272,30.05000000000291,2.0,2.5
2025-08-05 15:00:00,1494.0,381.0,51.70000000000073,60.0,127.70000000000073,50.0,469.0,12.900000000001455,6.69999999999709,58.60000000000582,70.90000000000146,58.60000000000582,33.80000000000291,4.0,7.0
2025-08-05 16:00:00,1458.0,373.0,51.19999999999709,59.0,117.79999999999927,36.0,460.0,12.299999999995634,4.5,74.0,68.0,58.0,33.89999999999418,6.0,9.0
2025-08-05 17:00:00,1215.0,316.0,36.20000000000073,44.0,100.40000000000146,13.0,405.0,11.10000000000582,4.100000000005821,46.69999999999709,57.299999999995634,59.599999999998545,31.40000000000873,1.0,1.0
2025-08-05 18:00:00,1064.0,274.0,27.700000000000728,35.0,83.29999999999927,12.0,373.0,12.0,3.099999999991269,34.0,47.200000000004366,55.5,25.19999999999709,0.0,1.0
2025-08-05 19:00:00,980.0,258.0,24.099999999998545,30.0,81.5,11.0,328.0,11.299999999995634,3.6999999999970896,32.69999999999709,48.69999999999709,56.799999999995634,23.0,0.0,0.0
2025-08-05 20:00:00,889.0,231.0,21.700000000000728,28.0,76.40000000000146,11.0,286.0,11.700000000004366,3.5,32.19999999999709,46.599999999998545,56.900000000001455,23.59999999999127,0.0,0.0
2025-08-05 21:00:00,832.0,210.0,20.0,26.0,71.5,11.0,269.0,10.89999999999418,3.400000000008731,27.60000000000582,45.400000000001455,55.80000000000291,24.30000000000291,0.0,0.0
2025-08-05 22:00:00,801.0,202.0,21.799999999999272,26.0,68.5,13.0,255.0,10.5,3.3999999999941792,24.69999999999709,45.0,56.099999999998545,20.69999999999709,0.0,0.0
2025-08-05 23:00:00,786.0,196.0,20.80000000000291,24.0,68.39999999999782,11.0,250.0,10.30000000000291,3.6999999999970896,24.90000000000873,45.0,55.5,19.5,0.0,0.0
2025-08-06 00:00:00,755.0,195.0,16.69999999999709,23.0,66.0,12.0,234.0,10.5,3.400000000008731,23.09999999999127,47.0,55.400000000001455,19.20000000001164,0.0,0.0
2025-08-06 01:00:00,734.0,186.0,14.900000000001455,22.0,65.0,11.0,227.0,10.099999999998545,3.3999999999941792,22.19999999999709,46.099999999998545,55.099999999998545,19.89999999999418,0.0,0.0
2025-08-06 02:00:00,728.0,179.0,16.200000000000728,22.0,63.29999999999927,11.0,229.0,10.200000000004366,3.3000000000029104,24.20000000001164,45.10000000000582,55.099999999998545,19.0,0.0,0.0
2025-08-06 03:00:00,714.0,174.0,14.299999999999272,22.0,63.400000000001455,11.0,224.0,10.299999999995634,3.3000000000029104,22.79999999998836,42.69999999999709,55.599999999998545,19.19999999999709,0.0,0.0
2025-08-06 04:00:00,704.0,173.0,14.099999999998545,19.0,61.29999999999927,11.0,221.0,9.900000000001455,3.3999999999941792,22.5,43.0,55.5,19.69999999999709,0.0,0.0
2025-08-06 05:00:00,707.0,174.0,14.200000000000728,19.0,61.5,12.0,222.0,10.099999999998545,3.1000000000058208,21.80000000000291,43.19999999999709,55.0,21.60000000000582,0.0,0.0
2025-08-06 06:00:00,731.0,182.0,14.600000000002183,21.0,61.10000000000218,11.0,232.0,10.400000000001455,2.5,22.40000000000873,43.30000000000291,54.400000000001455,22.0,1.0,0.0
2025-08-06 07:00:00,782.0,198.0,15.799999999999272,23.0,63.19999999999709,12.0,252.0,10.900000000001455,0.8000000000029104,23.79999999998836,46.19999999999709,51.80000000000291,23.89999999999418,1.0,3.0
2025-08-06 08:00:00,1103.0,273.0,21.700000000000728,30.0,74.5,65.0,357.0,12.5,3.0,48.60000000000582,50.60000000000582,51.299999999995634,41.70000000001164,3.0,8.0
2025-08-06 09:00:00,1337.0,322.0,24.19999999999709,32.0,84.10000000000218,136.0,422.0,13.19999999999709,1.1999999999970896,48.5,61.69999999999709,48.10000000000582,55.0,8.0,13.0
2025-08-06 10:00:00,1512.0,386.0,33.20000000000073,53.0,101.70000000000073,136.0,449.0,12.599999999998545,2.8999999999941792,53.39999999999418,66.90000000000146,46.89999999999418,69.69999999999709,10.0,15.0
2025-08-06 11:00:00,1568.0,418.0,32.5,57.0,95.19999999999709,140.0,456.0,13.0,0.5,58.5,83.69999999999709,43.60000000000582,67.19999999999709,15.0,22.0
2025-08-06 12:00:00,1567.0,382.0,37.79999999999927,59.0,103.70000000000073,145.0,470.0,12.700000000004366,4.19999999999709,54.40000000000873,83.59999999999854,46.599999999998545,72.80000000000291,11.0,17.0
2025-08-06 13:00:00,1655.0,404.0,43.400000000001455,61.0,110.10000000000218,162.0,488.0,14.599999999998545,0.6000000000058208,60.59999999999127,85.5,45.799999999995634,74.59999999999127,14.0,22.0
2025-08-06 14:00:00,1632.0,398.0,37.099999999998545,64.0,128.79999999999927,149.0,483.0,15.5,5.399999999994179,55.20000000001164,72.0,51.80000000000291,61.90000000000873,8.0,13.0
2025-08-06 15:00:00,1583.0,407.0,37.900000000001455,64.0,124.70000000000073,127.0,481.0,14.19999999999709,1.5,56.69999999999709,78.5,49.099999999998545,35.89999999999418,12.0,18.0
2025-08-06 16:00:00,1560.0,395.0,37.400000000001455,58.0,130.29999999999927,107.0,493.0,13.60000000000582,6.100000000005821,65.59999999999127,66.90000000000146,55.400000000001455,34.0,6.0,9.0
2025-08-06 17:00:00,1353.0,344.0,33.69999999999709,49.0,108.79999999999927,93.0,440.0,12.5,3.5,46.30000000000291,56.5,55.599999999998545,27.19999999999709,2.0,3.0
2025-08-06 18:00:00,1132.0,301.0,24.5,42.0,90.0,25.0,391.0,12.5,3.5,35.40000000000873,50.900000000001455,58.0,24.40000000000873,0.0,0.0
2025-08-06 19:00:00,992.0,262.0,21.700000000000728,34.0,82.40000000000146,17.0,338.0,12.299999999995634,3.5,29.89999999999418,47.69999999999709,56.599999999998545,23.89999999999418,0.0,0.0
2025-08-06 20:00:00,914.0,232.0,18.900000000001455,30.0,75.29999999999927,16.0,313.0,12.599999999998545,3.6000000000058208,24.80000000000291,47.0,56.400000000001455,24.80000000000291,0.0,0.0
2025-08-06 21:00:00,860.0,219.0,18.599999999998545,28.0,72.09999999999854,12.0,288.0,11.900000000001455,3.2999999999883585,23.0,47.400000000001455,56.900000000001455,23.39999999999418,0.0,0.0
2025-08-06 22:00:00,857.0,210.0,16.5,29.0,71.10000000000218,12.0,287.0,12.0,3.3000000000029104,29.5,50.099999999998545,57.80000000000291,20.60000000000582,0.0,0.0
2025-08-06 23:00:00,839.0,210.0,13.5,34.0,69.39999999999782,11.0,275.0,12.30000000000291,3.6000000000058208,29.80000000000291,46.700000000004366,55.69999999999709,19.30000000000291,0.0,0.0
2025-08-07 00:00:00,812.0,206.0,12.5,30.0,67.60000000000218,12.0,262.0,11.0,3.3999999999941792,29.29999999998836,47.19999999999709,56.69999999999709,18.89999999999418,0.0,0.0
2025-08-07 01:00:00,797.0,202.0,13.299999999999272,29.0,67.09999999999854,11.0,256.0,10.69999999999709,3.1999999999970896,28.10000000000582,46.0,55.700000000004366,19.80000000000291,0.0,0.0
2025-08-07 02:00:00,775.0,200.0,12.700000000000728,28.0,65.29999999999927,11.0,239.0,10.30000000000291,3.3000000000029104,25.10000000000582,48.30000000000291,57.5,20.19999999999709,0.0,0.0
2025-08-07 03:00:00,772.0,197.0,13.400000000001455,29.0,65.90000000000146,13.0,244.0,10.599999999998545,3.1999999999970896,22.19999999999709,47.5,55.900000000001455,18.69999999999709,0.0,0.0
2025-08-07 04:00:00,754.0,194.0,12.799999999999272,27.0,65.59999999999854,11.0,229.0,10.099999999998545,3.3000000000029104,21.59999999999127,46.400000000001455,57.799999999995634,20.20000000001164,0.0,0.0
2025-08-07 05:00:00,732.0,183.0,12.200000000000728,27.0,62.5,12.0,227.0,10.0,3.1000000000058208,21.20000000001164,44.5,55.700000000004366,20.69999999999709,0.0,0.0
2025-08-07 06:00:00,726.0,183.0,12.399999999997817,26.0,62.20000000000073,11.0,222.0,10.0,3.099999999991269,20.69999999999709,44.5,55.5,20.89999999999418,1.0,1.0
2025-08-07 07:00:00,761.0,196.0,13.30000000000291,28.0,59.5,12.0,240.0,9.400000000001455,3.1000000000058208,21.59999999999127,43.5,55.89999999999418,22.5,0.0,0.0
2025-08-07 08:00:00,912.0,245.0,17.19999999999709,32.0,61.29999999999927,12.0,288.0,9.80000000000291,6.100000000005821,33.0,45.299999999995634,57.80000000000291,38.5,1.0,1.0
2025-08-07 09:00:00,1168.0,316.0,31.900000000001455,34.0,75.79999999999927,12.0,369.0,9.89999999999418,1.6999999999970896,44.5,58.700000000004366,56.400000000001455,58.40000000000873,5.0,9.0
2025-08-07 10:00:00,1378.0,372.0,47.0,44.0,98.70000000000073,17.0,447.0,10.700000000004366,6.5,50.10000000000582,60.5,56.0,63.59999999999127,7.0,11.0
2025-08-07 11:00:00,1381.0,366.0,38.5,44.0,98.20000000000073,56.0,425.0,10.69999999999709,7.19999999999709,46.30000000000291,57.69999999999709,58.099999999998545,72.60000000000582,5.0,7.0
2025-08-07 12:00:00,1422.0,361.0,37.599999999998545,43.0,101.90000000000146,61.0,467.0,11.30000000000291,5.600000000005821,45.80000000000291,61.400000000001455,53.099999999998545,71.5,5.0,8.0
2025-08-07 13:00:00,1450.0,360.0,38.30000000000291,46.0,111.39999999999782,56.0,479.0,16.69999999999709,4.099999999991269,45.0,64.69999999999709,51.200000000004366,72.0,6.0,10.0
2025-08-07 14:00:00,1514.0,370.0,43.39999999999782,49.0,111.79999999999927,83.0,487.0,19.80000000000291,2.6000000000058208,50.5,73.30000000000291,51.89999999999418,58.89999999999418,9.0,13.0
2025-08-07 15:00:00,1479.0,379.0,43.20000000000073,44.0,115.5,65.0,485.0,16.599999999998545,3.0,51.5,77.5,50.80000000000291,34.60000000000582,6.0,11.0
2025-08-07 16:00:00,1357.0,350.0,37.29999999999927,38.0,109.5,30.0,469.0,13.900000000001455,6.399999999994179,48.39999999999418,64.90000000000146,57.30000000000291,32.89999999999418,3.0,4.0
2025-08-07 17:00:00,1208.0,320.0,30.400000000001455,30.0,93.90000000000146,38.0,409.0,10.299999999995634,3.1000000000058208,48.89999999999418,50.5,59.0,29.0,1.0,1.0
2025-08-07 18:00:00,1037.0,275.0,25.299999999999272,24.0,81.29999999999927,17.0,359.0,10.400000000001455,2.5,38.10000000000582,45.19999999999709,57.69999999999709,24.0,0.0,1.0
2025-08-07 19:00:00,955.0,251.0,23.799999999999272,23.0,73.10000000000218,12.0,328.0,10.200000000004366,3.3999999999941792,31.19999999999709,43.599999999998545,58.599999999998545,23.30000000000291,0.0,0.0
2025-08-07 20:00:00,881.0,222.0,22.0,23.0,73.29999999999927,15.0,298.0,9.69999999999709,3.1999999999970896,29.10000000000582,45.0,54.5,22.80000000000291,0.0,0.0
2025-08-07 21:00:00,870.0,216.0,21.5,31.0,72.5,16.0,286.0,10.0,3.400000000008731,26.09999999999127,45.400000000001455,55.900000000001455,22.09999999999127,0.0,0.0
2025-08-07 22:00:00,856.0,215.0,21.0,27.0,72.59999999999854,17.0,281.0,10.0,3.5,25.10000000000582,47.80000000000291,55.5,20.60000000000582,0.0,0.0
2025-08-07 23:00:00,835.0,203.0,24.299999999999272,25.0,72.60000000000218,18.0,272.0,10.0,3.1999999999970896,27.0,47.5,54.69999999999709,20.10000000000582,0.0,0.0
2025-08-08 00:00:00,796.0,201.0,19.900000000001455,21.0,71.59999999999854,14.0,256.0,9.80000000000291,3.0,27.19999999999709,45.5,54.5,19.0,0.0,0.0
2025-08-08 01:00:00,779.0,203.0,18.0,19.0,69.09999999999854,11.0,246.0,9.39999999999418,3.1999999999970896,26.40000000000873,44.5,54.10000000000582,21.19999999999709,0.0,0.0
2025-08-08 02:00:00,748.0,198.0,15.900000000001455,18.0,64.5,11.0,231.0,9.60000000000582,3.0,28.5,44.0,54.39999999999418,18.89999999999418,0.0,0.0
2025-08-08 03:00:00,726.0,189.0,15.19999999999709,16.0,59.80000000000291,11.0,229.0,9.39999999999418,3.1000000000058208,25.29999999998836,42.89999999999418,55.400000000001455,18.90000000000873,0.0,0.0
2025-08-08 04:00:00,728.0,187.0,16.5,17.0,60.5,11.0,229.0,9.30000000000291,3.099999999991269,24.80000000000291,43.30000000000291,55.099999999998545,19.69999999999709,0.0,0.0
2025-08-08 05:00:00,710.0,182.0,15.700000000000728,16.0,58.89999999999782,11.0,220.0,9.599999999998545,2.900000000008731,24.60000000000582,43.0,54.10000000000582,21.89999999999418,0.0,0.0
2025-08-08 06:00:00,715.0,184.0,16.100000000002183,16.0,56.900000000001455,12.0,227.0,9.200000000004366,2.099999999991269,23.5,42.400000000001455,53.299999999995634,21.19999999999709,1.0,1.0
2025-08-08 07:00:00,758.0,207.0,16.19999999999709,18.0,55.89999999999782,12.0,239.0,9.599999999998545,0.40000000000873115,24.5,45.19999999999709,52.400000000001455,24.30000000000291,2.0,3.0
2025-08-08 08:00:00,865.0,231.0,20.0,21.0,59.0,11.0,270.0,9.799999999995634,1.5,33.30000000000291,47.900000000001455,52.599999999998545,39.10000000000582,3.0,6.0
2025-08-08 09:00:00,1108.0,305.0,33.20000000000073,26.0,73.70000000000073,17.0,337.0,12.0,0.8999999999941792,39.5,57.599999999998545,53.200000000004366,62.89999999999418,8.0,13.0
2025-08-08 10:00:00,1281.0,371.0,33.60000000000218,40.0,86.90000000000146,22.0,379.0,13.400000000001455,2.6000000000058208,42.09999999999127,69.09999999999854,52.099999999998545,68.0,9.0,13.0
2025-08-08 11:00:00,1317.0,351.0,32.69999999999709,46.0,97.79999999999927,20.0,414.0,11.200000000004366,2.5,48.30000000000291,66.40000000000146,50.0,68.19999999999709,9.0,15.0
2025-08-08 12:00:00,1314.0,351.0,34.10000000000218,43.0,89.90000000000146,20.0,422.0,11.5,0.0,53.0,63.900000000001455,46.799999999995634,76.60000000000582,14.0,21.0
2025-08-08 13:00:00,1462.0,387.0,39.39999999999782,51.0,104.29999999999927,62.0,452.0,11.19999999999709,0.8000000000029104,50.19999999999709,64.30000000000291,49.5,81.80000000000291,13.0,19.0
2025-08-08 14:00:00,1446.0,380.0,36.60000000000218,46.0,108.0,94.0,438.0,12.80000000000291,2.7999999999883585,44.60000000000582,61.5,55.10000000000582,59.69999999999709,8.0,13.0
2025-08-08 15:00:00,1378.0,359.0,37.70000000000073,40.0,108.29999999999927,90.0,426.0,13.099999999998545,5.5,46.09999999999127,54.39999999999418,59.0,39.19999999999709,6.0,9.0
2025-08-08 16:00:00,1355.0,336.0,31.19999999999709,38.0,106.0,129.0,410.0,13.299999999995634,6.7000000000116415,45.20000000001164,47.5,60.39999999999418,38.69999999999709,4.0,6.0
2025-08-08 17:00:00,1144.0,288.0,28.0,32.0,88.29999999999927,73.0,379.0,12.30000000000291,2.2999999999883585,42.0,45.5,58.5,30.90000000000873,2.0,3.0
2025-08-08 18:00:00,987.0,260.0,21.80000000000291,23.0,72.90000000000146,39.0,342.0,9.69999999999709,2.1000000000058208,33.29999999998836,42.700000000004366,55.900000000001455,24.59999999999127,0.0,1.0
2025-08-08 19:00:00,892.0,242.0,19.599999999998545,20.0,66.59999999999854,17.0,306.0,9.60000000000582,3.6999999999970896,27.5,42.299999999995634,55.900000000001455,25.80000000000291,0.0,0.0
2025-08-08 20:00:00,823.0,217.0,22.0,19.0,63.400000000001455,13.0,271.0,9.799999999995634,3.6999999999970896,25.30000000000291,41.80000000000291,56.900000000001455,25.10000000000582,0.0,0.0
2025-08-08 21:00:00,773.0,196.0,19.799999999999272,19.0,59.70000000000073,13.0,253.0,9.400000000001455,3.400000000008731,25.69999999999709,40.900000000001455,55.19999999999709,27.19999999999709,0.0,0.0
2025-08-08 22:00:00,733.0,187.0,16.799999999999272,17.0,59.19999999999709,13.0,234.0,9.400000000001455,3.1999999999970896,25.80000000000291,41.19999999999709,55.400000000001455,20.5,0.0,0.0
2025-08-08 23:00:00,718.0,179.0,15.100000000002183,15.0,61.70000000000073,13.0,232.0,9.299999999995634,3.0,25.80000000000291,38.200000000004366,55.30000000000291,19.89999999999418,0.0,0.0
2025-08-09 00:00:00,689.0,169.0,14.200000000000728,16.0,53.29999999999927,13.0,226.0,9.10000000000582,3.1000000000058208,24.10000000000582,37.89999999999418,55.299999999995634,19.80000000000291,0.0,0.0
2025-08-09 01:00:00,660.0,164.0,13.599999999998545,15.0,54.30000000000291,12.0,205.0,9.299999999995634,3.1999999999970896,23.0,37.5,55.900000000001455,20.19999999999709,0.0,0.0
2025-08-09 02:00:00,650.0,161.0,13.700000000000728,16.0,52.0,13.0,204.0,9.0,3.1999999999970896,22.0,37.5,55.30000000000291,18.60000000000582,0.0,0.0
2025-08-09 03:00:00,638.0,156.0,12.799999999999272,15.0,51.5,14.0,199.0,8.0,3.1000000000058208,22.59999999999127,37.5,54.89999999999418,18.5,0.0,0.0
2025-08-09 04:00:00,636.0,155.0,13.0,15.0,52.19999999999709,13.0,198.0,9.099999999998545,2.8999999999941792,19.69999999999709,36.80000000000291,55.200000000004366,20.60000000000582,0.0,0.0
2025-08-09 05:00:00,636.0,150.0,13.299999999999272,15.0,50.60000000000218,13.0,202.0,8.900000000001455,3.0,19.90000000000873,37.30000000000291,55.299999999995634,20.79999999998836,0.0,0.0
2025-08-09 06:00:00,631.0,155.0,13.299999999999272,14.0,49.70000000000073,13.0,198.0,8.200000000004366,2.6000000000058208,18.80000000000291,37.0,55.10000000000582,20.20000000001164,0.0,0.0
2025-08-09 07:00:00,644.0,161.0,13.200000000000728,14.0,48.29999999999927,13.0,207.0,8.89999999999418,1.7999999999883585,18.69999999999709,36.89999999999418,53.69999999999709,22.09999999999127,1.0,1.0
2025-08-09 08:00:00,837.0,180.0,14.400000000001455,17.0,46.79999999999927,139.0,236.0,8.10000000000582,4.100000000005821,19.69999999999709,37.10000000000582,54.5,31.10000000000582,2.0,3.0
2025-08-09 09:00:00,1063.0,223.0,16.799999999999272,17.0,51.099999999998545,195.0,295.0,9.299999999995634,11.39999999999418,25.60000000000582,36.89999999999418,57.0,66.30000000000291,2.0,4.0
2025-08-09 10:00:00,1126.0,228.0,20.5,18.0,65.0,211.0,303.0,9.099999999998545,13.80000000000291,29.89999999999418,36.80000000000291,59.099999999998545,70.09999999999127,3.0,4.0
2025-08-09 11:00:00,1115.0,228.0,17.700000000000728,17.0,69.60000000000218,189.0,314.0,9.30000000000291,13.5,29.10000000000582,36.69999999999709,60.099999999998545,71.90000000000873,2.0,4.0
2025-08-09 12:00:00,1105.0,218.0,18.899999999997817,17.0,68.79999999999927,181.0,321.0,9.0,13.19999999999709,24.5,37.200000000004366,58.900000000001455,77.59999999999127,3.0,4.0
2025-08-09 13:00:00,1071.0,209.0,20.600000000002183,20.0,64.90000000000146,176.0,310.0,7.900000000001455,14.0,23.59999999999127,36.099999999998545,58.30000000000291,78.30000000000291,2.0,4.0
2025-08-09 14:00:00,990.0,201.0,19.299999999999272,20.0,66.5,145.0,287.0,8.599999999998545,15.80000000000291,21.90000000000873,35.80000000000291,57.799999999995634,58.30000000000291,2.0,2.0
2025-08-09 15:00:00,927.0,207.0,18.0,21.0,55.0,140.0,260.0,8.099999999998545,11.900000000008731,22.79999999998836,35.89999999999418,57.10000000000582,39.39999999999418,2.0,3.0
2025-08-09 16:00:00,822.0,196.0,19.5,19.0,54.19999999999709,76.0,243.0,7.900000000001455,11.799999999988358,22.80000000000291,39.0,54.099999999998545,29.40000000000873,0.0,1.0
2025-08-09 17:00:00,708.0,177.0,16.299999999999272,19.0,52.5,19.0,223.0,7.900000000001455,3.2000000000116415,26.40000000000873,39.60000000000582,53.400000000001455,20.09999999999127,0.0,0.0
2025-08-09 18:00:00,660.0,159.0,14.799999999999272,17.0,53.400000000001455,20.0,202.0,8.69999999999709,2.6999999999970896,26.09999999999127,39.69999999999709,54.099999999998545,14.30000000000291,0.0,0.0
2025-08-09 19:00:00,661.0,161.0,15.30000000000291,17.0,53.20000000000073,19.0,199.0,8.200000000004366,2.6999999999970896,26.80000000000291,39.80000000000291,54.599999999998545,16.60000000000582,0.0,0.0
2025-08-09 20:00:00,662.0,163.0,15.5,17.0,53.70000000000073,19.0,201.0,9.099999999998545,2.8999999999941792,25.30000000000291,38.599999999998545,54.19999999999709,16.5,0.0,0.0
2025-08-09 21:00:00,648.0,159.0,14.19999999999709,17.0,54.5,14.0,198.0,8.0,2.7000000000116415,24.80000000000291,37.599999999998545,54.5,15.599999999991269,0.0,0.0
2025-08-09 22:00:00,642.0,157.0,13.400000000001455,15.0,55.39999999999782,14.0,196.0,9.0,2.7999999999883585,25.09999999999127,37.400000000001455,54.0,16.90000000000873,0.0,0.0
2025-08-09 23:00:00,625.0,150.0,12.799999999999272,14.0,54.900000000001455,13.0,193.0,7.900000000001455,2.8000000000029104,23.90000000000873,36.5,54.200000000004366,15.39999999999418,0.0,0.0
2025-08-10 00:00:00,627.0,151.0,13.299999999999272,13.0,55.099999999998545,15.0,192.0,8.799999999995634,2.900000000008731,22.59999999999127,36.69999999999709,54.5,14.30000000000291,0.0,0.0
2025-08-10 01:00:00,620.0,151.0,13.30000000000291,13.0,54.400000000001455,13.0,190.0,7.900000000001455,3.099999999991269,21.90000000000873,36.700000000004366,53.900000000001455,16.5,0.0,0.0
2025-08-10 02:00:00,619.0,149.0,12.5,12.0,55.0,15.0,193.0,8.599999999998545,3.400000000008731,21.09999999999127,37.0,53.599999999998545,15.0,0.0,0.0
2025-08-10 03:00:00,611.0,150.0,13.5,12.0,54.0,13.0,188.0,8.200000000004366,3.099999999991269,19.5,36.89999999999418,54.299999999995634,15.099999999991269,0.0,0.0
2025-08-10 04:00:00,610.0,148.0,12.899999999997817,13.0,53.39999999999782,14.0,188.0,8.5,3.1000000000058208,18.90000000000873,36.60000000000582,54.10000000000582,15.80000000000291,0.0,0.0
2025-08-10 05:00:00,607.0,149.0,13.299999999999272,12.0,52.70000000000073,13.0,186.0,8.69999999999709,3.1999999999970896,18.5,36.5,53.599999999998545,15.10000000000582,0.0,0.0
2025-08-10 06:00:00,608.0,147.0,12.900000000001455,13.0,53.400000000001455,14.0,189.0,8.099999999998545,2.8999999999941792,17.89999999999418,36.89999999999418,54.19999999999709,14.30000000000291,0.0,0.0
2025-08-10 07:00:00,602.0,145.0,12.799999999999272,12.0,52.20000000000073,14.0,190.0,8.700000000004366,3.5,17.0,36.900000000001455,53.400000000001455,14.39999999999418,0.0,0.0
2025-08-10 08:00:00,612.0,148.0,13.100000000002183,12.0,51.0,15.0,194.0,7.799999999995634,2.5,17.5,36.80000000000291,53.80000000000291,15.80000000000291,1.0,1.0
2025-08-10 09:00:00,616.0,150.0,12.599999999998545,13.0,50.599999999998545,14.0,198.0,8.700000000004366,2.3000000000029104,17.5,36.5,53.0,15.5,0.0,1.0
2025-08-10 10:00:00,632.0,155.0,16.5,13.0,52.099999999998545,14.0,201.0,8.89999999999418,2.8000000000029104,18.19999999999709,36.69999999999709,53.5,15.099999999991269,1.0,0.0
2025-08-10 11:00:00,630.0,156.0,15.0,13.0,52.60000000000218,14.0,201.0,8.900000000001455,3.1000000000058208,17.60000000000582,37.0,54.19999999999709,14.700000000011642,0.0,0.0
2025-08-10 12:00:00,618.0,152.0,13.0,12.0,54.29999999999927,14.0,197.0,7.5,3.3999999999941792,16.80000000000291,35.900000000001455,53.69999999999709,14.19999999999709,0.0,0.0
2025-08-10 13:00:00,624.0,150.0,13.700000000000728,12.0,55.400000000001455,13.0,198.0,8.5,3.1999999999970896,19.09999999999127,36.69999999999709,53.900000000001455,14.30000000000291,0.0,0.0
2025-08-10 14:00:00,608.0,149.0,14.399999999997817,13.0,54.39999999999782,14.0,186.0,7.700000000004366,3.400000000008731,19.60000000000582,35.80000000000291,53.80000000000291,13.89999999999418,0.0,0.0
2025-08-10 15:00:00,603.0,146.0,14.30000000000291,12.0,53.60000000000218,13.0,187.0,8.69999999999709,3.2999999999883585,18.59999999999127,35.599999999998545,53.69999999999709,13.80000000000291,0.0,0.0
2025-08-10 16:00:00,625.0,149.0,15.099999999998545,13.0,53.79999999999927,15.0,196.0,7.900000000001455,3.8000000000029104,19.5,36.80000000000291,53.900000000001455,15.80000000000291,0.0,0.0
2025-08-10 17:00:00,634.0,151.0,14.5,13.0,52.29999999999927,13.0,207.0,8.599999999998545,3.6999999999970896,19.70000000001164,37.19999999999709,53.599999999998545,14.89999999999418,0.0,0.0
2025-08-10 18:00:00,656.0,164.0,13.80000000000291,14.0,52.5,14.0,210.0,7.900000000001455,3.8000000000029104,19.59999999999127,37.599999999998545,54.30000000000291,13.60000000000582,0.0,0.0
2025-08-10 19:00:00,651.0,166.0,13.599999999998545,14.0,52.79999999999927,15.0,204.0,8.69999999999709,4.0,19.40000000000873,38.0,54.0,14.799999999988358,0.0,0.0
2025-08-10 20:00:00,643.0,156.0,15.799999999995634,12.0,52.5,14.0,205.0,8.900000000001455,3.900000000008731,18.39999999999418,38.0,54.0,15.80000000000291,0.0,0.0
2025-08-10 21:00:00,634.0,157.0,13.30000000000291,14.0,52.5,14.0,200.0,7.900000000001455,3.8999999999941792,18.19999999999709,37.700000000004366,53.900000000001455,16.10000000000582,0.0,0.0
2025-08-10 22:00:00,631.0,153.0,14.099999999998545,14.0,51.900000000001455,14.0,197.0,8.900000000001455,4.0,19.0,37.5,53.69999999999709,15.5,0.0,0.0
2025-08-10 23:00:00,629.0,153.0,13.700000000004366,12.0,52.0,14.0,200.0,8.69999999999709,3.8000000000029104,18.80000000000291,37.299999999995634,53.900000000001455,15.5,0.0,0.0
2025-08-11 00:00:00,629.0,153.0,13.39999999999418,13.0,51.29999999999927,14.0,202.0,8.0,4.099999999991269,19.0,37.5,53.900000000001455,15.30000000000291,0.0,0.0
2025-08-11 01:00:00,615.0,147.0,13.700000000004366,12.0,51.79999999999927,13.0,194.0,8.69999999999709,4.2000000000116415,18.89999999999418,36.80000000000291,53.799999999995634,15.39999999999418,0.0,0.0
2025-08-11 02:00:00,610.0,145.0,13.099999999998545,12.0,52.20000000000073,14.0,192.0,8.80000000000291,3.8999999999941792,18.70000000001164,37.5,53.700000000004366,14.69999999999709,0.0,0.0
2025-08-11 03:00:00,607.0,145.0,12.69999999999709,12.0,51.29999999999927,15.0,191.0,8.0,3.8000000000029104,18.69999999999709,36.69999999999709,54.099999999998545,14.69999999999709,0.0,0.0
2025-08-11 04:00:00,606.0,144.0,12.5,12.0,51.400000000001455,14.0,189.0,8.599999999998545,4.099999999991269,18.5,37.10000000000582,53.599999999998545,16.40000000000873,0.0,0.0
2025-08-11 05:00:00,601.0,144.0,12.60000000000582,12.0,51.79999999999927,13.0,189.0,7.900000000001455,3.900000000008731,18.5,36.19999999999709,53.80000000000291,15.19999999999709,0.0,0.0
2025-08-11 06:00:00,610.0,149.0,12.599999999998545,12.0,51.70000000000073,14.0,189.0,8.69999999999709,4.0,18.0,36.900000000001455,53.599999999998545,16.10000000000582,0.0,0.0
2025-08-11 07:00:00,594.0,143.0,11.799999999995634,12.0,51.20000000000073,13.0,187.0,8.5,3.5,17.0,36.0,53.400000000001455,14.599999999991269,0.0,0.0
2025-08-11 08:00:00,608.0,143.0,13.200000000004366,12.0,49.39999999999782,24.0,189.0,7.700000000004366,2.8999999999941792,16.89999999999418,36.099999999998545,53.39999999999418,16.5,0.0,1.0
2025-08-11 09:00:00,652.0,145.0,13.400000000001455,13.0,48.29999999999927,51.0,205.0,8.5,1.9000000000087311,17.90000000000873,36.5,51.900000000001455,15.69999999999709,1.0,1.0
2025-08-11 10:00:00,664.0,147.0,16.69999999999709,12.0,45.5,62.0,206.0,7.900000000001455,0.29999999998835847,18.59999999999127,37.0,49.900000000001455,15.700000000011642,3.0,5.0
2025-08-11 11:00:00,679.0,151.0,16.69999999999709,13.0,46.60000000000218,65.0,218.0,9.19999999999709,0.0,18.90000000000873,36.69999999999709,46.900000000001455,15.39999999999418,4.0,7.0
2025-08-11 12:00:00,681.0,158.0,17.700000000004366,15.0,51.599999999998545,44.0,221.0,9.19999999999709,0.0,19.5,37.10000000000582,48.19999999999709,14.89999999999418,4.0,6.0
2025-08-11 13:00:00,724.0,158.0,19.69999999999709,14.0,55.29999999999927,75.0,223.0,9.0,0.7000000000116415,18.79999999998836,37.39999999999418,49.80000000000291,16.10000000000582,2.0,4.0
2025-08-11 14:00:00,701.0,156.0,16.900000000001455,15.0,61.0,57.0,217.0,9.0,1.0999999999912689,18.40000000000873,37.200000000004366,50.299999999995634,15.19999999999709,2.0,2.0
2025-08-11 15:00:00,685.0,159.0,17.400000000001455,15.0,58.900000000001455,38.0,217.0,8.700000000004366,2.5,19.0,36.799999999995634,51.80000000000291,16.30000000000291,0.0,1.0
2025-08-11 16:00:00,658.0,158.0,17.5,14.0,54.400000000001455,13.0,217.0,8.900000000001455,3.6000000000058208,18.30000000000291,36.700000000004366,52.400000000001455,15.89999999999418,0.0,0.0
2025-08-11 17:00:00,649.0,159.0,13.900000000001455,14.0,56.099999999998545,11.0,214.0,8.69999999999709,3.5,18.29999999998836,37.099999999998545,52.599999999998545,14.80000000000291,0.0,0.0
2025-08-11 18:00:00,650.0,161.0,14.599999999998545,13.0,54.69999999999709,11.0,217.0,8.5,3.3000000000029104,18.30000000000291,37.0,52.5,14.10000000000582,0.0,0.0
2025-08-11 19:00:00,629.0,154.0,13.5,12.0,55.400000000001455,11.0,201.0,8.0,3.3999999999941792,19.5,37.400000000001455,52.69999999999709,15.599999999991269,0.0,0.0
2025-08-11 20:00:00,630.0,157.0,14.599999999998545,14.0,54.30000000000291,10.0,197.0,8.69999999999709,3.5,19.10000000000582,37.69999999999709,52.700000000004366,15.900000000008731,0.0,0.0
2025-08-11 21:00:00,630.0,159.0,14.0,12.0,54.5,11.0,195.0,9.10000000000582,3.5,19.0,38.5,52.599999999998545,15.80000000000291,0.0,0.0
2025-08-11 22:00:00,634.0,162.0,13.5,14.0,53.69999999999709,11.0,195.0,8.799999999995634,3.5,18.80000000000291,38.200000000004366,52.5,15.69999999999709,0.0,0.0
2025-08-11 23:00:00,632.0,160.0,13.30000000000291,14.0,53.200000000004366,11.0,195.0,8.900000000001455,3.3999999999941792,21.5,37.599999999998545,52.5,16.19999999999709,0.0,0.0
2025-08-12 00:00:00,619.0,153.0,12.5,13.0,53.0,12.0,193.0,8.0,3.7000000000116415,21.0,37.69999999999709,52.599999999998545,15.5,0.0,0.0
2025-08-12 01:00:00,610.0,148.0,12.5,12.0,52.89999999999418,10.0,191.0,8.69999999999709,3.5,20.5,37.5,52.599999999998545,15.89999999999418,0.0,0.0
2025-08-12 02:00:00,607.0,148.0,12.5,12.0,51.60000000000582,11.0,192.0,8.900000000001455,3.1999999999970896,18.79999999998836,37.900000000001455,52.400000000001455,15.60000000000582,0.0,0.0
2025-08-12 03:00:00,597.0,146.0,12.69999999999709,12.0,51.19999999999709,10.0,184.0,7.900000000001455,3.1999999999970896,19.30000000000291,38.0,52.599999999998545,15.60000000000582,0.0,0.0
2025-08-12 04:00:00,602.0,146.0,12.5,12.0,51.400000000001455,10.0,184.0,9.0,3.1000000000058208,18.90000000000873,37.400000000001455,55.200000000004366,16.59999999999127,0.0,0.0
2025-08-12 05:00:00,586.0,141.0,12.19999999999709,12.0,51.799999999995634,10.0,182.0,7.69999999999709,3.0,18.59999999999127,37.299999999995634,52.599999999998545,15.30000000000291,0.0,0.0
2025-08-12 06:00:00,581.0,139.0,12.5,12.0,49.10000000000582,12.0,180.0,8.5,2.7999999999883585,18.10000000000582,36.60000000000582,52.30000000000291,14.60000000000582,0.0,0.0
2025-08-12 07:00:00,579.0,141.0,12.700000000004366,12.0,48.89999999999418,10.0,179.0,7.80000000000291,2.400000000008731,18.59999999999127,36.599999999998545,52.599999999998545,14.89999999999418,1.0,1.0
2025-08-12 08:00:00,605.0,150.0,12.299999999995634,13.0,44.0,18.0,189.0,8.80000000000291,0.09999999999126885,18.40000000000873,40.900000000001455,49.69999999999709,16.10000000000582,2.0,4.0
2025-08-12 09:00:00,637.0,171.0,15.60000000000582,15.0,40.5,15.0,204.0,8.299999999995634,0.0,18.59999999999127,41.099999999998545,46.900000000001455,15.599999999991269,5.0,8.0
2025-08-12 10:00:00,671.0,172.0,20.0,16.0,40.900000000001455,11.0,225.0,9.200000000004366,0.0,22.30000000000291,42.799999999995634,47.19999999999709,20.40000000000873,7.0,10.0
2025-08-12 11:00:00,675.0,174.0,20.5,21.0,32.599999999998545,10.0,237.0,9.799999999995634,0.0,21.80000000000291,43.10000000000582,44.400000000001455,21.79999999998836,10.0,16.0
2025-08-12 12:00:00,689.0,181.0,20.599999999998545,25.0,32.400000000001455,11.0,245.0,10.30000000000291,0.0,23.0,45.39999999999418,44.80000000000291,16.10000000000582,14.0,21.0
2025-08-12 13:00:00,752.0,183.0,23.400000000001455,24.0,44.0,10.0,247.0,10.599999999998545,0.0,66.69999999999709,45.0,44.19999999999709,16.69999999999709,14.0,21.0
2025-08-12 14:00:00,765.0,196.0,24.19999999999709,26.0,47.80000000000291,11.0,248.0,11.0,0.0,54.80000000000291,46.0,44.200000000004366,16.90000000000873,13.0,21.0
2025-08-12 15:00:00,771.0,191.0,21.900000000001455,24.0,54.0,12.0,262.0,10.599999999998545,0.0,42.80000000000291,44.700000000004366,45.19999999999709,17.59999999999127,9.0,13.0
2025-08-12 16:00:00,763.0,190.0,24.19999999999709,22.0,57.400000000001455,17.0,261.0,10.900000000001455,0.0,22.69999999999709,42.900000000001455,48.30000000000291,16.90000000000873,6.0,9.0
2025-08-12 17:00:00,736.0,173.0,19.400000000001455,21.0,63.599999999998545,11.0,252.0,10.400000000001455,1.9000000000087311,19.80000000000291,42.099999999998545,53.099999999998545,16.39999999999418,0.0,1.0
2025-08-12 18:00:00,699.0,163.0,17.30000000000291,18.0,61.400000000001455,11.0,241.0,9.599999999998545,2.5,17.59999999999127,38.400000000001455,53.69999999999709,14.89999999999418,0.0,0.0
2025-08-12 19:00:00,689.0,163.0,15.599999999998545,17.0,58.19999999999709,10.0,234.0,9.599999999998545,3.099999999991269,18.70000000001164,38.0,54.400000000001455,16.30000000000291,0.0,0.0
2025-08-12 20:00:00,671.0,159.0,14.900000000001455,17.0,54.599999999998545,10.0,224.0,9.30000000000291,3.5,21.5,38.5,54.10000000000582,17.0,0.0,0.0
2025-08-12 21:00:00,664.0,155.0,14.0,17.0,53.900000000001455,11.0,221.0,9.400000000001455,3.400000000008731,22.59999999999127,38.099999999998545,53.69999999999709,16.80000000000291,0.0,0.0
2025-08-12 22:00:00,656.0,151.0,14.799999999995634,16.0,53.099999999998545,12.0,212.0,9.5,3.099999999991269,23.30000000000291,41.0,55.39999999999418,16.80000000000291,0.0,0.0
2025-08-12 23:00:00,648.0,152.0,13.400000000001455,16.0,53.80000000000291,10.0,211.0,9.5,3.0,23.5,38.69999999999709,53.40000000000873,15.69999999999709,0.0,0.0
2025-08-13 00:00:00,637.0,149.0,12.400000000001455,16.0,51.799999999995634,10.0,207.0,9.39999999999418,3.1000000000058208,22.60000000000582,38.599999999998545,53.39999999999418,15.10000000000582,0.0,0.0
2025-08-13 01:00:00,626.0,147.0,11.599999999998545,14.0,51.0,10.0,203.0,9.400000000001455,3.0,22.0,38.30000000000291,53.10000000000582,16.89999999999418,0.0,0.0
2025-08-13 02:00:00,618.0,147.0,12.099999999998545,14.0,50.400000000001455,10.0,198.0,9.30000000000291,3.1000000000058208,21.0,38.69999999999709,53.09999999999127,15.69999999999709,0.0,0.0
2025-08-13 03:00:00,610.0,145.0,12.30000000000291,14.0,50.200000000004366,10.0,195.0,9.299999999995634,2.8999999999941792,18.89999999999418,37.5,53.19999999999709,15.5,0.0,0.0
2025-08-13 04:00:00,609.0,143.0,12.599999999998545,14.0,48.89999999999418,11.0,193.0,9.10000000000582,3.1999999999970896,19.10000000000582,38.200000000004366,55.90000000000873,16.5,0.0,0.0
2025-08-13 05:00:00,602.0,143.0,11.900000000001455,14.0,49.5,10.0,192.0,9.099999999998545,3.400000000008731,18.79999999998836,36.900000000001455,53.69999999999709,15.30000000000291,0.0,0.0
2025-08-13 06:00:00,605.0,147.0,12.5,14.0,48.0,11.0,192.0,8.900000000001455,2.2999999999883585,18.10000000000582,37.5,52.89999999999418,15.39999999999418,1.0,1.0
2025-08-13 07:00:00,626.0,157.0,12.299999999995634,15.0,48.0,10.0,205.0,9.69999999999709,0.6000000000058208,18.69999999999709,37.39999999999418,50.20000000001164,15.30000000000291,1.0,3.0
2025-08-13 08:00:00,640.0,160.0,12.0,16.0,40.5,10.0,223.0,11.19999999999709,0.0,18.60000000000582,41.60000000000582,46.59999999999127,17.0,6.0,10.0
2025-08-13 09:00:00,664.0,171.0,12.30000000000291,20.0,38.0,10.0,232.0,12.30000000000291,0.0,18.80000000000291,42.5,44.69999999999709,16.60000000000582,8.0,12.0
2025-08-13 10:00:00,696.0,183.0,23.0,23.0,30.700000000004366,10.0,246.0,15.400000000001455,0.0,20.5,42.599999999998545,44.70000000001164,16.59999999999127,13.0,20.0
2025-08-13 11:00:00,690.0,183.0,18.5,25.0,30.19999999999709,10.0,251.0,14.299999999995634,0.0,20.39999999999418,42.900000000001455,41.19999999999709,16.30000000000291,15.0,22.0
2025-08-13 12:00:00,696.0,192.0,16.69999999999709,26.0,30.200000000004366,11.0,252.0,14.30000000000291,0.0,21.10000000000582,44.599999999998545,39.09999999999127,15.69999999999709,16.0,25.0
2025-08-13 13:00:00,743.0,197.0,17.700000000004366,23.0,48.89999999999418,10.0,263.0,14.400000000001455,0.0,27.19999999999709,47.400000000001455,39.5,16.20000000001164,16.0,24.0
2025-08-13 14:00:00,767.0,198.0,22.5,23.0,59.30000000000291,12.0,266.0,12.5,0.0,26.80000000000291,48.19999999999709,41.0,16.89999999999418,15.0,23.0
2025-08-13 15:00:00,771.0,201.0,23.19999999999709,23.0,59.19999999999709,10.0,260.0,13.900000000001455,0.0,25.39999999999418,47.30000000000291,43.70000000001164,16.89999999999418,12.0,19.0
2025-08-13 16:00:00,774.0,197.0,19.900000000001455,27.0,63.900000000001455,11.0,256.0,15.19999999999709,0.0,20.5,45.099999999998545,47.89999999999418,17.30000000000291,9.0,13.0
2025-08-13 17:00:00,764.0,194.0,14.5,27.0,73.59999999999854,12.0,243.0,13.30000000000291,0.8000000000029104,19.39999999999418,44.0,52.60000000000582,16.69999999999709,3.0,5.0
2025-08-13 18:00:00,723.0,181.0,13.30000000000291,22.0,73.5,11.0,226.0,10.599999999998545,2.3999999999941792,19.0,42.299999999995634,54.69999999999709,15.5,0.0,0.0
2025-08-13 19:00:00,703.0,170.0,13.099999999998545,20.0,63.10000000000582,11.0,227.0,10.599999999998545,3.3000000000029104,20.10000000000582,39.5,55.89999999999418,16.5,0.0,0.0
2025-08-13 20:00:00,690.0,168.0,13.5,20.0,61.19999999999709,10.0,216.0,10.099999999998545,3.5,23.0,39.10000000000582,55.40000000000873,17.40000000000873,0.0,0.0
2025-08-13 21:00:00,678.0,164.0,12.900000000001455,20.0,60.30000000000291,12.0,212.0,10.099999999998545,3.0,22.30000000000291,39.799999999995634,55.0,17.19999999999709,0.0,0.0
2025-08-13 22:00:00,669.0,164.0,12.89999999999418,19.0,59.0,11.0,211.0,10.10000000000582,3.0,21.5,39.099999999998545,54.09999999999127,17.0,0.0,0.0
2025-08-13 23:00:00,658.0,163.0,12.5,18.0,55.39999999999418,10.0,206.0,9.799999999995634,2.8000000000029104,22.19999999999709,38.400000000001455,54.80000000000291,17.0,0.0,0.0
2025-08-14 00:00:00,644.0,153.0,12.80000000000291,16.0,54.200000000004366,10.0,207.0,9.599999999998545,2.8999999999941792,22.0,37.900000000001455,54.60000000000582,15.39999999999418,0.0,0.0
2025-08-14 01:00:00,638.0,153.0,12.19999999999709,17.0,54.0,11.0,202.0,9.700000000004366,2.900000000008731,21.80000000000291,38.0,54.29999999998836,16.90000000000873,0.0,0.0
2025-08-14 02:00:00,628.0,150.0,12.700000000004366,16.0,53.099999999998545,10.0,199.0,9.400000000001455,2.8999999999941792,20.19999999999709,38.099999999998545,54.30000000000291,16.19999999999709,0.0,0.0
2025-08-14 03:00:00,624.0,149.0,12.799999999995634,15.0,53.19999999999709,10.0,197.0,9.19999999999709,2.8999999999941792,19.80000000000291,37.900000000001455,54.40000000000873,15.80000000000291,0.0,0.0
2025-08-14 04:00:00,616.0,146.0,13.30000000000291,16.0,52.10000000000582,11.0,193.0,9.19999999999709,2.8000000000029104,19.19999999999709,37.5,54.79999999998836,16.59999999999127,0.0,0.0
2025-08-14 05:00:00,610.0,146.0,12.0,16.0,52.5,11.0,190.0,8.80000000000291,2.6999999999970896,18.60000000000582,37.19999999999709,54.20000000001164,15.80000000000291,0.0,0.0
2025-08-14 06:00:00,609.0,146.0,12.5,16.0,51.799999999995634,11.0,191.0,8.80000000000291,2.1000000000058208,18.59999999999127,37.60000000000582,53.5,15.400000000008731,1.0,1.0
2025-08-14 07:00:00,634.0,157.0,12.099999999998545,17.0,51.700000000004366,10.0,204.0,9.799999999995634,0.39999999999417923,19.19999999999709,38.5,50.59999999999127,15.5,1.0,4.0
2025-08-14 08:00:00,655.0,161.0,12.099999999998545,19.0,46.69999999999709,10.0,215.0,10.400000000001455,0.0,18.70000000001164,44.799999999995634,48.5,17.09999999999127,4.0,8.0
2025-08-14 09:00:00,658.0,166.0,16.400000000001455,22.0,36.69999999999709,11.0,231.0,10.5,0.0,18.69999999999709,42.5,44.19999999999709,17.0,10.0,15.0
2025-08-14 10:00:00,683.0,171.0,20.80000000000291,24.0,36.60000000000582,11.0,244.0,13.0,0.0,21.0,42.599999999998545,41.5,16.90000000000873,13.0,20.0
2025-08-14 11:00:00,702.0,185.0,19.599999999998545,27.0,31.19999999999709,11.0,254.0,13.69999999999709,0.0,20.69999999999709,43.30000000000291,40.40000000000873,16.39999999999418,15.0,23.0
2025-08-14 12:00:00,723.0,187.0,22.5,26.0,32.69999999999709,10.0,264.0,14.400000000001455,0.0,21.39999999999418,45.69999999999709,39.09999999999127,16.39999999999418,16.0,24.0
2025-08-14 13:00:00,773.0,203.0,34.19999999999709,30.0,40.700000000004366,12.0,268.0,14.0,0.0,23.90000000000873,47.80000000000291,39.60000000000582,16.80000000000291,15.0,23.0
2025-08-14 14:00:00,811.0,221.0,30.0,30.0,50.0,11.0,280.0,13.80000000000291,0.0,24.59999999999127,48.80000000000291,40.69999999999709,17.40000000000873,15.0,22.0
2025-08-14 15:00:00,840.0,223.0,32.80000000000291,30.0,59.0,12.0,289.0,14.299999999995634,0.0,23.10000000000582,50.0,43.90000000000873,17.89999999999418,13.0,20.0
2025-08-14 16:00:00,835.0,214.0,28.400000000001455,26.0,63.5,11.0,285.0,13.700000000004366,0.0,21.80000000000291,49.799999999995634,47.59999999999127,18.80000000000291,9.0,14.0
2025-08-14 17:00:00,811.0,207.0,23.799999999995634,25.0,66.69999999999709,11.0,265.0,12.0,1.5,20.30000000000291,47.200000000004366,51.69999999999709,16.80000000000291,6.0,9.0
2025-08-14 18:00:00,765.0,192.0,16.10000000000582,23.0,69.20000000000437,11.0,248.0,11.19999999999709,3.0,19.0,43.69999999999709,54.80000000000291,15.89999999999418,1.0,2.0
2025-08-14 19:00:00,721.0,178.0,14.299999999995634,20.0,65.5,12.0,228.0,10.599999999998545,3.0,21.0,42.900000000001455,55.5,16.80000000000291,0.0,0.0
2025-08-14 20:00:00,699.0,172.0,11.700000000004366,19.0,60.799999999995634,11.0,222.0,10.30000000000291,3.0,22.69999999999709,42.099999999998545,55.10000000000582,17.89999999999418,0.0,0.0
2025-08-14 21:00:00,682.0,168.0,12.0,19.0,58.700000000004366,11.0,216.0,10.30000000000291,3.0,22.19999999999709,39.400000000001455,54.89999999999418,17.0,0.0,0.0
2025-08-14 22:00:00,664.0,164.0,11.39999999999418,18.0,56.19999999999709,10.0,209.0,10.0,3.0,21.30000000000291,39.099999999998545,54.90000000000873,17.40000000000873,0.0,0.0
2025-08-14 23:00:00,658.0,161.0,11.5,18.0,55.599999999998545,11.0,209.0,9.799999999995634,3.0,21.19999999999709,38.599999999998545,54.29999999998836,17.39999999999418,0.0,0.0
2025-08-15 00:00:00,653.0,159.0,11.700000000004366,18.0,54.700000000004366,10.0,207.0,9.900000000001455,2.900000000008731,21.80000000000291,38.30000000000291,54.20000000001164,16.19999999999709,0.0,0.0
2025-08-15 01:00:00,650.0,161.0,12.099999999998545,18.0,54.69999999999709,10.0,203.0,9.400000000001455,3.0,21.80000000000291,38.0,54.39999999999418,17.0,0.0,0.0
2025-08-15 02:00:00,641.0,158.0,12.19999999999709,18.0,53.5,11.0,200.0,9.599999999998545,3.3999999999941792,19.39999999999418,38.299999999995634,54.0,16.80000000000291,0.0,0.0
2025-08-15 03:00:00,628.0,153.0,11.700000000004366,17.0,52.400000000001455,10.0,197.0,9.19999999999709,3.1999999999970896,19.0,38.10000000000582,53.89999999999418,16.30000000000291,0.0,0.0
2025-08-15 04:00:00,631.0,154.0,12.299999999995634,18.0,53.0,11.0,195.0,9.400000000001455,2.900000000008731,19.69999999999709,37.89999999999418,54.5,17.5,0.0,0.0
2025-08-15 05:00:00,625.0,154.0,12.60000000000582,17.0,51.299999999995634,11.0,195.0,8.5,2.8000000000029104,19.0,37.60000000000582,53.5,15.89999999999418,0.0,0.0
2025-08-15 06:00:00,636.0,156.0,12.19999999999709,17.0,55.10000000000582,10.0,198.0,9.30000000000291,2.2999999999883585,18.69999999999709,38.39999999999418,53.10000000000582,15.69999999999709,0.0,0.0
2025-08-15 07:00:00,661.0,167.0,11.80000000000291,19.0,56.599999999998545,10.0,211.0,10.400000000001455,0.6000000000058208,18.40000000000873,38.700000000004366,50.39999999999418,16.5,1.0,3.0
2025-08-15 08:00:00,687.0,170.0,12.0,22.0,50.299999999995634,11.0,231.0,14.099999999998545,0.0,20.39999999999418,40.099999999998545,48.40000000000873,17.40000000000873,4.0,8.0
2025-08-15 09:00:00,698.0,176.0,12.39999999999418,25.0,43.30000000000291,10.0,243.0,15.19999999999709,0.0,22.60000000000582,42.19999999999709,45.30000000000291,17.69999999999709,10.0,14.0
2025-08-15 10:00:00,730.0,182.0,19.0,30.0,47.599999999998545,10.0,252.0,13.80000000000291,0.0,20.59999999999127,43.60000000000582,48.79999999998836,17.5,10.0,16.0
2025-08-15 11:00:00,743.0,193.0,17.30000000000291,34.0,45.0,12.0,261.0,12.299999999995634,0.0,22.5,41.89999999999418,45.60000000000582,17.39999999999418,13.0,20.0
2025-08-15 12:00:00,755.0,199.0,18.5,35.0,48.099999999998545,11.0,265.0,12.200000000004366,0.0,23.40000000000873,43.60000000000582,45.19999999999709,15.900000000008731,15.0,22.0
2025-08-15 13:00:00,793.0,214.0,21.69999999999709,37.0,55.400000000001455,12.0,265.0,13.19999999999709,0.0,25.30000000000291,46.89999999999418,47.19999999999709,17.89999999999418,16.0,24.0
2025-08-15 14:00:00,794.0,216.0,20.200000000004366,37.0,59.400000000001455,11.0,270.0,13.200000000004366,0.0,24.0,46.0,39.20000000001164,17.5,15.0,23.0
2025-08-15 15:00:00,839.0,224.0,20.400000000001455,36.0,66.59999999999854,11.0,283.0,13.19999999999709,0.0,24.0,49.60000000000582,45.29999999998836,18.10000000000582,12.0,18.0
2025-08-15 16:00:00,831.0,217.0,19.299999999995634,30.0,75.20000000000437,12.0,276.0,13.599999999998545,0.10000000000582077,22.29999999998836,46.0,48.60000000000582,18.39999999999418,8.0,13.0
2025-08-15 17:00:00,814.0,209.0,17.30000000000291,25.0,82.69999999999709,11.0,259.0,13.400000000001455,1.5,21.60000000000582,44.599999999998545,53.60000000000582,18.40000000000873,5.0,8.0
2025-08-15 18:00:00,779.0,195.0,15.900000000001455,21.0,81.09999999999854,12.0,245.0,14.0,2.7999999999883585,21.39999999999418,46.69999999999709,53.39999999999418,15.89999999999418,1.0,2.0
2025-08-15 19:00:00,738.0,183.0,13.5,19.0,76.30000000000291,11.0,228.0,14.30000000000291,3.0,21.0,42.30000000000291,56.10000000000582,17.60000000000582,0.0,0.0
2025-08-15 20:00:00,724.0,171.0,13.19999999999709,19.0,69.69999999999709,12.0,235.0,11.5,3.1000000000058208,22.70000000001164,41.099999999998545,54.09999999999127,19.19999999999709,0.0,0.0
2025-08-15 21:00:00,699.0,167.0,12.80000000000291,17.0,62.0,11.0,230.0,10.19999999999709,2.8999999999941792,22.5,40.599999999998545,54.30000000000291,17.39999999999418,0.0,0.0
2025-08-15 22:00:00,684.0,165.0,12.19999999999709,17.0,59.5,10.0,222.0,10.19999999999709,3.0,21.5,39.700000000004366,56.0,17.19999999999709,0.0,0.0
2025-08-15 23:00:00,674.0,161.0,12.599999999998545,16.0,59.400000000001455,11.0,217.0,9.700000000004366,3.1000000000058208,23.59999999999127,39.39999999999418,53.80000000000291,17.0,0.0,0.0
2025-08-16 00:00:00,671.0,160.0,12.400000000001455,17.0,58.19999999999709,10.0,218.0,10.0,3.3000000000029104,21.40000000000873,39.5,54.19999999999709,16.80000000000291,0.0,0.0
2025-08-16 01:00:00,652.0,159.0,12.80000000000291,16.0,57.200000000004366,12.0,204.0,9.5,3.599999999991269,21.89999999999418,39.0,54.10000000000582,17.0,0.0,0.0
2025-08-16 02:00:00,637.0,153.0,12.39999999999418,16.0,55.900000000001455,10.0,199.0,9.5,3.400000000008731,22.0,38.5,54.79999999998836,16.19999999999709,0.0,0.0
2025-08-16 03:00:00,632.0,150.0,12.5,16.0,54.0,11.0,198.0,9.400000000001455,3.1999999999970896,20.19999999999709,38.5,54.30000000000291,17.30000000000291,0.0,0.0
2025-08-16 04:00:00,629.0,148.0,12.400000000001455,15.0,54.299999999995634,10.0,199.0,9.299999999995634,2.8999999999941792,19.80000000000291,38.80000000000291,55.60000000000582,17.19999999999709,0.0,0.0
2025-08-16 05:00:00,619.0,148.0,13.0,17.0,53.30000000000291,11.0,194.0,8.30000000000291,2.8000000000029104,19.30000000000291,37.80000000000291,54.09999999999127,16.30000000000291,0.0,0.0
2025-08-16 06:00:00,624.0,150.0,12.80000000000291,15.0,56.599999999998545,11.0,195.0,9.299999999995634,2.3000000000029104,19.09999999999127,38.19999999999709,53.20000000001164,14.5,0.0,0.0
2025-08-16 07:00:00,647.0,156.0,12.299999999995634,17.0,57.599999999998545,10.0,208.0,10.30000000000291,0.6000000000058208,18.90000000000873,38.69999999999709,51.09999999999127,16.80000000000291,1.0,2.0
2025-08-16 08:00:00,655.0,166.0,12.5,18.0,46.80000000000291,10.0,218.0,11.900000000001455,0.0,19.19999999999709,40.0,48.10000000000582,17.19999999999709,5.0,10.0
2025-08-16 09:00:00,666.0,171.0,13.400000000001455,17.0,37.799999999995634,12.0,237.0,14.19999999999709,0.0,18.60000000000582,42.400000000001455,44.30000000000291,17.0,10.0,16.0
2025-08-16 10:00:00,675.0,170.0,19.30000000000291,18.0,36.30000000000291,10.0,243.0,14.400000000001455,0.0,17.79999999998836,43.0,42.29999999998836,18.69999999999709,13.0,20.0
2025-08-16 11:00:00,682.0,177.0,16.69999999999709,20.0,34.400000000001455,11.0,250.0,11.400000000001455,0.0,18.30000000000291,44.200000000004366,40.20000000001164,17.80000000000291,15.0,22.0
2025-08-16 12:00:00,694.0,183.0,17.400000000001455,22.0,38.799999999995634,11.0,251.0,12.19999999999709,0.0,18.40000000000873,45.19999999999709,39.29999999998836,16.5,15.0,24.0
2025-08-16 13:00:00,736.0,191.0,22.099999999998545,23.0,48.5,11.0,260.0,12.5,0.0,18.59999999999127,47.5,40.90000000000873,18.30000000000291,15.0,22.0
2025-08-16 14:00:00,768.0,200.0,21.200000000004366,23.0,54.30000000000291,16.0,268.0,13.400000000001455,0.0,18.60000000000582,49.599999999998545,42.5,17.69999999999709,14.0,22.0
2025-08-16 15:00:00,792.0,210.0,20.5,22.0,63.099999999998545,11.0,271.0,14.0,0.0,18.89999999999418,49.700000000004366,45.69999999999709,17.69999999999709,13.0,18.0
2025-08-16 16:00:00,820.0,211.0,21.299999999995634,21.0,70.80000000000291,13.0,278.0,12.80000000000291,0.0,18.69999999999709,49.799999999995634,50.19999999999709,20.10000000000582,9.0,14.0
2025-08-16 17:00:00,797.0,202.0,19.400000000001455,21.0,76.29999999999563,11.0,256.0,13.19999999999709,1.8999999999941792,18.5,49.599999999998545,51.60000000000582,17.69999999999709,5.0,8.0
2025-08-16 18:00:00,782.0,196.0,18.5,18.0,75.60000000000582,15.0,251.0,11.400000000001455,3.3999999999941792,18.20000000001164,46.60000000000582,56.39999999999418,16.0,1.0,1.0
2025-08-16 19:00:00,750.0,184.0,15.80000000000291,17.0,68.89999999999418,16.0,241.0,11.0,3.5,19.09999999999127,44.799999999995634,55.10000000000582,18.0,0.0,0.0
2025-08-16 20:00:00,724.0,179.0,14.5,16.0,63.60000000000582,16.0,231.0,10.900000000001455,3.1000000000058208,19.5,41.900000000001455,56.69999999999709,18.19999999999709,0.0,0.0
2025-08-16 21:00:00,706.0,174.0,13.19999999999709,17.0,63.69999999999709,16.0,226.0,10.299999999995634,3.0,19.30000000000291,41.0,54.5,17.5,0.0,0.0
2025-08-16 22:00:00,703.0,171.0,12.80000000000291,15.0,61.900000000001455,16.0,225.0,10.700000000004366,3.3000000000029104,18.39999999999418,41.599999999998545,57.0,17.40000000000873,0.0,0.0
2025-08-16 23:00:00,690.0,170.0,12.299999999995634,16.0,60.599999999998545,17.0,221.0,10.0,3.3999999999941792,18.40000000000873,40.30000000000291,54.5,17.89999999999418,0.0,0.0
2025-08-17 00:00:00,684.0,168.0,12.700000000004366,16.0,60.80000000000291,15.0,215.0,10.19999999999709,3.0,19.0,42.0,54.60000000000582,17.5,0.0,0.0
2025-08-17 01:00:00,666.0,165.0,12.799999999995634,15.0,59.299999999995634,11.0,207.0,9.900000000001455,3.0,19.0,42.19999999999709,54.39999999999418,17.40000000000873,0.0,0.0
2025-08-17 02:00:00,652.0,160.0,13.30000000000291,15.0,58.599999999998545,10.0,203.0,9.799999999995634,2.900000000008731,19.09999999999127,38.80000000000291,55.39999999999418,17.5,0.0,0.0
2025-08-17 03:00:00,643.0,157.0,12.400000000001455,15.0,57.200000000004366,11.0,202.0,9.80000000000291,2.8999999999941792,18.90000000000873,39.0,54.60000000000582,16.89999999999418,0.0,0.0
2025-08-17 04:00:00,643.0,158.0,13.19999999999709,14.0,56.69999999999709,10.0,199.0,9.69999999999709,2.8999999999941792,18.5,38.69999999999709,55.39999999999418,17.60000000000582,0.0,0.0
2025-08-17 05:00:00,639.0,158.0,13.099999999998545,15.0,57.0,11.0,197.0,9.700000000004366,2.900000000008731,18.5,38.200000000004366,53.5,16.59999999999127,0.0,0.0
2025-08-17 06:00:00,644.0,161.0,13.30000000000291,15.0,56.900000000001455,11.0,199.0,10.0,2.099999999991269,18.80000000000291,38.19999999999709,54.10000000000582,14.900000000008731,0.0,1.0
2025-08-17 07:00:00,660.0,167.0,12.69999999999709,16.0,56.69999999999709,11.0,208.0,10.099999999998545,0.0,18.29999999998836,39.80000000000291,51.80000000000291,16.79999999998836,2.0,4.0
2025-08-17 08:00:00,664.0,170.0,12.80000000000291,17.0,55.30000000000291,10.0,214.0,10.80000000000291,0.0,18.10000000000582,42.5,47.09999999999127,17.40000000000873,4.0,8.0
2025-08-17 09:00:00,677.0,180.0,13.0,17.0,48.5,11.0,228.0,10.599999999998545,0.0,18.10000000000582,40.89999999999418,47.0,17.39999999999418,8.0,12.0
2025-08-17 10:00:00,703.0,199.0,18.0,17.0,43.80000000000291,11.0,231.0,11.19999999999709,0.0,20.5,41.30000000000291,49.10000000000582,17.19999999999709,12.0,19.0
2025-08-17 11:00:00,695.0,204.0,15.799999999995634,18.0,40.69999999999709,11.0,233.0,11.5,0.0,20.19999999999709,44.400000000001455,41.30000000000291,16.70000000001164,14.0,21.0
2025-08-17 12:00:00,691.0,200.0,14.5,17.0,38.900000000001455,11.0,240.0,11.80000000000291,0.0,20.69999999999709,43.0,39.19999999999709,17.19999999999709,16.0,24.0
2025-08-17 13:00:00,753.0,207.0,23.400000000001455,18.0,59.900000000001455,12.0,245.0,11.900000000001455,0.0,20.5,42.69999999999709,48.69999999999709,17.69999999999709,11.0,16.0
2025-08-17 14:00:00,776.0,226.0,28.099999999998545,19.0,53.5,14.0,248.0,12.099999999998545,0.0,20.60000000000582,48.599999999998545,48.0,17.30000000000291,14.0,23.0
2025-08-17 15:00:00,812.0,236.0,30.700000000004366,19.0,57.5,16.0,262.0,13.599999999998545,0.0,21.89999999999418,45.5,45.80000000000291,17.39999999999418,13.0,19.0
2025-08-17 16:00:00,828.0,222.0,30.099999999998545,19.0,63.69999999999709,11.0,274.0,12.599999999998545,0.0,23.30000000000291,48.80000000000291,50.5,19.10000000000582,9.0,14.0
2025-08-17 17:00:00,816.0,211.0,18.900000000001455,18.0,74.40000000000146,11.0,268.0,12.30000000000291,1.8000000000029104,24.89999999999418,46.0,52.80000000000291,17.89999999999418,5.0,7.0
2025-08-17 18:00:00,785.0,205.0,16.0,17.0,81.19999999999709,11.0,247.0,11.0,3.1999999999970896,22.90000000000873,43.0,55.5,16.80000000000291,1.0,1.0
2025-08-17 19:00:00,755.0,199.0,15.099999999998545,16.0,71.20000000000437,11.0,237.0,10.69999999999709,3.1000000000058208,22.19999999999709,42.0,55.5,18.5,0.0,0.0
2025-08-17 20:00:00,720.0,182.0,17.80000000000291,15.0,65.79999999999563,12.0,221.0,10.5,3.5,22.59999999999127,42.5,55.0,18.89999999999418,0.0,0.0
2025-08-17 21:00:00,704.0,175.0,16.299999999995634,16.0,64.30000000000291,11.0,217.0,10.400000000001455,3.5,21.40000000000873,41.30000000000291,55.0,19.5,0.0,0.0
2025-08-17 22:00:00,698.0,171.0,15.0,15.0,61.400000000001455,11.0,222.0,10.099999999998545,3.1999999999970896,22.39999999999418,40.799999999995634,54.5,18.70000000001164,0.0,0.0
2025-08-17 23:00:00,692.0,173.0,14.099999999998545,16.0,60.099999999998545,11.0,219.0,10.0,2.900000000008731,21.80000000000291,40.30000000000291,54.30000000000291,19.0,0.0,0.0
2025-08-18 00:00:00,664.0,164.0,12.80000000000291,14.0,58.5,11.0,209.0,10.0,2.8999999999941792,20.5,40.5,54.29999999998836,18.09999999999127,0.0,0.0
2025-08-18 01:00:00,658.0,160.0,13.5,15.0,60.599999999998545,10.0,205.0,9.5,2.8999999999941792,21.0,39.19999999999709,53.80000000000291,18.69999999999709,0.0,0.0
2025-08-18 02:00:00,642.0,155.0,13.19999999999709,15.0,58.80000000000291,11.0,196.0,9.700000000004366,3.400000000008731,20.69999999999709,39.099999999998545,54.10000000000582,18.90000000000873,0.0,0.0
2025-08-18 03:00:00,637.0,153.0,13.5,14.0,58.19999999999709,11.0,194.0,9.5,3.3000000000029104,21.0,39.700000000004366,54.09999999999127,17.5,0.0,0.0
2025-08-18 04:00:00,636.0,155.0,12.900000000001455,14.0,58.30000000000291,10.0,194.0,8.39999999999418,2.7999999999883585,19.40000000000873,40.19999999999709,55.5,18.5,0.0,0.0
2025-08-18 05:00:00,628.0,155.0,13.5,15.0,54.69999999999709,11.0,193.0,9.5,2.8000000000029104,18.19999999999709,38.599999999998545,53.20000000001164,17.39999999999418,0.0,0.0
2025-08-18 06:00:00,652.0,163.0,13.099999999998545,14.0,56.30000000000291,11.0,201.0,9.5,2.5,18.0,38.700000000004366,54.29999999998836,18.0,0.0,1.0
2025-08-18 07:00:00,675.0,179.0,13.400000000001455,17.0,54.89999999999418,10.0,209.0,10.30000000000291,0.5,17.69999999999709,39.799999999995634,49.5,18.90000000000873,2.0,4.0
2025-08-18 08:00:00,722.0,192.0,13.5,23.0,50.400000000001455,11.0,235.0,11.400000000001455,0.0,18.0,44.900000000001455,46.5,18.59999999999127,4.0,9.0
2025-08-18 09:00:00,805.0,217.0,19.099999999998545,22.0,44.200000000004366,10.0,287.0,11.5,0.0,18.5,49.400000000001455,43.80000000000291,19.5,12.0,17.0
2025-08-18 10:00:00,898.0,238.0,27.0,30.0,53.799999999995634,13.0,326.0,15.099999999998545,0.0,20.19999999999709,46.900000000001455,44.40000000000873,24.0,13.0,21.0
2025-08-18 11:00:00,943.0,242.0,35.0,34.0,60.599999999998545,17.0,351.0,15.5,0.0,20.19999999999709,47.0,43.09999999999127,20.40000000000873,14.0,21.0
2025-08-18 12:00:00,978.0,259.0,36.0,39.0,68.90000000000146,15.0,357.0,16.400000000001455,0.0,23.60000000000582,49.599999999998545,41.10000000000582,18.0,15.0,23.0
2025-08-18 13:00:00,1021.0,265.0,35.200000000004366,41.0,74.90000000000146,14.0,373.0,16.599999999998545,0.0,30.0,53.19999999999709,40.69999999999709,20.59999999999127,16.0,24.0
2025-08-18 14:00:00,1078.0,272.0,40.900000000001455,47.0,79.90000000000146,16.0,394.0,17.5,0.0,36.89999999999418,52.900000000001455,42.0,20.40000000000873,15.0,22.0
2025-08-18 15:00:00,1063.0,269.0,40.099999999998545,43.0,90.0,15.0,371.0,17.69999999999709,0.0,34.30000000000291,53.099999999998545,45.19999999999709,19.19999999999709,12.0,18.0
2025-08-18 16:00:00,1071.0,279.0,33.19999999999709,49.0,98.79999999999563,15.0,357.0,14.30000000000291,0.0,31.30000000000291,49.5,49.5,20.89999999999418,8.0,12.0
2025-08-18 17:00:00,1031.0,268.0,28.700000000004366,42.0,93.80000000000291,17.0,342.0,14.19999999999709,0.5,27.30000000000291,52.5,52.40000000000873,19.5,4.0,8.0
2025-08-18 18:00:00,956.0,250.0,22.799999999995634,35.0,94.19999999999709,14.0,308.0,13.400000000001455,2.1999999999970896,27.69999999999709,48.0,54.79999999998836,18.19999999999709,1.0,1.0
2025-08-18 19:00:00,869.0,230.0,16.700000000004366,27.0,85.90000000000146,15.0,269.0,13.200000000004366,3.1000000000058208,25.0,46.200000000004366,56.30000000000291,20.0,0.0,0.0
2025-08-18 20:00:00,823.0,224.0,17.69999999999709,23.0,78.20000000000437,16.0,249.0,11.599999999998545,3.0,25.19999999999709,45.099999999998545,55.60000000000582,20.5,0.0,0.0
2025-08-18 21:00:00,789.0,214.0,15.80000000000291,19.0,73.0,16.0,240.0,10.69999999999709,3.0,24.19999999999709,42.19999999999709,55.89999999999418,19.5,0.0,0.0
2025-08-18 22:00:00,767.0,201.0,15.5,21.0,69.29999999999563,16.0,237.0,10.599999999998545,3.0,22.90000000000873,42.30000000000291,55.30000000000291,19.5,0.0,0.0
2025-08-18 23:00:00,757.0,197.0,15.099999999998545,19.0,68.09999999999854,16.0,235.0,10.5,2.8999999999941792,22.59999999999127,43.599999999998545,54.69999999999709,19.40000000000873,0.0,0.0
2025-08-19 00:00:00,739.0,192.0,14.5,17.0,66.0,16.0,228.0,10.400000000001455,3.0,22.5,43.200000000004366,54.80000000000291,18.30000000000291,0.0,0.0
2025-08-19 01:00:00,714.0,191.0,14.400000000001455,17.0,65.20000000000437,16.0,212.0,10.200000000004366,3.400000000008731,22.40000000000873,39.69999999999709,54.80000000000291,18.89999999999418,0.0,0.0
2025-08-19 02:00:00,696.0,181.0,13.799999999995634,17.0,64.90000000000146,12.0,205.0,10.299999999995634,3.3000000000029104,25.0,39.80000000000291,54.5,18.5,0.0,0.0
2025-08-19 03:00:00,697.0,182.0,14.30000000000291,18.0,65.39999999999418,10.0,205.0,9.900000000001455,3.0,24.80000000000291,39.799999999995634,55.19999999999709,19.30000000000291,0.0,0.0
2025-08-19 04:00:00,683.0,180.0,13.69999999999709,17.0,63.30000000000291,11.0,202.0,10.099999999998545,2.8999999999941792,21.39999999999418,39.200000000004366,55.10000000000582,19.19999999999709,0.0,0.0
2025-08-19 05:00:00,683.0,180.0,15.900000000001455,17.0,63.0,10.0,200.0,9.900000000001455,2.8000000000029104,20.0,38.89999999999418,54.89999999999418,20.80000000000291,0.0,0.0
2025-08-19 06:00:00,674.0,178.0,13.69999999999709,16.0,61.400000000001455,11.0,202.0,9.900000000001455,2.0,19.69999999999709,38.400000000001455,54.19999999999709,19.39999999999418,1.0,1.0
2025-08-19 07:00:00,719.0,193.0,14.0,18.0,62.299999999995634,12.0,218.0,10.099999999998545,0.09999999999126885,21.69999999999709,39.5,51.60000000000582,25.10000000000582,2.0,3.0
2025-08-19 08:00:00,846.0,223.0,18.30000000000291,24.0,63.200000000004366,10.0,256.0,10.5,0.8000000000029104,31.5,46.599999999998545,51.09999999999127,36.69999999999709,4.0,8.0
2025-08-19 09:00:00,1037.0,267.0,28.69999999999709,32.0,79.5,11.0,318.0,11.599999999998545,0.40000000000873115,39.20000000001164,55.0,48.60000000000582,51.19999999999709,9.0,13.0
2025-08-19 10:00:00,1161.0,303.0,30.0,51.0,87.09999999999854,12.0,362.0,18.200000000004366,0.0,40.09999999999127,52.60000000000582,45.69999999999709,69.69999999999709,12.0,20.0
2025-08-19 11:00:00,1190.0,314.0,27.60000000000582,55.0,87.69999999999709,10.0,381.0,19.599999999998545,0.0,41.80000000000291,52.0,46.10000000000582,64.70000000001164,15.0,22.0
2025-08-19 12:00:00,1207.0,299.0,33.39999999999418,49.0,87.5,12.0,407.0,16.599999999998545,0.0,40.30000000000291,63.69999999999709,47.5,65.79999999998836,15.0,24.0
2025-08-19 13:00:00,1299.0,320.0,41.400000000001455,49.0,105.5,15.0,410.0,18.19999999999709,0.0,51.59999999999127,74.30000000000291,47.89999999999418,73.5,15.0,23.0
2025-08-19 14:00:00,1344.0,336.0,42.400000000001455,48.0,109.30000000000291,22.0,432.0,17.10000000000582,0.0,60.80000000000291,71.29999999999563,44.69999999999709,56.60000000000582,15.0,21.0
2025-08-19 15:00:00,1292.0,324.0,37.599999999998545,48.0,112.09999999999854,27.0,421.0,17.099999999998545,0.0,65.10000000000582,65.5,47.70000000001164,28.19999999999709,12.0,19.0
2025-08-19 16:00:00,1232.0,307.0,31.30000000000291,46.0,116.09999999999854,23.0,398.0,15.900000000001455,2.8999999999941792,62.0,55.700000000004366,51.09999999999127,26.60000000000582,8.0,13.0
2025-08-19 17:00:00,1138.0,285.0,23.0,39.0,110.80000000000291,21.0,373.0,13.69999999999709,3.1999999999970896,48.09999999999127,51.799999999995634,54.90000000000873,24.39999999999418,4.0,5.0
2025-08-19 18:00:00,1018.0,261.0,19.5,30.0,102.90000000000146,17.0,338.0,11.900000000001455,3.5,36.40000000000873,47.700000000004366,55.89999999999418,19.19999999999709,0.0,1.0
2025-08-19 19:00:00,921.0,230.0,15.900000000001455,27.0,85.19999999999709,15.0,313.0,11.5,4.100000000005821,32.80000000000291,45.89999999999418,56.0,20.30000000000291,0.0,0.0
2025-08-19 20:00:00,864.0,225.0,16.69999999999709,24.0,70.20000000000437,14.0,285.0,11.19999999999709,4.099999999991269,30.09999999999127,42.5,55.80000000000291,22.80000000000291,0.0,0.0
2025-08-19 21:00:00,831.0,214.0,16.900000000001455,22.0,68.29999999999563,15.0,271.0,11.200000000004366,3.900000000008731,27.80000000000291,43.60000000000582,55.30000000000291,21.10000000000582,0.0,0.0
2025-08-19 22:00:00,793.0,199.0,16.299999999995634,23.0,65.40000000000146,14.0,259.0,11.0,4.0,28.0,40.5,56.09999999999127,19.29999999998836,0.0,0.0
2025-08-19 23:00:00,781.0,194.0,16.10000000000582,21.0,64.59999999999854,15.0,258.0,11.0,4.0,27.89999999999418,39.599999999998545,54.80000000000291,18.80000000000291,0.0,0.0
2025-08-20 00:00:00,750.0,194.0,15.69999999999709,21.0,62.200000000004366,15.0,234.0,10.69999999999709,4.0,29.10000000000582,38.400000000001455,54.69999999999709,16.80000000000291,0.0,0.0
2025-08-20 01:00:00,731.0,187.0,14.400000000001455,20.0,66.5,15.0,220.0,10.5,4.0,28.80000000000291,38.099999999998545,54.60000000000582,18.10000000000582,0.0,0.0
2025-08-20 02:00:00,713.0,180.0,13.69999999999709,21.0,65.79999999999563,14.0,214.0,10.400000000001455,4.099999999991269,27.30000000000291,38.5,54.39999999999418,17.29999999998836,0.0,0.0
2025-08-20 03:00:00,701.0,177.0,12.5,19.0,61.099999999998545,14.0,214.0,10.299999999995634,4.2000000000116415,26.69999999999709,38.69999999999709,55.0,18.0,0.0,0.0
2025-08-20 04:00:00,702.0,177.0,12.700000000004366,20.0,59.200000000004366,14.0,213.0,10.400000000001455,3.6999999999970896,27.0,40.5,55.69999999999709,18.40000000000873,0.0,0.0
2025-08-20 05:00:00,694.0,178.0,11.799999999995634,20.0,57.599999999998545,13.0,208.0,9.900000000001455,3.1999999999970896,26.30000000000291,39.099999999998545,55.10000000000582,19.89999999999418,0.0,0.0
2025-08-20 06:00:00,696.0,181.0,12.200000000004366,19.0,58.30000000000291,15.0,208.0,10.099999999998545,2.8999999999941792,25.19999999999709,36.60000000000582,54.80000000000291,18.5,0.0,0.0
2025-08-20 07:00:00,713.0,189.0,12.89999999999418,20.0,57.299999999995634,14.0,214.0,10.200000000004366,2.2000000000116415,22.80000000000291,35.39999999999418,53.30000000000291,23.40000000000873,1.0,1.0
2025-08-20 08:00:00,872.0,240.0,19.0,29.0,62.700000000004366,15.0,268.0,11.19999999999709,0.29999999998835847,28.39999999999418,37.900000000001455,49.39999999999418,36.0,5.0,10.0
2025-08-20 09:00:00,1082.0,296.0,29.200000000004366,37.0,63.5,15.0,333.0,12.80000000000291,0.40000000000873115,39.80000000000291,58.200000000004366,48.0,49.79999999998836,11.0,18.0
2025-08-20 10:00:00,1268.0,349.0,29.5,42.0,81.5,15.0,397.0,18.5,0.5999999999912689,41.19999999999709,69.0,50.89999999999418,64.90000000000873,13.0,20.0
2025-08-20 11:00:00,1324.0,360.0,27.19999999999709,47.0,85.39999999999418,14.0,406.0,17.299999999995634,0.10000000000582077,52.89999999999418,74.59999999999854,49.20000000001164,66.80000000000291,16.0,23.0
2025-08-20 12:00:00,1336.0,348.0,39.700000000004366,47.0,85.0,15.0,428.0,14.700000000004366,0.0,53.90000000000873,74.90000000000146,44.69999999999709,71.79999999998836,16.0,25.0
2025-08-20 13:00:00,1480.0,363.0,44.69999999999709,50.0,98.90000000000146,100.0,446.0,14.599999999998545,0.10000000000582077,49.69999999999709,71.79999999999563,42.5,80.40000000000873,16.0,24.0
2025-08-20 14:00:00,1419.0,364.0,44.400000000001455,56.0,99.0,63.0,451.0,14.799999999995634,0.0,47.80000000000291,78.70000000000437,46.19999999999709,55.69999999999709,15.0,23.0
2025-08-20 15:00:00,1378.0,375.0,40.69999999999709,56.0,103.80000000000291,30.0,439.0,14.30000000000291,0.6999999999970896,48.0,83.39999999999418,55.19999999999709,32.5,11.0,17.0
2025-08-20 16:00:00,1313.0,361.0,34.400000000001455,51.0,102.29999999999563,20.0,435.0,13.69999999999709,5.399999999994179,46.30000000000291,65.70000000000437,56.90000000000873,30.30000000000291,7.0,11.0
2025-08-20 17:00:00,1148.0,314.0,26.400000000001455,39.0,93.80000000000291,14.0,392.0,11.400000000001455,5.80000000000291,33.89999999999418,50.900000000001455,56.29999999998836,28.5,0.0,0.0
2025-08-20 18:00:00,988.0,260.0,22.099999999998545,33.0,83.69999999999709,13.0,338.0,10.400000000001455,3.1999999999970896,27.10000000000582,47.0,55.5,25.5,1.0,1.0
2025-08-20 19:00:00,909.0,238.0,19.400000000001455,30.0,82.10000000000582,12.0,297.0,10.400000000001455,3.1999999999970896,24.5,47.599999999998545,56.10000000000582,25.69999999999709,0.0,0.0
2025-08-20 20:00:00,858.0,219.0,25.099999999998545,25.0,78.39999999999418,13.0,275.0,11.299999999995634,3.2000000000116415,26.09999999999127,42.5,55.60000000000582,26.89999999999418,0.0,0.0
2025-08-20 21:00:00,819.0,216.0,19.30000000000291,23.0,71.60000000000582,12.0,259.0,10.400000000001455,3.1999999999970896,25.19999999999709,41.400000000001455,55.69999999999709,26.80000000000291,0.0,0.0
2025-08-20 22:00:00,789.0,204.0,17.39999999999418,23.0,68.0,12.0,250.0,10.5,3.1999999999970896,26.70000000001164,40.799999999995634,56.69999999999709,22.10000000000582,0.0,0.0
2025-08-20 23:00:00,768.0,198.0,15.60000000000582,22.0,64.29999999999563,12.0,243.0,10.400000000001455,3.1000000000058208,26.39999999999418,42.5,54.5,20.89999999999418,0.0,0.0
2025-08-21 00:00:00,741.0,192.0,14.799999999995634,22.0,62.900000000001455,12.0,236.0,10.400000000001455,3.099999999991269,23.10000000000582,40.80000000000291,55.30000000000291,19.5,0.0,0.0
2025-08-21 01:00:00,729.0,190.0,13.900000000001455,21.0,61.69999999999709,12.0,230.0,10.099999999998545,3.1999999999970896,22.59999999999127,39.799999999995634,53.69999999999709,20.60000000000582,0.0,0.0
2025-08-21 02:00:00,700.0,184.0,12.5,22.0,60.400000000001455,11.0,211.0,10.30000000000291,3.1000000000058208,22.10000000000582,39.700000000004366,54.10000000000582,20.0,0.0,0.0
2025-08-21 03:00:00,684.0,180.0,12.5,21.0,59.599999999998545,12.0,205.0,10.099999999998545,3.3999999999941792,19.09999999999127,39.69999999999709,54.29999999998836,19.39999999999418,0.0,0.0
2025-08-21 04:00:00,682.0,179.0,12.69999999999709,21.0,57.5,11.0,203.0,9.799999999995634,3.2000000000116415,20.70000000001164,39.5,55.40000000000873,20.30000000000291,0.0,0.0
2025-08-21 05:00:00,683.0,177.0,13.0,21.0,56.700000000004366,12.0,204.0,10.0,3.0,19.59999999999127,39.200000000004366,53.69999999999709,22.80000000000291,0.0,0.0
2025-08-21 06:00:00,698.0,184.0,13.5,21.0,59.099999999998545,12.0,208.0,9.80000000000291,2.599999999991269,19.40000000000873,39.39999999999418,55.0,21.5,0.0,0.0
2025-08-21 07:00:00,736.0,202.0,13.60000000000582,23.0,58.69999999999709,13.0,220.0,12.900000000001455,1.1000000000058208,19.79999999998836,40.900000000001455,50.10000000000582,23.80000000000291,1.0,3.0
2025-08-21 08:00:00,856.0,232.0,15.299999999995634,32.0,57.0,29.0,251.0,14.0,1.5,25.60000000000582,47.400000000001455,50.19999999999709,35.5,5.0,9.0
2025-08-21 09:00:00,1169.0,285.0,20.0,48.0,56.5,140.0,319.0,13.5,0.39999999999417923,35.39999999999418,51.30000000000291,49.19999999999709,51.5,10.0,15.0
2025-08-21 10:00:00,1317.0,322.0,25.599999999998545,55.0,56.60000000000582,149.0,382.0,16.599999999998545,0.10000000000582077,40.30000000000291,61.799999999995634,49.19999999999709,63.19999999999709,14.0,21.0
2025-08-21 11:00:00,1328.0,333.0,27.80000000000291,55.0,64.09999999999854,122.0,412.0,15.900000000001455,0.09999999999126885,44.10000000000582,60.200000000004366,45.69999999999709,61.59999999999127,15.0,24.0
2025-08-21 12:00:00,1321.0,330.0,35.80000000000291,48.0,73.19999999999709,83.0,424.0,15.900000000001455,0.0,50.89999999999418,60.89999999999418,44.5,70.40000000000873,17.0,25.0
2025-08-21 13:00:00,1382.0,353.0,40.69999999999709,50.0,90.0,70.0,435.0,15.39999999999418,0.20000000001164153,56.69999999999709,65.0,43.5,71.09999999999127,16.0,25.0
2025-08-21 14:00:00,1387.0,366.0,42.80000000000291,49.0,92.09999999999854,69.0,438.0,15.60000000000582,0.29999999998835847,55.60000000000582,64.70000000000437,44.5,56.10000000000582,15.0,23.0
2025-08-21 15:00:00,1348.0,349.0,38.39999999999418,51.0,100.20000000000437,67.0,432.0,15.19999999999709,0.0,54.39999999999418,63.400000000001455,47.10000000000582,37.69999999999709,13.0,20.0
2025-08-21 16:00:00,1355.0,334.0,35.200000000004366,64.0,104.19999999999709,69.0,430.0,14.400000000001455,1.5,59.70000000001164,57.89999999999418,51.39999999999418,38.10000000000582,10.0,14.0
2025-08-21 17:00:00,1233.0,312.0,31.5,55.0,96.80000000000291,49.0,400.0,12.799999999995634,3.8000000000029104,39.89999999999418,49.5,54.70000000001164,40.69999999999709,4.0,7.0
2025-08-21 18:00:00,1074.0,269.0,29.400000000001455,41.0,82.69999999999709,16.0,374.0,12.200000000004366,4.5,30.30000000000291,44.5,56.79999999998836,42.69999999999709,1.0,1.0
2025-08-21 19:00:00,949.0,246.0,22.19999999999709,33.0,77.90000000000146,17.0,309.0,10.900000000001455,4.19999999999709,27.59999999999127,42.0,56.40000000000873,40.90000000000873,0.0,0.0
2025-08-21 20:00:00,880.0,221.0,22.19999999999709,27.0,76.5,14.0,280.0,11.0,4.30000000000291,26.20000000001164,40.700000000004366,55.80000000000291,46.89999999999418,0.0,0.0
2025-08-21 21:00:00,839.0,207.0,21.900000000001455,25.0,72.5,12.0,273.0,10.69999999999709,4.19999999999709,24.09999999999127,40.5,55.5,39.0,0.0,0.0
2025-08-21 22:00:00,790.0,203.0,17.5,24.0,70.09999999999854,11.0,255.0,10.400000000001455,4.100000000005821,22.30000000000291,40.5,55.0,23.10000000000582,0.0,0.0
2025-08-21 23:00:00,759.0,198.0,14.80000000000291,24.0,69.0,12.0,239.0,10.69999999999709,4.19999999999709,22.5,40.19999999999709,54.29999999998836,20.69999999999709,0.0,0.0
2025-08-22 00:00:00,756.0,198.0,15.19999999999709,23.0,67.59999999999854,11.0,236.0,10.30000000000291,4.100000000005821,23.19999999999709,41.30000000000291,54.80000000000291,19.09999999999127,0.0,0.0
2025-08-22 01:00:00,750.0,196.0,14.5,23.0,64.40000000000146,12.0,231.0,10.5,4.19999999999709,22.90000000000873,42.599999999998545,54.19999999999709,22.30000000000291,0.0,0.0
2025-08-22 02:00:00,739.0,195.0,14.099999999998545,22.0,62.5,11.0,230.0,10.900000000001455,3.6999999999970896,22.59999999999127,40.400000000001455,54.30000000000291,20.5,0.0,0.0
2025-08-22 03:00:00,716.0,187.0,13.80000000000291,22.0,61.400000000001455,12.0,220.0,10.099999999998545,3.5,21.0,40.0,54.80000000000291,20.30000000000291,0.0,0.0
2025-08-22 04:00:00,710.0,187.0,14.099999999998545,22.0,61.80000000000291,10.0,215.0,10.19999999999709,3.6000000000058208,19.10000000000582,40.0,55.0,20.89999999999418,0.0,0.0
2025-08-22 05:00:00,712.0,189.0,13.200000000004366,23.0,61.099999999998545,11.0,215.0,10.30000000000291,3.599999999991269,19.69999999999709,40.299999999995634,54.39999999999418,22.60000000000582,0.0,0.0
2025-08-22 06:00:00,717.0,192.0,13.89999999999418,22.0,60.900000000001455,11.0,220.0,10.19999999999709,2.6000000000058208,19.0,39.80000000000291,54.20000000001164,21.69999999999709,1.0,1.0
2025-08-22 07:00:00,740.0,206.0,13.400000000001455,22.0,58.099999999998545,11.0,230.0,10.30000000000291,1.0,20.0,40.80000000000291,50.89999999999418,25.30000000000291,1.0,3.0
2025-08-22 08:00:00,852.0,232.0,15.5,29.0,60.799999999995634,13.0,258.0,10.69999999999709,1.1000000000058208,26.89999999999418,44.799999999995634,50.19999999999709,35.80000000000291,4.0,9.0
2025-08-22 09:00:00,1090.0,309.0,25.80000000000291,35.0,64.60000000000582,22.0,353.0,11.700000000004366,0.19999999999708962,28.5,54.30000000000291,45.90000000000873,54.59999999999127,10.0,15.0
2025-08-22 10:00:00,1188.0,339.0,31.099999999998545,43.0,73.29999999999563,15.0,380.0,14.19999999999709,0.0,32.90000000000873,62.599999999998545,45.0,68.0,13.0,20.0
2025-08-22 11:00:00,1232.0,323.0,28.400000000001455,42.0,78.40000000000146,19.0,429.0,11.599999999998545,0.0,34.19999999999709,61.69999999999709,46.89999999999418,62.30000000000291,15.0,23.0
2025-08-22 12:00:00,1255.0,324.0,30.19999999999709,50.0,79.69999999999709,16.0,439.0,12.700000000004366,0.0,34.39999999999418,56.10000000000582,45.10000000000582,66.5,16.0,24.0
2025-08-22 13:00:00,1288.0,334.0,28.599999999998545,44.0,87.0,12.0,439.0,14.299999999995634,0.0,41.10000000000582,58.0,46.0,77.10000000000582,13.0,20.0
2025-08-22 14:00:00,1313.0,353.0,42.5,46.0,82.70000000000437,13.0,454.0,13.400000000001455,0.0,41.39999999999418,60.0,45.79999999998836,56.19999999999709,14.0,22.0
2025-08-22 15:00:00,1278.0,349.0,43.200000000004366,47.0,88.90000000000146,13.0,446.0,12.80000000000291,0.0,47.90000000000873,62.799999999995634,49.90000000000873,24.0,13.0,18.0
2025-08-22 16:00:00,1232.0,344.0,35.299999999995634,42.0,87.59999999999854,13.0,427.0,12.5,1.0999999999912689,44.69999999999709,61.599999999998545,53.09999999999127,24.19999999999709,9.0,14.0
2025-08-22 17:00:00,1137.0,321.0,26.0,37.0,82.5,11.0,393.0,12.799999999995634,2.3000000000029104,39.0,56.700000000004366,56.40000000000873,23.19999999999709,4.0,7.0
2025-08-22 18:00:00,1013.0,271.0,21.30000000000291,31.0,77.90000000000146,12.0,368.0,12.099999999998545,3.1999999999970896,30.10000000000582,47.599999999998545,56.30000000000291,19.20000000001164,1.0,1.0
2025-08-22 19:00:00,905.0,245.0,18.400000000001455,26.0,71.89999999999418,11.0,309.0,12.200000000004366,3.2000000000116415,24.5,45.19999999999709,56.39999999999418,21.29999999998836,0.0,0.0
2025-08-22 20:00:00,834.0,222.0,17.099999999998545,24.0,70.30000000000291,11.0,272.0,10.900000000001455,2.8999999999941792,22.59999999999127,46.10000000000582,56.19999999999709,22.20000000001164,0.0,0.0
2025-08-22 21:00:00,798.0,210.0,13.900000000001455,24.0,69.5,12.0,257.0,11.0,2.8999999999941792,24.0,45.5,55.5,19.0,0.0,0.0
2025-08-22 22:00:00,776.0,204.0,13.799999999995634,24.0,63.099999999998545,12.0,240.0,10.5,2.8000000000029104,32.60000000000582,44.599999999998545,56.10000000000582,17.59999999999127,0.0,0.0
2025-08-22 23:00:00,751.0,198.0,14.900000000001455,22.0,59.700000000004366,11.0,235.0,10.19999999999709,3.3000000000029104,27.0,42.599999999998545,55.59999999999127,17.0,0.0,0.0
2025-08-23 00:00:00,737.0,193.0,15.0,23.0,58.69999999999709,11.0,232.0,10.599999999998545,3.3000000000029104,23.30000000000291,42.19999999999709,55.90000000000873,16.19999999999709,0.0,0.0
2025-08-23 01:00:00,716.0,188.0,14.30000000000291,22.0,58.099999999998545,11.0,219.0,10.099999999998545,2.8999999999941792,23.0,41.60000000000582,55.59999999999127,17.90000000000873,0.0,0.0
2025-08-23 02:00:00,704.0,186.0,13.799999999995634,22.0,57.400000000001455,11.0,214.0,10.200000000004366,2.8000000000029104,22.59999999999127,41.099999999998545,55.0,16.69999999999709,0.0,0.0
2025-08-23 03:00:00,706.0,187.0,14.900000000001455,22.0,56.599999999998545,11.0,215.0,9.900000000001455,2.8999999999941792,21.19999999999709,42.900000000001455,55.0,16.39999999999418,0.0,0.0
2025-08-23 04:00:00,700.0,186.0,14.099999999998545,22.0,54.0,10.0,211.0,9.799999999995634,3.2000000000116415,21.0,43.599999999998545,56.60000000000582,17.40000000000873,0.0,0.0
2025-08-23 05:00:00,697.0,187.0,13.5,21.0,54.200000000004366,11.0,212.0,9.80000000000291,2.7999999999883585,20.0,41.599999999998545,55.19999999999709,17.09999999999127,0.0,0.0
2025-08-23 06:00:00,702.0,191.0,14.400000000001455,22.0,53.19999999999709,12.0,215.0,9.69999999999709,1.8000000000029104,21.70000000001164,39.69999999999709,54.80000000000291,15.400000000008731,0.0,0.0
2025-08-23 07:00:00,709.0,198.0,13.900000000001455,24.0,51.5,11.0,219.0,10.30000000000291,0.3000000000029104,21.19999999999709,40.60000000000582,52.80000000000291,16.59999999999127,1.0,3.0
2025-08-23 08:00:00,717.0,201.0,14.19999999999709,25.0,48.900000000001455,10.0,225.0,10.299999999995634,0.0,19.89999999999418,40.599999999998545,51.69999999999709,17.70000000001164,3.0,5.0
2025-08-23 09:00:00,722.0,202.0,15.5,25.0,45.19999999999709,11.0,232.0,10.60000000000582,0.0,20.90000000000873,43.799999999995634,49.89999999999418,18.19999999999709,6.0,8.0
2025-08-23 10:00:00,766.0,211.0,21.30000000000291,26.0,43.900000000001455,11.0,263.0,11.19999999999709,0.0,24.89999999999418,42.0,47.90000000000873,18.39999999999418,9.0,15.0
2025-08-23 11:00:00,778.0,222.0,17.30000000000291,28.0,35.80000000000291,10.0,275.0,11.5,0.0,25.30000000000291,43.80000000000291,46.0,17.90000000000873,15.0,22.0
2025-08-23 12:00:00,807.0,230.0,19.89999999999418,28.0,35.5,11.0,292.0,12.0,0.0,28.5,46.80000000000291,46.39999999999418,17.09999999999127,15.0,24.0
2025-08-23 13:00:00,831.0,237.0,20.30000000000291,29.0,41.0,12.0,298.0,12.099999999998545,0.0,29.59999999999127,45.599999999998545,44.0,18.0,16.0,24.0
2025-08-23 14:00:00,878.0,243.0,32.19999999999709,29.0,46.0,12.0,317.0,12.30000000000291,0.0,29.10000000000582,49.69999999999709,42.19999999999709,18.80000000000291,15.0,21.0
2025-08-23 15:00:00,907.0,258.0,30.30000000000291,30.0,53.19999999999709,11.0,318.0,12.099999999998545,0.0,28.10000000000582,46.900000000001455,45.90000000000873,18.19999999999709,11.0,18.0
2025-08-23 16:00:00,909.0,256.0,26.5,29.0,57.599999999998545,11.0,313.0,13.099999999998545,0.0,24.79999999998836,48.69999999999709,50.69999999999709,19.80000000000291,9.0,14.0
2025-08-23 17:00:00,899.0,259.0,21.599999999998545,32.0,61.400000000001455,12.0,298.0,11.5,1.5,22.60000000000582,45.700000000004366,53.30000000000291,18.0,5.0,7.0
2025-08-23 18:00:00,852.0,245.0,18.599999999998545,30.0,68.19999999999709,11.0,271.0,11.0,3.3000000000029104,21.89999999999418,43.099999999998545,55.89999999999418,15.69999999999709,0.0,1.0
2025-08-23 19:00:00,825.0,242.0,16.10000000000582,30.0,68.5,12.0,244.0,10.599999999998545,3.1999999999970896,23.30000000000291,45.099999999998545,56.19999999999709,17.40000000000873,0.0,0.0
2025-08-23 20:00:00,786.0,226.0,15.19999999999709,26.0,65.70000000000437,11.0,229.0,10.5,3.0,23.5,44.30000000000291,56.10000000000582,18.79999999998836,0.0,0.0
2025-08-23 21:00:00,782.0,212.0,15.19999999999709,27.0,59.400000000001455,11.0,239.0,10.10000000000582,3.1000000000058208,31.60000000000582,45.0,55.5,19.40000000000873,0.0,0.0
2025-08-23 22:00:00,773.0,205.0,17.400000000001455,27.0,57.89999999999418,11.0,237.0,10.299999999995634,3.1999999999970896,30.59999999999127,44.5,57.69999999999709,17.59999999999127,0.0,0.0
2025-08-23 23:00:00,766.0,208.0,19.900000000001455,24.0,58.5,11.0,232.0,10.200000000004366,2.8999999999941792,29.5,44.799999999995634,56.10000000000582,17.20000000001164,0.0,0.0
2025-08-24 00:00:00,746.0,207.0,18.099999999998545,24.0,59.700000000004366,11.0,218.0,9.89999999999418,3.0,29.30000000000291,42.10000000000582,56.0,16.79999999998836,0.0,0.0
2025-08-24 01:00:00,728.0,202.0,16.30000000000291,23.0,58.799999999995634,10.0,212.0,9.900000000001455,2.900000000008731,25.69999999999709,40.799999999995634,55.69999999999709,17.80000000000291,0.0,0.0
2025-08-24 02:00:00,719.0,201.0,14.099999999998545,22.0,58.30000000000291,12.0,215.0,9.80000000000291,2.8999999999941792,22.10000000000582,40.700000000004366,55.30000000000291,17.40000000000873,0.0,0.0
2025-08-24 03:00:00,711.0,196.0,12.900000000001455,21.0,57.599999999998545,10.0,213.0,9.599999999998545,2.8000000000029104,22.30000000000291,42.799999999995634,55.39999999999418,16.69999999999709,0.0,0.0
2025-08-24 04:00:00,703.0,193.0,13.400000000001455,22.0,54.700000000004366,11.0,213.0,9.599999999998545,2.8999999999941792,22.09999999999127,40.400000000001455,55.30000000000291,17.80000000000291,0.0,0.0
2025-08-24 05:00:00,695.0,192.0,12.599999999998545,20.0,54.099999999998545,11.0,207.0,9.599999999998545,2.8000000000029104,21.70000000001164,39.5,55.19999999999709,17.59999999999127,0.0,0.0
2025-08-24 06:00:00,685.0,193.0,13.19999999999709,21.0,52.5,10.0,204.0,9.400000000001455,2.3000000000029104,20.19999999999709,39.5,54.80000000000291,14.80000000000291,0.0,0.0
2025-08-24 07:00:00,695.0,200.0,13.200000000004366,22.0,51.0,11.0,208.0,9.599999999998545,0.5,19.30000000000291,41.099999999998545,53.19999999999709,16.60000000000582,2.0,2.0
2025-08-24 08:00:00,710.0,201.0,13.39999999999418,23.0,49.599999999998545,11.0,219.0,10.0,0.09999999999126885,18.89999999999418,43.0,52.0,18.09999999999127,2.0,4.0
2025-08-24 09:00:00,719.0,208.0,13.60000000000582,24.0,44.80000000000291,12.0,232.0,10.400000000001455,0.0,19.19999999999709,41.30000000000291,50.80000000000291,17.60000000000582,7.0,11.0
2025-08-24 10:00:00,724.0,214.0,20.69999999999709,26.0,36.799999999995634,11.0,237.0,11.30000000000291,0.0,20.80000000000291,42.599999999998545,45.0,18.19999999999709,12.0,18.0
2025-08-24 11:00:00,728.0,218.0,18.400000000001455,29.0,34.30000000000291,10.0,235.0,11.599999999998545,0.0,24.10000000000582,45.400000000001455,41.60000000000582,18.30000000000291,14.0,22.0
2025-08-24 12:00:00,757.0,231.0,17.599999999998545,35.0,36.69999999999709,11.0,246.0,11.80000000000291,0.0,28.0,44.69999999999709,39.39999999999418,17.80000000000291,16.0,23.0
2025-08-24 13:00:00,822.0,240.0,18.400000000001455,35.0,47.0,12.0,277.0,11.69999999999709,0.0,30.79999999998836,50.0,40.0,18.0,15.0,24.0
2025-08-24 14:00:00,847.0,243.0,24.19999999999709,36.0,50.700000000004366,11.0,289.0,12.0,0.0,28.10000000000582,46.5,41.89999999999418,17.39999999999418,14.0,21.0
2025-08-24 15:00:00,884.0,252.0,23.599999999998545,37.0,60.099999999998545,12.0,292.0,12.5,0.0,26.30000000000291,54.0,45.5,17.80000000000291,12.0,17.0
2025-08-24 16:00:00,891.0,252.0,24.60000000000582,36.0,66.19999999999709,11.0,287.0,12.80000000000291,0.0,23.5,49.099999999998545,52.20000000001164,18.59999999999127,6.0,10.0
2025-08-24 17:00:00,866.0,242.0,19.299999999995634,33.0,68.30000000000291,11.0,277.0,12.099999999998545,2.0,22.5,45.60000000000582,54.0,18.10000000000582,3.0,5.0
2025-08-24 18:00:00,847.0,235.0,17.5,32.0,69.0,12.0,270.0,11.5,3.0,22.09999999999127,47.0,56.09999999999127,15.5,0.0,0.0
2025-08-24 19:00:00,824.0,218.0,15.5,30.0,68.09999999999854,11.0,269.0,10.599999999998545,3.0,22.30000000000291,44.69999999999709,56.40000000000873,17.30000000000291,0.0,0.0
2025-08-24 20:00:00,801.0,210.0,14.80000000000291,30.0,66.80000000000291,11.0,253.0,10.099999999998545,3.1000000000058208,30.60000000000582,42.099999999998545,55.89999999999418,17.59999999999127,0.0,0.0
2025-08-24 21:00:00,789.0,204.0,14.400000000001455,32.0,66.29999999999563,11.0,245.0,10.200000000004366,3.1999999999970896,29.89999999999418,43.099999999998545,55.80000000000291,18.60000000000582,0.0,0.0
2025-08-24 22:00:00,780.0,201.0,16.39999999999418,29.0,61.900000000001455,12.0,245.0,10.19999999999709,3.400000000008731,27.40000000000873,45.400000000001455,55.39999999999418,17.60000000000582,0.0,0.0
2025-08-24 23:00:00,763.0,200.0,17.0,29.0,60.80000000000291,11.0,233.0,9.900000000001455,3.099999999991269,26.19999999999709,45.099999999998545,55.40000000000873,17.59999999999127,0.0,0.0
2025-08-25 00:00:00,739.0,198.0,14.30000000000291,27.0,59.299999999995634,11.0,223.0,10.0,3.0,26.0,44.10000000000582,55.09999999999127,17.0,0.0,0.0
2025-08-25 01:00:00,736.0,202.0,14.80000000000291,25.0,59.0,11.0,220.0,9.799999999995634,2.900000000008731,25.59999999999127,41.19999999999709,54.90000000000873,17.90000000000873,0.0,0.0
2025-08-25 02:00:00,717.0,198.0,13.799999999995634,22.0,57.099999999998545,10.0,213.0,9.700000000004366,3.0,25.5,40.80000000000291,54.79999999998836,17.39999999999418,0.0,0.0
2025-08-25 03:00:00,706.0,194.0,13.200000000004366,22.0,57.10000000000582,11.0,208.0,9.69999999999709,2.8999999999941792,24.70000000001164,40.19999999999709,54.80000000000291,17.80000000000291,0.0,0.0
2025-08-25 04:00:00,710.0,193.0,13.299999999995634,22.0,56.099999999998545,10.0,215.0,9.30000000000291,2.8999999999941792,21.89999999999418,41.80000000000291,56.19999999999709,17.80000000000291,0.0,0.0
2025-08-25 05:00:00,701.0,188.0,13.599999999998545,21.0,55.19999999999709,12.0,212.0,10.69999999999709,2.8000000000029104,20.80000000000291,39.599999999998545,54.10000000000582,19.89999999999418,0.0,0.0
2025-08-25 06:00:00,710.0,196.0,13.10000000000582,23.0,55.099999999998545,10.0,212.0,9.900000000001455,2.1999999999970896,21.39999999999418,39.599999999998545,53.5,20.69999999999709,1.0,1.0
2025-08-25 07:00:00,756.0,219.0,14.39999999999418,24.0,52.30000000000291,11.0,227.0,10.30000000000291,0.3000000000029104,22.60000000000582,39.80000000000291,50.30000000000291,23.5,2.0,4.0
2025-08-25 08:00:00,923.0,264.0,18.0,34.0,59.30000000000291,16.0,274.0,10.69999999999709,2.0,29.89999999999418,54.099999999998545,50.5,36.69999999999709,4.0,7.0
2025-08-25 09:00:00,1225.0,342.0,28.400000000001455,43.0,68.09999999999854,47.0,388.0,11.400000000001455,5.900000000008731,31.40000000000873,59.5,51.19999999999709,55.10000000000582,5.0,8.0
2025-08-25 10:00:00,1385.0,387.0,31.099999999998545,62.0,77.0,45.0,441.0,15.900000000001455,5.5,37.29999999998836,67.59999999999854,56.5,67.80000000000291,7.0,11.0
2025-08-25 11:00:00,1413.0,388.0,36.0,65.0,78.79999999999563,44.0,471.0,14.39999999999418,1.2999999999883585,40.30000000000291,62.900000000001455,52.5,64.0,14.0,21.0
2025-08-25 12:00:00,1437.0,391.0,40.700000000004366,64.0,88.90000000000146,23.0,486.0,12.30000000000291,0.10000000000582077,47.90000000000873,60.900000000001455,49.89999999999418,72.59999999999127,15.0,23.0
2025-08-25 13:00:00,1512.0,396.0,47.0,65.0,93.20000000000437,34.0,502.0,11.900000000001455,0.0,56.89999999999418,61.5,49.40000000000873,75.30000000000291,15.0,23.0
2025-08-25 14:00:00,1553.0,414.0,50.900000000001455,73.0,100.39999999999418,50.0,504.0,12.0,0.0,64.30000000000291,56.89999999999418,52.30000000000291,58.5,14.0,21.0
2025-08-25 15:00:00,1534.0,418.0,46.5,69.0,111.60000000000582,47.0,503.0,13.599999999998545,0.10000000000582077,59.19999999999709,65.70000000000437,50.39999999999418,36.60000000000582,12.0,17.0
2025-08-25 16:00:00,1462.0,399.0,46.19999999999709,59.0,114.79999999999563,46.0,474.0,12.19999999999709,4.5,52.60000000000582,58.900000000001455,52.60000000000582,34.80000000000291,8.0,13.0
2025-08-25 17:00:00,1268.0,353.0,37.900000000001455,53.0,97.09999999999854,17.0,434.0,12.10000000000582,2.3999999999941792,42.39999999999418,47.39999999999418,55.39999999999418,32.69999999999709,4.0,7.0
2025-08-25 18:00:00,1073.0,287.0,28.900000000001455,44.0,78.5,13.0,372.0,11.5,2.3999999999941792,34.39999999999418,45.60000000000582,56.80000000000291,26.5,1.0,0.0
2025-08-25 19:00:00,963.0,264.0,22.799999999995634,34.0,75.70000000000437,11.0,323.0,10.799999999995634,2.7000000000116415,32.10000000000582,44.5,57.09999999999127,20.80000000000291,0.0,0.0
2025-08-25 20:00:00,893.0,259.0,19.099999999998545,31.0,65.5,12.0,285.0,10.900000000001455,3.099999999991269,30.10000000000582,39.69999999999709,56.10000000000582,19.39999999999418,0.0,0.0
2025-08-25 21:00:00,851.0,237.0,18.200000000004366,33.0,62.5,11.0,269.0,10.69999999999709,2.6000000000058208,31.5,41.900000000001455,56.19999999999709,19.69999999999709,0.0,0.0
2025-08-25 22:00:00,831.0,230.0,16.900000000001455,32.0,62.900000000001455,12.0,258.0,10.60000000000582,2.6999999999970896,32.29999999998836,41.599999999998545,55.80000000000291,17.60000000000582,0.0,0.0
2025-08-25 23:00:00,812.0,217.0,16.099999999998545,33.0,61.299999999995634,11.0,255.0,10.599999999998545,2.6999999999970896,32.10000000000582,42.19999999999709,56.0,18.30000000000291,0.0,0.0
2025-08-26 00:00:00,790.0,212.0,13.900000000001455,30.0,60.099999999998545,12.0,249.0,10.299999999995634,2.6999999999970896,31.80000000000291,41.80000000000291,54.89999999999418,16.69999999999709,0.0,0.0
2025-08-26 01:00:00,766.0,207.0,14.19999999999709,23.0,60.5,11.0,244.0,10.5,2.6000000000058208,24.80000000000291,39.599999999998545,55.0,17.5,0.0,0.0
2025-08-26 02:00:00,737.0,204.0,13.19999999999709,21.0,58.400000000001455,10.0,230.0,10.30000000000291,2.6999999999970896,23.79999999998836,38.599999999998545,54.70000000001164,17.0,0.0,0.0
2025-08-26 03:00:00,727.0,197.0,13.400000000001455,21.0,57.099999999998545,11.0,225.0,10.0,2.6999999999970896,23.70000000001164,40.5,55.0,17.69999999999709,0.0,0.0
2025-08-26 04:00:00,730.0,196.0,13.80000000000291,20.0,56.10000000000582,11.0,224.0,10.19999999999709,3.1000000000058208,22.89999999999418,43.10000000000582,58.79999999998836,17.69999999999709,0.0,0.0
2025-08-26 05:00:00,714.0,189.0,13.299999999995634,21.0,55.19999999999709,11.0,227.0,10.10000000000582,3.0,21.89999999999418,37.5,54.60000000000582,19.0,0.0,0.0
2025-08-26 06:00:00,718.0,195.0,13.5,21.0,54.30000000000291,10.0,227.0,9.599999999998545,2.1999999999970896,22.30000000000291,37.19999999999709,54.19999999999709,19.30000000000291,0.0,1.0
2025-08-26 07:00:00,769.0,206.0,14.0,27.0,53.0,12.0,242.0,11.69999999999709,0.6000000000058208,24.19999999999709,37.900000000001455,51.40000000000873,28.39999999999418,1.0,2.0
2025-08-26 08:00:00,919.0,250.0,18.80000000000291,31.0,53.799999999995634,11.0,302.0,12.0,0.09999999999126885,31.70000000001164,46.0,49.39999999999418,38.0,5.0,10.0
2025-08-26 09:00:00,1183.0,332.0,28.599999999998545,39.0,62.5,44.0,375.0,11.80000000000291,0.0,37.0,51.19999999999709,48.0,55.90000000000873,10.0,15.0
2025-08-26 10:00:00,1308.0,364.0,33.700000000004366,49.0,82.30000000000291,47.0,417.0,15.19999999999709,0.10000000000582077,42.29999999998836,47.900000000001455,51.69999999999709,70.69999999999709,13.0,19.0
2025-08-26 11:00:00,1389.0,388.0,36.599999999998545,59.0,100.90000000000146,47.0,446.0,16.200000000004366,0.0,40.0,54.599999999998545,48.19999999999709,65.60000000000582,14.0,22.0
2025-08-26 12:00:00,1438.0,392.0,42.099999999998545,60.0,99.89999999999418,34.0,487.0,15.0,0.19999999999708962,42.20000000001164,57.30000000000291,51.30000000000291,68.39999999999418,15.0,23.0
2025-08-26 13:00:00,1517.0,399.0,50.5,70.0,115.80000000000291,45.0,498.0,15.5,0.0,47.29999999998836,55.799999999995634,47.30000000000291,76.30000000000291,15.0,23.0
2025-08-26 14:00:00,1551.0,423.0,50.400000000001455,65.0,128.3000000000029,44.0,503.0,15.099999999998545,0.10000000000582077,50.90000000000873,66.5,48.39999999999418,52.80000000000291,15.0,22.0
2025-08-26 15:00:00,1533.0,429.0,49.099999999998545,65.0,130.0,39.0,504.0,13.19999999999709,3.8000000000029104,50.19999999999709,61.30000000000291,55.0,29.79999999998836,8.0,13.0
2025-08-26 16:00:00,1418.0,386.0,42.30000000000291,52.0,139.1999999999971,42.0,464.0,11.0,7.599999999991269,42.10000000000582,56.39999999999418,57.20000000001164,24.5,3.0,3.0
2025-08-26 17:00:00,1254.0,365.0,35.799999999995634,44.0,106.09999999999854,20.0,414.0,11.0,3.1000000000058208,40.29999999998836,48.40000000000873,56.5,24.30000000000291,3.0,5.0
2025-08-26 18:00:00,1098.0,303.0,28.80000000000291,32.0,90.80000000000291,18.0,372.0,10.80000000000291,3.8000000000029104,35.80000000000291,45.19999999999709,57.0,20.5,0.0,1.0
2025-08-26 19:00:00,1014.0,280.0,19.900000000001455,24.0,85.5,14.0,357.0,10.599999999998545,3.8999999999941792,29.90000000000873,43.10000000000582,57.29999999998836,23.30000000000291,0.0,0.0
2025-08-26 20:00:00,933.0,257.0,19.89999999999418,22.0,77.0,12.0,317.0,10.5,3.8999999999941792,28.29999999998836,41.19999999999709,56.80000000000291,24.0,0.0,0.0
2025-08-26 21:00:00,870.0,237.0,19.200000000004366,20.0,80.09999999999854,12.0,287.0,10.30000000000291,3.900000000008731,25.5,38.80000000000291,55.60000000000582,23.39999999999418,0.0,0.0
2025-08-26 22:00:00,797.0,201.0,16.0,19.0,70.69999999999709,11.0,275.0,9.799999999995634,3.5,26.70000000001164,37.69999999999709,54.80000000000291,18.30000000000291,0.0,0.0
2025-08-26 23:00:00,770.0,194.0,17.0,19.0,67.40000000000146,11.0,260.0,9.80000000000291,3.3999999999941792,27.39999999999418,36.69999999999709,54.5,18.19999999999709,0.0,0.0
2025-08-27 00:00:00,753.0,194.0,16.799999999995634,19.0,63.30000000000291,12.0,252.0,9.599999999998545,3.400000000008731,23.80000000000291,36.5,54.79999999998836,16.0,0.0,0.0
2025-08-27 01:00:00,734.0,189.0,15.10000000000582,18.0,63.599999999998545,11.0,243.0,9.5,3.3999999999941792,22.69999999999709,36.30000000000291,54.5,17.30000000000291,0.0,0.0
2025-08-27 02:00:00,732.0,186.0,14.39999999999418,18.0,60.19999999999709,11.0,245.0,9.69999999999709,3.5,22.39999999999418,38.39999999999418,55.0,16.80000000000291,0.0,0.0
2025-08-27 03:00:00,731.0,189.0,14.80000000000291,19.0,57.30000000000291,12.0,243.0,9.5,3.5,22.40000000000873,39.5,54.5,17.19999999999709,0.0,0.0
2025-08-27 04:00:00,729.0,190.0,13.599999999998545,18.0,57.099999999998545,11.0,240.0,9.60000000000582,3.5,22.19999999999709,39.90000000000873,55.60000000000582,17.60000000000582,0.0,0.0
2025-08-27 05:00:00,722.0,189.0,13.30000000000291,19.0,57.30000000000291,11.0,233.0,9.799999999995634,3.5,21.39999999999418,37.69999999999709,55.5,20.5,0.0,0.0
2025-08-27 06:00:00,709.0,191.0,13.099999999998545,17.0,55.099999999998545,12.0,226.0,9.200000000004366,3.6000000000058208,20.5,36.80000000000291,54.89999999999418,18.80000000000291,0.0,0.0
2025-08-27 07:00:00,724.0,198.0,12.80000000000291,17.0,53.599999999998545,11.0,228.0,9.19999999999709,3.0,20.5,35.5,54.20000000001164,25.59999999999127,1.0,1.0
2025-08-27 08:00:00,845.0,231.0,17.099999999998545,23.0,60.0,11.0,259.0,9.19999999999709,6.0,27.0,42.89999999999418,56.0,36.69999999999709,0.0,1.0
2025-08-27 09:00:00,1069.0,291.0,22.0,39.0,68.09999999999854,37.0,328.0,9.900000000001455,5.7999999999883585,33.20000000001164,45.0,55.39999999999418,49.20000000001164,2.0,3.0
2025-08-27 10:00:00,1246.0,346.0,24.400000000001455,51.0,87.90000000000146,34.0,398.0,12.099999999998545,1.6000000000058208,31.89999999999418,45.80000000000291,52.89999999999418,68.69999999999709,7.0,10.0
2025-08-27 11:00:00,1301.0,347.0,30.599999999998545,53.0,96.40000000000146,39.0,416.0,13.900000000001455,1.1000000000058208,41.30000000000291,53.0,50.30000000000291,69.39999999999418,9.0,14.0
2025-08-27 12:00:00,1312.0,353.0,28.5,54.0,96.80000000000291,25.0,432.0,13.599999999998545,1.2999999999883585,51.0,47.69999999999709,50.0,70.0,10.0,15.0
2025-08-27 13:00:00,1396.0,371.0,33.099999999998545,57.0,113.39999999999418,11.0,466.0,13.80000000000291,1.7000000000116415,51.69999999999709,59.30000000000291,50.40000000000873,73.69999999999709,11.0,17.0
2025-08-27 14:00:00,1435.0,387.0,40.400000000001455,55.0,125.80000000000291,11.0,481.0,14.19999999999709,4.099999999991269,49.80000000000291,59.30000000000291,54.19999999999709,54.30000000000291,7.0,11.0
2025-08-27 15:00:00,1386.0,399.0,37.299999999995634,54.0,119.09999999999854,11.0,476.0,12.30000000000291,2.1000000000058208,43.59999999999127,55.59999999999127,53.30000000000291,26.60000000000582,7.0,11.0
2025-08-27 16:00:00,1323.0,378.0,35.10000000000582,49.0,105.59999999999854,12.0,464.0,12.0,2.0,42.20000000001164,50.0,51.59999999999127,26.80000000000291,7.0,11.0
2025-08-27 17:00:00,1219.0,349.0,28.89999999999418,39.0,96.70000000000437,12.0,434.0,12.69999999999709,0.8999999999941792,34.59999999999127,47.19999999999709,53.60000000000582,26.79999999998836,4.0,6.0
2025-08-27 18:00:00,1067.0,288.0,16.80000000000291,34.0,88.09999999999854,11.0,393.0,12.900000000001455,3.400000000008731,25.10000000000582,42.60000000000582,55.5,22.80000000000291,1.0,1.0
2025-08-27 19:00:00,961.0,260.0,16.0,27.0,79.19999999999709,11.0,341.0,11.0,3.6999999999970896,23.80000000000291,41.39999999999418,56.19999999999709,24.19999999999709,0.0,0.0
2025-08-27 20:00:00,881.0,237.0,15.0,25.0,73.70000000000437,12.0,303.0,10.099999999998545,3.599999999991269,23.0,41.40000000000873,56.39999999999418,21.5,0.0,0.0
2025-08-27 21:00:00,865.0,235.0,15.80000000000291,24.0,73.0,11.0,288.0,9.900000000001455,3.7000000000116415,24.29999999998836,44.19999999999709,56.20000000001164,21.60000000000582,0.0,0.0
2025-08-27 22:00:00,832.0,220.0,14.099999999998545,24.0,74.0,11.0,279.0,10.0,3.5,24.70000000001164,38.0,57.39999999999418,19.39999999999418,0.0,0.0
2025-08-27 23:00:00,792.0,209.0,13.400000000001455,21.0,67.69999999999709,12.0,264.0,9.900000000001455,3.3999999999941792,24.29999999998836,36.80000000000291,55.39999999999418,19.0,0.0,0.0
2025-08-28 00:00:00,756.0,200.0,13.799999999995634,21.0,63.30000000000291,11.0,249.0,9.599999999998545,3.3999999999941792,23.30000000000291,36.80000000000291,55.40000000000873,18.0,0.0,0.0
2025-08-28 01:00:00,730.0,192.0,12.599999999998545,20.0,57.400000000001455,11.0,237.0,9.5,3.400000000008731,22.80000000000291,39.5,55.19999999999709,19.60000000000582,0.0,0.0
2025-08-28 02:00:00,720.0,191.0,13.400000000001455,21.0,56.39999999999418,11.0,229.0,9.599999999998545,3.3000000000029104,24.69999999999709,38.5,54.19999999999709,18.5,0.0,0.0
2025-08-28 03:00:00,713.0,186.0,13.30000000000291,21.0,55.80000000000291,11.0,227.0,9.400000000001455,3.3999999999941792,24.90000000000873,37.39999999999418,54.19999999999709,18.80000000000291,0.0,0.0
2025-08-28 04:00:00,710.0,185.0,13.099999999998545,20.0,54.900000000001455,11.0,225.0,9.400000000001455,3.8000000000029104,23.5,38.5,55.5,20.0,0.0,0.0
2025-08-28 05:00:00,699.0,182.0,13.69999999999709,19.0,54.400000000001455,12.0,222.0,9.19999999999709,3.3999999999941792,21.0,37.60000000000582,54.60000000000582,20.5,0.0,0.0
2025-08-28 06:00:00,699.0,183.0,13.0,18.0,52.799999999995634,10.0,228.0,9.10000000000582,2.5,20.29999999998836,34.69999999999709,54.0,20.39999999999418,0.0,1.0
2025-08-28 07:00:00,724.0,199.0,13.80000000000291,19.0,50.200000000004366,11.0,235.0,8.5,0.6999999999970896,22.40000000000873,35.19999999999709,51.39999999999418,24.5,2.0,3.0
2025-08-28 08:00:00,865.0,236.0,15.0,25.0,52.799999999995634,11.0,287.0,9.5,0.0,29.0,43.60000000000582,48.80000000000291,38.60000000000582,5.0,10.0
2025-08-28 09:00:00,1082.0,298.0,23.0,35.0,63.30000000000291,11.0,370.0,4.799999999995634,3.2000000000116415,31.80000000000291,45.5,51.90000000000873,55.30000000000291,6.0,8.0
2025-08-28 10:00:00,1248.0,337.0,31.19999999999709,50.0,91.0,24.0,404.0,5.900000000001455,0.8999999999941792,32.39999999999418,53.09999999999127,50.29999999998836,72.5,10.0,16.0
2025-08-28 11:00:00,1277.0,369.0,30.60000000000582,50.0,88.59999999999854,14.0,426.0,6.099999999998545,0.10000000000582077,37.30000000000291,52.10000000000582,45.10000000000582,67.69999999999709,14.0,21.0
2025-08-28 12:00:00,1314.0,372.0,31.69999999999709,60.0,91.69999999999709,14.0,436.0,10.80000000000291,0.0,42.19999999999709,54.09999999999127,46.80000000000291,66.39999999999418,10.0,17.0
2025-08-28 13:00:00,1398.0,404.0,41.400000000001455,58.0,96.10000000000582,16.0,456.0,11.5,0.19999999999708962,49.60000000000582,56.5,43.89999999999418,74.40000000000873,14.0,20.0
2025-08-28 14:00:00,1446.0,425.0,41.799999999995634,63.0,110.5,12.0,481.0,12.099999999998545,0.0,47.09999999999127,57.90000000000873,44.30000000000291,52.69999999999709,14.0,22.0
2025-08-28 15:00:00,1392.0,396.0,40.80000000000291,59.0,104.89999999999418,11.0,465.0,13.69999999999709,0.0,53.80000000000291,57.09999999999127,48.39999999999418,30.89999999999418,12.0,18.0
2025-08-28 16:00:00,1337.0,373.0,37.0,55.0,103.90000000000146,14.0,455.0,11.0,3.099999999991269,51.89999999999418,53.5,50.90000000000873,29.10000000000582,9.0,14.0
2025-08-28 17:00:00,1226.0,343.0,29.19999999999709,42.0,99.09999999999854,25.0,407.0,9.200000000004366,3.900000000008731,47.90000000000873,51.0,55.30000000000291,28.39999999999418,4.0,6.0
2025-08-28 18:00:00,1074.0,291.0,19.30000000000291,31.0,87.5,21.0,373.0,8.299999999995634,3.6999999999970896,39.39999999999418,49.0,54.79999999998836,24.80000000000291,1.0,1.0
2025-08-28 19:00:00,936.0,253.0,17.599999999998545,25.0,75.70000000000437,13.0,321.0,7.600000000005821,3.8000000000029104,34.19999999999709,44.0,54.5,25.39999999999418,0.0,0.0
2025-08-28 20:00:00,843.0,222.0,19.700000000004366,23.0,70.29999999999563,13.0,275.0,7.299999999995634,3.5,28.40000000000873,43.5,54.5,26.40000000000873,0.0,0.0
2025-08-28 21:00:00,793.0,206.0,17.299999999995634,23.0,66.30000000000291,13.0,259.0,6.700000000004366,3.3999999999941792,23.30000000000291,43.90000000000873,54.20000000001164,24.89999999999418,0.0,0.0
2025-08-28 22:00:00,786.0,200.0,17.400000000001455,23.0,64.69999999999709,12.0,265.0,6.599999999998545,3.3000000000029104,24.5,41.89999999999418,56.29999999998836,21.30000000000291,0.0,0.0
2025-08-28 23:00:00,758.0,191.0,14.69999999999709,21.0,67.5,12.0,256.0,6.299999999995634,3.3000000000029104,22.79999999998836,37.90000000000873,53.70000000001164,20.0,0.0,0.0
2025-08-29 00:00:00,737.0,186.0,14.700000000004366,21.0,68.0,13.0,241.0,6.0,3.3000000000029104,24.10000000000582,37.19999999999709,53.69999999999709,19.0,0.0,0.0
2025-08-29 01:00:00,712.0,177.0,13.900000000001455,20.0,63.5,12.0,234.0,6.200000000004366,3.2999999999883585,22.80000000000291,36.80000000000291,53.5,19.89999999999418,0.0,0.0
2025-08-29 02:00:00,701.0,172.0,14.099999999998545,20.0,61.700000000004366,12.0,231.0,6.099999999998545,3.2000000000116415,22.09999999999127,36.79999999998836,53.69999999999709,19.40000000000873,0.0,0.0
2025-08-29 03:00:00,680.0,169.0,14.599999999998545,19.0,61.900000000001455,11.0,215.0,5.69999999999709,3.1999999999970896,21.80000000000291,36.40000000000873,53.5,19.09999999999127,0.0,0.0
2025-08-29 04:00:00,673.0,166.0,13.599999999998545,20.0,60.19999999999709,12.0,210.0,5.900000000001455,3.099999999991269,21.5,35.80000000000291,56.10000000000582,20.10000000000582,0.0,0.0
2025-08-29 05:00:00,672.0,169.0,14.0,19.0,59.599999999998545,12.0,209.0,5.900000000001455,3.5,21.60000000000582,35.59999999999127,53.79999999998836,21.10000000000582,0.0,0.0
2025-08-29 06:00:00,673.0,171.0,14.099999999998545,19.0,58.599999999998545,12.0,210.0,5.69999999999709,2.7000000000116415,21.0,35.90000000000873,53.20000000001164,21.29999999998836,0.0,1.0
2025-08-29 07:00:00,714.0,184.0,14.200000000004366,20.0,57.30000000000291,13.0,230.0,6.200000000004366,1.0,21.80000000000291,37.39999999999418,51.0,26.90000000000873,2.0,3.0
2025-08-29 08:00:00,839.0,218.0,17.599999999998545,31.0,55.599999999998545,12.0,269.0,6.900000000001455,0.29999999998835847,27.0,43.69999999999709,47.79999999998836,47.80000000000291,5.0,9.0
2025-08-29 09:00:00,1066.0,274.0,26.30000000000291,41.0,73.59999999999854,12.0,365.0,6.799999999995634,1.5,29.39999999999418,46.19999999999709,50.10000000000582,58.09999999999127,9.0,13.0
2025-08-29 10:00:00,1224.0,331.0,32.89999999999418,65.0,85.0,13.0,413.0,8.599999999998545,1.1000000000058208,29.0,45.70000000001164,52.69999999999709,65.40000000000873,9.0,15.0
2025-08-29 11:00:00,1267.0,347.0,34.400000000001455,71.0,80.60000000000582,13.0,434.0,9.400000000001455,1.0,33.5,48.0,53.69999999999709,63.19999999999709,15.0,22.0
2025-08-29 12:00:00,1297.0,352.0,37.900000000001455,64.0,81.09999999999854,12.0,456.0,10.30000000000291,0.39999999999417923,35.19999999999709,50.19999999999709,51.40000000000873,72.5,15.0,24.0
2025-08-29 13:00:00,1346.0,366.0,39.19999999999709,56.0,94.90000000000146,15.0,471.0,9.799999999995634,2.3000000000029104,38.30000000000291,48.5,51.5,72.09999999999127,13.0,18.0
2025-08-29 14:00:00,1389.0,387.0,43.200000000004366,55.0,100.19999999999709,25.0,485.0,10.900000000001455,0.5,43.5,50.59999999999127,50.80000000000291,59.90000000000873,13.0,21.0
2025-08-29 15:00:00,1360.0,384.0,40.0,52.0,108.80000000000291,25.0,469.0,11.5,0.6000000000058208,44.80000000000291,52.40000000000873,51.19999999999709,34.59999999999127,11.0,16.0
2025-08-29 16:00:00,1312.0,375.0,36.400000000001455,50.0,102.09999999999854,25.0,447.0,10.400000000001455,3.8000000000029104,41.0,50.80000000000291,52.5,35.70000000001164,8.0,13.0
2025-08-29 17:00:00,1184.0,346.0,26.89999999999418,43.0,89.40000000000146,13.0,410.0,9.30000000000291,3.3999999999941792,32.89999999999418,46.09999999999127,55.39999999999418,31.59999999999127,4.0,6.0
2025-08-29 18:00:00,1037.0,292.0,19.700000000004366,33.0,83.89999999999418,13.0,360.0,8.5,3.3999999999941792,24.30000000000291,45.80000000000291,57.0,26.60000000000582,0.0,0.0
2025-08-29 19:00:00,921.0,247.0,18.299999999995634,28.0,78.80000000000291,12.0,311.0,8.299999999995634,3.7000000000116415,23.5,42.39999999999418,57.5,26.89999999999418,0.0,0.0
2025-08-29 20:00:00,841.0,218.0,16.900000000001455,27.0,69.90000000000146,14.0,276.0,8.200000000004366,3.6999999999970896,21.39999999999418,42.5,57.60000000000582,27.60000000000582,0.0,0.0
2025-08-29 21:00:00,784.0,204.0,16.400000000001455,26.0,61.5,13.0,251.0,7.299999999995634,3.599999999991269,21.30000000000291,40.90000000000873,56.5,25.39999999999418,0.0,0.0
2025-08-29 22:00:00,756.0,201.0,14.900000000001455,26.0,57.099999999998545,12.0,238.0,6.80000000000291,3.6000000000058208,20.80000000000291,41.69999999999709,56.0,21.10000000000582,0.0,0.0
2025-08-29 23:00:00,740.0,196.0,13.299999999995634,24.0,56.400000000001455,13.0,236.0,6.69999999999709,3.3999999999941792,22.10000000000582,40.30000000000291,55.5,21.30000000000291,0.0,0.0
2025-08-30 00:00:00,714.0,188.0,14.10000000000582,21.0,55.0,12.0,224.0,6.700000000004366,3.5,23.29999999998836,38.19999999999709,56.39999999999418,18.89999999999418,0.0,0.0
2025-08-30 01:00:00,702.0,184.0,13.799999999995634,20.0,54.69999999999709,12.0,220.0,6.5,3.7000000000116415,22.80000000000291,36.80000000000291,55.40000000000873,20.89999999999418,0.0,0.0
2025-08-30 02:00:00,690.0,183.0,14.0,19.0,53.900000000001455,13.0,210.0,6.69999999999709,3.8999999999941792,23.40000000000873,37.30000000000291,54.89999999999418,21.5,0.0,0.0
2025-08-30 03:00:00,683.0,181.0,13.700000000004366,18.0,52.30000000000291,12.0,211.0,6.19999999999709,3.8999999999941792,22.39999999999418,36.79999999998836,54.80000000000291,20.70000000001164,0.0,0.0
2025-08-30 04:00:00,673.0,180.0,13.299999999995634,18.0,52.099999999998545,12.0,205.0,6.30000000000291,3.400000000008731,21.60000000000582,36.60000000000582,55.5,20.79999999998836,0.0,0.0
2025-08-30 05:00:00,669.0,182.0,14.099999999998545,18.0,52.0,12.0,202.0,5.80000000000291,3.3000000000029104,19.69999999999709,37.30000000000291,55.0,19.80000000000291,0.0,0.0
2025-08-30 06:00:00,674.0,182.0,13.80000000000291,19.0,50.599999999998545,12.0,210.0,6.299999999995634,2.1999999999970896,19.19999999999709,39.19999999999709,54.09999999999127,18.0,1.0,1.0
2025-08-30 07:00:00,675.0,183.0,14.099999999998545,20.0,48.0,12.0,214.0,6.5,0.5,19.10000000000582,37.19999999999709,51.60000000000582,19.90000000000873,2.0,4.0
2025-08-30 08:00:00,694.0,186.0,13.80000000000291,22.0,41.400000000001455,12.0,227.0,6.700000000004366,0.0,21.19999999999709,40.40000000000873,49.19999999999709,21.69999999999709,5.0,8.0
2025-08-30 09:00:00,699.0,191.0,15.19999999999709,23.0,33.599999999998545,13.0,239.0,6.899999999994179,0.0,20.89999999999418,43.69999999999709,46.19999999999709,21.19999999999709,9.0,14.0
2025-08-30 10:00:00,711.0,200.0,16.700000000004366,23.0,29.69999999999709,12.0,252.0,6.80000000000291,0.0,20.80000000000291,43.5,43.5,21.30000000000291,12.0,20.0
2025-08-30 11:00:00,727.0,204.0,16.19999999999709,29.0,30.900000000001455,17.0,253.0,7.400000000001455,0.0,21.0,44.19999999999709,41.80000000000291,21.09999999999127,15.0,22.0
2025-08-30 12:00:00,770.0,219.0,21.0,31.0,30.30000000000291,36.0,259.0,8.0,0.0,21.39999999999418,43.69999999999709,40.60000000000582,18.90000000000873,16.0,24.0
2025-08-30 13:00:00,816.0,226.0,22.099999999998545,34.0,35.19999999999709,35.0,278.0,8.400000000001455,0.0,25.40000000000873,43.60000000000582,41.5,21.30000000000291,14.0,22.0
2025-08-30 14:00:00,844.0,234.0,22.400000000001455,36.0,35.099999999998545,34.0,284.0,8.89999999999418,0.0,31.19999999999709,44.39999999999418,42.30000000000291,21.89999999999418,15.0,22.0
2025-08-30 15:00:00,878.0,234.0,23.400000000001455,33.0,49.700000000004366,34.0,292.0,9.400000000001455,0.3000000000029104,29.0,45.0,47.19999999999709,20.39999999999418,10.0,15.0
2025-08-30 16:00:00,861.0,221.0,23.299999999995634,29.0,63.299999999995634,23.0,290.0,8.400000000001455,1.5999999999912689,22.5,42.80000000000291,53.19999999999709,21.10000000000582,3.0,5.0
2025-08-30 17:00:00,812.0,204.0,18.200000000004366,27.0,62.900000000001455,12.0,278.0,7.599999999998545,4.0,22.30000000000291,41.80000000000291,56.10000000000582,20.89999999999418,0.0,0.0
2025-08-30 18:00:00,772.0,203.0,15.5,24.0,59.099999999998545,13.0,255.0,7.400000000001455,4.100000000005821,21.0,39.19999999999709,56.0,19.30000000000291,0.0,0.0
2025-08-30 19:00:00,761.0,203.0,18.099999999998545,22.0,57.5,12.0,243.0,8.0,4.19999999999709,22.0,38.89999999999418,56.5,20.19999999999709,0.0,0.0
2025-08-30 20:00:00,747.0,197.0,17.30000000000291,23.0,53.30000000000291,13.0,241.0,7.30000000000291,3.8000000000029104,22.0,39.70000000001164,55.89999999999418,20.70000000001164,0.0,0.0
2025-08-30 21:00:00,747.0,195.0,16.39999999999418,22.0,53.5,13.0,241.0,7.0,3.6999999999970896,22.19999999999709,45.0,56.10000000000582,21.09999999999127,0.0,0.0
2025-08-30 22:00:00,735.0,190.0,16.200000000004366,21.0,53.5,13.0,237.0,7.0,3.6999999999970896,22.0,42.5,55.29999999998836,19.80000000000291,0.0,0.0
2025-08-30 23:00:00,722.0,190.0,15.599999999998545,22.0,56.5,13.0,228.0,6.69999999999709,3.8000000000029104,22.30000000000291,38.79999999998836,55.60000000000582,19.39999999999418,0.0,0.0
2025-08-31 00:00:00,719.0,190.0,15.099999999998545,22.0,55.0,12.0,228.0,6.80000000000291,3.6000000000058208,22.0,38.70000000001164,55.69999999999709,18.30000000000291,0.0,0.0
2025-08-31 01:00:00,700.0,186.0,14.599999999998545,21.0,53.099999999998545,12.0,218.0,6.5,3.599999999991269,21.80000000000291,38.59999999999127,55.30000000000291,19.0,0.0,0.0
2025-08-31 02:00:00,698.0,181.0,16.5,21.0,51.900000000001455,12.0,215.0,6.299999999995634,3.5,24.39999999999418,40.0,55.0,19.80000000000291,0.0,0.0
2025-08-31 03:00:00,684.0,174.0,14.5,21.0,51.400000000001455,13.0,213.0,6.599999999998545,3.5,25.69999999999709,39.80000000000291,55.19999999999709,19.0,0.0,0.0
2025-08-31 04:00:00,672.0,168.0,14.200000000004366,20.0,51.099999999998545,11.0,215.0,6.0,3.400000000008731,21.19999999999709,37.19999999999709,55.10000000000582,19.5,0.0,0.0
2025-08-31 05:00:00,665.0,168.0,14.19999999999709,20.0,50.19999999999709,13.0,213.0,6.200000000004366,3.2999999999883585,20.90000000000873,36.60000000000582,55.0,19.0,0.0,0.0
2025-08-31 06:00:00,654.0,167.0,14.80000000000291,21.0,49.0,12.0,206.0,6.0,2.900000000008731,21.09999999999127,36.09999999999127,54.09999999999127,16.19999999999709,0.0,1.0
2025-08-31 07:00:00,677.0,175.0,13.599999999998545,21.0,47.200000000004366,12.0,222.0,6.599999999998545,0.6999999999970896,21.10000000000582,36.70000000001164,51.60000000000582,18.90000000000873,1.0,3.0
2025-08-31 08:00:00,680.0,176.0,13.599999999998545,22.0,39.19999999999709,12.0,228.0,6.599999999998545,0.0,21.0,39.0,49.19999999999709,18.89999999999418,5.0,8.0
2025-08-31 09:00:00,681.0,181.0,14.0,23.0,30.200000000004366,12.0,244.0,7.0,0.0,21.10000000000582,40.79999999998836,45.69999999999709,18.0,10.0,15.0
2025-08-31 10:00:00,690.0,182.0,17.30000000000291,24.0,25.099999999998545,12.0,250.0,7.099999999998545,0.0,26.89999999999418,40.70000000001164,42.70000000001164,19.69999999999709,13.0,19.0
2025-08-31 11:00:00,693.0,185.0,19.19999999999709,27.0,21.400000000001455,13.0,255.0,7.200000000004366,0.0,25.10000000000582,41.29999999998836,41.39999999999418,19.5,15.0,24.0
2025-08-31 12:00:00,727.0,194.0,21.099999999998545,27.0,20.599999999998545,12.0,275.0,7.69999999999709,0.0,28.89999999999418,42.80000000000291,40.0,17.69999999999709,16.0,24.0
2025-08-31 13:00:00,778.0,205.0,23.10000000000582,31.0,26.69999999999709,13.0,293.0,8.099999999998545,0.0,32.60000000000582,41.90000000000873,40.60000000000582,18.80000000000291,15.0,23.0
2025-08-31 14:00:00,823.0,225.0,22.19999999999709,32.0,43.5,17.0,285.0,8.200000000004366,0.0,27.19999999999709,43.19999999999709,46.89999999999418,19.69999999999709,8.0,12.0
2025-08-31 15:00:00,851.0,226.0,27.099999999998545,30.0,50.099999999998545,17.0,290.0,7.799999999995634,0.0,28.69999999999709,45.80000000000291,48.39999999999418,20.80000000000291,6.0,10.0
2025-08-31 16:00:00,822.0,216.0,22.0,28.0,47.30000000000291,15.0,283.0,7.600000000005821,0.39999999999417923,29.19999999999709,45.59999999999127,49.30000000000291,19.30000000000291,6.0,10.0
2025-08-31 17:00:00,785.0,197.0,17.0,23.0,57.80000000000291,17.0,266.0,7.0,3.2000000000116415,24.0,43.0,54.0,18.30000000000291,1.0,0.0
2025-08-31 18:00:00,752.0,190.0,16.099999999998545,23.0,54.19999999999709,13.0,256.0,6.69999999999709,3.6999999999970896,21.69999999999709,40.80000000000291,54.5,16.30000000000291,0.0,0.0
2025-08-31 19:00:00,737.0,186.0,15.80000000000291,23.0,55.900000000001455,13.0,246.0,6.69999999999709,3.5,22.10000000000582,38.69999999999709,54.80000000000291,19.69999999999709,0.0,0.0
2025-08-31 20:00:00,728.0,183.0,17.400000000001455,25.0,55.5,12.0,239.0,6.5,3.5,22.30000000000291,36.60000000000582,54.69999999999709,19.09999999999127,0.0,0.0
2025-08-31 21:00:00,729.0,187.0,19.099999999998545,27.0,55.19999999999709,13.0,231.0,6.400000000001455,3.6999999999970896,22.80000000000291,37.69999999999709,55.30000000000291,18.90000000000873,0.0,0.0
2025-08-31 22:00:00,722.0,181.0,17.0,24.0,55.700000000004366,12.0,230.0,6.80000000000291,3.6000000000058208,23.5,38.39999999999418,55.0,19.80000000000291,0.0,0.0
2025-08-31 23:00:00,720.0,182.0,16.5,24.0,56.299999999995634,13.0,228.0,6.400000000001455,4.099999999991269,23.79999999998836,40.60000000000582,54.30000000000291,19.29999999998836,0.0,0.0
2025-09-01 00:00:00,709.0,177.0,18.900000000001455,24.0,54.700000000004366,13.0,225.0,6.69999999999709,3.5,23.70000000001164,38.60000000000582,55.09999999999127,17.5,0.0,0.0
2025-09-01 01:00:00,676.0,160.0,15.5,22.0,54.0,12.0,216.0,6.400000000001455,3.6000000000058208,23.5,37.19999999999709,54.5,20.40000000000873,0.0,0.0
2025-09-01 02:00:00,678.0,174.0,13.799999999995634,22.0,50.599999999998545,12.0,213.0,6.099999999998545,3.3999999999941792,22.89999999999418,37.59999999999127,54.60000000000582,18.59999999999127,0.0,0.0
2025-09-01 03:00:00,681.0,177.0,14.60000000000582,21.0,51.5,13.0,213.0,6.400000000001455,3.5,21.69999999999709,37.0,54.89999999999418,19.5,0.0,0.0
2025-09-01 04:00:00,675.0,177.0,14.39999999999418,20.0,50.799999999995634,12.0,208.0,5.900000000001455,3.400000000008731,19.69999999999709,37.90000000000873,54.80000000000291,19.5,0.0,0.0
2025-09-01 05:00:00,678.0,177.0,16.5,21.0,50.700000000004366,12.0,211.0,6.099999999998545,3.5,19.10000000000582,38.5,54.5,20.30000000000291,0.0,0.0
2025-09-01 06:00:00,690.0,181.0,16.30000000000291,20.0,49.799999999995634,13.0,214.0,6.0,3.0,21.80000000000291,36.39999999999418,54.5,21.90000000000873,0.0,1.0
2025-09-01 07:00:00,730.0,193.0,17.69999999999709,21.0,49.5,12.0,230.0,6.299999999995634,1.1999999999970896,24.09999999999127,37.10000000000582,51.40000000000873,25.0,1.0,3.0
2025-09-01 08:00:00,875.0,243.0,19.700000000004366,28.0,49.5,12.0,278.0,6.80000000000291,0.3000000000029104,31.10000000000582,49.5,50.19999999999709,35.39999999999418,6.0,10.0
2025-09-01 09:00:00,1125.0,339.0,27.19999999999709,34.0,59.80000000000291,15.0,354.0,7.099999999998545,0.5,41.69999999999709,56.19999999999709,51.59999999999127,52.0,10.0,15.0
2025-09-01 10:00:00,1318.0,373.0,31.700000000004366,55.0,76.69999999999709,17.0,430.0,12.0,0.0,49.5,63.30000000000291,50.20000000001164,69.5,13.0,20.0
2025-09-01 11:00:00,1349.0,377.0,38.599999999998545,53.0,81.60000000000582,17.0,460.0,13.30000000000291,0.0,44.40000000000873,62.80000000000291,50.59999999999127,67.39999999999418,15.0,23.0
2025-09-01 12:00:00,1386.0,381.0,44.900000000001455,56.0,80.69999999999709,14.0,483.0,11.69999999999709,0.19999999999708962,46.39999999999418,64.0,49.69999999999709,69.5,16.0,25.0
2025-09-01 13:00:00,1458.0,391.0,45.099999999998545,53.0,94.0,46.0,481.0,11.200000000004366,0.0,52.60000000000582,73.29999999998836,44.70000000001164,73.30000000000291,17.0,24.0
2025-09-01 14:00:00,1464.0,417.0,37.400000000001455,53.0,105.80000000000291,23.0,482.0,14.799999999995634,1.0999999999912689,52.0,79.80000000000291,48.89999999999418,56.90000000000873,13.0,21.0
2025-09-01 15:00:00,1416.0,412.0,35.5,51.0,100.29999999999563,15.0,491.0,16.400000000001455,0.0,49.79999999998836,69.69999999999709,50.30000000000291,30.29999999998836,12.0,18.0
2025-09-01 16:00:00,1338.0,384.0,32.5,47.0,102.20000000000437,13.0,472.0,11.19999999999709,3.8000000000029104,51.0,56.30000000000291,52.09999999999127,28.20000000001164,9.0,13.0
2025-09-01 17:00:00,1195.0,342.0,26.099999999998545,42.0,89.69999999999709,14.0,413.0,7.900000000001455,5.100000000005821,43.20000000001164,50.10000000000582,55.60000000000582,26.59999999999127,4.0,7.0
2025-09-01 18:00:00,1035.0,293.0,21.099999999998545,34.0,80.5,19.0,353.0,7.700000000004366,5.19999999999709,31.39999999999418,46.19999999999709,56.60000000000582,21.80000000000291,0.0,0.0
2025-09-01 19:00:00,948.0,254.0,21.19999999999709,30.0,81.19999999999709,17.0,317.0,6.899999999994179,5.19999999999709,29.30000000000291,42.69999999999709,57.0,23.30000000000291,0.0,0.0
2025-09-01 20:00:00,888.0,230.0,21.400000000001455,26.0,74.40000000000146,17.0,289.0,7.5,5.30000000000291,33.5,41.5,56.39999999999418,23.80000000000291,0.0,0.0
2025-09-01 21:00:00,848.0,228.0,21.400000000001455,25.0,69.5,17.0,268.0,7.400000000001455,4.899999999994179,29.09999999999127,39.5,56.39999999999418,23.19999999999709,0.0,0.0
2025-09-01 22:00:00,820.0,221.0,19.400000000001455,24.0,65.09999999999854,16.0,263.0,6.80000000000291,4.600000000005821,27.0,42.19999999999709,56.0,19.69999999999709,0.0,0.0
2025-09-01 23:00:00,784.0,206.0,18.5,23.0,60.0,13.0,257.0,7.0,4.5,26.80000000000291,39.90000000000873,55.20000000001164,19.10000000000582,0.0,0.0
2025-09-02 00:00:00,744.0,194.0,16.900000000001455,21.0,57.80000000000291,12.0,243.0,6.5,4.600000000005821,26.0,38.0,55.39999999999418,19.19999999999709,0.0,0.0
2025-09-02 01:00:00,360.0,92.5,8.099999999998545,10.5,28.25,7.0,113.5,3.349999999998545,2.25,13.099999999998545,19.099999999998545,27.650000000001455,9.549999999995634,0.0,0.0
2025-09-02 02:00:00,359.0,94.5,8.25,10.0,28.19999999999709,6.0,111.5,3.2999999999992724,2.2999999999956344,12.900000000001455,19.150000000001455,27.549999999995634,9.75,0.0,0.0
2025-09-02 03:00:00,360.0,94.5,7.75,10.5,27.950000000004366,6.0,112.5,3.350000000002183,2.2000000000043656,12.650000000001455,20.549999999995634,28.150000000001455,9.25,0.0,0.0
2025-09-02 04:00:00,355.0,92.0,6.799999999999272,10.0,27.599999999998545,6.5,113.5,3.25,2.1999999999970896,11.94999999999709,19.400000000001455,28.099999999998545,9.650000000001455,0.0,0.0
2025-09-02 05:00:00,345.5,92.0,6.700000000000728,9.5,26.25,6.0,107.0,3.099999999998545,2.1999999999970896,10.650000000001455,18.599999999998545,27.5,10.900000000001455,0.0,0.0
2025-09-02 06:00:00,347.5,92.0,7.25,10.5,25.5,6.0,111.0,3.100000000002183,1.6000000000058208,10.900000000001455,18.450000000004366,26.900000000001455,10.599999999998545,0.5,0.5
2025-09-02 07:00:00,364.5,99.0,7.0,10.0,22.849999999998545,6.0,118.0,3.4499999999970896,0.25,11.55000000000291,19.900000000001455,24.900000000001455,12.200000000004366,1.5,3.0
2025-09-02 08:00:00,438.0,112.0,8.099999999998545,13.0,24.349999999998545,14.5,142.5,3.5500000000029104,0.0,14.75,23.849999999998545,24.80000000000291,18.14999999999418,3.0,4.5
2025-09-02 09:00:00,568.5,159.0,13.150000000001455,19.5,29.55000000000291,19.5,174.5,3.649999999997817,0.09999999999854481,18.39999999999418,25.900000000001455,24.75,27.200000000004366,3.5,6.0
2025-09-02 10:00:00,638.5,174.0,15.349999999998545,30.0,31.25,21.5,204.5,6.900000000001455,0.9499999999970896,17.450000000004366,24.39999999999418,25.349999999998545,34.099999999998545,5.0,7.5
2025-09-02 11:00:00,666.5,188.5,13.75,26.0,37.75,18.5,219.0,5.649999999997817,1.2000000000043656,19.799999999995634,26.650000000001455,24.94999999999709,32.0,4.5,6.5
2025-09-02 12:00:00,672.0,188.0,15.25,23.0,39.5,19.0,223.0,6.150000000001455,0.09999999999854481,20.200000000004366,25.650000000001455,23.80000000000291,34.19999999999709,5.0,8.5
2025-09-02 13:00:00,722.5,196.5,22.450000000000728,29.5,44.80000000000291,19.0,233.0,7.700000000000728,0.9499999999970896,20.400000000001455,25.75,26.349999999998545,38.450000000004366,4.5,6.5
2025-09-02 14:00:00,708.5,198.5,19.799999999999272,32.5,44.44999999999709,17.0,226.5,7.149999999997817,2.2000000000043656,23.89999999999418,26.19999999999709,24.75,27.349999999998545,3.5,6.0
2025-09-02 15:00:00,1427.0,407.0,38.900000000001455,64.0,89.89999999999418,33.0,477.0,12.30000000000291,3.3999999999941792,46.10000000000582,60.40000000000873,52.80000000000291,33.5,9.0,13.0
2025-09-02 16:00:00,1330.0,371.0,34.700000000004366,52.0,93.40000000000873,33.0,435.0,10.0,6.600000000005821,48.10000000000582,55.5,54.39999999999418,30.89999999999418,8.0,12.0
2025-09-02 17:00:00,1213.0,322.0,28.799999999995634,46.0,88.09999999999127,41.0,407.0,10.19999999999709,4.2999999999883585,42.5,48.09999999999127,56.40000000000873,26.80000000000291,4.0,7.0
2025-09-02 18:00:00,1048.0,276.0,27.200000000004366,37.0,85.10000000000582,25.0,356.0,9.0,4.5,28.0,45.20000000001164,54.79999999998836,20.80000000000291,0.0,0.0
2025-09-02 19:00:00,896.0,244.0,19.5,27.0,73.80000000000291,13.0,292.0,8.400000000001455,4.400000000008731,25.59999999999127,44.89999999999418,56.30000000000291,22.69999999999709,0.0,0.0
2025-09-02 20:00:00,811.0,215.0,17.89999999999418,23.0,62.30000000000291,13.0,265.0,8.5,4.399999999994179,26.60000000000582,42.10000000000582,53.69999999999709,23.19999999999709,0.0,0.0
2025-09-02 21:00:00,772.0,205.0,16.10000000000582,22.0,59.69999999999709,13.0,240.0,7.900000000001455,3.900000000008731,27.80000000000291,42.29999999998836,57.40000000000873,22.0,0.0,0.0
2025-09-02 22:00:00,745.0,195.0,16.799999999995634,22.0,57.39999999999418,12.0,238.0,6.5,3.5,26.89999999999418,41.90000000000873,53.59999999999127,19.90000000000873,0.0,0.0
2025-09-02 23:00:00,742.0,185.0,15.099999999998545,26.0,56.40000000000873,12.0,243.0,6.400000000001455,3.3999999999941792,26.39999999999418,42.0,53.60000000000582,19.80000000000291,0.0,0.0
2025-09-03 00:00:00,705.0,178.0,15.30000000000291,25.0,56.39999999999418,12.0,224.0,6.400000000001455,3.6999999999970896,25.80000000000291,38.69999999999709,54.0,17.79999999998836,0.0,0.0
2025-09-03 01:00:00,691.0,173.0,16.80000000000291,24.0,56.10000000000582,12.0,217.0,6.099999999998545,3.6000000000058208,25.69999999999709,35.30000000000291,53.69999999999709,18.70000000001164,0.0,0.0
2025-09-03 02:00:00,673.0,169.0,15.69999999999709,23.0,55.09999999999127,11.0,209.0,6.299999999995634,3.3999999999941792,24.40000000000873,35.5,53.40000000000873,18.09999999999127,0.0,0.0
2025-09-03 03:00:00,670.0,169.0,15.5,20.0,53.69999999999709,13.0,210.0,6.30000000000291,3.400000000008731,23.09999999999127,35.69999999999709,53.29999999998836,19.0,0.0,0.0
2025-09-03 04:00:00,672.0,171.0,15.0,20.0,54.5,12.0,208.0,6.099999999998545,3.2999999999883585,22.5,35.89999999999418,56.70000000001164,19.60000000000582,0.0,0.0
2025-09-03 05:00:00,661.0,170.0,14.400000000001455,20.0,54.5,12.0,204.0,6.0,3.3000000000029104,20.90000000000873,34.80000000000291,53.5,20.59999999999127,0.0,0.0
2025-09-03 06:00:00,677.0,175.0,14.0,19.0,54.0,12.0,212.0,6.0,3.1000000000058208,20.59999999999127,35.30000000000291,52.89999999999418,21.40000000000873,0.0,0.0
2025-09-03 07:00:00,714.0,183.0,14.0,21.0,54.30000000000291,11.0,227.0,6.900000000001455,1.3000000000029104,22.40000000000873,37.80000000000291,51.10000000000582,26.09999999999127,1.0,3.0
2025-09-03 08:00:00,829.0,212.0,20.900000000001455,27.0,51.5,12.0,276.0,7.0,0.6999999999970896,27.19999999999709,39.09999999999127,49.39999999999418,40.10000000000582,6.0,9.0
2025-09-03 09:00:00,1045.0,284.0,26.39999999999418,40.0,55.19999999999709,19.0,342.0,7.400000000001455,0.19999999999708962,29.39999999999418,41.60000000000582,47.30000000000291,57.80000000000291,10.0,16.0
2025-09-03 10:00:00,1227.0,318.0,27.10000000000582,53.0,73.60000000000582,41.0,410.0,12.299999999995634,0.39999999999417923,33.0,43.60000000000582,45.89999999999418,69.39999999999418,13.0,20.0
2025-09-03 11:00:00,1268.0,328.0,27.599999999998545,57.0,78.5,23.0,449.0,12.5,0.10000000000582077,35.40000000000873,45.09999999999127,44.5,64.80000000000291,16.0,24.0
2025-09-03 12:00:00,1321.0,343.0,35.900000000001455,66.0,73.0,35.0,451.0,11.400000000001455,0.0,41.5,49.40000000000873,43.19999999999709,71.60000000000582,16.0,24.0
2025-09-03 13:00:00,1396.0,360.0,36.0,63.0,85.39999999999418,27.0,462.0,12.400000000001455,0.0,54.59999999999127,62.09999999999127,45.90000000000873,76.69999999999709,14.0,22.0
2025-09-03 14:00:00,1476.0,368.0,33.39999999999418,57.0,100.0,85.0,470.0,12.099999999998545,2.8000000000029104,55.30000000000291,57.90000000000873,49.5,56.0,10.0,15.0
2025-09-03 15:00:00,1411.0,364.0,36.400000000001455,57.0,99.70000000001164,79.0,451.0,11.900000000001455,0.5999999999912689,47.10000000000582,55.5,49.80000000000291,33.59999999999127,11.0,16.0
2025-09-03 16:00:00,1349.0,346.0,34.599999999998545,53.0,96.79999999998836,74.0,429.0,11.900000000001455,2.400000000008731,44.39999999999418,50.29999999998836,53.39999999999418,34.40000000000873,7.0,12.0
2025-09-03 17:00:00,1187.0,301.0,23.60000000000582,40.0,83.20000000001164,33.0,409.0,8.599999999998545,3.8000000000029104,46.30000000000291,46.0,57.10000000000582,30.09999999999127,4.0,6.0
2025-09-03 18:00:00,1015.0,241.0,19.19999999999709,34.0,73.09999999999127,13.0,386.0,7.599999999998545,3.6999999999970896,37.5,44.0,56.39999999999418,25.90000000000873,0.0,0.0
2025-09-03 19:00:00,887.0,217.0,17.69999999999709,28.0,68.40000000000873,13.0,316.0,7.5,3.599999999991269,31.10000000000582,39.90000000000873,56.30000000000291,27.69999999999709,0.0,0.0
2025-09-03 20:00:00,828.0,210.0,17.80000000000291,24.0,65.29999999998836,13.0,274.0,6.80000000000291,3.5,27.39999999999418,39.69999999999709,55.89999999999418,29.60000000000582,0.0,0.0
2025-09-03 21:00:00,797.0,207.0,16.099999999998545,23.0,66.10000000000582,13.0,251.0,7.19999999999709,3.400000000008731,31.19999999999709,41.10000000000582,55.19999999999709,27.5,0.0,0.0
2025-09-03 22:00:00,771.0,201.0,15.30000000000291,22.0,60.30000000000291,12.0,240.0,7.0,3.5,30.10000000000582,40.79999999998836,56.0,25.79999999998836,0.0,0.0
2025-09-03 23:00:00,745.0,187.0,13.5,23.0,60.09999999999127,13.0,237.0,6.80000000000291,3.3000000000029104,28.59999999999127,37.20000000001164,55.40000000000873,25.10000000000582,0.0,0.0
2025-09-04 00:00:00,720.0,180.0,13.099999999998545,22.0,60.80000000000291,12.0,226.0,6.599999999998545,3.2999999999883585,28.0,37.19999999999709,55.39999999999418,23.5,0.0,0.0
2025-09-04 01:00:00,718.0,186.0,13.5,21.0,58.40000000000873,12.0,222.0,6.30000000000291,3.2000000000116415,26.90000000000873,36.80000000000291,54.69999999999709,25.89999999999418,0.0,0.0
2025-09-04 02:00:00,696.0,177.0,13.099999999998545,19.0,55.79999999998836,12.0,216.0,6.5,3.2999999999883585,25.09999999999127,36.59999999999127,54.40000000000873,25.30000000000291,0.0,0.0
2025-09-04 03:00:00,696.0,181.0,13.30000000000291,19.0,54.40000000000873,12.0,214.0,6.399999999994179,3.3000000000029104,25.30000000000291,37.60000000000582,54.59999999999127,24.60000000000582,0.0,0.0
2025-09-04 04:00:00,700.0,177.0,14.299999999995634,19.0,55.5,12.0,215.0,6.100000000005821,3.3000000000029104,26.10000000000582,39.30000000000291,55.0,25.59999999999127,0.0,0.0
2025-09-04 05:00:00,706.0,179.0,16.10000000000582,19.0,55.19999999999709,12.0,215.0,6.19999999999709,3.1999999999970896,29.0,36.79999999998836,54.80000000000291,27.70000000001164,0.0,0.0
2025-09-04 06:00:00,710.0,181.0,14.69999999999709,18.0,54.10000000000582,13.0,222.0,6.400000000001455,3.3000000000029104,25.0,36.10000000000582,54.40000000000873,26.5,1.0,1.0
2025-09-04 07:00:00,738.0,188.0,17.30000000000291,20.0,54.0,30.0,223.0,6.5,1.6999999999970896,25.19999999999709,36.19999999999709,52.09999999999127,30.19999999999709,1.0,2.0
2025-09-04 08:00:00,888.0,222.0,19.599999999998545,23.0,51.59999999999127,57.0,258.0,6.599999999998545,3.1999999999970896,38.89999999999418,44.10000000000582,51.40000000000873,39.59999999999127,3.0,5.0
2025-09-04 09:00:00,1086.0,275.0,27.299999999995634,29.0,72.19999999999709,50.0,330.0,6.599999999998545,2.1000000000058208,38.30000000000291,46.30000000000291,51.59999999999127,53.20000000001164,4.0,7.0
2025-09-04 10:00:00,1219.0,313.0,28.5,43.0,77.10000000000582,48.0,369.0,10.200000000004366,2.8000000000029104,40.80000000000291,50.0,50.5,74.89999999999418,6.0,9.0
2025-09-04 11:00:00,1300.0,342.0,29.200000000004366,49.0,82.39999999999418,55.0,394.0,10.5,2.1999999999970896,42.30000000000291,50.5,48.69999999999709,71.69999999999709,7.0,11.0
2025-09-04 12:00:00,1326.0,337.0,32.599999999998545,48.0,90.70000000001164,53.0,414.0,9.69999999999709,4.19999999999709,45.69999999999709,46.39999999999418,51.10000000000582,70.10000000000582,5.0,8.0
2025-09-04 13:00:00,1374.0,339.0,32.400000000001455,48.0,105.29999999998836,58.0,414.0,9.19999999999709,5.5,56.60000000000582,50.60000000000582,52.39999999999418,75.09999999999127,4.0,5.0
2025-09-04 14:00:00,1381.0,347.0,30.5,54.0,112.90000000000873,58.0,413.0,8.30000000000291,8.30000000000291,48.59999999999127,59.19999999999709,55.30000000000291,57.30000000000291,2.0,4.0
2025-09-04 15:00:00,1295.0,333.0,27.299999999995634,49.0,104.39999999999418,57.0,411.0,7.5,9.19999999999709,49.5,56.80000000000291,55.19999999999709,29.40000000000873,0.0,1.0
2025-09-04 16:00:00,1192.0,311.0,25.0,46.0,95.30000000000291,51.0,389.0,6.30000000000291,8.0,39.5,55.29999999998836,55.40000000000873,27.89999999999418,1.0,0.0
2025-09-04 17:00:00,1062.0,275.0,24.400000000001455,40.0,84.89999999999418,34.0,351.0,6.399999999994179,4.100000000005821,33.90000000000873,47.5,55.80000000000291,24.30000000000291,0.0,1.0
2025-09-04 18:00:00,936.0,237.0,22.900000000001455,31.0,77.70000000001164,18.0,317.0,5.900000000001455,2.8999999999941792,28.09999999999127,45.70000000001164,57.09999999999127,20.89999999999418,0.0,0.0
2025-09-04 19:00:00,848.0,220.0,19.099999999998545,26.0,68.59999999999127,13.0,277.0,7.700000000004366,3.0,25.5,44.79999999998836,54.60000000000582,22.90000000000873,0.0,0.0
2025-09-04 20:00:00,798.0,198.0,23.700000000004366,25.0,65.5,12.0,259.0,7.299999999995634,3.1000000000058208,24.10000000000582,45.0,53.80000000000291,23.69999999999709,0.0,0.0
2025-09-04 21:00:00,765.0,185.0,19.89999999999418,23.0,64.90000000000873,12.0,250.0,6.200000000004366,3.5,22.999999999999996,44.70000000001164,55.0,22.30000000000291,0.0,0.0
2025-09-04 22:00:00,724.0,174.0,15.900000000001455,23.0,61.69999999999709,12.0,233.0,6.099999999998545,3.0,21.5,44.69999999999709,54.29999999998836,21.09999999999127,0.0,0.0
2025-09-04 23:00:00,710.0,172.0,14.599999999998545,24.0,58.0,12.0,228.0,5.900000000001455,3.099999999991269,22.400000000000006,44.80000000000291,53.60000000000582,20.60000000000582,0.0,0.0
2025-09-05 00:00:00,697.0,170.0,14.30000000000291,22.0,55.89999999999418,12.0,224.0,5.899999999994179,3.0,21.799999999999997,44.0,53.5,18.89999999999418,0.0,0.0
2025-09-05 01:00:00,687.0,167.0,14.400000000001455,22.0,56.19999999999709,11.0,216.0,5.900000000001455,3.0,21.5,44.29999999998836,53.69999999999709,20.60000000000582,0.0,0.0
2025-09-05 02:00:00,675.0,165.0,14.099999999998545,20.0,54.90000000000873,12.0,208.0,5.700000000004366,3.1000000000058208,22.5,45.30000000000291,53.5,20.30000000000291,0.0,0.0
2025-09-05 03:00:00,672.0,164.0,14.900000000001455,19.0,53.39999999999418,13.0,209.0,5.899999999994179,3.0,21.80000000000001,44.60000000000582,54.10000000000582,19.79999999998836,0.0,0.0
2025-09-05 04:00:00,659.0,160.0,16.400000000001455,18.0,52.10000000000582,12.0,203.0,5.600000000005821,3.0,20.5,43.30000000000291,54.19999999999709,20.5,0.0,0.0
2025-09-05 05:00:00,663.0,167.0,15.39999999999418,19.0,52.89999999999418,12.0,200.0,5.599999999998545,3.0,19.899999999999977,41.5,53.69999999999709,23.10000000000582,0.0,0.0
2025-09-05 06:00:00,673.0,174.0,15.30000000000291,19.0,55.0,12.0,204.0,5.900000000001455,2.6000000000058208,19.400000000000006,41.69999999999709,53.5,21.89999999999418,0.0,0.0
2025-09-05 07:00:00,699.0,177.0,14.19999999999709,19.0,53.80000000000291,12.0,221.0,5.899999999994179,1.0999999999912689,20.0,42.09999999999127,51.5,27.60000000000582,1.0,2.0
2025-09-05 08:00:00,809.0,198.0,19.30000000000291,25.0,50.80000000000291,12.0,258.0,6.400000000001455,1.3000000000029104,32.099999999999994,49.5,49.5,37.39999999999418,6.0,9.0
2025-09-05 09:00:00,1010.0,268.0,26.0,29.0,64.09999999999127,12.0,330.0,6.80000000000291,1.6000000000058208,32.60000000000002,52.70000000001164,49.80000000000291,51.5,7.0,11.0
2025-09-05 10:00:00,1137.0,291.0,25.599999999998545,39.0,86.60000000000582,13.0,376.0,7.799999999995634,4.099999999991269,29.80000000000001,50.89999999999418,52.60000000000582,74.90000000000873,6.0,10.0
2025-09-05 11:00:00,1225.0,330.0,27.0,42.0,76.0,12.0,430.0,7.900000000001455,0.40000000000873115,31.599999999999966,57.0,47.19999999999709,67.19999999999709,16.0,23.0
2025-09-05 12:00:00,1294.0,333.0,42.30000000000291,47.0,95.30000000000291,13.0,443.0,6.599999999998545,1.0,42.30000000000001,63.69999999999709,47.59999999999127,70.80000000000291,13.0,20.0
2025-09-05 13:00:00,1395.0,346.0,41.099999999998545,55.0,94.5,37.0,458.0,5.5,1.5999999999912689,53.69999999999999,69.0,53.10000000000582,76.69999999999709,13.0,20.0
2025-09-05 14:00:00,1358.0,347.0,39.099999999998545,53.0,96.59999999999127,34.0,457.0,6.200000000004366,1.9000000000087311,57.599999999999966,59.5,46.60000000000582,59.30000000000291,11.0,16.0
2025-09-05 15:00:00,1294.0,355.0,36.5,51.0,94.90000000000873,14.0,448.0,7.0,0.5999999999912689,57.0,59.60000000000582,47.29999999998836,27.89999999999418,12.0,18.0
2025-09-05 16:00:00,1241.0,333.0,32.599999999998545,47.0,106.59999999999127,18.0,425.0,5.599999999998545,4.19999999999709,47.200000000000045,53.69999999999709,51.70000000001164,26.5,6.0,9.0
2025-09-05 17:00:00,1139.0,315.0,25.80000000000291,40.0,87.5,14.0,402.0,5.400000000001455,1.9000000000087311,36.10000000000002,51.80000000000291,52.19999999999709,25.40000000000873,5.0,8.0
2025-09-05 18:00:00,1002.0,270.0,20.5,33.0,81.60000000000582,12.0,351.0,4.5,3.5,28.299999999999955,49.09999999999127,55.69999999999709,21.29999999998836,0.0,0.0
2025-09-05 19:00:00,896.0,224.0,18.900000000001455,30.0,76.0,12.0,313.0,4.799999999995634,3.3999999999941792,24.899999999999977,47.40000000000873,55.69999999999709,23.5,0.0,0.0
2025-09-05 20:00:00,825.0,201.0,18.400000000001455,25.0,66.0,13.0,286.0,4.80000000000291,3.3000000000029104,24.40000000000009,45.30000000000291,53.80000000000291,25.0,0.0,0.0
2025-09-05 21:00:00,792.0,191.0,17.39999999999418,23.0,61.39999999999418,12.0,277.0,4.099999999998545,3.1999999999970896,22.899999999999977,42.09999999999127,54.5,24.70000000001164,0.0,0.0
2025-09-05 22:00:00,763.0,189.0,16.10000000000582,24.0,58.60000000000582,12.0,261.0,4.0,3.1000000000058208,23.299999999999955,39.5,55.5,19.39999999999418,0.0,0.0
2025-09-05 23:00:00,739.0,181.0,14.799999999995634,21.0,54.39999999999418,13.0,256.0,3.7000000000043656,3.099999999991269,24.300000000000068,39.5,53.30000000000291,18.19999999999709,0.0,0.0
2025-09-06 00:00:00,722.0,172.0,14.200000000004366,20.0,53.30000000000291,12.0,256.0,3.8999999999941792,3.1000000000058208,24.5,38.19999999999709,54.80000000000291,16.80000000000291,0.0,0.0
2025-09-06 01:00:00,715.0,166.0,14.0,22.0,53.30000000000291,11.0,254.0,3.6000000000058208,3.1000000000058208,24.0,38.5,54.39999999999418,17.19999999999709,0.0,0.0
2025-09-06 02:00:00,698.0,161.0,14.5,21.0,54.0,12.0,246.0,3.6999999999970896,3.099999999991269,23.59999999999991,38.10000000000582,54.0,17.40000000000873,0.0,0.0
2025-09-06 03:00:00,693.0,162.0,14.299999999995634,20.0,51.69999999999709,11.0,242.0,3.8000000000029104,3.0,22.90000000000009,37.69999999999709,54.10000000000582,16.79999999998836,0.0,0.0
2025-09-06 04:00:00,679.0,155.0,14.30000000000291,21.0,51.60000000000582,12.0,237.0,3.6999999999970896,2.900000000008731,21.299999999999955,38.10000000000582,54.29999999998836,18.30000000000291,0.0,0.0
2025-09-06 05:00:00,684.0,156.0,16.299999999995634,22.0,52.0,11.0,238.0,4.0,3.0,21.200000000000045,37.39999999999418,54.20000000001164,16.90000000000873,0.0,0.0
2025-09-06 06:00:00,686.0,160.0,15.30000000000291,22.0,50.09999999999127,11.0,242.0,3.5,2.7999999999883585,20.199999999999932,37.10000000000582,53.69999999999709,15.799999999988358,0.0,0.0
2025-09-06 07:00:00,702.0,170.0,15.19999999999709,22.0,51.10000000000582,13.0,245.0,3.8000000000029104,1.1000000000058208,21.5,37.09999999999127,50.69999999999709,16.60000000000582,1.0,3.0
2025-09-06 08:00:00,719.0,174.0,14.80000000000291,23.0,40.60000000000582,12.0,260.0,3.6999999999970896,0.0,30.100000000000023,39.5,46.89999999999418,18.39999999999418,6.0,10.0
2025-09-06 09:00:00,721.0,181.0,15.599999999998545,25.0,32.59999999999127,11.0,268.0,4.0,0.0,29.40000000000009,40.40000000000873,46.10000000000582,18.0,10.0,14.0
2025-09-06 10:00:00,724.0,180.0,17.80000000000291,27.0,30.90000000000873,12.0,269.0,3.599999999998545,0.0,32.0,39.0,46.39999999999418,18.70000000001164,12.0,19.0
2025-09-06 11:00:00,757.0,192.0,26.299999999995634,28.0,34.59999999999127,12.0,277.0,3.900000000001455,0.0,30.899999999999864,41.30000000000291,45.90000000000873,19.29999999998836,15.0,23.0
2025-09-06 12:00:00,790.0,204.0,28.700000000004366,31.0,35.19999999999709,12.0,285.0,4.0,0.0,32.5,44.39999999999418,46.59999999999127,19.20000000001164,15.0,23.0
2025-09-06 13:00:00,833.0,217.0,26.0,34.0,37.60000000000582,12.0,300.0,3.900000000001455,0.0,41.5,43.10000000000582,46.70000000001164,21.5,16.0,23.0
2025-09-06 14:00:00,883.0,239.0,24.900000000001455,33.0,45.80000000000291,14.0,306.0,4.900000000001455,0.0,42.200000000000045,46.09999999999127,46.89999999999418,22.39999999999418,14.0,22.0
2025-09-06 15:00:00,899.0,241.0,26.799999999995634,36.0,53.0,12.0,310.0,4.799999999995634,0.0,40.5,45.69999999999709,46.60000000000582,21.19999999999709,12.0,18.0
2025-09-06 16:00:00,893.0,231.0,26.700000000004366,28.0,59.89999999999418,13.0,310.0,4.700000000004366,0.3000000000029104,29.90000000000009,44.40000000000873,49.0,21.80000000000291,8.0,12.0
2025-09-06 17:00:00,862.0,214.0,19.0,25.0,66.10000000000582,12.0,308.0,4.0,2.8999999999941792,22.5,44.89999999999418,53.89999999999418,21.39999999999418,2.0,4.0
2025-09-06 18:00:00,805.0,194.0,17.599999999998545,23.0,64.39999999999418,12.0,292.0,3.599999999998545,3.8000000000029104,21.5,40.80000000000291,55.0,16.30000000000291,0.0,0.0
2025-09-06 19:00:00,789.0,182.0,21.599999999998545,25.0,62.40000000000873,12.0,281.0,4.099999999998545,3.6999999999970896,20.59999999999991,41.0,56.39999999999418,18.30000000000291,0.0,0.0
2025-09-06 20:00:00,759.0,175.0,18.599999999998545,22.0,57.59999999999127,13.0,271.0,3.599999999998545,3.5,20.299999999999955,40.5,56.10000000000582,19.19999999999709,0.0,0.0
2025-09-06 21:00:00,746.0,173.0,16.099999999998545,21.0,55.5,13.0,265.0,4.0,3.400000000008731,20.600000000000136,42.39999999999418,54.69999999999709,19.10000000000582,0.0,0.0
2025-09-06 22:00:00,743.0,172.0,15.60000000000582,21.0,58.19999999999709,12.0,266.0,3.8000000000029104,3.5,22.0,40.0,54.80000000000291,18.59999999999127,0.0,0.0
2025-09-06 23:00:00,738.0,174.0,15.5,18.0,60.80000000000291,11.0,258.0,3.7999999999956344,3.2999999999883585,22.699999999999818,39.30000000000291,55.39999999999418,18.40000000000873,0.0,0.0
2025-09-07 00:00:00,724.0,171.0,15.19999999999709,19.0,58.30000000000291,12.0,255.0,3.900000000001455,3.3000000000029104,22.800000000000182,38.90000000000873,55.0,16.59999999999127,0.0,0.0
2025-09-07 01:00:00,725.0,172.0,18.099999999998545,20.0,56.69999999999709,12.0,248.0,3.7000000000043656,3.3000000000029104,22.899999999999864,39.29999999998836,54.80000000000291,17.90000000000873,0.0,0.0
2025-09-07 02:00:00,724.0,174.0,15.700000000004366,23.0,55.40000000000873,12.0,247.0,4.0,3.5,21.299999999999955,40.5,55.0,18.0,0.0,0.0
2025-09-07 03:00:00,720.0,175.0,15.5,21.0,52.59999999999127,13.0,247.0,3.8999999999941792,3.6999999999970896,20.300000000000182,41.80000000000291,55.5,18.39999999999418,0.0,0.0
2025-09-07 04:00:00,709.0,169.0,13.299999999995634,20.0,51.5,11.0,247.0,3.8000000000029104,3.3000000000029104,20.5,41.10000000000582,53.90000000000873,18.5,0.0,0.0
2025-09-07 05:00:00,691.0,165.0,14.200000000004366,20.0,50.69999999999709,12.0,239.0,3.900000000001455,3.3000000000029104,20.299999999999955,39.09999999999127,53.79999999998836,17.60000000000582,0.0,0.0
2025-09-07 06:00:00,692.0,166.0,13.89999999999418,19.0,49.60000000000582,12.0,242.0,3.599999999998545,2.1999999999970896,20.59999999999991,38.40000000000873,53.90000000000873,16.59999999999127,1.0,0.0
2025-09-07 07:00:00,691.0,171.0,13.900000000001455,19.0,46.69999999999709,12.0,243.0,3.900000000001455,0.19999999999708962,19.799999999999955,38.59999999999127,50.89999999999418,18.0,1.0,4.0
2025-09-07 08:00:00,695.0,178.0,14.0,18.0,38.80000000000291,11.0,248.0,4.099999999998545,0.0,19.600000000000136,41.70000000001164,48.69999999999709,19.40000000000873,6.0,9.0
2025-09-07 09:00:00,694.0,182.0,14.099999999998545,18.0,31.80000000000291,13.0,260.0,3.900000000001455,0.0,19.899999999999864,39.69999999999709,44.90000000000873,18.19999999999709,9.0,15.0
2025-09-07 10:00:00,696.0,187.0,14.30000000000291,21.0,29.09999999999127,13.0,256.0,4.0,0.0,19.90000000000009,40.09999999999127,44.19999999999709,18.60000000000582,12.0,17.0
2025-09-07 11:00:00,721.0,207.0,19.30000000000291,21.0,27.30000000000291,12.0,264.0,4.19999999999709,0.0,20.40000000000009,43.70000000001164,39.80000000000291,18.69999999999709,14.0,22.0
2025-09-07 12:00:00,740.0,211.0,20.299999999995634,21.0,31.19999999999709,12.0,264.0,4.099999999998545,0.0,21.199999999999818,46.0,42.59999999999127,17.69999999999709,16.0,24.0
2025-09-07 13:00:00,793.0,225.0,20.400000000001455,21.0,40.0,13.0,284.0,8.400000000001455,0.0,22.700000000000045,46.59999999999127,45.70000000001164,19.5,13.0,20.0
2025-09-07 14:00:00,841.0,234.0,22.30000000000291,20.0,49.20000000001164,13.0,294.0,10.400000000001455,0.10000000000582077,23.200000000000045,46.69999999999709,50.5,19.89999999999418,10.0,15.0
2025-09-07 15:00:00,852.0,225.0,22.099999999998545,21.0,63.29999999998836,12.0,294.0,10.099999999998545,0.0,21.5,45.70000000001164,51.09999999999127,19.20000000001164,4.0,6.0
2025-09-07 16:00:00,852.0,225.0,26.0,20.0,56.40000000000873,14.0,289.0,9.5,0.3000000000029104,22.299999999999955,49.09999999999127,52.0,20.0,4.0,7.0
2025-09-07 17:00:00,831.0,219.0,19.69999999999709,22.0,61.30000000000291,12.0,277.0,7.599999999998545,2.5,21.5,45.19999999999709,54.19999999999709,19.69999999999709,1.0,2.0
2025-09-07 18:00:00,776.0,198.0,17.400000000001455,18.0,59.79999999998836,13.0,257.0,11.10000000000582,3.3999999999941792,21.5,42.80000000000291,54.20000000001164,16.80000000000291,0.0,0.0
2025-09-07 19:00:00,816.0,199.0,17.5,17.0,66.90000000000873,12.0,264.0,29.69999999999709,3.8000000000029104,22.700000000000045,45.10000000000582,54.89999999999418,19.79999999998836,0.0,0.0
2025-09-07 20:00:00,780.0,196.0,17.099999999998545,18.0,60.80000000000291,13.0,258.0,6.400000000001455,3.599999999991269,23.799999999999955,46.30000000000291,54.0,20.5,0.0,0.0
2025-09-07 21:00:00,765.0,196.0,16.900000000001455,17.0,57.39999999999418,13.0,254.0,5.5,3.5,23.5,42.79999999998836,54.39999999999418,21.0,0.0,0.0
2025-09-07 22:00:00,759.0,188.0,20.19999999999709,16.0,56.39999999999418,13.0,259.0,5.400000000001455,3.3000000000029104,23.600000000000136,40.70000000001164,54.0,18.5,0.0,0.0
2025-09-07 23:00:00,757.0,187.0,19.10000000000582,16.0,58.40000000000873,13.0,257.0,5.69999999999709,3.400000000008731,23.299999999999955,40.29999999998836,54.30000000000291,19.60000000000582,0.0,0.0
2025-09-08 00:00:00,745.0,186.0,17.5,18.0,58.59999999999127,13.0,250.0,5.099999999998545,3.3999999999941792,22.799999999999955,40.60000000000582,54.5,17.10000000000582,0.0,0.0
2025-09-08 01:00:00,735.0,183.0,16.19999999999709,18.0,54.90000000000873,12.0,246.0,5.5,3.3999999999941792,20.5,42.60000000000582,54.69999999999709,20.0,0.0,0.0
2025-09-08 02:00:00,721.0,186.0,15.19999999999709,17.0,51.0,13.0,239.0,4.900000000001455,3.5,21.700000000000045,40.59999999999127,54.5,18.69999999999709,0.0,0.0
2025-09-08 03:00:00,721.0,184.0,15.10000000000582,15.0,51.30000000000291,12.0,243.0,5.099999999998545,3.400000000008731,22.600000000000136,39.5,54.70000000001164,18.19999999999709,0.0,0.0
2025-09-08 04:00:00,723.0,183.0,15.19999999999709,15.0,51.19999999999709,13.0,241.0,5.200000000004366,3.3999999999941792,27.09999999999991,39.19999999999709,56.0,19.69999999999709,0.0,0.0
2025-09-08 05:00:00,728.0,181.0,15.0,15.0,51.0,13.0,243.0,5.099999999998545,3.3000000000029104,28.699999999999818,39.5,54.69999999999709,21.19999999999709,0.0,0.0
2025-09-08 06:00:00,727.0,182.0,14.80000000000291,14.0,49.59999999999127,13.0,247.0,4.900000000001455,3.1000000000058208,24.5,41.5,53.5,21.60000000000582,0.0,0.0
2025-09-08 07:00:00,734.0,183.0,14.099999999998545,16.0,48.20000000001164,12.0,246.0,4.799999999995634,2.7999999999883585,24.09999999999991,39.60000000000582,53.89999999999418,27.30000000000291,1.0,0.0
2025-09-08 08:00:00,848.0,213.0,20.19999999999709,21.0,53.19999999999709,15.0,285.0,4.700000000004366,4.2000000000116415,30.800000000000182,43.89999999999418,53.90000000000873,36.80000000000291,1.0,3.0
2025-09-08 09:00:00,1113.0,295.0,31.900000000001455,29.0,60.0,47.0,364.0,5.5,5.0,34.09999999999991,47.5,53.89999999999418,57.59999999999127,3.0,4.0
2025-09-08 10:00:00,1273.0,344.0,35.19999999999709,50.0,77.89999999999418,29.0,433.0,4.899999999994179,5.899999999994179,36.59999999999991,48.0,55.89999999999418,70.10000000000582,3.0,5.0
2025-09-08 11:00:00,1322.0,355.0,33.700000000004366,60.0,70.10000000000582,36.0,465.0,5.400000000001455,0.5,44.90000000000009,50.90000000000873,48.20000000001164,66.19999999999709,11.0,17.0
2025-09-08 12:00:00,1415.0,364.0,44.19999999999709,54.0,79.89999999999418,69.0,491.0,6.0,0.19999999999708962,46.5,55.19999999999709,47.29999999998836,69.39999999999418,12.0,18.0
2025-09-08 13:00:00,1469.0,394.0,47.099999999998545,56.0,81.30000000000291,47.0,502.0,9.900000000001455,0.10000000000582077,50.30000000000018,61.0,44.20000000001164,75.90000000000873,15.0,23.0
2025-09-08 14:00:00,1492.0,401.0,44.30000000000291,50.0,104.19999999999709,49.0,491.0,10.099999999998545,4.0,51.19999999999982,59.39999999999418,53.59999999999127,56.59999999999127,8.0,12.0
2025-09-08 15:00:00,1455.0,408.0,42.599999999998545,49.0,96.60000000000582,67.0,472.0,10.099999999998545,0.5999999999912689,51.90000000000009,57.80000000000291,50.5,33.30000000000291,11.0,16.0
2025-09-08 16:00:00,1431.0,407.0,40.80000000000291,54.0,103.5,47.0,459.0,10.400000000001455,3.6000000000058208,49.30000000000018,55.30000000000291,54.90000000000873,30.40000000000873,6.0,11.0
2025-09-08 17:00:00,1261.0,350.0,36.900000000001455,40.0,90.5,44.0,409.0,9.200000000004366,2.0,42.29999999999973,51.19999999999709,56.0,25.09999999999127,3.0,4.0
2025-09-08 18:00:00,1078.0,280.0,28.19999999999709,34.0,79.39999999999418,41.0,363.0,8.299999999995634,3.6999999999970896,33.90000000000009,49.69999999999709,58.0,22.40000000000873,0.0,0.0
2025-09-08 19:00:00,940.0,231.0,23.0,29.0,73.0,31.0,326.0,7.80000000000291,3.8000000000029104,26.0,47.40000000000873,58.29999999998836,21.79999999998836,0.0,0.0
2025-09-08 20:00:00,885.0,218.0,20.0,24.0,72.40000000000873,21.0,302.0,7.900000000001455,3.6999999999970896,26.40000000000009,48.5,56.0,23.20000000001164,0.0,0.0
2025-09-08 21:00:00,853.0,212.0,16.19999999999709,25.0,71.59999999999127,17.0,293.0,7.5,3.6000000000058208,28.799999999999727,43.30000000000291,55.10000000000582,21.69999999999709,0.0,0.0
2025-09-08 22:00:00,823.0,204.0,15.900000000001455,24.0,68.90000000000873,17.0,284.0,7.19999999999709,3.6999999999970896,24.5,43.5,55.39999999999418,18.0,0.0,0.0
2025-09-08 23:00:00,811.0,197.0,15.5,22.0,69.09999999999127,16.0,284.0,7.19999999999709,3.6000000000058208,24.300000000000182,43.19999999999709,55.10000000000582,17.89999999999418,0.0,0.0
2025-09-09 00:00:00,779.0,181.0,14.900000000001455,21.0,69.19999999999709,18.0,274.0,6.600000000005821,3.5,21.90000000000009,42.5,55.0,17.19999999999709,0.0,0.0
2025-09-09 01:00:00,750.0,170.0,14.900000000001455,21.0,65.80000000000291,16.0,259.0,7.0,3.5,21.59999999999991,45.39999999999418,55.0,17.60000000000582,0.0,0.0
2025-09-09 02:00:00,741.0,172.0,15.0,19.0,63.30000000000291,16.0,254.0,6.899999999994179,3.3999999999941792,22.40000000000009,44.10000000000582,54.69999999999709,17.60000000000582,0.0,0.0
2025-09-09 03:00:00,734.0,169.0,14.599999999998545,19.0,66.19999999999709,16.0,251.0,6.700000000004366,3.3000000000029104,22.199999999999818,41.39999999999418,55.30000000000291,17.0,0.0,0.0
2025-09-09 04:00:00,727.0,169.0,15.19999999999709,19.0,60.90000000000873,16.0,246.0,6.400000000001455,3.5,22.300000000000182,42.40000000000873,55.39999999999418,17.79999999998836,0.0,0.0
2025-09-09 05:00:00,730.0,171.0,15.200000000004366,20.0,62.29999999998836,15.0,243.0,7.099999999998545,3.8999999999941792,22.5,42.39999999999418,55.30000000000291,19.90000000000873,0.0,0.0
2025-09-09 06:00:00,734.0,174.0,14.69999999999709,19.0,59.90000000000873,16.0,253.0,6.5,3.1000000000058208,20.90000000000009,40.19999999999709,54.69999999999709,19.80000000000291,1.0,1.0
2025-09-09 07:00:00,751.0,187.0,15.700000000004366,21.0,58.59999999999127,16.0,251.0,6.900000000001455,0.8000000000029104,23.199999999999818,43.19999999999709,51.80000000000291,21.89999999999418,1.0,3.0
2025-09-09 08:00:00,874.0,224.0,17.599999999998545,27.0,61.90000000000873,16.0,283.0,6.899999999994179,1.6999999999970896,28.300000000000182,52.70000000001164,51.69999999999709,33.30000000000291,5.0,7.0
2025-09-09 09:00:00,1138.0,301.0,26.0,39.0,65.89999999999418,51.0,349.0,7.700000000004366,0.19999999999708962,34.59999999999991,58.19999999999709,49.800000000000004,56.0,10.0,16.0
2025-09-09 10:00:00,1316.0,352.0,30.900000000001455,55.0,92.40000000000873,45.0,415.0,8.599999999998545,0.10000000000582077,35.40000000000009,68.09999999999127,49.89999999999999,70.89999999999418,13.0,19.0
2025-09-09 11:00:00,1377.0,356.0,29.599999999998545,50.0,113.5,47.0,445.0,10.69999999999709,1.8999999999941792,36.0,66.30000000000291,51.20000000000002,69.0,11.0,18.0
2025-09-09 12:00:00,1348.0,352.0,32.099999999998545,47.0,95.79999999998836,33.0,461.0,10.900000000001455,0.10000000000582077,42.5,61.69999999999709,50.0,67.19999999999709,15.0,22.0
2025-09-09 13:00:00,1489.0,386.0,48.900000000001455,60.0,97.40000000000873,43.0,499.0,11.900000000001455,0.0,54.69999999999982,69.5,48.89999999999998,74.30000000000291,16.0,24.0
2025-09-09 14:00:00,1466.0,390.0,43.799999999995634,61.0,109.19999999999709,42.0,482.0,11.5,0.09999999999126885,55.0,71.10000000000582,49.900000000000034,50.69999999999709,15.0,22.0
2025-09-09 15:00:00,1424.0,381.0,38.80000000000291,50.0,135.39999999999418,45.0,456.0,9.5,7.69999999999709,45.59999999999991,69.80000000000291,55.89999999999998,27.30000000000291,3.0,5.0
2025-09-09 16:00:00,1329.0,357.0,39.900000000001455,35.0,118.90000000000873,35.0,438.0,8.69999999999709,8.30000000000291,40.90000000000009,67.0,55.89999999999998,26.0,2.0,4.0
2025-09-09 17:00:00,1203.0,317.0,32.19999999999709,35.0,95.89999999999418,49.0,399.0,8.400000000001455,3.3000000000029104,38.30000000000018,55.19999999999709,56.5,23.5,2.0,2.0
2025-09-09 18:00:00,1032.0,262.0,22.400000000001455,31.0,84.19999999999709,18.0,358.0,8.099999999998545,3.6000000000058208,36.59999999999991,49.10000000000582,56.700000000000045,20.80000000000291,0.0,0.0
2025-09-09 19:00:00,925.0,217.0,21.5,28.0,79.10000000000582,17.0,321.0,7.700000000004366,3.599999999991269,34.90000000000009,47.0,55.39999999999998,21.60000000000582,0.0,0.0
2025-09-09 20:00:00,844.0,198.0,21.099999999998545,21.0,73.0,15.0,292.0,7.599999999998545,3.6999999999970896,26.5,45.89999999999418,55.5,22.09999999999127,0.0,0.0
2025-09-09 21:00:00,822.0,190.0,21.900000000001455,21.0,71.89999999999418,12.0,285.0,7.19999999999709,3.400000000008731,25.799999999999727,45.19999999999709,55.700000000000045,22.5,0.0,0.0
2025-09-09 22:00:00,787.0,191.0,19.400000000001455,22.0,67.70000000001164,12.0,267.0,7.30000000000291,3.3000000000029104,24.59999999999991,42.69999999999709,54.39999999999998,18.30000000000291,0.0,0.0
2025-09-09 23:00:00,775.0,187.0,18.69999999999709,22.0,65.59999999999127,12.0,265.0,7.099999999998545,3.2999999999883585,23.0,41.80000000000291,53.0,18.89999999999418,0.0,0.0
2025-09-10 00:00:00,746.0,183.0,17.200000000004366,19.0,64.10000000000582,11.0,251.0,7.0,3.3000000000029104,21.5,40.69999999999709,54.0,17.30000000000291,0.0,0.0
2025-09-10 01:00:00,726.0,180.0,14.69999999999709,19.0,61.5,13.0,241.0,7.0,3.400000000008731,23.600000000000364,38.10000000000582,54.10000000000002,17.40000000000873,0.0,0.0
2025-09-10 02:00:00,709.0,176.0,14.400000000001455,19.0,58.30000000000291,11.0,233.0,6.700000000004366,3.2999999999883585,22.799999999999727,38.10000000000582,54.0,18.0,0.0,0.0
2025-09-10 03:00:00,710.0,175.0,14.400000000001455,18.0,57.69999999999709,12.0,236.0,6.69999999999709,3.1000000000058208,23.09999999999991,38.09999999999127,54.299999999999955,17.19999999999709,0.0,0.0
2025-09-10 04:00:00,702.0,172.0,14.299999999995634,17.0,57.5,12.0,232.0,6.80000000000291,3.3000000000029104,22.40000000000009,39.69999999999709,53.40000000000009,18.09999999999127,0.0,0.0
2025-09-10 05:00:00,708.0,174.0,14.5,18.0,57.80000000000291,11.0,234.0,6.599999999998545,3.3000000000029104,22.300000000000182,37.40000000000873,54.399999999999864,19.80000000000291,0.0,0.0
2025-09-10 06:00:00,713.0,182.0,14.30000000000291,17.0,59.19999999999709,12.0,234.0,6.69999999999709,3.1999999999970896,20.90000000000009,35.69999999999709,54.200000000000045,19.10000000000582,0.0,0.0
2025-09-10 07:00:00,730.0,187.0,14.0,17.0,58.39999999999418,12.0,241.0,6.80000000000291,2.3000000000029104,22.09999999999991,35.60000000000582,53.0,22.80000000000291,1.0,2.0
2025-09-10 08:00:00,843.0,217.0,18.0,23.0,62.80000000000291,14.0,270.0,6.599999999998545,6.099999999991269,25.90000000000009,40.5,54.5,35.19999999999709,0.0,0.0
2025-09-10 09:00:00,1000.0,257.0,20.799999999995634,26.0,72.89999999999418,13.0,333.0,6.599999999998545,7.69999999999709,28.899999999999636,44.69999999999709,54.200000000000045,50.39999999999418,1.0,1.0
2025-09-10 10:00:00,1093.0,280.0,23.30000000000291,41.0,84.80000000000291,12.0,354.0,6.200000000004366,8.30000000000291,30.5,46.39999999999418,57.899999999999864,68.90000000000873,0.0,1.0
2025-09-10 11:00:00,1143.0,295.0,23.0,42.0,88.80000000000291,12.0,389.0,6.5,7.100000000005821,31.300000000000182,48.40000000000873,51.90000000000009,64.19999999999709,2.0,4.0
2025-09-10 12:00:00,1141.0,298.0,23.19999999999709,41.0,84.80000000000291,12.0,401.0,6.399999999994179,2.599999999991269,31.0,45.39999999999418,49.90000000000009,64.0,6.0,8.0
2025-09-10 13:00:00,1207.0,316.0,25.60000000000582,41.0,84.89999999999418,13.0,428.0,7.900000000001455,0.20000000001164153,34.40000000000009,45.89999999999418,46.5,75.39999999999418,8.0,12.0
2025-09-10 14:00:00,1243.0,334.0,34.69999999999709,48.0,85.5,12.0,444.0,8.400000000001455,0.09999999999126885,39.59999999999991,47.80000000000291,46.399999999999864,50.40000000000873,10.0,16.0
2025-09-10 15:00:00,1216.0,338.0,31.099999999998545,48.0,86.0,13.0,432.0,9.80000000000291,0.5,39.5,46.19999999999709,49.700000000000045,25.39999999999418,7.0,12.0
2025-09-10 16:00:00,1161.0,325.0,29.400000000001455,40.0,84.19999999999709,12.0,401.0,11.099999999998545,2.1999999999970896,38.80000000000018,45.60000000000582,53.0,24.19999999999709,6.0,9.0
2025-09-10 17:00:00,1034.0,292.0,25.0,30.0,74.5,11.0,353.0,8.799999999995634,2.3000000000029104,34.59999999999991,42.39999999999418,55.59999999999991,22.90000000000873,1.0,2.0
2025-09-10 18:00:00,925.0,239.0,24.30000000000291,28.0,63.70000000001164,12.0,333.0,8.700000000004366,3.6000000000058208,28.09999999999991,35.60000000000582,54.90000000000009,20.29999999998836,0.0,0.0
2025-09-10 19:00:00,836.0,222.0,19.5,24.0,60.59999999999127,12.0,289.0,6.799999999995634,3.5,26.300000000000182,35.10000000000582,52.90000000000009,21.90000000000873,0.0,0.0
2025-09-10 20:00:00,781.0,200.0,18.0,24.0,58.10000000000582,12.0,263.0,6.700000000004366,3.3000000000029104,22.300000000000182,35.09999999999127,54.09999999999991,22.69999999999709,0.0,0.0
2025-09-10 21:00:00,741.0,192.0,16.89999999999418,20.0,56.19999999999709,13.0,245.0,6.5,3.2999999999883585,21.399999999999636,33.0,53.5,20.69999999999709,0.0,0.0
2025-09-10 22:00:00,726.0,185.0,16.900000000001455,20.0,56.80000000000291,12.0,243.0,6.599999999998545,3.3000000000029104,21.800000000000182,32.5,53.799999999999955,17.5,0.0,0.0
2025-09-10 23:00:00,721.0,182.0,19.200000000004366,17.0,56.39999999999418,12.0,243.0,6.69999999999709,3.3000000000029104,21.300000000000182,32.90000000000873,52.299999999999955,18.69999999999709,0.0,0.0
2025-09-11 00:00:00,706.0,180.0,17.099999999998545,15.0,52.19999999999709,12.0,244.0,6.30000000000291,3.1999999999970896,20.599999999999454,32.09999999999127,53.40000000000009,16.0,0.0,0.0
2025-09-11 01:00:00,697.0,171.0,17.400000000001455,14.0,53.5,11.0,244.0,6.599999999998545,3.1999999999970896,19.699999999999818,31.69999999999709,53.69999999999982,17.20000000001164,0.0,0.0
2025-09-11 02:00:00,683.0,165.0,15.0,15.0,51.70000000001164,11.0,238.0,6.30000000000291,3.3000000000029104,21.700000000000728,32.20000000001164,53.30000000000018,17.0,0.0,0.0
2025-09-11 03:00:00,667.0,159.0,15.39999999999418,14.0,50.59999999999127,11.0,233.0,6.19999999999709,3.1999999999970896,20.0,31.89999999999418,51.90000000000009,17.39999999999418,0.0,0.0
2025-09-11 04:00:00,670.0,156.0,14.30000000000291,14.0,52.69999999999709,12.0,236.0,6.200000000004366,3.1000000000058208,19.899999999999636,31.89999999999418,53.59999999999991,17.69999999999709,0.0,0.0
2025-09-11 05:00:00,676.0,156.0,14.0,14.0,52.20000000001164,12.0,238.0,6.299999999995634,3.3000000000029104,20.800000000000182,31.80000000000291,53.19999999999982,19.0,0.0,0.0
2025-09-11 06:00:00,669.0,155.0,13.80000000000291,14.0,49.59999999999127,12.0,236.0,6.200000000004366,2.8000000000029104,19.300000000000182,31.19999999999709,53.40000000000009,19.69999999999709,1.0,0.0
2025-09-11 07:00:00,685.0,166.0,14.099999999998545,15.0,47.69999999999709,12.0,242.0,6.19999999999709,1.3999999999941792,19.799999999999272,31.5,51.0,22.80000000000291,1.0,2.0
2025-09-11 08:00:00,777.0,192.0,16.900000000001455,21.0,45.70000000001164,12.0,274.0,6.5,1.6000000000058208,23.0,36.10000000000582,49.20000000000027,36.40000000000873,4.0,7.0
2025-09-11 09:00:00,965.0,251.0,26.799999999995634,33.0,45.09999999999127,12.0,332.0,7.400000000001455,0.09999999999126885,29.400000000000546,40.80000000000291,45.5,57.29999999998836,11.0,17.0
2025-09-11 10:00:00,1098.0,273.0,26.599999999998545,46.0,71.30000000000291,11.0,373.0,7.900000000001455,3.3000000000029104,32.5,41.59999999999127,52.59999999999991,65.60000000000582,7.0,10.0
2025-09-11 11:00:00,1163.0,303.0,32.400000000001455,45.0,74.39999999999418,12.0,392.0,8.5,0.39999999999417923,34.80000000000018,43.90000000000873,45.0,65.5,14.0,23.0
2025-09-11 12:00:00,1223.0,313.0,34.900000000001455,44.0,82.80000000000291,13.0,406.0,11.799999999995634,0.5,42.599999999999454,46.19999999999709,45.59999999999991,65.19999999999709,16.0,23.0
2025-09-11 13:00:00,1273.0,310.0,31.900000000001455,59.0,82.10000000000582,13.0,430.0,10.900000000001455,0.0,52.400000000000546,53.10000000000582,42.40000000000009,72.40000000000873,16.0,24.0
2025-09-11 14:00:00,1293.0,318.0,39.099999999998545,57.0,96.30000000000291,12.0,445.0,11.400000000001455,0.20000000001164153,49.899999999999636,51.39999999999418,45.09999999999991,55.39999999999418,13.0,20.0
2025-09-11 15:00:00,1299.0,327.0,38.19999999999709,57.0,99.19999999999709,18.0,449.0,12.900000000001455,0.5,57.30000000000018,53.69999999999709,49.09999999999991,37.0,11.0,16.0
2025-09-11 16:00:00,1245.0,312.0,32.900000000001455,50.0,107.0,35.0,416.0,9.39999999999418,6.69999999999709,41.599999999999454,50.90000000000873,55.59999999999991,34.60000000000582,1.0,3.0
2025-09-11 17:00:00,1082.0,291.0,28.099999999998545,38.0,91.59999999999127,21.0,362.0,7.700000000004366,4.099999999991269,32.20000000000073,42.5,56.40000000000009,26.0,1.0,1.0
2025-09-11 18:00:00,966.0,251.0,20.10000000000582,31.0,81.60000000000582,15.0,327.0,7.400000000001455,3.2000000000116415,28.0,43.39999999999418,55.40000000000009,22.59999999999127,0.0,0.0
2025-09-11 19:00:00,882.0,228.0,17.89999999999418,27.0,76.69999999999709,13.0,304.0,7.099999999998545,3.1999999999970896,24.099999999999454,37.60000000000582,55.30000000000018,23.0,0.0,0.0
2025-09-11 20:00:00,784.0,188.0,15.10000000000582,23.0,64.19999999999709,12.0,271.0,6.69999999999709,3.099999999991269,23.400000000000546,38.29999999998836,54.09999999999991,24.5,0.0,0.0
2025-09-11 21:00:00,755.0,178.0,15.5,22.0,60.0,12.0,262.0,6.900000000001455,3.1000000000058208,22.799999999999272,39.10000000000582,53.90000000000009,21.90000000000873,0.0,0.0
2025-09-11 22:00:00,743.0,184.0,17.69999999999709,20.0,58.10000000000582,12.0,252.0,6.69999999999709,3.1000000000058208,20.900000000000546,39.10000000000582,53.899999999999636,17.69999999999709,0.0,0.0
2025-09-11 23:00:00,736.0,183.0,16.400000000001455,19.0,58.30000000000291,11.0,250.0,6.80000000000291,3.099999999991269,20.199999999999818,39.0,54.40000000000009,17.39999999999418,0.0,0.0
2025-09-12 00:00:00,723.0,174.0,16.69999999999709,18.0,59.69999999999709,12.0,249.0,6.599999999998545,3.1999999999970896,20.399999999999636,38.79999999998836,54.40000000000009,16.10000000000582,0.0,0.0
2025-09-12 01:00:00,716.0,170.0,15.200000000004366,18.0,60.10000000000582,12.0,245.0,6.80000000000291,3.2000000000116415,20.200000000000728,37.70000000001164,54.30000000000018,17.19999999999709,0.0,0.0
2025-09-12 02:00:00,701.0,166.0,14.19999999999709,17.0,57.19999999999709,13.0,241.0,6.599999999998545,3.099999999991269,19.899999999999636,37.5,53.899999999999636,17.80000000000291,0.0,0.0
2025-09-12 03:00:00,701.0,168.0,13.599999999998545,18.0,55.69999999999709,12.0,239.0,6.599999999998545,3.1999999999970896,20.399999999999636,37.39999999999418,54.80000000000018,17.09999999999127,0.0,0.0
2025-09-12 04:00:00,699.0,165.0,13.400000000001455,18.0,54.80000000000291,11.0,244.0,6.700000000004366,3.2000000000116415,19.700000000000728,36.80000000000291,54.40000000000009,17.5,0.0,0.0
2025-09-12 05:00:00,693.0,165.0,13.80000000000291,16.0,54.39999999999418,12.0,240.0,6.599999999998545,3.099999999991269,19.899999999999636,36.59999999999127,54.29999999999973,20.0,0.0,0.0
2025-09-12 06:00:00,703.0,170.0,13.299999999995634,17.0,53.80000000000291,11.0,245.0,6.400000000001455,3.3000000000029104,19.100000000000364,36.20000000001164,53.70000000000027,19.60000000000582,0.0,0.0
2025-09-12 07:00:00,714.0,175.0,14.200000000004366,22.0,49.39999999999418,12.0,248.0,6.799999999995634,1.3000000000029104,20.099999999999454,37.0,50.79999999999973,24.89999999999418,2.0,4.0
2025-09-12 08:00:00,816.0,199.0,17.19999999999709,23.0,48.5,12.0,277.0,6.700000000004366,0.8000000000029104,25.5,48.29999999998836,50.40000000000009,38.40000000000873,4.0,6.0
2025-09-12 09:00:00,982.0,254.0,23.69999999999709,32.0,56.5,12.0,334.0,7.0,0.19999999999708962,29.800000000000182,52.30000000000291,48.30000000000018,51.80000000000291,7.0,12.0
2025-09-12 10:00:00,1133.0,287.0,26.200000000004366,49.0,78.60000000000582,13.0,378.0,6.799999999995634,1.0999999999912689,29.899999999999636,54.19999999999709,47.90000000000009,71.89999999999418,8.0,12.0
2025-09-12 11:00:00,1201.0,306.0,26.0,49.0,82.39999999999418,12.0,417.0,7.400000000001455,0.0,33.70000000000073,54.30000000000291,45.899999999999636,69.0,14.0,22.0
2025-09-12 12:00:00,1213.0,306.0,31.400000000001455,48.0,96.60000000000582,12.0,416.0,7.599999999998545,0.6000000000058208,37.0,50.69999999999709,47.20000000000027,71.60000000000582,10.0,14.0
2025-09-12 13:00:00,1242.0,310.0,31.19999999999709,42.0,104.0,14.0,418.0,7.599999999998545,4.30000000000291,51.79999999999927,49.60000000000582,49.90000000000009,77.5,4.0,8.0
2025-09-12 14:00:00,1237.0,333.0,35.69999999999709,42.0,107.0,17.0,402.0,6.900000000001455,8.39999999999418,43.5,52.0,52.79999999999973,55.39999999999418,2.0,3.0
2025-09-12 15:00:00,1180.0,345.0,28.200000000004366,41.0,97.19999999999709,12.0,393.0,6.80000000000291,4.80000000000291,40.5,46.39999999999418,51.29999999999973,34.39999999999418,5.0,6.0
2025-09-12 16:00:00,1152.0,333.0,29.19999999999709,38.0,97.30000000000291,13.0,375.0,7.0,6.0,38.0,44.90000000000873,54.100000000000364,32.80000000000291,2.0,4.0
2025-09-12 17:00:00,1034.0,297.0,25.0,32.0,78.39999999999418,13.0,344.0,6.599999999998545,2.8000000000029104,31.800000000000182,45.80000000000291,55.30000000000018,25.10000000000582,0.0,1.0
2025-09-12 18:00:00,917.0,267.0,18.200000000004366,27.0,64.70000000001164,12.0,312.0,6.69999999999709,3.0,26.800000000000182,39.29999999998836,53.69999999999982,18.09999999999127,0.0,0.0
2025-09-12 19:00:00,817.0,220.0,16.0,24.0,56.59999999999127,12.0,281.0,6.600000000005821,3.3000000000029104,26.100000000000364,37.30000000000291,54.399999999999636,22.5,0.0,0.0
2025-09-12 20:00:00,790.0,208.0,15.0,22.0,52.60000000000582,13.0,274.0,6.599999999998545,3.1999999999970896,24.199999999999818,37.80000000000291,54.70000000000073,23.5,0.0,0.0
2025-09-12 21:00:00,782.0,206.0,16.599999999998545,23.0,51.19999999999709,12.0,268.0,6.799999999995634,3.3000000000029104,23.699999999999818,38.5,55.399999999999636,22.0,0.0,0.0
2025-09-12 22:00:00,760.0,198.0,15.299999999995634,22.0,50.89999999999418,12.0,268.0,7.0,3.099999999991269,20.5,37.80000000000291,52.69999999999982,19.0,0.0,0.0
2025-09-12 23:00:00,746.0,192.0,15.200000000004366,20.0,48.80000000000291,13.0,261.0,8.60000000000582,2.8000000000029104,21.100000000000364,37.89999999999418,54.600000000000364,18.40000000000873,0.0,0.0
2025-09-13 00:00:00,738.0,192.0,14.799999999995634,19.0,52.69999999999709,12.0,255.0,8.5,2.8000000000029104,21.099999999999454,37.10000000000582,54.69999999999982,16.39999999999418,0.0,0.0
2025-09-13 01:00:00,725.0,188.0,15.5,18.0,49.80000000000291,12.0,249.0,8.0,2.6999999999970896,20.800000000000182,35.89999999999418,54.600000000000364,18.0,0.0,0.0
2025-09-13 02:00:00,709.0,183.0,15.0,18.0,48.10000000000582,12.0,240.0,7.899999999994179,2.6999999999970896,22.699999999999818,36.60000000000582,52.5,18.19999999999709,0.0,0.0
2025-09-13 03:00:00,693.0,173.0,14.10000000000582,19.0,47.5,12.0,238.0,8.0,2.6999999999970896,21.5,34.0,54.399999999999636,17.90000000000873,0.0,0.0
2025-09-13 04:00:00,684.0,169.0,13.69999999999709,18.0,47.09999999999127,12.0,237.0,7.5,2.6000000000058208,20.900000000000546,32.89999999999418,54.899999999999636,18.5,0.0,0.0
2025-09-13 05:00:00,684.0,169.0,14.599999999998545,18.0,46.70000000001164,13.0,238.0,7.5,2.6999999999970896,19.5,32.69999999999709,54.70000000000073,18.0,0.0,0.0
2025-09-13 06:00:00,678.0,169.0,14.400000000001455,18.0,45.0,11.0,238.0,7.700000000004366,1.8000000000029104,19.0,32.70000000001164,53.899999999999636,15.19999999999709,0.0,0.0
2025-09-13 07:00:00,673.0,169.0,13.900000000001455,18.0,42.29999999998836,12.0,240.0,7.799999999995634,0.10000000000582077,18.199999999999818,32.59999999999127,51.600000000000364,18.19999999999709,2.0,3.0
2025-09-13 08:00:00,706.0,174.0,14.299999999995634,20.0,37.70000000001164,36.0,244.0,8.200000000004366,0.0,17.300000000000182,33.60000000000582,49.399999999999636,20.80000000000291,4.0,7.0
2025-09-13 09:00:00,744.0,176.0,17.400000000001455,19.0,37.29999999998836,49.0,261.0,8.599999999998545,0.0,17.5,32.69999999999709,48.69999999999982,24.39999999999418,4.0,6.0
2025-09-13 10:00:00,770.0,181.0,17.30000000000291,22.0,44.90000000000873,50.0,263.0,8.099999999998545,0.0,17.399999999999636,35.19999999999709,51.19999999999982,25.70000000001164,3.0,5.0
2025-09-13 11:00:00,776.0,182.0,17.599999999998545,23.0,45.69999999999709,49.0,264.0,8.30000000000291,0.19999999999708962,17.300000000000182,35.60000000000582,52.30000000000018,25.79999999998836,2.0,3.0
2025-09-13 12:00:00,782.0,195.0,19.900000000001455,28.0,34.39999999999418,51.0,268.0,8.299999999995634,0.0,19.800000000000182,36.59999999999127,46.19999999999982,24.40000000000873,8.0,12.0
2025-09-13 13:00:00,812.0,209.0,17.69999999999709,28.0,37.70000000001164,51.0,272.0,8.80000000000291,0.0,20.5,41.90000000000873,46.600000000000364,26.89999999999418,7.0,11.0
2025-09-13 14:00:00,846.0,206.0,19.5,30.0,50.59999999999127,48.0,288.0,7.900000000001455,1.0,20.0,39.19999999999709,52.399999999999636,25.80000000000291,1.0,2.0
2025-09-13 15:00:00,840.0,193.0,17.80000000000291,29.0,51.69999999999709,50.0,296.0,8.099999999998545,2.0,19.799999999999272,36.30000000000291,52.70000000000073,25.10000000000582,1.0,1.0
2025-09-13 16:00:00,797.0,189.0,17.400000000001455,26.0,52.40000000000873,20.0,292.0,8.099999999998545,2.6999999999970896,19.300000000000182,36.59999999999127,55.099999999999454,25.0,0.0,1.0
2025-09-13 17:00:00,786.0,189.0,22.5,24.0,54.09999999999127,13.0,284.0,7.5,2.8999999999941792,21.800000000000182,36.90000000000873,54.900000000000546,19.79999999998836,0.0,0.0
2025-09-13 18:00:00,771.0,193.0,20.69999999999709,23.0,53.0,12.0,271.0,7.900000000001455,3.0,22.399999999999636,36.69999999999709,55.399999999999636,18.5,0.0,0.0
2025-09-13 19:00:00,751.0,186.0,17.400000000001455,22.0,52.0,13.0,266.0,7.69999999999709,2.900000000008731,21.400000000000546,36.30000000000291,53.69999999999982,20.70000000001164,0.0,0.0
2025-09-13 20:00:00,732.0,180.0,16.400000000001455,21.0,50.5,12.0,255.0,7.600000000005821,2.8999999999941792,22.199999999999818,33.80000000000291,54.19999999999982,22.09999999999127,0.0,0.0
2025-09-13 21:00:00,739.0,182.0,22.599999999998545,22.0,50.20000000001164,12.0,255.0,8.19999999999709,2.6000000000058208,22.5,33.79999999998836,55.100000000000364,20.19999999999709,0.0,0.0
2025-09-13 22:00:00,727.0,178.0,19.69999999999709,20.0,47.29999999998836,13.0,255.0,7.80000000000291,2.8999999999941792,23.300000000000182,33.90000000000873,54.100000000000364,18.90000000000873,0.0,0.0
2025-09-13 23:00:00,715.0,175.0,17.599999999998545,20.0,46.5,12.0,251.0,7.599999999998545,2.8000000000029104,24.099999999999454,34.09999999999127,55.0,18.0,0.0,0.0
2025-09-14 00:00:00,702.0,175.0,15.700000000004366,18.0,46.60000000000582,11.0,248.0,7.599999999998545,3.1000000000058208,20.300000000000182,33.70000000001164,54.79999999999927,15.89999999999418,0.0,0.0
2025-09-14 01:00:00,703.0,169.0,16.400000000001455,19.0,48.80000000000291,13.0,246.0,7.599999999998545,2.7999999999883585,20.900000000000546,35.39999999999418,53.30000000000018,18.19999999999709,0.0,0.0
2025-09-14 02:00:00,696.0,170.0,16.099999999998545,20.0,48.30000000000291,12.0,240.0,8.0,2.900000000008731,19.899999999999636,36.0,53.80000000000018,18.10000000000582,0.0,0.0
2025-09-14 03:00:00,685.0,165.0,14.099999999998545,19.0,47.39999999999418,12.0,238.0,7.599999999998545,2.6999999999970896,19.300000000000182,36.0,54.19999999999982,18.5,0.0,0.0
2025-09-14 04:00:00,682.0,165.0,14.80000000000291,19.0,47.39999999999418,11.0,238.0,7.900000000001455,2.6999999999970896,18.699999999999818,33.5,54.30000000000018,18.60000000000582,0.0,0.0
2025-09-14 05:00:00,686.0,166.0,14.099999999998545,20.0,48.30000000000291,12.0,240.0,7.5,2.6999999999970896,18.800000000000182,33.30000000000291,54.30000000000018,17.79999999998836,0.0,0.0
2025-09-14 06:00:00,675.0,163.0,13.799999999995634,19.0,45.60000000000582,12.0,241.0,7.200000000004366,2.7000000000116415,17.800000000000182,32.30000000000291,53.599999999999454,15.60000000000582,0.0,0.0
2025-09-14 07:00:00,653.0,156.0,13.900000000001455,18.0,44.19999999999709,12.0,233.0,7.0,1.7999999999883585,16.699999999999818,31.5,53.100000000000364,17.10000000000582,1.0,0.0
2025-09-14 08:00:00,662.0,160.0,14.5,20.0,41.5,13.0,234.0,7.399999999994179,0.6000000000058208,17.800000000000182,32.79999999998836,52.19999999999982,17.59999999999127,1.0,2.0
2025-09-14 09:00:00,667.0,163.0,13.900000000001455,20.0,41.19999999999709,11.0,241.0,7.30000000000291,0.19999999999708962,18.699999999999818,31.90000000000873,51.5,17.69999999999709,1.0,2.0
2025-09-14 10:00:00,676.0,171.0,14.0,20.0,42.0,13.0,241.0,7.099999999998545,0.6000000000058208,18.099999999999454,32.69999999999709,49.5,18.5,3.0,4.0
2025-09-14 11:00:00,678.0,172.0,18.19999999999709,22.0,33.0,11.0,251.0,7.599999999998545,0.09999999999126885,20.800000000000182,33.10000000000582,46.900000000000546,17.80000000000291,6.0,11.0
2025-09-14 12:00:00,688.0,180.0,24.0,23.0,25.69999999999709,12.0,259.0,8.60000000000582,0.0,22.199999999999818,37.29999999998836,42.399999999999636,15.900000000008731,11.0,16.0
2025-09-14 13:00:00,716.0,183.0,23.60000000000582,26.0,26.70000000001164,11.0,274.0,9.39999999999418,0.0,24.800000000000182,35.80000000000291,41.600000000000364,18.0,12.0,18.0
2025-09-14 14:00:00,759.0,195.0,20.5,27.0,33.69999999999709,12.0,290.0,9.900000000001455,0.0,30.300000000000182,35.60000000000582,43.5,18.19999999999709,10.0,16.0
2025-09-14 15:00:00,803.0,203.0,18.299999999995634,23.0,58.09999999999127,13.0,296.0,9.30000000000291,0.0,24.300000000000182,37.0,49.399999999999636,18.19999999999709,5.0,7.0
2025-09-14 16:00:00,804.0,205.0,21.200000000004366,21.0,62.5,12.0,288.0,8.69999999999709,0.20000000001164153,23.599999999999454,36.89999999999418,51.899999999999636,19.89999999999418,3.0,5.0
2025-09-14 17:00:00,799.0,199.0,20.5,22.0,58.90000000000873,12.0,290.0,8.900000000001455,1.2999999999883585,23.100000000000364,37.80000000000291,52.900000000000546,19.20000000001164,2.0,3.0
2025-09-14 18:00:00,776.0,193.0,16.5,20.0,64.5,12.0,280.0,8.0,3.0,21.699999999999818,34.60000000000582,54.30000000000018,15.299999999988358,0.0,0.0
2025-09-14 19:00:00,764.0,186.0,16.0,21.0,65.30000000000291,12.0,275.0,8.099999999998545,2.900000000008731,18.800000000000182,34.5,54.5,18.5,0.0,0.0
2025-09-14 20:00:00,744.0,177.0,19.599999999998545,19.0,60.59999999999127,13.0,269.0,7.30000000000291,2.8999999999941792,18.399999999999636,33.69999999999709,53.79999999999927,19.5,0.0,0.0
2025-09-14 21:00:00,733.0,178.0,18.0,19.0,59.19999999999709,12.0,257.0,7.19999999999709,2.8000000000029104,19.600000000000364,33.59999999999127,53.80000000000018,19.30000000000291,0.0,0.0
2025-09-14 22:00:00,735.0,182.0,18.599999999998545,19.0,57.10000000000582,12.0,258.0,7.400000000001455,2.8000000000029104,21.5,34.10000000000582,54.0,18.69999999999709,0.0,0.0
2025-09-14 23:00:00,721.0,175.0,17.900000000001455,18.0,55.5,12.0,254.0,7.19999999999709,2.6999999999970896,22.0,33.80000000000291,53.19999999999982,18.30000000000291,0.0,0.0
2025-09-15 00:00:00,707.0,167.0,17.0,19.0,56.30000000000291,11.0,251.0,7.200000000004366,3.3000000000029104,21.600000000000364,32.19999999999709,54.0,16.10000000000582,0.0,0.0
2025-09-15 01:00:00,700.0,168.0,14.299999999995634,20.0,57.59999999999127,12.0,242.0,7.0,3.099999999991269,21.299999999999272,32.89999999999418,54.100000000000364,18.89999999999418,0.0,0.0
2025-09-15 02:00:00,696.0,171.0,13.60000000000582,19.0,55.5,11.0,239.0,6.900000000001455,2.8000000000029104,21.300000000000182,33.30000000000291,53.69999999999982,18.0,0.0,0.0
2025-09-15 03:00:00,689.0,171.0,14.19999999999709,18.0,54.90000000000873,11.0,234.0,6.899999999994179,2.6000000000058208,21.5,32.60000000000582,53.69999999999982,18.19999999999709,0.0,0.0
2025-09-15 04:00:00,680.0,162.0,14.0,19.0,52.59999999999127,13.0,234.0,7.100000000005821,2.8000000000029104,21.300000000000182,32.30000000000291,54.400000000000546,19.10000000000582,0.0,0.0
2025-09-15 05:00:00,673.0,161.0,14.5,19.0,52.30000000000291,11.0,230.0,6.799999999995634,2.6999999999970896,21.199999999999818,32.69999999999709,53.5,18.0,0.0,0.0
2025-09-15 06:00:00,665.0,157.0,14.400000000001455,19.0,51.60000000000582,11.0,231.0,6.900000000001455,1.8999999999941792,20.5,31.80000000000291,53.30000000000018,17.39999999999418,0.0,1.0
2025-09-15 07:00:00,666.0,163.0,13.900000000001455,18.0,48.80000000000291,11.0,233.0,7.19999999999709,0.9000000000087311,19.400000000000546,32.5,51.0,17.40000000000873,2.0,2.0
2025-09-15 08:00:00,678.0,165.0,14.19999999999709,20.0,42.09999999999127,16.0,241.0,7.600000000005821,0.0,18.199999999999818,36.39999999999418,50.0,19.5,3.0,6.0
2025-09-15 09:00:00,705.0,174.0,14.80000000000291,22.0,40.40000000000873,20.0,257.0,7.5,0.0,18.5,35.0,49.099999999999454,19.30000000000291,5.0,8.0
2025-09-15 10:00:00,724.0,179.0,18.39999999999418,21.0,33.89999999999418,23.0,269.0,8.69999999999709,0.0,20.5,37.39999999999418,45.19999999999982,19.39999999999418,9.0,13.0
2025-09-15 11:00:00,750.0,189.0,18.10000000000582,27.0,29.19999999999709,24.0,279.0,8.80000000000291,0.0,25.899999999999636,39.30000000000291,46.20000000000073,19.69999999999709,12.0,19.0
2025-09-15 12:00:00,784.0,192.0,25.099999999998545,25.0,35.80000000000291,22.0,292.0,9.299999999995634,0.0,32.80000000000018,41.80000000000291,46.5,17.5,10.0,15.0
2025-09-15 13:00:00,807.0,201.0,28.799999999995634,25.0,36.5,23.0,299.0,10.400000000001455,0.0,30.800000000000182,43.60000000000582,47.5,19.80000000000291,12.0,19.0
2025-09-15 14:00:00,858.0,213.0,32.200000000004366,26.0,59.60000000000582,24.0,301.0,10.099999999998545,0.0,29.599999999999454,40.89999999999418,48.79999999999927,20.39999999999418,4.0,6.0
2025-09-15 15:00:00,860.0,198.0,27.400000000001455,25.0,65.69999999999709,24.0,314.0,8.900000000001455,1.0999999999912689,28.900000000000546,36.60000000000582,53.20000000000073,19.700000000000003,1.0,2.0
2025-09-15 16:00:00,872.0,206.0,25.5,24.0,64.59999999999127,23.0,322.0,9.0,1.1000000000058208,29.899999999999636,38.39999999999418,52.599999999999454,20.0,3.0,3.0
2025-09-15 17:00:00,859.0,205.0,27.39999999999418,24.0,57.90000000000873,25.0,317.0,9.099999999998545,1.5,23.0,38.5,52.100000000000364,19.4,2.0,4.0
2025-09-15 18:00:00,845.0,200.0,26.200000000004366,24.0,64.39999999999418,27.0,307.0,7.599999999998545,3.0,22.100000000000364,34.39999999999418,52.69999999999982,18.700000000000003,0.0,0.0
2025-09-15 19:00:00,805.0,191.0,20.5,24.0,61.30000000000291,18.0,292.0,7.200000000004366,2.8000000000029104,25.099999999999454,33.70000000001164,55.19999999999982,19.700000000000003,0.0,0.0
2025-09-15 20:00:00,782.0,190.0,15.400000000001455,23.0,60.39999999999418,13.0,283.0,7.5,2.7999999999883585,24.0,33.69999999999709,54.80000000000018,20.39999999999999,0.0,0.0
2025-09-15 21:00:00,762.0,185.0,20.39999999999418,21.0,58.60000000000582,13.0,270.0,7.0,2.8000000000029104,23.0,33.5,54.100000000000364,21.200000000000003,0.0,0.0
2025-09-15 22:00:00,757.0,191.0,20.30000000000291,22.0,55.89999999999418,12.0,262.0,7.0,2.8000000000029104,21.5,35.0,53.29999999999927,19.400000000000006,0.0,0.0
2025-09-15 23:00:00,739.0,182.0,17.80000000000291,20.0,54.10000000000582,14.0,260.0,7.299999999995634,2.8000000000029104,19.700000000000728,36.30000000000291,52.80000000000109,18.900000000000006,0.0,0.0
2025-09-16 00:00:00,723.0,177.0,14.299999999995634,21.0,50.30000000000291,12.0,257.0,7.600000000005821,2.8000000000029104,25.099999999999454,33.69999999999709,54.0,17.0,0.0,0.0
2025-09-16 01:00:00,706.0,168.0,15.099999999998545,19.0,50.09999999999127,12.0,250.0,6.899999999994179,2.8999999999941792,26.400000000000546,32.19999999999709,54.099999999998545,18.5,0.0,0.0
2025-09-16 02:00:00,688.0,164.0,14.30000000000291,20.0,49.20000000001164,12.0,239.0,6.80000000000291,2.8000000000029104,25.0,32.5,53.100000000000364,18.0,0.0,0.0
2025-09-16 03:00:00,686.0,158.0,13.400000000001455,20.0,48.19999999999709,11.0,245.0,7.0,2.6999999999970896,25.0,31.89999999999418,53.70000000000073,18.299999999999983,0.0,0.0
2025-09-16 04:00:00,677.0,161.0,13.5,20.0,47.80000000000291,12.0,235.0,6.599999999998545,2.6000000000058208,23.5,32.40000000000873,53.399999999999636,19.50000000000003,0.0,0.0
2025-09-16 05:00:00,684.0,164.0,13.19999999999709,19.0,46.89999999999418,12.0,237.0,6.700000000004366,2.6999999999970896,23.399999999999636,32.5,54.100000000000364,21.399999999999977,0.0,0.0
2025-09-16 06:00:00,688.0,170.0,13.599999999998545,19.0,44.39999999999418,13.0,241.0,6.599999999998545,2.3999999999941792,23.600000000000364,31.80000000000291,53.29999999999927,18.899999999999977,0.0,1.0
2025-09-16 07:00:00,712.0,180.0,17.30000000000291,19.0,42.20000000001164,12.0,252.0,7.5,0.6999999999970896,21.899999999999636,32.39999999999418,49.399999999999636,24.100000000000023,2.0,3.0
2025-09-16 08:00:00,836.0,215.0,19.80000000000291,25.0,45.79999999998836,12.0,289.0,7.5,0.8000000000029104,29.399999999999636,39.19999999999709,49.900000000001455,39.10000000000002,5.0,8.0
2025-09-16 09:00:00,1046.0,283.0,26.799999999995634,32.0,55.80000000000291,12.0,346.0,9.299999999995634,0.0,36.600000000000364,46.10000000000582,47.29999999999927,61.69999999999999,10.0,15.0
2025-09-16 10:00:00,1226.0,335.0,28.099999999998545,50.0,80.5,11.0,425.0,9.80000000000291,0.10000000000582077,34.399999999999636,45.09999999999127,49.29999999999927,74.80000000000001,13.0,19.0
2025-09-16 11:00:00,1317.0,370.0,29.80000000000291,46.0,88.80000000000291,13.0,455.0,10.30000000000291,0.09999999999126885,41.5,45.70000000001164,47.20000000000073,68.69999999999993,14.0,22.0
2025-09-16 12:00:00,1370.0,379.0,39.099999999998545,46.0,91.60000000000582,12.0,470.0,11.099999999998545,0.0,49.70000000000073,49.09999999999127,44.29999999999927,69.80000000000007,16.0,24.0
2025-09-16 13:00:00,1491.0,412.0,44.200000000004366,46.0,118.0,15.0,481.0,13.099999999998545,0.0,57.399999999999636,56.60000000000582,48.30000000000109,79.60000000000002,15.0,23.0
2025-09-16 14:00:00,1477.0,416.0,43.599999999998545,56.0,129.89999999999418,24.0,476.0,14.5,0.0,56.5,52.39999999999418,50.29999999999927,54.799999999999955,14.0,21.0
2025-09-16 15:00:00,1455.0,415.0,43.400000000001455,51.0,143.1999999999971,20.0,476.0,14.0,0.3000000000029104,56.5,51.69999999999709,52.100000000000364,28.600000000000023,11.0,17.0
2025-09-16 16:00:00,1403.0,395.0,41.19999999999709,44.0,129.1999999999971,23.0,465.0,13.5,3.0,52.80000000000018,47.90000000000873,56.0,25.399999999999977,7.0,11.0
2025-09-16 17:00:00,1253.0,349.0,33.599999999998545,38.0,106.90000000000873,20.0,432.0,11.5,2.8000000000029104,45.099999999999454,39.89999999999418,58.20000000000073,23.799999999999955,2.0,3.0
2025-09-16 18:00:00,1091.0,309.0,26.80000000000291,31.0,84.5,15.0,390.0,9.599999999998545,3.0,34.80000000000018,35.80000000000291,56.399999999999636,19.300000000000068,0.0,0.0
2025-09-16 19:00:00,986.0,276.0,24.0,26.0,79.80000000000291,13.0,343.0,8.900000000001455,2.8999999999941792,30.199999999999818,36.5,55.79999999999927,24.199999999999932,0.0,0.0
2025-09-16 20:00:00,879.0,238.0,21.900000000001455,26.0,75.5,13.0,293.0,7.900000000001455,3.0,24.300000000000182,37.19999999999709,55.399999999999636,23.100000000000023,0.0,0.0
2025-09-16 21:00:00,831.0,223.0,19.099999999998545,26.0,69.29999999998836,12.0,281.0,7.799999999995634,2.8000000000029104,22.400000000000546,32.90000000000873,55.400000000001455,21.800000000000068,0.0,0.0
2025-09-16 22:00:00,808.0,230.0,18.5,24.0,66.20000000001164,12.0,265.0,7.400000000001455,2.900000000008731,21.899999999999636,31.79999999998836,55.099999999998545,18.799999999999955,0.0,0.0
2025-09-16 23:00:00,770.0,212.0,15.5,23.0,62.0,12.0,253.0,7.599999999998545,2.7999999999883585,21.600000000000364,32.40000000000873,54.70000000000073,18.200000000000045,0.0,0.0
2025-09-17 00:00:00,740.0,190.0,15.5,23.0,60.69999999999709,12.0,247.0,7.100000000005821,2.900000000008731,21.5,32.59999999999127,54.70000000000073,18.09999999999991,0.0,0.0
2025-09-17 01:00:00,728.0,179.0,13.69999999999709,22.0,61.30000000000291,13.0,252.0,7.19999999999709,3.099999999991269,21.799999999999272,31.40000000000873,54.29999999999927,17.700000000000045,0.0,0.0
2025-09-17 02:00:00,711.0,172.0,14.0,22.0,60.59999999999127,11.0,245.0,6.900000000001455,3.3000000000029104,20.800000000000182,31.30000000000291,54.29999999999927,17.40000000000009,0.0,0.0
2025-09-17 03:00:00,709.0,172.0,14.400000000001455,21.0,59.30000000000291,11.0,245.0,7.099999999998545,2.900000000008731,20.900000000000546,32.0,54.70000000000073,17.299999999999955,0.0,0.0
2025-09-17 04:00:00,715.0,172.0,14.69999999999709,22.0,58.0,11.0,249.0,6.900000000001455,2.6999999999970896,20.699999999999818,33.69999999999709,55.20000000000073,17.399999999999864,0.0,0.0
2025-09-17 05:00:00,707.0,169.0,15.80000000000291,20.0,58.60000000000582,11.0,242.0,6.799999999995634,2.8000000000029104,20.0,34.19999999999709,54.899999999999636,20.40000000000009,0.0,0.0
2025-09-17 06:00:00,714.0,176.0,16.099999999998545,20.0,57.19999999999709,12.0,243.0,6.900000000001455,2.599999999991269,19.199999999999818,32.0,54.29999999999927,19.200000000000045,0.0,0.0
2025-09-17 07:00:00,746.0,190.0,16.30000000000291,23.0,55.09999999999127,11.0,254.0,7.0,1.0,21.0,31.30000000000291,51.600000000000364,26.700000000000045,2.0,3.0
2025-09-17 08:00:00,874.0,231.0,19.69999999999709,31.0,55.0,14.0,286.0,8.0,0.19999999999708962,26.199999999999818,38.89999999999418,50.0,38.69999999999982,5.0,9.0
2025-09-17 09:00:00,1106.0,309.0,24.0,35.0,65.60000000000582,29.0,355.0,8.400000000001455,0.8000000000029104,31.100000000000364,42.19999999999709,48.5,59.40000000000009,9.0,13.0
2025-09-17 10:00:00,1301.0,353.0,33.80000000000291,46.0,84.89999999999418,42.0,432.0,10.099999999998545,0.5,39.5,46.90000000000873,46.100000000000364,68.09999999999991,11.0,17.0
2025-09-17 11:00:00,1368.0,367.0,34.400000000001455,50.0,103.20000000001164,42.0,461.0,11.30000000000291,0.6999999999970896,43.69999999999982,49.69999999999709,44.79999999999927,68.10000000000014,13.0,20.0
2025-09-17 12:00:00,1405.0,373.0,35.099999999998545,53.0,117.79999999998836,35.0,470.0,12.400000000001455,2.2000000000116415,45.20000000000073,49.0,49.5,66.09999999999991,10.0,15.0
2025-09-17 13:00:00,1477.0,390.0,45.799999999995634,51.0,113.20000000001164,64.0,474.0,13.799999999995634,1.5,51.599999999998545,47.0,54.0,76.79999999999995,13.0,19.0
2025-09-17 14:00:00,1503.0,403.0,50.0,57.0,109.5,58.0,482.0,14.700000000004366,1.0999999999912689,55.20000000000073,51.10000000000582,52.70000000000073,58.0,13.0,20.0
2025-09-17 15:00:00,1454.0,407.0,43.700000000004366,51.0,127.89999999999418,39.0,471.0,13.69999999999709,3.900000000008731,44.70000000000073,52.89999999999418,53.79999999999927,32.200000000000045,7.0,10.0
2025-09-17 16:00:00,1315.0,354.0,36.5,43.0,126.19999999999709,35.0,433.0,10.19999999999709,8.69999999999709,39.79999999999927,43.30000000000291,57.600000000000364,30.90000000000009,0.0,1.0
2025-09-17 17:00:00,1177.0,326.0,30.099999999998545,32.0,104.30000000000291,31.0,398.0,9.10000000000582,4.099999999991269,36.0,37.59999999999127,56.70000000000073,24.399999999999864,0.0,0.0
2025-09-17 18:00:00,1014.0,270.0,26.599999999998545,29.0,90.30000000000291,13.0,354.0,9.099999999998545,2.900000000008731,31.299999999999272,36.30000000000291,55.29999999999927,21.600000000000136,0.0,0.0
2025-09-17 19:00:00,921.0,247.0,23.200000000004366,25.0,83.80000000000291,13.0,315.0,8.299999999995634,2.8999999999941792,25.700000000000728,35.60000000000582,54.5,21.09999999999991,0.0,0.0
2025-09-17 20:00:00,859.0,220.0,19.39999999999418,24.0,77.59999999999127,14.0,296.0,7.5,2.900000000008731,23.899999999999636,34.80000000000291,54.79999999999927,23.0,0.0,0.0
2025-09-17 21:00:00,824.0,213.0,19.30000000000291,22.0,70.19999999999709,12.0,288.0,7.5,2.7999999999883585,21.899999999999636,33.89999999999418,54.70000000000073,20.700000000000045,0.0,0.0
2025-09-17 22:00:00,817.0,209.0,18.19999999999709,22.0,68.5,13.0,293.0,7.30000000000291,2.8000000000029104,21.80000000000109,34.10000000000582,53.70000000000073,18.5,0.0,0.0
2025-09-17 23:00:00,788.0,203.0,18.30000000000291,24.0,66.90000000000873,12.0,271.0,7.19999999999709,2.900000000008731,22.5,32.09999999999127,54.29999999999927,18.700000000000045,0.0,0.0
2025-09-18 00:00:00,764.0,200.0,17.30000000000291,21.0,65.30000000000291,13.0,260.0,7.100000000005821,2.8999999999941792,22.100000000000364,32.69999999999709,53.399999999999636,17.200000000000045,0.0,0.0
2025-09-18 01:00:00,748.0,193.0,16.89999999999418,22.0,63.0,12.0,254.0,7.0,2.8999999999941792,21.899999999999636,31.5,53.600000000000364,17.899999999999864,0.0,0.0
2025-09-18 02:00:00,731.0,188.0,15.60000000000582,25.0,57.29999999998836,12.0,245.0,7.0,2.900000000008731,21.299999999999272,32.0,53.600000000000364,18.5,0.0,0.0
2025-09-18 03:00:00,736.0,192.0,14.599999999998545,26.0,58.20000000001164,13.0,240.0,7.0,2.8999999999941792,21.80000000000109,34.40000000000873,54.399999999999636,18.100000000000136,0.0,0.0
2025-09-18 04:00:00,732.0,189.0,14.299999999995634,24.0,57.5,12.0,244.0,7.299999999995634,3.0,20.899999999999636,34.69999999999709,55.0,18.5,0.0,0.0
2025-09-18 05:00:00,716.0,182.0,14.10000000000582,24.0,57.5,12.0,236.0,6.900000000001455,3.3000000000029104,20.799999999999272,32.60000000000582,54.0,20.299999999999955,0.0,0.0
2025-09-18 06:00:00,717.0,187.0,14.0,22.0,55.59999999999127,12.0,238.0,6.5,2.6999999999970896,22.200000000000728,31.0,52.70000000000073,20.799999999999955,0.0,0.0
2025-09-18 07:00:00,729.0,184.0,14.599999999998545,22.0,54.60000000000582,12.0,251.0,6.30000000000291,2.8000000000029104,20.5,30.89999999999418,52.599999999998545,25.0,0.0,0.0
2025-09-18 08:00:00,819.0,207.0,15.299999999995634,26.0,56.09999999999127,12.0,277.0,6.299999999995634,6.19999999999709,24.799999999999272,35.69999999999709,52.70000000000073,39.299999999999955,0.0,0.0
2025-09-18 09:00:00,969.0,266.0,20.700000000004366,28.0,59.0,12.0,319.0,7.099999999998545,6.30000000000291,32.5,35.19999999999709,54.20000000000073,51.799999999999955,2.0,3.0
2025-09-18 10:00:00,1118.0,310.0,24.0,42.0,76.5,13.0,366.0,7.700000000004366,5.80000000000291,33.600000000000364,40.60000000000582,53.19999999999891,64.40000000000009,2.0,4.0
2025-09-18 11:00:00,1185.0,313.0,25.900000000001455,52.0,76.5,12.0,415.0,8.19999999999709,2.599999999991269,36.20000000000073,40.89999999999418,49.70000000000073,68.5,5.0,8.0
2025-09-18 12:00:00,1217.0,314.0,29.799999999995634,55.0,88.5,13.0,418.0,10.0,3.8000000000029104,45.399999999999636,40.10000000000582,52.19999999999891,65.80000000000018,5.0,7.0
2025-09-18 13:00:00,1258.0,324.0,32.400000000001455,52.0,90.40000000000873,26.0,425.0,10.599999999998545,3.1999999999970896,45.100000000000364,40.69999999999709,48.100000000000364,75.5,6.0,10.0
2025-09-18 14:00:00,1259.0,342.0,30.5,44.0,97.0,18.0,436.0,10.60000000000582,5.400000000008731,43.79999999999927,39.60000000000582,51.100000000000364,52.5,5.0,7.0
2025-09-18 15:00:00,1194.0,318.0,28.19999999999709,42.0,106.0,12.0,413.0,12.299999999995634,8.69999999999709,44.399999999999636,37.59999999999127,55.79999999999927,28.09999999999991,1.0,1.0
2025-09-18 16:00:00,1116.0,307.0,26.10000000000582,36.0,96.39999999999418,12.0,392.0,8.0,8.30000000000291,36.70000000000073,35.5,54.600000000000364,26.5,0.0,1.0
2025-09-18 17:00:00,987.0,277.0,25.099999999998545,29.0,76.60000000000582,11.0,339.0,6.5,3.3000000000029104,34.69999999999891,33.10000000000582,55.399999999999636,23.0,0.0,0.0
2025-09-18 18:00:00,856.0,228.0,22.900000000001455,26.0,64.59999999999127,13.0,285.0,6.400000000001455,2.5,30.0,33.60000000000582,54.100000000000364,21.299999999999727,0.0,0.0
2025-09-18 19:00:00,784.0,202.0,20.39999999999418,24.0,61.5,11.0,262.0,6.099999999998545,2.6999999999970896,30.0,32.69999999999709,52.600000000000364,21.300000000000182,0.0,0.0
2025-09-18 20:00:00,742.0,186.0,20.200000000004366,21.0,58.0,12.0,244.0,6.0,2.6999999999970896,28.0,33.19999999999709,54.20000000000073,21.90000000000009,0.0,0.0
2025-09-18 21:00:00,704.0,174.0,19.599999999998545,21.0,56.60000000000582,12.0,229.0,6.0,2.6000000000058208,24.100000000000364,32.69999999999709,52.19999999999891,21.699999999999818,0.0,0.0
2025-09-18 22:00:00,679.0,172.0,20.0,19.0,53.5,11.0,217.0,6.0,2.599999999991269,19.899999999999636,32.60000000000582,53.30000000000109,18.5,0.0,0.0
2025-09-18 23:00:00,667.0,168.0,16.900000000001455,19.0,52.5,11.0,215.0,5.80000000000291,2.6000000000058208,20.600000000000364,33.19999999999709,51.599999999998545,18.0,0.0,0.0
2025-09-19 00:00:00,652.0,166.0,17.400000000001455,20.0,52.10000000000582,11.0,204.0,5.900000000001455,2.599999999991269,21.0,32.80000000000291,51.900000000001455,17.40000000000009,0.0,0.0
2025-09-19 01:00:00,633.0,159.0,17.0,17.0,52.19999999999709,11.0,195.0,5.599999999998545,2.7000000000116415,20.200000000000728,32.89999999999418,51.69999999999891,17.699999999999818,0.0,0.0
2025-09-19 02:00:00,620.0,160.0,14.299999999995634,17.0,51.39999999999418,12.0,188.0,5.69999999999709,2.599999999991269,18.899999999999636,30.80000000000291,51.399999999999636,18.40000000000009,0.0,0.0
2025-09-19 03:00:00,595.0,148.0,14.099999999998545,17.0,50.69999999999709,10.0,180.0,5.5,2.6000000000058208,19.299999999999272,29.89999999999418,52.600000000000364,17.5,0.0,0.0
2025-09-19 04:00:00,598.0,143.0,14.10000000000582,16.0,48.40000000000873,10.0,189.0,5.5,2.599999999991269,19.100000000000364,30.30000000000291,52.600000000000364,17.800000000000182,0.0,0.0
2025-09-19 05:00:00,586.0,140.0,13.799999999995634,17.0,47.89999999999418,12.0,179.0,5.400000000001455,2.7000000000116415,19.200000000000728,29.60000000000582,51.70000000000073,19.59999999999991,0.0,0.0
2025-09-19 06:00:00,588.0,142.0,14.099999999998545,18.0,46.90000000000873,10.0,180.0,6.30000000000291,2.2999999999883585,19.299999999999272,30.0,51.399999999999636,20.300000000000182,0.0,0.0
2025-09-19 07:00:00,603.0,149.0,14.5,18.0,44.5,10.0,186.0,7.5,0.5,18.80000000000109,30.09999999999127,50.100000000000364,27.5,2.0,3.0
2025-09-19 08:00:00,690.0,175.0,17.0,22.0,41.19999999999709,12.0,220.0,7.69999999999709,0.10000000000582077,21.299999999999272,33.10000000000582,46.099999999998545,35.899999999999636,6.0,9.0
2025-09-19 09:00:00,870.0,232.0,21.200000000004366,28.0,41.69999999999709,26.0,287.0,8.400000000001455,0.0,25.399999999999636,38.69999999999709,47.400000000001455,50.70000000000027,9.0,15.0
2025-09-19 10:00:00,1022.0,260.0,25.400000000001455,38.0,60.39999999999418,37.0,326.0,10.299999999995634,0.0,33.20000000000073,42.60000000000582,46.399999999999636,67.40000000000009,13.0,20.0
2025-09-19 11:00:00,1050.0,274.0,27.19999999999709,42.0,75.60000000000582,17.0,333.0,10.700000000004366,0.0,33.69999999999891,38.69999999999709,43.69999999999891,62.29999999999973,15.0,22.0
2025-09-19 12:00:00,1071.0,277.0,29.5,44.0,76.10000000000582,11.0,357.0,11.799999999995634,0.0,38.5,36.19999999999709,41.30000000000109,65.80000000000018,16.0,25.0
2025-09-19 13:00:00,1105.0,298.0,35.80000000000291,39.0,80.5,11.0,356.0,12.80000000000291,0.0,39.80000000000109,28.0,41.399999999999636,73.40000000000009,16.0,23.0
2025-09-19 14:00:00,1189.0,301.0,34.299999999995634,41.0,113.79999999998836,12.0,378.0,13.400000000001455,11.10000000000582,46.600000000000364,25.60000000000582,56.399999999999636,56.0,1.0,2.0
2025-09-19 15:00:00,1142.0,303.0,31.0,38.0,112.90000000000873,15.0,368.0,12.599999999998545,9.39999999999418,44.69999999999891,24.5,57.70000000000073,28.59999999999991,0.0,0.0
2025-09-19 16:00:00,1044.0,280.0,28.099999999998545,35.0,105.19999999999709,15.0,347.0,11.69999999999709,8.10000000000582,40.899999999999636,16.80000000000291,57.29999999999927,24.59999999999991,0.0,0.0
2025-09-19 17:00:00,888.0,247.0,20.30000000000291,26.0,86.60000000000582,15.0,300.0,9.0,4.2999999999883585,33.400000000001455,12.599999999991269,55.20000000000073,20.09999999999991,0.0,0.0
2025-09-19 18:00:00,743.0,184.0,15.400000000001455,20.0,83.0,12.0,255.0,8.30000000000291,2.5,25.0,12.10000000000582,54.0,18.59999999999991,0.0,0.0
2025-09-19 19:00:00,660.0,161.0,13.0,17.0,76.29999999998836,11.0,220.0,7.900000000001455,2.2000000000116415,19.899999999999636,11.39999999999418,54.100000000000364,19.90000000000009,0.0,0.0
2025-09-19 20:00:00,628.0,152.0,11.69999999999709,17.0,70.90000000000873,10.0,212.0,6.900000000001455,2.1999999999970896,18.299999999999272,9.0,53.599999999998545,20.5,0.0,0.0
2025-09-19 21:00:00,615.0,147.0,12.200000000004366,15.0,66.39999999999418,11.0,210.0,7.0,2.1999999999970896,17.100000000000364,11.0,53.30000000000109,20.5,0.0,0.0
2025-09-19 22:00:00,588.0,141.0,11.19999999999709,16.0,55.60000000000582,11.0,205.0,7.19999999999709,2.1999999999970896,15.0,9.60000000000582,54.19999999999891,16.90000000000009,0.0,0.0
2025-09-19 23:00:00,553.0,138.0,11.0,16.0,50.39999999999418,11.0,183.0,7.099999999998545,2.1000000000058208,15.299999999999272,8.0,54.0,16.199999999999818,0.0,0.0
2025-09-20 00:00:00,543.0,138.0,9.099999999998545,16.0,46.30000000000291,11.0,181.0,7.099999999998545,2.1999999999970896,15.100000000000364,7.599999999991269,52.80000000000109,15.800000000000182,0.0,0.0
2025-09-20 01:00:00,531.0,131.0,10.0,16.0,45.0,11.0,174.0,6.80000000000291,2.1999999999970896,15.600000000000364,7.900000000008731,53.899999999999636,17.199999999999818,0.0,0.0
2025-09-20 02:00:00,520.0,130.0,9.400000000001455,17.0,44.0,11.0,167.0,6.80000000000291,2.1999999999970896,16.0,7.899999999994179,53.29999999999927,16.300000000000182,0.0,0.0
2025-09-20 03:00:00,511.0,128.0,9.80000000000291,15.0,43.0,11.0,161.0,6.799999999995634,2.6000000000058208,15.600000000000364,7.900000000008731,53.30000000000109,16.59999999999991,0.0,0.0
2025-09-20 04:00:00,513.0,125.0,8.89999999999418,16.0,42.30000000000291,10.0,170.0,6.599999999998545,2.1000000000058208,15.299999999999272,7.399999999994179,53.19999999999891,17.300000000000182,0.0,0.0
2025-09-20 05:00:00,512.0,126.0,11.10000000000582,15.0,42.59999999999127,11.0,168.0,6.600000000005821,2.099999999991269,14.0,7.5,52.900000000001455,16.299999999999727,0.0,0.0
2025-09-20 06:00:00,508.0,127.0,9.69999999999709,16.0,42.20000000001164,11.0,165.0,6.69999999999709,2.0,14.100000000000364,7.5,52.69999999999891,14.400000000000091,0.0,0.0
2025-09-20 07:00:00,515.0,128.0,9.599999999998545,17.0,42.69999999999709,11.0,167.0,6.900000000001455,2.0,15.700000000000728,7.30000000000291,53.0,16.800000000000182,0.0,0.0
2025-09-20 08:00:00,522.0,130.0,9.400000000001455,21.0,41.89999999999418,12.0,168.0,7.0,2.1000000000058208,14.5,7.099999999991269,53.100000000000364,17.5,0.0,0.0
2025-09-20 09:00:00,539.0,131.0,11.69999999999709,22.0,41.40000000000873,12.0,181.0,7.299999999995634,1.8999999999941792,13.0,7.30000000000291,53.5,17.199999999999818,0.0,0.0
2025-09-20 10:00:00,568.0,142.0,11.5,24.0,47.39999999999418,11.0,190.0,7.600000000005821,2.1000000000058208,13.199999999998909,8.0,54.0,18.300000000000182,0.0,0.0
2025-09-20 11:00:00,586.0,149.0,11.10000000000582,21.0,46.19999999999709,10.0,200.0,7.5,5.599999999991269,12.600000000000364,9.0,53.70000000000073,17.90000000000009,0.0,0.0
2025-09-20 12:00:00,566.0,139.0,10.5,25.0,43.30000000000291,11.0,193.0,7.099999999998545,5.900000000008731,15.700000000000728,6.80000000000291,53.19999999999891,16.799999999999727,0.0,0.0
2025-09-20 13:00:00,563.0,143.0,10.5,25.0,42.69999999999709,11.0,188.0,6.599999999998545,6.099999999991269,15.5,6.899999999994179,52.70000000000073,17.0,0.0,0.0
2025-09-20 14:00:00,579.0,136.0,11.0,22.0,38.90000000000873,11.0,216.0,6.69999999999709,5.7000000000116415,13.699999999998909,7.0,52.19999999999891,17.200000000000273,0.0,0.0
2025-09-20 15:00:00,613.0,156.0,12.0,23.0,37.0,11.0,223.0,7.600000000005821,5.899999999994179,15.300000000001091,7.7000000000116415,53.5,17.59999999999991,0.0,0.0
2025-09-20 16:00:00,610.0,157.0,11.099999999998545,23.0,38.19999999999709,11.0,219.0,7.299999999995634,6.30000000000291,13.699999999998909,7.69999999999709,53.400000000001455,18.199999999999818,0.0,0.0
2025-09-20 17:00:00,572.0,142.0,10.5,19.0,37.0,12.0,209.0,6.900000000001455,2.8999999999941792,12.800000000001091,7.399999999994179,52.899999999999636,19.09999999999991,0.0,0.0
2025-09-20 18:00:00,544.0,123.0,9.19999999999709,19.0,38.30000000000291,11.0,200.0,6.69999999999709,2.1999999999970896,13.799999999999272,7.5,52.79999999999927,17.800000000000182,0.0,0.0
2025-09-20 19:00:00,531.0,113.0,9.200000000004366,19.0,41.59999999999127,12.0,196.0,7.100000000005821,2.2000000000116415,17.5,7.80000000000291,52.20000000000073,17.800000000000182,0.0,0.0
2025-09-20 20:00:00,513.0,106.0,8.299999999995634,17.0,39.10000000000582,11.0,193.0,6.69999999999709,2.1999999999970896,16.399999999999636,7.399999999994179,50.600000000000364,19.59999999999991,0.0,0.0
2025-09-20 21:00:00,505.0,105.0,9.5,14.0,37.59999999999127,11.0,190.0,6.69999999999709,2.099999999991269,16.899999999999636,7.7000000000116415,50.599999999998545,18.40000000000009,0.0,0.0
2025-09-20 22:00:00,493.0,102.0,9.400000000001455,14.0,37.10000000000582,11.0,186.0,6.700000000004366,2.3000000000029104,14.800000000001091,8.0,50.400000000001455,17.0,0.0,0.0
2025-09-20 23:00:00,480.0,99.0,8.5,12.0,36.80000000000291,11.0,180.0,5.299999999995634,2.1000000000058208,13.199999999998909,7.69999999999709,50.399999999999636,16.799999999999727,0.0,0.0
2025-09-21 00:00:00,458.0,97.0,7.900000000001455,13.0,36.09999999999127,11.0,171.0,3.1000000000058208,2.1999999999970896,12.800000000001091,7.399999999994179,49.69999999999891,15.599999999999909,0.0,0.0
2025-09-21 01:00:00,450.0,94.0,9.400000000001455,12.0,37.10000000000582,11.0,160.0,3.2999999999956344,2.1999999999970896,13.199999999998909,7.80000000000291,49.400000000001455,16.5,0.0,0.0
2025-09-21 02:00:00,446.0,94.0,9.599999999998545,13.0,37.0,11.0,159.0,3.3000000000029104,2.3000000000029104,13.900000000001455,7.69999999999709,49.399999999999636,16.300000000000182,0.0,0.0
2025-09-21 03:00:00,443.0,96.0,8.799999999995634,13.0,35.5,10.0,157.0,3.1999999999970896,2.1000000000058208,14.399999999999636,7.69999999999709,49.79999999999927,16.5,0.0,0.0
2025-09-21 04:00:00,429.0,93.0,8.5,11.0,35.5,11.0,150.0,3.2000000000043656,2.2999999999883585,12.799999999999272,7.400000000008731,49.30000000000109,16.800000000000182,0.0,0.0
2025-09-21 05:00:00,433.0,93.0,8.900000000001455,13.0,35.5,10.0,151.0,3.0,2.2000000000116415,12.800000000001091,8.0,49.399999999999636,16.799999999999727,0.0,0.0
2025-09-21 06:00:00,437.0,92.0,8.80000000000291,13.0,34.39999999999418,11.0,157.0,3.099999999998545,2.2999999999883585,13.199999999998909,8.19999999999709,49.69999999999891,14.800000000000182,0.0,0.0
2025-09-21 07:00:00,432.0,94.0,9.400000000001455,13.0,34.60000000000582,10.0,151.0,3.2999999999956344,2.1000000000058208,13.0,7.69999999999709,49.600000000000364,16.199999999999818,0.0,0.0
2025-09-21 08:00:00,428.0,89.0,8.69999999999709,10.0,31.0,11.0,162.0,3.400000000001455,2.0,13.200000000000728,7.600000000005821,51.30000000000109,9.800000000000182,0.0,0.0
2025-09-21 09:00:00,,,,,,,,,,,,,,,
2025-09-21 10:00:00,,,,,,,,,,,,,,,
2025-09-24 00:00:00,0.0,0.0,0.0,0.0,0.0,0.0,0.0,0.0,0.0,0.0,0.0,0.0,0.0,0.0,0.0
2025-09-24 01:00:00,0.0,0.0,0.0,0.0,0.0,0.0,0.0,0.0,0.0,0.0,0.0,0.0,0.0,0.0,0.0
2025-09-24 02:00:00,0.0,0.0,0.0,0.0,0.0,0.0,0.0,0.0,0.0,0.0,0.0,0.0,0.0,0.0,0.0
2025-09-24 03:00:00,0.0,0.0,0.0,0.0,0.0,0.0,0.0,0.0,0.0,0.0,0.0,0.0,0.0,0.0,0.0
2025-09-24 04:00:00,0.0,0.0,0.0,0.0,0.0,0.0,0.0,0.0,0.0,0.0,0.0,0.0,0.0,0.0,0.0
2025-09-24 05:00:00,0.0,0.0,0.0,0.0,0.0,0.0,0.0,0.0,0.0,0.0,0.0,0.0,0.0,0.0,0.0
2025-09-24 06:00:00,0.0,0.0,0.0,0.0,0.0,0.0,0.0,0.0,0.0,0.0,0.0,0.0,0.0,0.0,0.0
2025-09-24 07:00:00,0.0,0.0,0.0,0.0,0.0,0.0,0.0,0.0,0.0,0.0,0.0,0.0,0.0,0.0,0.0
2025-09-24 08:00:00,0.0,0.0,0.0,0.0,0.0,0.0,0.0,0.0,0.0,0.0,0.0,0.0,0.0,0.0,0.0
2025-09-24 09:00:00,0.0,0.0,0.0,0.0,0.0,0.0,0.0,0.0,0.0,0.0,0.0,0.0,0.0,0.0,0.0
2025-09-24 10:00:00,0.0,0.0,0.0,0.0,0.0,0.0,0.0,0.0,0.0,0.0,0.0,0.0,0.0,0.0,0.0
2025-09-24 11:00:00,0.0,0.0,0.0,0.0,0.0,0.0,0.0,0.0,0.0,0.0,0.0,0.0,0.0,0.0,0.0
2025-09-24 12:00:00,0.0,0.0,0.0,0.0,0.0,0.0,0.0,0.0,0.0,0.0,0.0,0.0,0.0,0.0,0.0
2025-09-24 13:00:00,0.0,0.0,0.0,0.0,0.0,0.0,0.0,0.0,0.0,0.0,0.0,0.0,0.0,0.0,0.0
2025-09-24 14:00:00,1117.0,269.0,22.30000000000291,40.0,71.5,30.0,407.0,7.900000000001455,5.0,37.100000000000364,42.39999999999418,49.79999999999927,57.099999999999454,5.0,7.0
2025-09-24 15:00:00,1113.0,272.0,23.19999999999709,41.0,83.29999999998836,32.0,408.0,7.599999999998545,9.10000000000582,33.5,40.5,53.70000000000073,29.900000000000546,1.0,1.0
2025-09-24 16:00:00,1023.0,250.0,21.30000000000291,39.0,75.40000000000873,28.0,375.0,7.400000000001455,7.7999999999883585,29.80000000000109,38.70000000001164,53.69999999999709,27.399999999999636,0.0,2.0
2025-09-24 17:00:00,971.0,242.0,20.799999999995634,34.0,61.59999999999127,23.0,366.0,6.900000000001455,3.7000000000116415,28.899999999999636,39.59999999999127,52.900000000001455,23.5,1.0,1.0
2025-09-24 18:00:00,852.0,200.0,19.5,28.0,57.40000000000873,12.0,329.0,7.0,2.8999999999941792,25.600000000000364,38.90000000000873,54.599999999998545,22.400000000000546,0.0,0.0
2025-09-24 19:00:00,777.0,185.0,18.5,26.0,54.80000000000291,11.0,289.0,6.5,2.8000000000029104,22.899999999999636,37.09999999999127,53.5,18.799999999999272,0.0,0.0
2025-09-24 20:00:00,711.0,168.0,15.400000000001455,21.0,51.89999999999418,10.0,252.0,6.400000000001455,2.6999999999970896,19.600000000000364,35.40000000000873,53.0,23.900000000000546,0.0,0.0
2025-09-24 21:00:00,697.0,158.0,16.099999999998545,21.0,52.5,8.0,254.0,6.5,2.8999999999941792,17.099999999998545,33.79999999998836,53.60000000000218,24.0,0.0,0.0
2025-09-24 22:00:00,671.0,154.0,15.700000000004366,21.0,47.80000000000291,8.0,244.0,6.400000000001455,2.8000000000029104,17.30000000000109,34.80000000000291,53.099999999998545,19.0,0.0,0.0
2025-09-24 23:00:00,654.0,152.0,15.599999999998545,20.0,46.0,8.0,233.0,6.399999999994179,2.8000000000029104,18.399999999999636,34.5,53.0,17.800000000000182,0.0,0.0
2025-09-25 00:00:00,636.0,145.0,15.19999999999709,20.0,46.19999999999709,9.0,224.0,6.200000000004366,2.6999999999970896,18.100000000000364,33.10000000000582,52.900000000001455,18.099999999999454,0.0,0.0
2025-09-25 01:00:00,623.0,142.0,15.0,19.0,46.69999999999709,8.0,220.0,6.19999999999709,2.6999999999970896,18.299999999999272,32.30000000000291,52.39999999999782,15.400000000000546,0.0,0.0
2025-09-25 02:00:00,615.0,139.0,15.0,20.0,46.90000000000873,7.0,212.0,6.400000000001455,2.7000000000116415,17.5,31.69999999999709,52.20000000000073,18.5,0.0,0.0
2025-09-25 03:00:00,600.0,139.0,14.0,19.0,46.5,8.0,203.0,6.099999999998545,2.7999999999883585,16.899999999999636,30.80000000000291,52.70000000000073,17.799999999999272,0.0,0.0
2025-09-25 04:00:00,595.0,131.0,14.80000000000291,17.0,45.29999999998836,8.0,207.0,5.900000000001455,2.8000000000029104,16.80000000000109,31.79999999998836,52.5,18.0,0.0,0.0
2025-09-25 05:00:00,598.0,132.0,14.0,18.0,46.20000000001164,8.0,203.0,6.19999999999709,2.6999999999970896,17.69999999999891,31.40000000000873,52.79999999999927,20.100000000000364,0.0,0.0
2025-09-25 06:00:00,614.0,134.0,14.900000000001455,18.0,53.19999999999709,7.0,208.0,6.100000000005821,2.6000000000058208,17.400000000001455,31.30000000000291,51.900000000001455,21.100000000000364,0.0,1.0
2025-09-25 07:00:00,616.0,141.0,14.400000000001455,18.0,44.59999999999127,8.0,211.0,6.0,1.6999999999970896,17.69999999999891,31.0,51.0,25.0,2.0,2.0
2025-09-25 08:00:00,705.0,170.0,13.599999999998545,22.0,39.80000000000291,9.0,242.0,6.299999999995634,0.9000000000087311,23.399999999999636,35.19999999999709,48.29999999999927,40.0,4.0,6.0
2025-09-25 09:00:00,921.0,223.0,20.099999999998545,31.0,40.10000000000582,24.0,311.0,6.900000000001455,0.39999999999417923,30.700000000000728,45.19999999999709,49.20000000000073,59.79999999999927,8.0,13.0
2025-09-25 10:00:00,1076.0,267.0,23.80000000000291,49.0,56.0,32.0,362.0,7.30000000000291,0.8999999999941792,29.200000000000728,54.39999999999418,50.0,66.5,9.0,14.0
2025-09-25 11:00:00,1172.0,290.0,25.5,51.0,62.0,11.0,426.0,7.599999999998545,1.4000000000087311,34.79999999999927,61.90000000000873,51.599999999998545,68.10000000000036,9.0,13.0
2025-09-25 12:00:00,1171.0,279.0,25.19999999999709,55.0,55.09999999999127,7.0,441.0,8.19999999999709,0.19999999999708962,43.399999999999636,54.59999999999127,47.29999999999927,72.39999999999964,13.0,21.0
2025-09-25 13:00:00,1204.0,279.0,30.900000000001455,60.0,77.20000000001164,7.0,439.0,8.5,1.1000000000058208,44.80000000000109,59.60000000000582,47.60000000000218,63.900000000000546,10.0,15.0
2025-09-25 14:00:00,1168.0,286.0,32.799999999995634,48.0,77.19999999999709,8.0,414.0,8.5,2.599999999991269,42.899999999999636,59.69999999999709,48.599999999998545,53.30000000000018,9.0,14.0
2025-09-25 15:00:00,1097.0,274.0,28.60000000000582,41.0,86.19999999999709,7.0,396.0,7.700000000004366,5.600000000005821,39.600000000000364,47.5,52.70000000000073,26.199999999999818,3.0,5.0
2025-09-25 16:00:00,1052.0,262.0,27.299999999995634,36.0,83.80000000000291,7.0,381.0,7.099999999998545,4.899999999994179,36.19999999999891,51.19999999999709,52.900000000001455,25.0,3.0,5.0
2025-09-25 17:00:00,959.0,240.0,23.0,30.0,72.19999999999709,8.0,360.0,6.799999999995634,2.400000000008731,31.600000000000364,37.10000000000582,52.79999999999927,22.5,1.0,2.0
2025-09-25 18:00:00,869.0,211.0,19.80000000000291,25.0,64.80000000000291,8.0,328.0,6.600000000005821,2.8999999999941792,28.600000000000364,36.0,52.5,20.699999999999818,0.0,0.0
2025-09-25 19:00:00,788.0,192.0,17.099999999998545,22.0,64.59999999999127,8.0,289.0,6.399999999994179,2.6999999999970896,23.899999999999636,33.5,52.79999999999927,17.800000000000182,0.0,0.0
2025-09-25 20:00:00,730.0,169.0,14.400000000001455,22.0,58.20000000001164,8.0,264.0,6.400000000001455,2.8000000000029104,20.100000000000364,34.80000000000291,52.0,23.300000000000182,0.0,0.0
2025-09-25 21:00:00,708.0,165.0,13.799999999995634,22.0,55.89999999999418,8.0,254.0,6.400000000001455,2.8000000000029104,20.5,33.80000000000291,51.70000000000073,22.399999999999636,0.0,0.0
2025-09-25 22:00:00,684.0,164.0,13.30000000000291,21.0,56.0,7.0,240.0,6.19999999999709,2.6999999999970896,18.299999999999272,32.39999999999418,52.599999999998545,17.800000000000182,0.0,0.0
2025-09-25 23:00:00,674.0,163.0,14.5,22.0,56.89999999999418,8.0,233.0,6.100000000005821,2.8000000000029104,18.80000000000109,32.19999999999709,50.5,16.899999999999636,0.0,0.0
2025-09-26 00:00:00,651.0,158.0,14.0,21.0,53.5,8.0,221.0,6.299999999995634,2.599999999991269,18.19999999999891,32.10000000000582,50.60000000000218,17.0,0.0,0.0
2025-09-26 01:00:00,640.0,157.0,14.0,20.0,55.90000000000873,8.0,210.0,6.099999999998545,2.7000000000116415,18.80000000000109,32.80000000000291,52.79999999999927,13.900000000000546,0.0,0.0
2025-09-26 02:00:00,630.0,151.0,15.0,18.0,51.0,8.0,212.0,6.100000000005821,3.0,18.799999999999272,32.0,50.39999999999782,17.099999999999454,0.0,0.0
2025-09-26 03:00:00,612.0,142.0,14.599999999998545,17.0,50.19999999999709,7.0,207.0,5.899999999994179,2.7999999999883585,18.399999999999636,31.5,50.900000000001455,16.900000000000546,0.0,0.0
2025-09-26 04:00:00,607.0,140.0,13.700000000004366,18.0,49.19999999999709,8.0,204.0,6.100000000005821,2.7000000000116415,17.899999999999636,31.89999999999418,52.70000000000073,16.5,0.0,0.0
2025-09-26 05:00:00,599.0,140.0,13.0,17.0,49.0,7.0,199.0,6.099999999998545,2.6999999999970896,17.400000000001455,32.0,50.5,18.099999999999454,0.0,0.0
2025-09-26 06:00:00,590.0,139.0,13.299999999995634,18.0,47.0,8.0,194.0,5.69999999999709,2.099999999991269,16.599999999998545,31.80000000000291,50.29999999999927,19.699999999999818,1.0,0.0
2025-09-26 07:00:00,634.0,148.0,13.400000000001455,18.0,43.39999999999999,8.0,224.0,6.30000000000291,0.3000000000029104,17.400000000001455,32.19999999999709,48.5,26.900000000000546,1.0,3.0
2025-09-26 08:00:00,730.0,180.0,15.900000000001455,22.0,49.400000000000006,8.0,244.0,6.299999999995634,4.19999999999709,21.69999999999891,35.30000000000291,50.099999999998545,34.899999999999636,1.0,1.0
2025-09-26 09:00:00,875.0,225.0,19.900000000001455,29.0,52.400000000000006,7.0,292.0,6.900000000001455,0.5,27.200000000000728,38.30000000000291,49.10000000000218,55.100000000000364,4.0,7.0
2025-09-26 10:00:00,1030.0,272.0,20.19999999999709,43.0,62.20000000000002,8.0,351.0,9.200000000004366,3.8000000000029104,29.299999999999272,37.5,50.599999999998545,67.39999999999964,5.0,8.0
2025-09-26 11:00:00,1077.0,286.0,22.400000000001455,47.0,61.299999999999955,7.0,381.0,7.099999999998545,3.0,30.100000000000364,42.39999999999418,48.79999999999927,63.100000000000364,8.0,12.0
2025-09-26 12:00:00,1126.0,290.0,27.099999999998545,47.0,62.400000000000034,7.0,411.0,9.599999999998545,0.40000000000873115,37.20000000000073,46.69999999999709,47.0,66.5,9.0,15.0
2025-09-26 13:00:00,1215.0,305.0,29.0,50.0,82.89999999999998,8.0,429.0,9.80000000000291,2.7999999999883585,53.099999999998545,50.60000000000582,47.10000000000218,66.39999999999964,7.0,9.0
2025-09-26 14:00:00,1213.0,308.0,26.900000000001455,46.0,93.50000000000006,9.0,433.0,10.099999999998545,4.2000000000116415,44.5,48.09999999999127,51.79999999999927,57.30000000000018,4.0,7.0
2025-09-26 15:00:00,1163.0,311.0,26.5,41.0,85.19999999999993,8.0,423.0,9.299999999995634,2.8999999999941792,45.80000000000109,43.80000000000291,48.29999999999927,37.5,5.0,8.0
2025-09-26 16:00:00,1099.0,285.0,23.599999999998545,36.0,82.89999999999998,8.0,402.0,9.80000000000291,7.100000000005821,37.399999999999636,42.10000000000582,54.29999999999927,38.0,2.0,3.0
2025-09-26 17:00:00,999.0,257.0,17.599999999998545,25.0,73.60000000000002,7.0,380.0,8.099999999998545,3.0,31.200000000000728,38.5,53.5,35.80000000000018,1.0,1.0
2025-09-26 18:00:00,905.0,221.0,16.700000000004366,22.0,65.10000000000002,7.0,337.0,23.900000000001455,2.7999999999883585,26.19999999999891,35.19999999999709,51.5,35.19999999999982,0.0,0.0
2025-09-26 19:00:00,832.0,189.0,14.89999999999418,20.0,60.5,8.0,310.0,31.0,2.6000000000058208,21.0,34.80000000000291,53.30000000000291,31.800000000000182,0.0,0.0
2025-09-26 20:00:00,761.0,177.0,14.200000000004366,19.0,55.60000000000002,7.0,276.0,7.900000000001455,2.3999999999941792,18.399999999999636,35.09999999999127,50.099999999998545,42.5,0.0,0.0
2025-09-26 21:00:00,720.0,169.0,13.799999999995634,19.0,56.30000000000007,9.0,266.0,6.5,2.6000000000058208,20.900000000001455,32.40000000000873,52.20000000000073,22.399999999999636,0.0,0.0
2025-09-26 22:00:00,705.0,165.0,14.30000000000291,20.0,54.899999999999864,7.0,260.0,6.299999999995634,2.6000000000058208,20.69999999999891,32.80000000000291,52.20000000000073,17.699999999999818,0.0,0.0
2025-09-26 23:00:00,676.0,158.0,13.80000000000291,18.0,56.5,8.0,244.0,6.30000000000291,2.5,21.399999999999636,33.89999999999418,49.89999999999782,16.5,0.0,0.0
2025-09-27 00:00:00,658.0,154.0,13.099999999998545,17.0,53.700000000000045,8.0,236.0,6.0,2.5,19.700000000000728,32.30000000000291,52.70000000000073,17.0,0.0,0.0
2025-09-27 01:00:00,632.0,151.0,12.69999999999709,15.0,51.90000000000009,7.0,224.0,5.69999999999709,2.599999999991269,19.200000000000728,31.59999999999127,49.900000000001455,14.0,0.0,0.0
2025-09-27 02:00:00,620.0,150.0,13.0,16.0,49.299999999999955,8.0,213.0,5.80000000000291,2.5,19.0,31.20000000001164,51.89999999999782,17.5,0.0,0.0
2025-09-27 03:00:00,610.0,149.0,12.5,15.0,48.899999999999864,8.0,206.0,5.599999999998545,2.5,19.19999999999891,31.09999999999127,51.10000000000218,16.5,0.0,0.0
2025-09-27 04:00:00,597.0,143.0,12.400000000001455,15.0,47.700000000000045,7.0,201.0,6.30000000000291,2.5,18.100000000000364,31.19999999999709,50.599999999998545,16.800000000000182,0.0,0.0
2025-09-27 05:00:00,579.0,131.0,12.69999999999709,15.0,47.299999999999955,8.0,198.0,5.799999999995634,2.5,16.600000000000364,30.90000000000873,52.0,15.800000000000182,0.0,0.0
2025-09-27 06:00:00,578.0,133.0,14.0,15.0,46.600000000000136,7.0,199.0,5.80000000000291,1.8000000000029104,16.5,30.59999999999127,49.099999999998545,15.5,0.0,0.0
2025-09-27 07:00:00,579.0,136.0,13.400000000001455,16.0,43.700000000000045,8.0,200.0,6.0,0.39999999999417923,17.19999999999891,31.20000000001164,49.80000000000291,13.699999999999818,1.0,2.0
2025-09-27 08:00:00,599.0,142.0,13.0,17.0,36.09999999999991,7.0,223.0,6.19999999999709,0.0,17.30000000000109,31.29999999998836,45.39999999999782,19.300000000000182,4.0,7.0
2025-09-27 09:00:00,617.0,149.0,16.400000000001455,17.0,32.40000000000009,8.0,235.0,6.5,0.0,17.0,31.20000000001164,45.5,18.399999999999636,6.0,9.0
2025-09-27 10:00:00,649.0,153.0,16.30000000000291,20.0,33.399999999999864,7.0,255.0,7.200000000004366,0.0,17.0,31.79999999998836,44.10000000000218,19.200000000000728,5.0,8.0
2025-09-27 11:00:00,660.0,154.0,14.89999999999418,24.0,35.200000000000045,7.0,257.0,7.099999999998545,0.0,18.299999999999272,31.60000000000582,46.599999999998545,19.299999999999272,5.0,8.0
2025-09-27 12:00:00,661.0,154.0,15.30000000000291,22.0,33.40000000000009,7.0,257.0,7.19999999999709,0.0,19.899999999999636,35.19999999999709,44.599999999998545,20.5,6.0,9.0
2025-09-27 13:00:00,672.0,157.0,16.69999999999709,21.0,35.09999999999991,7.0,266.0,7.30000000000291,0.0,18.900000000001455,34.60000000000582,45.400000000001455,17.5,5.0,8.0
2025-09-27 14:00:00,709.0,173.0,16.200000000004366,19.0,43.0,7.0,274.0,7.400000000001455,0.0,18.599999999998545,35.80000000000291,46.0,21.0,4.0,6.0
2025-09-27 15:00:00,707.0,174.0,16.900000000001455,22.0,41.40000000000009,7.0,267.0,7.900000000001455,0.0,20.200000000000728,33.39999999999418,47.70000000000073,20.300000000000182,4.0,6.0
2025-09-27 16:00:00,707.0,176.0,16.19999999999709,19.0,47.299999999999955,7.0,254.0,7.19999999999709,0.10000000000582077,20.200000000000728,34.39999999999418,50.70000000000073,20.699999999999818,1.0,3.0
2025-09-27 17:00:00,691.0,170.0,14.599999999998545,19.0,52.0,8.0,248.0,6.80000000000291,2.3000000000029104,17.69999999999891,33.70000000001164,50.29999999999927,19.600000000000364,1.0,0.0
2025-09-27 18:00:00,677.0,167.0,14.80000000000291,17.0,51.59999999999991,7.0,239.0,5.899999999994179,2.599999999991269,19.5,33.89999999999418,53.20000000000073,17.899999999999636,0.0,0.0
2025-09-27 19:00:00,646.0,152.0,17.099999999998545,17.0,52.100000000000136,8.0,226.0,6.200000000004366,2.5,19.399999999999636,32.10000000000582,50.099999999998545,15.900000000000546,0.0,0.0
2025-09-27 20:00:00,643.0,149.0,16.0,17.0,51.59999999999991,8.0,226.0,6.099999999998545,2.6000000000058208,19.5,31.79999999998836,52.20000000000073,19.099999999999454,0.0,0.0
2025-09-27 21:00:00,622.0,141.0,15.099999999998545,19.0,51.30000000000018,8.0,215.0,5.900000000001455,2.6000000000058208,18.5,31.5,49.89999999999782,18.300000000000182,0.0,0.0
2025-09-27 22:00:00,608.0,136.0,14.900000000001455,18.0,49.59999999999991,8.0,210.0,5.900000000001455,2.5,16.80000000000109,32.40000000000873,52.10000000000218,16.300000000000182,0.0,0.0
2025-09-27 23:00:00,600.0,139.0,15.0,17.0,51.59999999999991,7.0,202.0,5.799999999995634,2.5,17.799999999999272,31.69999999999709,49.79999999999927,16.199999999999818,0.0,0.0
2025-09-28 00:00:00,593.0,139.0,14.400000000001455,16.0,49.90000000000009,8.0,196.0,5.700000000004366,2.5,18.100000000000364,31.69999999999709,51.29999999999927,16.0,0.0,0.0
2025-09-28 01:00:00,587.0,137.0,14.0,17.0,49.09999999999991,8.0,195.0,5.899999999994179,2.5,18.899999999999636,31.80000000000291,50.900000000001455,13.600000000000364,0.0,0.0
2025-09-28 02:00:00,575.0,134.0,13.400000000001455,16.0,48.69999999999982,7.0,191.0,5.5,2.5,17.700000000000728,30.39999999999418,49.39999999999782,16.300000000000182,0.0,0.0
2025-09-28 03:00:00,565.0,131.0,13.69999999999709,16.0,49.70000000000027,8.0,182.0,5.700000000004366,2.5,16.600000000000364,31.10000000000582,50.900000000001455,15.299999999999272,0.0,0.0
2025-09-28 04:00:00,565.0,129.0,13.900000000001455,16.0,48.69999999999982,7.0,182.0,5.599999999998545,2.6999999999970896,17.599999999998545,31.0,51.20000000000073,16.5,0.0,0.0
2025-09-28 05:00:00,546.0,131.0,13.400000000001455,16.0,47.0,7.0,170.0,5.5,2.8999999999941792,16.80000000000109,30.80000000000291,49.5,14.800000000000182,0.0,0.0
2025-09-28 06:00:00,550.0,131.0,13.19999999999709,16.0,45.40000000000009,8.0,174.0,5.30000000000291,2.1999999999970896,16.899999999999636,31.0,50.29999999999927,15.100000000000364,0.0,0.0
2025-09-28 07:00:00,556.0,132.0,13.099999999998545,18.0,40.5,10.0,188.0,5.399999999994179,0.20000000001164153,16.600000000000364,31.09999999999127,48.400000000001455,13.5,2.0,4.0
2025-09-28 08:00:00,611.0,128.0,12.5,17.0,40.69999999999982,50.0,203.0,5.30000000000291,0.0,16.19999999999891,31.0,47.79999999999927,16.699999999999818,2.0,3.0
2025-09-28 09:00:00,642.0,138.0,15.400000000001455,17.0,42.0,47.0,227.0,6.099999999998545,0.0,16.0,30.70000000001164,46.5,15.600000000000364,2.0,3.0
2025-09-28 10:00:00,662.0,145.0,14.69999999999709,17.0,41.600000000000364,53.0,228.0,5.900000000001455,0.09999999999126885,16.100000000000364,31.19999999999709,50.0,15.799999999999272,1.0,3.0
2025-09-28 11:00:00,663.0,150.0,14.60000000000582,19.0,39.79999999999973,44.0,234.0,6.19999999999709,0.0,18.100000000000364,31.5,45.79999999999927,15.600000000000364,4.0,6.0
2025-09-28 12:00:00,661.0,156.0,15.799999999995634,19.0,25.5,49.0,243.0,6.900000000001455,0.0,19.100000000000364,33.5,42.70000000000073,16.600000000000364,10.0,15.0
2025-09-28 13:00:00,670.0,161.0,16.599999999998545,19.0,26.59999999999991,37.0,250.0,7.700000000004366,0.0,22.19999999999891,33.19999999999709,43.599999999998545,14.600000000000364,10.0,15.0
2025-09-28 14:00:00,707.0,162.0,14.900000000001455,18.0,46.5,54.0,243.0,6.69999999999709,0.5,18.100000000000364,31.89999999999418,47.900000000001455,17.299999999999272,2.0,3.0
2025-09-28 15:00:00,719.0,162.0,16.200000000004366,18.0,48.40000000000009,48.0,254.0,7.19999999999709,1.0,18.200000000000728,32.70000000001164,50.099999999998545,16.399999999999636,1.0,3.0
2025-09-28 16:00:00,735.0,169.0,18.299999999995634,19.0,45.20000000000027,48.0,262.0,6.400000000001455,0.5,17.899999999999636,33.39999999999418,49.60000000000218,16.899999999999636,2.0,3.0
2025-09-28 17:00:00,703.0,176.0,17.80000000000291,19.0,49.899999999999636,21.0,248.0,6.400000000001455,2.3000000000029104,17.5,32.19999999999709,50.5,14.900000000001455,0.0,0.0
2025-09-28 18:00:00,675.0,164.0,17.0,18.0,52.20000000000027,8.0,243.0,6.19999999999709,2.5,15.600000000000364,32.10000000000582,52.89999999999782,15.5,0.0,0.0
2025-09-28 19:00:00,664.0,163.0,14.69999999999709,18.0,50.0,8.0,243.0,6.200000000004366,2.5,15.299999999999272,32.5,50.10000000000218,14.799999999999272,0.0,0.0
2025-09-28 20:00:00,660.0,159.0,16.0,18.0,50.59999999999991,8.0,235.0,5.900000000001455,2.8000000000029104,15.700000000000728,32.19999999999709,52.19999999999709,18.200000000000728,0.0,0.0
2025-09-28 21:00:00,670.0,159.0,14.80000000000291,19.0,55.09999999999991,8.0,239.0,7.0,3.099999999991269,16.19999999999891,32.80000000000291,49.5,17.69999999999891,0.0,0.0
2025-09-28 22:00:00,662.0,160.0,14.299999999995634,18.0,54.09999999999991,8.0,230.0,7.799999999995634,2.7000000000116415,17.400000000001455,32.30000000000291,52.10000000000218,16.5,0.0,0.0
2025-09-28 23:00:00,662.0,155.0,13.900000000001455,18.0,53.90000000000009,8.0,235.0,7.30000000000291,2.5,18.19999999999891,33.5,51.70000000000073,16.399999999999636,0.0,0.0
2025-09-29 00:00:00,657.0,152.0,14.900000000001455,19.0,53.80000000000018,8.0,235.0,6.900000000001455,2.599999999991269,16.80000000000109,32.79999999998836,50.69999999999709,16.600000000000364,0.0,0.0
2025-09-29 01:00:00,645.0,152.0,13.69999999999709,17.0,53.90000000000009,7.0,228.0,7.599999999998545,2.6000000000058208,16.5,32.60000000000582,50.60000000000218,15.600000000000364,0.0,0.0
2025-09-29 02:00:00,635.0,150.0,13.80000000000291,17.0,53.69999999999982,8.0,219.0,6.69999999999709,2.599999999991269,16.399999999999636,32.5,52.0,17.600000000000364,0.0,0.0
2025-09-29 03:00:00,633.0,151.0,13.69999999999709,16.0,55.40000000000009,7.0,217.0,6.900000000001455,2.6000000000058208,17.0,32.19999999999709,52.0,16.5,0.0,0.0
2025-09-29 04:00:00,630.0,148.0,13.5,18.0,54.5,8.0,216.0,6.400000000001455,2.5,17.899999999999636,32.69999999999709,50.599999999998545,17.19999999999891,0.0,0.0
2025-09-29 05:00:00,610.0,138.0,13.0,17.0,53.19999999999982,8.0,209.0,6.400000000001455,2.6000000000058208,16.799999999999272,31.60000000000582,51.5,18.700000000000728,0.0,0.0
2025-09-29 06:00:00,606.0,138.0,13.10000000000582,17.0,51.59999999999991,7.0,204.0,6.099999999998545,2.3999999999941792,17.200000000000728,31.0,49.60000000000218,22.399999999999636,0.0,0.0
2025-09-29 07:00:00,599.0,140.0,14.19999999999709,16.0,49.20000000000027,8.0,198.0,5.799999999995634,2.1000000000058208,17.200000000000728,30.39999999999418,50.0,23.0,1.0,1.0
2025-09-29 08:00:00,697.0,174.0,16.400000000001455,18.0,44.40000000000009,7.0,241.0,6.30000000000291,1.5,21.899999999999636,34.60000000000582,47.39999999999782,34.899999999999636,4.0,6.0
2025-09-29 09:00:00,896.0,228.0,20.900000000001455,29.0,40.899999999999636,9.0,324.0,7.30000000000291,0.0,26.299999999999272,39.80000000000291,45.60000000000218,58.400000000001455,8.0,13.0
2025-09-29 10:00:00,1049.0,262.0,26.19999999999709,37.0,59.70000000000027,16.0,380.0,8.299999999995634,1.0999999999912689,29.200000000000728,41.30000000000291,49.39999999999782,65.69999999999891,7.0,11.0
2025-09-29 11:00:00,1100.0,266.0,31.30000000000291,37.0,67.79999999999973,13.0,414.0,8.900000000001455,1.1000000000058208,31.399999999999636,43.69999999999709,47.10000000000218,66.89999999999964,10.0,14.0
2025-09-29 12:00:00,1131.0,276.0,37.39999999999418,41.0,69.0,7.0,428.0,9.5,0.8999999999941792,33.100000000000364,43.59999999999127,44.79999999999927,73.60000000000036,13.0,20.0
2025-09-29 13:00:00,1168.0,290.0,34.0,45.0,83.19999999999982,7.0,424.0,9.5,2.3000000000029104,37.69999999999891,41.60000000000582,48.5,71.0,11.0,17.0
2025-09-29 14:00:00,1189.0,292.0,33.700000000004366,45.0,87.30000000000018,15.0,431.0,10.0,2.3999999999941792,38.80000000000109,42.5,45.70000000000073,71.60000000000036,10.0,15.0
2025-09-29 15:00:00,1178.0,293.0,33.099999999998545,42.0,92.60000000000036,21.0,425.0,11.30000000000291,2.2000000000116415,37.600000000000364,41.89999999999418,47.29999999999927,56.79999999999927,9.0,14.0
2025-09-29 16:00:00,1117.0,284.0,30.5,38.0,84.59999999999945,8.0,397.0,10.799999999995634,8.19999999999709,38.899999999999636,39.30000000000291,52.29999999999927,54.5,5.0,7.0
2025-09-29 17:00:00,1021.0,264.0,23.599999999998545,29.0,79.0,7.0,371.0,9.30000000000291,4.19999999999709,30.19999999999891,34.60000000000582,52.900000000001455,50.400000000001455,1.0,1.0
2025-09-29 18:00:00,924.0,231.0,17.200000000004366,24.0,72.70000000000073,8.0,314.0,18.69999999999709,3.1999999999970896,24.700000000000728,34.0,53.599999999998545,60.5,0.0,0.0
2025-09-29 19:00:00,852.0,201.0,15.5,22.0,70.39999999999964,8.0,276.0,40.30000000000291,2.900000000008731,20.5,32.39999999999418,52.599999999998545,52.69999999999891,0.0,0.0
2025-09-29 20:00:00,780.0,181.0,16.099999999998545,22.0,67.60000000000036,9.0,239.0,40.0,3.099999999991269,19.299999999999272,31.10000000000582,53.10000000000218,45.899999999999636,0.0,0.0
2025-09-29 21:00:00,691.0,163.0,15.599999999998545,20.0,62.099999999999454,7.0,227.0,21.5,2.900000000008731,17.400000000001455,30.69999999999709,51.70000000000073,19.900000000001455,0.0,0.0
2025-09-29 22:00:00,629.0,153.0,14.5,19.0,57.0,8.0,203.0,5.799999999995634,2.6999999999970896,17.799999999999272,32.30000000000291,51.19999999999709,16.799999999999272,0.0,0.0
2025-09-29 23:00:00,607.0,146.0,14.19999999999709,16.0,55.0,8.0,194.0,5.80000000000291,2.5,18.399999999999636,31.59999999999127,50.900000000001455,16.100000000000364,0.0,0.0
2025-09-30 00:00:00,584.0,136.0,13.700000000004366,16.0,51.600000000000364,8.0,187.0,5.80000000000291,2.599999999991269,18.0,30.30000000000291,50.70000000000073,17.399999999999636,0.0,0.0
2025-09-30 01:00:00,569.0,134.0,13.599999999998545,17.0,50.69999999999982,7.0,181.0,5.899999999994179,2.6000000000058208,17.0,30.40000000000873,50.599999999998545,14.399999999999636,0.0,0.0
2025-09-30 02:00:00,558.0,124.0,12.900000000001455,17.0,50.399999999999636,8.0,179.0,5.80000000000291,2.5,17.399999999999636,30.39999999999418,50.70000000000073,17.5,0.0,0.0
2025-09-30 03:00:00,546.0,119.0,13.19999999999709,15.0,49.400000000000546,7.0,175.0,5.599999999998545,2.6999999999970896,17.200000000000728,30.5,50.400000000001455,15.700000000000728,0.0,0.0
2025-09-30 04:00:00,535.0,117.0,12.700000000004366,16.0,47.0,7.0,169.0,5.700000000004366,2.900000000008731,16.0,30.30000000000291,50.69999999999709,16.19999999999891,0.0,0.0
2025-09-30 05:00:00,534.0,117.0,12.19999999999709,16.0,45.69999999999982,8.0,170.0,5.599999999998545,2.5,16.100000000000364,30.69999999999709,50.70000000000073,18.400000000001455,0.0,0.0
2025-09-30 06:00:00,541.0,120.0,13.5,16.0,44.80000000000018,7.0,170.0,5.5,2.2999999999883585,16.899999999999636,30.60000000000582,50.70000000000073,19.799999999999272,0.0,1.0
2025-09-30 07:00:00,551.0,127.0,13.69999999999709,16.0,41.30000000000018,8.0,173.0,5.69999999999709,0.9000000000087311,17.100000000000364,30.79999999998836,48.900000000001455,24.100000000000364,1.0,1.0
2025-09-30 08:00:00,644.0,145.0,14.10000000000582,19.0,38.0,17.0,210.0,5.30000000000291,0.8000000000029104,21.100000000000364,31.10000000000582,47.29999999999927,46.0,4.0,7.0
2025-09-30 09:00:00,805.0,184.0,19.099999999998545,25.0,37.69999999999982,52.0,262.0,5.599999999998545,0.0,25.099999999998545,33.80000000000291,44.099999999998545,60.29999999999927,10.0,16.0
2025-09-30 10:00:00,961.0,226.0,23.400000000001455,38.0,46.399999999999636,43.0,345.0,7.099999999998545,0.0,27.30000000000109,37.69999999999709,44.10000000000218,62.20000000000073,13.0,20.0
2025-09-30 11:00:00,1019.0,246.0,24.5,41.0,56.400000000000546,46.0,358.0,8.80000000000291,0.0,30.799999999999272,38.69999999999709,42.099999999998545,62.29999999999927,15.0,22.0
2025-09-30 12:00:00,1082.0,249.0,30.099999999998545,42.0,73.09999999999945,52.0,375.0,8.799999999995634,0.0,33.20000000000073,42.90000000000873,41.5,69.10000000000036,12.0,19.0
2025-09-30 13:00:00,1109.0,269.0,30.0,41.0,68.5,58.0,375.0,9.5,0.0,34.899999999999636,43.89999999999418,40.70000000000073,71.79999999999927,14.0,20.0
2025-09-30 14:00:00,1149.0,282.0,31.799999999995634,41.0,80.0,50.0,386.0,9.900000000001455,0.29999999998835847,36.600000000000364,51.10000000000582,41.70000000000073,68.70000000000073,13.0,20.0
2025-09-30 15:00:00,1126.0,278.0,29.0,39.0,80.40000000000055,29.0,391.0,9.700000000004366,1.9000000000087311,37.0,48.5,46.19999999999709,56.100000000000364,8.0,13.0
2025-09-30 16:00:00,1082.0,269.0,27.0,38.0,73.89999999999964,36.0,357.0,10.0,5.0,35.899999999999636,45.89999999999418,50.70000000000073,57.399999999999636,5.0,7.0
2025-09-30 17:00:00,965.0,250.0,22.80000000000291,32.0,69.69999999999982,28.0,313.0,7.599999999998545,3.5,31.200000000000728,33.89999999999418,52.60000000000218,54.70000000000073,0.0,0.0
2025-09-30 18:00:00,862.0,223.0,18.099999999998545,27.0,59.400000000000546,13.0,278.0,6.19999999999709,2.8000000000029104,28.0,33.0,52.29999999999927,59.599999999998545,0.0,0.0
2025-09-30 19:00:00,773.0,191.0,16.900000000001455,23.0,54.19999999999982,10.0,253.0,5.900000000001455,2.599999999991269,23.299999999999272,32.20000000001164,51.599999999998545,53.20000000000073,0.0,0.0
2025-09-30 20:00:00,690.0,160.0,16.30000000000291,19.0,51.30000000000018,10.0,221.0,5.69999999999709,2.6000000000058208,22.0,30.89999999999418,51.0,47.600000000000364,0.0,0.0
2025-09-30 21:00:00,634.0,152.0,14.799999999995634,19.0,50.599999999999454,9.0,205.0,5.400000000001455,2.6999999999970896,21.0,30.89999999999418,50.900000000001455,23.600000000000364,0.0,0.0
2025-09-30 22:00:00,608.0,146.0,13.80000000000291,20.0,49.100000000000364,8.0,194.0,5.599999999998545,2.6999999999970896,19.0,31.0,52.0,19.399999999999636,0.0,0.0
2025-09-30 23:00:00,590.0,140.0,14.299999999995634,19.0,47.19999999999982,9.0,189.0,5.30000000000291,2.900000000008731,17.799999999999272,31.30000000000291,50.099999999998545,18.5,0.0,0.0
2025-10-01 00:00:00,578.0,134.0,14.60000000000582,17.0,45.19999999999982,8.0,187.0,5.400000000001455,2.599999999991269,16.30000000000109,31.60000000000582,50.20000000000073,19.69999999999891,0.0,0.0
2025-10-01 01:00:00,555.0,125.0,14.5,16.0,44.600000000000364,9.0,181.0,5.5,2.6000000000058208,16.69999999999891,30.19999999999709,50.20000000000073,16.100000000000364,0.0,0.0
2025-10-01 02:00:00,553.0,118.0,13.39999999999418,16.0,44.80000000000018,8.0,182.0,5.299999999995634,2.3999999999941792,17.900000000001455,30.30000000000291,50.20000000000073,18.30000000000109,0.0,0.0
2025-10-01 03:00:00,543.0,118.0,13.60000000000582,16.0,45.19999999999982,8.0,174.0,5.400000000001455,2.6999999999970896,17.299999999999272,30.59999999999127,50.0,16.0,0.0,0.0
2025-10-01 04:00:00,537.0,116.0,14.0,16.0,44.19999999999982,9.0,169.0,5.30000000000291,2.5,16.899999999999636,31.0,51.79999999999927,16.0,0.0,0.0
2025-10-01 05:00:00,535.0,116.0,13.5,16.0,43.80000000000018,8.0,169.0,5.299999999995634,2.7000000000116415,16.80000000000109,30.80000000000291,50.099999999998545,16.69999999999891,0.0,0.0
2025-10-01 06:00:00,563.0,118.0,13.5,17.0,43.599999999999454,8.0,173.0,5.30000000000291,2.6999999999970896,16.299999999999272,29.80000000000291,49.900000000001455,40.30000000000109,0.0,0.0
2025-10-01 07:00:00,581.0,127.0,13.599999999998545,17.0,39.30000000000018,8.0,185.0,5.400000000001455,1.0,16.600000000000364,30.5,47.89999999999782,42.099999999998545,2.0,3.0
2025-10-01 08:00:00,720.0,163.0,16.400000000001455,20.0,33.30000000000018,31.0,235.0,5.5,1.3000000000029104,26.600000000000364,31.89999999999418,45.70000000000073,57.30000000000109,6.0,9.0
2025-10-01 09:00:00,937.0,211.0,18.599999999998545,21.0,33.600000000000364,78.0,307.0,5.900000000001455,1.5999999999912689,41.099999999998545,34.70000000001164,43.10000000000218,71.5,10.0,16.0
2025-10-01 10:00:00,1045.0,230.0,23.19999999999709,32.0,52.69999999999982,60.0,360.0,7.099999999998545,6.100000000005821,38.0,37.89999999999418,49.29999999999927,69.89999999999964,8.0,13.0
2025-10-01 11:00:00,1092.0,231.0,22.200000000004366,33.0,59.69999999999982,67.0,378.0,6.900000000001455,7.19999999999709,48.70000000000073,38.39999999999418,48.099999999998545,80.29999999999927,8.0,11.0
2025-10-01 12:00:00,1088.0,244.0,28.299999999995634,37.0,40.0,44.0,405.0,8.599999999998545,0.10000000000582077,44.20000000000073,46.30000000000291,45.29999999999927,82.30000000000109,15.0,24.0
2025-10-01 13:00:00,1195.0,273.0,28.099999999998545,41.0,52.69999999999982,58.0,435.0,9.69999999999709,0.0,55.399999999999636,50.0,47.10000000000218,74.69999999999891,15.0,22.0
2025-10-01 14:00:00,1258.0,282.0,30.900000000001455,46.0,61.100000000000364,78.0,444.0,11.200000000004366,0.5,57.19999999999891,49.10000000000582,44.5,73.90000000000146,14.0,21.0
2025-10-01 15:00:00,1242.0,289.0,28.30000000000291,40.0,72.39999999999964,80.0,428.0,10.5,6.5,55.70000000000073,46.19999999999709,46.89999999999782,59.19999999999891,10.0,15.0
2025-10-01 16:00:00,1140.0,268.0,27.299999999995634,38.0,69.69999999999982,41.0,394.0,10.69999999999709,12.69999999999709,50.100000000000364,42.5,51.0,61.399999999999636,6.0,10.0
2025-10-01 17:00:00,1023.0,239.0,22.200000000004366,33.0,65.60000000000036,35.0,347.0,8.900000000001455,12.39999999999418,42.69999999999891,35.5,51.80000000000291,62.0,1.0,2.0
2025-10-01 18:00:00,928.0,208.0,21.599999999998545,27.0,59.80000000000018,20.0,309.0,30.0,11.10000000000582,34.80000000000109,32.0,51.89999999999782,63.5,0.0,0.0
2025-10-01 19:00:00,820.0,186.0,19.599999999998545,23.0,55.5,19.0,252.0,39.599999999998545,10.69999999999709,26.399999999999636,31.5,51.60000000000218,53.0,0.0,0.0
2025-10-01 20:00:00,751.0,158.0,17.599999999998545,22.0,52.099999999999454,16.0,230.0,39.900000000001455,11.30000000000291,24.0,30.39999999999418,51.099999999998545,49.80000000000109,0.0,0.0
2025-10-01 21:00:00,670.0,151.0,16.10000000000582,22.0,51.900000000000546,9.0,212.0,25.099999999998545,7.0,21.100000000000364,31.30000000000291,49.599999999998545,27.19999999999891,0.0,0.0
2025-10-01 22:00:00,614.0,148.0,15.099999999998545,21.0,50.19999999999982,8.0,201.0,5.30000000000291,2.599999999991269,17.799999999999272,31.60000000000582,50.30000000000291,17.400000000001455,0.0,0.0
2025-10-01 23:00:00,594.0,146.0,15.400000000001455,18.0,50.399999999999636,8.0,190.0,5.299999999995634,2.5,17.399999999999636,31.69999999999709,48.89999999999782,15.799999999999272,0.0,0.0
2025-10-02 00:00:00,580.0,137.0,15.0,18.0,49.400000000000546,8.0,187.0,5.200000000004366,2.6000000000058208,18.100000000000364,31.10000000000582,50.79999999999927,15.700000000000728,0.0,0.0
2025-10-02 01:00:00,563.0,132.0,14.39999999999418,16.0,47.69999999999982,8.0,183.0,5.299999999995634,2.5,17.899999999999636,30.5,50.20000000000073,13.299999999999272,0.0,0.0
2025-10-02 02:00:00,552.0,129.0,14.200000000004366,17.0,46.30000000000018,8.0,178.0,5.200000000004366,2.3999999999941792,17.0,30.29999999998836,48.5,16.100000000000364,0.0,0.0
2025-10-02 03:00:00,541.0,125.0,13.099999999998545,14.0,46.0,8.0,173.0,5.099999999998545,2.6000000000058208,16.400000000001455,31.30000000000291,50.29999999999927,15.199999999998909,0.0,0.0
2025-10-02 04:00:00,542.0,127.0,13.69999999999709,14.0,46.19999999999982,7.0,170.0,5.099999999998545,2.6000000000058208,16.899999999999636,29.90000000000873,50.80000000000291,16.30000000000109,0.0,0.0
2025-10-02 05:00:00,542.0,127.0,13.60000000000582,14.0,45.5,8.0,170.0,5.19999999999709,2.599999999991269,17.19999999999891,30.89999999999418,49.29999999999927,16.600000000000364,0.0,0.0
2025-10-02 06:00:00,560.0,129.0,13.799999999995634,16.0,44.399999999999636,8.0,167.0,5.100000000005821,2.1999999999970896,17.100000000000364,30.30000000000291,49.599999999998545,36.19999999999891,0.0,0.0
2025-10-02 07:00:00,588.0,134.0,13.30000000000291,15.0,40.600000000000364,8.0,186.0,5.299999999995634,0.7000000000116415,17.0,30.89999999999418,47.79999999999927,47.30000000000109,2.0,3.0
2025-10-02 08:00:00,683.0,160.0,14.599999999998545,17.0,36.30000000000018,19.0,225.0,5.5,0.09999999999126885,22.200000000000728,32.5,44.30000000000291,59.79999999999927,6.0,10.0
2025-10-02 09:00:00,890.0,209.0,18.099999999998545,23.0,31.399999999999636,67.0,294.0,5.80000000000291,1.0,26.100000000000364,34.10000000000582,41.29999999999927,74.10000000000036,10.0,15.0
2025-10-02 10:00:00,1046.0,234.0,22.30000000000291,31.0,50.900000000000546,75.0,353.0,6.599999999998545,2.1000000000058208,40.899999999999636,38.0,47.599999999998545,73.10000000000036,9.0,14.0
2025-10-02 11:00:00,1082.0,240.0,26.69999999999709,36.0,57.19999999999982,58.0,377.0,8.69999999999709,0.8999999999941792,46.69999999999891,38.0,44.5,79.69999999999891,12.0,17.0
2025-10-02 12:00:00,1104.0,238.0,30.099999999998545,34.0,58.399999999999636,48.0,404.0,8.900000000001455,1.0,52.30000000000109,36.69999999999709,42.79999999999927,81.70000000000073,12.0,19.0
2025-10-02 13:00:00,1160.0,251.0,27.700000000004366,34.0,70.40000000000055,68.0,401.0,9.099999999998545,2.400000000008731,63.99999999999818,39.30000000000291,45.80000000000291,73.29999999999927,10.0,15.0
2025-10-02 14:00:00,1171.0,262.0,30.599999999998545,35.0,76.79999999999927,47.0,417.0,9.60000000000582,4.099999999991269,56.30000000000291,38.19999999999709,44.19999999999709,71.39999999999964,10.0,15.0
2025-10-02 15:00:00,1153.0,257.0,30.900000000001455,36.0,88.70000000000073,44.0,401.0,9.099999999998545,6.5,51.39999999999782,40.19999999999709,47.80000000000291,60.20000000000073,7.0,12.0
2025-10-02 16:00:00,1096.0,245.0,26.5,33.0,87.19999999999891,42.0,371.0,7.0,12.0,46.29999999999927,38.19999999999709,51.79999999999927,63.0,2.0,3.0
2025-10-02 17:00:00,1002.0,224.0,20.099999999998545,29.0,75.30000000000109,34.0,342.0,9.799999999995634,13.30000000000291,36.900000000001455,33.80000000000291,54.099999999998545,62.5,0.0,0.0
2025-10-02 18:00:00,912.0,201.0,16.900000000001455,28.0,66.89999999999964,18.0,285.0,38.400000000001455,11.60000000000582,30.299999999999272,34.19999999999709,52.79999999999927,68.10000000000036,0.0,0.0
2025-10-02 19:00:00,840.0,186.0,15.69999999999709,23.0,64.39999999999964,14.0,266.0,38.099999999998545,10.89999999999418,27.299999999999272,31.30000000000291,51.900000000001455,56.19999999999891,0.0,0.0
2025-10-02 20:00:00,786.0,175.0,15.400000000001455,21.0,60.600000000000364,14.0,242.0,34.900000000001455,10.19999999999709,24.30000000000291,31.5,52.20000000000073,53.20000000000073,0.0,0.0
2025-10-02 21:00:00,687.0,162.0,15.400000000001455,20.0,58.399999999999636,8.0,233.0,4.400000000001455,6.400000000008731,22.0,31.80000000000291,51.89999999999782,26.600000000000364,0.0,0.0
2025-10-02 22:00:00,630.0,152.0,15.599999999998545,20.0,55.80000000000109,8.0,204.0,4.400000000001455,3.0,21.5,31.10000000000582,51.400000000001455,17.299999999999272,0.0,0.0
2025-10-02 23:00:00,622.0,145.0,15.19999999999709,20.0,56.29999999999927,7.0,202.0,4.400000000001455,2.7999999999883585,21.69999999999709,32.59999999999127,51.5,16.30000000000109,0.0,0.0
2025-10-03 00:00:00,604.0,142.0,13.80000000000291,17.0,54.899999999999636,8.0,196.0,4.19999999999709,2.8000000000029104,19.200000000000728,32.40000000000873,51.099999999998545,17.0,0.0,0.0
2025-10-03 01:00:00,570.0,138.0,13.19999999999709,17.0,55.0,7.0,177.0,4.099999999998545,3.1000000000058208,18.799999999999272,31.5,50.70000000000073,13.399999999999636,0.0,0.0
2025-10-03 02:00:00,560.0,132.0,12.60000000000582,15.0,52.70000000000073,8.0,174.0,4.0,2.8000000000029104,18.80000000000291,31.19999999999709,51.0,16.0,0.0,0.0
2025-10-03 03:00:00,562.0,128.0,13.19999999999709,17.0,53.19999999999891,7.0,177.0,4.0,2.7999999999883585,18.69999999999709,31.5,51.0,15.899999999999636,0.0,0.0
2025-10-03 04:00:00,559.0,129.0,12.900000000001455,16.0,51.30000000000109,8.0,174.0,4.30000000000291,2.900000000008731,18.900000000001455,31.19999999999709,51.20000000000073,16.899999999999636,0.0,0.0
2025-10-03 05:00:00,556.0,130.0,11.69999999999709,16.0,50.79999999999927,7.0,172.0,4.0,3.0,18.900000000001455,31.39999999999418,51.29999999999927,17.5,0.0,0.0
2025-10-03 06:00:00,578.0,130.0,11.5,15.0,50.70000000000073,8.0,175.0,4.0,2.6999999999970896,17.69999999999709,31.30000000000291,50.70000000000073,41.100000000000364,0.0,0.0
2025-10-03 07:00:00,597.0,137.0,12.599999999998545,16.0,49.29999999999927,8.0,178.0,3.900000000001455,3.3000000000029104,18.0,31.5,50.5,46.399999999999636,0.0,1.0
2025-10-03 08:00:00,701.0,164.0,16.0,21.0,51.30000000000109,14.0,212.0,3.8999999999941792,6.599999999991269,23.700000000000728,32.0,51.099999999998545,57.5,1.0,0.0
2025-10-03 09:00:00,866.0,195.0,18.60000000000582,24.0,64.09999999999854,42.0,249.0,4.30000000000291,16.40000000000873,34.400000000001455,40.40000000000873,50.60000000000218,72.20000000000073,0.0,1.0
2025-10-03 10:00:00,976.0,218.0,22.099999999998545,35.0,70.20000000000073,49.0,297.0,4.5,14.099999999991269,40.39999999999782,46.29999999998836,48.20000000000073,73.5,3.0,4.0
2025-10-03 11:00:00,1022.0,226.0,22.900000000001455,34.0,73.89999999999964,44.0,317.0,5.099999999998545,18.70000000001164,41.5,46.10000000000582,52.39999999999782,80.60000000000036,1.0,2.0
2025-10-03 12:00:00,1024.0,228.0,24.599999999998545,35.0,76.39999999999964,24.0,332.0,4.80000000000291,17.79999999998836,41.900000000001455,44.30000000000291,51.29999999999927,85.89999999999964,1.0,2.0
2025-10-03 13:00:00,1077.0,237.0,25.299999999995634,37.0,81.40000000000146,37.0,352.0,4.900000000001455,16.90000000000873,49.599999999998545,50.39999999999418,50.20000000000073,73.60000000000036,2.0,3.0
2025-10-03 14:00:00,1087.0,254.0,25.200000000004366,38.0,87.89999999999964,30.0,356.0,7.19999999999709,17.39999999999418,38.400000000001455,52.0,50.60000000000218,70.19999999999891,2.0,2.0
2025-10-03 15:00:00,1077.0,260.0,23.599999999998545,37.0,87.89999999999964,28.0,356.0,8.0,17.0,33.79999999999927,51.80000000000291,50.89999999999782,59.899999999999636,1.0,2.0
2025-10-03 16:00:00,1029.0,242.0,23.19999999999709,34.0,81.0,40.0,328.0,7.19999999999709,15.900000000008731,35.79999999999927,47.89999999999418,51.70000000000073,63.100000000000364,0.0,0.0
2025-10-03 17:00:00,942.0,229.0,21.0,26.0,71.29999999999927,24.0,305.0,5.5,13.299999999988358,30.600000000002183,45.70000000001164,51.20000000000073,62.899999999999636,0.0,0.0
2025-10-03 18:00:00,833.0,194.0,21.5,22.0,65.90000000000146,14.0,263.0,5.600000000005821,12.80000000000291,28.399999999997817,37.29999999998836,50.599999999998545,62.900000000001455,0.0,0.0
2025-10-03 19:00:00,765.0,175.0,18.30000000000291,20.0,62.399999999999636,14.0,235.0,5.899999999994179,13.0,25.5,37.5,50.70000000000073,58.5,0.0,0.0
2025-10-03 20:00:00,713.0,165.0,17.099999999998545,19.0,59.0,12.0,216.0,6.200000000004366,12.30000000000291,21.900000000001455,37.5,50.599999999998545,50.69999999999891,0.0,0.0
2025-10-03 21:00:00,659.0,157.0,14.5,18.0,56.899999999999636,8.0,211.0,6.099999999998545,8.69999999999709,19.400000000001455,36.0,51.0,26.30000000000109,0.0,0.0
2025-10-03 22:00:00,630.0,153.0,15.099999999998545,17.0,54.899999999999636,8.0,205.0,5.80000000000291,2.8000000000029104,18.0,35.90000000000873,51.5,17.19999999999891,0.0,0.0
2025-10-03 23:00:00,623.0,157.0,14.900000000001455,17.0,54.20000000000073,8.0,197.0,6.19999999999709,2.6999999999970896,19.5,36.30000000000291,50.30000000000291,17.200000000000728,0.0,0.0
2025-10-04 00:00:00,604.0,138.0,14.900000000001455,16.0,53.79999999999927,8.0,196.0,5.900000000001455,2.6999999999970896,19.099999999998545,36.199999999999996,50.79999999999927,16.799999999999272,0.0,0.0
2025-10-04 01:00:00,587.0,130.0,13.599999999998545,15.0,53.70000000000073,7.0,195.0,6.099999999998545,2.900000000008731,18.200000000000728,35.60000000000001,51.0,13.899999999999636,0.0,0.0
2025-10-04 02:00:00,576.0,128.0,13.599999999998545,15.0,53.19999999999891,8.0,185.0,5.900000000001455,3.3000000000029104,17.399999999997817,35.89999999999999,50.599999999998545,16.900000000001455,0.0,0.0
2025-10-04 03:00:00,579.0,130.0,13.900000000001455,14.0,54.5,8.0,184.0,6.099999999998545,3.0,18.0,36.39999999999999,51.5,16.299999999999272,0.0,0.0
2025-10-04 04:00:00,579.0,128.0,13.5,15.0,52.5,8.0,184.0,6.19999999999709,2.8999999999941792,17.200000000000728,37.5,52.400000000001455,18.0,0.0,0.0
2025-10-04 05:00:00,571.0,130.0,13.5,15.0,51.600000000000364,7.0,180.0,6.100000000005821,3.1000000000058208,16.600000000002183,36.900000000000006,51.5,16.5,0.0,0.0
2025-10-04 06:00:00,580.0,130.0,13.700000000004366,14.0,51.600000000000364,8.0,188.0,6.299999999995634,2.6999999999970896,16.399999999997817,37.29999999999998,51.5,16.299999999999272,0.0,0.0
2025-10-04 07:00:00,579.0,131.0,13.599999999998545,15.0,51.70000000000073,8.0,189.0,6.0,2.3999999999941792,16.600000000002183,36.60000000000002,51.29999999999927,13.400000000001455,0.0,1.0
2025-10-04 08:00:00,586.0,141.0,13.0,16.0,42.099999999998545,8.0,201.0,6.599999999998545,0.5,16.099999999998545,36.69999999999999,47.599999999998545,18.0,3.0,5.0
2025-10-04 09:00:00,627.0,147.0,14.0,15.0,40.20000000000073,7.0,233.0,6.80000000000291,0.10000000000582077,18.099999999998545,37.80000000000001,46.60000000000218,18.799999999999272,5.0,7.0
2025-10-04 10:00:00,714.0,158.0,14.19999999999709,16.0,53.5,8.0,233.0,6.400000000001455,11.099999999991269,17.5,36.39999999999998,51.29999999999927,62.0,0.0,1.0
2025-10-04 11:00:00,692.0,154.0,13.599999999998545,18.0,53.79999999999927,8.0,219.0,6.19999999999709,15.30000000000291,17.700000000000728,37.200000000000045,51.5,52.29999999999927,0.0,0.0
2025-10-04 12:00:00,701.0,160.0,14.200000000004366,18.0,56.400000000001455,8.0,213.0,6.099999999998545,15.19999999999709,18.200000000000728,37.5,51.70000000000073,55.5,0.0,0.0
2025-10-04 13:00:00,747.0,172.0,15.299999999995634,19.0,60.099999999998545,8.0,237.0,6.30000000000291,14.60000000000582,18.599999999998545,36.39999999999998,51.099999999998545,61.30000000000109,1.0,0.0
2025-10-04 14:00:00,747.0,175.0,17.400000000001455,21.0,54.900000000001455,8.0,253.0,6.599999999998545,11.89999999999418,18.80000000000291,36.700000000000045,48.70000000000073,45.899999999999636,2.0,4.0
2025-10-04 15:00:00,729.0,183.0,16.5,22.0,49.19999999999891,8.0,255.0,6.80000000000291,11.80000000000291,18.799999999999272,36.799999999999955,48.0,25.600000000000364,3.0,5.0
2025-10-04 16:00:00,722.0,181.0,16.30000000000291,21.0,52.399999999999636,8.0,240.0,6.69999999999709,15.80000000000291,17.399999999997817,36.89999999999998,51.79999999999927,26.69999999999891,1.0,1.0
2025-10-04 17:00:00,711.0,185.0,15.799999999995634,21.0,52.5,8.0,229.0,7.099999999998545,17.0,16.0,35.89999999999998,50.60000000000218,25.5,0.0,0.0
2025-10-04 18:00:00,686.0,172.0,15.200000000004366,20.0,51.80000000000109,7.0,219.0,7.0,16.30000000000291,16.900000000001455,36.40000000000009,51.39999999999782,24.900000000001455,0.0,0.0
2025-10-04 19:00:00,644.0,160.0,14.5,19.0,51.0,8.0,213.0,6.80000000000291,2.6999999999970896,17.0,34.09999999999991,51.10000000000218,20.099999999998545,0.0,0.0
2025-10-04 20:00:00,650.0,160.0,14.400000000001455,18.0,50.0,8.0,216.0,6.30000000000291,2.8000000000029104,18.0,33.700000000000045,51.39999999999782,24.900000000001455,0.0,0.0
2025-10-04 21:00:00,635.0,154.0,13.299999999995634,16.0,51.5,8.0,210.0,6.19999999999709,3.1999999999970896,17.099999999998545,33.200000000000045,51.60000000000218,23.0,0.0,0.0
2025-10-04 22:00:00,623.0,149.0,12.900000000001455,17.0,51.5,8.0,208.0,6.0,2.8000000000029104,17.5,32.69999999999993,52.099999999998545,20.299999999999272,0.0,0.0
2025-10-04 23:00:00,611.0,145.0,13.80000000000291,16.0,52.399999999999636,8.0,201.0,5.900000000001455,2.8000000000029104,17.80000000000291,32.89999999999998,50.79999999999927,19.5,0.0,0.0
2025-10-05 00:00:00,591.0,141.0,12.89999999999418,16.0,50.600000000000364,8.0,188.0,5.69999999999709,2.6999999999970896,18.19999999999709,31.700000000000045,50.60000000000218,20.5,0.0,0.0
2025-10-05 01:00:00,577.0,139.0,12.80000000000291,16.0,50.19999999999891,8.0,182.0,5.599999999998545,2.6999999999970896,17.30000000000291,31.600000000000023,50.5,17.399999999999636,0.0,0.0
2025-10-05 02:00:00,566.0,135.0,12.400000000001455,16.0,50.100000000000364,7.0,175.0,5.5,2.6999999999970896,16.19999999999709,31.299999999999955,50.69999999999709,20.200000000000728,0.0,0.0
2025-10-05 03:00:00,565.0,133.0,13.19999999999709,15.0,51.20000000000073,8.0,174.0,5.700000000004366,2.8000000000029104,17.0,31.200000000000045,50.60000000000218,19.19999999999891,0.0,0.0
2025-10-05 04:00:00,564.0,128.0,13.80000000000291,16.0,50.100000000000364,8.0,176.0,5.5,3.1000000000058208,17.400000000001455,31.300000000000068,50.5,20.30000000000109,0.0,0.0
2025-10-05 05:00:00,558.0,128.0,13.799999999995634,16.0,49.29999999999927,8.0,175.0,5.599999999998545,2.6999999999970896,17.200000000000728,31.5,50.89999999999782,18.69999999999891,0.0,0.0
2025-10-05 06:00:00,551.0,127.0,13.200000000004366,15.0,48.5,7.0,169.0,5.30000000000291,2.3000000000029104,17.099999999998545,31.699999999999818,50.5,18.900000000001455,0.0,0.0
2025-10-05 07:00:00,555.0,129.0,13.400000000001455,15.0,45.0,8.0,179.0,5.599999999998545,0.8999999999941792,19.600000000002183,31.700000000000045,48.400000000001455,16.5,2.0,3.0
2025-10-05 08:00:00,588.0,133.0,13.39999999999418,20.0,35.29999999999927,8.0,205.0,6.0,0.0,31.399999999997817,31.700000000000045,44.900000000001455,21.099999999998545,5.0,9.0
2025-10-05 09:00:00,615.0,135.0,13.400000000001455,21.0,31.700000000000728,8.0,229.0,8.099999999998545,0.0,35.0,32.40000000000009,43.5,19.900000000001455,9.0,12.0
2025-10-05 10:00:00,653.0,147.0,13.5,22.0,32.0,7.0,243.0,8.400000000001455,3.0,31.200000000000728,34.09999999999991,46.599999999998545,20.599999999998545,8.0,13.0
2025-10-05 11:00:00,647.0,147.0,13.80000000000291,20.0,32.600000000000364,8.0,239.0,8.799999999995634,4.100000000005821,31.099999999998545,34.299999999999955,42.79999999999927,19.80000000000109,8.0,13.0
2025-10-05 12:00:00,663.0,157.0,16.299999999995634,23.0,16.899999999999636,7.0,257.0,10.30000000000291,0.0,36.20000000000073,36.100000000000136,40.5,20.5,16.0,24.0
2025-10-05 13:00:00,719.0,174.0,16.80000000000291,25.0,20.600000000000364,7.0,279.0,11.30000000000291,1.5,43.70000000000073,35.19999999999982,43.20000000000073,17.69999999999891,16.0,24.0
2025-10-05 14:00:00,741.0,175.0,16.19999999999709,28.0,38.100000000000364,7.0,269.0,10.89999999999418,6.19999999999709,39.29999999999927,34.80000000000018,46.79999999999927,21.400000000001455,8.0,13.0
2025-10-05 15:00:00,733.0,181.0,17.80000000000291,22.0,41.79999999999927,8.0,259.0,10.200000000004366,8.89999999999418,33.70000000000073,36.09999999999991,46.10000000000218,19.299999999999272,6.0,9.0
2025-10-05 16:00:00,742.0,181.0,17.0,21.0,49.899999999999636,7.0,264.0,7.400000000001455,14.30000000000291,25.099999999998545,35.700000000000045,51.099999999998545,20.299999999999272,2.0,3.0
2025-10-05 17:00:00,725.0,169.0,16.69999999999709,20.0,52.80000000000109,8.0,265.0,7.19999999999709,15.19999999999709,20.5,32.299999999999955,50.5,19.200000000000728,1.0,1.0
2025-10-05 18:00:00,689.0,157.0,15.700000000004366,19.0,55.099999999998545,8.0,245.0,6.599999999998545,15.30000000000291,16.200000000000728,31.40000000000009,50.900000000001455,20.200000000000728,0.0,0.0
2025-10-05 19:00:00,642.0,152.0,15.5,18.0,53.600000000000364,8.0,223.0,6.0,3.3000000000029104,17.0,31.5,50.89999999999782,17.799999999999272,0.0,0.0
2025-10-05 20:00:00,625.0,150.0,14.19999999999709,16.0,54.20000000000073,8.0,207.0,5.700000000004366,2.6999999999970896,17.700000000000728,31.199999999999818,50.79999999999927,21.700000000000728,0.0,0.0
2025-10-05 21:00:00,623.0,153.0,13.599999999998545,19.0,54.29999999999927,8.0,203.0,5.599999999998545,2.8999999999941792,17.5,30.800000000000182,50.80000000000291,20.599999999998545,0.0,0.0
2025-10-05 22:00:00,606.0,145.0,13.10000000000582,18.0,53.80000000000109,8.0,192.0,5.69999999999709,2.900000000008731,18.200000000000728,31.5,50.69999999999709,20.100000000000364,0.0,0.0
2025-10-05 23:00:00,596.0,140.0,15.39999999999418,16.0,53.899999999999636,7.0,192.0,5.5,2.599999999991269,18.299999999999272,31.09999999999991,50.70000000000073,19.0,0.0,0.0
2025-10-06 00:00:00,582.0,135.0,13.5,14.0,52.19999999999891,8.0,189.0,5.599999999998545,2.8000000000029104,17.0,30.90000000000009,50.5,19.399999999999636,0.0,0.0
2025-10-06 01:00:00,562.0,129.0,12.80000000000291,15.0,52.30000000000109,8.0,179.0,5.30000000000291,2.6999999999970896,16.299999999999272,31.09999999999991,50.5,18.200000000000728,0.0,0.0
2025-10-06 02:00:00,561.0,126.0,12.400000000001455,13.0,52.0,8.0,180.0,5.400000000001455,2.7000000000116415,16.299999999999272,30.90000000000009,50.29999999999927,20.399999999999636,0.0,0.0
2025-10-06 03:00:00,569.0,124.0,13.19999999999709,14.0,52.69999999999891,7.0,190.0,5.19999999999709,2.7999999999883585,15.600000000002183,31.09999999999991,50.5,19.100000000000364,0.0,0.0
2025-10-06 04:00:00,556.0,125.0,13.099999999998545,14.0,51.30000000000109,8.0,175.0,5.200000000004366,2.7000000000116415,17.200000000000728,30.799999999999955,52.20000000000073,20.399999999999636,0.0,0.0
2025-10-06 05:00:00,556.0,124.0,13.10000000000582,13.0,51.19999999999891,8.0,177.0,5.399999999994179,3.1999999999970896,16.899999999997817,31.0,50.0,21.0,0.0,0.0
2025-10-06 06:00:00,582.0,128.0,13.69999999999709,14.0,50.0,8.0,179.0,5.100000000005821,2.8999999999941792,17.200000000000728,31.100000000000136,49.70000000000073,41.899999999999636,0.0,0.0
2025-10-06 07:00:00,601.0,132.0,15.0,14.0,46.900000000001455,7.0,194.0,5.299999999995634,0.9000000000087311,16.400000000001455,31.299999999999955,49.099999999998545,44.30000000000109,1.0,2.0
2025-10-06 08:00:00,714.0,169.0,18.30000000000291,17.0,44.29999999999927,21.0,231.0,5.5,1.2999999999883585,22.099999999998545,33.09999999999991,46.80000000000291,57.29999999999927,4.0,6.0
2025-10-06 09:00:00,991.0,212.0,22.69999999999709,28.0,50.20000000000073,84.0,335.0,6.700000000004366,1.9000000000087311,36.099999999998545,37.600000000000136,45.599999999998545,69.89999999999964,7.0,12.0
2025-10-06 10:00:00,1120.0,247.0,28.599999999998545,34.0,56.79999999999927,77.0,385.0,9.299999999995634,1.1999999999970896,56.70000000000073,39.0,47.400000000001455,72.10000000000036,12.0,18.0
2025-10-06 11:00:00,1179.0,270.0,32.200000000004366,37.0,60.5,66.0,406.0,12.400000000001455,0.0,63.400000000001455,41.19999999999982,44.400000000001455,81.89999999999964,15.0,22.0
2025-10-06 12:00:00,1160.0,272.0,34.299999999995634,37.0,65.20000000000073,32.0,422.0,11.80000000000291,0.10000000000582077,47.599999999998545,46.30000000000018,44.799999999995634,84.70000000000073,15.0,23.0
2025-10-06 13:00:00,1273.0,285.0,36.200000000004366,46.0,83.09999999999854,72.0,437.0,12.39999999999418,0.0,59.70000000000073,48.09999999999991,45.0,77.79999999999927,15.0,22.0
2025-10-06 14:00:00,1335.0,308.0,35.89999999999418,45.0,98.20000000000073,77.0,448.0,13.5,2.099999999991269,59.599999999998545,44.59999999999991,45.200000000004366,77.10000000000036,13.0,20.0
2025-10-06 15:00:00,1333.0,317.0,30.80000000000291,45.0,101.29999999999927,71.0,454.0,13.60000000000582,6.30000000000291,62.30000000000291,42.20000000000027,46.799999999995634,63.70000000000073,10.0,16.0
2025-10-06 16:00:00,1284.0,293.0,32.599999999998545,39.0,98.10000000000036,71.0,435.0,12.299999999995634,12.89999999999418,59.0,39.0,50.5,66.89999999999964,6.0,9.0
2025-10-06 17:00:00,1171.0,267.0,26.200000000004366,28.0,89.80000000000109,53.0,397.0,8.0,15.0,58.39999999999782,33.899999999999636,55.80000000000291,68.0,1.0,2.0
2025-10-06 18:00:00,990.0,226.0,24.299999999995634,23.0,74.19999999999891,16.0,335.0,15.200000000004366,13.5,39.79999999999927,32.20000000000027,55.799999999995634,71.79999999999927,0.0,0.0
2025-10-06 19:00:00,889.0,203.0,22.900000000001455,19.0,72.70000000000073,13.0,268.0,39.799999999995634,11.900000000008731,34.20000000000073,34.19999999999982,54.200000000004366,61.30000000000109,0.0,0.0
2025-10-06 20:00:00,801.0,184.0,22.099999999998545,18.0,72.5,13.0,220.0,39.400000000001455,11.39999999999418,26.5,32.70000000000027,53.69999999999709,55.29999999999927,0.0,0.0
2025-10-06 21:00:00,691.0,176.0,18.30000000000291,16.0,71.39999999999964,8.0,206.0,9.30000000000291,7.80000000000291,20.400000000001455,32.899999999999636,53.200000000004366,24.200000000000728,0.0,0.0
2025-10-06 22:00:00,646.0,167.0,15.19999999999709,16.0,67.5,8.0,200.0,5.5,2.8999999999941792,19.399999999997817,30.90000000000009,50.89999999999418,17.69999999999891,0.0,0.0
2025-10-06 23:00:00,630.0,167.0,14.099999999998545,15.0,60.5,8.0,193.0,5.799999999995634,2.7000000000116415,19.100000000002183,31.09999999999991,50.60000000000582,15.600000000000364,0.0,0.0
2025-10-07 00:00:00,616.0,156.0,14.900000000001455,15.0,57.399999999999636,8.0,195.0,5.700000000004366,2.8999999999941792,19.299999999999272,30.800000000000182,50.0,15.899999999999636,0.0,0.0
2025-10-07 01:00:00,595.0,146.0,14.200000000004366,14.0,56.399999999999636,7.0,188.0,5.0,3.1000000000058208,20.099999999998545,30.90000000000009,51.0,14.0,0.0,0.0
2025-10-07 02:00:00,589.0,136.0,15.0,14.0,56.400000000001455,8.0,187.0,5.099999999998545,3.099999999991269,21.600000000002183,31.299999999999727,51.0,16.5,0.0,0.0
2025-10-07 03:00:00,580.0,130.0,15.69999999999709,14.0,55.69999999999891,8.0,184.0,5.099999999998545,2.900000000008731,20.799999999999272,31.300000000000182,50.69999999999709,15.800000000001091,0.0,0.0
2025-10-07 04:00:00,568.0,128.0,15.0,15.0,54.70000000000073,8.0,176.0,5.0,2.8999999999941792,19.0,31.199999999999818,52.0,16.69999999999891,0.0,0.0
2025-10-07 05:00:00,561.0,129.0,14.69999999999709,14.0,53.899999999999636,7.0,170.0,5.19999999999709,2.8999999999941792,18.900000000001455,31.40000000000009,51.30000000000291,17.600000000000364,0.0,0.0
2025-10-07 06:00:00,582.0,130.0,13.900000000001455,13.0,52.600000000000364,8.0,175.0,5.0,2.6000000000058208,18.599999999998545,30.700000000000273,50.0,37.70000000000073,0.0,0.0
2025-10-07 07:00:00,616.0,137.0,16.200000000004366,14.0,48.69999999999891,8.0,197.0,5.200000000004366,1.3000000000029104,17.900000000001455,31.5,49.099999999998545,44.899999999999636,1.0,2.0
2025-10-07 08:00:00,713.0,159.0,17.799999999995634,19.0,41.600000000000364,22.0,235.0,5.5,0.5999999999912689,23.099999999998545,31.399999999999636,46.5,57.899999999999636,6.0,9.0
2025-10-07 09:00:00,939.0,219.0,20.80000000000291,30.0,44.399999999999636,50.0,320.0,5.900000000001455,0.9000000000087311,27.900000000001455,35.40000000000009,44.400000000001455,75.0,10.0,16.0
2025-10-07 10:00:00,1090.0,264.0,27.099999999998545,37.0,54.100000000000364,54.0,370.0,9.19999999999709,0.0,47.69999999999709,37.59999999999991,46.5,75.5,13.0,20.0
2025-10-07 11:00:00,1162.0,273.0,30.5,39.0,62.899999999999636,54.0,404.0,11.5,0.0,55.20000000000073,39.40000000000009,42.599999999998545,82.39999999999964,15.0,22.0
2025-10-07 12:00:00,1163.0,282.0,35.400000000001455,37.0,64.40000000000146,32.0,418.0,12.099999999998545,0.0,51.20000000000073,40.5,42.0,83.20000000000073,16.0,23.0
2025-10-07 13:00:00,1305.0,327.0,37.69999999999709,42.0,88.29999999999927,70.0,429.0,12.599999999998545,2.6999999999970896,60.0,43.40000000000009,44.69999999999709,76.20000000000073,12.0,20.0
2025-10-07 14:00:00,1312.0,326.0,30.400000000001455,44.0,102.39999999999964,75.0,416.0,12.400000000001455,10.10000000000582,49.29999999999927,41.59999999999991,50.200000000004366,76.09999999999854,6.0,8.0
2025-10-07 15:00:00,1318.0,322.0,29.19999999999709,38.0,109.5,94.0,412.0,11.30000000000291,14.19999999999709,52.400000000001455,42.90000000000009,51.599999999998545,65.29999999999927,2.0,4.0
2025-10-07 16:00:00,1244.0,292.0,26.60000000000582,37.0,98.80000000000109,83.0,415.0,8.799999999995634,16.09999999999127,39.79999999999927,38.5,53.099999999998545,64.40000000000146,1.0,2.0
2025-10-07 17:00:00,1133.0,267.0,23.89999999999418,30.0,82.29999999999927,61.0,385.0,7.400000000001455,14.700000000011642,37.29999999999927,36.90000000000009,53.599999999998545,65.90000000000146,1.0,0.0
2025-10-07 18:00:00,986.0,245.0,20.10000000000582,25.0,77.20000000000073,21.0,332.0,6.0,13.599999999991269,32.20000000000073,34.19999999999982,52.599999999998545,66.09999999999854,0.0,0.0
2025-10-07 19:00:00,887.0,215.0,17.299999999995634,21.0,72.09999999999854,16.0,296.0,6.0,12.80000000000291,28.599999999998545,33.40000000000009,52.80000000000291,62.099999999998545,0.0,0.0
2025-10-07 20:00:00,821.0,198.0,17.599999999998545,17.0,67.20000000000073,13.0,273.0,6.099999999998545,12.69999999999709,23.5,31.699999999999818,52.69999999999709,55.30000000000291,0.0,0.0
2025-10-07 21:00:00,743.0,187.0,17.400000000001455,16.0,70.0,8.0,247.0,6.0,7.600000000005821,21.100000000002183,32.40000000000009,52.10000000000582,27.19999999999709,0.0,0.0
2025-10-07 22:00:00,684.0,181.0,13.900000000001455,14.0,62.600000000000364,8.0,224.0,5.80000000000291,2.8000000000029104,19.700000000000728,31.5,51.599999999998545,19.30000000000291,0.0,0.0
2025-10-07 23:00:00,654.0,172.0,13.099999999998545,15.0,59.69999999999891,8.0,211.0,5.5,2.7999999999883585,19.5,31.700000000000273,51.5,17.799999999999272,0.0,0.0
2025-10-08 00:00:00,641.0,168.0,14.200000000004366,14.0,58.70000000000073,8.0,201.0,5.69999999999709,2.8000000000029104,19.799999999999272,31.09999999999991,51.299999999995634,17.399999999997817,0.0,0.0
2025-10-08 01:00:00,630.0,161.0,14.89999999999418,14.0,59.0,8.0,200.0,5.5,2.8000000000029104,20.299999999999272,31.40000000000009,51.5,14.700000000000728,0.0,0.0
2025-10-08 02:00:00,625.0,158.0,15.10000000000582,13.0,57.79999999999927,8.0,198.0,5.80000000000291,2.8000000000029104,20.799999999999272,31.199999999999818,51.60000000000582,17.5,0.0,0.0
2025-10-08 03:00:00,622.0,159.0,14.599999999998545,13.0,57.30000000000109,7.0,196.0,5.69999999999709,3.099999999991269,18.600000000002183,31.59999999999991,51.5,17.100000000002183,0.0,0.0
2025-10-08 04:00:00,620.0,157.0,14.5,12.0,55.399999999999636,8.0,198.0,5.600000000005821,3.0,18.099999999998545,31.09999999999991,52.0,18.0,0.0,0.0
2025-10-08 05:00:00,607.0,155.0,14.599999999998545,13.0,55.20000000000073,8.0,188.0,5.5,3.0,17.700000000000728,31.800000000000182,51.5,18.799999999999272,0.0,0.0
2025-10-08 06:00:00,628.0,157.0,14.30000000000291,13.0,54.19999999999891,8.0,187.0,5.5,2.400000000008731,17.899999999997817,31.699999999999818,51.19999999999709,38.39999999999782,0.0,0.0
2025-10-08 07:00:00,647.0,161.0,14.89999999999418,13.0,55.0,7.0,193.0,5.69999999999709,2.099999999991269,18.400000000001455,30.90000000000009,50.19999999999709,45.80000000000291,0.0,1.0
2025-10-08 08:00:00,798.0,188.0,20.200000000004366,18.0,54.399999999999636,38.0,240.0,5.599999999998545,4.0,30.099999999998545,33.09999999999991,49.30000000000291,61.79999999999927,2.0,4.0
2025-10-08 09:00:00,1005.0,246.0,22.799999999995634,27.0,56.70000000000073,58.0,305.0,6.099999999998545,6.5,45.10000000000218,37.30000000000018,49.400000000001455,74.89999999999782,5.0,7.0
2025-10-08 10:00:00,1157.0,286.0,26.80000000000291,38.0,67.0,56.0,374.0,7.30000000000291,7.600000000005821,46.599999999998545,54.69999999999982,50.69999999999709,71.80000000000291,5.0,8.0
2025-10-08 11:00:00,1248.0,293.0,26.69999999999709,46.0,67.79999999999927,82.0,408.0,8.400000000001455,1.3000000000029104,48.10000000000218,68.90000000000009,45.400000000001455,81.59999999999854,13.0,20.0
2025-10-08 12:00:00,1320.0,320.0,34.200000000004366,47.0,77.40000000000146,78.0,434.0,9.900000000001455,2.3000000000029104,49.19999999999709,67.40000000000009,43.599999999998545,82.79999999999927,14.0,21.0
2025-10-08 13:00:00,1335.0,327.0,29.5,46.0,96.59999999999854,47.0,450.0,9.299999999995634,7.69999999999709,54.70000000000073,68.90000000000009,47.900000000001455,71.79999999999927,9.0,13.0
2025-10-08 14:00:00,1451.0,371.0,32.099999999998545,47.0,104.0,82.0,455.0,10.200000000004366,9.80000000000291,52.79999999999927,70.59999999999991,49.80000000000291,77.0,6.0,10.0
2025-10-08 15:00:00,1420.0,375.0,29.5,44.0,97.79999999999927,98.0,438.0,9.89999999999418,11.89999999999418,53.0,65.5,49.299999999995634,61.900000000001455,6.0,9.0
2025-10-08 16:00:00,1305.0,358.0,29.400000000001455,39.0,100.10000000000218,36.0,425.0,10.0,15.19999999999709,52.80000000000291,47.399999999999636,50.700000000004366,62.900000000001455,4.0,8.0
2025-10-08 17:00:00,1150.0,303.0,24.400000000001455,33.0,99.0,26.0,374.0,8.900000000001455,16.19999999999709,44.89999999999782,37.900000000000546,52.799999999995634,59.0,1.0,1.0
2025-10-08 18:00:00,1000.0,255.0,23.89999999999418,30.0,82.89999999999782,13.0,316.0,15.599999999998545,15.700000000011642,32.29999999999927,32.30000000000018,52.400000000001455,64.29999999999927,0.0,0.0
2025-10-08 19:00:00,922.0,229.0,20.700000000004366,27.0,78.70000000000073,14.0,268.0,41.200000000004366,13.89999999999418,26.200000000000728,31.799999999999272,51.400000000001455,60.599999999998545,0.0,0.0
2025-10-08 20:00:00,832.0,211.0,20.900000000001455,22.0,73.10000000000218,12.0,228.0,40.299999999995634,12.89999999999418,22.0,31.0,51.19999999999709,54.10000000000218,0.0,0.0
2025-10-08 21:00:00,738.0,195.0,19.5,22.0,68.0,10.0,220.0,16.0,7.100000000005821,21.0,31.600000000000364,50.900000000001455,25.69999999999709,0.0,0.0
2025-10-08 22:00:00,688.0,188.0,18.799999999995634,21.0,66.09999999999854,9.0,210.0,5.80000000000291,3.0,19.299999999999272,30.899999999999636,51.400000000001455,17.400000000001455,0.0,0.0
2025-10-08 23:00:00,669.0,182.0,16.900000000001455,21.0,68.29999999999927,10.0,194.0,5.599999999998545,2.8999999999941792,20.400000000001455,31.900000000000546,51.0,17.200000000000728,0.0,0.0
2025-10-09 00:00:00,656.0,176.0,15.69999999999709,22.0,67.10000000000218,9.0,192.0,5.80000000000291,2.7000000000116415,20.400000000001455,31.300000000000182,50.900000000001455,16.299999999999272,0.0,0.0
2025-10-09 01:00:00,639.0,168.0,14.60000000000582,20.0,66.0,8.0,190.0,5.5,2.7999999999883585,19.5,31.399999999999636,50.799999999995634,13.900000000001455,0.0,0.0
2025-10-09 02:00:00,618.0,159.0,13.89999999999418,20.0,63.89999999999782,9.0,182.0,5.799999999995634,3.2000000000116415,18.599999999998545,31.300000000000182,50.400000000001455,17.399999999997817,0.0,0.0
2025-10-09 03:00:00,604.0,157.0,13.0,20.0,62.400000000001455,10.0,172.0,7.700000000004366,3.099999999991269,17.599999999998545,30.599999999999454,50.400000000001455,15.700000000000728,0.0,0.0
2025-10-09 04:00:00,595.0,155.0,13.700000000004366,18.0,59.099999999998545,8.0,174.0,6.0,2.6999999999970896,17.600000000002183,30.800000000000182,50.299999999995634,17.400000000001455,0.0,0.0
2025-10-09 05:00:00,601.0,156.0,14.599999999998545,16.0,59.20000000000073,9.0,176.0,5.099999999998545,3.1000000000058208,19.0,30.600000000000364,50.30000000000291,17.5,0.0,0.0
2025-10-09 06:00:00,615.0,153.0,14.30000000000291,17.0,57.400000000001455,8.0,175.0,4.69999999999709,2.5,18.200000000000728,30.599999999999454,50.099999999998545,39.29999999999927,0.0,0.0
2025-10-09 07:00:00,641.0,162.0,14.799999999995634,17.0,54.39999999999782,8.0,192.0,5.200000000004366,1.6000000000058208,18.299999999999272,31.200000000000728,47.700000000004366,43.89999999999782,2.0,3.0
2025-10-09 08:00:00,743.0,185.0,15.700000000004366,20.0,51.60000000000218,36.0,222.0,5.19999999999709,1.6999999999970896,22.700000000000728,31.699999999999818,45.69999999999709,57.30000000000291,5.0,8.0
2025-10-09 09:00:00,961.0,231.0,21.69999999999709,25.0,49.19999999999709,77.0,305.0,6.0,0.19999999999708962,29.299999999999272,38.099999999999454,43.19999999999709,67.89999999999782,10.0,15.0
2025-10-09 10:00:00,1097.0,265.0,28.400000000001455,34.0,52.70000000000073,73.0,364.0,8.30000000000291,0.19999999999708962,39.20000000000073,43.20000000000073,45.200000000004366,72.60000000000218,13.0,20.0
2025-10-09 11:00:00,1190.0,276.0,32.900000000001455,39.0,56.70000000000073,69.0,404.0,10.799999999995634,1.4000000000087311,47.599999999998545,44.099999999999454,44.0,83.09999999999854,15.0,22.0
2025-10-09 12:00:00,1208.0,272.0,29.69999999999709,41.0,69.90000000000146,36.0,436.0,9.400000000001455,7.69999999999709,46.29999999999927,40.19999999999982,46.599999999998545,80.29999999999927,7.0,12.0
2025-10-09 13:00:00,1264.0,286.0,27.19999999999709,41.0,73.19999999999709,53.0,440.0,10.400000000001455,7.80000000000291,63.5,47.20000000000073,46.5,72.20000000000073,10.0,15.0
2025-10-09 14:00:00,1286.0,297.0,28.5,43.0,74.90000000000146,51.0,446.0,11.5,7.69999999999709,58.5,53.399999999999636,46.900000000001455,68.20000000000073,9.0,14.0
2025-10-09 15:00:00,1267.0,316.0,30.0,41.0,93.5,37.0,421.0,10.19999999999709,13.0,53.10000000000218,49.399999999999636,49.400000000001455,59.0,5.0,8.0
2025-10-09 16:00:00,1184.0,297.0,27.10000000000582,39.0,82.90000000000146,37.0,400.0,9.0,14.5,48.0,38.600000000000364,50.19999999999709,59.79999999999927,5.0,8.0
2025-10-09 17:00:00,1050.0,265.0,23.19999999999709,30.0,79.89999999999782,29.0,346.0,7.400000000001455,12.69999999999709,42.099999999998545,33.5,51.80000000000291,58.70000000000073,1.0,1.0
2025-10-09 18:00:00,922.0,213.0,18.400000000001455,23.0,68.40000000000146,15.0,299.0,28.400000000001455,11.30000000000291,34.70000000000073,31.800000000000182,51.19999999999709,68.0,0.0,0.0
2025-10-09 19:00:00,842.0,189.0,16.69999999999709,19.0,65.89999999999782,13.0,262.0,39.599999999998545,12.099999999991269,32.099999999998545,31.399999999999636,51.5,57.20000000000073,0.0,0.0
2025-10-09 20:00:00,770.0,177.0,16.599999999998545,18.0,61.400000000001455,10.0,225.0,39.0,10.200000000011642,29.5,30.699999999999818,50.900000000001455,52.39999999999782,0.0,0.0
2025-10-09 21:00:00,692.0,169.0,15.200000000004366,19.0,60.099999999998545,9.0,210.0,24.200000000004366,7.69999999999709,25.200000000000728,30.400000000000546,50.599999999998545,25.5,0.0,0.0
2025-10-09 22:00:00,646.0,167.0,13.099999999998545,18.0,57.400000000001455,10.0,204.0,4.599999999998545,5.19999999999709,22.700000000000728,31.399999999999636,50.900000000001455,17.299999999999272,0.0,0.0
2025-10-09 23:00:00,622.0,160.0,13.099999999998545,19.0,55.79999999999927,8.0,194.0,4.599999999998545,5.0,22.5,30.699999999999818,50.0,15.600000000002183,0.0,0.0
2025-10-10 00:00:00,604.0,152.0,12.700000000004366,19.0,53.79999999999927,8.0,187.0,4.599999999998545,5.19999999999709,21.399999999997817,29.900000000000546,49.799999999995634,16.700000000000728,0.0,0.0
2025-10-10 01:00:00,582.0,147.0,12.69999999999709,16.0,51.30000000000291,8.0,182.0,4.5,5.100000000005821,21.5,30.199999999999818,49.80000000000291,13.5,0.0,0.0
2025-10-10 02:00:00,580.0,142.0,13.19999999999709,16.0,48.69999999999709,8.0,181.0,4.700000000004366,5.0,20.600000000002183,30.800000000000182,49.599999999998545,16.19999999999709,0.0,0.0
2025-10-10 03:00:00,566.0,141.0,12.700000000004366,15.0,46.70000000000073,8.0,175.0,4.299999999995634,5.19999999999709,20.599999999998545,30.5,49.400000000001455,15.200000000000728,0.0,0.0
2025-10-10 04:00:00,563.0,140.0,12.299999999995634,14.0,45.20000000000073,7.0,176.0,4.30000000000291,5.30000000000291,19.0,30.599999999999454,50.5,17.0,0.0,0.0
2025-10-10 05:00:00,560.0,139.0,12.700000000004366,15.0,45.099999999998545,9.0,170.0,4.400000000001455,5.399999999994179,18.5,30.300000000000182,50.80000000000291,17.0,0.0,0.0
2025-10-10 06:00:00,592.0,141.0,13.799999999995634,15.0,45.20000000000073,7.0,176.0,4.399999999994179,5.0,19.200000000000728,30.5,50.19999999999709,39.10000000000218,0.0,0.0
2025-10-10 07:00:00,605.0,150.0,13.80000000000291,16.0,40.900000000001455,10.0,179.0,4.80000000000291,3.900000000008731,19.299999999999272,30.300000000000182,47.80000000000291,45.79999999999927,1.0,2.0
2025-10-10 08:00:00,680.0,167.0,16.400000000001455,19.0,34.29999999999927,16.0,211.0,4.80000000000291,0.5999999999912689,27.100000000002183,32.899999999999636,45.0,56.70000000000073,6.0,10.0
2025-10-10 09:00:00,877.0,209.0,19.599999999998545,26.0,34.5,46.0,288.0,5.799999999995634,0.5,40.29999999999927,36.900000000000546,42.39999999999418,67.5,11.0,16.0
2025-10-10 10:00:00,1027.0,240.0,21.0,29.0,38.599999999998545,58.0,359.0,6.700000000004366,0.0,51.29999999999927,44.30000000000018,44.700000000004366,67.69999999999709,13.0,20.0
2025-10-10 11:00:00,1086.0,262.0,22.099999999998545,32.0,45.0,54.0,360.0,8.19999999999709,0.0,54.79999999999927,42.399999999999636,42.0,81.80000000000291,15.0,23.0
2025-10-10 12:00:00,1084.0,261.0,28.400000000001455,35.0,51.5,22.0,386.0,8.900000000001455,0.0,47.60000000000218,41.0,39.19999999999709,80.39999999999782,16.0,24.0
2025-10-10 13:00:00,1171.0,279.0,28.900000000001455,37.0,56.60000000000218,53.0,396.0,12.0,0.0,62.39999999999782,47.0,38.80000000000291,74.5,16.0,24.0
2025-10-10 14:00:00,1201.0,288.0,32.5,34.0,65.09999999999854,38.0,409.0,9.5,2.5,64.70000000000073,49.399999999999636,41.19999999999709,70.90000000000146,14.0,21.0
2025-10-10 15:00:00,1170.0,294.0,32.19999999999709,34.0,69.90000000000146,18.0,405.0,9.099999999998545,8.5,53.79999999999927,48.20000000000073,45.30000000000291,62.29999999999927,10.0,16.0
2025-10-10 16:00:00,1116.0,284.0,26.099999999998545,31.0,72.89999999999782,15.0,389.0,8.0,13.900000000008731,47.400000000001455,48.69999999999982,49.799999999995634,60.79999999999927,6.0,9.0
2025-10-10 17:00:00,996.0,247.0,22.60000000000582,25.0,68.20000000000073,15.0,342.0,8.30000000000291,14.5,38.0,40.30000000000018,51.900000000001455,59.79999999999927,1.0,2.0
2025-10-10 18:00:00,941.0,218.0,19.799999999995634,24.0,65.70000000000073,15.0,293.0,38.69999999999709,15.099999999991269,32.099999999998545,39.29999999999927,52.099999999998545,66.0,0.0,0.0
2025-10-10 19:00:00,839.0,198.0,17.0,22.0,59.5,11.0,248.0,38.599999999998545,15.10000000000582,27.100000000002183,37.70000000000073,51.60000000000582,59.5,0.0,0.0
2025-10-10 20:00:00,744.0,185.0,16.80000000000291,21.0,57.0,9.0,222.0,6.30000000000291,14.19999999999709,24.69999999999709,35.899999999999636,51.5,50.900000000001455,0.0,0.0
2025-10-10 21:00:00,670.0,170.0,16.19999999999709,20.0,53.900000000001455,9.0,206.0,4.19999999999709,8.69999999999709,22.900000000001455,36.30000000000018,51.299999999995634,24.400000000001455,0.0,0.0
2025-10-10 22:00:00,628.0,163.0,14.5,19.0,48.79999999999927,10.0,193.0,3.8000000000029104,5.80000000000291,21.599999999998545,34.599999999999454,50.900000000001455,16.599999999998545,0.0,0.0
2025-10-10 23:00:00,612.0,158.0,15.0,17.0,46.599999999998545,9.0,188.0,4.0,6.100000000005821,22.0,34.900000000000546,51.099999999998545,15.299999999999272,0.0,0.0
2025-10-11 00:00:00,595.0,155.0,14.700000000004366,16.0,44.20000000000073,9.0,179.0,3.6999999999970896,6.099999999991269,22.0,35.099999999999454,51.5,15.799999999999272,0.0,0.0
2025-10-11 01:00:00,578.0,150.0,13.69999999999709,16.0,42.79999999999927,10.0,173.0,3.8000000000029104,5.80000000000291,21.100000000002183,34.70000000000073,51.0,13.900000000001455,0.0,0.0
2025-10-11 02:00:00,572.0,146.0,14.19999999999709,15.0,41.79999999999927,9.0,172.0,3.599999999998545,5.899999999994179,21.200000000000728,34.399999999999636,51.0,16.0,0.0,0.0
2025-10-11 03:00:00,559.0,142.0,13.30000000000291,15.0,42.0,9.0,167.0,3.6999999999970896,5.900000000008731,21.099999999998545,34.899999999999636,50.80000000000291,14.799999999999272,0.0,0.0
2025-10-11 04:00:00,567.0,145.0,14.099999999998545,15.0,42.10000000000218,9.0,168.0,3.7000000000043656,5.599999999991269,21.900000000001455,35.100000000000364,51.0,15.900000000001455,0.0,0.0
2025-10-11 05:00:00,573.0,145.0,13.900000000001455,14.0,41.29999999999927,8.0,175.0,3.7999999999956344,5.400000000008731,21.399999999997817,35.30000000000018,51.299999999995634,15.099999999998545,0.0,0.0
2025-10-11 06:00:00,567.0,146.0,14.099999999998545,14.0,40.70000000000073,9.0,169.0,3.5,5.099999999991269,20.5,35.599999999999454,51.0,15.299999999999272,0.0,0.0
2025-10-11 07:00:00,559.0,145.0,14.400000000001455,16.0,36.70000000000073,9.0,172.0,4.0,3.8000000000029104,19.900000000001455,35.70000000000073,49.400000000001455,13.5,1.0,2.0
2025-10-11 08:00:00,575.0,147.0,13.400000000001455,15.0,28.69999999999709,11.0,184.0,4.0,0.19999999999708962,32.0,35.599999999999454,45.700000000004366,17.0,6.0,9.0
2025-10-11 09:00:00,622.0,153.0,14.400000000001455,15.0,22.100000000002183,8.0,215.0,4.700000000004366,0.0,40.79999999999927,36.5,43.0,32.10000000000218,10.0,16.0
2025-10-11 10:00:00,668.0,162.0,16.19999999999709,16.0,20.0,9.0,234.0,4.900000000001455,0.0,36.599999999998545,37.19999999999982,40.599999999998545,50.099999999998545,14.0,20.0
2025-10-11 11:00:00,695.0,168.0,16.19999999999709,18.0,17.899999999997817,10.0,252.0,5.5,0.0,37.0,39.600000000000364,38.5,50.5,15.0,23.0
2025-10-11 12:00:00,725.0,177.0,20.0,22.0,18.5,9.0,257.0,6.5,0.0,37.400000000001455,39.69999999999982,37.900000000001455,54.60000000000218,16.0,23.0
2025-10-11 13:00:00,771.0,189.0,20.10000000000582,25.0,24.900000000001455,11.0,269.0,8.599999999998545,1.5,38.599999999998545,38.80000000000018,38.89999999999418,57.79999999999927,14.0,22.0
2025-10-11 14:00:00,795.0,198.0,20.799999999995634,26.0,32.599999999998545,9.0,276.0,9.69999999999709,4.5,41.900000000001455,38.5,41.900000000001455,46.89999999999782,11.0,16.0
2025-10-11 15:00:00,782.0,198.0,20.400000000001455,23.0,42.20000000000073,9.0,270.0,9.30000000000291,11.30000000000291,43.400000000001455,37.0,46.200000000004366,22.400000000001455,7.0,11.0
2025-10-11 16:00:00,783.0,205.0,21.900000000001455,20.0,44.5,12.0,263.0,9.099999999998545,14.900000000008731,37.099999999998545,37.30000000000018,48.39999999999418,20.400000000001455,6.0,10.0
2025-10-11 17:00:00,758.0,194.0,20.299999999995634,20.0,57.70000000000073,12.0,247.0,7.400000000001455,18.29999999998836,25.099999999998545,36.899999999999636,52.30000000000291,19.5,0.0,1.0
2025-10-11 18:00:00,721.0,186.0,19.30000000000291,21.0,55.900000000001455,11.0,227.0,7.0,15.5,22.30000000000291,36.5,52.19999999999709,19.0,0.0,0.0
2025-10-11 19:00:00,683.0,182.0,18.599999999998545,22.0,54.0,10.0,209.0,6.599999999998545,2.7000000000116415,21.399999999997817,37.100000000000364,52.60000000000582,18.599999999998545,0.0,0.0
2025-10-11 20:00:00,657.0,173.0,17.900000000001455,19.0,51.19999999999709,10.0,197.0,6.599999999998545,2.7999999999883585,21.799999999999272,36.0,52.599999999998545,21.099999999998545,0.0,0.0
2025-10-11 21:00:00,656.0,171.0,17.0,16.0,52.30000000000291,11.0,203.0,6.30000000000291,2.7000000000116415,20.80000000000291,36.399999999999636,52.299999999995634,19.700000000000728,0.0,0.0
2025-10-11 22:00:00,634.0,163.0,15.900000000001455,16.0,51.5,11.0,195.0,6.299999999995634,2.6999999999970896,20.5,35.900000000000546,52.0,16.700000000000728,0.0,0.0
2025-10-11 23:00:00,620.0,157.0,14.69999999999709,17.0,48.599999999998545,11.0,196.0,6.0,2.6999999999970896,21.099999999998545,33.599999999999454,52.10000000000582,16.0,0.0,0.0
2025-10-12 00:00:00,599.0,151.0,14.30000000000291,15.0,47.5,10.0,184.0,6.0,2.6999999999970896,21.5,32.30000000000018,52.099999999998545,16.299999999999272,0.0,0.0
2025-10-12 01:00:00,584.0,149.0,14.599999999998545,14.0,45.900000000001455,8.0,180.0,5.80000000000291,2.6000000000058208,20.099999999998545,32.30000000000018,51.799999999995634,13.5,0.0,0.0
2025-10-12 02:00:00,581.0,146.0,13.599999999998545,14.0,46.099999999998545,11.0,177.0,5.80000000000291,2.599999999991269,19.80000000000291,31.399999999999636,51.5,16.700000000000728,0.0,0.0
2025-10-12 03:00:00,577.0,145.0,13.900000000001455,14.0,46.400000000001455,10.0,177.0,5.799999999995634,2.7000000000116415,20.099999999998545,31.100000000000364,51.5,15.700000000000728,0.0,0.0
2025-10-12 04:00:00,571.0,144.0,13.80000000000291,13.0,44.5,9.0,173.0,5.700000000004366,2.599999999991269,21.5,30.599999999999454,51.700000000004366,16.200000000000728,0.0,0.0
2025-10-12 05:00:00,567.0,141.0,14.099999999998545,14.0,43.39999999999782,12.0,171.0,5.69999999999709,2.6999999999970896,21.200000000000728,30.800000000000182,51.400000000001455,15.69999999999709,0.0,0.0
2025-10-12 06:00:00,565.0,143.0,14.5,13.0,44.5,8.0,170.0,5.599999999998545,2.400000000008731,20.899999999997817,30.800000000000182,51.099999999998545,15.30000000000291,0.0,0.0
2025-10-12 07:00:00,572.0,147.0,14.599999999998545,15.0,39.400000000001455,10.0,181.0,5.900000000001455,1.0,21.5,30.699999999999818,49.099999999998545,13.599999999998545,2.0,3.0
2025-10-12 08:00:00,590.0,158.0,15.5,14.0,30.799999999999272,10.0,197.0,6.30000000000291,0.0,21.200000000000728,31.300000000000182,46.69999999999709,17.299999999999272,5.0,8.0
2025-10-12 09:00:00,631.0,173.0,15.099999999998545,17.0,26.400000000001455,10.0,227.0,6.69999999999709,0.0,22.400000000001455,32.100000000000364,44.30000000000291,18.100000000002183,8.0,12.0
2025-10-12 10:00:00,691.0,190.0,16.0,19.0,32.0,10.0,237.0,7.30000000000291,5.899999999994179,22.899999999997817,32.69999999999982,46.5,25.099999999998545,6.0,9.0
2025-10-12 11:00:00,747.0,204.0,17.599999999998545,19.0,24.099999999998545,56.0,239.0,8.0,4.0,27.700000000000728,33.0,44.80000000000291,25.299999999999272,10.0,16.0
2025-10-12 12:00:00,850.0,217.0,21.30000000000291,21.0,25.200000000000728,122.0,249.0,8.799999999995634,4.100000000005821,27.700000000000728,34.0,45.0,27.200000000000728,11.0,16.0
2025-10-12 13:00:00,852.0,223.0,20.099999999998545,23.0,21.399999999997817,114.0,262.0,9.599999999998545,1.5,27.599999999998545,35.69999999999982,43.19999999999709,24.5,14.0,21.0
2025-10-12 14:00:00,886.0,233.0,18.599999999998545,25.0,23.80000000000291,113.0,275.0,9.60000000000582,2.3000000000029104,28.5,35.80000000000018,43.0,27.799999999999272,12.0,19.0
2025-10-12 15:00:00,859.0,233.0,18.10000000000582,26.0,36.69999999999709,71.0,268.0,9.5,9.0,28.200000000000728,35.69999999999982,45.599999999998545,26.700000000000728,10.0,14.0
2025-10-12 16:00:00,835.0,223.0,16.599999999998545,23.0,47.400000000001455,58.0,260.0,8.099999999998545,13.89999999999418,26.799999999999272,33.5,49.099999999998545,25.400000000001455,4.0,7.0
2025-10-12 17:00:00,774.0,192.0,16.299999999995634,18.0,56.099999999998545,45.0,249.0,7.19999999999709,16.39999999999418,26.0,31.5,51.80000000000291,16.69999999999709,0.0,1.0
2025-10-12 18:00:00,715.0,172.0,15.5,17.0,54.10000000000218,11.0,219.0,36.700000000004366,15.60000000000582,24.600000000002183,32.19999999999982,52.5,15.900000000001455,0.0,0.0
2025-10-12 19:00:00,689.0,161.0,15.5,18.0,52.29999999999927,11.0,219.0,41.19999999999709,2.8000000000029104,23.799999999999272,32.0,52.0,13.599999999998545,0.0,0.0
2025-10-12 20:00:00,661.0,154.0,15.200000000004366,17.0,47.5,10.0,214.0,29.099999999998545,2.6999999999970896,20.599999999998545,31.699999999999818,52.099999999998545,17.5,0.0,0.0
2025-10-12 21:00:00,603.0,147.0,14.69999999999709,17.0,46.099999999998545,9.0,195.0,6.0,2.6999999999970896,21.400000000001455,31.300000000000182,51.80000000000291,16.0,0.0,0.0
2025-10-12 22:00:00,602.0,144.0,15.200000000004366,18.0,45.70000000000073,10.0,193.0,5.599999999998545,2.6000000000058208,21.0,31.699999999999818,51.599999999998545,16.700000000000728,0.0,0.0
2025-10-12 23:00:00,595.0,135.0,15.19999999999709,17.0,45.400000000001455,12.0,193.0,5.900000000001455,2.6999999999970896,22.900000000001455,32.30000000000018,51.400000000001455,15.900000000001455,0.0,0.0
2025-10-13 00:00:00,587.0,134.0,15.099999999998545,16.0,44.599999999998545,9.0,192.0,5.599999999998545,2.6999999999970896,22.099999999998545,31.699999999999818,51.69999999999709,16.599999999998545,0.0,0.0
2025-10-13 01:00:00,565.0,133.0,14.200000000004366,14.0,44.29999999999927,10.0,178.0,5.700000000004366,2.900000000008731,20.099999999998545,31.800000000000182,51.099999999998545,15.200000000000728,0.0,0.0
2025-10-13 02:00:00,565.0,130.0,13.39999999999418,14.0,43.80000000000291,10.0,184.0,5.400000000001455,2.7999999999883585,19.200000000000728,31.100000000000364,50.900000000001455,16.799999999999272,0.0,0.0
2025-10-13 03:00:00,568.0,129.0,13.900000000001455,14.0,44.099999999998545,9.0,187.0,5.399999999994179,2.7000000000116415,19.600000000002183,31.599999999999454,51.0,15.799999999999272,0.0,0.0
2025-10-13 04:00:00,560.0,128.0,13.700000000004366,14.0,42.79999999999927,9.0,181.0,5.30000000000291,2.599999999991269,19.799999999999272,30.800000000000182,51.200000000004366,16.100000000002183,0.0,0.0
2025-10-13 05:00:00,557.0,126.0,14.0,14.0,43.10000000000218,9.0,182.0,5.5,2.8000000000029104,20.0,31.300000000000182,51.19999999999709,15.299999999999272,0.0,0.0
2025-10-13 06:00:00,557.0,126.0,13.799999999995634,14.0,42.89999999999782,12.0,174.0,5.30000000000291,2.8000000000029104,20.099999999998545,30.899999999999636,50.900000000001455,18.400000000001455,0.0,0.0
2025-10-13 07:00:00,592.0,138.0,15.80000000000291,14.0,38.0,35.0,181.0,5.299999999995634,1.0999999999912689,22.200000000000728,31.600000000000364,49.400000000001455,17.69999999999709,2.0,3.0
2025-10-13 08:00:00,686.0,149.0,14.799999999995634,15.0,28.700000000000728,92.0,211.0,5.700000000004366,0.0,23.200000000000728,31.199999999999818,45.799999999995634,28.100000000002183,6.0,8.0
2025-10-13 09:00:00,701.0,149.0,14.700000000004366,16.0,22.099999999998545,78.0,248.0,6.299999999995634,0.0,21.899999999997817,33.19999999999982,43.80000000000291,27.299999999999272,9.0,15.0
2025-10-13 10:00:00,734.0,155.0,17.19999999999709,16.0,22.700000000000728,78.0,259.0,7.099999999998545,3.0,25.400000000001455,32.900000000000546,43.19999999999709,28.099999999998545,9.0,14.0
2025-10-13 11:00:00,747.0,166.0,17.30000000000291,17.0,25.900000000001455,75.0,261.0,8.10000000000582,3.6000000000058208,26.299999999999272,32.5,42.099999999998545,27.600000000002183,10.0,15.0
2025-10-13 12:00:00,775.0,170.0,22.5,18.0,17.099999999998545,83.0,279.0,9.599999999998545,0.5,29.600000000002183,33.899999999999636,38.400000000001455,28.0,15.0,22.0
2025-10-13 13:00:00,812.0,190.0,23.0,26.0,24.799999999999272,74.0,289.0,9.5,0.10000000000582077,30.5,35.0,38.0,25.0,14.0,22.0
2025-10-13 14:00:00,848.0,203.0,20.599999999998545,25.0,33.900000000001455,67.0,295.0,9.400000000001455,2.6999999999970896,33.5,35.69999999999982,40.200000000004366,27.799999999999272,13.0,19.0
2025-10-13 15:00:00,875.0,206.0,21.0,22.0,45.0,65.0,308.0,9.19999999999709,9.69999999999709,31.69999999999709,35.20000000000073,44.599999999998545,25.799999999999272,9.0,14.0
2025-10-13 16:00:00,822.0,197.0,19.900000000001455,21.0,54.0,25.0,294.0,8.5,16.0,30.0,34.100000000000364,48.5,21.5,5.0,8.0
2025-10-13 17:00:00,767.0,182.0,16.900000000001455,17.0,59.79999999999927,15.0,275.0,7.19999999999709,17.80000000000291,27.5,32.19999999999891,51.299999999995634,16.299999999999272,0.0,0.0
2025-10-13 18:00:00,711.0,172.0,15.099999999998545,17.0,58.10000000000218,12.0,229.0,17.0,16.80000000000291,25.30000000000291,32.0,51.60000000000582,16.5,0.0,0.0
2025-10-13 19:00:00,679.0,162.0,14.400000000001455,16.0,56.69999999999709,12.0,207.0,40.400000000001455,3.0,22.0,32.20000000000073,51.599999999998545,13.700000000000728,0.0,0.0
2025-10-13 20:00:00,659.0,153.0,15.69999999999709,18.0,55.10000000000218,11.0,195.0,40.0,2.6999999999970896,19.899999999997817,31.799999999999272,51.19999999999709,17.299999999999272,0.0,0.0
2025-10-13 21:00:00,641.0,149.0,17.19999999999709,16.0,57.099999999998545,12.0,195.0,25.700000000004366,3.0,21.900000000001455,31.5,51.099999999998545,16.0,0.0,0.0
2025-10-13 22:00:00,610.0,146.0,16.900000000001455,14.0,57.10000000000218,12.0,188.0,5.599999999998545,2.8000000000029104,22.5,32.20000000000073,50.60000000000582,16.30000000000291,0.0,0.0
2025-10-13 23:00:00,597.0,146.0,16.80000000000291,14.0,54.29999999999927,11.0,183.0,5.5,2.6999999999970896,20.899999999997817,31.19999999999891,50.299999999995634,15.69999999999709,0.0,0.0
2025-10-14 00:00:00,579.0,136.0,16.19999999999709,16.0,50.099999999998545,11.0,181.0,5.19999999999709,2.6999999999970896,20.100000000002183,31.100000000000364,50.400000000001455,16.0,0.0,0.0
2025-10-14 01:00:00,561.0,129.0,16.0,15.0,49.20000000000073,10.0,173.0,5.5,2.6999999999970896,20.0,31.200000000000728,50.5,13.700000000000728,0.0,0.0
2025-10-14 02:00:00,564.0,129.0,16.900000000001455,16.0,48.5,11.0,171.0,5.599999999998545,2.900000000008731,20.200000000000728,31.69999999999891,50.5,16.400000000001455,0.0,0.0
2025-10-14 03:00:00,556.0,128.0,15.30000000000291,15.0,47.20000000000073,11.0,169.0,6.0,3.099999999991269,19.69999999999709,30.700000000000728,50.400000000001455,16.0,0.0,0.0
2025-10-14 04:00:00,552.0,128.0,14.89999999999418,14.0,44.099999999998545,12.0,169.0,5.200000000004366,2.6999999999970896,19.100000000002183,31.200000000000728,50.599999999998545,16.799999999999272,0.0,0.0
2025-10-14 05:00:00,557.0,130.0,15.80000000000291,14.0,45.29999999999927,9.0,172.0,5.299999999995634,2.900000000008731,19.599999999998545,30.599999999998545,51.30000000000291,17.5,0.0,0.0
2025-10-14 06:00:00,586.0,130.0,16.099999999998545,14.0,45.20000000000073,12.0,172.0,5.5,2.5,19.700000000000728,31.600000000000364,51.299999999995634,41.70000000000073,0.0,0.0
2025-10-14 07:00:00,605.0,132.0,15.200000000004366,15.0,41.5,9.0,191.0,7.100000000005821,1.3000000000029104,19.400000000001455,31.100000000000364,49.5,47.70000000000073,1.0,3.0
2025-10-14 08:00:00,732.0,164.0,19.39999999999418,23.0,35.60000000000218,26.0,239.0,7.299999999995634,1.2999999999883585,27.0,31.399999999999636,46.700000000004366,59.89999999999782,5.0,7.0
2025-10-14 09:00:00,970.0,225.0,24.60000000000582,36.0,36.0,52.0,330.0,8.30000000000291,0.3000000000029104,35.0,39.20000000000073,45.599999999998545,73.20000000000073,10.0,15.0
2025-10-14 10:00:00,1134.0,261.0,29.19999999999709,45.0,54.0,69.0,387.0,10.599999999998545,0.10000000000582077,43.89999999999782,44.5,46.0,72.40000000000146,12.0,19.0
2025-10-14 11:00:00,1235.0,285.0,33.0,43.0,68.0,71.0,418.0,13.30000000000291,0.0,54.70000000000073,47.19999999999891,45.599999999998545,82.19999999999709,14.0,21.0
2025-10-14 12:00:00,1254.0,299.0,35.0,45.0,81.19999999999709,46.0,417.0,11.19999999999709,4.30000000000291,57.20000000000073,46.20000000000073,45.5,84.10000000000218,10.0,16.0
2025-10-14 13:00:00,1376.0,322.0,36.19999999999709,48.0,105.80000000000291,107.0,429.0,12.30000000000291,12.299999999988358,56.79999999999927,44.5,49.599999999998545,73.70000000000073,5.0,6.0
2025-10-14 14:00:00,1305.0,298.0,30.200000000004366,45.0,102.29999999999927,99.0,407.0,9.89999999999418,17.70000000001164,48.29999999999927,42.399999999999636,52.30000000000291,78.5,0.0,1.0
2025-10-14 15:00:00,1272.0,302.0,29.599999999998545,44.0,99.39999999999782,87.0,388.0,8.5,18.39999999999418,50.5,38.600000000000364,54.19999999999709,62.19999999999709,0.0,0.0
2025-10-14 16:00:00,1194.0,295.0,28.80000000000291,38.0,89.0,67.0,379.0,7.30000000000291,15.39999999999418,40.60000000000218,33.29999999999927,51.599999999998545,63.20000000000073,1.0,2.0
2025-10-14 17:00:00,1121.0,278.0,26.39999999999418,34.0,79.60000000000218,64.0,358.0,6.80000000000291,14.80000000000291,38.39999999999782,31.900000000001455,52.30000000000291,65.29999999999927,0.0,0.0
2025-10-14 18:00:00,1003.0,252.0,23.900000000001455,27.0,71.0,33.0,322.0,6.5,14.900000000008731,38.900000000001455,31.69999999999891,51.5,65.60000000000218,0.0,0.0
2025-10-14 19:00:00,894.0,215.0,23.599999999998545,27.0,63.70000000000073,17.0,296.0,6.599999999998545,13.599999999991269,32.20000000000073,31.899999999999636,51.0,59.599999999998545,0.0,0.0
2025-10-14 20:00:00,798.0,186.0,19.700000000004366,24.0,62.79999999999927,13.0,254.0,6.599999999998545,11.60000000000582,30.5,32.100000000000364,50.69999999999709,52.20000000000073,0.0,0.0
2025-10-14 21:00:00,722.0,177.0,17.799999999995634,23.0,65.89999999999782,10.0,227.0,6.599999999998545,6.5,28.899999999997817,31.200000000000728,51.10000000000582,23.900000000001455,0.0,0.0
2025-10-14 22:00:00,675.0,164.0,17.30000000000291,22.0,60.30000000000291,10.0,214.0,6.700000000004366,3.0,25.100000000002183,31.799999999999272,51.89999999999418,17.19999999999709,0.0,0.0
2025-10-14 23:00:00,655.0,159.0,15.5,21.0,56.5,9.0,214.0,6.0,3.1999999999970896,24.19999999999709,31.100000000000364,50.30000000000291,16.700000000000728,0.0,0.0
2025-10-15 00:00:00,635.0,154.0,16.099999999998545,20.0,55.19999999999709,9.0,203.0,5.5,2.8999999999941792,24.200000000000728,31.100000000000364,50.5,16.5,0.0,0.0
2025-10-15 01:00:00,610.0,145.0,14.900000000001455,19.0,54.80000000000291,9.0,190.0,5.399999999994179,2.900000000008731,25.0,31.799999999999272,50.5,13.900000000001455,0.0,0.0
2025-10-15 02:00:00,600.0,138.0,15.19999999999709,20.0,53.89999999999782,9.0,186.0,5.5,2.599999999991269,23.700000000000728,31.700000000000728,50.5,17.0,0.0,0.0
2025-10-15 03:00:00,593.0,136.0,14.80000000000291,18.0,54.79999999999927,10.0,184.0,5.30000000000291,2.8000000000029104,22.900000000001455,31.600000000000364,50.30000000000291,15.399999999997817,0.0,0.0
2025-10-15 04:00:00,587.0,135.0,14.19999999999709,17.0,53.5,8.0,183.0,5.19999999999709,3.0,22.799999999999272,31.399999999999636,51.39999999999418,17.0,0.0,0.0
2025-10-15 05:00:00,582.0,132.0,13.60000000000582,17.0,53.0,9.0,181.0,5.30000000000291,2.8000000000029104,22.799999999999272,30.899999999999636,50.60000000000582,18.0,0.0,0.0
2025-10-15 06:00:00,605.0,132.0,14.099999999998545,18.0,51.10000000000218,8.0,183.0,5.099999999998545,2.5,21.099999999998545,31.100000000000364,50.5,40.400000000001455,0.0,0.0
2025-10-15 07:00:00,620.0,138.0,16.599999999998545,19.0,47.599999999998545,10.0,187.0,5.400000000001455,1.6000000000058208,21.900000000001455,30.69999999999891,48.799999999995634,45.5,1.0,2.0
2025-10-15 08:00:00,745.0,170.0,17.69999999999709,21.0,48.900000000001455,30.0,222.0,5.400000000001455,5.099999999991269,33.20000000000073,31.700000000000728,48.0,56.79999999999927,2.0,3.0
2025-10-15 09:00:00,947.0,222.0,19.900000000001455,28.0,45.79999999999927,71.0,290.0,5.799999999995634,6.400000000008731,42.599999999998545,38.20000000000073,45.200000000004366,67.29999999999927,8.0,12.0
2025-10-15 10:00:00,1133.0,258.0,24.5,43.0,68.40000000000146,68.0,365.0,7.200000000004366,12.099999999991269,42.10000000000218,50.099999999998545,52.0,68.40000000000146,4.0,6.0
2025-10-15 11:00:00,1157.0,263.0,27.80000000000291,43.0,66.5,65.0,393.0,8.599999999998545,6.100000000005821,42.89999999999782,48.5,46.5,75.59999999999854,11.0,16.0
2025-10-15 12:00:00,1178.0,274.0,38.099999999998545,50.0,64.89999999999782,42.0,423.0,8.599999999998545,0.09999999999126885,42.20000000000073,47.20000000000073,41.0,79.20000000000073,15.0,24.0
2025-10-15 13:00:00,1281.0,306.0,38.19999999999709,58.0,71.90000000000146,39.0,444.0,9.400000000001455,2.400000000008731,59.400000000001455,51.899999999999636,43.299999999995634,67.70000000000073,14.0,21.0
2025-10-15 14:00:00,1373.0,332.0,36.60000000000582,52.0,87.70000000000073,55.0,463.0,9.69999999999709,3.5,71.5,52.30000000000109,45.30000000000291,67.09999999999854,13.0,19.0
2025-10-15 15:00:00,1382.0,334.0,33.0,51.0,98.39999999999782,80.0,446.0,9.80000000000291,9.0,66.5,56.19999999999891,48.19999999999709,58.30000000000291,9.0,15.0
2025-10-15 16:00:00,1241.0,304.0,26.89999999999418,41.0,89.70000000000073,39.0,408.0,8.19999999999709,17.59999999999127,54.79999999999927,51.399999999999636,52.5,60.19999999999709,3.0,4.0
2025-10-15 17:00:00,1143.0,272.0,27.900000000001455,33.0,81.79999999999927,38.0,378.0,6.5,17.60000000000582,50.39999999999782,41.5,54.200000000004366,59.0,0.0,1.0
2025-10-15 18:00:00,998.0,226.0,24.599999999998545,28.0,69.79999999999927,33.0,329.0,5.200000000004366,16.69999999999709,41.20000000000073,39.70000000000073,53.69999999999709,69.70000000000073,0.0,0.0
2025-10-15 19:00:00,899.0,201.0,19.400000000001455,24.0,71.40000000000146,26.0,302.0,5.19999999999709,14.10000000000582,35.400000000001455,34.600000000000364,53.5,56.0,0.0,0.0
2025-10-15 20:00:00,805.0,184.0,20.30000000000291,21.0,62.79999999999927,22.0,256.0,4.599999999998545,13.69999999999709,28.200000000000728,33.399999999999636,52.599999999998545,53.29999999999927,0.0,0.0
2025-10-15 21:00:00,714.0,176.0,18.099999999998545,20.0,61.900000000001455,10.0,228.0,4.30000000000291,6.899999999994179,25.69999999999709,32.600000000000364,52.400000000001455,23.900000000001455,0.0,0.0
2025-10-15 22:00:00,687.0,170.0,16.5,21.0,59.5,10.0,226.0,4.19999999999709,2.7000000000116415,25.0,32.399999999999636,52.099999999998545,17.299999999999272,0.0,0.0
2025-10-15 23:00:00,661.0,165.0,15.80000000000291,20.0,57.70000000000073,11.0,210.0,4.30000000000291,2.7999999999883585,25.5,32.79999999999927,52.5,15.900000000001455,0.0,0.0
2025-10-16 00:00:00,641.0,155.0,16.099999999998545,17.0,56.19999999999709,11.0,203.0,4.19999999999709,2.7000000000116415,25.400000000001455,32.100000000000364,52.400000000001455,16.599999999998545,0.0,0.0
2025-10-16 01:00:00,620.0,152.0,15.19999999999709,17.0,55.400000000001455,8.0,194.0,4.600000000005821,2.8999999999941792,23.400000000001455,33.20000000000073,51.900000000001455,13.799999999999272,0.0,0.0
2025-10-16 02:00:00,602.0,140.0,15.099999999998545,16.0,53.70000000000073,11.0,191.0,4.0,2.6999999999970896,22.099999999998545,32.600000000000364,51.900000000001455,16.700000000000728,0.0,0.0
2025-10-16 03:00:00,595.0,137.0,14.400000000001455,16.0,54.20000000000073,9.0,190.0,3.7999999999956344,2.6999999999970896,21.0,32.29999999999927,51.69999999999709,15.200000000000728,0.0,0.0
2025-10-16 04:00:00,583.0,132.0,14.80000000000291,16.0,52.599999999998545,9.0,186.0,4.0,2.7000000000116415,20.599999999998545,32.100000000000364,51.69999999999709,16.400000000001455,0.0,0.0
2025-10-16 05:00:00,591.0,133.0,16.299999999995634,16.0,52.5,10.0,189.0,3.900000000001455,2.8999999999941792,20.5,30.69999999999891,51.80000000000291,18.0,0.0,0.0
2025-10-16 06:00:00,616.0,134.0,16.400000000001455,16.0,49.70000000000073,9.0,189.0,3.900000000001455,2.5,20.700000000000728,33.400000000001455,50.900000000001455,42.599999999998545,1.0,0.0
2025-10-16 07:00:00,651.0,148.0,17.400000000001455,17.0,46.89999999999782,10.0,206.0,4.299999999995634,1.3999999999941792,21.400000000001455,33.5,49.69999999999709,47.20000000000073,1.0,3.0
2025-10-16 08:00:00,791.0,176.0,19.80000000000291,22.0,48.400000000001455,38.0,256.0,4.400000000001455,5.600000000005821,26.700000000000728,34.0,49.5,57.39999999999782,2.0,3.0
2025-10-16 09:00:00,998.0,223.0,22.5,30.0,63.70000000000073,65.0,320.0,4.80000000000291,14.39999999999418,36.69999999999709,34.79999999999927,51.700000000004366,69.0,2.0,4.0
2025-10-16 10:00:00,1176.0,258.0,27.69999999999709,40.0,78.59999999999854,66.0,384.0,10.400000000001455,12.900000000008731,57.900000000001455,45.29999999999927,50.69999999999709,72.10000000000218,5.0,6.0
2025-10-16 11:00:00,1247.0,277.0,29.0,42.0,89.0,63.0,405.0,8.39999999999418,15.30000000000291,61.5,49.0,52.69999999999709,80.29999999999927,2.0,5.0
2025-10-16 12:00:00,1200.0,278.0,30.900000000001455,42.0,92.70000000000073,48.0,391.0,5.700000000004366,16.69999999999709,44.099999999998545,47.400000000001455,52.80000000000291,84.09999999999854,2.0,3.0
2025-10-16 13:00:00,1256.0,276.0,31.099999999998545,48.0,101.0,97.0,391.0,7.099999999998545,16.69999999999709,44.60000000000218,47.899999999999636,51.400000000001455,73.5,2.0,3.0
2025-10-16 14:00:00,1296.0,296.0,33.0,46.0,109.20000000000073,82.0,403.0,7.69999999999709,17.10000000000582,52.29999999999927,50.29999999999927,51.900000000001455,72.30000000000291,2.0,3.0
2025-10-16 15:00:00,1297.0,308.0,30.400000000001455,43.0,109.70000000000073,87.0,408.0,6.600000000005821,19.0,55.5,45.5,53.799999999995634,58.599999999998545,1.0,1.0
2025-10-16 16:00:00,1232.0,289.0,29.400000000001455,42.0,103.39999999999782,89.0,377.0,5.099999999998545,18.89999999999418,54.599999999998545,39.100000000000364,53.099999999998545,61.29999999999927,0.0,1.0
2025-10-16 17:00:00,1123.0,259.0,24.099999999998545,37.0,92.29999999999927,75.0,347.0,6.19999999999709,15.69999999999709,48.70000000000073,38.899999999999636,53.5,62.29999999999927,0.0,0.0
2025-10-16 18:00:00,988.0,229.0,22.19999999999709,33.0,83.20000000000073,24.0,317.0,8.900000000001455,13.80000000000291,36.29999999999927,40.30000000000109,52.400000000001455,70.80000000000291,0.0,0.0
2025-10-16 19:00:00,870.0,207.0,19.599999999998545,26.0,76.0,18.0,274.0,7.69999999999709,12.39999999999418,31.400000000001455,36.899999999999636,52.900000000001455,57.099999999998545,0.0,0.0
2025-10-16 20:00:00,803.0,190.0,19.200000000004366,23.0,70.0,15.0,243.0,7.100000000005821,12.10000000000582,26.299999999999272,38.29999999999927,52.0,55.900000000001455,0.0,0.0
2025-10-16 21:00:00,719.0,186.0,17.69999999999709,21.0,67.0,13.0,211.0,6.799999999995634,7.69999999999709,23.299999999999272,36.399999999999636,51.599999999998545,28.299999999999272,0.0,0.0
2025-10-16 22:00:00,684.0,182.0,16.80000000000291,20.0,65.40000000000146,12.0,198.0,6.700000000004366,3.0,22.5,36.900000000001455,51.700000000004366,21.5,0.0,0.0
2025-10-16 23:00:00,674.0,178.0,16.099999999998545,19.0,65.09999999999854,13.0,194.0,7.19999999999709,2.8000000000029104,23.30000000000291,35.099999999998545,51.299999999995634,20.399999999997817,0.0,0.0
2025-10-17 00:00:00,645.0,165.0,16.19999999999709,18.0,61.60000000000218,11.0,187.0,8.5,2.6999999999970896,22.19999999999709,35.30000000000109,50.900000000001455,20.80000000000291,0.0,0.0
2025-10-17 01:00:00,617.0,157.0,16.700000000004366,17.0,58.79999999999927,12.0,178.0,7.599999999998545,2.6000000000058208,21.80000000000291,34.79999999999927,50.69999999999709,17.899999999997817,0.0,0.0
2025-10-17 02:00:00,611.0,151.0,16.599999999998545,16.0,58.39999999999782,12.0,175.0,6.5,2.599999999991269,21.899999999997817,35.20000000000073,50.700000000004366,21.0,0.0,0.0
2025-10-17 03:00:00,595.0,149.0,15.099999999998545,17.0,56.5,11.0,169.0,6.5,2.7000000000116415,21.600000000002183,34.399999999999636,50.299999999995634,19.5,0.0,0.0
2025-10-17 04:00:00,592.0,145.0,14.200000000004366,17.0,55.30000000000291,11.0,170.0,6.400000000001455,2.599999999991269,21.899999999997817,34.600000000000364,50.700000000004366,20.5,0.0,0.0
2025-10-17 05:00:00,590.0,146.0,14.299999999995634,17.0,54.19999999999709,11.0,166.0,6.400000000001455,2.8000000000029104,21.900000000001455,34.69999999999891,50.69999999999709,21.600000000002183,0.0,0.0
2025-10-17 06:00:00,614.0,146.0,13.900000000001455,17.0,54.10000000000218,12.0,171.0,6.400000000001455,2.5,20.5,35.600000000000364,50.400000000001455,42.599999999998545,1.0,0.0
2025-10-17 07:00:00,613.0,149.0,14.69999999999709,18.0,49.5,12.0,172.0,6.599999999998545,1.3999999999941792,20.5,35.20000000000073,48.80000000000291,43.099999999998545,1.0,3.0
2025-10-17 08:00:00,721.0,171.0,15.60000000000582,23.0,46.79999999999927,24.0,212.0,6.599999999998545,2.6000000000058208,31.5,36.69999999999891,45.799999999995634,57.900000000001455,5.0,8.0
2025-10-17 09:00:00,911.0,211.0,19.89999999999418,29.0,50.599999999998545,43.0,298.0,7.0,3.0,36.79999999999927,37.70000000000073,43.80000000000291,68.0,9.0,14.0
2025-10-17 10:00:00,1039.0,237.0,24.30000000000291,33.0,51.900000000001455,45.0,359.0,7.400000000001455,0.8000000000029104,47.20000000000073,41.0,44.19999999999709,72.20000000000073,13.0,20.0
2025-10-17 11:00:00,1114.0,247.0,25.0,37.0,57.5,48.0,393.0,9.900000000001455,0.09999999999126885,52.39999999999782,41.29999999999927,43.099999999998545,79.09999999999854,16.0,23.0
2025-10-17 12:00:00,1145.0,253.0,27.5,37.0,68.5,51.0,402.0,10.69999999999709,0.10000000000582077,45.80000000000291,43.30000000000109,42.700000000004366,84.90000000000146,16.0,24.0
2025-10-17 13:00:00,1248.0,287.0,29.900000000001455,41.0,74.40000000000146,77.0,410.0,11.400000000001455,1.6000000000058208,60.39999999999782,54.29999999999927,39.099999999998545,75.09999999999854,15.0,23.0
2025-10-17 14:00:00,1267.0,298.0,29.299999999995634,41.0,85.09999999999854,61.0,425.0,14.099999999998545,3.6999999999970896,60.400000000001455,51.80000000000109,42.80000000000291,71.5,14.0,21.0
2025-10-17 15:00:00,1244.0,304.0,30.0,42.0,89.5,58.0,415.0,16.400000000001455,13.0,53.29999999999927,46.399999999999636,47.099999999998545,62.20000000000073,9.0,14.0
2025-10-17 16:00:00,1144.0,282.0,27.60000000000582,39.0,88.0,24.0,394.0,10.0,16.59999999999127,44.29999999999927,41.0,50.0,60.400000000001455,5.0,8.0
2025-10-17 17:00:00,1035.0,252.0,22.099999999998545,30.0,81.20000000000073,18.0,349.0,19.5,16.60000000000582,39.400000000001455,39.19999999999891,51.900000000001455,59.89999999999782,0.0,1.0
2025-10-17 18:00:00,935.0,216.0,20.099999999998545,27.0,68.89999999999782,13.0,293.0,41.900000000001455,15.30000000000291,33.79999999999927,39.100000000000364,51.5,66.70000000000073,0.0,0.0
2025-10-17 19:00:00,825.0,192.0,17.69999999999709,26.0,63.0,11.0,239.0,40.5,13.80000000000291,28.5,37.20000000000073,51.69999999999709,57.29999999999927,0.0,0.0
2025-10-17 20:00:00,742.0,177.0,16.400000000001455,25.0,60.30000000000291,12.0,220.0,12.099999999998545,12.599999999991269,22.099999999998545,37.899999999999636,52.5,47.70000000000073,0.0,0.0
2025-10-17 21:00:00,667.0,161.0,14.5,23.0,59.0,9.0,205.0,6.900000000001455,7.30000000000291,22.5,37.600000000000364,52.69999999999709,23.099999999998545,0.0,0.0
2025-10-17 22:00:00,643.0,157.0,14.099999999998545,24.0,56.89999999999782,10.0,199.0,7.0,2.8999999999941792,21.0,36.79999999999927,52.60000000000582,17.30000000000291,0.0,0.0
2025-10-17 23:00:00,642.0,155.0,13.900000000001455,22.0,56.60000000000218,8.0,205.0,6.799999999995634,2.8000000000029104,22.30000000000291,36.70000000000073,51.89999999999418,15.799999999999272,0.0,0.0
2025-10-18 00:00:00,625.0,152.0,14.099999999998545,20.0,54.79999999999927,10.0,199.0,6.700000000004366,2.900000000008731,21.69999999999709,33.399999999999636,52.30000000000291,16.0,0.0,0.0
2025-10-18 01:00:00,612.0,149.0,13.60000000000582,17.0,53.79999999999927,10.0,195.0,6.69999999999709,2.8999999999941792,21.400000000001455,32.600000000000364,52.099999999998545,14.5,0.0,0.0
2025-10-18 02:00:00,595.0,143.0,13.69999999999709,18.0,52.400000000001455,10.0,187.0,6.80000000000291,2.8000000000029104,21.0,31.799999999999272,52.0,16.299999999999272,0.0,0.0
2025-10-18 03:00:00,587.0,139.0,13.30000000000291,17.0,51.89999999999782,8.0,185.0,6.5,2.8000000000029104,20.0,31.30000000000109,51.400000000001455,15.299999999999272,0.0,0.0
2025-10-18 04:00:00,579.0,136.0,13.599999999998545,18.0,50.20000000000073,9.0,181.0,6.5,2.8999999999941792,20.099999999998545,31.19999999999891,52.5,16.200000000000728,0.0,0.0
2025-10-18 05:00:00,574.0,135.0,13.900000000001455,17.0,51.0,9.0,177.0,6.799999999995634,2.8000000000029104,20.30000000000291,31.30000000000109,51.599999999998545,15.299999999999272,0.0,0.0
2025-10-18 06:00:00,579.0,135.0,13.599999999998545,17.0,49.5,9.0,184.0,6.700000000004366,2.6999999999970896,20.799999999999272,31.299999999999272,51.200000000004366,15.200000000000728,0.0,0.0
2025-10-18 07:00:00,576.0,137.0,14.19999999999709,17.0,47.900000000001455,11.0,180.0,6.599999999998545,1.5,20.899999999997817,30.899999999999636,50.799999999995634,14.200000000000728,0.0,1.0
2025-10-18 08:00:00,598.0,147.0,14.900000000001455,17.0,41.89999999999782,8.0,203.0,7.299999999995634,0.10000000000582077,20.5,31.399999999999636,47.30000000000291,17.399999999997817,3.0,5.0
2025-10-18 09:00:00,645.0,155.0,14.900000000001455,20.0,45.0,10.0,215.0,7.200000000004366,0.19999999999708962,20.30000000000291,31.400000000001455,48.299999999995634,31.700000000000728,3.0,3.0
2025-10-18 10:00:00,686.0,164.0,14.400000000001455,22.0,40.5,10.0,231.0,7.5,3.5,21.299999999999272,31.399999999999636,45.0,53.400000000001455,6.0,9.0
2025-10-18 11:00:00,714.0,172.0,16.5,23.0,45.10000000000218,9.0,239.0,7.5,7.69999999999709,23.299999999999272,31.399999999999636,46.60000000000582,45.20000000000073,5.0,8.0
2025-10-18 12:00:00,744.0,173.0,18.0,22.0,46.89999999999782,10.0,250.0,7.799999999995634,7.899999999994179,25.200000000000728,31.799999999999272,45.599999999998545,58.099999999998545,6.0,9.0
2025-10-18 13:00:00,753.0,184.0,17.69999999999709,24.0,44.79999999999927,10.0,259.0,8.10000000000582,6.7000000000116415,23.399999999997817,32.0,44.099999999998545,49.599999999998545,6.0,11.0
2025-10-18 14:00:00,769.0,184.0,18.099999999998545,25.0,49.900000000001455,10.0,268.0,9.0,9.0,22.5,32.400000000001455,46.099999999998545,47.400000000001455,5.0,8.0
2025-10-18 15:00:00,735.0,181.0,18.099999999998545,22.0,55.79999999999927,10.0,254.0,8.099999999998545,13.89999999999418,21.30000000000291,31.899999999999636,50.0,19.299999999999272,2.0,2.0
2025-10-18 16:00:00,712.0,170.0,15.900000000001455,21.0,59.10000000000218,10.0,240.0,7.400000000001455,15.80000000000291,24.0,30.69999999999891,51.80000000000291,19.900000000001455,0.0,1.0
2025-10-18 17:00:00,668.0,158.0,16.30000000000291,19.0,57.79999999999927,10.0,215.0,6.799999999995634,16.09999999999127,22.0,30.600000000000364,51.0,19.399999999997817,0.0,0.0
2025-10-18 18:00:00,644.0,152.0,16.799999999995634,19.0,56.599999999998545,9.0,201.0,6.30000000000291,15.80000000000291,20.799999999999272,30.80000000000109,51.400000000001455,17.600000000002183,0.0,0.0
2025-10-18 19:00:00,618.0,152.0,17.700000000004366,18.0,52.0,10.0,194.0,6.099999999998545,2.8000000000029104,21.599999999998545,31.099999999998545,51.299999999995634,14.799999999999272,0.0,0.0
2025-10-18 20:00:00,615.0,147.0,17.099999999998545,18.0,49.900000000001455,9.0,199.0,6.0,2.8000000000029104,22.600000000002183,31.200000000000728,51.30000000000291,17.400000000001455,0.0,0.0
2025-10-18 21:00:00,598.0,141.0,16.099999999998545,17.0,53.79999999999927,9.0,191.0,5.30000000000291,2.8000000000029104,21.599999999998545,31.100000000000364,51.0,16.099999999998545,0.0,0.0
2025-10-18 22:00:00,580.0,137.0,14.900000000001455,15.0,52.20000000000073,10.0,182.0,5.399999999994179,2.6999999999970896,19.099999999998545,30.19999999999891,51.099999999998545,15.700000000000728,0.0,0.0
2025-10-18 23:00:00,573.0,138.0,14.099999999998545,16.0,52.20000000000073,8.0,176.0,5.30000000000291,2.8000000000029104,21.100000000002183,31.0,50.80000000000291,15.799999999999272,0.0,0.0
2025-10-19 00:00:00,563.0,134.0,13.700000000004366,15.0,49.0,9.0,174.0,5.19999999999709,2.6999999999970896,20.599999999998545,30.700000000000728,50.799999999995634,15.5,0.0,0.0
2025-10-19 01:00:00,558.0,131.0,14.0,17.0,49.5,8.0,172.0,5.0,2.8000000000029104,21.100000000002183,30.399999999999636,50.80000000000291,13.400000000001455,0.0,0.0
2025-10-19 02:00:00,555.0,130.0,13.599999999998545,16.0,48.79999999999927,9.0,171.0,5.200000000004366,2.7999999999883585,19.899999999997817,30.700000000000728,50.69999999999709,15.69999999999709,0.0,0.0
2025-10-19 03:00:00,548.0,129.0,13.400000000001455,14.0,48.79999999999927,9.0,167.0,5.299999999995634,2.900000000008731,19.200000000000728,31.0,50.599999999998545,15.5,0.0,0.0
2025-10-19 04:00:00,529.0,122.0,12.599999999998545,15.0,46.400000000001455,8.0,162.0,5.0,2.8000000000029104,18.400000000001455,30.5,50.5,16.0,0.0,0.0
2025-10-19 05:00:00,518.0,116.0,12.69999999999709,13.0,45.19999999999709,7.0,159.0,5.0,2.6999999999970896,18.69999999999709,31.0,50.400000000001455,15.30000000000291,0.0,0.0
2025-10-19 06:00:00,528.0,117.0,13.099999999998545,14.0,44.70000000000073,10.0,166.0,5.30000000000291,2.6999999999970896,18.80000000000291,30.69999999999891,50.099999999998545,14.599999999998545,0.0,0.0
2025-10-19 07:00:00,521.0,117.0,14.0,14.0,43.900000000001455,7.0,162.0,5.0,2.1999999999970896,19.299999999999272,30.700000000000728,49.900000000001455,13.200000000000728,1.0,0.0
2025-10-19 08:00:00,518.0,118.0,14.60000000000582,15.0,40.89999999999782,8.0,163.0,5.19999999999709,0.5,19.200000000000728,30.700000000000728,47.80000000000291,16.200000000000728,1.0,2.0
2025-10-19 09:00:00,532.0,123.0,14.099999999998545,14.0,38.60000000000218,9.0,177.0,5.200000000004366,0.0,20.899999999997817,30.399999999999636,45.900000000001455,15.799999999999272,3.0,6.0
2025-10-19 10:00:00,557.0,129.0,14.5,14.0,46.70000000000073,7.0,175.0,5.099999999998545,9.69999999999709,20.299999999999272,30.0,49.299999999995634,15.599999999998545,1.0,1.0
2025-10-19 11:00:00,556.0,130.0,15.5,15.0,44.39999999999782,10.0,172.0,5.19999999999709,11.400000000008731,21.0,29.799999999999272,46.700000000004366,15.299999999999272,3.0,4.0
2025-10-19 12:00:00,553.0,133.0,16.599999999998545,16.0,33.0,7.0,188.0,5.400000000001455,4.30000000000291,23.30000000000291,30.600000000000364,42.299999999995634,15.5,8.0,12.0
2025-10-19 13:00:00,608.0,139.0,17.0,16.0,37.0,11.0,219.0,5.5,8.69999999999709,24.0,31.0,44.30000000000291,14.200000000000728,5.0,9.0
2025-10-19 14:00:00,626.0,143.0,16.80000000000291,15.0,42.5,9.0,222.0,5.700000000004366,11.80000000000291,23.5,30.799999999999272,46.099999999998545,16.400000000001455,4.0,6.0
2025-10-19 15:00:00,621.0,140.0,15.69999999999709,14.0,53.400000000001455,9.0,207.0,5.799999999995634,16.19999999999709,21.69999999999709,30.200000000000728,50.30000000000291,15.299999999999272,0.0,0.0
2025-10-19 16:00:00,615.0,142.0,15.5,14.0,52.599999999998545,9.0,197.0,5.80000000000291,16.5,22.700000000000728,31.200000000000728,50.19999999999709,16.5,0.0,1.0
2025-10-19 17:00:00,607.0,140.0,15.099999999998545,14.0,55.0,8.0,193.0,5.299999999995634,15.599999999991269,22.700000000000728,30.69999999999891,50.5,15.5,0.0,0.0
2025-10-19 18:00:00,597.0,138.0,14.5,14.0,54.0,9.0,188.0,5.30000000000291,14.60000000000582,21.200000000000728,30.80000000000109,50.400000000001455,15.799999999999272,0.0,0.0
2025-10-19 19:00:00,571.0,135.0,14.599999999998545,14.0,53.900000000001455,10.0,180.0,5.0,2.8000000000029104,20.200000000000728,30.5,50.299999999995634,14.400000000001455,0.0,0.0
2025-10-19 20:00:00,559.0,130.0,14.0,14.0,52.5,8.0,174.0,5.30000000000291,2.6999999999970896,19.799999999999272,31.099999999998545,50.400000000001455,16.599999999998545,0.0,0.0
2025-10-19 21:00:00,553.0,131.0,13.900000000001455,15.0,50.70000000000073,7.0,171.0,5.299999999995634,2.8000000000029104,19.799999999999272,30.700000000000728,50.0,15.400000000001455,0.0,0.0
2025-10-19 22:00:00,555.0,132.0,13.400000000001455,16.0,48.19999999999709,8.0,172.0,5.400000000001455,2.8000000000029104,20.5,30.700000000000728,50.099999999998545,16.5,0.0,0.0
2025-10-19 23:00:00,558.0,132.0,13.19999999999709,15.0,47.80000000000291,8.0,177.0,5.099999999998545,2.6999999999970896,21.5,31.099999999998545,49.900000000001455,14.799999999999272,0.0,0.0
2025-10-20 00:00:00,550.0,132.0,14.30000000000291,14.0,47.39999999999782,8.0,167.0,5.400000000001455,2.8999999999941792,21.299999999999272,30.80000000000109,49.80000000000291,15.700000000000728,0.0,0.0
2025-10-20 01:00:00,542.0,127.0,14.099999999998545,15.0,46.60000000000218,8.0,168.0,5.19999999999709,2.6999999999970896,21.0,31.299999999999272,50.099999999998545,14.5,0.0,0.0
2025-10-20 02:00:00,540.0,126.0,13.400000000001455,14.0,45.0,7.0,170.0,5.0,2.8000000000029104,19.600000000002183,31.100000000000364,49.80000000000291,15.599999999998545,0.0,0.0
2025-10-20 03:00:00,530.0,124.0,13.099999999998545,13.0,45.099999999998545,8.0,165.0,5.200000000004366,2.8000000000029104,19.299999999999272,31.0,50.0,14.900000000001455,0.0,0.0
2025-10-20 04:00:00,523.0,123.0,12.900000000001455,13.0,44.5,7.0,159.0,5.0,2.8000000000029104,19.099999999998545,30.5,50.5,16.5,0.0,0.0
2025-10-20 05:00:00,523.0,122.0,13.19999999999709,13.0,44.400000000001455,8.0,161.0,4.799999999995634,3.0,20.200000000000728,29.899999999999636,49.69999999999709,16.899999999997817,0.0,0.0
2025-10-20 06:00:00,549.0,122.0,13.200000000004366,13.0,44.69999999999709,7.0,160.0,5.200000000004366,3.099999999991269,20.700000000000728,30.399999999999636,49.599999999998545,38.80000000000291,0.0,0.0
2025-10-20 07:00:00,570.0,127.0,13.299999999995634,14.0,43.0,8.0,169.0,5.0,2.400000000008731,20.899999999997817,30.700000000000728,48.900000000001455,49.0,1.0,0.0
2025-10-20 08:00:00,669.0,152.0,14.400000000001455,18.0,44.10000000000218,22.0,199.0,5.099999999998545,5.0,26.100000000002183,31.600000000000364,48.0,57.099999999998545,1.0,2.0
2025-10-20 09:00:00,812.0,182.0,19.599999999998545,24.0,46.39999999999782,50.0,245.0,5.400000000001455,6.899999999994179,36.099999999998545,33.399999999999636,45.099999999998545,67.40000000000146,4.0,7.0
2025-10-20 10:00:00,966.0,214.0,23.5,33.0,51.30000000000291,63.0,309.0,5.5,5.80000000000291,47.5,36.79999999999927,47.80000000000291,75.0,8.0,12.0
2025-10-20 11:00:00,1060.0,235.0,27.700000000004366,35.0,46.099999999998545,68.0,368.0,6.19999999999709,2.0,51.70000000000073,37.80000000000109,45.69999999999709,82.0,12.0,18.0
2025-10-20 12:00:00,1068.0,236.0,30.5,38.0,59.400000000001455,36.0,385.0,7.80000000000291,5.899999999994179,44.5,38.29999999999927,46.200000000004366,86.29999999999927,9.0,14.0
2025-10-20 13:00:00,1110.0,249.0,30.900000000001455,40.0,66.59999999999854,50.0,397.0,6.69999999999709,5.900000000008731,46.0,35.399999999999636,45.69999999999709,77.59999999999854,10.0,16.0
2025-10-20 14:00:00,1147.0,263.0,31.5,46.0,63.599999999998545,58.0,408.0,8.80000000000291,1.6999999999970896,48.79999999999927,36.30000000000109,42.599999999998545,78.20000000000073,14.0,21.0
2025-10-20 15:00:00,1137.0,261.0,26.89999999999418,44.0,75.20000000000073,46.0,404.0,7.299999999995634,9.89999999999418,57.5,35.79999999999927,46.200000000004366,64.70000000000073,9.0,14.0
2025-10-20 16:00:00,1089.0,248.0,25.30000000000291,35.0,80.90000000000146,55.0,368.0,5.80000000000291,17.0,48.20000000000073,34.30000000000109,50.599999999998545,63.39999999999782,4.0,7.0
2025-10-20 17:00:00,956.0,228.0,20.900000000001455,31.0,72.89999999999782,31.0,307.0,6.400000000001455,17.5,41.0,32.29999999999927,52.799999999995634,62.5,0.0,0.0
2025-10-20 18:00:00,869.0,202.0,18.099999999998545,23.0,68.70000000000437,14.0,275.0,14.099999999998545,16.80000000000291,33.400000000001455,31.0,52.10000000000582,71.40000000000146,0.0,0.0
2025-10-20 19:00:00,808.0,188.0,15.400000000001455,20.0,62.099999999998545,15.0,239.0,39.599999999998545,12.400000000008731,29.099999999998545,31.200000000000728,52.299999999995634,57.20000000000073,0.0,0.0
2025-10-20 20:00:00,730.0,172.0,16.099999999998545,18.0,58.0,11.0,205.0,39.099999999998545,12.19999999999709,24.400000000001455,31.19999999999891,51.700000000004366,47.5,0.0,0.0
2025-10-20 21:00:00,666.0,167.0,14.69999999999709,18.0,59.599999999998545,7.0,202.0,17.5,6.599999999991269,24.0,30.399999999999636,50.799999999995634,24.0,0.0,0.0
2025-10-20 22:00:00,632.0,163.0,15.5,18.0,57.900000000001455,8.0,197.0,5.200000000004366,2.8000000000029104,24.599999999998545,30.100000000000364,50.400000000001455,18.399999999997817,0.0,0.0
2025-10-20 23:00:00,608.0,156.0,15.10000000000582,17.0,58.19999999999709,8.0,183.0,4.69999999999709,2.8000000000029104,23.900000000001455,30.100000000000364,50.5,16.600000000002183,0.0,0.0
2025-10-21 00:00:00,585.0,139.0,14.5,16.0,57.200000000004366,8.0,179.0,4.80000000000291,2.6999999999970896,22.599999999998545,30.799999999999272,50.30000000000291,18.0,0.0,0.0
2025-10-21 01:00:00,558.0,130.0,14.19999999999709,15.0,54.0,8.0,172.0,4.799999999995634,2.900000000008731,22.599999999998545,30.400000000001455,50.099999999998545,15.200000000000728,0.0,0.0
2025-10-21 02:00:00,555.0,126.0,14.5,15.0,52.099999999998545,7.0,169.0,4.900000000001455,2.7999999999883585,22.400000000001455,31.0,50.099999999998545,17.099999999998545,0.0,0.0
2025-10-21 03:00:00,542.0,122.0,13.89999999999418,14.0,52.099999999998545,8.0,166.0,4.700000000004366,2.900000000008731,22.5,30.5,50.30000000000291,16.099999999998545,0.0,0.0
2025-10-21 04:00:00,538.0,121.0,13.5,15.0,50.0,7.0,164.0,5.5,2.8000000000029104,21.400000000001455,30.599999999998545,50.299999999995634,17.200000000000728,0.0,0.0
2025-10-21 05:00:00,531.0,119.0,13.0,14.0,48.30000000000291,8.0,164.0,5.5,3.0,20.299999999999272,30.100000000000364,50.5,18.799999999999272,0.0,0.0
2025-10-21 06:00:00,561.0,123.0,14.10000000000582,14.0,48.39999999999418,8.0,164.0,5.799999999995634,2.8999999999941792,20.5,30.899999999999636,50.400000000001455,37.30000000000291,0.0,0.0
2025-10-21 07:00:00,564.0,126.0,14.19999999999709,16.0,44.900000000001455,8.0,166.0,5.80000000000291,1.6000000000058208,20.799999999999272,31.0,48.599999999998545,43.099999999998545,1.0,2.0
2025-10-21 08:00:00,640.0,144.0,15.19999999999709,20.0,38.400000000001455,15.0,199.0,5.099999999998545,1.0999999999912689,25.599999999998545,31.600000000000364,45.599999999998545,55.900000000001455,5.0,7.0
2025-10-21 09:00:00,791.0,179.0,18.40000000000873,26.0,46.30000000000291,28.0,250.0,6.30000000000291,5.30000000000291,31.600000000002183,33.600000000000364,47.30000000000291,67.39999999999782,6.0,9.0
2025-10-21 10:00:00,908.0,202.0,20.80000000000291,34.0,52.099999999998545,52.0,293.0,7.299999999995634,4.30000000000291,37.70000000000073,35.600000000000364,46.900000000001455,66.0,6.0,10.0
2025-10-21 11:00:00,969.0,209.0,22.59999999999127,34.0,54.599999999998545,64.0,317.0,8.599999999998545,3.599999999991269,38.69999999999709,36.899999999999636,47.400000000001455,75.10000000000218,6.0,10.0
2025-10-21 12:00:00,941.0,205.0,23.69999999999709,33.0,53.69999999999709,35.0,327.0,8.30000000000291,3.400000000008731,39.60000000000218,35.600000000000364,45.299999999995634,76.29999999999927,9.0,13.0
2025-10-21 13:00:00,1024.0,212.0,22.90000000000873,34.0,66.5,82.0,336.0,7.599999999998545,5.099999999991269,45.29999999999927,35.5,47.5,71.0,6.0,10.0
2025-10-21 14:00:00,1052.0,219.0,22.69999999999709,33.0,76.80000000000291,73.0,343.0,7.80000000000291,11.200000000011642,44.0,38.600000000000364,50.400000000001455,71.09999999999854,3.0,5.0
2025-10-21 15:00:00,1038.0,222.0,22.60000000000582,35.0,82.09999999999854,64.0,341.0,7.900000000001455,14.0,43.29999999999927,42.099999999998545,50.30000000000291,56.5,2.0,2.0
2025-10-21 16:00:00,984.0,215.0,22.0,30.0,82.09999999999854,50.0,320.0,5.799999999995634,16.19999999999709,36.79999999999927,41.5,52.099999999998545,56.5,0.0,1.0
2025-10-21 17:00:00,880.0,192.0,19.39999999999418,23.0,70.90000000000146,40.0,285.0,5.30000000000291,15.099999999991269,31.900000000001455,34.5,52.900000000001455,56.0,0.0,0.0
2025-10-21 18:00:00,809.0,175.0,19.5,22.0,60.700000000004366,26.0,255.0,6.0,14.10000000000582,29.200000000000728,32.100000000000364,51.599999999998545,64.60000000000218,0.0,0.0
2025-10-21 19:00:00,753.0,166.0,18.0,21.0,57.19999999999709,19.0,238.0,6.69999999999709,13.0,28.599999999998545,31.30000000000109,51.5,55.599999999998545,0.0,0.0
2025-10-21 20:00:00,684.0,148.0,18.0,20.0,51.80000000000291,15.0,214.0,5.400000000001455,12.19999999999709,25.5,30.899999999999636,51.099999999998545,48.599999999998545,0.0,0.0
2025-10-21 21:00:00,615.0,140.0,15.19999999999709,18.0,51.0,8.0,198.0,4.69999999999709,9.19999999999709,24.5,30.5,51.099999999998545,22.0,0.0,0.0
2025-10-21 22:00:00,577.0,137.0,14.60000000000582,17.0,48.299999999995634,8.0,183.0,4.600000000005821,2.900000000008731,23.299999999999272,30.5,50.200000000004366,15.900000000001455,0.0,0.0
2025-10-21 23:00:00,567.0,134.0,14.69999999999709,17.0,48.200000000004366,8.0,177.0,4.599999999998545,2.8999999999941792,23.80000000000291,30.600000000000364,50.299999999995634,15.0,0.0,0.0
2025-10-22 00:00:00,563.0,131.0,13.39999999999418,16.0,46.5,7.0,181.0,4.69999999999709,2.900000000008731,23.099999999998545,30.69999999999891,50.0,15.0,0.0,0.0
2025-10-22 01:00:00,548.0,128.0,14.10000000000582,17.0,44.89999999999418,8.0,170.0,4.599999999998545,3.0,23.5,30.899999999999636,50.099999999998545,13.099999999998545,0.0,0.0
2025-10-22 02:00:00,539.0,123.0,13.39999999999418,14.0,45.30000000000291,8.0,170.0,4.700000000004366,2.7999999999883585,22.400000000001455,31.0,49.700000000004366,15.0,0.0,0.0
2025-10-22 03:00:00,543.0,122.0,13.700000000011642,15.0,46.900000000001455,8.0,172.0,4.69999999999709,3.0,22.5,30.80000000000109,50.400000000001455,14.200000000000728,0.0,0.0
2025-10-22 04:00:00,535.0,122.0,13.69999999999709,14.0,45.69999999999709,7.0,167.0,4.700000000004366,2.8000000000029104,21.299999999999272,30.299999999999272,50.599999999998545,15.5,0.0,0.0
2025-10-22 05:00:00,536.0,121.0,13.69999999999709,14.0,46.599999999998545,8.0,166.0,4.69999999999709,3.1000000000058208,20.700000000000728,31.100000000000364,50.299999999995634,16.299999999999272,0.0,0.0
2025-10-22 06:00:00,552.0,117.0,13.89999999999418,14.0,46.200000000004366,8.0,167.0,4.5,2.8000000000029104,20.0,30.700000000000728,50.200000000004366,36.70000000000073,0.0,0.0
2025-10-22 07:00:00,565.0,120.0,14.200000000011642,14.0,46.400000000001455,7.0,175.0,4.69999999999709,2.6999999999970896,20.19999999999709,30.5,49.69999999999709,40.5,0.0,0.0
2025-10-22 08:00:00,641.0,136.0,16.5,15.0,46.69999999999709,20.0,194.0,4.600000000005821,5.399999999994179,26.0,31.19999999999891,48.80000000000291,51.10000000000218,1.0,2.0
2025-10-22 09:00:00,767.0,161.0,17.69999999999709,18.0,56.30000000000291,38.0,224.0,4.799999999995634,13.0,30.5,33.30000000000109,49.5,66.59999999999854,2.0,2.0
2025-10-22 10:00:00,850.0,183.0,20.09999999999127,27.0,60.099999999998545,34.0,263.0,7.099999999998545,12.69999999999709,35.70000000000073,37.399999999999636,50.5,64.5,2.0,3.0
2025-10-22 11:00:00,891.0,187.0,21.20000000001164,30.0,62.299999999995634,30.0,288.0,7.80000000000291,12.10000000000582,38.29999999999927,35.899999999999636,49.599999999998545,70.79999999999927,2.0,4.0
2025-10-22 12:00:00,879.0,188.0,21.69999999999709,34.0,57.200000000004366,26.0,284.0,6.0,11.30000000000291,37.80000000000291,35.79999999999927,47.900000000001455,75.10000000000218,3.0,5.0
2025-10-22 13:00:00,932.0,209.0,22.19999999999709,33.0,66.59999999999854,33.0,297.0,6.400000000001455,11.69999999999709,35.79999999999927,41.100000000000364,49.5,65.5,3.0,4.0
2025-10-22 14:00:00,955.0,218.0,22.5,32.0,70.30000000000291,36.0,301.0,10.19999999999709,12.60000000000582,35.79999999999927,41.399999999999636,48.799999999995634,63.099999999998545,2.0,4.0
2025-10-22 15:00:00,949.0,221.0,23.39999999999418,31.0,68.29999999999563,37.0,306.0,7.599999999998545,12.89999999999418,36.79999999999927,42.0,49.200000000004366,53.0,2.0,3.0
2025-10-22 16:00:00,903.0,209.0,23.80000000000291,27.0,68.5,21.0,288.0,6.80000000000291,15.80000000000291,37.79999999999927,38.30000000000109,50.19999999999709,57.70000000000073,1.0,1.0
2025-10-22 17:00:00,825.0,188.0,20.0,24.0,63.400000000001455,17.0,262.0,7.0,13.39999999999418,35.0,35.100000000000364,50.599999999998545,55.20000000000073,0.0,0.0
2025-10-22 18:00:00,785.0,170.0,19.5,19.0,61.400000000001455,12.0,247.0,11.900000000001455,12.60000000000582,31.200000000000728,34.0,50.200000000004366,64.5,0.0,0.0
2025-10-22 19:00:00,751.0,155.0,18.5,16.0,53.69999999999709,11.0,232.0,41.0,12.099999999991269,27.700000000000728,31.5,49.799999999995634,58.0,0.0,0.0
2025-10-22 20:00:00,700.0,144.0,17.19999999999709,16.0,48.700000000004366,10.0,212.0,41.5,11.900000000008731,26.599999999998545,31.0,48.80000000000291,49.099999999998545,0.0,0.0
2025-10-22 21:00:00,637.0,140.0,17.40000000000873,16.0,49.099999999998545,8.0,204.0,22.0,7.399999999994179,25.30000000000291,30.5,48.69999999999709,25.700000000000728,0.0,0.0
2025-10-22 22:00:00,586.0,136.0,15.599999999991269,17.0,47.19999999999709,8.0,194.0,4.400000000001455,2.6999999999970896,23.299999999999272,30.19999999999891,50.0,15.599999999998545,0.0,0.0
2025-10-22 23:00:00,589.0,132.0,16.20000000001164,18.0,45.200000000004366,7.0,199.0,4.599999999998545,2.6000000000058208,23.700000000000728,30.30000000000109,49.80000000000291,15.400000000001455,0.0,0.0
2025-10-23 00:00:00,556.0,124.0,14.799999999988358,16.0,42.799999999995634,8.0,184.0,4.5,2.6999999999970896,22.599999999998545,30.599999999998545,49.69999999999709,15.399999999997817,0.0,0.0
2025-10-23 01:00:00,547.0,121.0,14.10000000000582,15.0,43.0,8.0,182.0,4.599999999998545,2.6000000000058208,22.299999999999272,30.600000000000364,49.5,13.600000000002183,0.0,0.0
2025-10-23 02:00:00,548.0,117.0,13.80000000000291,15.0,42.0,7.0,187.0,4.5,2.6999999999970896,21.5,30.600000000000364,49.60000000000582,15.700000000000728,0.0,0.0
2025-10-23 03:00:00,536.0,118.0,14.099999999991269,15.0,42.900000000001455,8.0,175.0,4.69999999999709,2.6999999999970896,21.200000000000728,30.200000000000728,49.39999999999418,14.399999999997817,0.0,0.0
2025-10-23 04:00:00,538.0,117.0,13.700000000011642,14.0,42.400000000001455,7.0,177.0,4.600000000005821,2.8000000000029104,21.0,30.099999999998545,49.5,15.799999999999272,0.0,0.0
2025-10-23 05:00:00,538.0,116.0,13.5,15.0,44.099999999998545,8.0,177.0,4.599999999998545,2.8000000000029104,21.099999999998545,30.100000000000364,49.700000000004366,16.700000000000728,0.0,0.0
2025-10-23 06:00:00,549.0,117.0,13.69999999999709,14.0,42.19999999999709,8.0,175.0,4.599999999998545,2.8000000000029104,21.100000000002183,30.600000000000364,49.5,28.299999999999272,0.0,0.0
2025-10-23 07:00:00,566.0,121.0,13.80000000000291,16.0,38.0,7.0,179.0,4.5,1.3999999999941792,23.799999999999272,30.200000000000728,48.0,41.20000000000073,1.0,2.0
2025-10-23 08:00:00,632.0,136.0,15.099999999991269,19.0,32.400000000001455,22.0,204.0,4.5,1.1000000000058208,27.299999999999272,31.19999999999891,44.900000000001455,50.20000000000073,6.0,9.0
2025-10-23 09:00:00,749.0,164.0,16.60000000000582,21.0,28.80000000000291,38.0,243.0,5.19999999999709,0.29999999998835847,32.79999999999927,35.5,44.299999999995634,65.09999999999854,10.0,16.0
2025-10-23 10:00:00,842.0,179.0,21.0,28.0,25.900000000001455,46.0,288.0,6.400000000001455,0.0,39.20000000000073,43.80000000000109,45.30000000000291,65.90000000000146,14.0,20.0
2025-10-23 11:00:00,867.0,188.0,21.80000000000291,32.0,25.89999999999418,38.0,305.0,8.0,0.0,43.20000000000073,40.0,42.69999999999709,75.20000000000073,15.0,23.0
2025-10-23 12:00:00,882.0,184.0,22.89999999999418,33.0,33.60000000000582,26.0,324.0,9.5,0.20000000001164153,42.900000000001455,40.20000000000073,39.80000000000291,76.89999999999782,15.0,23.0
2025-10-23 13:00:00,944.0,194.0,24.19999999999709,34.0,51.5,28.0,343.0,8.30000000000291,1.1999999999970896,48.099999999998545,40.0,44.099999999998545,70.60000000000218,11.0,17.0
2025-10-23 14:00:00,974.0,207.0,26.69999999999709,33.0,55.5,29.0,350.0,8.0,2.3000000000029104,49.20000000000073,39.099999999998545,44.5,69.59999999999854,12.0,18.0
2025-10-23 15:00:00,984.0,215.0,26.10000000000582,31.0,62.89999999999418,36.0,348.0,7.599999999998545,6.099999999991269,51.0,36.5,47.400000000001455,55.900000000001455,8.0,12.0
2025-10-23 16:00:00,937.0,205.0,23.80000000000291,29.0,75.40000000000146,28.0,317.0,7.099999999998545,12.19999999999709,42.89999999999782,31.900000000001455,50.900000000001455,56.20000000000073,2.0,5.0
2025-10-23 17:00:00,868.0,187.0,22.19999999999709,26.0,67.90000000000146,22.0,288.0,10.700000000004366,13.10000000000582,38.5,31.299999999999272,52.19999999999709,54.89999999999782,0.0,0.0
2025-10-23 18:00:00,825.0,170.0,19.89999999999418,23.0,58.30000000000291,12.0,258.0,39.89999999999418,11.0,34.0,30.799999999999272,51.099999999998545,62.60000000000218,0.0,0.0
2025-10-23 19:00:00,766.0,156.0,18.80000000000291,19.0,56.39999999999418,9.0,239.0,40.0,10.10000000000582,31.700000000000728,30.799999999999272,51.099999999998545,54.89999999999782,0.0,0.0
2025-10-23 20:00:00,709.0,144.0,17.0,16.0,53.700000000004366,10.0,215.0,39.700000000004366,10.099999999991269,28.900000000001455,30.200000000000728,51.10000000000582,46.400000000001455,0.0,0.0
2025-10-23 21:00:00,652.0,138.0,16.80000000000291,15.0,53.799999999995634,7.0,206.0,30.299999999995634,6.5,24.399999999997817,30.599999999998545,50.799999999995634,28.799999999999272,0.0,0.0
2025-10-23 22:00:00,602.0,136.0,16.39999999999418,15.0,51.0,8.0,203.0,5.30000000000291,2.900000000008731,22.5,30.200000000000728,50.599999999998545,16.700000000000728,0.0,0.0
2025-10-23 23:00:00,585.0,136.0,17.10000000000582,13.0,51.400000000001455,8.0,188.0,5.19999999999709,2.6999999999970896,24.30000000000291,30.0,50.5,15.599999999998545,0.0,0.0
2025-10-24 00:00:00,570.0,130.0,15.19999999999709,13.0,48.5,8.0,184.0,5.30000000000291,2.8999999999941792,23.19999999999709,30.600000000002183,50.200000000004366,16.400000000001455,0.0,0.0
2025-10-24 01:00:00,551.0,130.0,14.5,13.0,46.599999999998545,7.0,172.0,5.30000000000291,2.6999999999970896,21.0,30.899999999997817,50.099999999998545,14.0,0.0,0.0
2025-10-24 02:00:00,550.0,128.0,14.80000000000291,14.0,48.400000000001455,8.0,172.0,5.299999999995634,2.900000000008731,20.5,30.600000000002183,50.0,15.799999999999272,0.0,0.0
2025-10-24 03:00:00,549.0,126.0,14.5,12.0,49.900000000001455,8.0,171.0,5.30000000000291,2.8000000000029104,20.5,30.69999999999709,49.900000000001455,15.900000000001455,0.0,0.0
2025-10-24 04:00:00,533.0,121.0,14.10000000000582,13.0,47.5,7.0,166.0,5.299999999995634,2.7999999999883585,20.100000000002183,30.30000000000291,50.0,16.0,0.0,0.0
2025-10-24 05:00:00,537.0,119.0,13.5,12.0,46.599999999998545,8.0,173.0,5.100000000005821,2.8000000000029104,19.700000000000728,30.099999999998545,50.0,17.19999999999709,0.0,0.0
2025-10-24 06:00:00,568.0,121.0,14.0,12.0,46.599999999998545,7.0,179.0,5.399999999994179,2.6999999999970896,21.0,30.299999999999272,50.19999999999709,36.0,0.0,0.0
2025-10-24 07:00:00,570.0,130.0,14.69999999999709,13.0,40.700000000004366,8.0,173.0,5.400000000001455,1.5,23.299999999999272,30.5,48.700000000004366,40.5,2.0,2.0
2025-10-24 08:00:00,633.0,145.0,16.39999999999418,16.0,34.5,12.0,196.0,5.400000000001455,0.8000000000029104,31.700000000000728,31.600000000002183,46.19999999999709,52.10000000000218,5.0,9.0
2025-10-24 09:00:00,751.0,174.0,17.40000000000873,18.0,32.69999999999709,27.0,239.0,5.599999999998545,1.3000000000029104,40.39999999999782,35.0,45.30000000000291,61.89999999999782,9.0,14.0
2025-10-24 10:00:00,844.0,193.0,20.0,24.0,28.80000000000291,31.0,289.0,6.200000000004366,0.6000000000058208,48.10000000000218,41.39999999999782,43.89999999999418,65.10000000000218,14.0,20.0
2025-10-24 11:00:00,892.0,204.0,21.79999999998836,28.0,32.099999999998545,28.0,314.0,7.299999999995634,0.0,49.5,40.20000000000073,42.5,74.09999999999854,15.0,23.0
2025-10-24 12:00:00,912.0,196.0,25.0,27.0,37.80000000000291,25.0,347.0,7.200000000004366,0.0,48.0,37.20000000000073,39.700000000004366,73.90000000000146,16.0,24.0
2025-10-24 13:00:00,970.0,208.0,25.20000000001164,31.0,47.099999999998545,48.0,350.0,7.299999999995634,0.0,52.39999999999782,41.20000000000073,39.599999999998545,68.0,15.0,23.0
2025-10-24 14:00:00,1024.0,216.0,27.69999999999709,33.0,60.799999999995634,50.0,360.0,9.0,0.29999999998835847,52.20000000000073,46.29999999999927,42.599999999998545,67.79999999999927,13.0,20.0
2025-10-24 15:00:00,1022.0,218.0,26.59999999999127,34.0,64.90000000000146,49.0,358.0,7.700000000004366,4.7000000000116415,50.29999999999927,44.599999999998545,46.30000000000291,55.70000000000073,10.0,15.0
2025-10-24 16:00:00,959.0,208.0,25.30000000000291,28.0,68.0,43.0,332.0,6.599999999998545,10.599999999991269,39.70000000000073,37.400000000001455,50.099999999998545,54.099999999998545,4.0,8.0
2025-10-24 17:00:00,872.0,193.0,22.0,22.0,62.700000000004366,43.0,282.0,13.0,10.60000000000582,30.200000000000728,33.20000000000073,51.599999999998545,53.60000000000218,0.0,0.0
2025-10-24 18:00:00,790.0,172.0,20.19999999999709,19.0,49.599999999998545,16.0,244.0,39.299999999995634,9.69999999999709,27.0,30.399999999997817,51.200000000004366,63.79999999999927,0.0,0.0
2025-10-24 19:00:00,713.0,158.0,17.30000000000291,16.0,47.599999999998545,13.0,208.0,39.30000000000291,9.69999999999709,25.099999999998545,30.200000000000728,50.599999999998545,52.89999999999782,0.0,0.0
2025-10-24 20:00:00,637.0,146.0,15.5,15.0,47.0,12.0,190.0,9.80000000000291,10.30000000000291,22.700000000000728,30.400000000001455,50.599999999998545,44.70000000000073,0.0,0.0
2025-10-24 21:00:00,586.0,137.0,16.10000000000582,13.0,44.599999999998545,8.0,186.0,5.5,7.100000000005821,21.400000000001455,30.799999999999272,50.599999999998545,22.799999999999272,0.0,0.0
2025-10-24 22:00:00,567.0,134.0,15.19999999999709,14.0,42.900000000001455,8.0,185.0,5.099999999998545,3.7999999999883585,20.5,30.599999999998545,49.900000000001455,16.30000000000291,0.0,0.0
2025-10-24 23:00:00,558.0,127.0,14.10000000000582,13.0,41.599999999998545,8.0,185.0,4.900000000001455,3.8000000000029104,21.69999999999709,30.700000000000728,50.400000000001455,15.0,0.0,0.0
2025-10-25 00:00:00,549.0,120.0,13.799999999988358,13.0,39.700000000004366,8.0,185.0,5.099999999998545,3.8000000000029104,22.0,30.099999999998545,50.400000000001455,15.599999999998545,0.0,0.0
2025-10-25 01:00:00,535.0,120.0,14.0,12.0,39.0,8.0,175.0,5.5,3.8000000000029104,21.80000000000291,30.200000000000728,50.89999999999418,13.700000000000728,0.0,0.0
2025-10-25 02:00:00,531.0,116.0,14.60000000000582,12.0,39.0,8.0,173.0,5.19999999999709,3.8000000000029104,21.899999999997817,30.0,50.700000000004366,15.599999999998545,0.0,0.0
2025-10-25 03:00:00,527.0,114.0,14.39999999999418,11.0,39.5,8.0,172.0,5.200000000004366,3.8999999999941792,21.299999999999272,29.900000000001455,50.19999999999709,14.299999999999272,0.0,0.0
2025-10-25 04:00:00,524.0,118.0,14.10000000000582,12.0,38.39999999999418,8.0,170.0,5.299999999995634,3.8999999999941792,19.600000000002183,30.200000000000728,50.30000000000291,15.100000000002183,0.0,0.0
2025-10-25 05:00:00,518.0,114.0,13.19999999999709,11.0,38.400000000001455,8.0,169.0,5.200000000004366,3.900000000008731,19.200000000000728,29.899999999997817,50.19999999999709,14.700000000000728,0.0,0.0
2025-10-25 06:00:00,522.0,115.0,13.900000000008731,11.0,37.80000000000291,7.0,171.0,5.099999999998545,3.6999999999970896,19.099999999998545,30.0,50.30000000000291,15.099999999998545,0.0,0.0
2025-10-25 07:00:00,526.0,117.0,14.19999999999709,12.0,36.599999999998545,10.0,175.0,5.099999999998545,3.1999999999970896,19.400000000001455,29.400000000001455,49.69999999999709,14.30000000000291,0.0,0.0
2025-10-25 08:00:00,560.0,119.0,14.0,11.0,35.69999999999709,37.0,177.0,5.400000000001455,3.0,19.0,31.099999999998545,49.200000000004366,17.69999999999709,0.0,1.0
2025-10-25 09:00:00,613.0,124.0,16.09999999999127,11.0,36.0,56.0,188.0,5.099999999998545,2.1999999999970896,18.899999999997817,32.79999999999927,48.5,31.30000000000291,1.0,1.0
2025-10-25 10:00:00,651.0,129.0,16.40000000000873,12.0,35.60000000000582,62.0,191.0,5.19999999999709,11.30000000000291,19.799999999999272,32.900000000001455,49.099999999998545,44.69999999999709,1.0,1.0
2025-10-25 11:00:00,662.0,135.0,16.39999999999418,13.0,34.39999999999418,60.0,192.0,5.200000000004366,15.400000000008731,20.400000000001455,32.79999999999927,48.099999999998545,44.19999999999709,1.0,2.0
2025-10-25 12:00:00,682.0,140.0,17.90000000000873,13.0,35.0,57.0,201.0,5.299999999995634,16.39999999999418,22.599999999998545,33.29999999999927,48.400000000001455,48.900000000001455,1.0,2.0
2025-10-25 13:00:00,726.0,144.0,16.79999999998836,18.0,36.60000000000582,54.0,211.0,5.30000000000291,17.19999999999709,21.5,33.900000000001455,49.299999999995634,59.900000000001455,1.0,1.0
2025-10-25 14:00:00,718.0,139.0,18.60000000000582,17.0,36.19999999999709,64.0,207.0,5.30000000000291,17.0,23.80000000000291,32.099999999998545,48.400000000001455,48.30000000000291,1.0,2.0
2025-10-25 15:00:00,691.0,142.0,19.5,14.0,39.80000000000291,59.0,199.0,5.399999999994179,18.5,24.0,30.5,49.900000000001455,32.599999999998545,0.0,0.0
2025-10-25 16:00:00,654.0,136.0,16.89999999999418,13.0,39.599999999998545,55.0,189.0,5.200000000004366,18.0,23.099999999998545,30.400000000001455,48.900000000001455,35.400000000001455,1.0,1.0
2025-10-25 17:00:00,621.0,131.0,15.0,12.0,39.099999999998545,29.0,186.0,5.19999999999709,18.10000000000582,23.099999999998545,30.700000000000728,50.69999999999709,35.39999999999418,0.0,0.0
2025-10-25 18:00:00,595.0,131.0,14.5,12.0,38.5,10.0,183.0,5.200000000004366,17.59999999999127,22.5,30.599999999998545,50.900000000001455,36.60000000000582,0.0,0.0
2025-10-25 19:00:00,579.0,129.0,14.30000000000291,12.0,38.400000000001455,9.0,182.0,5.599999999998545,2.8000000000029104,21.200000000000728,31.0,50.400000000001455,39.5,0.0,0.0
2025-10-25 20:00:00,562.0,127.0,15.400000000008731,12.0,37.69999999999709,9.0,181.0,5.69999999999709,2.6000000000058208,20.100000000002183,30.600000000002183,50.599999999998545,27.19999999999709,0.0,0.0
2025-10-25 21:00:00,545.0,125.0,14.799999999988358,11.0,39.599999999998545,8.0,177.0,5.099999999998545,2.599999999991269,20.299999999999272,30.69999999999709,50.400000000001455,20.0,0.0,0.0
2025-10-25 22:00:00,540.0,124.0,14.900000000008731,12.0,39.5,7.0,177.0,5.600000000005821,2.6000000000058208,19.299999999999272,30.30000000000291,50.0,16.0,0.0,0.0
2025-10-25 23:00:00,538.0,124.0,14.89999999999418,11.0,38.200000000004366,8.0,174.0,5.399999999994179,2.6999999999970896,20.200000000000728,31.099999999998545,50.69999999999709,15.30000000000291,0.0,0.0
2025-10-26 00:00:00,537.0,124.0,14.60000000000582,13.0,37.599999999998545,7.0,172.0,5.5,2.6000000000058208,20.799999999999272,30.799999999999272,50.599999999998545,15.599999999998545,0.0,0.0
2025-10-26 01:00:00,517.0,121.0,12.89999999999418,11.0,37.30000000000291,8.0,164.0,5.200000000004366,2.5,19.599999999998545,30.900000000001455,49.900000000001455,13.69999999999709,0.0,0.0
2025-10-26 02:00:00,516.0,117.0,13.10000000000582,12.0,36.69999999999709,7.0,165.0,5.099999999998545,2.5,19.5,30.599999999998545,50.700000000004366,15.400000000001455,0.0,0.0
2025-10-26 03:00:00,516.0,116.0,14.099999999991269,12.0,37.5,8.0,162.0,5.400000000001455,2.6999999999970896,20.5,30.600000000002183,51.19999999999709,14.69999999999709,0.0,0.0
2025-10-26 04:00:00,517.0,115.0,13.30000000000291,12.0,36.900000000001455,7.0,167.0,5.400000000001455,2.6000000000058208,20.400000000001455,30.19999999999709,50.80000000000291,15.60000000000582,0.0,0.0
2025-10-26 05:00:00,510.0,112.0,13.10000000000582,11.0,37.599999999998545,7.0,164.0,5.299999999995634,2.5,19.299999999999272,30.200000000000728,50.89999999999418,14.799999999995634,0.0,0.0
2025-10-26 06:00:00,510.0,107.0,13.599999999991269,12.0,36.900000000001455,8.0,169.0,5.400000000001455,2.3999999999941792,19.700000000000728,30.5,51.200000000004366,14.599999999998545,0.0,0.0
2025-10-26 07:00:00,506.0,109.0,14.200000000011642,12.0,34.19999999999709,7.0,168.0,5.19999999999709,0.6999999999970896,20.099999999998545,30.900000000001455,49.299999999995634,13.400000000001455,1.0,2.0
2025-10-26 08:00:00,496.0,111.0,14.5,13.0,26.599999999998545,8.0,167.0,5.5,0.0,19.5,30.799999999999272,47.5,16.599999999998545,4.0,6.0
2025-10-26 09:00:00,476.0,111.0,14.599999999991269,14.0,15.30000000000291,7.0,167.0,5.30000000000291,0.0,19.30000000000291,30.799999999999272,44.200000000004366,15.400000000001455,9.0,14.0
2025-10-26 10:00:00,497.0,115.0,13.80000000000291,14.0,21.099999999998545,8.0,172.0,5.19999999999709,1.1999999999970896,19.69999999999709,31.400000000001455,42.799999999995634,15.900000000001455,7.0,11.0
2025-10-26 11:00:00,497.0,120.0,14.80000000000291,13.0,18.599999999998545,7.0,170.0,5.0,1.7000000000116415,21.5,30.899999999997817,43.30000000000291,15.5,8.0,13.0
2025-10-26 12:00:00,534.0,125.0,14.099999999991269,13.0,19.700000000004366,8.0,194.0,5.80000000000291,1.5,22.80000000000291,33.60000000000218,42.900000000001455,15.900000000001455,9.0,13.0
2025-10-26 13:00:00,558.0,126.0,15.10000000000582,14.0,31.900000000001455,7.0,198.0,5.0,6.0,22.299999999995634,32.599999999998545,45.5,13.69999999999709,4.0,7.0
2025-10-26 14:00:00,553.0,129.0,15.60000000000582,14.0,30.69999999999709,8.0,189.0,4.900000000001455,5.5,23.60000000000582,30.799999999999272,45.19999999999709,16.0,5.0,7.0
2025-10-26 15:00:00,564.0,132.0,15.19999999999709,14.0,37.400000000001455,7.0,182.0,4.900000000001455,9.39999999999418,24.89999999999418,30.5,47.599999999998545,15.900000000001455,2.0,3.0
2025-10-26 16:00:00,572.0,136.0,13.69999999999709,13.0,40.0,8.0,183.0,5.799999999995634,11.69999999999709,23.700000000004366,30.600000000002183,49.0,15.5,0.0,1.0
2025-10-26 17:00:00,577.0,133.0,14.30000000000291,13.0,43.5,8.0,187.0,5.400000000001455,11.10000000000582,21.69999999999709,31.099999999998545,50.60000000000582,15.5,0.0,0.0
2025-10-26 18:00:00,564.0,131.0,14.80000000000291,13.0,41.799999999995634,7.0,180.0,5.30000000000291,10.599999999991269,22.0,30.200000000000728,50.5,16.400000000001455,0.0,0.0
2025-10-26 19:00:00,556.0,127.0,14.89999999999418,13.0,42.5,8.0,184.0,5.5,2.6000000000058208,20.700000000004366,30.900000000001455,50.099999999998545,14.69999999999709,0.0,0.0
2025-10-26 20:00:00,550.0,124.0,15.60000000000582,13.0,42.400000000001455,8.0,177.0,5.399999999994179,2.6000000000058208,21.099999999998545,30.5,50.299999999995634,17.30000000000291,0.0,0.0
2025-10-26 21:00:00,535.0,124.0,15.39999999999418,13.0,42.30000000000291,7.0,167.0,5.600000000005821,2.599999999991269,19.099999999998545,30.299999999999272,50.10000000000582,15.69999999999709,0.0,0.0
2025-10-26 22:00:00,537.0,124.0,14.30000000000291,13.0,41.5,8.0,174.0,6.0,2.6000000000058208,18.400000000001455,30.299999999999272,49.799999999995634,15.200000000004366,0.0,0.0
2025-10-26 23:00:00,529.0,124.0,14.0,12.0,42.099999999998545,7.0,165.0,6.399999999994179,2.5,19.099999999998545,30.400000000001455,49.900000000001455,15.19999999999709,0.0,0.0
2025-10-27 00:00:00,0.0,0.0,0.0,0.0,0.0,0.0,0.0,0.0,0.0,0.0,0.0,0.0,0.0,0.0,0.0
2025-10-27 01:00:00,0.0,0.0,0.0,0.0,0.0,0.0,0.0,0.0,0.0,0.0,0.0,0.0,0.0,0.0,0.0
2025-10-27 02:00:00,0.0,0.0,0.0,0.0,0.0,0.0,0.0,0.0,0.0,0.0,0.0,0.0,0.0,0.0,0.0
2025-10-27 03:00:00,0.0,0.0,0.0,0.0,0.0,0.0,0.0,0.0,0.0,0.0,0.0,0.0,0.0,0.0,0.0
2025-10-27 04:00:00,0.0,0.0,0.0,0.0,0.0,0.0,0.0,0.0,0.0,0.0,0.0,0.0,0.0,0.0,0.0
2025-10-27 05:00:00,0.0,0.0,0.0,0.0,0.0,0.0,0.0,0.0,0.0,0.0,0.0,0.0,0.0,0.0,0.0
2025-10-27 06:00:00,0.0,0.0,0.0,0.0,0.0,0.0,0.0,0.0,0.0,0.0,0.0,0.0,0.0,0.0,0.0
2025-10-27 07:00:00,0.0,0.0,0.0,0.0,0.0,0.0,0.0,0.0,0.0,0.0,0.0,0.0,0.0,0.0,0.0
2025-10-27 08:00:00,0.0,0.0,0.0,0.0,0.0,0.0,0.0,0.0,0.0,0.0,0.0,0.0,0.0,0.0,0.0
2025-10-27 09:00:00,0.0,0.0,0.0,0.0,0.0,0.0,0.0,0.0,0.0,0.0,0.0,0.0,0.0,0.0,0.0
2025-10-27 10:00:00,0.0,0.0,0.0,0.0,0.0,0.0,0.0,0.0,0.0,0.0,0.0,0.0,0.0,0.0,0.0
2025-10-27 11:00:00,0.0,0.0,0.0,0.0,0.0,0.0,0.0,0.0,0.0,0.0,0.0,0.0,0.0,0.0,0.0
2025-10-27 12:00:00,0.0,0.0,0.0,0.0,0.0,0.0,0.0,0.0,0.0,0.0,0.0,0.0,0.0,0.0,0.0
2025-10-27 13:00:00,0.0,0.0,0.0,0.0,0.0,0.0,0.0,0.0,0.0,0.0,0.0,0.0,0.0,0.0,0.0
2025-10-27 14:00:00,0.0,0.0,0.0,0.0,0.0,0.0,0.0,0.0,0.0,0.0,0.0,0.0,0.0,0.0,0.0
2025-10-27 15:00:00,0.0,0.0,0.0,0.0,0.0,0.0,0.0,0.0,0.0,0.0,0.0,0.0,0.0,0.0,0.0
2025-10-27 16:00:00,0.0,0.0,0.0,0.0,0.0,0.0,0.0,0.0,0.0,0.0,0.0,0.0,0.0,0.0,0.0
2025-10-27 17:00:00,0.0,0.0,0.0,0.0,0.0,0.0,0.0,0.0,0.0,0.0,0.0,0.0,0.0,0.0,0.0
2025-10-27 18:00:00,0.0,0.0,0.0,0.0,0.0,0.0,0.0,0.0,0.0,0.0,0.0,0.0,0.0,0.0,0.0
2025-10-27 19:00:00,0.0,0.0,0.0,0.0,0.0,0.0,0.0,0.0,0.0,0.0,0.0,0.0,0.0,0.0,0.0
2025-10-27 20:00:00,0.0,0.0,0.0,0.0,0.0,0.0,0.0,0.0,0.0,0.0,0.0,0.0,0.0,0.0,0.0
2025-10-27 21:00:00,0.0,0.0,0.0,0.0,0.0,0.0,0.0,0.0,0.0,0.0,0.0,0.0,0.0,0.0,0.0
2025-10-27 22:00:00,0.0,0.0,0.0,0.0,0.0,0.0,0.0,0.0,0.0,0.0,0.0,0.0,0.0,0.0,0.0
2025-10-27 23:00:00,0.0,0.0,0.0,0.0,0.0,0.0,0.0,0.0,0.0,0.0,0.0,0.0,0.0,0.0,0.0
2025-10-28 00:00:00,0.0,0.0,0.0,0.0,0.0,0.0,0.0,0.0,0.0,0.0,0.0,0.0,0.0,0.0,0.0
2025-10-28 01:00:00,0.0,0.0,0.0,0.0,0.0,0.0,0.0,0.0,0.0,0.0,0.0,0.0,0.0,0.0,0.0
2025-10-28 02:00:00,0.0,0.0,0.0,0.0,0.0,0.0,0.0,0.0,0.0,0.0,0.0,0.0,0.0,0.0,0.0
2025-10-28 03:00:00,0.0,0.0,0.0,0.0,0.0,0.0,0.0,0.0,0.0,0.0,0.0,0.0,0.0,0.0,0.0
2025-10-28 04:00:00,0.0,0.0,0.0,0.0,0.0,0.0,0.0,0.0,0.0,0.0,0.0,0.0,0.0,0.0,0.0
2025-10-28 05:00:00,0.0,0.0,0.0,0.0,0.0,0.0,0.0,0.0,0.0,0.0,0.0,0.0,0.0,0.0,0.0
2025-10-28 06:00:00,0.0,0.0,0.0,0.0,0.0,0.0,0.0,0.0,0.0,0.0,0.0,0.0,0.0,0.0,0.0
2025-10-28 07:00:00,0.0,0.0,0.0,0.0,0.0,0.0,0.0,0.0,0.0,0.0,0.0,0.0,0.0,0.0,0.0
2025-10-28 08:00:00,0.0,0.0,0.0,0.0,0.0,0.0,0.0,0.0,0.0,0.0,0.0,0.0,0.0,0.0,0.0
2025-10-28 09:00:00,0.0,0.0,0.0,0.0,0.0,0.0,0.0,0.0,0.0,0.0,0.0,0.0,0.0,0.0,0.0
2025-10-28 10:00:00,0.0,0.0,0.0,0.0,0.0,0.0,0.0,0.0,0.0,0.0,0.0,0.0,0.0,0.0,0.0
2025-10-28 11:00:00,0.0,0.0,0.0,0.0,0.0,0.0,0.0,0.0,0.0,0.0,0.0,0.0,0.0,0.0,0.0
2025-10-28 12:00:00,0.0,0.0,0.0,0.0,0.0,0.0,0.0,0.0,0.0,0.0,0.0,0.0,0.0,0.0,0.0
2025-10-28 13:00:00,0.0,0.0,0.0,0.0,0.0,0.0,0.0,0.0,0.0,0.0,0.0,0.0,0.0,0.0,0.0
2025-10-28 14:00:00,0.0,0.0,0.0,0.0,0.0,0.0,0.0,0.0,0.0,0.0,0.0,0.0,0.0,0.0,0.0
2025-10-28 15:00:00,0.0,0.0,0.0,0.0,0.0,0.0,0.0,0.0,0.0,0.0,0.0,0.0,0.0,0.0,0.0
2025-10-28 16:00:00,0.0,0.0,0.0,0.0,0.0,0.0,0.0,0.0,0.0,0.0,0.0,0.0,0.0,0.0,0.0
2025-10-28 17:00:00,0.0,0.0,0.0,0.0,0.0,0.0,0.0,0.0,0.0,0.0,0.0,0.0,0.0,0.0,0.0
2025-10-28 18:00:00,0.0,0.0,0.0,0.0,0.0,0.0,0.0,0.0,0.0,0.0,0.0,0.0,0.0,0.0,0.0
2025-10-28 19:00:00,0.0,0.0,0.0,0.0,0.0,0.0,0.0,0.0,0.0,0.0,0.0,0.0,0.0,0.0,0.0
2025-10-28 20:00:00,0.0,0.0,0.0,0.0,0.0,0.0,0.0,0.0,0.0,0.0,0.0,0.0,0.0,0.0,0.0
2025-10-28 21:00:00,0.0,0.0,0.0,0.0,0.0,0.0,0.0,0.0,0.0,0.0,0.0,0.0,0.0,0.0,0.0
2025-10-28 22:00:00,0.0,0.0,0.0,0.0,0.0,0.0,0.0,0.0,0.0,0.0,0.0,0.0,0.0,0.0,0.0
2025-10-28 23:00:00,0.0,0.0,0.0,0.0,0.0,0.0,0.0,0.0,0.0,0.0,0.0,0.0,0.0,0.0,0.0
2025-10-29 00:00:00,0.0,0.0,0.0,0.0,0.0,0.0,0.0,0.0,0.0,0.0,0.0,0.0,0.0,0.0,0.0
2025-10-29 01:00:00,0.0,0.0,0.0,0.0,0.0,0.0,0.0,0.0,0.0,0.0,0.0,0.0,0.0,0.0,0.0
2025-10-29 02:00:00,0.0,0.0,0.0,0.0,0.0,0.0,0.0,0.0,0.0,0.0,0.0,0.0,0.0,0.0,0.0
2025-10-29 03:00:00,0.0,0.0,0.0,0.0,0.0,0.0,0.0,0.0,0.0,0.0,0.0,0.0,0.0,0.0,0.0
2025-10-29 04:00:00,0.0,0.0,0.0,0.0,0.0,0.0,0.0,0.0,0.0,0.0,0.0,0.0,0.0,0.0,0.0
2025-10-29 05:00:00,0.0,0.0,0.0,0.0,0.0,0.0,0.0,0.0,0.0,0.0,0.0,0.0,0.0,0.0,0.0
2025-10-29 06:00:00,0.0,0.0,0.0,0.0,0.0,0.0,0.0,0.0,0.0,0.0,0.0,0.0,0.0,0.0,0.0
2025-10-29 07:00:00,0.0,0.0,0.0,0.0,0.0,0.0,0.0,0.0,0.0,0.0,0.0,0.0,0.0,0.0,0.0
2025-10-29 08:00:00,0.0,0.0,0.0,0.0,0.0,0.0,0.0,0.0,0.0,0.0,0.0,0.0,0.0,0.0,0.0
2025-10-29 09:00:00,0.0,0.0,0.0,0.0,0.0,0.0,0.0,0.0,0.0,0.0,0.0,0.0,0.0,0.0,0.0
2025-10-29 10:00:00,0.0,0.0,0.0,0.0,0.0,0.0,0.0,0.0,0.0,0.0,0.0,0.0,0.0,0.0,0.0
2025-10-29 11:00:00,0.0,0.0,0.0,0.0,0.0,0.0,0.0,0.0,0.0,0.0,0.0,0.0,0.0,0.0,0.0
2025-10-29 12:00:00,0.0,0.0,0.0,0.0,0.0,0.0,0.0,0.0,0.0,0.0,0.0,0.0,0.0,0.0,0.0
2025-10-29 13:00:00,0.0,0.0,0.0,0.0,0.0,0.0,0.0,0.0,0.0,0.0,0.0,0.0,0.0,0.0,0.0
2025-10-29 14:00:00,0.0,0.0,0.0,0.0,0.0,0.0,0.0,0.0,0.0,0.0,0.0,0.0,0.0,0.0,0.0
2025-10-29 15:00:00,0.0,0.0,0.0,0.0,0.0,0.0,0.0,0.0,0.0,0.0,0.0,0.0,0.0,0.0,0.0
2025-10-29 16:00:00,0.0,0.0,0.0,0.0,0.0,0.0,0.0,0.0,0.0,0.0,0.0,0.0,0.0,0.0,0.0
2025-10-29 17:00:00,0.0,0.0,0.0,0.0,0.0,0.0,0.0,0.0,0.0,0.0,0.0,0.0,0.0,0.0,0.0
2025-10-29 18:00:00,0.0,0.0,0.0,0.0,0.0,0.0,0.0,0.0,0.0,0.0,0.0,0.0,0.0,0.0,0.0
2025-10-29 19:00:00,0.0,0.0,0.0,0.0,0.0,0.0,0.0,0.0,0.0,0.0,0.0,0.0,0.0,0.0,0.0
2025-10-29 20:00:00,0.0,0.0,0.0,0.0,0.0,0.0,0.0,0.0,0.0,0.0,0.0,0.0,0.0,0.0,0.0
2025-10-29 21:00:00,0.0,0.0,0.0,0.0,0.0,0.0,0.0,0.0,0.0,0.0,0.0,0.0,0.0,0.0,0.0
2025-10-29 22:00:00,0.0,0.0,0.0,0.0,0.0,0.0,0.0,0.0,0.0,0.0,0.0,0.0,0.0,0.0,0.0
2025-10-29 23:00:00,0.0,0.0,0.0,0.0,0.0,0.0,0.0,0.0,0.0,0.0,0.0,0.0,0.0,0.0,0.0
2025-10-30 00:00:00,0.0,0.0,0.0,0.0,0.0,0.0,0.0,0.0,0.0,0.0,0.0,0.0,0.0,0.0,0.0
2025-10-30 01:00:00,0.0,0.0,0.0,0.0,0.0,0.0,0.0,0.0,0.0,0.0,0.0,0.0,0.0,0.0,0.0
2025-10-30 02:00:00,0.0,0.0,0.0,0.0,0.0,0.0,0.0,0.0,0.0,0.0,0.0,0.0,0.0,0.0,0.0
2025-10-30 03:00:00,0.0,0.0,0.0,0.0,0.0,0.0,0.0,0.0,0.0,0.0,0.0,0.0,0.0,0.0,0.0
2025-10-30 04:00:00,0.0,0.0,0.0,0.0,0.0,0.0,0.0,0.0,0.0,0.0,0.0,0.0,0.0,0.0,0.0
2025-10-30 05:00:00,0.0,0.0,0.0,0.0,0.0,0.0,0.0,0.0,0.0,0.0,0.0,0.0,0.0,0.0,0.0
2025-10-30 06:00:00,0.0,0.0,0.0,0.0,0.0,0.0,0.0,0.0,0.0,0.0,0.0,0.0,0.0,0.0,0.0
2025-10-30 07:00:00,0.0,0.0,0.0,0.0,0.0,0.0,0.0,0.0,0.0,0.0,0.0,0.0,0.0,0.0,0.0
2025-10-30 08:00:00,0.0,0.0,0.0,0.0,0.0,0.0,0.0,0.0,0.0,0.0,0.0,0.0,0.0,0.0,0.0
2025-10-30 09:00:00,0.0,0.0,0.0,0.0,0.0,0.0,0.0,0.0,0.0,0.0,0.0,0.0,0.0,0.0,0.0
2025-10-30 10:00:00,0.0,0.0,0.0,0.0,0.0,0.0,0.0,0.0,0.0,0.0,0.0,0.0,0.0,0.0,0.0
2025-10-30 11:00:00,0.0,0.0,0.0,0.0,0.0,0.0,0.0,0.0,0.0,0.0,0.0,0.0,0.0,0.0,0.0
2025-10-30 12:00:00,0.0,0.0,0.0,0.0,0.0,0.0,0.0,0.0,0.0,0.0,0.0,0.0,0.0,0.0,0.0
2025-10-30 13:00:00,0.0,0.0,0.0,0.0,0.0,0.0,0.0,0.0,0.0,0.0,0.0,0.0,0.0,0.0,0.0
2025-10-30 14:00:00,0.0,0.0,0.0,0.0,0.0,0.0,0.0,0.0,0.0,0.0,0.0,0.0,0.0,0.0,0.0
2025-10-30 15:00:00,0.0,0.0,0.0,0.0,0.0,0.0,0.0,0.0,0.0,0.0,0.0,0.0,0.0,0.0,0.0
2025-10-30 16:00:00,0.0,0.0,0.0,0.0,0.0,0.0,0.0,0.0,0.0,0.0,0.0,0.0,0.0,0.0,0.0
2025-10-30 17:00:00,0.0,0.0,0.0,0.0,0.0,0.0,0.0,0.0,0.0,0.0,0.0,0.0,0.0,0.0,0.0
2025-10-30 18:00:00,0.0,0.0,0.0,0.0,0.0,0.0,0.0,0.0,0.0,0.0,0.0,0.0,0.0,0.0,0.0
2025-10-30 19:00:00,0.0,0.0,0.0,0.0,0.0,0.0,0.0,0.0,0.0,0.0,0.0,0.0,0.0,0.0,0.0
2025-10-30 20:00:00,0.0,0.0,0.0,0.0,0.0,0.0,0.0,0.0,0.0,0.0,0.0,0.0,0.0,0.0,0.0
2025-10-30 21:00:00,0.0,0.0,0.0,0.0,0.0,0.0,0.0,0.0,0.0,0.0,0.0,0.0,0.0,0.0,0.0
2025-10-30 22:00:00,0.0,0.0,0.0,0.0,0.0,0.0,0.0,0.0,0.0,0.0,0.0,0.0,0.0,0.0,0.0
2025-10-30 23:00:00,0.0,0.0,0.0,0.0,0.0,0.0,0.0,0.0,0.0,0.0,0.0,0.0,0.0,0.0,0.0
2025-10-31 00:00:00,0.0,0.0,0.0,0.0,0.0,0.0,0.0,0.0,0.0,0.0,0.0,0.0,0.0,0.0,0.0
2025-10-31 01:00:00,0.0,0.0,0.0,0.0,0.0,0.0,0.0,0.0,0.0,0.0,0.0,0.0,0.0,0.0,0.0
2025-10-31 02:00:00,0.0,0.0,0.0,0.0,0.0,0.0,0.0,0.0,0.0,0.0,0.0,0.0,0.0,0.0,0.0
2025-10-31 03:00:00,0.0,0.0,0.0,0.0,0.0,0.0,0.0,0.0,0.0,0.0,0.0,0.0,0.0,0.0,0.0
2025-10-31 04:00:00,0.0,0.0,0.0,0.0,0.0,0.0,0.0,0.0,0.0,0.0,0.0,0.0,0.0,0.0,0.0
2025-10-31 05:00:00,0.0,0.0,0.0,0.0,0.0,0.0,0.0,0.0,0.0,0.0,0.0,0.0,0.0,0.0,0.0
2025-10-31 06:00:00,0.0,0.0,0.0,0.0,0.0,0.0,0.0,0.0,0.0,0.0,0.0,0.0,0.0,0.0,0.0
2025-10-31 07:00:00,0.0,0.0,0.0,0.0,0.0,0.0,0.0,0.0,0.0,0.0,0.0,0.0,0.0,0.0,0.0
2025-10-31 08:00:00,0.0,0.0,0.0,0.0,0.0,0.0,0.0,0.0,0.0,0.0,0.0,0.0,0.0,0.0,0.0
2025-10-31 09:00:00,0.0,0.0,0.0,0.0,0.0,0.0,0.0,0.0,0.0,0.0,0.0,0.0,0.0,0.0,0.0
2025-10-31 10:00:00,0.0,0.0,0.0,0.0,0.0,0.0,0.0,0.0,0.0,0.0,0.0,0.0,0.0,0.0,0.0
2025-10-31 11:00:00,0.0,0.0,0.0,0.0,0.0,0.0,0.0,0.0,0.0,0.0,0.0,0.0,0.0,0.0,0.0
2025-10-31 12:00:00,0.0,0.0,0.0,0.0,0.0,0.0,0.0,0.0,0.0,0.0,0.0,0.0,0.0,0.0,0.0
2025-10-31 13:00:00,0.0,0.0,0.0,0.0,0.0,0.0,0.0,0.0,0.0,0.0,0.0,0.0,0.0,0.0,0.0
2025-10-31 14:00:00,0.0,0.0,0.0,0.0,0.0,0.0,0.0,0.0,0.0,0.0,0.0,0.0,0.0,0.0,0.0
2025-10-31 15:00:00,0.0,0.0,0.0,0.0,0.0,0.0,0.0,0.0,0.0,0.0,0.0,0.0,0.0,0.0,0.0
2025-10-31 16:00:00,0.0,0.0,0.0,0.0,0.0,0.0,0.0,0.0,0.0,0.0,0.0,0.0,0.0,0.0,0.0
2025-10-31 17:00:00,0.0,0.0,0.0,0.0,0.0,0.0,0.0,0.0,0.0,0.0,0.0,0.0,0.0,0.0,0.0
2025-10-31 18:00:00,0.0,0.0,0.0,0.0,0.0,0.0,0.0,0.0,0.0,0.0,0.0,0.0,0.0,0.0,0.0
2025-10-31 19:00:00,0.0,0.0,0.0,0.0,0.0,0.0,0.0,0.0,0.0,0.0,0.0,0.0,0.0,0.0,0.0
2025-10-31 20:00:00,0.0,0.0,0.0,0.0,0.0,0.0,0.0,0.0,0.0,0.0,0.0,0.0,0.0,0.0,0.0
2025-10-31 21:00:00,0.0,0.0,0.0,0.0,0.0,0.0,0.0,0.0,0.0,0.0,0.0,0.0,0.0,0.0,0.0
2025-10-31 22:00:00,0.0,0.0,0.0,0.0,0.0,0.0,0.0,0.0,0.0,0.0,0.0,0.0,0.0,0.0,0.0
2025-10-31 23:00:00,0.0,0.0,0.0,0.0,0.0,0.0,0.0,0.0,0.0,0.0,0.0,0.0,0.0,0.0,0.0
