timestamp,temperature_2m,precipitation,wind_speed_10m,wind_direction_10m
2025-04-01 00:00:00,5.7,0.0,9.2,43
2025-04-01 01:00:00,5.7,0.0,8.5,35
2025-04-01 02:00:00,5.7,0.0,8.2,29
2025-04-01 03:00:00,5.2,0.0,6.6,22
2025-04-01 04:00:00,4.6,0.0,6.9,17
2025-04-01 05:00:00,4.2,0.0,6.8,17
2025-04-01 06:00:00,3.8,0.0,5.2,16
2025-04-01 07:00:00,4.8,0.0,4.9,17
2025-04-01 08:00:00,7.2,0.0,4.3,28
2025-04-01 09:00:00,9.4,0.0,3.7,104
2025-04-01 10:00:00,10.4,0.0,4.8,117
2025-04-01 11:00:00,11.4,0.0,4.5,119
2025-04-01 12:00:00,12.6,0.0,6.0,143
2025-04-01 13:00:00,12.8,0.0,8.7,158
2025-04-01 14:00:00,12.2,0.0,9.6,163
2025-04-01 15:00:00,11.9,0.0,5.6,147
2025-04-01 16:00:00,12.4,0.0,3.6,153
2025-04-01 17:00:00,12.2,0.0,4.6,149
2025-04-01 18:00:00,11.6,0.0,5.1,157
2025-04-01 19:00:00,10.6,0.0,1.8,180
2025-04-01 20:00:00,9.9,0.0,1.8,204
2025-04-01 21:00:00,9.4,0.0,1.1,261
2025-04-01 22:00:00,9.2,0.3,0.4,153
2025-04-01 23:00:00,8.4,2.4,4.5,214
2025-04-02 00:00:00,8.4,2.9,0.2,180
2025-04-02 01:00:00,8.3,0.8,0.6,162
2025-04-02 02:00:00,8.2,0.0,3.4,25
2025-04-02 03:00:00,8.1,0.0,6.3,7
2025-04-02 04:00:00,8.0,0.0,5.2,340
2025-04-02 05:00:00,7.6,0.0,4.2,320
2025-04-02 06:00:00,5.9,0.0,5.0,330
2025-04-02 07:00:00,6.9,0.0,7.1,351
2025-04-02 08:00:00,9.0,0.0,5.2,331
2025-04-02 09:00:00,11.6,0.0,5.4,323
2025-04-02 10:00:00,13.4,0.0,6.1,317
2025-04-02 11:00:00,15.1,0.0,4.9,287
2025-04-02 12:00:00,15.6,0.0,5.4,255
2025-04-02 13:00:00,16.0,0.0,6.3,255
2025-04-02 14:00:00,16.2,0.0,11.1,307
2025-04-02 15:00:00,15.5,0.0,17.8,340
2025-04-02 16:00:00,14.5,0.0,17.3,343
2025-04-02 17:00:00,13.2,0.0,16.9,348
2025-04-02 18:00:00,11.9,0.0,13.5,352
2025-04-02 19:00:00,10.3,0.0,14.3,343
2025-04-02 20:00:00,9.1,0.0,11.0,330
2025-04-02 21:00:00,8.2,0.0,7.8,328
2025-04-02 22:00:00,8.1,0.0,6.2,330
2025-04-02 23:00:00,7.9,0.0,9.1,322
2025-04-03 00:00:00,8.1,0.0,11.5,320
2025-04-03 01:00:00,8.4,0.0,11.9,326
2025-04-03 02:00:00,7.8,0.0,9.8,336
2025-04-03 03:00:00,7.2,0.0,8.4,340
2025-04-03 04:00:00,6.8,0.0,6.2,327
2025-04-03 05:00:00,5.8,0.0,4.7,317
2025-04-03 06:00:00,6.3,0.0,6.2,316
2025-04-03 07:00:00,7.7,0.0,7.0,296
2025-04-03 08:00:00,10.0,0.0,7.3,279
2025-04-03 09:00:00,11.7,0.1,13.8,334
2025-04-03 10:00:00,13.3,0.0,17.1,335
2025-04-03 11:00:00,13.9,0.0,17.2,334
2025-04-03 12:00:00,13.9,0.0,19.3,336
2025-04-03 13:00:00,14.2,0.0,19.1,340
2025-04-03 14:00:00,14.1,0.0,19.4,347
2025-04-03 15:00:00,13.9,0.0,20.1,351
2025-04-03 16:00:00,13.1,0.0,20.1,354
2025-04-03 17:00:00,12.1,0.0,17.1,356
2025-04-03 18:00:00,11.1,0.0,14.2,356
2025-04-03 19:00:00,9.6,0.0,13.0,350
2025-04-03 20:00:00,8.9,0.0,12.5,355
2025-04-03 21:00:00,8.2,0.0,11.5,357
2025-04-03 22:00:00,8.4,0.0,12.3,357
2025-04-03 23:00:00,7.9,0.0,10.5,356
2025-04-04 00:00:00,6.4,0.0,5.0,341
2025-04-04 01:00:00,6.1,0.0,1.8,336
2025-04-04 02:00:00,5.9,0.0,0.4,270
2025-04-04 03:00:00,5.3,0.0,1.3,278
2025-04-04 04:00:00,4.8,0.0,4.5,310
2025-04-04 05:00:00,5.1,0.0,8.3,336
2025-04-04 06:00:00,4.5,0.0,8.3,344
2025-04-04 07:00:00,5.7,0.0,9.0,2
2025-04-04 08:00:00,8.8,0.0,6.5,13
2025-04-04 09:00:00,11.5,0.0,5.9,358
2025-04-04 10:00:00,13.0,0.0,1.3,164
2025-04-04 11:00:00,13.5,0.0,7.8,206
2025-04-04 12:00:00,13.4,0.1,10.8,204
2025-04-04 13:00:00,13.8,0.0,11.4,196
2025-04-04 14:00:00,14.5,0.1,7.5,207
2025-04-04 15:00:00,14.8,0.2,5.2,239
2025-04-04 16:00:00,15.0,0.0,6.9,323
2025-04-04 17:00:00,14.1,0.0,10.8,356
2025-04-04 18:00:00,12.3,0.0,11.0,354
2025-04-04 19:00:00,10.2,0.0,11.2,355
2025-04-04 20:00:00,9.1,0.0,12.9,16
2025-04-04 21:00:00,8.3,0.0,7.1,6
2025-04-04 22:00:00,8.1,0.0,8.3,20
2025-04-04 23:00:00,6.7,0.0,4.9,33
2025-04-05 00:00:00,6.4,0.0,0.8,207
2025-04-05 01:00:00,6.7,0.0,0.4,243
2025-04-05 02:00:00,6.7,0.0,7.4,43
2025-04-05 03:00:00,6.7,0.0,9.6,56
2025-04-05 04:00:00,7.5,0.0,9.1,63
2025-04-05 05:00:00,8.2,0.0,10.9,78
2025-04-05 06:00:00,8.4,0.0,10.9,83
2025-04-05 07:00:00,9.2,0.0,12.0,103
2025-04-05 08:00:00,10.5,0.0,12.8,110
2025-04-05 09:00:00,11.6,0.0,14.6,110
2025-04-05 10:00:00,12.5,0.0,18.3,112
2025-04-05 11:00:00,13.1,0.0,18.0,108
2025-04-05 12:00:00,14.2,0.0,15.6,109
2025-04-05 13:00:00,15.6,0.0,15.6,107
2025-04-05 14:00:00,15.5,0.0,16.0,114
2025-04-05 15:00:00,14.9,0.0,13.0,115
2025-04-05 16:00:00,15.9,0.0,11.2,127
2025-04-05 17:00:00,15.0,0.0,9.8,121
2025-04-05 18:00:00,14.3,0.0,8.7,112
2025-04-05 19:00:00,12.2,1.5,4.6,252
2025-04-05 20:00:00,12.2,0.1,9.3,151
2025-04-05 21:00:00,12.1,0.1,8.1,185
2025-04-05 22:00:00,12.9,0.0,17.7,171
2025-04-05 23:00:00,12.9,0.0,16.0,183
2025-04-06 00:00:00,12.3,0.0,13.6,195
2025-04-06 01:00:00,11.8,0.0,10.8,218
2025-04-06 02:00:00,11.6,0.0,10.7,234
2025-04-06 03:00:00,11.3,0.0,9.8,257
2025-04-06 04:00:00,11.1,0.0,11.8,264
2025-04-06 05:00:00,11.1,0.0,13.8,264
2025-04-06 06:00:00,11.2,0.0,15.5,269
2025-04-06 07:00:00,11.8,0.0,16.6,268
2025-04-06 08:00:00,12.6,0.0,19.8,268
2025-04-06 09:00:00,13.4,0.0,18.2,278
2025-04-06 10:00:00,15.1,0.0,18.4,279
2025-04-06 11:00:00,15.1,0.0,21.6,285
2025-04-06 12:00:00,15.1,0.0,23.5,283
2025-04-06 13:00:00,15.3,0.0,22.2,282
2025-04-06 14:00:00,15.4,0.0,21.0,279
2025-04-06 15:00:00,15.1,0.0,21.2,282
2025-04-06 16:00:00,14.6,0.0,19.3,286
2025-04-06 17:00:00,13.9,0.0,17.8,286
2025-04-06 18:00:00,12.9,0.0,14.2,285
2025-04-06 19:00:00,11.4,0.0,13.9,287
2025-04-06 20:00:00,10.9,0.0,14.1,289
2025-04-06 21:00:00,10.4,0.0,11.7,293
2025-04-06 22:00:00,10.9,0.0,12.9,291
2025-04-06 23:00:00,10.6,0.0,12.7,288
2025-04-07 00:00:00,10.4,0.0,10.3,285
2025-04-07 01:00:00,9.1,0.0,5.7,283
2025-04-07 02:00:00,8.8,0.0,5.6,295
2025-04-07 03:00:00,8.1,0.0,5.9,284
2025-04-07 04:00:00,8.6,0.0,6.8,281
2025-04-07 05:00:00,8.8,0.0,6.9,290
2025-04-07 06:00:00,9.1,0.0,8.2,296
2025-04-07 07:00:00,10.1,0.0,9.3,292
2025-04-07 08:00:00,12.6,0.0,8.1,275
2025-04-07 09:00:00,14.5,0.0,11.7,266
2025-04-07 10:00:00,15.8,0.0,14.0,269
2025-04-07 11:00:00,17.0,0.0,14.8,273
2025-04-07 12:00:00,17.8,0.0,16.6,266
2025-04-07 13:00:00,18.0,0.0,19.3,266
2025-04-07 14:00:00,17.8,0.0,18.0,270
2025-04-07 15:00:00,17.5,0.0,15.8,272
2025-04-07 16:00:00,16.8,0.0,15.3,279
2025-04-07 17:00:00,15.8,0.0,13.0,287
2025-04-07 18:00:00,14.4,0.0,10.6,300
2025-04-07 19:00:00,12.2,0.0,6.4,308
2025-04-07 20:00:00,10.9,0.0,6.2,311
2025-04-07 21:00:00,10.9,0.0,7.6,306
2025-04-07 22:00:00,12.2,0.0,10.2,279
2025-04-07 23:00:00,11.9,0.0,8.3,264
2025-04-08 00:00:00,10.4,0.0,5.1,266
2025-04-08 01:00:00,10.1,0.0,1.7,252
2025-04-08 02:00:00,9.7,0.0,1.2,141
2025-04-08 03:00:00,9.3,0.0,1.1,108
2025-04-08 04:00:00,9.1,0.0,1.9,112
2025-04-08 05:00:00,8.8,0.0,2.0,100
2025-04-08 06:00:00,8.6,0.0,3.4,106
2025-04-08 07:00:00,10.6,0.0,3.1,93
2025-04-08 08:00:00,13.0,0.0,3.4,84
2025-04-08 09:00:00,14.8,0.0,2.4,126
2025-04-08 10:00:00,16.8,0.0,4.3,165
2025-04-08 11:00:00,19.2,0.0,9.9,224
2025-04-08 12:00:00,20.9,0.0,18.9,243
2025-04-08 13:00:00,21.2,0.0,18.5,246
2025-04-08 14:00:00,21.1,0.0,19.9,265
2025-04-08 15:00:00,20.4,0.0,28.8,279
2025-04-08 16:00:00,19.4,0.0,26.3,277
2025-04-08 17:00:00,18.3,0.0,26.7,277
2025-04-08 18:00:00,17.1,0.0,28.7,277
2025-04-08 19:00:00,16.0,0.0,24.0,278
2025-04-08 20:00:00,15.5,0.0,19.6,277
2025-04-08 21:00:00,15.0,0.0,15.9,276
2025-04-08 22:00:00,15.4,0.0,13.9,297
2025-04-08 23:00:00,14.6,0.0,15.7,312
2025-04-09 00:00:00,13.9,0.0,14.5,298
2025-04-09 01:00:00,13.1,0.0,11.4,307
2025-04-09 02:00:00,12.4,0.0,8.5,335
2025-04-09 03:00:00,11.5,0.0,5.5,347
2025-04-09 04:00:00,10.4,0.0,4.5,355
2025-04-09 05:00:00,9.4,0.0,5.4,354
2025-04-09 06:00:00,8.8,0.0,2.9,360
2025-04-09 07:00:00,9.6,0.0,3.6,45
2025-04-09 08:00:00,11.4,0.0,4.5,88
2025-04-09 09:00:00,13.8,0.0,4.2,144
2025-04-09 10:00:00,16.0,0.0,5.4,166
2025-04-09 11:00:00,17.0,0.0,5.2,182
2025-04-09 12:00:00,18.0,0.0,3.2,183
2025-04-09 13:00:00,19.1,0.0,2.1,165
2025-04-09 14:00:00,19.8,0.0,1.7,167
2025-04-09 15:00:00,19.6,0.0,6.3,182
2025-04-09 16:00:00,18.1,0.0,10.8,179
2025-04-09 17:00:00,17.0,0.0,8.7,174
2025-04-09 18:00:00,16.2,0.0,4.6,149
2025-04-09 19:00:00,14.8,0.0,8.3,96
2025-04-09 20:00:00,14.2,0.0,10.4,76
2025-04-09 21:00:00,13.6,0.0,12.2,89
2025-04-09 22:00:00,12.9,0.0,3.5,69
2025-04-09 23:00:00,12.4,0.0,2.4,81
2025-04-10 00:00:00,13.4,0.0,0.9,37
2025-04-10 01:00:00,13.6,0.0,2.9,150
2025-04-10 02:00:00,13.9,0.0,7.9,131
2025-04-10 03:00:00,13.1,1.8,2.5,352
2025-04-10 04:00:00,12.9,4.8,4.0,120
2025-04-10 05:00:00,12.9,0.1,4.5,95
2025-04-10 06:00:00,13.3,0.6,4.8,127
2025-04-10 07:00:00,14.1,0.2,5.5,144
2025-04-10 08:00:00,15.1,0.1,4.7,94
2025-04-10 09:00:00,15.9,0.0,7.3,97
2025-04-10 10:00:00,19.1,0.0,9.4,119
2025-04-10 11:00:00,19.3,0.0,12.9,118
2025-04-10 12:00:00,17.8,0.0,15.9,100
2025-04-10 13:00:00,16.0,4.5,9.0,61
2025-04-10 14:00:00,18.5,0.0,5.1,73
2025-04-10 15:00:00,18.3,0.0,7.4,94
2025-04-10 16:00:00,16.0,1.4,6.0,5
2025-04-10 17:00:00,16.1,0.1,8.3,106
2025-04-10 18:00:00,15.7,0.0,8.0,106
2025-04-10 19:00:00,14.6,0.0,9.3,122
2025-04-10 20:00:00,13.9,0.0,12.0,116
2025-04-10 21:00:00,13.9,0.0,8.6,102
2025-04-10 22:00:00,12.9,0.0,1.7,32
2025-04-10 23:00:00,13.2,0.6,5.8,309
2025-04-11 00:00:00,13.1,0.2,4.5,344
2025-04-11 01:00:00,12.9,0.0,7.3,312
2025-04-11 02:00:00,12.9,0.0,9.8,293
2025-04-11 03:00:00,12.4,0.0,8.4,301
2025-04-11 04:00:00,11.6,0.0,8.4,313
2025-04-11 05:00:00,11.6,0.0,7.0,302
2025-04-11 06:00:00,11.5,0.0,8.3,311
2025-04-11 07:00:00,11.9,0.0,9.3,316
2025-04-11 08:00:00,13.6,0.0,10.3,306
2025-04-11 09:00:00,15.6,0.1,11.5,316
2025-04-11 10:00:00,17.9,0.0,9.2,317
2025-04-11 11:00:00,19.4,0.0,9.3,317
2025-04-11 12:00:00,20.2,0.0,10.9,322
2025-04-11 13:00:00,20.5,0.0,13.5,331
2025-04-11 14:00:00,20.4,0.0,14.8,327
2025-04-11 15:00:00,19.7,0.0,16.2,329
2025-04-11 16:00:00,18.6,0.0,15.6,336
2025-04-11 17:00:00,17.3,0.0,13.5,337
2025-04-11 18:00:00,15.6,0.0,12.0,332
2025-04-11 19:00:00,13.4,0.0,10.6,316
2025-04-11 20:00:00,12.1,0.0,9.3,307
2025-04-11 21:00:00,11.2,0.0,9.5,309
2025-04-11 22:00:00,11.1,0.0,7.0,312
2025-04-11 23:00:00,10.1,0.0,4.8,312
2025-04-12 00:00:00,10.9,0.0,6.9,287
2025-04-12 01:00:00,10.9,0.0,11.0,267
2025-04-12 02:00:00,9.9,0.0,6.5,336
2025-04-12 03:00:00,8.0,0.0,3.8,19
2025-04-12 04:00:00,7.8,0.0,5.5,49
2025-04-12 05:00:00,8.3,0.0,7.0,61
2025-04-12 06:00:00,8.1,0.0,3.6,81
2025-04-12 07:00:00,10.1,0.0,7.8,64
2025-04-12 08:00:00,12.1,0.0,7.4,84
2025-04-12 09:00:00,14.1,0.0,11.8,102
2025-04-12 10:00:00,14.5,0.0,14.5,115
2025-04-12 11:00:00,15.8,0.0,17.1,124
2025-04-12 12:00:00,16.6,0.0,18.9,122
2025-04-12 13:00:00,17.4,0.0,18.3,120
2025-04-12 14:00:00,17.4,0.0,18.8,113
2025-04-12 15:00:00,16.6,0.0,18.4,108
2025-04-12 16:00:00,16.0,0.0,18.6,110
2025-04-12 17:00:00,15.4,0.0,18.3,96
2025-04-12 18:00:00,15.2,0.0,19.1,88
2025-04-12 19:00:00,15.2,0.0,16.6,93
2025-04-12 20:00:00,14.4,0.8,12.4,103
2025-04-12 21:00:00,14.1,3.7,15.7,120
2025-04-12 22:00:00,14.6,0.5,30.3,141
2025-04-12 23:00:00,14.3,1.1,29.2,123
2025-04-13 00:00:00,14.6,2.3,32.2,121
2025-04-13 01:00:00,14.7,2.3,31.5,120
2025-04-13 02:00:00,14.6,1.6,32.1,126
2025-04-13 03:00:00,14.6,3.6,31.4,121
2025-04-13 04:00:00,14.6,2.8,28.5,133
2025-04-13 05:00:00,14.5,2.6,23.6,177
2025-04-13 06:00:00,10.4,2.8,27.9,255
2025-04-13 07:00:00,10.2,1.7,26.0,264
2025-04-13 08:00:00,10.2,0.1,25.2,270
2025-04-13 09:00:00,11.1,0.0,30.2,275
2025-04-13 10:00:00,12.4,0.0,33.7,279
2025-04-13 11:00:00,12.6,0.0,32.6,279
2025-04-13 12:00:00,13.0,0.0,32.6,278
2025-04-13 13:00:00,13.1,0.0,33.0,276
2025-04-13 14:00:00,13.8,0.0,34.5,275
2025-04-13 15:00:00,14.2,0.0,35.5,273
2025-04-13 16:00:00,13.5,0.0,31.2,275
2025-04-13 17:00:00,13.6,0.0,24.7,267
2025-04-13 18:00:00,13.1,0.0,26.9,267
2025-04-13 19:00:00,12.6,0.0,24.3,260
2025-04-13 20:00:00,12.4,0.0,20.5,252
2025-04-13 21:00:00,12.0,0.0,17.7,258
2025-04-13 22:00:00,11.7,0.0,18.1,245
2025-04-13 23:00:00,11.4,0.0,17.2,241
2025-04-14 00:00:00,11.1,0.0,15.9,242
2025-04-14 01:00:00,11.2,0.0,16.8,243
2025-04-14 02:00:00,10.6,0.0,15.8,229
2025-04-14 03:00:00,10.0,0.0,16.4,231
2025-04-14 04:00:00,9.5,0.0,14.0,233
2025-04-14 05:00:00,9.3,0.0,14.0,235
2025-04-14 06:00:00,9.2,0.0,10.5,221
2025-04-14 07:00:00,10.2,0.0,8.8,176
2025-04-14 08:00:00,11.1,0.3,12.3,150
2025-04-14 09:00:00,10.9,0.4,13.6,133
2025-04-14 10:00:00,12.0,1.3,15.8,150
2025-04-14 11:00:00,11.5,1.1,13.3,144
2025-04-14 12:00:00,10.6,0.7,9.3,126
2025-04-14 13:00:00,13.2,0.3,4.8,259
2025-04-14 14:00:00,14.1,0.6,15.0,289
2025-04-14 15:00:00,12.8,2.3,10.1,269
2025-04-14 16:00:00,13.9,0.1,15.3,269
2025-04-14 17:00:00,13.7,0.0,18.5,281
2025-04-14 18:00:00,13.1,0.0,18.9,270
2025-04-14 19:00:00,12.6,0.0,20.6,274
2025-04-14 20:00:00,11.8,0.0,23.5,266
2025-04-14 21:00:00,10.9,0.0,23.5,259
2025-04-14 22:00:00,10.1,1.1,32.0,258
2025-04-14 23:00:00,9.1,1.4,34.0,262
2025-04-15 00:00:00,9.3,0.6,28.6,247
2025-04-15 01:00:00,8.9,0.7,31.0,269
2025-04-15 02:00:00,9.5,0.0,28.7,278
2025-04-15 03:00:00,8.4,0.0,25.5,293
2025-04-15 04:00:00,7.5,0.1,22.0,293
2025-04-15 05:00:00,7.3,0.2,20.6,306
2025-04-15 06:00:00,7.2,0.0,20.3,300
2025-04-15 07:00:00,7.8,0.1,18.8,294
2025-04-15 08:00:00,8.2,0.2,20.1,298
2025-04-15 09:00:00,8.9,0.9,17.1,296
2025-04-15 10:00:00,11.2,0.1,23.8,300
2025-04-15 11:00:00,11.9,0.1,28.4,299
2025-04-15 12:00:00,12.1,0.1,30.9,290
2025-04-15 13:00:00,12.4,0.1,28.4,292
2025-04-15 14:00:00,12.8,0.0,27.5,290
2025-04-15 15:00:00,12.8,0.0,26.9,288
2025-04-15 16:00:00,12.6,0.0,25.1,286
2025-04-15 17:00:00,12.8,0.0,22.5,285
2025-04-15 18:00:00,12.0,0.0,20.7,271
2025-04-15 19:00:00,11.2,0.0,18.8,261
2025-04-15 20:00:00,10.8,0.0,16.8,260
2025-04-15 21:00:00,10.8,0.0,15.4,253
2025-04-15 22:00:00,10.3,0.0,12.7,252
2025-04-15 23:00:00,10.6,0.0,17.5,251
2025-04-16 00:00:00,10.4,0.0,14.0,238
2025-04-16 01:00:00,11.1,0.0,17.9,251
2025-04-16 02:00:00,12.1,0.0,19.0,257
2025-04-16 03:00:00,12.0,0.0,15.6,264
2025-04-16 04:00:00,11.2,0.0,12.0,248
2025-04-16 05:00:00,10.8,0.0,11.3,245
2025-04-16 06:00:00,10.9,0.0,12.1,250
2025-04-16 07:00:00,11.9,0.0,11.0,238
2025-04-16 08:00:00,13.1,0.0,10.6,224
2025-04-16 09:00:00,14.4,0.0,13.0,241
2025-04-16 10:00:00,15.8,0.0,10.1,253
2025-04-16 11:00:00,17.3,0.0,8.9,251
2025-04-16 12:00:00,18.8,0.0,8.3,252
2025-04-16 13:00:00,20.0,0.0,8.3,265
2025-04-16 14:00:00,20.9,0.0,7.1,251
2025-04-16 15:00:00,21.0,0.0,6.7,207
2025-04-16 16:00:00,20.4,0.0,5.8,185
2025-04-16 17:00:00,19.9,0.0,6.0,205
2025-04-16 18:00:00,18.7,0.0,10.8,216
2025-04-16 19:00:00,17.8,0.0,17.7,218
2025-04-16 20:00:00,17.0,0.0,18.3,219
2025-04-16 21:00:00,16.5,0.0,15.2,216
2025-04-16 22:00:00,16.0,0.0,15.8,212
2025-04-16 23:00:00,15.5,0.0,11.7,205
2025-04-17 00:00:00,13.8,0.0,5.1,184
2025-04-17 01:00:00,13.0,0.0,4.5,151
2025-04-17 02:00:00,13.6,0.0,7.5,130
2025-04-17 03:00:00,14.2,0.0,9.3,130
2025-04-17 04:00:00,14.4,0.0,9.6,142
2025-04-17 05:00:00,14.6,0.0,10.5,145
2025-04-17 06:00:00,13.5,0.0,10.3,119
2025-04-17 07:00:00,13.9,0.0,8.8,95
2025-04-17 08:00:00,15.9,0.0,8.2,116
2025-04-17 09:00:00,18.0,0.0,9.4,137
2025-04-17 10:00:00,19.4,0.0,11.6,141
2025-04-17 11:00:00,20.3,0.0,13.5,128
2025-04-17 12:00:00,20.0,0.0,17.2,108
2025-04-17 13:00:00,19.9,0.0,17.5,102
2025-04-17 14:00:00,19.6,0.0,16.5,96
2025-04-17 15:00:00,19.3,0.0,16.7,101
2025-04-17 16:00:00,19.0,0.0,13.2,101
2025-04-17 17:00:00,19.0,0.0,7.6,89
2025-04-17 18:00:00,17.7,0.0,8.3,90
2025-04-17 19:00:00,15.8,0.0,7.7,79
2025-04-17 20:00:00,14.7,0.0,9.2,67
2025-04-17 21:00:00,14.4,0.0,7.7,59
2025-04-17 22:00:00,14.9,0.0,8.5,88
2025-04-17 23:00:00,14.7,0.0,10.0,103
2025-04-18 00:00:00,14.8,0.0,11.0,108
2025-04-18 01:00:00,15.1,0.0,8.0,110
2025-04-18 02:00:00,15.6,0.0,7.3,120
2025-04-18 03:00:00,15.8,0.0,7.7,121
2025-04-18 04:00:00,15.4,0.0,8.7,111
2025-04-18 05:00:00,14.8,0.0,9.8,97
2025-04-18 06:00:00,14.6,0.0,9.7,86
2025-04-18 07:00:00,15.2,0.0,10.1,85
2025-04-18 08:00:00,16.2,0.0,10.9,81
2025-04-18 09:00:00,18.3,0.0,9.6,87
2025-04-18 10:00:00,21.1,0.0,5.9,140
2025-04-18 11:00:00,22.1,0.0,8.9,156
2025-04-18 12:00:00,22.8,0.0,7.6,149
2025-04-18 13:00:00,23.6,0.0,8.0,140
2025-04-18 14:00:00,22.9,0.0,11.4,131
2025-04-18 15:00:00,22.4,0.0,12.0,134
2025-04-18 16:00:00,22.5,0.0,3.8,155
2025-04-18 17:00:00,22.3,0.0,0.8,153
2025-04-18 18:00:00,20.2,0.0,5.2,94
2025-04-18 19:00:00,17.8,0.0,9.2,73
2025-04-18 20:00:00,17.0,0.0,7.1,71
2025-04-18 21:00:00,16.1,0.0,10.5,77
2025-04-18 22:00:00,17.0,0.0,2.2,42
2025-04-18 23:00:00,16.6,0.0,1.5,14
2025-04-19 00:00:00,16.0,0.0,3.5,145
2025-04-19 01:00:00,14.6,0.0,4.1,131
2025-04-19 02:00:00,13.6,0.0,2.8,75
2025-04-19 03:00:00,14.1,0.0,4.6,59
2025-04-19 04:00:00,14.3,0.0,4.3,73
2025-04-19 05:00:00,13.9,0.0,4.9,82
2025-04-19 06:00:00,13.4,0.0,4.8,121
2025-04-19 07:00:00,13.9,0.0,3.6,93
2025-04-19 08:00:00,15.3,0.0,4.8,103
2025-04-19 09:00:00,17.5,0.0,7.3,118
2025-04-19 10:00:00,19.1,0.0,10.8,120
2025-04-19 11:00:00,20.5,0.0,11.4,118
2025-04-19 12:00:00,21.3,0.0,14.5,107
2025-04-19 13:00:00,21.5,0.0,18.1,100
2025-04-19 14:00:00,21.0,0.0,18.1,100
2025-04-19 15:00:00,21.5,0.0,16.0,101
2025-04-19 16:00:00,21.8,0.0,13.9,89
2025-04-19 17:00:00,20.4,0.0,11.5,86
2025-04-19 18:00:00,19.0,0.0,10.4,69
2025-04-19 19:00:00,17.5,0.0,13.2,50
2025-04-19 20:00:00,16.6,0.0,10.2,37
2025-04-19 21:00:00,16.3,0.0,7.4,51
2025-04-19 22:00:00,16.9,0.0,6.9,62
2025-04-19 23:00:00,16.8,0.4,6.3,72
2025-04-20 00:00:00,17.1,0.5,7.4,124
2025-04-20 01:00:00,16.0,0.3,10.7,76
2025-04-20 02:00:00,15.6,0.1,12.2,63
2025-04-20 03:00:00,16.0,0.0,10.7,68
2025-04-20 04:00:00,15.9,0.0,10.4,70
2025-04-20 05:00:00,15.9,0.0,11.6,75
2025-04-20 06:00:00,15.8,0.0,13.2,85
2025-04-20 07:00:00,16.1,0.0,12.9,82
2025-04-20 08:00:00,16.9,0.0,14.6,80
2025-04-20 09:00:00,18.1,0.0,11.4,67
2025-04-20 10:00:00,16.9,1.1,13.0,87
2025-04-20 11:00:00,17.6,0.4,13.3,87
2025-04-20 12:00:00,18.1,0.0,13.3,92
2025-04-20 13:00:00,19.4,0.0,12.9,96
2025-04-20 14:00:00,19.2,0.0,11.6,94
2025-04-20 15:00:00,19.1,0.0,11.4,74
2025-04-20 16:00:00,19.0,0.0,11.7,77
2025-04-20 17:00:00,19.0,0.0,10.3,78
2025-04-20 18:00:00,19.0,0.0,9.4,82
2025-04-20 19:00:00,18.4,0.0,8.1,85
2025-04-20 20:00:00,18.0,0.0,7.3,74
2025-04-20 21:00:00,17.7,0.0,6.7,63
2025-04-20 22:00:00,17.2,0.0,6.4,10
2025-04-20 23:00:00,17.2,0.0,10.1,356
2025-04-21 00:00:00,16.6,0.0,12.5,354
2025-04-21 01:00:00,15.9,0.0,10.8,4
2025-04-21 02:00:00,15.5,0.0,9.0,10
2025-04-21 03:00:00,15.1,0.0,7.6,3
2025-04-21 04:00:00,14.7,0.0,6.6,349
2025-04-21 05:00:00,14.2,0.0,4.9,343
2025-04-21 06:00:00,14.0,0.0,4.8,340
2025-04-21 07:00:00,15.1,0.0,3.5,9
2025-04-21 08:00:00,16.9,0.0,3.3,96
2025-04-21 09:00:00,19.0,0.0,6.9,121
2025-04-21 10:00:00,20.8,0.0,7.9,141
2025-04-21 11:00:00,20.0,0.0,11.8,152
2025-04-21 12:00:00,20.2,0.0,11.4,141
2025-04-21 13:00:00,21.0,0.0,11.1,138
2025-04-21 14:00:00,21.5,0.0,11.9,132
2025-04-21 15:00:00,22.2,0.0,12.4,121
2025-04-21 16:00:00,22.0,0.0,11.4,119
2025-04-21 17:00:00,21.0,0.0,11.0,109
2025-04-21 18:00:00,19.5,0.0,11.4,114
2025-04-21 19:00:00,18.1,0.0,13.3,106
2025-04-21 20:00:00,17.5,0.0,13.1,99
2025-04-21 21:00:00,16.8,0.0,12.8,94
2025-04-21 22:00:00,16.5,0.0,10.3,83
2025-04-21 23:00:00,16.2,0.0,13.0,88
2025-04-22 00:00:00,15.8,0.0,15.8,97
2025-04-22 01:00:00,15.1,0.0,15.3,89
2025-04-22 02:00:00,15.1,0.0,15.4,80
2025-04-22 03:00:00,15.2,0.0,17.4,77
2025-04-22 04:00:00,15.1,0.0,17.3,79
2025-04-22 05:00:00,15.2,0.0,17.3,82
2025-04-22 06:00:00,15.7,0.0,18.4,87
2025-04-22 07:00:00,16.6,0.0,20.0,98
2025-04-22 08:00:00,17.2,0.0,23.6,107
2025-04-22 09:00:00,17.6,0.0,23.1,106
2025-04-22 10:00:00,17.5,0.0,21.7,102
2025-04-22 11:00:00,17.9,0.0,24.4,101
2025-04-22 12:00:00,18.2,0.4,24.3,109
2025-04-22 13:00:00,17.0,0.8,22.4,113
2025-04-22 14:00:00,18.0,0.3,25.2,127
2025-04-22 15:00:00,18.5,0.1,26.2,135
2025-04-22 16:00:00,17.2,1.7,28.9,121
2025-04-22 17:00:00,17.0,4.2,28.2,121
2025-04-22 18:00:00,16.8,4.6,31.1,120
2025-04-22 19:00:00,16.5,3.1,27.2,107
2025-04-22 20:00:00,16.2,1.7,28.1,102
2025-04-22 21:00:00,16.2,0.6,26.6,96
2025-04-22 22:00:00,17.0,0.3,24.9,106
2025-04-22 23:00:00,16.9,0.1,20.3,100
2025-04-23 00:00:00,17.0,0.0,14.1,83
2025-04-23 01:00:00,17.2,0.0,8.7,69
2025-04-23 02:00:00,17.0,0.2,5.1,54
2025-04-23 03:00:00,17.0,0.3,7.3,320
2025-04-23 04:00:00,16.9,0.1,17.5,287
2025-04-23 05:00:00,16.4,0.6,16.1,288
2025-04-23 06:00:00,16.4,0.1,11.4,291
2025-04-23 07:00:00,16.1,0.0,17.2,337
2025-04-23 08:00:00,15.4,0.0,15.3,338
2025-04-23 09:00:00,15.8,0.0,15.1,334
2025-04-23 10:00:00,15.9,0.0,12.9,342
2025-04-23 11:00:00,16.4,0.0,17.9,351
2025-04-23 12:00:00,16.4,0.0,18.7,347
2025-04-23 13:00:00,17.2,0.0,18.2,351
2025-04-23 14:00:00,17.5,0.0,17.8,347
2025-04-23 15:00:00,17.1,0.0,19.0,337
2025-04-23 16:00:00,15.8,0.0,18.4,343
2025-04-23 17:00:00,15.1,0.0,17.1,336
2025-04-23 18:00:00,14.2,0.0,14.5,333
2025-04-23 19:00:00,13.4,0.0,13.3,333
2025-04-23 20:00:00,13.3,0.0,12.6,324
2025-04-23 21:00:00,13.0,0.0,12.9,332
2025-04-23 22:00:00,13.1,0.0,12.7,328
2025-04-23 23:00:00,12.9,0.0,10.8,322
2025-04-24 00:00:00,12.7,0.0,12.2,301
2025-04-24 01:00:00,12.6,0.0,12.8,301
2025-04-24 02:00:00,12.4,0.0,12.8,304
2025-04-24 03:00:00,12.4,0.0,11.7,308
2025-04-24 04:00:00,12.2,0.0,11.5,312
2025-04-24 05:00:00,11.6,0.0,12.0,307
2025-04-24 06:00:00,11.1,0.0,11.4,305
2025-04-24 07:00:00,12.2,0.0,13.1,299
2025-04-24 08:00:00,13.8,0.0,10.8,316
2025-04-24 09:00:00,15.9,0.0,9.6,303
2025-04-24 10:00:00,18.0,0.0,10.9,303
2025-04-24 11:00:00,19.5,0.0,11.7,268
2025-04-24 12:00:00,19.4,0.0,18.2,258
2025-04-24 13:00:00,19.9,0.0,21.6,271
2025-04-24 14:00:00,19.4,0.0,21.3,278
2025-04-24 15:00:00,19.1,0.0,19.9,280
2025-04-24 16:00:00,18.4,0.0,19.3,281
2025-04-24 17:00:00,17.6,0.0,17.8,286
2025-04-24 18:00:00,16.5,0.0,16.9,289
2025-04-24 19:00:00,15.3,0.0,17.8,293
2025-04-24 20:00:00,14.8,0.0,17.2,291
2025-04-24 21:00:00,14.9,0.0,13.3,289
2025-04-24 22:00:00,15.4,0.0,14.7,287
2025-04-24 23:00:00,15.5,0.0,12.3,285
2025-04-25 00:00:00,15.7,0.0,10.7,282
2025-04-25 01:00:00,16.2,0.0,15.8,287
2025-04-25 02:00:00,16.5,0.0,20.1,282
2025-04-25 03:00:00,16.1,0.0,19.7,288
2025-04-25 04:00:00,15.9,0.0,15.8,305
2025-04-25 05:00:00,14.9,0.0,12.0,317
2025-04-25 06:00:00,14.2,0.0,10.2,300
2025-04-25 07:00:00,14.6,0.0,10.3,316
2025-04-25 08:00:00,15.4,0.0,12.7,339
2025-04-25 09:00:00,15.6,0.0,12.8,349
2025-04-25 10:00:00,17.6,0.0,13.8,352
2025-04-25 11:00:00,18.0,0.0,13.1,352
2025-04-25 12:00:00,18.3,0.0,12.8,344
2025-04-25 13:00:00,18.7,0.0,12.8,334
2025-04-25 14:00:00,18.6,0.0,12.8,328
2025-04-25 15:00:00,18.0,0.0,13.9,324
2025-04-25 16:00:00,16.8,0.0,14.5,329
2025-04-25 17:00:00,15.8,0.0,14.2,330
2025-04-25 18:00:00,14.7,0.0,12.2,326
2025-04-25 19:00:00,13.0,0.0,7.8,331
2025-04-25 20:00:00,11.4,0.0,5.6,327
2025-04-25 21:00:00,10.2,0.0,5.2,331
2025-04-25 22:00:00,8.9,0.0,3.4,360
2025-04-25 23:00:00,8.4,0.0,2.7,352
2025-04-26 00:00:00,8.0,0.0,2.4,9
2025-04-26 01:00:00,7.7,0.0,1.7,18
2025-04-26 02:00:00,7.8,0.0,1.5,21
2025-04-26 03:00:00,8.2,0.0,2.2,360
2025-04-26 04:00:00,8.7,0.0,3.2,341
2025-04-26 05:00:00,9.2,0.0,3.5,325
2025-04-26 06:00:00,10.4,0.0,9.5,339
2025-04-26 07:00:00,11.9,0.0,10.3,333
2025-04-26 08:00:00,14.2,0.0,8.6,309
2025-04-26 09:00:00,16.1,0.0,9.9,315
2025-04-26 10:00:00,17.5,0.0,8.0,293
2025-04-26 11:00:00,18.5,0.0,12.2,279
2025-04-26 12:00:00,19.2,0.0,14.9,277
2025-04-26 13:00:00,19.8,0.0,14.7,276
2025-04-26 14:00:00,20.0,0.0,14.8,271
2025-04-26 15:00:00,19.8,0.0,15.1,269
2025-04-26 16:00:00,19.1,0.0,15.1,269
2025-04-26 17:00:00,17.9,0.0,15.1,269
2025-04-26 18:00:00,16.3,0.0,11.4,282
2025-04-26 19:00:00,14.6,0.0,8.8,296
2025-04-26 20:00:00,13.3,0.0,8.0,301
2025-04-26 21:00:00,11.8,0.0,5.3,327
2025-04-26 22:00:00,10.7,0.0,3.9,317
2025-04-26 23:00:00,11.9,0.0,7.9,283
2025-04-27 00:00:00,12.6,0.0,8.9,308
2025-04-27 01:00:00,12.1,0.0,7.1,319
2025-04-27 02:00:00,12.1,0.0,7.8,322
2025-04-27 03:00:00,11.2,0.0,5.7,314
2025-04-27 04:00:00,11.4,0.0,2.2,312
2025-04-27 05:00:00,11.1,0.0,1.6,276
2025-04-27 06:00:00,11.1,0.0,1.6,174
2025-04-27 07:00:00,13.4,0.0,3.2,124
2025-04-27 08:00:00,15.3,0.0,2.9,90
2025-04-27 09:00:00,17.4,0.0,4.3,112
2025-04-27 10:00:00,18.9,0.0,8.3,124
2025-04-27 11:00:00,20.5,0.0,7.5,123
2025-04-27 12:00:00,21.5,0.0,6.9,137
2025-04-27 13:00:00,22.6,0.0,4.6,141
2025-04-27 14:00:00,23.0,0.0,5.8,160
2025-04-27 15:00:00,22.5,0.0,5.5,153
2025-04-27 16:00:00,21.1,0.0,7.8,158
2025-04-27 17:00:00,19.5,0.0,5.6,158
2025-04-27 18:00:00,18.4,0.0,1.8,127
2025-04-27 19:00:00,17.3,0.0,4.8,77
2025-04-27 20:00:00,16.5,0.0,6.3,70
2025-04-27 21:00:00,15.9,0.0,2.7,58
2025-04-27 22:00:00,16.6,0.0,7.6,82
2025-04-27 23:00:00,16.1,0.2,5.5,193
2025-04-28 00:00:00,15.6,0.2,5.6,201
2025-04-28 01:00:00,15.4,0.0,2.1,59
2025-04-28 02:00:00,14.7,0.1,6.0,49
2025-04-28 03:00:00,14.3,0.1,3.1,50
2025-04-28 04:00:00,14.2,0.0,5.4,154
2025-04-28 05:00:00,14.1,0.0,6.2,111
2025-04-28 06:00:00,13.9,0.0,7.3,52
2025-04-28 07:00:00,14.1,0.0,6.2,38
2025-04-28 08:00:00,14.4,0.0,6.3,66
2025-04-28 09:00:00,14.6,0.0,4.3,88
2025-04-28 10:00:00,16.3,0.0,2.6,56
2025-04-28 11:00:00,15.6,0.5,5.3,147
2025-04-28 12:00:00,15.2,0.4,5.4,124
2025-04-28 13:00:00,15.4,0.0,4.0,122
2025-04-28 14:00:00,17.8,0.0,4.7,148
2025-04-28 15:00:00,18.2,0.0,5.4,184
2025-04-28 16:00:00,17.4,0.0,8.9,207
2025-04-28 17:00:00,17.0,0.0,10.1,223
2025-04-28 18:00:00,17.0,0.0,12.5,265
2025-04-28 19:00:00,16.1,0.0,15.6,281
2025-04-28 20:00:00,14.9,0.0,14.1,285
2025-04-28 21:00:00,14.2,0.0,11.8,303
2025-04-28 22:00:00,14.4,0.0,9.7,289
2025-04-28 23:00:00,14.8,0.0,12.1,282
2025-04-29 00:00:00,15.3,0.0,17.1,273
2025-04-29 01:00:00,14.8,0.0,14.6,314
2025-04-29 02:00:00,14.1,0.0,26.7,14
2025-04-29 03:00:00,13.7,0.0,24.5,18
2025-04-29 04:00:00,12.6,0.0,11.5,10
2025-04-29 05:00:00,10.4,0.0,3.3,292
2025-04-29 06:00:00,10.4,0.0,4.4,305
2025-04-29 07:00:00,12.4,0.0,6.9,332
2025-04-29 08:00:00,13.6,0.0,7.7,344
2025-04-29 09:00:00,14.8,0.0,6.2,316
2025-04-29 10:00:00,16.2,0.0,6.5,294
2025-04-29 11:00:00,17.5,0.0,7.5,278
2025-04-29 12:00:00,18.4,0.0,9.4,268
2025-04-29 13:00:00,19.1,0.0,11.9,273
2025-04-29 14:00:00,19.4,0.0,13.8,284
2025-04-29 15:00:00,19.0,0.0,15.4,289
2025-04-29 16:00:00,18.3,0.0,15.1,302
2025-04-29 17:00:00,17.4,0.0,13.4,319
2025-04-29 18:00:00,16.0,0.0,11.1,331
2025-04-29 19:00:00,14.1,0.0,7.7,332
2025-04-29 20:00:00,11.9,0.0,4.3,336
2025-04-29 21:00:00,10.4,0.0,4.3,336
2025-04-29 22:00:00,10.5,0.0,5.0,334
2025-04-29 23:00:00,9.7,0.0,5.4,346
2025-04-30 00:00:00,8.6,0.0,4.2,355
2025-04-30 01:00:00,7.8,0.0,1.7,32
2025-04-30 02:00:00,7.6,0.0,3.1,62
2025-04-30 03:00:00,8.4,0.0,4.1,45
2025-04-30 04:00:00,8.6,0.0,5.6,27
2025-04-30 05:00:00,8.6,0.0,6.8,27
2025-04-30 06:00:00,8.8,0.0,5.7,41
2025-04-30 07:00:00,11.1,0.0,6.7,66
2025-04-30 08:00:00,14.1,0.0,5.3,100
2025-04-30 09:00:00,16.1,0.0,8.8,129
2025-04-30 10:00:00,17.4,0.0,10.5,128
2025-04-30 11:00:00,18.5,0.0,13.5,123
2025-04-30 12:00:00,19.4,0.0,15.5,115
2025-04-30 13:00:00,20.4,0.0,16.1,108
2025-04-30 14:00:00,20.6,0.0,17.3,106
2025-04-30 15:00:00,20.3,0.0,17.6,101
2025-04-30 16:00:00,19.8,0.0,16.9,97
2025-04-30 17:00:00,18.6,0.0,15.7,93
2025-04-30 18:00:00,17.6,0.0,16.2,86
2025-04-30 19:00:00,16.2,0.0,17.6,82
2025-04-30 20:00:00,15.8,0.0,17.5,87
2025-04-30 21:00:00,15.7,0.0,17.3,89
2025-04-30 22:00:00,15.4,0.0,17.3,89
2025-04-30 23:00:00,15.1,0.0,16.0,89
2025-05-01 00:00:00,14.7,0.0,13.9,86
2025-05-01 01:00:00,14.3,0.0,11.7,80
2025-05-01 02:00:00,14.1,0.0,11.7,73
2025-05-01 03:00:00,13.9,0.0,11.7,77
2025-05-01 04:00:00,13.9,0.0,10.6,87
2025-05-01 05:00:00,13.8,0.0,9.0,93
2025-05-01 06:00:00,14.1,0.0,10.0,104
2025-05-01 07:00:00,15.6,0.0,9.7,105
2025-05-01 08:00:00,17.5,0.0,12.4,121
2025-05-01 09:00:00,19.2,0.0,13.8,122
2025-05-01 10:00:00,20.2,0.0,19.4,121
2025-05-01 11:00:00,21.6,0.0,21.5,122
2025-05-01 12:00:00,22.1,0.1,24.9,132
2025-05-01 13:00:00,22.0,0.0,27.4,118
2025-05-01 14:00:00,21.9,0.0,31.2,124
2025-05-01 15:00:00,21.6,0.0,30.2,131
2025-05-01 16:00:00,20.9,0.0,26.9,132
2025-05-01 17:00:00,20.1,0.0,23.4,135
2025-05-01 18:00:00,19.8,0.0,25.7,142
2025-05-01 19:00:00,19.1,0.0,27.6,143
2025-05-01 20:00:00,18.0,0.4,24.6,135
2025-05-01 21:00:00,17.8,0.0,19.1,129
2025-05-01 22:00:00,16.2,2.0,21.6,129
2025-05-01 23:00:00,15.8,4.7,5.7,99
2025-05-02 00:00:00,15.8,6.9,6.2,350
2025-05-02 01:00:00,15.7,5.6,7.8,326
2025-05-02 02:00:00,15.4,1.8,8.2,234
2025-05-02 03:00:00,15.7,0.0,21.1,274
2025-05-02 04:00:00,15.4,0.0,18.9,267
2025-05-02 05:00:00,15.3,0.0,18.8,265
2025-05-02 06:00:00,15.4,0.3,20.2,284
2025-05-02 07:00:00,15.8,0.0,19.0,285
2025-05-02 08:00:00,16.3,0.2,19.0,293
2025-05-02 09:00:00,16.4,0.1,16.8,317
2025-05-02 10:00:00,18.2,0.0,23.8,272
2025-05-02 11:00:00,18.1,0.0,25.1,285
2025-05-02 12:00:00,18.4,0.0,26.5,283
2025-05-02 13:00:00,18.5,0.0,24.8,285
2025-05-02 14:00:00,18.6,0.0,24.2,285
2025-05-02 15:00:00,18.2,0.0,23.2,289
2025-05-02 16:00:00,18.0,0.0,17.4,296
2025-05-02 17:00:00,17.5,0.0,16.0,293
2025-05-02 18:00:00,16.4,0.0,14.9,285
2025-05-02 19:00:00,15.1,0.0,12.9,282
2025-05-02 20:00:00,14.4,0.0,9.3,286
2025-05-02 21:00:00,13.6,0.0,5.4,296
2025-05-02 22:00:00,13.4,0.0,3.8,289
2025-05-02 23:00:00,13.2,0.0,1.0,315
2025-05-03 00:00:00,12.4,0.0,0.8,63
2025-05-03 01:00:00,11.2,0.0,2.6,65
2025-05-03 02:00:00,10.9,0.0,4.1,75
2025-05-03 03:00:00,10.7,0.0,4.5,74
2025-05-03 04:00:00,10.5,0.0,4.2,65
2025-05-03 05:00:00,10.9,0.0,5.4,75
2025-05-03 06:00:00,11.6,0.0,5.1,100
2025-05-03 07:00:00,13.6,0.0,6.0,95
2025-05-03 08:00:00,15.4,0.0,8.5,103
2025-05-03 09:00:00,16.6,0.0,9.4,113
2025-05-03 10:00:00,17.0,0.0,15.1,118
2025-05-03 11:00:00,18.0,0.0,15.3,111
2025-05-03 12:00:00,19.0,0.0,16.1,110
2025-05-03 13:00:00,19.5,0.0,15.1,110
2025-05-03 14:00:00,20.1,0.0,15.5,108
2025-05-03 15:00:00,19.8,0.0,14.2,108
2025-05-03 16:00:00,19.4,0.0,11.5,100
2025-05-03 17:00:00,18.5,0.0,9.3,118
2025-05-03 18:00:00,20.4,0.0,17.2,223
2025-05-03 19:00:00,20.1,0.0,17.2,232
2025-05-03 20:00:00,19.5,0.0,13.7,247
2025-05-03 21:00:00,18.8,0.0,20.5,278
2025-05-03 22:00:00,17.4,0.9,19.3,284
2025-05-03 23:00:00,15.9,0.2,18.6,340
2025-05-04 00:00:00,14.6,0.1,16.4,331
2025-05-04 01:00:00,14.1,0.0,17.1,325
2025-05-04 02:00:00,13.1,0.0,16.2,319
2025-05-04 03:00:00,12.4,0.0,14.9,312
2025-05-04 04:00:00,12.2,0.0,14.3,305
2025-05-04 05:00:00,11.9,0.0,12.9,302
2025-05-04 06:00:00,12.0,0.0,14.4,306
2025-05-04 07:00:00,13.4,0.0,12.4,300
2025-05-04 08:00:00,15.0,0.0,16.1,292
2025-05-04 09:00:00,16.1,0.0,18.2,293
2025-05-04 10:00:00,17.9,0.0,18.5,294
2025-05-04 11:00:00,18.6,0.0,18.8,297
2025-05-04 12:00:00,19.2,0.0,18.4,305
2025-05-04 13:00:00,19.6,0.0,18.4,328
2025-05-04 14:00:00,19.9,0.0,13.9,327
2025-05-04 15:00:00,20.0,0.0,11.6,313
2025-05-04 16:00:00,19.6,0.0,10.3,306
2025-05-04 17:00:00,18.8,0.0,9.8,296
2025-05-04 18:00:00,17.3,0.0,10.2,287
2025-05-04 19:00:00,15.4,0.0,10.4,280
2025-05-04 20:00:00,14.2,0.0,9.2,286
2025-05-04 21:00:00,13.2,0.0,8.5,305
2025-05-04 22:00:00,13.8,0.0,10.1,309
2025-05-04 23:00:00,13.5,0.0,10.6,321
2025-05-05 00:00:00,12.8,0.0,8.1,331
2025-05-05 01:00:00,11.4,0.0,6.0,321
2025-05-05 02:00:00,10.7,0.0,4.8,307
2025-05-05 03:00:00,10.9,0.0,1.3,254
2025-05-05 04:00:00,10.6,0.0,0.5,45
2025-05-05 05:00:00,10.1,0.0,0.2,360
2025-05-05 06:00:00,9.9,0.0,1.3,56
2025-05-05 07:00:00,12.3,0.0,4.3,68
2025-05-05 08:00:00,15.2,0.0,4.5,104
2025-05-05 09:00:00,17.3,0.0,5.0,136
2025-05-05 10:00:00,18.4,0.0,11.1,136
2025-05-05 11:00:00,18.8,0.0,14.0,127
2025-05-05 12:00:00,20.1,0.0,15.9,118
2025-05-05 13:00:00,20.7,0.0,18.6,110
2025-05-05 14:00:00,21.2,0.0,17.9,99
2025-05-05 15:00:00,20.7,0.0,17.2,97
2025-05-05 16:00:00,18.8,0.0,15.2,112
2025-05-05 17:00:00,17.5,0.0,14.9,110
2025-05-05 18:00:00,17.8,0.0,15.6,104
2025-05-05 19:00:00,17.6,0.0,14.1,109
2025-05-05 20:00:00,17.7,0.2,18.0,140
2025-05-05 21:00:00,16.9,0.4,15.0,136
2025-05-05 22:00:00,15.9,0.5,17.0,152
2025-05-05 23:00:00,15.1,0.9,13.5,119
2025-05-06 00:00:00,14.6,0.5,18.8,99
2025-05-06 01:00:00,14.6,0.0,17.4,100
2025-05-06 02:00:00,14.4,0.2,16.7,92
2025-05-06 03:00:00,14.1,0.1,15.3,86
2025-05-06 04:00:00,14.2,0.0,15.3,87
2025-05-06 05:00:00,14.3,0.1,14.7,79
2025-05-06 06:00:00,14.2,0.1,12.1,47
2025-05-06 07:00:00,14.4,0.2,9.8,50
2025-05-06 08:00:00,14.8,0.2,5.8,68
2025-05-06 09:00:00,16.1,0.0,2.6,102
2025-05-06 10:00:00,17.1,0.0,10.8,128
2025-05-06 11:00:00,17.5,0.0,11.9,139
2025-05-06 12:00:00,17.9,0.1,9.0,151
2025-05-06 13:00:00,17.3,0.0,7.5,145
2025-05-06 14:00:00,17.8,0.8,3.1,156
2025-05-06 15:00:00,17.6,0.6,7.6,288
2025-05-06 16:00:00,17.2,0.1,14.7,305
2025-05-06 17:00:00,16.5,0.6,11.8,331
2025-05-06 18:00:00,16.1,0.0,10.7,331
2025-05-06 19:00:00,15.5,0.1,14.3,304
2025-05-06 20:00:00,15.0,0.2,12.7,320
2025-05-06 21:00:00,14.3,0.0,11.5,314
2025-05-06 22:00:00,13.6,0.0,12.6,332
2025-05-06 23:00:00,13.1,0.0,13.1,319
2025-05-07 00:00:00,12.8,0.0,12.9,317
2025-05-07 01:00:00,12.6,0.0,11.2,319
2025-05-07 02:00:00,12.4,0.0,10.6,326
2025-05-07 03:00:00,12.1,0.0,8.4,318
2025-05-07 04:00:00,11.9,0.0,7.7,319
2025-05-07 05:00:00,11.7,0.0,9.2,337
2025-05-07 06:00:00,11.7,0.0,6.7,333
2025-05-07 07:00:00,13.2,0.0,7.0,316
2025-05-07 08:00:00,15.0,0.0,7.3,329
2025-05-07 09:00:00,16.5,0.0,8.1,347
2025-05-07 10:00:00,18.2,0.0,7.2,341
2025-05-07 11:00:00,19.3,0.0,5.9,317
2025-05-07 12:00:00,20.1,0.0,4.6,283
2025-05-07 13:00:00,20.6,0.0,6.3,285
2025-05-07 14:00:00,21.0,0.0,8.9,313
2025-05-07 15:00:00,20.6,0.0,12.2,340
2025-05-07 16:00:00,20.0,0.0,14.3,350
2025-05-07 17:00:00,18.9,0.0,14.1,347
2025-05-07 18:00:00,17.4,0.0,12.9,345
2025-05-07 19:00:00,15.2,0.0,10.3,344
2025-05-07 20:00:00,13.9,0.0,9.7,344
2025-05-07 21:00:00,13.1,0.0,8.5,343
2025-05-07 22:00:00,12.8,0.0,6.6,349
2025-05-07 23:00:00,11.2,0.0,3.6,340
2025-05-08 00:00:00,10.8,0.0,3.1,332
2025-05-08 01:00:00,9.9,0.0,3.1,360
2025-05-08 02:00:00,9.2,0.0,3.8,17
2025-05-08 03:00:00,8.8,0.0,4.0,39
2025-05-08 04:00:00,8.6,0.0,3.5,39
2025-05-08 05:00:00,8.4,0.0,4.3,45
2025-05-08 06:00:00,10.4,0.0,6.7,52
2025-05-08 07:00:00,12.6,0.0,5.3,57
2025-05-08 08:00:00,15.1,0.0,4.2,115
2025-05-08 09:00:00,16.7,0.0,5.6,158
2025-05-08 10:00:00,18.5,0.0,9.2,145
2025-05-08 11:00:00,19.5,0.0,10.8,143
2025-05-08 12:00:00,20.4,0.0,13.2,134
2025-05-08 13:00:00,21.3,0.0,14.3,119
2025-05-08 14:00:00,21.8,0.0,13.5,115
2025-05-08 15:00:00,22.0,0.0,12.8,107
2025-05-08 16:00:00,21.8,0.0,13.2,112
2025-05-08 17:00:00,20.4,0.0,15.9,113
2025-05-08 18:00:00,18.4,0.0,17.3,113
2025-05-08 19:00:00,17.8,0.0,19.5,106
2025-05-08 20:00:00,17.4,0.0,20.9,98
2025-05-08 21:00:00,17.4,0.0,18.8,96
2025-05-08 22:00:00,17.4,0.0,19.0,99
2025-05-08 23:00:00,17.6,0.0,18.6,110
2025-05-09 00:00:00,17.3,0.0,19.1,108
2025-05-09 01:00:00,17.4,0.0,17.2,114
2025-05-09 02:00:00,17.4,0.0,17.5,114
2025-05-09 03:00:00,17.0,0.0,16.0,99
2025-05-09 04:00:00,16.8,0.0,17.9,94
2025-05-09 05:00:00,16.6,0.1,20.8,99
2025-05-09 06:00:00,16.5,0.1,25.5,103
2025-05-09 07:00:00,16.9,0.2,27.7,109
2025-05-09 08:00:00,16.3,1.4,27.4,101
2025-05-09 09:00:00,15.4,1.4,29.7,108
2025-05-09 10:00:00,17.2,1.1,32.6,114
2025-05-09 11:00:00,18.2,0.0,35.7,122
2025-05-09 12:00:00,16.4,1.7,37.4,126
2025-05-09 13:00:00,16.1,3.3,40.0,119
2025-05-09 14:00:00,16.2,7.7,37.0,114
2025-05-09 15:00:00,16.2,5.5,32.5,115
2025-05-09 16:00:00,16.5,1.9,31.2,112
2025-05-09 17:00:00,17.0,1.8,30.9,114
2025-05-09 18:00:00,17.5,2.5,29.5,116
2025-05-09 19:00:00,17.8,3.2,30.6,126
2025-05-09 20:00:00,18.4,3.7,28.2,132
2025-05-09 21:00:00,18.5,3.3,24.8,135
2025-05-09 22:00:00,17.5,2.9,19.1,129
2025-05-09 23:00:00,17.5,2.0,8.2,119
2025-05-10 00:00:00,17.6,0.7,12.7,111
2025-05-10 01:00:00,17.8,0.0,11.6,122
2025-05-10 02:00:00,18.1,0.2,9.2,168
2025-05-10 03:00:00,18.2,0.2,10.4,238
2025-05-10 04:00:00,17.7,0.2,11.2,285
2025-05-10 05:00:00,16.6,0.1,13.3,272
2025-05-10 06:00:00,16.5,0.0,14.4,261
2025-05-10 07:00:00,16.9,0.0,15.9,248
2025-05-10 08:00:00,17.2,0.1,17.6,255
2025-05-10 09:00:00,17.7,0.1,20.4,258
2025-05-10 10:00:00,20.5,0.1,20.5,242
2025-05-10 11:00:00,21.0,0.0,20.9,255
2025-05-10 12:00:00,21.1,0.0,24.1,271
2025-05-10 13:00:00,20.5,0.0,28.4,279
2025-05-10 14:00:00,19.9,0.0,35.5,272
2025-05-10 15:00:00,20.2,0.0,35.3,269
2025-05-10 16:00:00,19.5,0.0,33.8,265
2025-05-10 17:00:00,18.6,0.0,31.0,272
2025-05-10 18:00:00,18.0,0.0,33.8,270
2025-05-10 19:00:00,17.0,0.0,29.9,271
2025-05-10 20:00:00,16.4,0.0,27.9,269
2025-05-10 21:00:00,16.2,0.0,25.2,270
2025-05-10 22:00:00,16.4,0.0,25.0,276
2025-05-10 23:00:00,15.8,0.0,24.2,276
2025-05-11 00:00:00,15.4,0.0,23.2,270
2025-05-11 01:00:00,15.1,0.0,23.4,273
2025-05-11 02:00:00,14.9,0.0,19.7,275
2025-05-11 03:00:00,14.9,0.0,20.3,280
2025-05-11 04:00:00,14.8,0.0,18.1,280
2025-05-11 05:00:00,14.4,0.0,15.5,275
2025-05-11 06:00:00,14.6,0.0,13.8,264
2025-05-11 07:00:00,15.1,0.0,13.8,254
2025-05-11 08:00:00,15.8,0.2,16.0,259
2025-05-11 09:00:00,16.5,0.1,16.1,252
2025-05-11 10:00:00,17.4,0.2,15.2,236
2025-05-11 11:00:00,18.0,0.1,14.8,238
2025-05-11 12:00:00,18.5,0.1,12.4,253
2025-05-11 13:00:00,18.5,0.0,7.8,255
2025-05-11 14:00:00,17.7,0.0,8.5,283
2025-05-11 15:00:00,17.5,0.0,11.2,292
2025-05-11 16:00:00,17.0,0.1,8.7,277
2025-05-11 17:00:00,17.0,0.1,10.9,246
2025-05-11 18:00:00,16.3,0.2,11.1,243
2025-05-11 19:00:00,15.6,0.3,11.0,251
2025-05-11 20:00:00,15.6,0.1,11.3,234
2025-05-11 21:00:00,15.6,0.0,9.0,241
2025-05-11 22:00:00,15.4,0.0,10.8,227
2025-05-11 23:00:00,15.2,0.0,8.3,231
2025-05-12 00:00:00,14.9,0.0,8.6,244
2025-05-12 01:00:00,14.7,0.0,8.5,242
2025-05-12 02:00:00,14.8,0.0,12.2,250
2025-05-12 03:00:00,15.1,0.0,16.9,256
2025-05-12 04:00:00,15.4,0.0,17.9,257
2025-05-12 05:00:00,15.4,0.0,16.0,262
2025-05-12 06:00:00,15.2,0.0,13.7,261
2025-05-12 07:00:00,15.9,0.0,12.6,261
2025-05-12 08:00:00,16.9,0.0,14.0,261
2025-05-12 09:00:00,18.0,0.0,16.5,264
2025-05-12 10:00:00,19.1,0.0,16.6,264
2025-05-12 11:00:00,20.1,0.0,16.9,277
2025-05-12 12:00:00,20.4,0.0,18.4,287
2025-05-12 13:00:00,20.5,0.0,19.2,283
2025-05-12 14:00:00,20.5,0.0,18.6,282
2025-05-12 15:00:00,20.4,0.0,18.0,284
2025-05-12 16:00:00,19.8,0.0,17.0,285
2025-05-12 17:00:00,19.1,0.0,16.1,288
2025-05-12 18:00:00,18.1,0.0,15.0,291
2025-05-12 19:00:00,16.8,0.0,13.5,289
2025-05-12 20:00:00,15.8,0.0,13.5,289
2025-05-12 21:00:00,15.4,0.0,11.8,296
2025-05-12 22:00:00,15.5,0.0,10.9,294
2025-05-12 23:00:00,15.2,0.0,10.9,308
2025-05-13 00:00:00,14.8,0.0,8.0,312
2025-05-13 01:00:00,13.4,0.0,4.4,277
2025-05-13 02:00:00,13.3,0.0,2.7,293
2025-05-13 03:00:00,13.3,0.0,0.8,315
2025-05-13 04:00:00,12.8,0.0,0.7,90
2025-05-13 05:00:00,12.1,0.0,1.2,51
2025-05-13 06:00:00,12.0,0.0,2.0,45
2025-05-13 07:00:00,14.4,0.0,2.6,78
2025-05-13 08:00:00,16.2,0.0,2.4,153
2025-05-13 09:00:00,17.9,0.0,3.7,169
2025-05-13 10:00:00,19.5,0.0,5.6,159
2025-05-13 11:00:00,20.9,0.0,5.7,167
2025-05-13 12:00:00,21.8,0.0,6.7,160
2025-05-13 13:00:00,22.5,0.0,7.3,144
2025-05-13 14:00:00,22.9,0.0,8.0,142
2025-05-13 15:00:00,22.6,0.0,9.5,144
2025-05-13 16:00:00,21.9,0.0,9.0,145
2025-05-13 17:00:00,21.2,0.0,5.2,149
2025-05-13 18:00:00,20.4,0.0,2.7,184
2025-05-13 19:00:00,18.3,0.0,1.4,203
2025-05-13 20:00:00,17.1,0.0,0.8,315
2025-05-13 21:00:00,15.6,0.0,2.2,5
2025-05-13 22:00:00,15.6,0.0,3.7,39
2025-05-13 23:00:00,15.4,0.0,6.3,55
2025-05-14 00:00:00,15.4,0.0,6.8,78
2025-05-14 01:00:00,15.4,0.0,8.6,68
2025-05-14 02:00:00,15.2,0.0,8.5,58
2025-05-14 03:00:00,14.9,0.0,8.1,58
2025-05-14 04:00:00,14.8,0.0,9.5,71
2025-05-14 05:00:00,14.9,0.0,7.1,75
2025-05-14 06:00:00,14.9,0.0,7.7,69
2025-05-14 07:00:00,16.1,0.0,7.7,66
2025-05-14 08:00:00,18.2,0.0,6.1,87
2025-05-14 09:00:00,20.0,0.0,7.7,118
2025-05-14 10:00:00,21.1,0.0,9.7,138
2025-05-14 11:00:00,21.9,0.0,9.3,140
2025-05-14 12:00:00,22.9,0.0,8.7,127
2025-05-14 13:00:00,23.5,0.0,11.5,115
2025-05-14 14:00:00,23.6,0.0,15.7,112
2025-05-14 15:00:00,23.3,0.0,16.6,111
2025-05-14 16:00:00,22.7,0.0,15.6,105
2025-05-14 17:00:00,22.0,0.0,14.2,97
2025-05-14 18:00:00,20.5,0.0,14.6,90
2025-05-14 19:00:00,19.0,0.0,16.0,78
2025-05-14 20:00:00,18.4,0.0,15.9,80
2025-05-14 21:00:00,17.8,0.0,14.3,79
2025-05-14 22:00:00,17.7,0.0,13.0,71
2025-05-14 23:00:00,17.3,0.0,11.8,70
2025-05-15 00:00:00,16.9,0.0,10.2,54
2025-05-15 01:00:00,16.4,0.0,11.8,70
2025-05-15 02:00:00,15.8,0.0,9.5,51
2025-05-15 03:00:00,15.4,0.0,8.3,72
2025-05-15 04:00:00,15.2,0.0,7.9,74
2025-05-15 05:00:00,15.1,0.0,8.3,68
2025-05-15 06:00:00,15.4,0.0,9.5,65
2025-05-15 07:00:00,17.0,0.0,9.3,71
2025-05-15 08:00:00,19.0,0.0,10.8,94
2025-05-15 09:00:00,20.6,0.0,11.5,110
2025-05-15 10:00:00,20.7,0.0,11.3,112
2025-05-15 11:00:00,21.4,0.0,11.4,106
2025-05-15 12:00:00,22.9,0.0,11.9,105
2025-05-15 13:00:00,23.0,0.0,13.5,99
2025-05-15 14:00:00,22.8,0.0,14.9,98
2025-05-15 15:00:00,23.4,0.0,14.8,100
2025-05-15 16:00:00,22.6,0.0,14.0,99
2025-05-15 17:00:00,21.1,0.0,13.3,87
2025-05-15 18:00:00,20.4,0.0,13.8,83
2025-05-15 19:00:00,19.5,0.0,13.8,78
2025-05-15 20:00:00,18.9,0.0,14.6,74
2025-05-15 21:00:00,18.6,0.0,15.1,70
2025-05-15 22:00:00,18.6,0.0,13.7,80
2025-05-15 23:00:00,18.4,0.0,13.5,74
2025-05-16 00:00:00,18.0,0.0,13.4,66
2025-05-16 01:00:00,18.0,0.0,13.8,70
2025-05-16 02:00:00,17.8,0.0,13.0,66
2025-05-16 03:00:00,17.6,0.0,13.2,68
2025-05-16 04:00:00,17.8,0.0,12.5,62
2025-05-16 05:00:00,17.9,0.2,11.5,68
2025-05-16 06:00:00,17.7,0.3,12.6,80
2025-05-16 07:00:00,17.6,0.2,13.7,81
2025-05-16 08:00:00,18.5,0.1,14.9,82
2025-05-16 09:00:00,19.8,0.0,16.2,93
2025-05-16 10:00:00,20.2,0.0,18.5,105
2025-05-16 11:00:00,21.9,0.0,21.3,111
2025-05-16 12:00:00,22.7,0.0,20.3,111
2025-05-16 13:00:00,22.0,0.0,20.4,98
2025-05-16 14:00:00,22.6,0.0,20.4,99
2025-05-16 15:00:00,21.7,0.0,20.0,92
2025-05-16 16:00:00,20.7,0.1,22.2,98
2025-05-16 17:00:00,20.2,0.5,24.4,107
2025-05-16 18:00:00,19.6,0.9,25.8,107
2025-05-16 19:00:00,18.8,0.6,27.2,105
2025-05-16 20:00:00,18.5,0.8,27.9,107
2025-05-16 21:00:00,18.4,1.5,33.7,115
2025-05-16 22:00:00,19.1,1.7,36.5,124
2025-05-16 23:00:00,19.5,2.1,37.5,131
2025-05-17 00:00:00,19.4,2.5,31.6,143
2025-05-17 01:00:00,19.9,1.2,29.8,147
2025-05-17 02:00:00,19.8,8.2,30.3,150
2025-05-17 03:00:00,19.6,2.1,28.4,153
2025-05-17 04:00:00,19.6,5.1,17.5,160
2025-05-17 05:00:00,19.2,4.1,15.0,167
2025-05-17 06:00:00,19.7,4.1,10.9,174
2025-05-17 07:00:00,21.0,1.0,16.6,211
2025-05-17 08:00:00,21.5,0.9,19.4,217
2025-05-17 09:00:00,21.4,1.2,16.0,256
2025-05-17 10:00:00,24.5,0.0,19.5,273
2025-05-17 11:00:00,23.8,0.0,23.5,281
2025-05-17 12:00:00,24.0,0.0,22.2,284
2025-05-17 13:00:00,24.8,0.0,17.7,290
2025-05-17 14:00:00,24.8,0.0,17.8,293
2025-05-17 15:00:00,23.6,0.0,15.9,286
2025-05-17 16:00:00,23.4,0.0,15.4,297
2025-05-17 17:00:00,22.4,0.0,14.7,299
2025-05-17 18:00:00,21.4,0.0,12.7,308
2025-05-17 19:00:00,20.2,0.0,14.1,309
2025-05-17 20:00:00,19.4,0.0,9.2,313
2025-05-17 21:00:00,19.0,0.0,4.5,284
2025-05-17 22:00:00,19.8,0.0,8.7,266
2025-05-17 23:00:00,20.2,0.0,10.9,262
2025-05-18 00:00:00,19.7,0.0,10.1,280
2025-05-18 01:00:00,18.8,0.0,10.6,298
2025-05-18 02:00:00,18.1,0.0,8.7,304
2025-05-18 03:00:00,17.5,0.0,4.6,283
2025-05-18 04:00:00,17.6,0.0,4.8,257
2025-05-18 05:00:00,18.2,0.0,6.3,270
2025-05-18 06:00:00,18.3,0.0,8.4,305
2025-05-18 07:00:00,19.0,0.0,12.1,300
2025-05-18 08:00:00,19.5,0.0,13.3,272
2025-05-18 09:00:00,20.7,0.0,16.2,271
2025-05-18 10:00:00,21.9,0.0,12.3,291
2025-05-18 11:00:00,22.0,0.0,15.4,296
2025-05-18 12:00:00,21.4,0.0,20.0,296
2025-05-18 13:00:00,21.0,0.0,18.8,296
2025-05-18 14:00:00,21.5,0.0,19.2,296
2025-05-18 15:00:00,20.6,0.0,20.3,301
2025-05-18 16:00:00,20.1,0.0,18.4,295
2025-05-18 17:00:00,19.5,0.0,18.1,294
2025-05-18 18:00:00,18.5,0.0,14.8,300
2025-05-18 19:00:00,17.8,0.0,12.8,294
2025-05-18 20:00:00,17.1,0.0,11.5,293
2025-05-18 21:00:00,16.8,0.0,11.4,298
2025-05-18 22:00:00,17.0,0.0,7.4,302
2025-05-18 23:00:00,16.7,0.0,5.7,294
2025-05-19 00:00:00,16.5,0.0,8.2,299
2025-05-19 01:00:00,16.3,0.0,9.0,300
2025-05-19 02:00:00,15.9,0.0,7.7,295
2025-05-19 03:00:00,15.5,0.0,8.7,308
2025-05-19 04:00:00,15.0,0.0,7.6,317
2025-05-19 05:00:00,14.8,0.0,6.5,321
2025-05-19 06:00:00,14.8,0.0,3.7,331
2025-05-19 07:00:00,16.6,0.0,0.6,72
2025-05-19 08:00:00,18.0,0.0,2.3,157
2025-05-19 09:00:00,19.1,0.0,4.8,153
2025-05-19 10:00:00,20.9,0.0,7.1,139
2025-05-19 11:00:00,22.0,0.0,9.2,137
2025-05-19 12:00:00,22.5,0.0,11.7,128
2025-05-19 13:00:00,22.5,0.0,14.1,109
2025-05-19 14:00:00,22.7,0.0,14.6,104
2025-05-19 15:00:00,22.4,0.0,13.6,98
2025-05-19 16:00:00,22.1,0.0,13.6,105
2025-05-19 17:00:00,21.7,0.0,11.8,103
2025-05-19 18:00:00,20.4,0.0,11.5,104
2025-05-19 19:00:00,19.1,0.0,11.5,93
2025-05-19 20:00:00,18.5,0.0,10.9,71
2025-05-19 21:00:00,18.0,0.0,11.6,77
2025-05-19 22:00:00,18.0,0.0,9.2,79
2025-05-19 23:00:00,17.6,0.0,9.3,71
2025-05-20 00:00:00,17.6,0.0,10.1,66
2025-05-20 01:00:00,17.6,0.0,10.2,67
2025-05-20 02:00:00,17.4,0.0,8.9,69
2025-05-20 03:00:00,17.1,0.0,8.9,66
2025-05-20 04:00:00,16.8,0.0,8.9,45
2025-05-20 05:00:00,16.6,0.0,7.0,48
2025-05-20 06:00:00,17.0,0.0,3.9,47
2025-05-20 07:00:00,19.2,0.0,0.8,63
2025-05-20 08:00:00,21.4,0.0,2.3,151
2025-05-20 09:00:00,22.5,0.0,5.0,165
2025-05-20 10:00:00,23.5,0.0,10.2,132
2025-05-20 11:00:00,24.8,0.0,11.5,113
2025-05-20 12:00:00,25.2,0.0,14.9,118
2025-05-20 13:00:00,25.4,0.0,15.9,108
2025-05-20 14:00:00,25.4,0.0,18.2,106
2025-05-20 15:00:00,25.4,0.0,19.1,92
2025-05-20 16:00:00,25.1,0.0,17.8,89
2025-05-20 17:00:00,23.8,0.0,14.8,88
2025-05-20 18:00:00,22.7,0.0,9.9,85
2025-05-20 19:00:00,21.9,0.0,10.3,83
2025-05-20 20:00:00,20.8,0.0,10.1,80
2025-05-20 21:00:00,20.2,0.0,9.6,82
2025-05-20 22:00:00,20.8,0.0,12.8,88
2025-05-20 23:00:00,20.5,0.0,11.7,76
2025-05-21 00:00:00,20.5,0.0,10.4,73
2025-05-21 01:00:00,20.6,0.0,9.5,75
2025-05-21 02:00:00,20.5,0.0,10.5,82
2025-05-21 03:00:00,20.4,0.0,10.1,84
2025-05-21 04:00:00,20.3,0.0,11.8,81
2025-05-21 05:00:00,20.4,0.0,10.9,70
2025-05-21 06:00:00,20.7,0.0,11.1,81
2025-05-21 07:00:00,21.1,0.3,13.5,81
2025-05-21 08:00:00,20.9,1.4,17.1,90
2025-05-21 09:00:00,20.3,12.5,15.0,93
2025-05-21 10:00:00,22.3,0.0,19.3,117
2025-05-21 11:00:00,21.4,0.0,17.4,101
2025-05-21 12:00:00,22.7,0.0,16.8,96
2025-05-21 13:00:00,22.8,0.0,20.0,86
2025-05-21 14:00:00,21.8,0.5,20.2,91
2025-05-21 15:00:00,20.8,1.5,19.2,95
2025-05-21 16:00:00,20.4,3.1,18.2,94
2025-05-21 17:00:00,20.0,5.1,12.8,84
2025-05-21 18:00:00,19.9,3.0,15.5,102
2025-05-21 19:00:00,19.5,2.5,6.0,80
2025-05-21 20:00:00,19.8,1.3,10.0,70
2025-05-21 21:00:00,19.7,1.0,12.6,73
2025-05-21 22:00:00,20.1,0.2,22.1,108
2025-05-21 23:00:00,19.9,0.6,16.3,96
2025-05-22 00:00:00,19.8,4.4,14.2,102
2025-05-22 01:00:00,19.9,7.0,9.7,39
2025-05-22 02:00:00,20.3,7.7,15.5,10
2025-05-22 03:00:00,20.4,6.1,9.8,18
2025-05-22 04:00:00,20.2,3.6,11.7,10
2025-05-22 05:00:00,19.7,1.6,10.4,15
2025-05-22 06:00:00,19.6,2.0,11.0,18
2025-05-22 07:00:00,19.7,0.4,11.8,340
2025-05-22 08:00:00,19.8,0.0,6.2,330
2025-05-22 09:00:00,20.3,0.0,10.9,341
2025-05-22 10:00:00,20.5,0.0,15.2,338
2025-05-22 11:00:00,20.9,0.0,18.8,339
2025-05-22 12:00:00,21.4,0.0,19.1,342
2025-05-22 13:00:00,21.8,0.0,18.1,339
2025-05-22 14:00:00,22.2,0.0,18.8,333
2025-05-22 15:00:00,21.2,0.0,20.7,340
2025-05-22 16:00:00,20.6,0.0,19.8,343
2025-05-22 17:00:00,19.9,0.0,17.3,337
2025-05-22 18:00:00,18.9,0.0,16.2,339
2025-05-22 19:00:00,17.9,0.0,16.2,346
2025-05-22 20:00:00,17.5,0.0,13.6,345
2025-05-22 21:00:00,17.4,0.0,11.2,338
2025-05-22 22:00:00,17.5,0.0,9.2,340
2025-05-22 23:00:00,17.4,0.0,8.1,331
2025-05-23 00:00:00,17.0,0.0,7.4,313
2025-05-23 01:00:00,17.1,0.0,5.5,322
2025-05-23 02:00:00,17.2,0.0,9.8,352
2025-05-23 03:00:00,16.4,0.0,11.9,350
2025-05-23 04:00:00,15.9,0.0,11.6,15
2025-05-23 05:00:00,15.6,0.0,7.9,21
2025-05-23 06:00:00,15.6,0.0,7.7,16
2025-05-23 07:00:00,16.9,0.0,6.2,49
2025-05-23 08:00:00,18.5,0.0,4.0,63
2025-05-23 09:00:00,19.8,0.0,4.7,140
2025-05-23 10:00:00,21.0,0.0,4.7,162
2025-05-23 11:00:00,21.5,0.0,7.8,185
2025-05-23 12:00:00,21.1,0.0,12.0,187
2025-05-23 13:00:00,21.0,0.0,11.2,177
2025-05-23 14:00:00,20.9,0.0,8.5,168
2025-05-23 15:00:00,21.4,0.0,7.5,160
2025-05-23 16:00:00,20.5,0.0,6.1,178
2025-05-23 17:00:00,20.0,0.0,6.5,180
2025-05-23 18:00:00,19.5,0.0,4.5,137
2025-05-23 19:00:00,18.9,0.0,4.7,72
2025-05-23 20:00:00,19.0,0.0,14.3,102
2025-05-23 21:00:00,17.9,0.6,16.4,91
2025-05-23 22:00:00,18.5,0.1,17.6,90
2025-05-23 23:00:00,18.4,0.1,19.5,94
2025-05-24 00:00:00,18.5,0.0,19.3,95
2025-05-24 01:00:00,18.5,0.0,18.3,96
2025-05-24 02:00:00,18.7,0.0,18.0,102
2025-05-24 03:00:00,19.0,0.1,19.5,106
2025-05-24 04:00:00,19.0,0.1,21.1,103
2025-05-24 05:00:00,18.8,0.4,20.5,98
2025-05-24 06:00:00,17.6,3.4,24.4,96
2025-05-24 07:00:00,17.4,5.4,21.8,87
2025-05-24 08:00:00,17.2,10.8,23.9,89
2025-05-24 09:00:00,17.9,10.9,25.5,85
2025-05-24 10:00:00,18.2,10.5,16.0,102
2025-05-24 11:00:00,18.2,6.6,23.6,101
2025-05-24 12:00:00,18.1,4.1,23.3,99
2025-05-24 13:00:00,19.1,0.9,25.0,97
2025-05-24 14:00:00,19.4,0.2,23.6,93
2025-05-24 15:00:00,21.1,0.0,23.0,95
2025-05-24 16:00:00,20.8,3.4,22.5,92
2025-05-24 17:00:00,20.0,0.9,18.0,86
2025-05-24 18:00:00,20.8,0.4,7.9,344
2025-05-24 19:00:00,18.6,0.5,19.7,329
2025-05-24 20:00:00,18.0,0.4,20.6,324
2025-05-24 21:00:00,17.5,0.0,17.5,309
2025-05-24 22:00:00,17.4,0.0,17.8,317
2025-05-24 23:00:00,17.2,0.0,16.8,312
2025-05-25 00:00:00,16.9,0.0,16.6,307
2025-05-25 01:00:00,16.8,0.0,16.5,306
2025-05-25 02:00:00,16.6,0.0,17.1,310
2025-05-25 03:00:00,16.4,0.1,16.5,315
2025-05-25 04:00:00,16.1,0.0,16.7,317
2025-05-25 05:00:00,15.9,0.0,16.0,314
2025-05-25 06:00:00,15.9,0.0,16.0,321
2025-05-25 07:00:00,15.9,0.0,15.1,322
2025-05-25 08:00:00,16.2,0.0,16.8,332
2025-05-25 09:00:00,17.4,0.0,17.9,339
2025-05-25 10:00:00,18.2,0.0,18.8,342
2025-05-25 11:00:00,18.9,0.1,19.4,339
2025-05-25 12:00:00,18.8,0.2,20.1,345
2025-05-25 13:00:00,19.2,0.0,18.3,342
2025-05-25 14:00:00,19.0,0.0,17.3,345
2025-05-25 15:00:00,19.0,0.0,15.4,344
2025-05-25 16:00:00,19.3,0.0,14.5,341
2025-05-25 17:00:00,18.4,0.0,13.0,346
2025-05-25 18:00:00,17.8,0.0,9.9,350
2025-05-25 19:00:00,16.5,0.0,8.7,354
2025-05-25 20:00:00,15.1,0.0,5.4,346
2025-05-25 21:00:00,13.6,0.0,4.2,335
2025-05-25 22:00:00,13.0,0.0,4.1,331
2025-05-25 23:00:00,12.6,0.0,4.0,321
2025-05-26 00:00:00,13.1,0.0,5.2,335
2025-05-26 01:00:00,13.0,0.0,8.8,337
2025-05-26 02:00:00,12.9,0.0,9.5,335
2025-05-26 03:00:00,12.6,0.0,9.8,343
2025-05-26 04:00:00,12.8,0.0,10.5,347
2025-05-26 05:00:00,12.9,0.0,9.9,348
2025-05-26 06:00:00,13.5,0.0,8.7,354
2025-05-26 07:00:00,15.1,0.0,5.6,335
2025-05-26 08:00:00,16.9,0.0,1.8,264
2025-05-26 09:00:00,18.2,0.0,3.9,196
2025-05-26 10:00:00,18.4,0.0,3.8,211
2025-05-26 11:00:00,18.5,0.0,5.3,208
2025-05-26 12:00:00,19.2,0.0,6.3,193
2025-05-26 13:00:00,19.5,0.0,7.9,193
2025-05-26 14:00:00,19.3,0.0,8.5,197
2025-05-26 15:00:00,19.2,0.0,8.5,204
2025-05-26 16:00:00,19.5,0.0,8.9,194
2025-05-26 17:00:00,18.5,0.0,6.8,177
2025-05-26 18:00:00,17.8,0.0,2.8,145
2025-05-26 19:00:00,16.6,0.0,1.3,16
2025-05-26 20:00:00,15.9,0.0,3.1,21
2025-05-26 21:00:00,15.4,0.0,3.6,37
2025-05-26 22:00:00,14.8,0.0,3.1,31
2025-05-26 23:00:00,14.6,0.0,3.5,51
2025-05-27 00:00:00,14.6,0.0,3.5,55
2025-05-27 01:00:00,14.4,0.0,4.1,52
2025-05-27 02:00:00,14.5,0.0,5.0,41
2025-05-27 03:00:00,13.6,0.0,4.2,31
2025-05-27 04:00:00,13.3,0.0,4.0,32
2025-05-27 05:00:00,13.2,0.0,4.5,47
2025-05-27 06:00:00,14.8,0.0,4.2,40
2025-05-27 07:00:00,16.2,0.0,4.3,45
2025-05-27 08:00:00,18.0,0.0,4.5,95
2025-05-27 09:00:00,19.2,0.0,6.5,118
2025-05-27 10:00:00,20.0,0.0,7.5,140
2025-05-27 11:00:00,20.8,0.0,8.7,137
2025-05-27 12:00:00,21.4,0.0,8.9,128
2025-05-27 13:00:00,21.9,0.0,8.2,122
2025-05-27 14:00:00,22.1,0.0,7.9,129
2025-05-27 15:00:00,22.0,0.0,8.2,147
2025-05-27 16:00:00,21.5,0.0,7.3,169
2025-05-27 17:00:00,21.1,0.0,4.6,198
2025-05-27 18:00:00,20.5,0.0,4.0,180
2025-05-27 19:00:00,18.8,0.0,0.4,207
2025-05-27 20:00:00,16.9,0.0,4.1,360
2025-05-27 21:00:00,16.8,0.0,6.3,20
2025-05-27 22:00:00,16.5,0.0,8.5,18
2025-05-27 23:00:00,15.1,0.0,4.2,31
2025-05-28 00:00:00,14.4,0.0,2.2,76
2025-05-28 01:00:00,14.2,0.0,5.2,44
2025-05-28 02:00:00,14.1,0.0,6.6,49
2025-05-28 03:00:00,14.1,0.0,5.5,41
2025-05-28 04:00:00,13.5,0.0,3.8,25
2025-05-28 05:00:00,13.6,0.0,4.2,31
2025-05-28 06:00:00,14.6,0.0,6.8,37
2025-05-28 07:00:00,16.6,0.0,6.9,59
2025-05-28 08:00:00,18.8,0.0,5.8,92
2025-05-28 09:00:00,19.9,0.0,6.7,126
2025-05-28 10:00:00,20.8,0.0,7.5,138
2025-05-28 11:00:00,21.5,0.0,7.1,161
2025-05-28 12:00:00,22.0,0.0,5.0,154
2025-05-28 13:00:00,22.0,0.0,3.7,166
2025-05-28 14:00:00,22.2,0.0,5.6,186
2025-05-28 15:00:00,21.9,0.0,6.1,185
2025-05-28 16:00:00,21.5,0.0,6.1,192
2025-05-28 17:00:00,21.2,0.0,5.6,178
2025-05-28 18:00:00,20.5,0.0,3.1,159
2025-05-28 19:00:00,19.1,0.0,0.9,169
2025-05-28 20:00:00,18.0,0.0,1.4,360
2025-05-28 21:00:00,17.6,0.0,5.5,17
2025-05-28 22:00:00,18.0,0.0,6.5,46
2025-05-28 23:00:00,17.5,0.0,7.3,42
2025-05-29 00:00:00,17.0,0.0,7.8,44
2025-05-29 01:00:00,16.5,0.0,7.1,52
2025-05-29 02:00:00,16.2,0.0,7.0,46
2025-05-29 03:00:00,16.2,0.0,7.5,53
2025-05-29 04:00:00,16.5,0.0,6.8,55
2025-05-29 05:00:00,16.8,0.0,8.2,64
2025-05-29 06:00:00,17.0,0.0,6.9,60
2025-05-29 07:00:00,17.9,0.0,8.5,69
2025-05-29 08:00:00,18.5,0.0,10.1,89
2025-05-29 09:00:00,19.4,0.0,9.4,98
2025-05-29 10:00:00,20.9,0.0,11.1,113
2025-05-29 11:00:00,21.8,0.0,8.8,113
2025-05-29 12:00:00,22.1,0.0,7.6,126
2025-05-29 13:00:00,22.6,0.0,9.1,129
2025-05-29 14:00:00,22.4,0.0,10.0,131
2025-05-29 15:00:00,21.2,0.0,10.3,136
2025-05-29 16:00:00,20.7,0.0,8.5,126
2025-05-29 17:00:00,20.4,0.0,7.6,94
2025-05-29 18:00:00,19.6,0.0,8.5,84
2025-05-29 19:00:00,19.0,0.0,5.2,61
2025-05-29 20:00:00,17.9,0.0,4.9,10
2025-05-29 21:00:00,17.0,0.0,5.2,360
2025-05-29 22:00:00,16.7,0.0,3.1,360
2025-05-29 23:00:00,16.6,0.0,7.3,349
2025-05-30 00:00:00,16.5,0.0,7.3,344
2025-05-30 01:00:00,16.5,0.0,6.4,8
2025-05-30 02:00:00,16.5,0.0,4.7,16
2025-05-30 03:00:00,16.1,0.0,4.0,342
2025-05-30 04:00:00,15.5,0.0,2.3,247
2025-05-30 05:00:00,16.5,0.0,7.0,273
2025-05-30 06:00:00,16.5,0.1,8.5,318
2025-05-30 07:00:00,17.1,0.3,9.6,334
2025-05-30 08:00:00,18.4,0.1,13.3,357
2025-05-30 09:00:00,20.0,0.0,12.5,7
2025-05-30 10:00:00,19.8,0.1,10.2,350
2025-05-30 11:00:00,21.8,0.0,11.1,352
2025-05-30 12:00:00,22.8,0.0,9.0,340
2025-05-30 13:00:00,23.0,0.0,11.8,348
2025-05-30 14:00:00,22.2,0.5,14.1,5
2025-05-30 15:00:00,22.4,0.3,17.1,356
2025-05-30 16:00:00,21.4,0.0,18.1,355
2025-05-30 17:00:00,20.4,0.0,18.3,354
2025-05-30 18:00:00,19.5,0.0,13.0,342
2025-05-30 19:00:00,18.7,0.0,12.2,336
2025-05-30 20:00:00,18.2,0.0,10.4,330
2025-05-30 21:00:00,17.8,0.0,7.2,321
2025-05-30 22:00:00,17.5,0.0,9.2,312
2025-05-30 23:00:00,17.1,0.0,8.2,308
2025-05-31 00:00:00,16.6,0.0,8.7,288
2025-05-31 01:00:00,16.0,0.0,8.4,289
2025-05-31 02:00:00,15.8,0.0,9.0,317
2025-05-31 03:00:00,15.6,0.0,6.6,334
2025-05-31 04:00:00,14.2,0.0,4.4,305
2025-05-31 05:00:00,15.1,0.0,6.3,283
2025-05-31 06:00:00,15.6,0.0,11.5,295
2025-05-31 07:00:00,16.8,0.0,10.9,309
2025-05-31 08:00:00,18.5,0.0,10.7,311
2025-05-31 09:00:00,20.0,0.0,9.8,313
2025-05-31 10:00:00,21.6,0.0,13.8,296
2025-05-31 11:00:00,22.5,0.0,14.0,303
2025-05-31 12:00:00,22.9,0.0,17.0,307
2025-05-31 13:00:00,22.7,0.0,17.8,317
2025-05-31 14:00:00,22.7,0.0,16.4,327
2025-05-31 15:00:00,22.4,0.0,16.2,323
2025-05-31 16:00:00,21.6,0.0,16.0,315
2025-05-31 17:00:00,20.8,0.0,14.6,303
2025-05-31 18:00:00,19.6,0.0,13.9,295
2025-05-31 19:00:00,18.2,0.0,13.6,292
2025-05-31 20:00:00,17.2,0.0,12.2,294
2025-05-31 21:00:00,16.6,0.0,11.2,282
2025-05-31 22:00:00,16.4,0.0,9.1,295
2025-05-31 23:00:00,16.3,0.0,11.0,293
2025-06-01 00:00:00,16.2,0.0,12.2,295
2025-06-01 01:00:00,16.1,0.0,10.7,311
2025-06-01 02:00:00,15.8,0.0,8.1,313
2025-06-01 03:00:00,15.3,0.0,8.2,303
2025-06-01 04:00:00,15.3,0.0,9.1,304
2025-06-01 05:00:00,15.1,0.0,9.5,309
2025-06-01 06:00:00,15.6,0.0,10.2,307
2025-06-01 07:00:00,17.5,0.0,10.1,294
2025-06-01 08:00:00,19.2,0.0,12.4,300
2025-06-01 09:00:00,20.8,0.0,12.0,292
2025-06-01 10:00:00,21.9,0.0,12.4,273
2025-06-01 11:00:00,22.9,0.0,13.5,267
2025-06-01 12:00:00,23.8,0.0,14.8,265
2025-06-01 13:00:00,24.3,0.0,16.4,268
2025-06-01 14:00:00,24.5,0.0,16.2,273
2025-06-01 15:00:00,24.5,0.0,16.2,274
2025-06-01 16:00:00,23.9,0.0,14.9,278
2025-06-01 17:00:00,23.0,0.0,12.6,279
2025-06-01 18:00:00,22.0,0.0,10.3,286
2025-06-01 19:00:00,20.5,0.0,9.1,291
2025-06-01 20:00:00,19.1,0.0,8.1,291
2025-06-01 21:00:00,18.0,0.0,5.5,308
2025-06-01 22:00:00,17.6,0.0,3.7,321
2025-06-01 23:00:00,17.0,0.0,3.6,303
2025-06-02 00:00:00,16.8,0.0,3.1,315
2025-06-02 01:00:00,15.9,0.0,2.9,300
2025-06-02 02:00:00,15.3,0.0,3.4,357
2025-06-02 03:00:00,14.9,0.0,3.3,77
2025-06-02 04:00:00,15.4,0.0,7.3,59
2025-06-02 05:00:00,15.9,0.0,6.6,64
2025-06-02 06:00:00,16.5,0.0,6.6,64
2025-06-02 07:00:00,17.5,0.0,7.4,94
2025-06-02 08:00:00,18.7,0.0,6.1,118
2025-06-02 09:00:00,18.7,0.0,7.8,112
2025-06-02 10:00:00,19.3,0.0,9.8,116
2025-06-02 11:00:00,20.5,0.0,12.9,113
2025-06-02 12:00:00,20.5,0.0,13.7,106
2025-06-02 13:00:00,20.3,0.0,13.8,102
2025-06-02 14:00:00,20.2,0.0,13.2,95
2025-06-02 15:00:00,19.9,0.1,14.2,94
2025-06-02 16:00:00,19.9,0.1,18.2,90
2025-06-02 17:00:00,19.4,0.0,19.2,85
2025-06-02 18:00:00,18.5,0.1,19.7,94
2025-06-02 19:00:00,18.0,0.0,19.4,91
2025-06-02 20:00:00,18.0,0.1,22.9,98
2025-06-02 21:00:00,18.5,0.2,25.2,107
2025-06-02 22:00:00,17.4,2.4,26.6,105
2025-06-02 23:00:00,16.6,3.3,29.7,108
2025-06-03 00:00:00,16.9,1.5,27.7,102
2025-06-03 01:00:00,17.1,2.5,26.9,102
2025-06-03 02:00:00,17.0,4.5,26.6,99
2025-06-03 03:00:00,17.1,4.6,29.7,101
2025-06-03 04:00:00,17.1,7.2,27.2,102
2025-06-03 05:00:00,17.1,5.8,23.8,103
2025-06-03 06:00:00,17.1,4.3,17.9,95
2025-06-03 07:00:00,17.4,3.2,12.6,79
2025-06-03 08:00:00,17.5,3.0,13.7,101
2025-06-03 09:00:00,18.2,0.5,5.7,77
2025-06-03 10:00:00,18.1,1.2,6.5,316
2025-06-03 11:00:00,19.4,0.7,6.9,298
2025-06-03 12:00:00,20.7,0.2,7.9,290
2025-06-03 13:00:00,21.8,0.3,12.2,287
2025-06-03 14:00:00,22.2,0.2,15.1,298
2025-06-03 15:00:00,22.6,0.0,21.0,284
2025-06-03 16:00:00,21.9,0.0,21.0,285
2025-06-03 17:00:00,21.3,0.0,18.1,283
2025-06-03 18:00:00,20.4,0.0,18.1,276
2025-06-03 19:00:00,19.1,0.0,15.4,277
2025-06-03 20:00:00,18.9,0.0,16.5,280
2025-06-03 21:00:00,19.0,0.0,14.6,270
2025-06-03 22:00:00,18.8,0.0,12.7,276
2025-06-03 23:00:00,19.0,0.0,14.3,280
2025-06-04 00:00:00,19.2,0.0,18.0,282
2025-06-04 01:00:00,19.5,0.0,18.6,279
2025-06-04 02:00:00,19.3,0.0,17.7,283
2025-06-04 03:00:00,18.7,0.0,14.5,277
2025-06-04 04:00:00,18.6,0.0,13.3,271
2025-06-04 05:00:00,18.1,0.0,11.9,270
2025-06-04 06:00:00,18.0,0.0,10.9,277
2025-06-04 07:00:00,19.4,0.0,13.2,275
2025-06-04 08:00:00,20.6,0.0,14.6,268
2025-06-04 09:00:00,21.6,0.0,17.7,279
2025-06-04 10:00:00,22.8,0.0,19.2,280
2025-06-04 11:00:00,23.2,0.0,18.0,273
2025-06-04 12:00:00,23.5,0.0,18.4,269
2025-06-04 13:00:00,23.7,0.0,17.5,270
2025-06-04 14:00:00,23.8,0.0,16.0,278
2025-06-04 15:00:00,24.0,0.0,15.0,293
2025-06-04 16:00:00,23.5,0.0,15.5,292
2025-06-04 17:00:00,22.9,0.0,12.5,297
2025-06-04 18:00:00,22.1,0.0,18.2,277
2025-06-04 19:00:00,21.4,0.0,20.5,269
2025-06-04 20:00:00,21.0,0.0,17.8,262
2025-06-04 21:00:00,20.4,0.0,14.9,261
2025-06-04 22:00:00,20.6,0.0,13.4,258
2025-06-04 23:00:00,20.3,0.0,16.4,257
2025-06-05 00:00:00,19.9,0.0,17.5,265
2025-06-05 01:00:00,19.2,0.0,14.8,264
2025-06-05 02:00:00,18.6,0.0,13.0,267
2025-06-05 03:00:00,18.2,0.0,13.2,276
2025-06-05 04:00:00,17.7,0.0,12.6,280
2025-06-05 05:00:00,17.4,0.0,11.7,279
2025-06-05 06:00:00,17.5,0.0,10.7,282
2025-06-05 07:00:00,19.0,0.0,8.5,276
2025-06-05 08:00:00,20.5,0.0,10.3,271
2025-06-05 09:00:00,21.7,0.0,10.8,270
2025-06-05 10:00:00,23.2,0.0,8.9,249
2025-06-05 11:00:00,23.8,0.0,9.5,233
2025-06-05 12:00:00,24.1,0.0,8.5,216
2025-06-05 13:00:00,24.4,0.0,6.2,213
2025-06-05 14:00:00,24.9,0.0,5.5,251
2025-06-05 15:00:00,25.2,0.0,8.6,270
2025-06-05 16:00:00,25.0,0.0,8.1,274
2025-06-05 17:00:00,24.3,0.0,7.0,266
2025-06-05 18:00:00,22.5,0.0,11.6,265
2025-06-05 19:00:00,20.8,0.0,12.2,270
2025-06-05 20:00:00,19.9,0.0,9.6,275
2025-06-05 21:00:00,19.0,0.0,7.8,277
2025-06-05 22:00:00,19.3,0.0,7.3,298
2025-06-05 23:00:00,18.6,0.0,8.0,310
2025-06-06 00:00:00,17.8,0.0,4.2,324
2025-06-06 01:00:00,17.0,0.0,3.0,335
2025-06-06 02:00:00,16.8,0.0,1.9,338
2025-06-06 03:00:00,16.6,0.0,1.3,352
2025-06-06 04:00:00,15.9,0.0,0.9,11
2025-06-06 05:00:00,15.6,0.0,1.2,27
2025-06-06 06:00:00,16.9,0.0,2.3,72
2025-06-06 07:00:00,18.2,0.0,4.8,112
2025-06-06 08:00:00,19.0,0.0,2.7,122
2025-06-06 09:00:00,20.7,0.0,3.3,151
2025-06-06 10:00:00,22.2,0.0,6.0,153
2025-06-06 11:00:00,23.2,0.0,7.2,155
2025-06-06 12:00:00,24.0,0.0,7.9,139
2025-06-06 13:00:00,24.1,0.0,7.0,130
2025-06-06 14:00:00,24.6,0.0,8.3,123
2025-06-06 15:00:00,24.0,0.0,8.5,118
2025-06-06 16:00:00,23.9,0.0,7.8,132
2025-06-06 17:00:00,22.7,0.0,6.6,125
2025-06-06 18:00:00,22.2,0.0,4.6,126
2025-06-06 19:00:00,21.4,0.0,0.8,153
2025-06-06 20:00:00,20.1,0.0,10.8,72
2025-06-06 21:00:00,20.0,0.0,9.0,67
2025-06-06 22:00:00,20.5,0.0,14.6,95
2025-06-06 23:00:00,20.4,0.0,13.9,96
2025-06-07 00:00:00,20.0,0.0,10.1,87
2025-06-07 01:00:00,19.5,0.0,10.3,87
2025-06-07 02:00:00,19.0,0.0,10.6,69
2025-06-07 03:00:00,18.9,0.0,11.1,65
2025-06-07 04:00:00,18.6,0.0,9.3,62
2025-06-07 05:00:00,18.7,0.0,9.7,63
2025-06-07 06:00:00,19.1,0.0,9.3,71
2025-06-07 07:00:00,20.1,0.0,9.7,78
2025-06-07 08:00:00,21.1,0.0,9.0,85
2025-06-07 09:00:00,21.2,0.0,9.2,106
2025-06-07 10:00:00,21.8,0.0,9.8,116
2025-06-07 11:00:00,21.5,0.4,8.5,102
2025-06-07 12:00:00,23.4,0.0,6.5,129
2025-06-07 13:00:00,23.8,0.0,7.0,125
2025-06-07 14:00:00,25.7,0.0,7.4,135
2025-06-07 15:00:00,24.6,0.0,8.4,140
2025-06-07 16:00:00,24.0,0.0,8.1,141
2025-06-07 17:00:00,23.5,0.0,6.4,140
2025-06-07 18:00:00,23.4,0.0,7.1,105
2025-06-07 19:00:00,22.4,0.1,6.4,100
2025-06-07 20:00:00,21.5,0.0,3.2,124
2025-06-07 21:00:00,20.5,0.0,2.2,99
2025-06-07 22:00:00,20.4,0.0,6.7,95
2025-06-07 23:00:00,20.3,0.0,4.7,92
2025-06-08 00:00:00,19.5,0.0,2.9,79
2025-06-08 01:00:00,19.6,0.0,7.9,69
2025-06-08 02:00:00,19.5,0.0,6.0,80
2025-06-08 03:00:00,19.4,0.0,6.6,81
2025-06-08 04:00:00,19.2,0.0,3.0,73
2025-06-08 05:00:00,19.4,0.0,6.7,76
2025-06-08 06:00:00,19.4,0.0,7.7,59
2025-06-08 07:00:00,20.5,0.0,6.7,74
2025-06-08 08:00:00,20.9,0.0,4.4,102
2025-06-08 09:00:00,21.9,0.0,5.4,111
2025-06-08 10:00:00,22.6,0.4,9.4,114
2025-06-08 11:00:00,22.5,0.1,9.9,100
2025-06-08 12:00:00,21.8,0.1,10.7,98
2025-06-08 13:00:00,21.5,0.1,11.7,86
2025-06-08 14:00:00,22.1,0.0,14.1,86
2025-06-08 15:00:00,20.9,0.1,16.4,93
2025-06-08 16:00:00,21.1,0.1,14.9,90
2025-06-08 17:00:00,20.7,0.0,14.6,72
2025-06-08 18:00:00,20.4,0.0,16.6,67
2025-06-08 19:00:00,20.1,0.0,17.7,75
2025-06-08 20:00:00,19.5,0.0,17.6,79
2025-06-08 21:00:00,19.3,0.0,16.1,84
2025-06-08 22:00:00,19.9,0.0,20.1,96
2025-06-08 23:00:00,19.6,0.0,17.5,94
2025-06-09 00:00:00,19.4,0.0,17.5,91
2025-06-09 01:00:00,19.6,0.0,16.5,98
2025-06-09 02:00:00,19.5,0.0,15.9,100
2025-06-09 03:00:00,19.4,0.0,16.4,91
2025-06-09 04:00:00,19.0,0.0,16.4,86
2025-06-09 05:00:00,19.0,0.0,16.7,83
2025-06-09 06:00:00,19.0,0.0,16.7,90
2025-06-09 07:00:00,19.6,0.0,14.8,91
2025-06-09 08:00:00,20.2,0.0,19.8,107
2025-06-09 09:00:00,20.1,0.0,15.6,120
2025-06-09 10:00:00,18.9,2.4,16.9,112
2025-06-09 11:00:00,19.1,1.3,18.2,116
2025-06-09 12:00:00,19.2,1.0,18.8,111
2025-06-09 13:00:00,20.0,0.9,19.7,113
2025-06-09 14:00:00,19.9,0.1,19.0,109
2025-06-09 15:00:00,20.2,0.0,17.2,108
2025-06-09 16:00:00,19.6,0.3,16.1,110
2025-06-09 17:00:00,19.5,0.7,17.3,109
2025-06-09 18:00:00,19.4,0.4,17.2,110
2025-06-09 19:00:00,19.1,0.2,16.1,103
2025-06-09 20:00:00,19.1,0.2,16.3,97
2025-06-09 21:00:00,19.1,0.3,14.9,98
2025-06-09 22:00:00,19.4,0.2,17.5,110
2025-06-09 23:00:00,19.5,0.1,18.5,111
2025-06-10 00:00:00,19.6,0.1,18.0,104
2025-06-10 01:00:00,19.5,0.1,16.3,100
2025-06-10 02:00:00,19.4,0.0,15.7,89
2025-06-10 03:00:00,19.4,0.4,14.5,82
2025-06-10 04:00:00,19.1,7.6,13.5,85
2025-06-10 05:00:00,19.2,12.4,12.8,94
2025-06-10 06:00:00,19.4,10.0,10.5,95
2025-06-10 07:00:00,19.6,13.8,9.7,102
2025-06-10 08:00:00,19.6,4.8,5.2,112
2025-06-10 09:00:00,20.2,3.3,6.9,129
2025-06-10 10:00:00,20.1,9.6,9.2,106
2025-06-10 11:00:00,20.5,6.3,7.6,152
2025-06-10 12:00:00,20.2,1.9,14.4,116
2025-06-10 13:00:00,20.8,0.1,12.5,108
2025-06-10 14:00:00,20.4,0.8,11.4,97
2025-06-10 15:00:00,21.5,0.8,8.5,102
2025-06-10 16:00:00,22.5,0.1,6.7,96
2025-06-10 17:00:00,21.8,0.2,8.9,97
2025-06-10 18:00:00,21.5,0.1,7.1,96
2025-06-10 19:00:00,21.2,0.4,6.1,102
2025-06-10 20:00:00,20.9,0.2,1.5,210
2025-06-10 21:00:00,21.1,0.2,7.8,308
2025-06-10 22:00:00,21.2,0.0,11.1,292
2025-06-10 23:00:00,21.0,0.0,11.3,287
2025-06-11 00:00:00,20.8,0.0,9.8,313
2025-06-11 01:00:00,20.8,0.3,8.3,311
2025-06-11 02:00:00,20.5,3.1,12.3,299
2025-06-11 03:00:00,20.4,9.7,14.2,296
2025-06-11 04:00:00,19.9,4.0,14.5,297
2025-06-11 05:00:00,18.9,3.4,12.6,274
2025-06-11 06:00:00,18.1,4.4,9.9,258
2025-06-11 07:00:00,18.8,0.7,5.3,298
2025-06-11 08:00:00,19.5,1.7,4.2,258
2025-06-11 09:00:00,20.4,0.4,3.5,204
2025-06-11 10:00:00,21.6,0.0,3.8,149
2025-06-11 11:00:00,21.8,0.0,2.7,28
2025-06-11 12:00:00,23.5,0.0,2.1,345
2025-06-11 13:00:00,24.5,0.0,8.5,276
2025-06-11 14:00:00,23.4,0.0,13.4,296
2025-06-11 15:00:00,22.8,0.0,13.1,302
2025-06-11 16:00:00,22.6,0.0,11.8,308
2025-06-11 17:00:00,22.5,0.0,10.7,307
2025-06-11 18:00:00,22.2,0.0,9.5,302
2025-06-11 19:00:00,21.7,0.0,8.3,297
2025-06-11 20:00:00,21.0,0.0,7.9,325
2025-06-11 21:00:00,20.0,0.0,4.1,319
2025-06-11 22:00:00,19.9,0.0,1.4,230
2025-06-11 23:00:00,19.3,0.0,0.8,333
2025-06-12 00:00:00,19.0,0.0,3.1,360
2025-06-12 01:00:00,18.3,0.0,0.4,27
2025-06-12 02:00:00,17.9,0.0,2.9,349
2025-06-12 03:00:00,18.0,0.0,6.5,6
2025-06-12 04:00:00,18.5,0.0,4.2,10
2025-06-12 05:00:00,18.0,0.0,1.0,31
2025-06-12 06:00:00,18.8,0.5,0.9,191
2025-06-12 07:00:00,18.8,0.9,4.1,34
2025-06-12 08:00:00,19.1,0.9,6.0,46
2025-06-12 09:00:00,20.2,0.3,9.0,95
2025-06-12 10:00:00,21.5,0.6,2.5,135
2025-06-12 11:00:00,22.4,0.0,7.5,127
2025-06-12 12:00:00,22.0,0.0,7.0,136
2025-06-12 13:00:00,22.9,0.0,8.4,132
2025-06-12 14:00:00,22.6,0.1,11.1,117
2025-06-12 15:00:00,22.0,0.0,10.9,123
2025-06-12 16:00:00,20.8,0.7,8.6,105
2025-06-12 17:00:00,19.5,2.9,8.5,89
2025-06-12 18:00:00,19.4,2.9,8.2,113
2025-06-12 19:00:00,19.0,2.2,10.1,95
2025-06-12 20:00:00,19.0,1.0,9.1,105
2025-06-12 21:00:00,18.8,0.8,10.2,98
2025-06-12 22:00:00,18.6,0.1,9.1,82
2025-06-12 23:00:00,18.6,0.1,8.8,79
2025-06-13 00:00:00,18.8,0.0,8.5,97
2025-06-13 01:00:00,18.7,2.7,9.7,117
2025-06-13 02:00:00,18.6,0.9,10.5,98
2025-06-13 03:00:00,18.4,1.9,13.9,100
2025-06-13 04:00:00,18.1,2.0,11.2,93
2025-06-13 05:00:00,18.2,4.5,11.0,95
2025-06-13 06:00:00,18.5,0.0,12.3,93
2025-06-13 07:00:00,19.1,0.0,13.4,102
2025-06-13 08:00:00,19.6,0.0,12.8,100
2025-06-13 09:00:00,20.2,0.0,10.3,95
2025-06-13 10:00:00,22.2,0.0,12.8,107
2025-06-13 11:00:00,23.3,0.0,12.6,112
2025-06-13 12:00:00,24.0,0.0,12.8,112
2025-06-13 13:00:00,24.4,0.0,12.6,121
2025-06-13 14:00:00,24.1,0.0,12.1,115
2025-06-13 15:00:00,24.5,0.0,11.4,106
2025-06-13 16:00:00,24.0,0.0,10.7,110
2025-06-13 17:00:00,23.7,0.1,9.9,106
2025-06-13 18:00:00,23.1,0.0,10.1,89
2025-06-13 19:00:00,22.5,0.0,9.9,78
2025-06-13 20:00:00,21.8,0.0,11.9,79
2025-06-13 21:00:00,21.3,0.0,15.3,89
2025-06-13 22:00:00,21.6,0.0,17.3,89
2025-06-13 23:00:00,22.0,0.7,16.7,104
2025-06-14 00:00:00,22.2,1.8,19.4,116
2025-06-14 01:00:00,22.1,0.0,22.7,110
2025-06-14 02:00:00,21.9,0.1,20.8,112
2025-06-14 03:00:00,21.9,0.5,16.5,101
2025-06-14 04:00:00,21.5,0.2,16.2,91
2025-06-14 05:00:00,21.3,3.3,14.8,85
2025-06-14 06:00:00,21.2,3.5,20.1,100
2025-06-14 07:00:00,21.5,2.9,19.3,110
2025-06-14 08:00:00,22.0,2.0,17.2,120
2025-06-14 09:00:00,22.5,1.4,14.3,130
2025-06-14 10:00:00,23.4,2.3,16.1,152
2025-06-14 11:00:00,24.0,0.6,11.2,130
2025-06-14 12:00:00,23.6,0.7,12.5,122
2025-06-14 13:00:00,24.0,0.6,15.5,137
2025-06-14 14:00:00,24.5,0.6,14.5,139
2025-06-14 15:00:00,24.4,0.2,14.8,117
2025-06-14 16:00:00,24.5,1.1,14.0,126
2025-06-14 17:00:00,23.6,0.4,12.0,136
2025-06-14 18:00:00,23.2,0.4,10.8,122
2025-06-14 19:00:00,23.1,0.3,9.9,119
2025-06-14 20:00:00,23.2,0.3,4.9,144
2025-06-14 21:00:00,23.5,0.1,6.5,174
2025-06-14 22:00:00,23.7,0.7,9.2,196
2025-06-14 23:00:00,24.0,1.3,18.2,244
2025-06-15 00:00:00,23.8,0.5,11.9,267
2025-06-15 01:00:00,23.0,0.1,15.1,285
2025-06-15 02:00:00,22.5,0.0,15.5,275
2025-06-15 03:00:00,22.5,0.2,20.5,267
2025-06-15 04:00:00,22.0,0.0,20.6,264
2025-06-15 05:00:00,21.9,0.0,18.7,269
2025-06-15 06:00:00,21.9,0.0,17.3,279
2025-06-15 07:00:00,22.2,0.0,14.9,282
2025-06-15 08:00:00,23.0,0.0,10.7,290
2025-06-15 09:00:00,24.0,0.0,6.5,289
2025-06-15 10:00:00,26.0,0.0,5.4,206
2025-06-15 11:00:00,26.8,0.0,5.1,184
2025-06-15 12:00:00,28.0,0.0,5.5,199
2025-06-15 13:00:00,28.4,0.0,3.8,161
2025-06-15 14:00:00,29.3,0.0,5.4,146
2025-06-15 15:00:00,28.5,0.0,11.2,158
2025-06-15 16:00:00,26.9,0.1,9.0,160
2025-06-15 17:00:00,24.6,4.9,5.6,163
2025-06-15 18:00:00,24.6,2.1,3.2,142
2025-06-15 19:00:00,24.4,0.0,6.5,114
2025-06-15 20:00:00,23.6,0.5,6.8,122
2025-06-15 21:00:00,23.0,0.3,8.3,132
2025-06-15 22:00:00,22.6,0.9,7.1,84
2025-06-15 23:00:00,22.7,1.5,7.3,106
2025-06-16 00:00:00,22.9,0.0,6.4,117
2025-06-16 01:00:00,23.2,0.0,8.4,124
2025-06-16 02:00:00,23.0,0.0,7.6,128
2025-06-16 03:00:00,23.0,0.0,7.4,139
2025-06-16 04:00:00,23.2,0.1,8.0,164
2025-06-16 05:00:00,23.5,0.6,11.8,169
2025-06-16 06:00:00,23.5,0.4,14.3,175
2025-06-16 07:00:00,24.6,1.1,18.8,217
2025-06-16 08:00:00,25.4,0.1,18.1,217
2025-06-16 09:00:00,26.0,0.2,17.8,219
2025-06-16 10:00:00,28.4,0.1,15.3,208
2025-06-16 11:00:00,29.2,0.1,15.2,203
2025-06-16 12:00:00,30.3,0.1,17.1,198
2025-06-16 13:00:00,30.4,0.0,17.0,196
2025-06-16 14:00:00,29.8,0.0,24.3,215
2025-06-16 15:00:00,27.4,0.1,31.8,229
2025-06-16 16:00:00,26.8,0.1,20.4,248
2025-06-16 17:00:00,24.8,0.4,19.5,298
2025-06-16 18:00:00,23.9,0.0,20.2,287
2025-06-16 19:00:00,23.5,0.0,13.5,286
2025-06-16 20:00:00,22.5,0.0,4.1,311
2025-06-16 21:00:00,22.0,0.0,0.9,90
2025-06-16 22:00:00,21.9,0.0,2.3,302
2025-06-16 23:00:00,21.8,0.0,1.7,288
2025-06-17 00:00:00,21.8,0.0,2.3,266
2025-06-17 01:00:00,21.5,0.0,2.4,253
2025-06-17 02:00:00,21.3,0.0,1.1,252
2025-06-17 03:00:00,21.5,0.0,0.2,360
2025-06-17 04:00:00,21.1,0.0,1.4,360
2025-06-17 05:00:00,21.1,0.0,4.2,335
2025-06-17 06:00:00,21.5,0.0,4.4,341
2025-06-17 07:00:00,23.2,0.0,2.3,299
2025-06-17 08:00:00,24.5,0.0,5.1,197
2025-06-17 09:00:00,25.1,0.0,5.7,171
2025-06-17 10:00:00,24.5,0.0,5.8,126
2025-06-17 11:00:00,26.2,0.0,6.5,141
2025-06-17 12:00:00,27.1,0.0,6.0,139
2025-06-17 13:00:00,27.8,0.0,6.4,142
2025-06-17 14:00:00,27.2,0.0,10.0,142
2025-06-17 15:00:00,27.4,0.0,10.1,140
2025-06-17 16:00:00,26.9,0.0,11.7,131
2025-06-17 17:00:00,26.1,0.0,12.7,120
2025-06-17 18:00:00,25.5,0.0,9.9,109
2025-06-17 19:00:00,24.1,0.0,7.6,98
2025-06-17 20:00:00,22.8,0.0,7.0,89
2025-06-17 21:00:00,22.4,0.0,2.2,104
2025-06-17 22:00:00,23.3,0.0,7.6,91
2025-06-17 23:00:00,23.0,0.0,6.7,84
2025-06-18 00:00:00,22.2,0.0,4.6,59
2025-06-18 01:00:00,22.5,0.0,2.6,65
2025-06-18 02:00:00,22.2,0.0,3.1,66
2025-06-18 03:00:00,21.8,0.0,3.9,68
2025-06-18 04:00:00,21.5,0.0,3.6,60
2025-06-18 05:00:00,21.4,0.0,1.0,59
2025-06-18 06:00:00,23.0,0.0,2.0,45
2025-06-18 07:00:00,24.8,0.0,5.9,230
2025-06-18 08:00:00,26.1,0.0,6.5,212
2025-06-18 09:00:00,26.9,0.0,4.7,173
2025-06-18 10:00:00,27.4,0.0,5.5,157
2025-06-18 11:00:00,28.1,0.0,6.3,167
2025-06-18 12:00:00,28.8,0.0,6.5,210
2025-06-18 13:00:00,28.8,0.0,12.1,271
2025-06-18 14:00:00,28.3,0.0,16.5,290
2025-06-18 15:00:00,27.5,0.0,16.8,297
2025-06-18 16:00:00,27.0,0.0,14.7,293
2025-06-18 17:00:00,26.4,0.0,14.8,301
2025-06-18 18:00:00,25.3,0.0,13.4,302
2025-06-18 19:00:00,24.4,0.0,13.2,307
2025-06-18 20:00:00,23.5,0.0,13.0,311
2025-06-18 21:00:00,22.9,0.0,11.0,308
2025-06-18 22:00:00,23.3,0.0,9.6,303
2025-06-18 23:00:00,22.9,0.0,9.1,295
2025-06-19 00:00:00,22.0,0.0,4.5,326
2025-06-19 01:00:00,20.8,0.0,3.3,315
2025-06-19 02:00:00,20.6,0.0,4.1,315
2025-06-19 03:00:00,20.1,0.0,2.9,330
2025-06-19 04:00:00,19.9,0.0,3.2,357
2025-06-19 05:00:00,19.7,0.0,4.3,5
2025-06-19 06:00:00,20.0,0.0,3.4,18
2025-06-19 07:00:00,22.1,0.0,2.3,203
2025-06-19 08:00:00,23.2,0.0,4.5,214
2025-06-19 09:00:00,24.5,0.0,1.9,197
2025-06-19 10:00:00,26.0,0.0,3.6,213
2025-06-19 11:00:00,26.8,0.0,4.2,198
2025-06-19 12:00:00,27.6,0.0,4.2,200
2025-06-19 13:00:00,28.5,0.0,2.2,180
2025-06-19 14:00:00,28.6,0.0,4.2,192
2025-06-19 15:00:00,28.4,0.0,5.8,206
2025-06-19 16:00:00,28.4,0.0,9.7,235
2025-06-19 17:00:00,28.5,0.0,10.8,268
2025-06-19 18:00:00,27.5,0.0,10.6,273
2025-06-19 19:00:00,25.6,0.0,10.9,276
2025-06-19 20:00:00,24.4,0.0,7.6,298
2025-06-19 21:00:00,23.3,0.0,4.0,321
2025-06-19 22:00:00,22.8,0.0,3.0,322
2025-06-19 23:00:00,22.1,0.0,1.7,319
2025-06-20 00:00:00,21.9,0.0,0.2,360
2025-06-20 01:00:00,21.8,0.0,1.3,16
2025-06-20 02:00:00,21.9,0.0,0.5,45
2025-06-20 03:00:00,21.7,0.0,3.1,69
2025-06-20 04:00:00,21.6,0.0,5.6,65
2025-06-20 05:00:00,21.7,0.0,7.6,85
2025-06-20 06:00:00,22.2,0.0,11.0,87
2025-06-20 07:00:00,23.1,0.0,9.0,74
2025-06-20 08:00:00,24.5,0.0,11.0,95
2025-06-20 09:00:00,25.6,0.0,11.7,103
2025-06-20 10:00:00,27.0,0.0,13.3,106
2025-06-20 11:00:00,27.5,0.0,13.2,105
2025-06-20 12:00:00,27.8,0.0,14.0,102
2025-06-20 13:00:00,28.0,0.0,15.4,101
2025-06-20 14:00:00,27.9,0.0,15.4,101
2025-06-20 15:00:00,27.7,0.0,17.0,97
2025-06-20 16:00:00,27.5,0.0,16.4,90
2025-06-20 17:00:00,27.0,0.0,16.7,91
2025-06-20 18:00:00,26.6,0.0,12.3,78
2025-06-20 19:00:00,26.2,0.0,8.9,83
2025-06-20 20:00:00,25.3,0.0,8.3,77
2025-06-20 21:00:00,24.5,0.0,8.9,69
2025-06-20 22:00:00,25.0,0.0,5.5,122
2025-06-20 23:00:00,24.6,0.0,5.2,134
2025-06-21 00:00:00,24.5,0.0,6.5,136
2025-06-21 01:00:00,23.9,0.0,7.0,108
2025-06-21 02:00:00,23.7,0.0,8.1,108
2025-06-21 03:00:00,23.7,0.0,5.8,95
2025-06-21 04:00:00,23.8,0.0,8.9,104
2025-06-21 05:00:00,23.9,0.0,9.9,117
2025-06-21 06:00:00,24.1,0.0,10.2,132
2025-06-21 07:00:00,24.5,0.0,10.8,132
2025-06-21 08:00:00,24.9,0.0,10.5,127
2025-06-21 09:00:00,26.6,0.0,11.4,141
2025-06-21 10:00:00,27.5,0.0,16.0,145
2025-06-21 11:00:00,28.4,0.0,15.5,137
2025-06-21 12:00:00,28.2,0.0,13.1,127
2025-06-21 13:00:00,28.4,0.0,10.4,127
2025-06-21 14:00:00,28.4,0.0,4.7,118
2025-06-21 15:00:00,28.9,0.0,2.5,135
2025-06-21 16:00:00,28.8,0.0,4.9,126
2025-06-21 17:00:00,27.1,0.0,9.3,118
2025-06-21 18:00:00,26.7,0.0,10.3,115
2025-06-21 19:00:00,26.1,0.0,10.7,134
2025-06-21 20:00:00,26.2,0.0,8.8,175
2025-06-21 21:00:00,26.2,0.0,10.1,175
2025-06-21 22:00:00,26.0,0.0,13.4,158
2025-06-21 23:00:00,26.0,0.0,16.6,164
2025-06-22 00:00:00,26.1,0.0,17.8,167
2025-06-22 01:00:00,26.0,0.0,16.5,169
2025-06-22 02:00:00,25.7,0.0,13.2,169
2025-06-22 03:00:00,25.5,0.0,10.7,175
2025-06-22 04:00:00,25.2,0.0,9.5,178
2025-06-22 05:00:00,25.2,0.0,11.0,194
2025-06-22 06:00:00,25.6,0.0,13.6,210
2025-06-22 07:00:00,26.0,0.0,15.0,220
2025-06-22 08:00:00,26.1,0.0,14.0,223
2025-06-22 09:00:00,26.8,0.0,14.0,227
2025-06-22 10:00:00,27.2,0.0,12.5,217
2025-06-22 11:00:00,27.1,0.0,8.8,195
2025-06-22 12:00:00,26.6,0.2,9.4,154
2025-06-22 13:00:00,27.0,0.2,7.8,142
2025-06-22 14:00:00,27.5,0.2,7.3,173
2025-06-22 15:00:00,26.1,1.1,9.7,243
2025-06-22 16:00:00,24.7,0.9,8.5,276
2025-06-22 17:00:00,24.0,2.0,5.1,315
2025-06-22 18:00:00,23.6,2.1,5.8,346
2025-06-22 19:00:00,23.0,3.0,6.5,3
2025-06-22 20:00:00,22.9,1.8,0.5,45
2025-06-22 21:00:00,22.7,3.3,5.6,27
2025-06-22 22:00:00,23.2,0.5,1.5,263
2025-06-22 23:00:00,22.9,0.3,2.3,241
2025-06-23 00:00:00,22.9,0.1,2.8,310
2025-06-23 01:00:00,23.0,0.3,4.8,304
2025-06-23 02:00:00,23.0,0.6,5.6,329
2025-06-23 03:00:00,22.4,1.5,6.0,311
2025-06-23 04:00:00,21.8,0.4,12.3,356
2025-06-23 05:00:00,21.3,6.6,4.2,306
2025-06-23 06:00:00,21.0,2.6,5.9,290
2025-06-23 07:00:00,21.5,0.1,3.6,267
2025-06-23 08:00:00,22.1,0.0,5.0,226
2025-06-23 09:00:00,22.9,0.0,2.9,281
2025-06-23 10:00:00,25.5,0.0,2.2,171
2025-06-23 11:00:00,26.4,0.0,4.5,182
2025-06-23 12:00:00,27.4,0.0,4.9,163
2025-06-23 13:00:00,27.0,0.0,10.9,146
2025-06-23 14:00:00,26.6,0.1,14.3,155
2025-06-23 15:00:00,26.5,0.1,9.1,162
2025-06-23 16:00:00,26.1,0.4,6.2,202
2025-06-23 17:00:00,24.9,0.7,4.4,153
2025-06-23 18:00:00,24.1,0.1,6.4,112
2025-06-23 19:00:00,23.9,0.0,7.0,100
2025-06-23 20:00:00,23.5,0.1,5.8,99
2025-06-23 21:00:00,23.3,0.1,2.5,120
2025-06-23 22:00:00,23.5,1.4,5.7,32
2025-06-23 23:00:00,23.4,2.1,5.3,100
2025-06-24 00:00:00,23.2,2.9,8.8,73
2025-06-24 01:00:00,23.1,2.4,9.0,90
2025-06-24 02:00:00,23.2,1.5,10.7,95
2025-06-24 03:00:00,23.4,0.3,12.6,103
2025-06-24 04:00:00,23.5,1.2,11.1,107
2025-06-24 05:00:00,23.5,2.8,9.3,105
2025-06-24 06:00:00,23.5,2.0,11.1,106
2025-06-24 07:00:00,23.9,1.1,11.8,115
2025-06-24 08:00:00,23.9,0.6,11.6,86
2025-06-24 09:00:00,25.1,0.2,15.0,94
2025-06-24 10:00:00,24.6,1.2,13.6,101
2025-06-24 11:00:00,26.1,0.2,17.6,101
2025-06-24 12:00:00,26.6,0.0,15.6,111
2025-06-24 13:00:00,25.8,0.0,13.8,99
2025-06-24 14:00:00,25.9,0.3,15.8,98
2025-06-24 15:00:00,25.2,1.7,17.9,103
2025-06-24 16:00:00,24.6,2.1,16.5,101
2025-06-24 17:00:00,24.3,2.8,17.3,104
2025-06-24 18:00:00,24.2,6.5,17.6,104
2025-06-24 19:00:00,24.2,6.1,22.1,111
2025-06-24 20:00:00,24.5,3.8,21.5,146
2025-06-24 21:00:00,24.2,1.9,13.5,138
2025-06-24 22:00:00,24.3,1.4,14.9,111
2025-06-24 23:00:00,24.1,1.8,16.1,106
2025-06-25 00:00:00,24.1,0.5,18.4,116
2025-06-25 01:00:00,24.0,0.0,19.4,112
2025-06-25 02:00:00,24.0,0.0,17.0,114
2025-06-25 03:00:00,24.1,0.0,16.1,119
2025-06-25 04:00:00,24.0,0.0,13.0,118
2025-06-25 05:00:00,23.8,0.0,13.9,115
2025-06-25 06:00:00,24.0,0.1,13.2,119
2025-06-25 07:00:00,24.7,0.0,13.5,121
2025-06-25 08:00:00,25.6,0.0,11.7,126
2025-06-25 09:00:00,26.4,0.0,11.9,132
2025-06-25 10:00:00,26.5,0.4,7.7,156
2025-06-25 11:00:00,26.9,0.2,6.3,141
2025-06-25 12:00:00,28.2,0.5,10.9,149
2025-06-25 13:00:00,26.9,2.0,14.4,193
2025-06-25 14:00:00,27.0,0.2,2.2,261
2025-06-25 15:00:00,26.0,4.0,3.2,286
2025-06-25 16:00:00,26.8,0.0,8.4,121
2025-06-25 17:00:00,26.5,0.4,7.3,200
2025-06-25 18:00:00,26.1,0.1,2.9,227
2025-06-25 19:00:00,25.1,0.1,7.2,297
2025-06-25 20:00:00,23.8,0.1,9.5,289
2025-06-25 21:00:00,23.0,1.1,9.7,289
2025-06-25 22:00:00,22.6,0.8,12.0,291
2025-06-25 23:00:00,22.1,1.6,9.2,301
2025-06-26 00:00:00,21.9,2.9,5.2,331
2025-06-26 01:00:00,22.0,1.1,5.0,316
2025-06-26 02:00:00,22.5,0.4,11.7,311
2025-06-26 03:00:00,22.5,0.2,14.7,292
2025-06-26 04:00:00,22.4,0.0,14.0,288
2025-06-26 05:00:00,22.0,0.0,13.7,293
2025-06-26 06:00:00,22.0,0.0,12.9,289
2025-06-26 07:00:00,22.9,0.0,13.0,280
2025-06-26 08:00:00,23.8,0.0,11.4,281
2025-06-26 09:00:00,24.7,0.0,9.3,278
2025-06-26 10:00:00,26.0,0.0,8.7,264
2025-06-26 11:00:00,26.8,0.0,7.8,255
2025-06-26 12:00:00,27.4,0.0,9.1,249
2025-06-26 13:00:00,28.0,0.0,10.5,266
2025-06-26 14:00:00,28.1,0.0,10.9,290
2025-06-26 15:00:00,27.8,0.0,12.1,295
2025-06-26 16:00:00,27.3,0.0,13.6,294
2025-06-26 17:00:00,26.6,0.0,13.2,292
2025-06-26 18:00:00,25.4,0.0,13.2,292
2025-06-26 19:00:00,24.2,0.0,12.1,298
2025-06-26 20:00:00,23.4,0.0,10.8,302
2025-06-26 21:00:00,23.0,0.0,10.1,310
2025-06-26 22:00:00,23.3,0.0,10.7,307
2025-06-26 23:00:00,22.9,0.0,10.4,300
2025-06-27 00:00:00,22.7,0.0,10.4,293
2025-06-27 01:00:00,22.4,0.0,9.5,299
2025-06-27 02:00:00,22.1,0.0,9.0,305
2025-06-27 03:00:00,21.9,0.0,8.8,309
2025-06-27 04:00:00,21.9,0.0,10.1,301
2025-06-27 05:00:00,21.9,0.0,9.7,298
2025-06-27 06:00:00,22.2,0.0,9.3,299
2025-06-27 07:00:00,23.4,0.0,9.1,291
2025-06-27 08:00:00,24.4,0.0,9.0,276
2025-06-27 09:00:00,25.4,0.0,8.8,272
2025-06-27 10:00:00,26.6,0.0,9.4,271
2025-06-27 11:00:00,27.5,0.0,9.4,273
2025-06-27 12:00:00,28.2,0.0,11.1,278
2025-06-27 13:00:00,28.8,0.0,13.6,281
2025-06-27 14:00:00,28.6,0.0,14.6,288
2025-06-27 15:00:00,28.3,0.0,14.2,291
2025-06-27 16:00:00,27.7,0.0,13.6,292
2025-06-27 17:00:00,27.0,0.0,13.8,297
2025-06-27 18:00:00,26.0,0.0,14.8,300
2025-06-27 19:00:00,24.8,0.0,13.9,309
2025-06-27 20:00:00,23.9,0.0,12.4,310
2025-06-27 21:00:00,23.1,0.0,10.0,300
2025-06-27 22:00:00,23.4,0.0,9.8,300
2025-06-27 23:00:00,23.2,0.0,11.3,295
2025-06-28 00:00:00,23.0,0.0,11.3,301
2025-06-28 01:00:00,23.0,0.0,10.6,302
2025-06-28 02:00:00,22.9,0.0,9.5,309
2025-06-28 03:00:00,23.0,0.0,10.2,314
2025-06-28 04:00:00,23.3,0.0,9.6,317
2025-06-28 05:00:00,23.7,0.0,7.6,315
2025-06-28 06:00:00,23.9,0.0,6.9,329
2025-06-28 07:00:00,24.6,0.0,7.5,318
2025-06-28 08:00:00,25.5,0.0,9.4,294
2025-06-28 09:00:00,26.5,0.0,11.1,277
2025-06-28 10:00:00,27.7,0.0,12.7,285
2025-06-28 11:00:00,28.5,0.0,14.2,279
2025-06-28 12:00:00,28.7,0.0,15.5,278
2025-06-28 13:00:00,28.8,0.0,15.2,281
2025-06-28 14:00:00,28.9,0.0,16.9,277
2025-06-28 15:00:00,28.9,0.0,16.1,276
2025-06-28 16:00:00,28.8,0.0,14.9,279
2025-06-28 17:00:00,28.4,0.0,14.0,279
2025-06-28 18:00:00,27.5,0.0,13.3,273
2025-06-28 19:00:00,26.2,0.0,13.5,275
2025-06-28 20:00:00,25.2,0.0,11.9,288
2025-06-28 21:00:00,24.8,0.0,9.9,299
2025-06-28 22:00:00,25.2,0.0,8.5,291
2025-06-28 23:00:00,24.9,0.0,7.9,294
2025-06-29 00:00:00,24.6,0.0,7.5,303
2025-06-29 01:00:00,24.5,0.0,6.9,313
2025-06-29 02:00:00,24.3,0.0,6.0,311
2025-06-29 03:00:00,24.1,0.0,4.9,309
2025-06-29 04:00:00,24.0,0.0,4.8,307
2025-06-29 05:00:00,23.9,0.0,4.1,319
2025-06-29 06:00:00,24.0,0.0,4.7,313
2025-06-29 07:00:00,24.5,0.0,4.7,286
2025-06-29 08:00:00,25.6,0.1,4.8,257
2025-06-29 09:00:00,26.5,0.0,6.0,243
2025-06-29 10:00:00,28.0,0.0,7.0,252
2025-06-29 11:00:00,28.6,0.0,5.7,238
2025-06-29 12:00:00,29.3,0.0,5.5,226
2025-06-29 13:00:00,30.2,0.0,5.4,249
2025-06-29 14:00:00,30.7,0.0,7.0,244
2025-06-29 15:00:00,30.6,0.0,8.8,244
2025-06-29 16:00:00,30.4,0.0,9.1,255
2025-06-29 17:00:00,29.8,0.0,9.4,269
2025-06-29 18:00:00,28.5,0.0,7.6,273
2025-06-29 19:00:00,27.0,0.0,4.9,276
2025-06-29 20:00:00,25.5,0.0,0.5,270
2025-06-29 21:00:00,24.5,0.0,1.9,61
2025-06-29 22:00:00,25.0,0.0,1.6,276
2025-06-29 23:00:00,24.6,0.0,2.6,51
2025-06-30 00:00:00,24.4,0.0,6.5,62
2025-06-30 01:00:00,24.2,0.0,7.7,62
2025-06-30 02:00:00,24.2,0.0,6.8,73
2025-06-30 03:00:00,24.4,0.0,6.3,75
2025-06-30 04:00:00,24.4,0.0,7.6,75
2025-06-30 05:00:00,24.4,0.0,7.9,78
2025-06-30 06:00:00,24.6,0.0,9.0,80
2025-06-30 07:00:00,25.6,0.0,11.3,88
2025-06-30 08:00:00,26.7,0.0,11.0,100
2025-06-30 09:00:00,27.5,0.0,9.4,110
2025-06-30 10:00:00,28.4,0.0,10.3,121
2025-06-30 11:00:00,28.8,0.0,10.7,126
2025-06-30 12:00:00,29.4,0.0,11.3,126
2025-06-30 13:00:00,29.5,0.0,11.6,123
2025-06-30 14:00:00,29.6,0.0,11.6,122
2025-06-30 15:00:00,29.6,0.0,8.4,121
2025-06-30 16:00:00,29.6,0.0,7.0,134
2025-06-30 17:00:00,29.1,0.0,7.3,136
2025-06-30 18:00:00,28.0,0.0,6.6,127
2025-06-30 19:00:00,27.0,0.0,7.0,113
2025-06-30 20:00:00,26.1,0.0,7.7,89
2025-06-30 21:00:00,25.8,0.0,8.0,85
2025-06-30 22:00:00,25.6,0.0,6.7,84
2025-06-30 23:00:00,25.5,0.0,5.6,86
2025-07-01 00:00:00,25.2,0.0,6.2,82
2025-07-01 01:00:00,25.1,0.0,5.6,92
2025-07-01 02:00:00,24.9,0.0,6.3,88
2025-07-01 03:00:00,24.8,0.0,5.1,80
2025-07-01 04:00:00,24.6,0.0,5.2,90
2025-07-01 05:00:00,24.5,0.0,5.8,90
2025-07-01 06:00:00,24.8,0.0,7.1,84
2025-07-01 07:00:00,25.6,0.0,7.0,89
2025-07-01 08:00:00,26.8,0.0,6.6,101
2025-07-01 09:00:00,28.0,0.0,5.7,122
2025-07-01 10:00:00,28.8,0.0,6.5,161
2025-07-01 11:00:00,29.2,0.0,6.3,167
2025-07-01 12:00:00,30.0,0.0,4.6,171
2025-07-01 13:00:00,30.5,0.0,7.6,207
2025-07-01 14:00:00,31.1,0.0,10.5,246
2025-07-01 15:00:00,31.4,0.0,13.2,273
2025-07-01 16:00:00,30.8,0.0,15.2,280
2025-07-01 17:00:00,29.9,0.0,13.1,282
2025-07-01 18:00:00,29.0,0.0,11.0,295
2025-07-01 19:00:00,28.2,0.0,9.0,300
2025-07-01 20:00:00,27.3,0.0,6.5,289
2025-07-01 21:00:00,26.6,0.0,5.5,281
2025-07-01 22:00:00,26.2,0.0,2.2,279
2025-07-01 23:00:00,25.7,0.0,3.6,252
2025-07-02 00:00:00,25.4,0.0,4.1,285
2025-07-02 01:00:00,24.9,0.0,3.2,322
2025-07-02 02:00:00,24.6,0.0,4.3,327
2025-07-02 03:00:00,24.6,0.0,7.1,315
2025-07-02 04:00:00,24.9,0.0,8.2,306
2025-07-02 05:00:00,24.9,0.0,7.0,302
2025-07-02 06:00:00,25.2,0.0,7.8,299
2025-07-02 07:00:00,26.2,0.0,11.7,290
2025-07-02 08:00:00,27.1,0.0,10.9,290
2025-07-02 09:00:00,28.1,0.0,10.1,292
2025-07-02 10:00:00,29.5,0.0,8.2,279
2025-07-02 11:00:00,30.5,0.0,9.0,283
2025-07-02 12:00:00,31.5,0.0,11.2,281
2025-07-02 13:00:00,32.0,0.0,12.8,280
2025-07-02 14:00:00,32.1,0.0,12.5,277
2025-07-02 15:00:00,31.9,0.0,12.4,269
2025-07-02 16:00:00,31.5,0.0,12.4,270
2025-07-02 17:00:00,30.9,0.0,10.5,276
2025-07-02 18:00:00,29.9,0.0,10.1,269
2025-07-02 19:00:00,28.5,0.0,11.8,264
2025-07-02 20:00:00,27.1,0.0,10.6,267
2025-07-02 21:00:00,26.3,0.0,7.7,281
2025-07-02 22:00:00,26.1,0.0,6.3,305
2025-07-02 23:00:00,25.5,0.0,6.6,323
2025-07-03 00:00:00,25.4,0.0,7.0,342
2025-07-03 01:00:00,25.1,0.0,4.4,339
2025-07-03 02:00:00,25.0,0.0,4.3,303
2025-07-03 03:00:00,24.9,0.0,8.4,298
2025-07-03 04:00:00,24.9,0.0,8.8,301
2025-07-03 05:00:00,24.8,0.0,7.8,302
2025-07-03 06:00:00,25.0,0.0,9.4,293
2025-07-03 07:00:00,26.1,0.0,10.4,287
2025-07-03 08:00:00,27.2,0.0,9.6,278
2025-07-03 09:00:00,28.3,0.0,8.4,285
2025-07-03 10:00:00,29.8,0.0,8.8,281
2025-07-03 11:00:00,30.6,0.0,11.5,278
2025-07-03 12:00:00,31.5,0.0,12.8,281
2025-07-03 13:00:00,32.2,0.0,13.4,290
2025-07-03 14:00:00,32.6,0.0,12.6,292
2025-07-03 15:00:00,32.5,0.0,14.1,295
2025-07-03 16:00:00,31.7,0.0,12.8,292
2025-07-03 17:00:00,31.0,0.0,12.0,300
2025-07-03 18:00:00,30.1,0.0,10.1,303
2025-07-03 19:00:00,29.1,0.0,8.5,291
2025-07-03 20:00:00,28.1,0.0,8.5,272
2025-07-03 21:00:00,27.2,0.0,9.5,289
2025-07-03 22:00:00,27.2,0.0,7.8,285
2025-07-03 23:00:00,26.9,0.0,9.3,299
2025-07-04 00:00:00,26.8,0.0,11.0,300
2025-07-04 01:00:00,26.6,0.0,11.9,302
2025-07-04 02:00:00,26.6,0.0,13.0,298
2025-07-04 03:00:00,26.5,0.0,13.0,295
2025-07-04 04:00:00,26.4,0.0,11.9,290
2025-07-04 05:00:00,26.0,0.0,10.2,288
2025-07-04 06:00:00,26.1,0.0,9.5,295
2025-07-04 07:00:00,27.1,0.0,10.7,295
2025-07-04 08:00:00,28.0,0.0,13.0,287
2025-07-04 09:00:00,28.9,0.0,12.9,278
2025-07-04 10:00:00,30.0,0.0,9.7,274
2025-07-04 11:00:00,30.8,0.0,8.8,274
2025-07-04 12:00:00,31.8,0.0,10.0,279
2025-07-04 13:00:00,32.3,0.0,14.0,294
2025-07-04 14:00:00,32.2,0.0,17.8,294
2025-07-04 15:00:00,31.8,0.0,18.5,295
2025-07-04 16:00:00,31.0,0.0,18.9,300
2025-07-04 17:00:00,30.3,0.0,17.3,301
2025-07-04 18:00:00,29.4,0.0,15.0,299
2025-07-04 19:00:00,28.2,0.0,13.0,299
2025-07-04 20:00:00,27.2,0.0,11.0,295
2025-07-04 21:00:00,27.0,0.0,10.7,300
2025-07-04 22:00:00,27.2,0.0,12.9,307
2025-07-04 23:00:00,27.1,0.0,12.6,296
2025-07-05 00:00:00,27.0,0.0,12.5,290
2025-07-05 01:00:00,27.0,0.0,14.2,288
2025-07-05 02:00:00,26.9,0.0,14.9,278
2025-07-05 03:00:00,26.6,0.0,13.7,279
2025-07-05 04:00:00,26.5,0.0,13.5,275
2025-07-05 05:00:00,26.4,0.0,13.3,270
2025-07-05 06:00:00,26.6,0.0,12.3,273
2025-07-05 07:00:00,27.3,0.0,12.4,268
2025-07-05 08:00:00,28.1,0.0,14.2,263
2025-07-05 09:00:00,29.0,0.0,14.3,266
2025-07-05 10:00:00,30.4,0.1,16.4,274
2025-07-05 11:00:00,31.0,0.0,16.6,283
2025-07-05 12:00:00,31.6,0.0,17.8,293
2025-07-05 13:00:00,31.5,0.0,21.1,299
2025-07-05 14:00:00,31.2,0.0,20.2,294
2025-07-05 15:00:00,31.0,0.0,19.5,291
2025-07-05 16:00:00,30.5,0.0,18.3,296
2025-07-05 17:00:00,29.7,0.0,18.0,299
2025-07-05 18:00:00,28.9,0.0,17.1,306
2025-07-05 19:00:00,28.0,0.0,16.8,311
2025-07-05 20:00:00,27.5,0.0,16.2,301
2025-07-05 21:00:00,27.5,0.0,16.0,294
2025-07-05 22:00:00,27.5,0.0,13.9,290
2025-07-05 23:00:00,27.5,0.0,14.0,278
2025-07-06 00:00:00,27.4,0.0,13.5,272
2025-07-06 01:00:00,27.2,0.0,13.0,272
2025-07-06 02:00:00,27.1,0.0,12.2,262
2025-07-06 03:00:00,26.9,0.0,11.7,259
2025-07-06 04:00:00,26.6,0.0,12.3,262
2025-07-06 05:00:00,26.5,0.0,13.0,264
2025-07-06 06:00:00,26.5,0.0,12.7,263
2025-07-06 07:00:00,27.1,0.1,14.0,263
2025-07-06 08:00:00,27.9,0.1,15.7,270
2025-07-06 09:00:00,28.7,0.4,18.5,276
2025-07-06 10:00:00,30.0,0.0,20.1,280
2025-07-06 11:00:00,30.6,0.0,22.0,281
2025-07-06 12:00:00,30.6,0.0,23.3,287
2025-07-06 13:00:00,30.6,0.0,24.2,288
2025-07-06 14:00:00,30.1,0.0,23.3,292
2025-07-06 15:00:00,30.3,0.0,22.1,293
2025-07-06 16:00:00,29.9,0.0,20.6,294
2025-07-06 17:00:00,29.5,0.0,19.8,300
2025-07-06 18:00:00,28.8,0.0,18.1,305
2025-07-06 19:00:00,28.0,0.0,18.3,307
2025-07-06 20:00:00,27.4,0.0,18.4,301
2025-07-06 21:00:00,27.1,0.0,18.2,293
2025-07-06 22:00:00,27.1,0.0,16.9,294
2025-07-06 23:00:00,26.9,0.0,17.3,287
2025-07-07 00:00:00,26.7,0.0,15.9,282
2025-07-07 01:00:00,26.5,0.0,14.6,279
2025-07-07 02:00:00,26.6,0.0,13.4,276
2025-07-07 03:00:00,26.5,0.0,11.5,272
2025-07-07 04:00:00,26.3,0.0,9.9,267
2025-07-07 05:00:00,26.2,0.0,8.7,266
2025-07-07 06:00:00,26.5,0.0,9.9,270
2025-07-07 07:00:00,27.3,0.0,13.0,260
2025-07-07 08:00:00,27.8,0.0,13.3,260
2025-07-07 09:00:00,28.6,0.0,14.0,269
2025-07-07 10:00:00,29.6,0.0,11.9,281
2025-07-07 11:00:00,31.1,0.0,12.3,284
2025-07-07 12:00:00,31.6,0.0,15.6,281
2025-07-07 13:00:00,31.5,0.0,13.9,276
2025-07-07 14:00:00,31.6,0.0,12.7,262
2025-07-07 15:00:00,32.2,0.0,13.2,263
2025-07-07 16:00:00,32.0,0.0,13.4,265
2025-07-07 17:00:00,31.5,0.0,11.2,272
2025-07-07 18:00:00,31.2,0.0,7.5,287
2025-07-07 19:00:00,30.8,0.0,6.7,306
2025-07-07 20:00:00,30.0,0.0,7.5,333
2025-07-07 21:00:00,29.2,0.0,5.5,319
2025-07-07 22:00:00,28.5,0.0,5.5,306
2025-07-07 23:00:00,27.8,0.0,7.9,274
2025-07-08 00:00:00,27.1,0.0,9.0,282
2025-07-08 01:00:00,26.8,0.0,7.2,302
2025-07-08 02:00:00,26.6,0.0,5.1,306
2025-07-08 03:00:00,26.2,0.0,2.2,312
2025-07-08 04:00:00,26.0,0.0,2.9,4
2025-07-08 05:00:00,26.1,0.0,5.5,38
2025-07-08 06:00:00,26.5,0.0,7.0,64
2025-07-08 07:00:00,27.6,0.0,4.9,94
2025-07-08 08:00:00,28.7,0.0,8.2,122
2025-07-08 09:00:00,29.6,0.0,9.2,137
2025-07-08 10:00:00,30.5,0.0,6.9,147
2025-07-08 11:00:00,31.0,0.0,6.2,134
2025-07-08 12:00:00,30.9,0.0,5.4,124
2025-07-08 13:00:00,32.0,0.0,9.2,116
2025-07-08 14:00:00,32.1,0.0,10.3,112
2025-07-08 15:00:00,32.5,0.0,10.2,104
2025-07-08 16:00:00,31.7,0.0,11.9,95
2025-07-08 17:00:00,31.1,0.0,12.1,108
2025-07-08 18:00:00,30.4,0.0,11.7,108
2025-07-08 19:00:00,29.0,0.0,12.1,91
2025-07-08 20:00:00,28.3,0.0,12.8,80
2025-07-08 21:00:00,28.0,0.0,14.5,85
2025-07-08 22:00:00,28.5,0.0,13.2,68
2025-07-08 23:00:00,28.1,0.0,14.8,84
2025-07-09 00:00:00,27.9,0.0,12.6,119
2025-07-09 01:00:00,27.2,0.0,11.3,104
2025-07-09 02:00:00,26.7,0.0,11.9,93
2025-07-09 03:00:00,26.5,0.0,11.7,81
2025-07-09 04:00:00,26.2,0.0,12.2,82
2025-07-09 05:00:00,26.0,0.0,12.9,84
2025-07-09 06:00:00,26.5,0.0,14.3,97
2025-07-09 07:00:00,27.2,0.0,15.9,105
2025-07-09 08:00:00,27.8,0.0,17.0,114
2025-07-09 09:00:00,28.5,0.0,17.4,118
2025-07-09 10:00:00,30.0,0.0,16.1,115
2025-07-09 11:00:00,30.9,0.0,16.8,119
2025-07-09 12:00:00,31.5,0.0,17.2,118
2025-07-09 13:00:00,31.7,0.0,16.6,112
2025-07-09 14:00:00,31.8,0.0,16.2,111
2025-07-09 15:00:00,31.5,0.0,16.5,104
2025-07-09 16:00:00,30.8,0.0,16.8,102
2025-07-09 17:00:00,30.0,0.0,15.9,95
2025-07-09 18:00:00,29.1,0.0,15.0,84
2025-07-09 19:00:00,28.6,0.0,14.1,83
2025-07-09 20:00:00,28.2,0.0,13.3,89
2025-07-09 21:00:00,28.0,0.0,12.8,94
2025-07-09 22:00:00,28.2,0.0,11.8,64
2025-07-09 23:00:00,28.0,0.0,11.7,61
2025-07-10 00:00:00,27.8,0.0,10.9,70
2025-07-10 01:00:00,27.2,0.0,9.8,72
2025-07-10 02:00:00,26.9,0.0,9.7,61
2025-07-10 03:00:00,26.5,0.0,9.1,49
2025-07-10 04:00:00,26.2,0.0,8.4,70
2025-07-10 05:00:00,26.1,0.0,8.3,88
2025-07-10 06:00:00,26.3,0.0,7.0,78
2025-07-10 07:00:00,27.0,0.0,6.5,60
2025-07-10 08:00:00,28.2,0.0,5.7,66
2025-07-10 09:00:00,29.8,0.0,7.0,100
2025-07-10 10:00:00,31.1,0.0,9.0,123
2025-07-10 11:00:00,31.2,0.0,9.8,134
2025-07-10 12:00:00,31.7,0.0,10.3,151
2025-07-10 13:00:00,31.4,0.0,13.1,157
2025-07-10 14:00:00,31.8,0.0,10.8,127
2025-07-10 15:00:00,32.2,0.0,12.7,111
2025-07-10 16:00:00,31.2,0.0,17.0,126
2025-07-10 17:00:00,31.2,0.0,9.9,135
2025-07-10 18:00:00,30.1,0.0,7.9,145
2025-07-10 19:00:00,29.5,0.0,6.7,88
2025-07-10 20:00:00,28.9,0.0,7.6,76
2025-07-10 21:00:00,28.3,0.0,8.9,82
2025-07-10 22:00:00,28.8,0.0,2.0,95
2025-07-10 23:00:00,28.3,0.0,2.0,90
2025-07-11 00:00:00,27.8,0.0,2.7,70
2025-07-11 01:00:00,27.6,0.0,5.4,82
2025-07-11 02:00:00,27.4,0.0,8.1,66
2025-07-11 03:00:00,27.0,0.0,10.6,75
2025-07-11 04:00:00,26.9,0.0,10.8,75
2025-07-11 05:00:00,26.6,0.0,10.5,83
2025-07-11 06:00:00,26.8,0.0,9.9,71
2025-07-11 07:00:00,27.6,0.0,11.5,87
2025-07-11 08:00:00,28.3,0.0,10.5,97
2025-07-11 09:00:00,29.0,0.0,9.5,119
2025-07-11 10:00:00,31.0,0.0,9.1,115
2025-07-11 11:00:00,31.0,0.0,15.2,134
2025-07-11 12:00:00,30.3,0.0,17.8,133
2025-07-11 13:00:00,31.0,0.1,12.6,123
2025-07-11 14:00:00,31.1,0.1,12.0,127
2025-07-11 15:00:00,30.8,0.1,12.7,111
2025-07-11 16:00:00,30.6,0.0,11.9,92
2025-07-11 17:00:00,30.5,0.0,10.2,103
2025-07-11 18:00:00,30.0,0.0,10.7,102
2025-07-11 19:00:00,28.5,0.0,16.4,91
2025-07-11 20:00:00,27.7,0.0,12.3,97
2025-07-11 21:00:00,27.2,0.0,11.7,81
2025-07-11 22:00:00,27.8,0.0,8.5,38
2025-07-11 23:00:00,27.4,0.0,9.4,55
2025-07-12 00:00:00,27.1,0.0,9.3,68
2025-07-12 01:00:00,26.8,0.0,9.1,69
2025-07-12 02:00:00,26.5,0.0,8.9,62
2025-07-12 03:00:00,26.1,0.0,9.1,60
2025-07-12 04:00:00,26.0,0.0,8.8,70
2025-07-12 05:00:00,25.9,0.0,8.9,77
2025-07-12 06:00:00,26.1,0.0,8.8,78
2025-07-12 07:00:00,27.0,0.0,8.9,82
2025-07-12 08:00:00,28.1,0.0,13.6,98
2025-07-12 09:00:00,28.8,0.0,13.0,107
2025-07-12 10:00:00,30.2,0.0,9.9,109
2025-07-12 11:00:00,31.0,0.0,9.9,122
2025-07-12 12:00:00,31.4,0.0,14.2,139
2025-07-12 13:00:00,32.1,0.0,13.7,118
2025-07-12 14:00:00,32.2,0.0,13.3,115
2025-07-12 15:00:00,31.6,0.0,15.1,115
2025-07-12 16:00:00,31.3,0.0,14.2,125
2025-07-12 17:00:00,31.0,0.1,11.8,117
2025-07-12 18:00:00,30.2,0.0,11.6,108
2025-07-12 19:00:00,29.4,0.0,11.9,105
2025-07-12 20:00:00,28.9,0.0,11.6,102
2025-07-12 21:00:00,28.5,0.0,11.6,105
2025-07-12 22:00:00,28.6,0.0,9.5,79
2025-07-12 23:00:00,28.4,0.0,11.0,89
2025-07-13 00:00:00,28.1,0.0,11.0,104
2025-07-13 01:00:00,27.8,0.0,10.9,114
2025-07-13 02:00:00,27.4,0.0,11.1,110
2025-07-13 03:00:00,27.1,0.0,12.2,106
2025-07-13 04:00:00,27.0,0.0,13.4,116
2025-07-13 05:00:00,27.0,0.0,14.2,122
2025-07-13 06:00:00,27.2,0.0,15.6,119
2025-07-13 07:00:00,27.6,0.1,16.2,124
2025-07-13 08:00:00,28.1,0.1,17.9,119
2025-07-13 09:00:00,28.6,0.0,20.1,122
2025-07-13 10:00:00,29.8,0.0,19.9,125
2025-07-13 11:00:00,30.2,0.0,23.6,122
2025-07-13 12:00:00,30.2,0.0,24.4,120
2025-07-13 13:00:00,30.5,0.0,24.6,118
2025-07-13 14:00:00,30.7,0.0,26.6,121
2025-07-13 15:00:00,30.6,0.0,23.6,123
2025-07-13 16:00:00,30.2,0.0,23.0,120
2025-07-13 17:00:00,29.4,0.0,21.8,122
2025-07-13 18:00:00,28.8,0.0,21.7,119
2025-07-13 19:00:00,28.5,0.0,19.2,116
2025-07-13 20:00:00,27.9,0.0,19.7,117
2025-07-13 21:00:00,27.4,0.0,21.4,118
2025-07-13 22:00:00,26.6,0.6,20.5,119
2025-07-13 23:00:00,26.1,1.4,20.6,116
2025-07-14 00:00:00,26.0,0.2,23.5,122
2025-07-14 01:00:00,26.1,0.1,25.3,126
2025-07-14 02:00:00,26.4,0.0,22.0,129
2025-07-14 03:00:00,26.1,0.6,20.7,123
2025-07-14 04:00:00,26.0,0.0,18.5,128
2025-07-14 05:00:00,26.0,0.0,18.0,117
2025-07-14 06:00:00,26.2,0.0,18.8,120
2025-07-14 07:00:00,26.2,0.6,19.7,164
2025-07-14 08:00:00,25.8,1.2,18.1,142
2025-07-14 09:00:00,26.1,4.1,12.5,148
2025-07-14 10:00:00,26.1,3.9,10.3,153
2025-07-14 11:00:00,26.2,1.4,3.7,145
2025-07-14 12:00:00,26.8,0.9,11.5,266
2025-07-14 13:00:00,26.2,0.4,23.2,296
2025-07-14 14:00:00,25.5,0.0,22.8,289
2025-07-14 15:00:00,26.5,0.0,27.3,290
2025-07-14 16:00:00,26.2,0.0,27.5,295
2025-07-14 17:00:00,26.1,0.0,26.0,294
2025-07-14 18:00:00,25.5,0.0,23.3,287
2025-07-14 19:00:00,25.0,0.0,17.2,286
2025-07-14 20:00:00,24.6,0.0,12.8,292
2025-07-14 21:00:00,24.7,0.0,9.0,267
2025-07-14 22:00:00,23.1,0.0,2.9,353
2025-07-14 23:00:00,22.8,0.0,1.4,40
2025-07-15 00:00:00,22.5,0.0,3.5,165
2025-07-15 01:00:00,24.4,0.0,10.5,213
2025-07-15 02:00:00,24.9,0.0,9.3,212
2025-07-15 03:00:00,25.0,0.0,9.4,192
2025-07-15 04:00:00,24.9,0.0,8.5,182
2025-07-15 05:00:00,24.6,0.0,8.3,185
2025-07-15 06:00:00,25.0,0.0,10.9,173
2025-07-15 07:00:00,25.2,0.0,10.0,194
2025-07-15 08:00:00,25.9,0.0,12.1,177
2025-07-15 09:00:00,26.8,0.0,14.3,187
2025-07-15 10:00:00,27.9,0.0,14.0,179
2025-07-15 11:00:00,28.5,0.1,14.9,195
2025-07-15 12:00:00,29.6,0.0,13.6,200
2025-07-15 13:00:00,30.1,0.0,13.6,197
2025-07-15 14:00:00,30.3,0.0,14.0,192
2025-07-15 15:00:00,30.2,0.1,13.8,215
2025-07-15 16:00:00,29.9,0.1,13.2,238
2025-07-15 17:00:00,29.5,0.0,13.4,253
2025-07-15 18:00:00,28.6,0.0,13.6,255
2025-07-15 19:00:00,27.6,0.0,11.4,254
2025-07-15 20:00:00,27.3,0.0,10.9,236
2025-07-15 21:00:00,27.2,0.0,15.6,232
2025-07-15 22:00:00,26.4,0.0,9.6,237
2025-07-15 23:00:00,26.2,0.0,8.6,219
2025-07-16 00:00:00,25.8,0.0,6.2,226
2025-07-16 01:00:00,25.5,0.0,6.1,236
2025-07-16 02:00:00,24.7,0.0,4.6,228
2025-07-16 03:00:00,24.7,0.0,1.3,172
2025-07-16 04:00:00,24.1,0.0,3.3,119
2025-07-16 05:00:00,24.6,0.0,5.2,106
2025-07-16 06:00:00,25.1,0.0,8.7,117
2025-07-16 07:00:00,25.9,0.0,10.5,141
2025-07-16 08:00:00,26.8,0.0,13.7,147
2025-07-16 09:00:00,27.1,0.0,16.0,129
2025-07-16 10:00:00,28.2,0.0,14.6,130
2025-07-16 11:00:00,29.0,0.0,13.8,129
2025-07-16 12:00:00,30.2,0.0,12.7,126
2025-07-16 13:00:00,30.8,0.0,13.2,112
2025-07-16 14:00:00,30.9,0.0,12.8,92
2025-07-16 15:00:00,30.5,0.0,18.2,110
2025-07-16 16:00:00,30.5,0.0,18.7,123
2025-07-16 17:00:00,29.6,0.0,17.7,131
2025-07-16 18:00:00,28.9,0.0,17.3,159
2025-07-16 19:00:00,27.9,0.0,12.9,148
2025-07-16 20:00:00,27.5,0.0,15.1,123
2025-07-16 21:00:00,27.4,0.0,14.9,128
2025-07-16 22:00:00,27.9,0.0,20.4,141
2025-07-16 23:00:00,27.8,0.0,19.7,148
2025-07-17 00:00:00,27.6,0.0,17.1,141
2025-07-17 01:00:00,27.2,0.0,16.3,123
2025-07-17 02:00:00,26.8,0.0,16.4,115
2025-07-17 03:00:00,26.4,0.0,13.8,116
2025-07-17 04:00:00,26.2,0.0,10.8,123
2025-07-17 05:00:00,26.2,0.0,9.7,124
2025-07-17 06:00:00,26.4,0.0,13.7,113
2025-07-17 07:00:00,26.9,0.0,13.4,119
2025-07-17 08:00:00,27.7,0.0,13.1,119
2025-07-17 09:00:00,28.3,0.0,16.7,108
2025-07-17 10:00:00,29.8,0.0,12.3,119
2025-07-17 11:00:00,30.8,0.0,10.2,126
2025-07-17 12:00:00,30.9,0.0,14.7,117
2025-07-17 13:00:00,30.7,0.0,17.4,116
2025-07-17 14:00:00,30.9,0.0,19.6,118
2025-07-17 15:00:00,30.4,0.0,20.0,123
2025-07-17 16:00:00,29.1,0.0,24.7,111
2025-07-17 17:00:00,28.2,0.3,26.2,108
2025-07-17 18:00:00,26.9,0.1,24.7,93
2025-07-17 19:00:00,26.2,0.1,23.2,92
2025-07-17 20:00:00,26.0,0.0,21.5,109
2025-07-17 21:00:00,25.9,3.3,20.2,129
2025-07-17 22:00:00,25.9,4.0,12.5,102
2025-07-17 23:00:00,25.9,0.1,13.3,113
2025-07-18 00:00:00,25.9,0.1,10.0,108
2025-07-18 01:00:00,25.6,0.0,12.6,104
2025-07-18 02:00:00,25.7,0.0,13.6,130
2025-07-18 03:00:00,25.9,0.0,15.1,131
2025-07-18 04:00:00,25.9,0.0,21.9,132
2025-07-18 05:00:00,25.6,0.0,21.8,117
2025-07-18 06:00:00,25.9,0.0,21.4,119
2025-07-18 07:00:00,26.5,0.0,22.4,121
2025-07-18 08:00:00,27.1,0.0,23.6,120
2025-07-18 09:00:00,27.4,0.0,24.8,123
2025-07-18 10:00:00,26.0,1.0,23.3,124
2025-07-18 11:00:00,25.6,3.2,23.5,120
2025-07-18 12:00:00,25.5,2.1,23.4,125
2025-07-18 13:00:00,25.2,4.3,22.8,129
2025-07-18 14:00:00,25.8,2.5,24.0,125
2025-07-18 15:00:00,25.5,1.9,26.2,127
2025-07-18 16:00:00,25.6,2.0,20.8,133
2025-07-18 17:00:00,25.3,3.1,22.2,127
2025-07-18 18:00:00,25.1,1.7,18.9,119
2025-07-18 19:00:00,25.2,1.8,15.7,112
2025-07-18 20:00:00,25.5,0.6,16.9,119
2025-07-18 21:00:00,26.0,0.1,19.9,130
2025-07-18 22:00:00,26.3,0.0,22.7,136
2025-07-18 23:00:00,26.2,0.0,20.1,126
2025-07-19 00:00:00,26.4,0.0,20.1,129
2025-07-19 01:00:00,26.2,0.0,18.2,125
2025-07-19 02:00:00,26.0,0.0,18.1,121
2025-07-19 03:00:00,25.6,0.0,17.6,116
2025-07-19 04:00:00,25.5,0.0,17.3,114
2025-07-19 05:00:00,25.5,0.0,18.0,114
2025-07-19 06:00:00,25.6,0.0,19.2,112
2025-07-19 07:00:00,26.1,0.0,20.3,112
2025-07-19 08:00:00,26.5,0.0,20.9,114
2025-07-19 09:00:00,27.0,0.0,22.3,109
2025-07-19 10:00:00,28.8,0.0,23.3,118
2025-07-19 11:00:00,29.2,0.0,25.1,120
2025-07-19 12:00:00,29.5,0.0,24.2,116
2025-07-19 13:00:00,30.1,0.0,23.1,116
2025-07-19 14:00:00,30.2,0.0,22.0,115
2025-07-19 15:00:00,30.3,0.0,20.1,113
2025-07-19 16:00:00,29.5,0.0,17.7,123
2025-07-19 17:00:00,28.9,0.1,14.5,120
2025-07-19 18:00:00,28.2,0.2,10.9,135
2025-07-19 19:00:00,27.8,0.1,14.6,119
2025-07-19 20:00:00,27.6,0.0,20.7,131
2025-07-19 21:00:00,27.2,0.0,22.3,133
2025-07-19 22:00:00,27.4,0.0,21.0,135
2025-07-19 23:00:00,27.0,0.0,20.0,132
2025-07-20 00:00:00,26.8,0.0,19.0,128
2025-07-20 01:00:00,26.7,0.0,18.0,126
2025-07-20 02:00:00,26.6,0.0,19.0,127
2025-07-20 03:00:00,26.4,0.0,18.3,121
2025-07-20 04:00:00,26.0,0.0,16.9,114
2025-07-20 05:00:00,25.9,0.0,16.4,111
2025-07-20 06:00:00,26.0,0.0,16.3,111
2025-07-20 07:00:00,26.5,0.0,16.4,113
2025-07-20 08:00:00,26.9,0.0,17.9,115
2025-07-20 09:00:00,27.1,0.0,19.6,108
2025-07-20 10:00:00,28.6,0.0,20.1,112
2025-07-20 11:00:00,29.0,0.0,20.9,109
2025-07-20 12:00:00,29.2,0.0,21.4,107
2025-07-20 13:00:00,29.6,0.0,20.9,108
2025-07-20 14:00:00,29.8,0.0,20.3,103
2025-07-20 15:00:00,29.5,0.0,21.5,99
2025-07-20 16:00:00,29.5,0.0,21.3,102
2025-07-20 17:00:00,29.4,0.0,20.2,111
2025-07-20 18:00:00,29.0,0.0,18.4,110
2025-07-20 19:00:00,28.2,0.0,19.0,110
2025-07-20 20:00:00,27.7,0.0,19.2,109
2025-07-20 21:00:00,27.5,0.0,19.6,116
2025-07-20 22:00:00,27.6,0.0,17.9,121
2025-07-20 23:00:00,27.2,0.0,15.9,113
2025-07-21 00:00:00,26.8,0.0,14.7,108
2025-07-21 01:00:00,26.6,0.0,13.3,108
2025-07-21 02:00:00,26.4,0.0,11.4,108
2025-07-21 03:00:00,26.0,0.0,9.3,105
2025-07-21 04:00:00,25.8,0.0,10.0,97
2025-07-21 05:00:00,25.6,0.0,11.4,94
2025-07-21 06:00:00,25.8,0.0,11.9,100
2025-07-21 07:00:00,26.6,0.0,12.6,107
2025-07-21 08:00:00,27.3,0.0,13.5,99
2025-07-21 09:00:00,28.0,0.0,16.1,103
2025-07-21 10:00:00,29.0,0.0,18.7,103
2025-07-21 11:00:00,29.6,0.0,18.7,108
2025-07-21 12:00:00,29.9,0.0,19.1,101
2025-07-21 13:00:00,30.2,0.0,19.5,102
2025-07-21 14:00:00,30.5,0.0,17.8,102
2025-07-21 15:00:00,30.2,0.0,17.0,95
2025-07-21 16:00:00,29.7,0.0,15.2,84
2025-07-21 17:00:00,29.1,0.0,14.5,85
2025-07-21 18:00:00,28.2,0.0,13.7,79
2025-07-21 19:00:00,27.4,0.0,14.2,75
2025-07-21 20:00:00,26.9,0.0,14.7,72
2025-07-21 21:00:00,26.6,0.0,14.4,77
2025-07-21 22:00:00,26.7,0.0,10.5,77
2025-07-21 23:00:00,26.3,0.0,12.2,70
2025-07-22 00:00:00,26.1,0.0,14.4,78
2025-07-22 01:00:00,26.1,0.0,14.9,91
2025-07-22 02:00:00,26.2,0.0,15.2,106
2025-07-22 03:00:00,26.1,0.0,14.0,110
2025-07-22 04:00:00,25.8,0.0,13.0,104
2025-07-22 05:00:00,25.5,0.0,13.9,96
2025-07-22 06:00:00,25.6,0.0,13.8,97
2025-07-22 07:00:00,26.5,0.0,12.2,98
2025-07-22 08:00:00,27.4,0.0,12.7,106
2025-07-22 09:00:00,28.2,0.0,13.6,107
2025-07-22 10:00:00,29.2,0.0,13.9,114
2025-07-22 11:00:00,29.8,0.0,14.6,112
2025-07-22 12:00:00,30.2,0.0,14.9,113
2025-07-22 13:00:00,30.5,0.0,14.7,110
2025-07-22 14:00:00,30.6,0.0,13.9,107
2025-07-22 15:00:00,30.8,0.0,13.5,104
2025-07-22 16:00:00,30.6,0.0,12.7,96
2025-07-22 17:00:00,29.6,0.0,13.3,92
2025-07-22 18:00:00,28.0,0.0,13.7,85
2025-07-22 19:00:00,27.0,0.0,14.9,75
2025-07-22 20:00:00,26.6,0.0,14.7,70
2025-07-22 21:00:00,26.6,0.0,14.1,71
2025-07-22 22:00:00,26.9,0.0,11.2,84
2025-07-22 23:00:00,26.6,0.0,10.4,89
2025-07-23 00:00:00,26.5,0.0,10.1,91
2025-07-23 01:00:00,26.4,0.0,9.7,92
2025-07-23 02:00:00,26.1,0.0,10.1,86
2025-07-23 03:00:00,25.8,0.0,11.6,77
2025-07-23 04:00:00,25.5,0.0,12.6,79
2025-07-23 05:00:00,25.2,0.0,12.8,79
2025-07-23 06:00:00,25.3,0.0,13.9,86
2025-07-23 07:00:00,26.4,0.0,14.2,99
2025-07-23 08:00:00,27.3,0.0,15.3,107
2025-07-23 09:00:00,28.0,0.0,14.9,105
2025-07-23 10:00:00,29.1,0.0,17.1,108
2025-07-23 11:00:00,29.6,0.0,17.2,111
2025-07-23 12:00:00,30.2,0.0,16.2,113
2025-07-23 13:00:00,30.8,0.0,15.6,112
2025-07-23 14:00:00,31.4,0.0,15.0,110
2025-07-23 15:00:00,31.5,0.0,14.5,105
2025-07-23 16:00:00,31.2,0.0,13.4,98
2025-07-23 17:00:00,30.5,0.0,12.4,93
2025-07-23 18:00:00,29.2,0.0,13.8,97
2025-07-23 19:00:00,27.9,0.0,15.4,96
2025-07-23 20:00:00,27.4,0.0,15.7,96
2025-07-23 21:00:00,27.2,0.0,14.7,101
2025-07-23 22:00:00,27.9,0.0,13.9,121
2025-07-23 23:00:00,27.8,0.0,12.8,125
2025-07-24 00:00:00,27.4,0.0,12.9,122
2025-07-24 01:00:00,26.9,0.0,13.5,113
2025-07-24 02:00:00,26.6,0.0,13.9,114
2025-07-24 03:00:00,26.4,0.0,12.3,105
2025-07-24 04:00:00,26.1,0.0,12.4,104
2025-07-24 05:00:00,26.1,0.0,13.7,107
2025-07-24 06:00:00,26.2,0.0,14.3,104
2025-07-24 07:00:00,27.0,0.0,14.1,103
2025-07-24 08:00:00,27.7,0.0,15.0,110
2025-07-24 09:00:00,28.4,0.0,16.4,113
2025-07-24 10:00:00,29.5,0.0,17.0,114
2025-07-24 11:00:00,30.4,0.0,18.2,117
2025-07-24 12:00:00,31.1,0.0,18.6,116
2025-07-24 13:00:00,31.7,0.0,18.3,113
2025-07-24 14:00:00,32.0,0.0,18.6,112
2025-07-24 15:00:00,31.9,0.0,18.7,111
2025-07-24 16:00:00,31.2,0.0,19.6,107
2025-07-24 17:00:00,30.2,0.0,20.1,105
2025-07-24 18:00:00,29.2,0.0,18.1,100
2025-07-24 19:00:00,28.5,0.0,16.6,92
2025-07-24 20:00:00,28.5,0.0,16.1,108
2025-07-24 21:00:00,28.5,0.0,16.8,123
2025-07-24 22:00:00,28.8,0.0,15.0,127
2025-07-24 23:00:00,28.3,0.0,15.5,132
2025-07-25 00:00:00,27.9,0.0,15.1,123
2025-07-25 01:00:00,27.5,0.0,15.6,119
2025-07-25 02:00:00,27.2,0.0,15.7,118
2025-07-25 03:00:00,27.1,0.0,16.4,115
2025-07-25 04:00:00,27.0,0.0,16.9,110
2025-07-25 05:00:00,26.7,0.0,17.3,106
2025-07-25 06:00:00,26.8,0.0,17.6,105
2025-07-25 07:00:00,27.4,0.0,17.6,106
2025-07-25 08:00:00,28.0,0.0,17.8,106
2025-07-25 09:00:00,29.1,0.0,20.8,111
2025-07-25 10:00:00,31.0,0.0,22.8,109
2025-07-25 11:00:00,31.5,0.0,22.3,115
2025-07-25 12:00:00,31.8,0.0,23.5,120
2025-07-25 13:00:00,32.1,0.0,22.9,119
2025-07-25 14:00:00,32.2,0.0,21.7,119
2025-07-25 15:00:00,31.9,0.0,22.4,119
2025-07-25 16:00:00,30.9,0.0,21.7,114
2025-07-25 17:00:00,30.0,0.0,20.7,115
2025-07-25 18:00:00,29.4,0.0,19.3,124
2025-07-25 19:00:00,28.5,0.0,17.2,127
2025-07-25 20:00:00,28.3,0.0,16.2,126
2025-07-25 21:00:00,28.1,0.0,16.6,120
2025-07-25 22:00:00,28.4,0.0,15.7,133
2025-07-25 23:00:00,27.4,0.0,16.4,136
2025-07-26 00:00:00,26.8,0.0,16.1,130
2025-07-26 01:00:00,26.6,0.0,16.4,122
2025-07-26 02:00:00,26.5,0.0,16.7,118
2025-07-26 03:00:00,26.6,0.0,16.4,116
2025-07-26 04:00:00,26.9,0.0,19.0,121
2025-07-26 05:00:00,26.9,0.0,18.7,115
2025-07-26 06:00:00,26.9,0.0,17.8,110
2025-07-26 07:00:00,27.5,0.0,19.6,110
2025-07-26 08:00:00,28.2,0.0,20.4,108
2025-07-26 09:00:00,29.1,0.0,22.8,111
2025-07-26 10:00:00,30.9,0.0,24.1,114
2025-07-26 11:00:00,30.9,0.0,26.3,119
2025-07-26 12:00:00,31.0,0.0,24.1,118
2025-07-26 13:00:00,31.3,0.0,24.4,116
2025-07-26 14:00:00,31.2,0.0,25.1,115
2025-07-26 15:00:00,31.2,0.0,25.3,121
2025-07-26 16:00:00,31.1,0.0,23.7,120
2025-07-26 17:00:00,30.6,0.0,21.1,116
2025-07-26 18:00:00,30.0,0.0,18.6,113
2025-07-26 19:00:00,29.0,0.0,18.0,117
2025-07-26 20:00:00,28.8,0.0,21.7,117
2025-07-26 21:00:00,28.4,0.0,24.3,118
2025-07-26 22:00:00,28.3,0.0,21.3,133
2025-07-26 23:00:00,28.4,0.0,27.5,122
2025-07-27 00:00:00,27.9,0.0,24.8,120
2025-07-27 01:00:00,27.5,0.0,22.3,120
2025-07-27 02:00:00,27.1,0.0,21.3,116
2025-07-27 03:00:00,27.0,0.0,22.1,112
2025-07-27 04:00:00,26.9,0.0,22.3,112
2025-07-27 05:00:00,26.9,0.0,22.3,112
2025-07-27 06:00:00,27.2,0.0,22.8,112
2025-07-27 07:00:00,27.9,0.0,22.2,114
2025-07-27 08:00:00,28.7,0.0,24.5,110
2025-07-27 09:00:00,29.5,0.0,26.1,110
2025-07-27 10:00:00,31.0,0.0,26.1,111
2025-07-27 11:00:00,31.5,0.0,25.5,111
2025-07-27 12:00:00,32.1,0.0,25.3,113
2025-07-27 13:00:00,32.4,0.0,26.0,116
2025-07-27 14:00:00,32.5,0.0,24.2,117
2025-07-27 15:00:00,32.0,0.0,24.0,121
2025-07-27 16:00:00,31.3,0.0,24.1,120
2025-07-27 17:00:00,30.5,0.0,22.0,116
2025-07-27 18:00:00,30.0,0.0,20.0,121
2025-07-27 19:00:00,29.3,0.0,20.1,132
2025-07-27 20:00:00,28.7,0.0,22.6,139
2025-07-27 21:00:00,28.4,0.0,22.5,139
2025-07-27 22:00:00,28.4,0.0,16.5,134
2025-07-27 23:00:00,28.2,0.0,16.7,128
2025-07-28 00:00:00,27.8,0.0,14.8,114
2025-07-28 01:00:00,27.4,0.0,14.4,110
2025-07-28 02:00:00,27.1,0.0,14.1,111
2025-07-28 03:00:00,27.0,0.0,13.8,108
2025-07-28 04:00:00,26.8,0.0,14.3,111
2025-07-28 05:00:00,26.6,0.0,15.4,116
2025-07-28 06:00:00,26.6,0.0,14.9,112
2025-07-28 07:00:00,27.4,0.0,15.3,112
2025-07-28 08:00:00,28.1,0.0,15.2,114
2025-07-28 09:00:00,29.0,0.0,15.9,121
2025-07-28 10:00:00,30.1,0.0,16.1,118
2025-07-28 11:00:00,30.9,0.0,17.4,122
2025-07-28 12:00:00,31.7,0.0,18.4,124
2025-07-28 13:00:00,32.2,0.0,18.6,125
2025-07-28 14:00:00,32.6,0.0,18.7,131
2025-07-28 15:00:00,33.0,0.0,17.2,130
2025-07-28 16:00:00,32.9,0.0,16.1,127
2025-07-28 17:00:00,32.2,0.0,16.0,125
2025-07-28 18:00:00,31.0,0.0,16.5,129
2025-07-28 19:00:00,29.8,0.0,13.7,123
2025-07-28 20:00:00,29.3,0.0,11.7,121
2025-07-28 21:00:00,29.0,0.0,10.7,131
2025-07-28 22:00:00,28.3,0.0,9.2,94
2025-07-28 23:00:00,27.9,0.0,9.1,99
2025-07-29 00:00:00,27.5,0.0,9.2,94
2025-07-29 01:00:00,27.2,0.0,10.1,85
2025-07-29 02:00:00,26.8,0.0,11.0,87
2025-07-29 03:00:00,26.4,0.0,12.3,97
2025-07-29 04:00:00,26.3,0.0,12.8,101
2025-07-29 05:00:00,26.0,0.0,12.5,98
2025-07-29 06:00:00,26.1,0.0,12.9,97
2025-07-29 07:00:00,27.1,0.0,14.1,101
2025-07-29 08:00:00,28.0,0.0,15.5,108
2025-07-29 09:00:00,28.8,0.0,15.9,110
2025-07-29 10:00:00,29.8,0.0,16.9,112
2025-07-29 11:00:00,30.6,0.0,17.8,117
2025-07-29 12:00:00,31.5,0.0,18.9,118
2025-07-29 13:00:00,32.2,0.0,18.5,119
2025-07-29 14:00:00,32.5,0.0,18.3,119
2025-07-29 15:00:00,33.0,0.0,17.7,119
2025-07-29 16:00:00,33.1,0.0,16.1,118
2025-07-29 17:00:00,32.3,0.0,17.3,109
2025-07-29 18:00:00,30.6,0.0,16.5,100
2025-07-29 19:00:00,29.1,0.0,14.9,89
2025-07-29 20:00:00,28.4,0.0,14.3,84
2025-07-29 21:00:00,28.1,0.0,13.3,81
2025-07-29 22:00:00,28.0,0.0,11.9,80
2025-07-29 23:00:00,27.9,0.0,11.3,90
2025-07-30 00:00:00,27.7,0.0,10.1,90
2025-07-30 01:00:00,27.5,0.0,9.6,85
2025-07-30 02:00:00,27.0,0.0,11.0,88
2025-07-30 03:00:00,26.5,0.0,13.6,82
2025-07-30 04:00:00,25.8,0.0,14.3,83
2025-07-30 05:00:00,25.4,0.0,13.9,86
2025-07-30 06:00:00,25.5,0.0,13.8,83
2025-07-30 07:00:00,26.6,0.0,15.0,93
2025-07-30 08:00:00,27.7,0.0,16.5,104
2025-07-30 09:00:00,28.5,0.0,17.2,108
2025-07-30 10:00:00,29.4,0.0,16.9,115
2025-07-30 11:00:00,30.1,0.0,19.5,116
2025-07-30 12:00:00,31.0,0.0,21.1,116
2025-07-30 13:00:00,31.7,0.0,22.1,116
2025-07-30 14:00:00,32.5,0.0,21.5,116
2025-07-30 15:00:00,32.5,0.0,21.1,114
2025-07-30 16:00:00,31.9,0.0,21.5,109
2025-07-30 17:00:00,31.0,0.0,20.9,105
2025-07-30 18:00:00,29.9,0.0,19.1,102
2025-07-30 19:00:00,28.7,0.0,16.4,91
2025-07-30 20:00:00,28.3,0.0,14.5,83
2025-07-30 21:00:00,28.2,0.0,13.6,84
2025-07-30 22:00:00,28.0,0.0,14.1,80
2025-07-30 23:00:00,27.9,0.0,11.9,80
2025-07-31 00:00:00,27.5,0.0,11.3,77
2025-07-31 01:00:00,27.2,0.0,10.8,79
2025-07-31 02:00:00,27.0,0.0,11.2,91
2025-07-31 03:00:00,26.9,0.0,11.9,95
2025-07-31 04:00:00,26.7,0.0,10.8,94
2025-07-31 05:00:00,26.4,0.0,10.4,90
2025-07-31 06:00:00,26.4,0.0,10.8,90
2025-07-31 07:00:00,27.4,0.0,11.3,108
2025-07-31 08:00:00,28.2,0.0,12.2,118
2025-07-31 09:00:00,29.0,0.0,13.0,112
2025-07-31 10:00:00,30.5,0.0,13.7,118
2025-07-31 11:00:00,31.6,0.0,14.9,121
2025-07-31 12:00:00,32.3,0.0,13.6,114
2025-07-31 13:00:00,32.9,0.0,11.8,115
2025-07-31 14:00:00,33.6,0.0,11.9,122
2025-07-31 15:00:00,33.8,0.0,12.3,129
2025-07-31 16:00:00,33.7,0.0,13.3,131
2025-07-31 17:00:00,33.2,0.0,12.3,117
2025-07-31 18:00:00,32.2,0.0,12.1,101
2025-07-31 19:00:00,31.1,0.0,10.8,93
2025-07-31 20:00:00,30.3,0.0,10.4,82
2025-07-31 21:00:00,29.6,0.0,10.3,74
2025-07-31 22:00:00,29.4,0.0,8.3,63
2025-07-31 23:00:00,28.9,0.0,7.9,66
2025-08-01 00:00:00,28.5,0.0,7.8,64
2025-08-01 01:00:00,28.0,0.0,8.2,64
2025-08-01 02:00:00,27.6,0.0,9.1,69
2025-08-01 03:00:00,27.1,0.0,9.0,67
2025-08-01 04:00:00,26.7,0.0,8.9,63
2025-08-01 05:00:00,26.2,0.0,8.9,58
2025-08-01 06:00:00,26.1,0.0,9.1,60
2025-08-01 07:00:00,27.4,0.0,8.5,63
2025-08-01 08:00:00,29.2,0.0,7.8,82
2025-08-01 09:00:00,30.8,0.0,7.3,113
2025-08-01 10:00:00,31.8,0.0,6.5,138
2025-08-01 11:00:00,32.3,0.0,6.7,156
2025-08-01 12:00:00,32.8,0.0,8.3,167
2025-08-01 13:00:00,32.8,0.0,10.3,173
2025-08-01 14:00:00,32.9,0.0,10.6,195
2025-08-01 15:00:00,33.2,0.0,12.6,205
2025-08-01 16:00:00,33.1,0.0,10.3,202
2025-08-01 17:00:00,33.0,0.0,4.8,217
2025-08-01 18:00:00,32.5,0.0,6.2,311
2025-08-01 19:00:00,31.5,0.0,11.4,353
2025-08-01 20:00:00,30.1,0.0,11.9,11
2025-08-01 21:00:00,29.2,0.0,10.2,17
2025-08-01 22:00:00,27.9,0.0,7.6,360
2025-08-01 23:00:00,27.2,0.0,5.5,328
2025-08-02 00:00:00,26.8,0.0,6.4,299
2025-08-02 01:00:00,26.4,0.0,8.4,304
2025-08-02 02:00:00,25.9,0.0,10.3,314
2025-08-02 03:00:00,25.9,0.0,11.8,343
2025-08-02 04:00:00,25.9,0.0,9.7,349
2025-08-02 05:00:00,25.8,0.0,6.5,332
2025-08-02 06:00:00,25.8,0.0,6.0,314
2025-08-02 07:00:00,27.1,0.0,7.7,309
2025-08-02 08:00:00,29.0,0.0,9.4,317
2025-08-02 09:00:00,31.1,0.0,8.7,330
2025-08-02 10:00:00,32.8,0.0,6.7,284
2025-08-02 11:00:00,34.2,0.0,7.4,271
2025-08-02 12:00:00,35.1,0.0,9.4,266
2025-08-02 13:00:00,35.2,0.0,11.3,268
2025-08-02 14:00:00,35.3,0.0,11.9,275
2025-08-02 15:00:00,35.5,0.0,11.4,288
2025-08-02 16:00:00,35.2,0.0,11.1,312
2025-08-02 17:00:00,33.7,0.0,12.2,336
2025-08-02 18:00:00,32.0,0.0,11.6,342
2025-08-02 19:00:00,30.0,0.0,11.1,340
2025-08-02 20:00:00,28.5,0.0,8.7,333
2025-08-02 21:00:00,27.9,0.0,8.2,308
2025-08-02 22:00:00,27.8,0.0,7.6,292
2025-08-02 23:00:00,27.4,0.0,8.7,283
2025-08-03 00:00:00,26.9,0.0,9.5,284
2025-08-03 01:00:00,26.4,0.0,9.3,286
2025-08-03 02:00:00,25.9,0.0,8.5,283
2025-08-03 03:00:00,25.5,0.0,10.3,285
2025-08-03 04:00:00,25.1,0.0,11.0,293
2025-08-03 05:00:00,25.0,0.0,9.9,305
2025-08-03 06:00:00,25.0,0.0,8.4,304
2025-08-03 07:00:00,26.4,0.0,6.7,294
2025-08-03 08:00:00,28.1,0.0,5.2,286
2025-08-03 09:00:00,29.8,0.0,5.4,256
2025-08-03 10:00:00,30.6,0.0,9.4,257
2025-08-03 11:00:00,31.9,0.0,8.6,231
2025-08-03 12:00:00,32.7,0.0,9.5,216
2025-08-03 13:00:00,33.6,0.0,6.8,215
2025-08-03 14:00:00,34.6,0.0,5.3,198
2025-08-03 15:00:00,35.0,0.0,9.1,240
2025-08-03 16:00:00,34.3,0.0,12.9,249
2025-08-03 17:00:00,33.5,0.0,12.3,249
2025-08-03 18:00:00,33.0,0.0,11.8,258
2025-08-03 19:00:00,31.8,0.0,11.2,267
2025-08-03 20:00:00,30.9,0.0,8.3,270
2025-08-03 21:00:00,30.2,0.0,8.3,269
2025-08-03 22:00:00,30.0,0.0,5.2,282
2025-08-03 23:00:00,29.3,0.0,2.8,285
2025-08-04 00:00:00,28.6,0.0,1.2,51
2025-08-04 01:00:00,28.0,0.0,2.8,165
2025-08-04 02:00:00,28.0,0.0,6.5,186
2025-08-04 03:00:00,27.9,0.0,4.0,183
2025-08-04 04:00:00,28.1,0.0,8.5,126
2025-08-04 05:00:00,27.9,0.0,9.6,139
2025-08-04 06:00:00,28.3,0.0,11.9,151
2025-08-04 07:00:00,29.0,0.0,14.9,148
2025-08-04 08:00:00,29.8,0.1,15.2,153
2025-08-04 09:00:00,28.2,2.0,12.8,165
2025-08-04 10:00:00,27.0,0.3,14.4,162
2025-08-04 11:00:00,27.8,0.3,13.6,163
2025-08-04 12:00:00,29.5,0.1,11.8,157
2025-08-04 13:00:00,30.2,0.2,15.1,181
2025-08-04 14:00:00,30.6,0.0,11.2,182
2025-08-04 15:00:00,31.5,0.0,10.0,163
2025-08-04 16:00:00,28.5,2.7,12.3,124
2025-08-04 17:00:00,28.4,0.2,12.3,98
2025-08-04 18:00:00,28.0,0.2,11.4,101
2025-08-04 19:00:00,28.2,0.1,9.4,113
2025-08-04 20:00:00,28.6,0.0,9.0,164
2025-08-04 21:00:00,28.5,0.0,6.5,156
2025-08-04 22:00:00,28.5,0.0,5.8,124
2025-08-04 23:00:00,28.5,0.0,4.4,125
2025-08-05 00:00:00,28.8,0.0,8.4,161
2025-08-05 01:00:00,28.8,0.0,10.6,171
2025-08-05 02:00:00,28.8,0.0,9.0,180
2025-08-05 03:00:00,28.7,0.0,9.0,167
2025-08-05 04:00:00,28.4,0.0,6.8,162
2025-08-05 05:00:00,28.2,0.0,8.3,166
2025-08-05 06:00:00,28.4,0.0,9.5,194
2025-08-05 07:00:00,29.1,0.0,8.2,203
2025-08-05 08:00:00,29.8,0.0,8.1,215
2025-08-05 09:00:00,30.6,0.0,7.5,207
2025-08-05 10:00:00,31.7,0.0,7.6,194
2025-08-05 11:00:00,32.7,0.0,8.8,181
2025-08-05 12:00:00,33.5,0.1,9.2,200
2025-08-05 13:00:00,34.1,0.0,8.6,200
2025-08-05 14:00:00,33.8,0.1,8.3,210
2025-08-05 15:00:00,33.2,0.1,4.0,260
2025-08-05 16:00:00,33.1,0.2,11.2,274
2025-08-05 17:00:00,30.6,0.9,9.9,285
2025-08-05 18:00:00,30.9,0.0,12.0,282
2025-08-05 19:00:00,30.7,0.0,13.7,286
2025-08-05 20:00:00,30.0,0.0,13.6,288
2025-08-05 21:00:00,29.4,0.0,12.1,293
2025-08-05 22:00:00,29.2,0.0,8.5,275
2025-08-05 23:00:00,28.4,0.0,3.1,239
2025-08-06 00:00:00,28.3,0.0,1.1,189
2025-08-06 01:00:00,28.1,0.0,0.6,162
2025-08-06 02:00:00,28.0,0.0,1.2,207
2025-08-06 03:00:00,27.6,0.0,3.6,221
2025-08-06 04:00:00,27.8,0.0,4.6,222
2025-08-06 05:00:00,27.4,0.0,3.6,243
2025-08-06 06:00:00,28.0,0.0,6.3,250
2025-08-06 07:00:00,28.9,0.0,12.0,223
2025-08-06 08:00:00,29.4,0.0,16.2,220
2025-08-06 09:00:00,30.4,0.0,18.2,219
2025-08-06 10:00:00,31.6,0.0,12.8,219
2025-08-06 11:00:00,33.0,0.1,14.6,238
2025-08-06 12:00:00,34.2,0.0,14.6,238
2025-08-06 13:00:00,32.5,0.8,13.8,244
2025-08-06 14:00:00,34.0,0.1,16.5,229
2025-08-06 15:00:00,34.0,0.1,17.8,227
2025-08-06 16:00:00,34.3,0.0,20.8,230
2025-08-06 17:00:00,33.4,0.0,18.4,233
2025-08-06 18:00:00,32.5,0.0,18.1,238
2025-08-06 19:00:00,31.6,0.0,18.8,225
2025-08-06 20:00:00,30.9,0.0,18.2,226
2025-08-06 21:00:00,30.2,0.0,18.8,223
2025-08-06 22:00:00,30.0,0.0,20.6,216
2025-08-06 23:00:00,29.4,0.0,19.0,222
2025-08-07 00:00:00,29.4,0.0,19.7,233
2025-08-07 01:00:00,28.6,0.2,19.7,242
2025-08-07 02:00:00,26.9,2.5,17.7,258
2025-08-07 03:00:00,26.1,7.5,19.1,262
2025-08-07 04:00:00,26.5,6.4,23.1,256
2025-08-07 05:00:00,25.8,2.7,20.4,254
2025-08-07 06:00:00,26.0,4.8,23.5,254
2025-08-07 07:00:00,26.2,1.0,24.5,251
2025-08-07 08:00:00,26.1,0.3,21.3,256
2025-08-07 09:00:00,26.7,0.3,21.8,257
2025-08-07 10:00:00,26.9,3.0,16.8,279
2025-08-07 11:00:00,27.7,0.4,14.2,283
2025-08-07 12:00:00,29.1,0.0,9.3,257
2025-08-07 13:00:00,30.0,0.1,11.4,237
2025-08-07 14:00:00,30.3,0.0,11.3,277
2025-08-07 15:00:00,31.0,0.0,16.7,271
2025-08-07 16:00:00,29.7,0.0,16.5,281
2025-08-07 17:00:00,29.0,0.0,14.9,281
2025-08-07 18:00:00,29.4,0.0,17.8,262
2025-08-07 19:00:00,28.8,0.1,17.8,262
2025-08-07 20:00:00,28.3,0.3,19.8,263
2025-08-07 21:00:00,27.9,0.1,21.2,257
2025-08-07 22:00:00,28.2,0.0,13.1,270
2025-08-07 23:00:00,26.8,0.3,13.1,293
2025-08-08 00:00:00,26.8,0.1,5.4,300
2025-08-08 01:00:00,25.5,0.8,11.8,313
2025-08-08 02:00:00,24.3,1.2,12.5,298
2025-08-08 03:00:00,24.8,1.0,8.3,268
2025-08-08 04:00:00,25.5,0.0,7.5,278
2025-08-08 05:00:00,25.8,0.4,8.9,257
2025-08-08 06:00:00,25.8,0.4,12.4,249
2025-08-08 07:00:00,26.5,0.3,13.6,252
2025-08-08 08:00:00,27.0,0.0,15.1,258
2025-08-08 09:00:00,27.4,0.2,15.4,253
2025-08-08 10:00:00,29.2,0.1,20.3,239
2025-08-08 11:00:00,29.4,0.1,20.7,240
2025-08-08 12:00:00,30.5,0.0,19.6,260
2025-08-08 13:00:00,30.9,0.0,22.2,274
2025-08-08 14:00:00,30.5,0.0,22.6,280
2025-08-08 15:00:00,30.1,0.0,20.7,284
2025-08-08 16:00:00,29.4,0.0,20.4,282
2025-08-08 17:00:00,28.5,0.0,17.8,288
2025-08-08 18:00:00,28.0,0.0,15.7,288
2025-08-08 19:00:00,27.5,0.0,16.4,266
2025-08-08 20:00:00,26.4,0.0,17.7,276
2025-08-08 21:00:00,25.6,0.3,12.2,253
2025-08-08 22:00:00,26.9,0.0,7.7,273
2025-08-08 23:00:00,26.4,0.0,7.3,300
2025-08-09 00:00:00,25.6,0.0,1.3,360
2025-08-09 01:00:00,26.0,0.0,1.8,323
2025-08-09 02:00:00,25.5,0.0,2.3,342
2025-08-09 03:00:00,25.4,0.0,0.6,146
2025-08-09 04:00:00,25.6,0.0,0.7,346
2025-08-09 05:00:00,25.6,0.0,0.5,90
2025-08-09 06:00:00,25.6,0.1,1.6,117
2025-08-09 07:00:00,26.8,0.0,2.7,148
2025-08-09 08:00:00,27.7,0.5,5.6,184
2025-08-09 09:00:00,27.9,0.0,8.2,199
2025-08-09 10:00:00,27.5,0.2,6.6,202
2025-08-09 11:00:00,27.0,0.6,11.0,206
2025-08-09 12:00:00,26.1,2.5,12.2,202
2025-08-09 13:00:00,25.9,0.2,17.1,226
2025-08-09 14:00:00,23.9,6.9,6.3,183
2025-08-09 15:00:00,23.8,4.3,4.0,108
2025-08-09 16:00:00,24.0,1.1,12.1,96
2025-08-09 17:00:00,24.7,0.3,17.3,105
2025-08-09 18:00:00,24.8,1.2,17.0,117
2025-08-09 19:00:00,25.5,0.6,12.3,128
2025-08-09 20:00:00,25.9,1.1,8.8,160
2025-08-09 21:00:00,26.1,1.1,10.8,183
2025-08-09 22:00:00,26.8,0.4,12.7,149
2025-08-09 23:00:00,26.5,0.5,8.4,155
2025-08-10 00:00:00,26.4,1.5,16.2,190
2025-08-10 01:00:00,25.7,3.4,12.0,217
2025-08-10 02:00:00,25.8,2.4,16.2,204
2025-08-10 03:00:00,25.6,3.5,13.6,223
2025-08-10 04:00:00,25.5,3.1,13.4,221
2025-08-10 05:00:00,25.7,2.5,14.4,227
2025-08-10 06:00:00,25.6,2.0,11.6,215
2025-08-10 07:00:00,25.8,1.8,10.6,227
2025-08-10 08:00:00,25.6,3.8,14.3,233
2025-08-10 09:00:00,26.6,2.6,17.0,212
2025-08-10 10:00:00,27.5,1.6,17.1,204
2025-08-10 11:00:00,27.5,3.0,17.3,203
2025-08-10 12:00:00,26.6,4.9,15.6,218
2025-08-10 13:00:00,26.5,4.1,19.6,212
2025-08-10 14:00:00,26.4,4.5,20.8,215
2025-08-10 15:00:00,26.4,3.5,15.3,205
2025-08-10 16:00:00,26.5,3.8,19.1,201
2025-08-10 17:00:00,26.8,4.1,22.4,212
2025-08-10 18:00:00,26.2,5.0,22.1,244
2025-08-10 19:00:00,26.2,3.8,27.8,253
2025-08-10 20:00:00,26.0,6.7,20.6,264
2025-08-10 21:00:00,26.0,11.0,16.7,270
2025-08-10 22:00:00,26.9,0.0,11.9,239
2025-08-10 23:00:00,27.0,0.0,13.0,237
2025-08-11 00:00:00,26.9,0.0,12.5,266
2025-08-11 01:00:00,26.5,0.0,14.4,270
2025-08-11 02:00:00,26.5,0.0,17.8,254
2025-08-11 03:00:00,26.5,0.1,15.0,264
2025-08-11 04:00:00,26.1,0.0,12.8,253
2025-08-11 05:00:00,25.5,2.7,7.8,266
2025-08-11 06:00:00,25.5,2.5,7.5,255
2025-08-11 07:00:00,25.3,3.1,7.4,267
2025-08-11 08:00:00,25.8,2.1,6.5,257
2025-08-11 09:00:00,26.0,2.7,7.5,280
2025-08-11 10:00:00,25.8,13.7,11.8,236
2025-08-11 11:00:00,26.4,3.2,13.0,250
2025-08-11 12:00:00,27.4,0.7,15.0,260
2025-08-11 13:00:00,27.4,2.3,9.0,254
2025-08-11 14:00:00,26.8,5.1,6.1,220
2025-08-11 15:00:00,26.4,3.9,11.1,253
2025-08-11 16:00:00,25.9,4.1,4.4,258
2025-08-11 17:00:00,25.1,2.8,2.1,195
2025-08-11 18:00:00,24.9,2.6,3.3,112
2025-08-11 19:00:00,24.8,1.6,4.5,40
2025-08-11 20:00:00,24.9,1.2,9.6,86
2025-08-11 21:00:00,25.9,0.0,10.4,105
2025-08-11 22:00:00,27.5,0.0,12.7,155
2025-08-11 23:00:00,27.6,0.0,7.9,177
2025-08-12 00:00:00,27.5,0.0,10.1,178
2025-08-12 01:00:00,27.5,0.0,9.8,175
2025-08-12 02:00:00,27.5,0.2,10.6,198
2025-08-12 03:00:00,27.5,0.1,11.8,200
2025-08-12 04:00:00,27.6,0.0,11.7,193
2025-08-12 05:00:00,27.3,0.1,13.9,214
2025-08-12 06:00:00,27.4,0.0,15.3,221
2025-08-12 07:00:00,27.4,0.1,16.7,233
2025-08-12 08:00:00,27.5,0.0,15.3,236
2025-08-12 09:00:00,28.3,0.0,12.7,237
2025-08-12 10:00:00,27.5,3.2,12.4,251
2025-08-12 11:00:00,28.3,0.2,3.8,225
2025-08-12 12:00:00,26.8,2.4,1.9,22
2025-08-12 13:00:00,27.8,0.2,7.1,319
2025-08-12 14:00:00,27.1,0.3,8.3,346
2025-08-12 15:00:00,29.0,0.0,4.9,327
2025-08-12 16:00:00,29.0,0.1,1.5,291
2025-08-12 17:00:00,29.0,0.1,1.7,252
2025-08-12 18:00:00,26.4,1.6,15.1,273
2025-08-12 19:00:00,25.4,0.8,1.8,315
2025-08-12 20:00:00,25.2,0.0,3.6,45
2025-08-12 21:00:00,25.4,0.0,6.2,75
2025-08-12 22:00:00,26.1,0.0,6.7,36
2025-08-12 23:00:00,26.1,0.0,3.5,51
2025-08-13 00:00:00,26.4,0.0,3.7,67
2025-08-13 01:00:00,26.4,0.0,4.8,77
2025-08-13 02:00:00,26.4,0.0,5.9,50
2025-08-13 03:00:00,26.1,0.0,6.0,44
2025-08-13 04:00:00,25.9,0.0,5.5,41
2025-08-13 05:00:00,25.6,0.0,5.4,37
2025-08-13 06:00:00,25.5,0.0,7.0,40
2025-08-13 07:00:00,26.8,0.0,6.9,49
2025-08-13 08:00:00,28.3,0.0,4.9,92
2025-08-13 09:00:00,29.1,0.1,6.9,135
2025-08-13 10:00:00,29.6,0.5,7.5,140
2025-08-13 11:00:00,30.4,0.2,4.4,148
2025-08-13 12:00:00,31.0,0.1,5.3,147
2025-08-13 13:00:00,31.5,0.0,5.9,142
2025-08-13 14:00:00,31.7,0.0,4.7,152
2025-08-13 15:00:00,31.5,0.0,3.6,177
2025-08-13 16:00:00,31.2,0.0,4.8,225
2025-08-13 17:00:00,30.6,0.0,3.4,254
2025-08-13 18:00:00,30.1,0.0,2.3,328
2025-08-13 19:00:00,28.7,0.0,1.9,292
2025-08-13 20:00:00,28.0,0.0,1.5,306
2025-08-13 21:00:00,27.6,0.0,0.6,34
2025-08-13 22:00:00,27.2,0.0,2.4,351
2025-08-13 23:00:00,26.6,0.0,2.0,5
2025-08-14 00:00:00,26.1,0.0,0.9,37
2025-08-14 01:00:00,25.9,0.0,1.7,41
2025-08-14 02:00:00,25.8,0.0,1.9,61
2025-08-14 03:00:00,25.6,0.0,2.4,63
2025-08-14 04:00:00,25.9,0.0,3.3,29
2025-08-14 05:00:00,25.6,0.0,4.0,36
2025-08-14 06:00:00,25.5,0.0,3.6,41
2025-08-14 07:00:00,26.5,0.0,3.4,65
2025-08-14 08:00:00,27.7,0.0,3.4,90
2025-08-14 09:00:00,28.9,0.0,3.8,131
2025-08-14 10:00:00,30.1,0.0,4.8,214
2025-08-14 11:00:00,30.4,0.0,6.7,211
2025-08-14 12:00:00,30.7,0.0,7.5,207
2025-08-14 13:00:00,31.0,0.0,7.7,213
2025-08-14 14:00:00,31.5,0.0,8.6,234
2025-08-14 15:00:00,31.9,0.0,12.2,262
2025-08-14 16:00:00,31.5,0.0,13.1,283
2025-08-14 17:00:00,30.6,0.0,12.0,282
2025-08-14 18:00:00,29.2,0.0,11.5,273
2025-08-14 19:00:00,28.1,0.0,9.6,276
2025-08-14 20:00:00,27.5,0.0,7.3,280
2025-08-14 21:00:00,26.9,0.0,4.7,286
2025-08-14 22:00:00,27.4,0.0,6.1,317
2025-08-14 23:00:00,27.0,0.0,5.7,328
2025-08-15 00:00:00,26.5,0.0,3.3,331
2025-08-15 01:00:00,26.4,0.0,4.1,315
2025-08-15 02:00:00,25.9,0.8,5.2,319
2025-08-15 03:00:00,25.8,0.0,1.5,7
2025-08-15 04:00:00,25.8,0.0,3.9,336
2025-08-15 05:00:00,25.8,0.0,7.1,322
2025-08-15 06:00:00,26.0,0.0,6.0,321
2025-08-15 07:00:00,26.6,0.0,7.3,310
2025-08-15 08:00:00,27.9,0.0,7.4,293
2025-08-15 09:00:00,29.1,0.0,6.5,272
2025-08-15 10:00:00,30.2,0.1,7.8,257
2025-08-15 11:00:00,31.0,0.3,8.9,263
2025-08-15 12:00:00,31.6,0.3,11.0,270
2025-08-15 13:00:00,32.1,0.1,12.5,277
2025-08-15 14:00:00,32.2,0.0,13.2,281
2025-08-15 15:00:00,32.2,0.1,12.1,285
2025-08-15 16:00:00,32.1,0.0,10.0,290
2025-08-15 17:00:00,31.8,0.0,8.3,292
2025-08-15 18:00:00,30.5,0.0,8.4,293
2025-08-15 19:00:00,29.1,0.0,7.1,315
2025-08-15 20:00:00,28.0,0.0,6.1,328
2025-08-15 21:00:00,27.0,0.0,5.0,341
2025-08-15 22:00:00,26.6,0.0,4.0,333
2025-08-15 23:00:00,26.4,0.0,5.4,326
2025-08-16 00:00:00,26.0,0.0,5.2,335
2025-08-16 01:00:00,25.8,0.0,5.0,339
2025-08-16 02:00:00,25.5,0.0,5.4,330
2025-08-16 03:00:00,25.4,0.0,5.0,334
2025-08-16 04:00:00,25.0,0.0,3.9,332
2025-08-16 05:00:00,24.6,0.0,1.7,328
2025-08-16 06:00:00,24.6,0.0,1.8,354
2025-08-16 07:00:00,26.0,0.0,3.1,28
2025-08-16 08:00:00,27.5,0.0,1.9,68
2025-08-16 09:00:00,28.6,0.0,0.9,169
2025-08-16 10:00:00,29.8,0.0,2.5,184
2025-08-16 11:00:00,30.5,0.0,4.8,195
2025-08-16 12:00:00,31.1,0.0,7.0,201
2025-08-16 13:00:00,31.7,0.0,8.1,223
2025-08-16 14:00:00,32.4,0.0,9.6,242
2025-08-16 15:00:00,32.8,0.0,11.9,267
2025-08-16 16:00:00,32.5,0.0,11.8,278
2025-08-16 17:00:00,31.6,0.0,10.1,276
2025-08-16 18:00:00,30.5,0.0,9.5,285
2025-08-16 19:00:00,29.5,0.0,9.0,301
2025-08-16 20:00:00,28.5,0.0,7.0,325
2025-08-16 21:00:00,27.8,0.0,6.0,9
2025-08-16 22:00:00,27.0,0.0,2.9,330
2025-08-16 23:00:00,26.5,0.0,0.9,307
2025-08-17 00:00:00,26.0,0.0,2.1,340
2025-08-17 01:00:00,25.8,0.0,2.3,32
2025-08-17 02:00:00,25.5,0.0,3.3,45
2025-08-17 03:00:00,25.2,0.0,2.3,45
2025-08-17 04:00:00,25.1,0.0,2.4,36
2025-08-17 05:00:00,25.0,0.0,3.2,56
2025-08-17 06:00:00,25.5,0.0,3.9,62
2025-08-17 07:00:00,26.7,0.0,4.8,61
2025-08-17 08:00:00,28.0,0.0,1.9,68
2025-08-17 09:00:00,29.0,0.0,4.8,233
2025-08-17 10:00:00,30.2,0.1,8.0,236
2025-08-17 11:00:00,30.5,0.1,8.8,237
2025-08-17 12:00:00,31.2,0.0,8.6,250
2025-08-17 13:00:00,32.0,0.0,12.7,277
2025-08-17 14:00:00,32.4,0.0,15.7,283
2025-08-17 15:00:00,31.8,0.0,14.4,282
2025-08-17 16:00:00,31.0,0.0,13.2,275
2025-08-17 17:00:00,30.5,0.0,10.6,273
2025-08-17 18:00:00,29.5,0.0,8.8,281
2025-08-17 19:00:00,28.1,0.0,4.5,277
2025-08-17 20:00:00,27.3,0.0,1.4,270
2025-08-17 21:00:00,27.1,0.0,0.4,333
2025-08-17 22:00:00,26.2,0.0,4.4,339
2025-08-17 23:00:00,25.8,0.0,4.0,333
2025-08-18 00:00:00,25.9,0.0,5.3,336
2025-08-18 01:00:00,25.9,0.0,5.6,339
2025-08-18 02:00:00,25.8,0.0,5.2,340
2025-08-18 03:00:00,24.9,0.0,2.9,4
2025-08-18 04:00:00,24.5,0.0,3.1,360
2025-08-18 05:00:00,24.5,0.0,4.6,21
2025-08-18 06:00:00,24.4,0.0,4.2,40
2025-08-18 07:00:00,26.2,0.0,4.0,90
2025-08-18 08:00:00,28.0,0.0,3.6,162
2025-08-18 09:00:00,28.9,0.0,7.5,200
2025-08-18 10:00:00,29.6,0.0,5.4,206
2025-08-18 11:00:00,30.4,0.0,5.1,197
2025-08-18 12:00:00,31.1,0.0,6.8,212
2025-08-18 13:00:00,31.4,0.0,6.6,209
2025-08-18 14:00:00,32.2,0.0,7.2,219
2025-08-18 15:00:00,32.3,0.0,7.5,230
2025-08-18 16:00:00,32.2,0.0,9.8,226
2025-08-18 17:00:00,31.5,0.0,7.0,209
2025-08-18 18:00:00,30.2,0.0,6.9,185
2025-08-18 19:00:00,29.4,0.0,6.0,155
2025-08-18 20:00:00,28.9,0.0,7.1,135
2025-08-18 21:00:00,28.5,0.0,5.3,123
2025-08-18 22:00:00,28.3,0.0,4.5,320
2025-08-18 23:00:00,28.0,0.0,2.9,263
2025-08-19 00:00:00,27.8,0.0,8.3,270
2025-08-19 01:00:00,27.5,0.0,7.1,286
2025-08-19 02:00:00,27.0,0.0,4.0,291
2025-08-19 03:00:00,26.5,0.0,1.4,310
2025-08-19 04:00:00,26.2,0.0,0.8,333
2025-08-19 05:00:00,25.6,0.0,2.3,4
2025-08-19 06:00:00,25.6,0.0,4.2,50
2025-08-19 07:00:00,26.5,0.0,3.3,49
2025-08-19 08:00:00,27.8,0.0,0.9,169
2025-08-19 09:00:00,28.9,0.0,6.0,221
2025-08-19 10:00:00,30.2,0.0,7.1,195
2025-08-19 11:00:00,30.7,0.0,7.4,187
2025-08-19 12:00:00,31.1,0.0,7.2,181
2025-08-19 13:00:00,31.8,0.0,6.1,185
2025-08-19 14:00:00,32.2,0.0,5.7,204
2025-08-19 15:00:00,32.3,0.0,6.2,224
2025-08-19 16:00:00,31.5,0.0,8.4,239
2025-08-19 17:00:00,30.5,0.0,11.4,242
2025-08-19 18:00:00,29.9,0.0,7.8,232
2025-08-19 19:00:00,29.5,0.0,7.9,177
2025-08-19 20:00:00,29.3,0.0,6.0,153
2025-08-19 21:00:00,29.0,0.0,3.4,137
2025-08-19 22:00:00,29.4,0.0,2.3,315
2025-08-19 23:00:00,28.5,0.0,2.4,347
2025-08-20 00:00:00,28.1,0.2,5.2,268
2025-08-20 01:00:00,27.8,0.0,1.3,254
2025-08-20 02:00:00,27.1,0.0,1.8,53
2025-08-20 03:00:00,26.5,0.0,1.9,41
2025-08-20 04:00:00,26.1,0.0,2.3,32
2025-08-20 05:00:00,26.1,0.0,1.5,30
2025-08-20 06:00:00,26.0,0.3,1.2,39
2025-08-20 07:00:00,27.1,0.0,2.2,66
2025-08-20 08:00:00,28.2,0.0,0.6,18
2025-08-20 09:00:00,29.4,0.0,3.1,187
2025-08-20 10:00:00,30.8,0.0,6.4,172
2025-08-20 11:00:00,31.5,0.0,8.1,175
2025-08-20 12:00:00,31.8,0.0,12.1,165
2025-08-20 13:00:00,31.8,0.0,10.3,155
2025-08-20 14:00:00,32.3,0.0,12.3,146
2025-08-20 15:00:00,31.8,0.0,11.6,125
2025-08-20 16:00:00,30.8,0.3,11.8,154
2025-08-20 17:00:00,29.3,0.1,6.7,185
2025-08-20 18:00:00,29.2,0.0,4.7,164
2025-08-20 19:00:00,29.0,0.0,5.1,141
2025-08-20 20:00:00,28.8,0.0,6.0,123
2025-08-20 21:00:00,28.5,0.0,7.1,117
2025-08-20 22:00:00,27.9,0.0,9.7,88
2025-08-20 23:00:00,27.5,0.0,7.9,66
2025-08-21 00:00:00,27.1,0.0,8.5,42
2025-08-21 01:00:00,26.8,0.0,10.2,42
2025-08-21 02:00:00,26.5,0.0,11.6,47
2025-08-21 03:00:00,26.4,0.0,12.4,49
2025-08-21 04:00:00,26.4,0.0,12.0,51
2025-08-21 05:00:00,26.5,0.0,12.2,54
2025-08-21 06:00:00,26.4,0.0,12.3,58
2025-08-21 07:00:00,27.4,0.0,14.1,71
2025-08-21 08:00:00,28.6,0.0,15.2,94
2025-08-21 09:00:00,29.2,0.0,15.8,107
2025-08-21 10:00:00,30.0,0.1,16.8,115
2025-08-21 11:00:00,30.0,0.0,19.0,102
2025-08-21 12:00:00,30.2,0.0,20.6,102
2025-08-21 13:00:00,30.2,0.0,20.1,96
2025-08-21 14:00:00,30.5,0.0,20.7,103
2025-08-21 15:00:00,30.4,0.0,21.2,103
2025-08-21 16:00:00,30.0,0.0,20.1,100
2025-08-21 17:00:00,29.6,0.0,19.5,96
2025-08-21 18:00:00,29.5,0.0,17.1,94
2025-08-21 19:00:00,28.8,0.0,18.4,94
2025-08-21 20:00:00,28.4,0.0,18.6,95
2025-08-21 21:00:00,28.3,0.0,19.8,91
2025-08-21 22:00:00,28.7,0.0,19.4,113
2025-08-21 23:00:00,28.1,0.0,19.9,119
2025-08-22 00:00:00,28.0,0.0,21.3,126
2025-08-22 01:00:00,27.5,0.0,18.5,124
2025-08-22 02:00:00,27.1,0.0,16.9,123
2025-08-22 03:00:00,27.0,0.0,14.2,112
2025-08-22 04:00:00,27.0,0.0,13.3,106
2025-08-22 05:00:00,26.9,0.0,11.1,98
2025-08-22 06:00:00,26.9,0.0,11.7,105
2025-08-22 07:00:00,27.5,0.0,11.7,115
2025-08-22 08:00:00,28.3,0.0,12.7,126
2025-08-22 09:00:00,29.0,0.1,12.4,137
2025-08-22 10:00:00,30.0,0.0,14.4,124
2025-08-22 11:00:00,30.6,0.0,14.1,127
2025-08-22 12:00:00,31.2,0.0,12.4,132
2025-08-22 13:00:00,31.5,0.0,12.3,140
2025-08-22 14:00:00,31.6,0.0,12.7,144
2025-08-22 15:00:00,31.6,0.0,11.2,145
2025-08-22 16:00:00,31.5,0.0,7.5,153
2025-08-22 17:00:00,31.0,0.0,4.0,183
2025-08-22 18:00:00,30.5,0.0,3.7,231
2025-08-22 19:00:00,30.2,0.0,6.9,265
2025-08-22 20:00:00,29.9,0.0,8.8,282
2025-08-22 21:00:00,29.3,0.0,8.9,297
2025-08-22 22:00:00,28.8,0.0,4.7,317
2025-08-22 23:00:00,28.2,0.0,2.6,321
2025-08-23 00:00:00,27.9,0.0,3.2,304
2025-08-23 01:00:00,27.7,0.0,5.8,290
2025-08-23 02:00:00,27.6,0.0,9.1,285
2025-08-23 03:00:00,27.5,0.0,9.6,273
2025-08-23 04:00:00,27.5,0.1,10.1,268
2025-08-23 05:00:00,27.4,0.1,10.3,268
2025-08-23 06:00:00,27.4,0.0,10.1,270
2025-08-23 07:00:00,28.0,0.0,10.3,263
2025-08-23 08:00:00,28.8,0.0,12.1,265
2025-08-23 09:00:00,29.6,0.0,11.7,273
2025-08-23 10:00:00,30.5,0.1,13.7,279
2025-08-23 11:00:00,31.5,0.1,13.6,277
2025-08-23 12:00:00,32.0,0.1,13.6,278
2025-08-23 13:00:00,32.2,0.0,13.7,279
2025-08-23 14:00:00,32.3,0.0,15.8,289
2025-08-23 15:00:00,32.3,0.0,16.2,294
2025-08-23 16:00:00,32.0,0.0,14.3,295
2025-08-23 17:00:00,31.4,0.0,13.6,298
2025-08-23 18:00:00,30.5,0.0,12.6,297
2025-08-23 19:00:00,29.6,0.0,10.7,303
2025-08-23 20:00:00,29.0,0.0,8.0,312
2025-08-23 21:00:00,28.8,0.0,6.3,301
2025-08-23 22:00:00,28.7,0.0,5.9,310
2025-08-23 23:00:00,28.6,0.0,5.9,305
2025-08-24 00:00:00,28.2,0.0,4.8,301
2025-08-24 01:00:00,28.2,0.0,6.2,278
2025-08-24 02:00:00,28.0,0.0,4.9,268
2025-08-24 03:00:00,27.6,0.0,3.3,276
2025-08-24 04:00:00,27.1,0.0,2.8,320
2025-08-24 05:00:00,26.8,0.0,3.8,341
2025-08-24 06:00:00,26.7,0.0,4.0,342
2025-08-24 07:00:00,28.0,0.0,3.4,313
2025-08-24 08:00:00,29.4,0.0,6.5,267
2025-08-24 09:00:00,30.2,0.0,7.1,240
2025-08-24 10:00:00,31.4,0.0,9.2,250
2025-08-24 11:00:00,32.2,0.0,9.8,257
2025-08-24 12:00:00,32.8,0.0,13.4,265
2025-08-24 13:00:00,33.5,0.0,15.6,277
2025-08-24 14:00:00,33.5,0.0,14.1,284
2025-08-24 15:00:00,33.1,0.0,14.5,281
2025-08-24 16:00:00,32.6,0.0,14.0,277
2025-08-24 17:00:00,31.9,0.0,13.0,280
2025-08-24 18:00:00,31.0,0.0,12.3,284
2025-08-24 19:00:00,30.2,0.0,11.7,284
2025-08-24 20:00:00,29.5,0.0,10.5,303
2025-08-24 21:00:00,29.0,0.0,8.8,321
2025-08-24 22:00:00,28.5,0.0,7.5,307
2025-08-24 23:00:00,28.4,0.0,8.4,301
2025-08-25 00:00:00,28.2,0.0,7.6,298
2025-08-25 01:00:00,27.9,0.0,6.5,294
2025-08-25 02:00:00,27.6,0.0,5.0,305
2025-08-25 03:00:00,27.2,0.0,4.0,333
2025-08-25 04:00:00,26.8,0.0,3.8,352
2025-08-25 05:00:00,26.5,0.0,3.0,327
2025-08-25 06:00:00,26.5,0.0,2.2,346
2025-08-25 07:00:00,28.0,0.0,1.6,333
2025-08-25 08:00:00,29.2,0.0,3.9,257
2025-08-25 09:00:00,30.1,0.0,4.5,230
2025-08-25 10:00:00,31.5,0.0,6.5,231
2025-08-25 11:00:00,32.2,0.0,6.9,219
2025-08-25 12:00:00,32.8,0.0,8.7,214
2025-08-25 13:00:00,33.0,0.0,9.3,217
2025-08-25 14:00:00,32.9,0.0,11.3,248
2025-08-25 15:00:00,32.8,0.0,14.8,261
2025-08-25 16:00:00,32.5,0.0,14.4,270
2025-08-25 17:00:00,31.4,0.0,14.0,257
2025-08-25 18:00:00,30.5,0.0,8.5,242
2025-08-25 19:00:00,30.0,0.0,6.4,202
2025-08-25 20:00:00,29.5,0.0,7.4,179
2025-08-25 21:00:00,29.1,0.0,6.6,189
2025-08-25 22:00:00,29.5,0.0,4.0,207
2025-08-25 23:00:00,29.2,0.0,5.2,221
2025-08-26 00:00:00,29.0,0.0,6.4,218
2025-08-26 01:00:00,28.7,0.0,6.2,216
2025-08-26 02:00:00,28.5,0.0,5.9,218
2025-08-26 03:00:00,28.3,0.0,5.7,212
2025-08-26 04:00:00,28.0,0.0,5.0,224
2025-08-26 05:00:00,27.7,0.0,4.0,243
2025-08-26 06:00:00,27.4,0.0,3.2,243
2025-08-26 07:00:00,28.5,0.0,5.2,236
2025-08-26 08:00:00,29.1,0.0,7.6,225
2025-08-26 09:00:00,29.8,0.1,8.7,223
2025-08-26 10:00:00,31.0,0.0,8.6,202
2025-08-26 11:00:00,31.8,0.0,8.4,189
2025-08-26 12:00:00,32.1,0.0,9.1,219
2025-08-26 13:00:00,30.9,1.9,5.7,215
2025-08-26 14:00:00,32.0,0.0,6.9,195
2025-08-26 15:00:00,32.3,0.0,6.1,182
2025-08-26 16:00:00,32.0,0.0,7.5,204
2025-08-26 17:00:00,31.5,0.0,6.6,196
2025-08-26 18:00:00,31.2,0.0,6.9,200
2025-08-26 19:00:00,30.9,0.0,4.2,223
2025-08-26 20:00:00,30.2,0.0,1.1,189
2025-08-26 21:00:00,29.6,0.0,1.5,346
2025-08-26 22:00:00,27.9,1.1,3.3,347
2025-08-26 23:00:00,27.4,1.6,4.6,11
2025-08-27 00:00:00,26.2,1.3,2.1,70
2025-08-27 01:00:00,26.1,0.0,3.1,21
2025-08-27 02:00:00,26.0,0.0,2.2,48
2025-08-27 03:00:00,25.8,0.4,6.9,265
2025-08-27 04:00:00,25.5,0.2,8.5,269
2025-08-27 05:00:00,25.2,0.2,9.3,304
2025-08-27 06:00:00,25.3,0.0,5.2,268
2025-08-27 07:00:00,25.8,0.0,4.0,8
2025-08-27 08:00:00,26.7,0.0,2.1,232
2025-08-27 09:00:00,28.5,0.0,6.7,234
2025-08-27 10:00:00,27.0,0.1,6.3,297
2025-08-27 11:00:00,29.2,0.1,6.9,298
2025-08-27 12:00:00,31.0,0.0,7.4,274
2025-08-27 13:00:00,31.2,0.0,11.7,272
2025-08-27 14:00:00,30.7,0.1,14.2,290
2025-08-27 15:00:00,30.5,0.1,15.3,282
2025-08-27 16:00:00,29.0,1.8,14.8,284
2025-08-27 17:00:00,28.0,2.5,11.9,265
2025-08-27 18:00:00,27.1,0.8,6.7,294
2025-08-27 19:00:00,26.6,0.7,6.2,248
2025-08-27 20:00:00,26.6,0.1,0.8,225
2025-08-27 21:00:00,26.2,0.1,1.8,246
2025-08-27 22:00:00,26.8,0.0,5.8,300
2025-08-27 23:00:00,26.3,0.0,6.1,330
2025-08-28 00:00:00,26.0,0.0,5.5,316
2025-08-28 01:00:00,25.6,0.0,7.3,324
2025-08-28 02:00:00,25.5,0.0,5.9,322
2025-08-28 03:00:00,25.4,0.0,6.0,333
2025-08-28 04:00:00,25.1,0.0,4.8,338
2025-08-28 05:00:00,24.9,0.0,4.3,2
2025-08-28 06:00:00,24.8,0.0,5.1,17
2025-08-28 07:00:00,25.5,0.0,4.6,18
2025-08-28 08:00:00,27.4,0.0,2.4,17
2025-08-28 09:00:00,28.8,0.0,2.2,325
2025-08-28 10:00:00,30.3,0.0,2.5,249
2025-08-28 11:00:00,31.1,0.0,5.4,233
2025-08-28 12:00:00,31.7,0.0,6.5,231
2025-08-28 13:00:00,32.2,0.0,8.3,224
2025-08-28 14:00:00,32.3,0.0,8.3,240
2025-08-28 15:00:00,32.5,0.0,9.0,255
2025-08-28 16:00:00,32.3,0.0,10.2,260
2025-08-28 17:00:00,31.8,0.0,12.6,273
2025-08-28 18:00:00,30.5,0.0,11.5,299
2025-08-28 19:00:00,29.2,0.0,9.7,331
2025-08-28 20:00:00,28.0,0.0,7.9,343
2025-08-28 21:00:00,27.0,0.0,3.8,341
2025-08-28 22:00:00,26.6,0.0,5.2,344
2025-08-28 23:00:00,25.7,0.0,3.0,295
2025-08-29 00:00:00,25.2,0.0,2.3,309
2025-08-29 01:00:00,24.9,0.0,1.8,349
2025-08-29 02:00:00,25.0,0.0,1.8,6
2025-08-29 03:00:00,25.0,0.0,1.5,36
2025-08-29 04:00:00,25.1,0.0,2.8,27
2025-08-29 05:00:00,24.9,0.0,4.3,33
2025-08-29 06:00:00,24.7,0.0,4.6,39
2025-08-29 07:00:00,26.2,0.0,5.6,68
2025-08-29 08:00:00,28.0,0.0,4.7,97
2025-08-29 09:00:00,29.2,0.0,4.1,151
2025-08-29 10:00:00,30.1,0.0,6.8,205
2025-08-29 11:00:00,30.5,0.0,7.7,205
2025-08-29 12:00:00,31.3,0.0,5.2,226
2025-08-29 13:00:00,32.2,0.0,6.1,240
2025-08-29 14:00:00,32.8,0.0,8.3,231
2025-08-29 15:00:00,32.8,0.0,8.3,250
2025-08-29 16:00:00,32.7,0.0,7.1,240
2025-08-29 17:00:00,32.2,0.0,6.5,228
2025-08-29 18:00:00,31.0,0.0,6.4,227
2025-08-29 19:00:00,29.5,0.0,3.5,235
2025-08-29 20:00:00,28.6,0.0,2.7,332
2025-08-29 21:00:00,28.0,0.0,5.1,8
2025-08-29 22:00:00,28.0,0.0,4.2,329
2025-08-29 23:00:00,27.5,0.0,5.6,335
2025-08-30 00:00:00,26.9,0.0,3.1,24
2025-08-30 01:00:00,26.5,0.0,4.9,33
2025-08-30 02:00:00,26.1,0.0,3.1,36
2025-08-30 03:00:00,26.0,0.0,3.2,56
2025-08-30 04:00:00,26.0,0.0,4.4,69
2025-08-30 05:00:00,26.0,0.0,4.0,51
2025-08-30 06:00:00,25.5,0.0,2.6,65
2025-08-30 07:00:00,26.8,0.0,4.3,62
2025-08-30 08:00:00,28.4,0.0,3.3,96
2025-08-30 09:00:00,29.6,0.0,4.1,157
2025-08-30 10:00:00,31.0,0.0,4.1,178
2025-08-30 11:00:00,31.5,0.0,6.9,189
2025-08-30 12:00:00,31.8,0.0,8.5,186
2025-08-30 13:00:00,32.1,0.0,8.6,192
2025-08-30 14:00:00,32.7,0.0,5.7,193
2025-08-30 15:00:00,32.8,0.0,9.2,197
2025-08-30 16:00:00,32.2,0.0,8.0,208
2025-08-30 17:00:00,31.8,0.0,6.9,240
2025-08-30 18:00:00,31.1,0.0,4.3,253
2025-08-30 19:00:00,30.3,0.0,1.8,264
2025-08-30 20:00:00,29.5,0.0,0.7,256
2025-08-30 21:00:00,29.0,0.0,0.4,117
2025-08-30 22:00:00,29.0,0.0,4.7,261
2025-08-30 23:00:00,28.7,0.0,2.9,270
2025-08-31 00:00:00,28.2,0.0,2.2,318
2025-08-31 01:00:00,27.6,0.0,2.3,39
2025-08-31 02:00:00,27.4,0.0,2.5,60
2025-08-31 03:00:00,27.1,0.0,2.8,45
2025-08-31 04:00:00,27.0,0.0,4.6,42
2025-08-31 05:00:00,26.6,0.0,5.9,52
2025-08-31 06:00:00,26.4,0.0,6.5,56
2025-08-31 07:00:00,27.3,0.0,8.4,67
2025-08-31 08:00:00,28.9,0.0,6.7,90
2025-08-31 09:00:00,29.9,0.1,6.0,127
2025-08-31 10:00:00,30.6,0.1,9.1,144
2025-08-31 11:00:00,31.0,0.3,11.7,143
2025-08-31 12:00:00,31.5,0.3,10.3,145
2025-08-31 13:00:00,32.2,0.0,7.0,130
2025-08-31 14:00:00,32.3,0.1,7.6,146
2025-08-31 15:00:00,28.0,11.5,14.4,212
2025-08-31 16:00:00,26.9,3.2,0.6,146
2025-08-31 17:00:00,27.1,0.1,3.8,73
2025-08-31 18:00:00,27.0,0.0,5.1,96
2025-08-31 19:00:00,26.9,0.0,4.1,105
2025-08-31 20:00:00,26.8,0.0,5.6,83
2025-08-31 21:00:00,26.9,0.0,7.9,86
2025-08-31 22:00:00,28.5,0.0,7.4,116
2025-08-31 23:00:00,28.6,0.0,8.7,112
2025-09-01 00:00:00,26.5,4.3,16.9,230
2025-09-01 01:00:00,25.5,3.2,5.4,222
2025-09-01 02:00:00,26.0,0.1,2.0,180
2025-09-01 03:00:00,26.6,0.0,4.9,216
2025-09-01 04:00:00,26.9,0.0,5.7,198
2025-09-01 05:00:00,26.1,0.0,3.3,135
2025-09-01 06:00:00,26.2,0.0,5.5,122
2025-09-01 07:00:00,26.9,0.0,9.6,113
2025-09-01 08:00:00,27.9,0.3,11.2,112
2025-09-01 09:00:00,29.1,0.1,11.3,127
2025-09-01 10:00:00,30.5,0.1,11.0,148
2025-09-01 11:00:00,31.2,0.1,13.2,128
2025-09-01 12:00:00,32.2,0.1,11.9,149
2025-09-01 13:00:00,31.9,0.2,7.5,191
2025-09-01 14:00:00,30.4,4.5,6.6,127
2025-09-01 15:00:00,31.2,0.0,8.7,138
2025-09-01 16:00:00,30.8,0.0,12.3,146
2025-09-01 17:00:00,30.2,0.0,9.5,155
2025-09-01 18:00:00,29.8,0.0,5.4,132
2025-09-01 19:00:00,29.0,0.0,5.0,145
2025-09-01 20:00:00,28.9,0.0,4.0,162
2025-09-01 21:00:00,28.8,0.0,3.8,180
2025-09-01 22:00:00,28.9,0.1,4.0,85
2025-09-01 23:00:00,28.0,0.0,8.5,72
2025-09-02 00:00:00,26.9,0.8,6.1,114
2025-09-02 01:00:00,26.2,0.2,15.2,106
2025-09-02 02:00:00,25.8,0.0,10.5,110
2025-09-02 03:00:00,26.1,0.0,8.0,115
2025-09-02 04:00:00,25.6,0.0,3.6,60
2025-09-02 05:00:00,25.9,0.0,4.8,63
2025-09-02 06:00:00,25.3,0.0,2.7,90
2025-09-02 07:00:00,26.6,0.0,0.4,333
2025-09-02 08:00:00,27.6,0.1,1.5,201
2025-09-02 09:00:00,29.2,0.0,9.8,194
2025-09-02 10:00:00,29.6,0.0,7.7,211
2025-09-02 11:00:00,30.2,0.0,7.3,216
2025-09-02 12:00:00,30.5,0.0,5.4,214
2025-09-02 13:00:00,30.6,0.0,3.1,170
2025-09-02 14:00:00,31.2,0.0,1.3,214
2025-09-02 15:00:00,31.8,0.0,5.3,308
2025-09-02 16:00:00,32.3,0.0,9.7,309
2025-09-02 17:00:00,31.5,0.0,9.9,295
2025-09-02 18:00:00,30.5,0.0,8.8,296
2025-09-02 19:00:00,29.8,0.0,6.3,301
2025-09-02 20:00:00,29.1,0.0,2.5,300
2025-09-02 21:00:00,28.3,0.0,2.1,285
2025-09-02 22:00:00,27.7,0.0,6.7,3
2025-09-02 23:00:00,27.0,0.0,7.8,5
2025-09-03 00:00:00,26.6,0.0,9.5,2
2025-09-03 01:00:00,26.6,0.0,8.3,14
2025-09-03 02:00:00,26.5,0.0,6.2,17
2025-09-03 03:00:00,26.1,0.0,6.5,8
2025-09-03 04:00:00,25.6,0.0,3.6,20
2025-09-03 05:00:00,25.5,0.0,5.9,360
2025-09-03 06:00:00,25.4,0.0,6.3,20
2025-09-03 07:00:00,26.7,0.0,7.1,52
2025-09-03 08:00:00,28.6,0.0,8.5,69
2025-09-03 09:00:00,30.0,0.0,9.1,83
2025-09-03 10:00:00,31.5,0.0,10.5,115
2025-09-03 11:00:00,31.8,0.0,13.8,127
2025-09-03 12:00:00,32.1,0.0,13.0,131
2025-09-03 13:00:00,32.7,0.0,11.2,134
2025-09-03 14:00:00,33.0,0.0,9.8,131
2025-09-03 15:00:00,33.1,0.0,9.8,116
2025-09-03 16:00:00,32.8,0.0,7.9,107
2025-09-03 17:00:00,32.6,0.0,8.0,118
2025-09-03 18:00:00,31.6,0.0,10.7,121
2025-09-03 19:00:00,30.7,0.0,12.4,120
2025-09-03 20:00:00,30.0,0.0,12.8,129
2025-09-03 21:00:00,29.4,0.0,10.8,120
2025-09-03 22:00:00,29.6,0.0,12.1,140
2025-09-03 23:00:00,28.9,0.0,12.9,137
2025-09-04 00:00:00,28.2,0.0,13.1,113
2025-09-04 01:00:00,27.7,0.0,14.0,97
2025-09-04 02:00:00,27.0,0.0,13.1,99
2025-09-04 03:00:00,26.6,0.0,12.3,95
2025-09-04 04:00:00,26.6,0.0,12.7,97
2025-09-04 05:00:00,26.7,0.0,14.7,110
2025-09-04 06:00:00,26.6,0.0,13.1,90
2025-09-04 07:00:00,27.6,0.0,14.8,93
2025-09-04 08:00:00,28.0,0.0,23.2,104
2025-09-04 09:00:00,26.8,0.7,22.2,85
2025-09-04 10:00:00,29.5,0.0,18.4,99
2025-09-04 11:00:00,30.0,0.0,21.6,117
2025-09-04 12:00:00,30.1,0.0,21.2,112
2025-09-04 13:00:00,30.7,0.0,21.0,110
2025-09-04 14:00:00,30.5,0.0,20.3,107
2025-09-04 15:00:00,29.4,0.2,16.9,99
2025-09-04 16:00:00,28.1,1.1,12.6,89
2025-09-04 17:00:00,26.9,2.4,9.6,81
2025-09-04 18:00:00,26.5,1.4,11.2,72
2025-09-04 19:00:00,26.2,1.7,7.8,46
2025-09-04 20:00:00,26.0,2.5,9.9,44
2025-09-04 21:00:00,25.9,0.9,11.8,23
2025-09-04 22:00:00,26.2,0.2,9.4,5
2025-09-04 23:00:00,26.0,0.1,12.2,332
2025-09-05 00:00:00,26.1,0.1,11.1,330
2025-09-05 01:00:00,26.0,0.0,12.6,326
2025-09-05 02:00:00,25.8,0.0,10.9,343
2025-09-05 03:00:00,25.6,0.0,11.5,325
2025-09-05 04:00:00,25.7,0.0,13.2,320
2025-09-05 05:00:00,25.8,0.0,12.7,316
2025-09-05 06:00:00,25.9,0.0,12.2,301
2025-09-05 07:00:00,26.9,0.0,14.5,304
2025-09-05 08:00:00,28.2,0.0,14.2,310
2025-09-05 09:00:00,29.2,0.0,15.3,313
2025-09-05 10:00:00,30.0,0.1,14.2,328
2025-09-05 11:00:00,30.9,0.1,12.6,326
2025-09-05 12:00:00,31.9,0.0,11.6,327
2025-09-05 13:00:00,32.2,0.1,11.9,329
2025-09-05 14:00:00,31.7,0.1,12.5,337
2025-09-05 15:00:00,31.5,0.1,12.6,343
2025-09-05 16:00:00,30.8,0.0,13.3,347
2025-09-05 17:00:00,29.9,0.0,13.8,348
2025-09-05 18:00:00,28.9,0.0,12.9,347
2025-09-05 19:00:00,27.9,0.0,12.9,353
2025-09-05 20:00:00,27.2,0.0,11.2,355
2025-09-05 21:00:00,26.8,0.0,11.0,358
2025-09-05 22:00:00,27.0,0.0,10.0,354
2025-09-05 23:00:00,26.5,0.0,6.4,350
2025-09-06 00:00:00,25.9,0.0,5.1,324
2025-09-06 01:00:00,25.6,0.0,7.1,315
2025-09-06 02:00:00,25.5,0.0,7.9,313
2025-09-06 03:00:00,25.4,0.0,6.4,317
2025-09-06 04:00:00,25.3,0.0,5.7,314
2025-09-06 05:00:00,25.0,0.0,6.2,324
2025-09-06 06:00:00,24.7,0.0,5.2,333
2025-09-06 07:00:00,25.6,0.0,5.2,333
2025-09-06 08:00:00,27.3,0.0,2.9,300
2025-09-06 09:00:00,28.5,0.0,2.5,249
2025-09-06 10:00:00,29.8,0.0,4.5,230
2025-09-06 11:00:00,30.4,0.0,7.3,222
2025-09-06 12:00:00,30.8,0.0,8.3,226
2025-09-06 13:00:00,31.2,0.0,8.1,238
2025-09-06 14:00:00,31.9,0.0,11.7,265
2025-09-06 15:00:00,31.9,0.0,13.9,280
2025-09-06 16:00:00,31.4,0.0,12.7,283
2025-09-06 17:00:00,30.4,0.0,10.5,278
2025-09-06 18:00:00,29.1,0.0,11.0,275
2025-09-06 19:00:00,28.2,0.0,10.2,288
2025-09-06 20:00:00,28.0,0.0,9.6,291
2025-09-06 21:00:00,27.8,0.0,9.1,278
2025-09-06 22:00:00,27.7,0.0,6.5,268
2025-09-06 23:00:00,27.4,0.0,5.9,268
2025-09-07 00:00:00,26.6,0.0,4.1,255
2025-09-07 01:00:00,26.6,0.0,2.7,217
2025-09-07 02:00:00,26.5,0.0,4.3,204
2025-09-07 03:00:00,27.0,0.0,6.9,227
2025-09-07 04:00:00,26.8,0.0,8.0,234
2025-09-07 05:00:00,26.8,0.0,8.2,237
2025-09-07 06:00:00,26.6,0.0,8.0,239
2025-09-07 07:00:00,27.3,0.0,8.2,248
2025-09-07 08:00:00,28.2,0.0,9.0,237
2025-09-07 09:00:00,28.9,0.0,8.6,233
2025-09-07 10:00:00,30.2,0.0,10.0,237
2025-09-07 11:00:00,31.0,0.1,10.2,240
2025-09-07 12:00:00,32.2,0.0,10.0,242
2025-09-07 13:00:00,32.7,0.0,11.6,262
2025-09-07 14:00:00,32.6,0.0,15.3,273
2025-09-07 15:00:00,31.4,0.0,20.3,280
2025-09-07 16:00:00,31.1,0.0,15.7,275
2025-09-07 17:00:00,30.4,0.0,9.9,279
2025-09-07 18:00:00,29.9,0.0,10.8,288
2025-09-07 19:00:00,29.2,0.0,10.4,253
2025-09-07 20:00:00,28.9,0.0,6.8,259
2025-09-07 21:00:00,28.5,0.0,7.4,276
2025-09-07 22:00:00,28.5,0.0,4.2,216
2025-09-07 23:00:00,28.5,0.0,5.3,192
2025-09-08 00:00:00,28.5,0.0,7.2,207
2025-09-08 01:00:00,28.5,0.0,10.2,217
2025-09-08 02:00:00,28.3,0.0,10.2,234
2025-09-08 03:00:00,26.0,3.9,14.8,309
2025-09-08 04:00:00,25.5,1.4,7.7,307
2025-09-08 05:00:00,26.1,0.0,8.5,270
2025-09-08 06:00:00,26.0,0.1,9.4,293
2025-09-08 07:00:00,26.2,0.1,7.9,287
2025-09-08 08:00:00,27.5,0.0,10.0,249
2025-09-08 09:00:00,28.2,0.2,10.8,255
2025-09-08 10:00:00,27.8,0.0,3.6,311
2025-09-08 11:00:00,29.0,0.0,3.6,250
2025-09-08 12:00:00,29.7,0.0,3.6,264
2025-09-08 13:00:00,30.8,0.2,5.5,257
2025-09-08 14:00:00,31.5,0.1,8.5,266
2025-09-08 15:00:00,31.4,0.0,12.6,274
2025-09-08 16:00:00,30.9,0.0,15.8,297
2025-09-08 17:00:00,28.5,1.1,13.5,245
2025-09-08 18:00:00,27.6,0.1,7.4,238
2025-09-08 19:00:00,27.2,0.0,3.6,252
2025-09-08 20:00:00,27.0,0.0,2.5,270
2025-09-08 21:00:00,26.9,0.0,2.3,293
2025-09-08 22:00:00,28.0,0.0,9.2,220
2025-09-08 23:00:00,27.8,0.0,5.9,227
2025-09-09 00:00:00,27.2,0.0,2.9,223
2025-09-09 01:00:00,27.4,0.0,0.4,270
2025-09-09 02:00:00,26.6,0.0,2.2,360
2025-09-09 03:00:00,25.6,0.0,13.5,333
2025-09-09 04:00:00,25.2,0.0,6.8,335
2025-09-09 05:00:00,25.0,0.2,9.5,331
2025-09-09 06:00:00,24.2,0.3,4.4,341
2025-09-09 07:00:00,25.3,0.0,4.1,2
2025-09-09 08:00:00,26.6,0.0,3.4,16
2025-09-09 09:00:00,28.2,0.0,6.5,268
2025-09-09 10:00:00,30.6,0.0,6.5,268
2025-09-09 11:00:00,29.8,0.4,13.4,305
2025-09-09 12:00:00,30.5,0.0,13.9,287
2025-09-09 13:00:00,30.6,0.0,10.8,294
2025-09-09 14:00:00,31.8,0.0,9.8,288
2025-09-09 15:00:00,32.0,0.0,7.6,278
2025-09-09 16:00:00,31.7,0.0,5.6,295
2025-09-09 17:00:00,31.0,0.0,7.1,344
2025-09-09 18:00:00,29.8,0.0,7.6,18
2025-09-09 19:00:00,28.8,0.0,9.0,23
2025-09-09 20:00:00,27.8,0.0,10.4,8
2025-09-09 21:00:00,27.4,0.0,7.0,26
2025-09-09 22:00:00,28.0,0.0,6.7,180
2025-09-09 23:00:00,27.2,0.0,14.9,182
2025-09-10 00:00:00,27.0,0.0,5.0,167
2025-09-10 01:00:00,26.9,0.0,9.0,102
2025-09-10 02:00:00,26.6,0.0,9.7,94
2025-09-10 03:00:00,26.4,1.4,8.7,96
2025-09-10 04:00:00,26.5,0.0,9.2,97
2025-09-10 05:00:00,26.5,0.0,12.3,105
2025-09-10 06:00:00,26.4,0.4,10.2,127
2025-09-10 07:00:00,25.6,1.4,5.8,194
2025-09-10 08:00:00,25.5,2.5,4.5,265
2025-09-10 09:00:00,25.1,3.4,5.9,315
2025-09-10 10:00:00,25.5,6.5,3.6,252
2025-09-10 11:00:00,25.7,2.2,1.9,326
2025-09-10 12:00:00,26.0,2.4,3.5,282
2025-09-10 13:00:00,26.9,0.2,5.2,248
2025-09-10 14:00:00,27.4,0.3,7.1,260
2025-09-10 15:00:00,28.1,0.1,8.4,259
2025-09-10 16:00:00,28.3,0.4,9.1,280
2025-09-10 17:00:00,27.7,0.1,9.4,282
2025-09-10 18:00:00,27.0,0.0,6.3,288
2025-09-10 19:00:00,26.0,0.0,2.7,293
2025-09-10 20:00:00,25.7,0.0,2.3,337
2025-09-10 21:00:00,25.2,0.0,4.0,350
2025-09-10 22:00:00,25.3,0.3,6.9,23
2025-09-10 23:00:00,25.2,0.1,4.0,18
2025-09-11 00:00:00,25.0,0.1,6.5,28
2025-09-11 01:00:00,24.9,0.1,8.3,77
2025-09-11 02:00:00,24.5,0.1,10.1,96
2025-09-11 03:00:00,24.3,0.0,8.3,63
2025-09-11 04:00:00,24.1,0.0,7.8,53
2025-09-11 05:00:00,24.0,0.0,9.6,52
2025-09-11 06:00:00,24.2,0.0,7.5,53
2025-09-11 07:00:00,24.6,0.0,9.7,39
2025-09-11 08:00:00,25.8,0.0,7.8,38
2025-09-11 09:00:00,27.0,0.0,7.2,77
2025-09-11 10:00:00,28.1,0.0,8.7,107
2025-09-11 11:00:00,29.0,0.0,9.3,122
2025-09-11 12:00:00,29.4,0.1,8.0,121
2025-09-11 13:00:00,29.2,0.0,11.7,110
2025-09-11 14:00:00,29.5,0.0,7.6,78
2025-09-11 15:00:00,29.5,0.0,6.4,68
2025-09-11 16:00:00,29.8,0.0,4.7,74
2025-09-11 17:00:00,29.1,0.4,6.9,105
2025-09-11 18:00:00,27.0,0.9,10.5,121
2025-09-11 19:00:00,26.8,0.1,8.4,79
2025-09-11 20:00:00,25.2,0.8,12.7,83
2025-09-11 21:00:00,25.5,0.1,12.7,97
2025-09-11 22:00:00,25.2,0.0,8.3,44
2025-09-11 23:00:00,25.2,0.0,12.9,78
2025-09-12 00:00:00,25.4,0.0,17.3,86
2025-09-12 01:00:00,25.3,0.0,17.1,89
2025-09-12 02:00:00,25.6,0.5,11.0,113
2025-09-12 03:00:00,25.5,0.2,13.4,125
2025-09-12 04:00:00,25.4,0.1,8.4,137
2025-09-12 05:00:00,25.4,0.0,8.5,118
2025-09-12 06:00:00,25.4,0.0,13.0,124
2025-09-12 07:00:00,25.8,0.7,13.6,125
2025-09-12 08:00:00,26.0,1.8,14.1,113
2025-09-12 09:00:00,26.9,0.3,14.9,111
2025-09-12 10:00:00,28.6,0.0,16.1,118
2025-09-12 11:00:00,28.7,0.2,15.0,110
2025-09-12 12:00:00,29.5,0.2,14.3,109
2025-09-12 13:00:00,29.3,0.2,14.3,102
2025-09-12 14:00:00,28.6,0.2,13.7,93
2025-09-12 15:00:00,28.6,0.3,8.9,104
2025-09-12 16:00:00,28.2,2.3,10.5,114
2025-09-12 17:00:00,28.1,0.0,9.5,127
2025-09-12 18:00:00,27.5,0.0,7.0,89
2025-09-12 19:00:00,26.0,0.1,13.6,84
2025-09-12 20:00:00,25.6,0.0,11.4,71
2025-09-12 21:00:00,26.1,0.0,7.8,83
2025-09-12 22:00:00,27.0,0.4,7.4,90
2025-09-12 23:00:00,26.5,0.0,3.5,99
2025-09-13 00:00:00,26.9,0.0,6.3,129
2025-09-13 01:00:00,26.9,0.0,7.7,127
2025-09-13 02:00:00,26.7,0.0,7.7,152
2025-09-13 03:00:00,26.7,0.0,8.7,162
2025-09-13 04:00:00,26.7,0.0,6.2,173
2025-09-13 05:00:00,26.2,0.0,3.6,174
2025-09-13 06:00:00,26.5,0.0,5.2,166
2025-09-13 07:00:00,27.2,0.0,8.9,166
2025-09-13 08:00:00,27.8,0.1,9.9,179
2025-09-13 09:00:00,28.6,0.0,11.4,175
2025-09-13 10:00:00,29.5,0.0,13.1,171
2025-09-13 11:00:00,30.0,0.0,14.4,190
2025-09-13 12:00:00,30.3,0.0,14.7,199
2025-09-13 13:00:00,30.5,0.0,14.1,203
2025-09-13 14:00:00,30.7,0.0,14.1,217
2025-09-13 15:00:00,30.7,0.0,18.5,226
2025-09-13 16:00:00,30.0,0.0,15.4,221
2025-09-13 17:00:00,29.8,0.0,15.3,219
2025-09-13 18:00:00,29.1,0.0,13.9,219
2025-09-13 19:00:00,28.8,0.0,15.3,225
2025-09-13 20:00:00,28.4,0.0,14.2,219
2025-09-13 21:00:00,28.1,0.0,14.7,217
2025-09-13 22:00:00,27.6,0.0,4.8,281
2025-09-13 23:00:00,27.5,0.0,6.3,217
2025-09-14 00:00:00,28.0,0.0,10.6,230
2025-09-14 01:00:00,27.8,0.0,12.4,239
2025-09-14 02:00:00,27.7,0.2,13.5,254
2025-09-14 03:00:00,25.7,1.5,14.6,261
2025-09-14 04:00:00,26.1,0.6,10.6,260
2025-09-14 05:00:00,25.8,1.8,13.7,259
2025-09-14 06:00:00,25.9,1.0,13.7,265
2025-09-14 07:00:00,25.6,0.5,12.3,255
2025-09-14 08:00:00,26.5,0.2,11.1,238
2025-09-14 09:00:00,27.4,0.1,11.3,237
2025-09-14 10:00:00,26.6,0.7,5.3,232
2025-09-14 11:00:00,27.6,0.1,3.2,214
2025-09-14 12:00:00,28.5,0.3,7.6,265
2025-09-14 13:00:00,28.5,0.2,8.7,248
2025-09-14 14:00:00,29.3,0.1,9.5,251
2025-09-14 15:00:00,29.5,0.1,11.1,253
2025-09-14 16:00:00,29.8,0.1,12.2,269
2025-09-14 17:00:00,28.9,0.2,13.9,283
2025-09-14 18:00:00,27.9,0.0,11.4,288
2025-09-14 19:00:00,26.8,1.2,12.3,273
2025-09-14 20:00:00,26.6,0.4,10.4,281
2025-09-14 21:00:00,26.5,0.0,9.3,289
2025-09-14 22:00:00,26.3,0.3,8.6,296
2025-09-14 23:00:00,25.6,0.3,9.6,300
2025-09-15 00:00:00,25.4,0.0,4.8,315
2025-09-15 01:00:00,25.3,0.3,8.0,326
2025-09-15 02:00:00,25.0,0.4,5.3,322
2025-09-15 03:00:00,24.9,0.0,3.2,313
2025-09-15 04:00:00,25.4,0.0,4.5,313
2025-09-15 05:00:00,25.5,0.0,5.5,302
2025-09-15 06:00:00,25.7,0.0,6.1,298
2025-09-15 07:00:00,26.1,0.0,6.1,317
2025-09-15 08:00:00,27.1,0.0,6.2,282
2025-09-15 09:00:00,28.0,0.0,6.0,267
2025-09-15 10:00:00,30.0,0.0,4.3,202
2025-09-15 11:00:00,30.6,0.0,5.9,198
2025-09-15 12:00:00,31.0,0.1,6.2,213
2025-09-15 13:00:00,31.5,0.0,6.5,231
2025-09-15 14:00:00,30.8,0.6,10.1,276
2025-09-15 15:00:00,30.2,0.0,9.6,276
2025-09-15 16:00:00,30.2,0.0,7.6,266
2025-09-15 17:00:00,29.5,0.0,8.7,256
2025-09-15 18:00:00,28.8,0.0,8.3,250
2025-09-15 19:00:00,28.1,0.0,8.5,245
2025-09-15 20:00:00,27.6,0.0,6.6,254
2025-09-15 21:00:00,27.0,0.0,3.6,276
2025-09-15 22:00:00,27.0,0.0,3.3,279
2025-09-15 23:00:00,26.8,0.0,2.9,292
2025-09-16 00:00:00,26.5,0.0,2.6,335
2025-09-16 01:00:00,26.5,0.0,3.8,352
2025-09-16 02:00:00,26.0,0.0,4.9,356
2025-09-16 03:00:00,25.8,0.0,5.1,354
2025-09-16 04:00:00,25.5,0.0,0.4,90
2025-09-16 05:00:00,25.4,0.0,4.1,90
2025-09-16 06:00:00,25.1,0.5,4.2,245
2025-09-16 07:00:00,25.6,0.3,7.8,279
2025-09-16 08:00:00,26.3,0.0,5.1,287
2025-09-16 09:00:00,27.7,0.0,5.1,252
2025-09-16 10:00:00,29.9,0.0,5.2,202
2025-09-16 11:00:00,30.5,0.0,7.1,201
2025-09-16 12:00:00,30.8,0.0,7.3,205
2025-09-16 13:00:00,30.9,0.0,7.3,205
2025-09-16 14:00:00,31.4,0.0,5.8,202
2025-09-16 15:00:00,31.6,0.0,7.8,222
2025-09-16 16:00:00,30.1,0.0,12.4,244
2025-09-16 17:00:00,29.4,0.0,6.8,235
2025-09-16 18:00:00,28.5,0.0,9.6,185
2025-09-16 19:00:00,28.0,0.0,5.7,162
2025-09-16 20:00:00,27.8,0.0,5.6,180
2025-09-16 21:00:00,27.7,0.0,5.1,186
2025-09-16 22:00:00,27.6,0.0,8.1,205
2025-09-16 23:00:00,27.5,0.0,5.3,190
2025-09-17 00:00:00,26.9,0.0,2.2,256
2025-09-17 01:00:00,26.5,0.0,4.0,309
2025-09-17 02:00:00,25.9,0.0,2.7,352
2025-09-17 03:00:00,25.6,0.0,2.0,5
2025-09-17 04:00:00,25.7,0.0,0.4,27
2025-09-17 05:00:00,25.5,0.0,1.1,180
2025-09-17 06:00:00,25.4,0.0,3.0,213
2025-09-17 07:00:00,27.0,0.0,3.2,227
2025-09-17 08:00:00,28.2,0.0,4.7,227
2025-09-17 09:00:00,29.0,0.0,7.9,219
2025-09-17 10:00:00,28.5,0.8,3.1,246
2025-09-17 11:00:00,29.8,0.1,5.8,202
2025-09-17 12:00:00,30.1,0.1,6.1,220
2025-09-17 13:00:00,30.0,1.7,9.8,235
2025-09-17 14:00:00,28.4,2.4,8.8,261
2025-09-17 15:00:00,29.1,0.0,12.6,256
2025-09-17 16:00:00,28.5,0.8,11.9,267
2025-09-17 17:00:00,28.0,1.0,9.4,277
2025-09-17 18:00:00,27.3,0.0,10.3,263
2025-09-17 19:00:00,26.8,0.0,4.2,252
2025-09-17 20:00:00,26.6,0.0,5.8,240
2025-09-17 21:00:00,26.7,0.0,8.7,246
2025-09-17 22:00:00,27.8,0.0,9.0,237
2025-09-17 23:00:00,27.5,0.0,15.2,226
2025-09-18 00:00:00,27.0,0.0,12.1,228
2025-09-18 01:00:00,26.5,0.0,11.1,245
2025-09-18 02:00:00,26.0,0.0,13.3,243
2025-09-18 03:00:00,25.2,0.5,7.8,265
2025-09-18 04:00:00,24.2,2.4,17.5,251
2025-09-18 05:00:00,24.4,2.1,14.5,253
2025-09-18 06:00:00,24.5,0.3,13.4,276
2025-09-18 07:00:00,24.5,0.2,10.6,279
2025-09-18 08:00:00,25.0,0.2,18.4,278
2025-09-18 09:00:00,25.1,0.4,15.1,293
2025-09-18 10:00:00,24.1,1.1,13.1,288
2025-09-18 11:00:00,25.4,0.8,15.0,309
2025-09-18 12:00:00,26.8,0.1,12.6,326
2025-09-18 13:00:00,27.9,0.0,10.1,336
2025-09-18 14:00:00,28.1,0.1,8.2,334
2025-09-18 15:00:00,28.2,0.1,10.7,354
2025-09-18 16:00:00,27.5,0.1,13.8,7
2025-09-18 17:00:00,25.8,0.6,14.9,9
2025-09-18 18:00:00,25.0,0.1,14.5,14
2025-09-18 19:00:00,24.5,0.1,15.3,20
2025-09-18 20:00:00,23.5,0.9,16.4,21
2025-09-18 21:00:00,23.0,4.5,15.8,15
2025-09-18 22:00:00,24.6,0.0,12.2,20
2025-09-18 23:00:00,24.2,0.0,14.2,18
2025-09-19 00:00:00,23.9,0.0,13.8,33
2025-09-19 01:00:00,23.4,0.0,13.9,25
2025-09-19 02:00:00,23.1,0.0,14.8,24
2025-09-19 03:00:00,23.2,0.0,13.0,24
2025-09-19 04:00:00,23.0,0.0,12.7,13
2025-09-19 05:00:00,22.8,0.0,12.5,16
2025-09-19 06:00:00,22.7,0.0,11.6,22
2025-09-19 07:00:00,22.6,0.0,9.1,30
2025-09-19 08:00:00,23.5,0.0,7.9,27
2025-09-19 09:00:00,25.2,0.0,5.3,52
2025-09-19 10:00:00,27.0,0.0,6.4,79
2025-09-19 11:00:00,28.0,0.0,5.2,96
2025-09-19 12:00:00,28.2,0.0,3.9,146
2025-09-19 13:00:00,28.5,0.0,6.3,183
2025-09-19 14:00:00,28.5,0.0,9.3,199
2025-09-19 15:00:00,27.8,0.0,11.0,204
2025-09-19 16:00:00,27.7,0.0,5.5,216
2025-09-19 17:00:00,27.3,0.0,1.9,253
2025-09-19 18:00:00,25.8,0.0,2.1,308
2025-09-19 19:00:00,24.5,0.0,2.9,356
2025-09-19 20:00:00,24.5,0.0,3.9,28
2025-09-19 21:00:00,24.8,0.0,4.2,59
2025-09-19 22:00:00,26.5,0.0,11.0,114
2025-09-19 23:00:00,25.9,0.0,12.1,101
2025-09-20 00:00:00,25.5,0.0,11.4,106
2025-09-20 01:00:00,25.5,0.0,13.9,117
2025-09-20 02:00:00,25.5,0.0,13.7,118
2025-09-20 03:00:00,25.6,0.0,10.9,144
2025-09-20 04:00:00,25.9,0.0,11.4,151
2025-09-20 05:00:00,26.2,0.0,10.1,161
2025-09-20 06:00:00,26.3,0.0,9.5,161
2025-09-20 07:00:00,26.7,0.0,10.7,171
2025-09-20 08:00:00,27.5,0.0,10.0,167
2025-09-20 09:00:00,28.0,0.1,10.4,182
2025-09-20 10:00:00,24.6,5.7,3.2,360
2025-09-20 11:00:00,25.8,4.9,7.8,187
2025-09-20 12:00:00,28.0,0.0,12.5,212
2025-09-20 13:00:00,27.9,0.2,13.4,215
2025-09-20 14:00:00,27.7,0.3,18.2,222
2025-09-20 15:00:00,27.0,0.7,14.8,238
2025-09-20 16:00:00,27.0,0.4,14.3,243
2025-09-20 17:00:00,26.6,0.4,15.1,253
2025-09-20 18:00:00,25.0,1.4,16.9,270
2025-09-20 19:00:00,24.1,1.5,20.3,280
2025-09-20 20:00:00,24.5,0.3,20.6,276
2025-09-20 21:00:00,25.0,0.1,14.6,279
2025-09-20 22:00:00,25.5,0.1,15.8,271
2025-09-20 23:00:00,24.8,0.2,15.0,315
2025-09-21 00:00:00,23.9,0.1,9.7,358
2025-09-21 01:00:00,23.6,0.1,8.2,327
2025-09-21 02:00:00,23.4,0.0,6.9,321
2025-09-21 03:00:00,23.4,0.0,8.6,338
2025-09-21 04:00:00,23.3,0.0,8.8,337
2025-09-21 05:00:00,22.8,0.0,10.0,337
2025-09-21 06:00:00,22.3,0.0,10.3,348
2025-09-21 07:00:00,22.6,0.0,9.3,347
2025-09-21 08:00:00,24.0,0.0,9.5,350
2025-09-21 09:00:00,25.2,0.0,10.6,356
2025-09-21 10:00:00,27.0,0.0,11.3,342
2025-09-21 11:00:00,27.8,0.0,11.7,339
2025-09-21 12:00:00,28.2,0.0,12.2,343
2025-09-21 13:00:00,28.6,0.0,12.4,351
2025-09-21 14:00:00,28.4,0.0,14.2,359
2025-09-21 15:00:00,27.5,0.0,17.6,1
2025-09-21 16:00:00,26.6,0.0,18.0,9
2025-09-21 17:00:00,25.5,0.0,17.7,19
2025-09-21 18:00:00,24.7,0.0,19.0,27
2025-09-21 19:00:00,24.2,0.0,20.4,27
2025-09-21 20:00:00,23.8,0.0,18.8,25
2025-09-21 21:00:00,23.7,0.0,16.9,28
2025-09-21 22:00:00,23.4,0.0,15.1,26
2025-09-21 23:00:00,22.9,0.0,12.4,24
2025-09-22 00:00:00,22.4,0.0,9.3,16
2025-09-22 01:00:00,22.0,0.0,10.1,16
2025-09-22 02:00:00,21.5,0.0,11.5,10
2025-09-22 03:00:00,21.1,0.0,9.7,24
2025-09-22 04:00:00,20.9,0.0,8.6,31
2025-09-22 05:00:00,20.5,0.0,6.6,22
2025-09-22 06:00:00,20.2,0.0,6.2,15
2025-09-22 07:00:00,21.0,0.0,7.2,19
2025-09-22 08:00:00,22.8,0.0,7.0,46
2025-09-22 09:00:00,24.1,0.0,9.8,62
2025-09-22 10:00:00,25.4,0.0,9.9,86
2025-09-22 11:00:00,26.5,0.0,11.0,89
2025-09-22 12:00:00,27.1,0.0,12.5,98
2025-09-22 13:00:00,27.4,0.0,11.5,104
2025-09-22 14:00:00,27.6,0.0,11.7,105
2025-09-22 15:00:00,27.2,0.0,12.5,117
2025-09-22 16:00:00,27.0,0.0,13.4,119
2025-09-22 17:00:00,26.4,0.0,10.2,104
2025-09-22 18:00:00,25.9,0.0,10.7,99
2025-09-22 19:00:00,25.5,0.0,13.5,94
2025-09-22 20:00:00,25.2,0.0,15.0,86
2025-09-22 21:00:00,25.2,0.0,11.4,93
2025-09-22 22:00:00,24.7,0.0,12.5,78
2025-09-22 23:00:00,24.5,0.0,11.4,105
2025-09-23 00:00:00,23.3,1.3,7.3,107
2025-09-23 01:00:00,23.3,0.4,13.1,92
2025-09-23 02:00:00,23.1,0.0,15.0,93
2025-09-23 03:00:00,22.9,0.2,15.9,96
2025-09-23 04:00:00,22.6,0.6,15.3,93
2025-09-23 05:00:00,22.4,1.4,13.5,93
2025-09-23 06:00:00,22.2,0.6,13.4,75
2025-09-23 07:00:00,21.8,0.1,16.3,72
2025-09-23 08:00:00,21.8,1.1,15.7,72
2025-09-23 09:00:00,22.0,0.7,16.6,77
2025-09-23 10:00:00,23.5,0.0,14.4,70
2025-09-23 11:00:00,23.1,0.3,13.6,78
2025-09-23 12:00:00,23.6,1.1,14.8,94
2025-09-23 13:00:00,23.3,1.7,16.3,96
2025-09-23 14:00:00,24.5,1.2,19.4,103
2025-09-23 15:00:00,24.8,0.0,19.9,104
2025-09-23 16:00:00,25.0,0.0,18.6,110
2025-09-23 17:00:00,25.0,0.0,18.1,109
2025-09-23 18:00:00,24.8,0.0,16.7,108
2025-09-23 19:00:00,24.6,0.0,16.4,105
2025-09-23 20:00:00,24.5,0.0,18.0,102
2025-09-23 21:00:00,24.6,0.0,19.0,105
2025-09-23 22:00:00,24.5,0.0,18.7,97
2025-09-23 23:00:00,24.0,0.0,18.5,92
2025-09-24 00:00:00,24.0,0.0,18.3,95
2025-09-24 01:00:00,24.1,0.0,18.1,97
2025-09-24 02:00:00,24.1,0.0,18.4,100
2025-09-24 03:00:00,24.1,0.0,19.3,104
2025-09-24 04:00:00,24.3,0.0,20.0,111
2025-09-24 05:00:00,24.2,0.0,18.6,110
2025-09-24 06:00:00,24.4,0.0,18.6,109
2025-09-24 07:00:00,24.7,0.0,20.9,109
2025-09-24 08:00:00,25.5,0.0,25.6,117
2025-09-24 09:00:00,25.8,0.0,23.9,107
2025-09-24 10:00:00,26.5,0.0,23.2,104
2025-09-24 11:00:00,27.1,0.0,23.3,109
2025-09-24 12:00:00,27.7,0.0,23.3,117
2025-09-24 13:00:00,28.1,0.0,23.9,114
2025-09-24 14:00:00,28.0,0.2,18.9,108
2025-09-24 15:00:00,26.2,2.2,18.8,136
2025-09-24 16:00:00,26.2,0.7,18.7,119
2025-09-24 17:00:00,25.8,1.7,18.3,130
2025-09-24 18:00:00,24.6,5.2,12.9,141
2025-09-24 19:00:00,24.6,2.0,13.4,110
2025-09-24 20:00:00,24.8,0.2,15.4,111
2025-09-24 21:00:00,25.0,0.1,12.7,115
2025-09-24 22:00:00,24.8,2.4,9.9,138
2025-09-24 23:00:00,24.7,0.8,11.2,140
2025-09-25 00:00:00,24.6,0.1,12.0,159
2025-09-25 01:00:00,24.5,0.0,8.1,107
2025-09-25 02:00:00,24.8,0.0,13.6,114
2025-09-25 03:00:00,24.7,0.1,10.5,121
2025-09-25 04:00:00,24.5,0.1,11.6,95
2025-09-25 05:00:00,24.5,0.0,15.0,103
2025-09-25 06:00:00,24.5,0.0,14.5,107
2025-09-25 07:00:00,24.9,0.0,14.3,110
2025-09-25 08:00:00,25.7,0.0,16.7,115
2025-09-25 09:00:00,26.8,0.0,13.5,117
2025-09-25 10:00:00,27.9,0.0,9.3,106
2025-09-25 11:00:00,28.4,0.0,10.3,105
2025-09-25 12:00:00,29.0,0.0,10.2,113
2025-09-25 13:00:00,29.0,0.0,12.3,108
2025-09-25 14:00:00,27.2,1.0,9.5,53
2025-09-25 15:00:00,27.2,0.2,8.7,84
2025-09-25 16:00:00,27.5,0.1,10.9,81
2025-09-25 17:00:00,26.9,0.0,8.3,86
2025-09-25 18:00:00,26.1,0.0,7.6,76
2025-09-25 19:00:00,25.5,0.0,8.5,72
2025-09-25 20:00:00,25.2,0.0,8.7,77
2025-09-25 21:00:00,25.0,0.0,8.8,73
2025-09-25 22:00:00,25.1,0.0,5.5,107
2025-09-25 23:00:00,25.0,0.0,5.1,54
2025-09-26 00:00:00,24.8,0.0,7.4,49
2025-09-26 01:00:00,24.6,0.0,6.4,61
2025-09-26 02:00:00,24.5,0.0,6.2,54
2025-09-26 03:00:00,24.4,0.0,5.5,52
2025-09-26 04:00:00,24.1,0.0,5.5,32
2025-09-26 05:00:00,23.9,0.0,4.4,21
2025-09-26 06:00:00,23.7,0.0,3.8,25
2025-09-26 07:00:00,24.0,0.0,4.1,13
2025-09-26 08:00:00,25.8,0.0,1.9,292
2025-09-26 09:00:00,27.0,0.0,7.9,273
2025-09-26 10:00:00,25.9,0.0,5.2,282
2025-09-26 11:00:00,27.4,0.0,5.6,270
2025-09-26 12:00:00,28.4,0.1,7.2,252
2025-09-26 13:00:00,28.7,0.1,10.1,260
2025-09-26 14:00:00,29.4,0.2,12.9,283
2025-09-26 15:00:00,29.6,0.0,14.2,299
2025-09-26 16:00:00,29.0,0.0,13.6,299
2025-09-26 17:00:00,28.1,0.0,11.8,298
2025-09-26 18:00:00,26.8,0.0,11.5,309
2025-09-26 19:00:00,25.8,0.0,9.9,322
2025-09-26 20:00:00,24.9,0.0,8.6,327
2025-09-26 21:00:00,24.4,0.0,8.1,335
2025-09-26 22:00:00,24.8,0.0,6.6,331
2025-09-26 23:00:00,24.6,0.0,7.4,331
2025-09-27 00:00:00,24.5,0.0,5.6,343
2025-09-27 01:00:00,24.1,0.0,5.7,336
2025-09-27 02:00:00,23.9,0.0,6.4,342
2025-09-27 03:00:00,23.5,0.0,9.3,352
2025-09-27 04:00:00,23.2,0.0,11.6,22
2025-09-27 05:00:00,22.8,0.0,10.4,36
2025-09-27 06:00:00,22.7,0.0,9.1,41
2025-09-27 07:00:00,22.6,0.0,9.4,31
2025-09-27 08:00:00,24.0,0.0,6.4,32
2025-09-27 09:00:00,25.0,0.0,4.8,27
2025-09-27 10:00:00,25.4,0.0,2.5,60
2025-09-27 11:00:00,25.8,0.0,1.7,288
2025-09-27 12:00:00,26.1,0.0,3.9,257
2025-09-27 13:00:00,25.6,0.0,2.8,297
2025-09-27 14:00:00,26.5,0.0,2.1,255
2025-09-27 15:00:00,26.6,0.0,3.3,221
2025-09-27 16:00:00,26.8,0.0,3.7,194
2025-09-27 17:00:00,26.0,0.0,5.1,170
2025-09-27 18:00:00,24.6,0.0,4.0,153
2025-09-27 19:00:00,23.5,0.0,3.6,135
2025-09-27 20:00:00,23.9,0.0,5.2,121
2025-09-27 21:00:00,24.1,0.0,7.6,121
2025-09-27 22:00:00,24.1,0.0,7.1,96
2025-09-27 23:00:00,24.0,0.0,7.9,86
2025-09-28 00:00:00,23.1,0.0,7.1,66
2025-09-28 01:00:00,22.7,0.0,8.2,57
2025-09-28 02:00:00,22.3,0.0,10.2,53
2025-09-28 03:00:00,22.2,0.0,9.3,54
2025-09-28 04:00:00,22.1,0.0,9.9,75
2025-09-28 05:00:00,22.2,0.0,10.4,89
2025-09-28 06:00:00,22.5,0.0,12.1,88
2025-09-28 07:00:00,22.9,0.0,13.3,93
2025-09-28 08:00:00,22.6,1.4,16.0,99
2025-09-28 09:00:00,22.6,0.5,14.3,104
2025-09-28 10:00:00,25.4,0.1,17.2,128
2025-09-28 11:00:00,25.7,0.1,12.5,136
2025-09-28 12:00:00,26.9,0.1,11.3,158
2025-09-28 13:00:00,26.9,0.0,10.3,155
2025-09-28 14:00:00,26.2,1.1,8.7,163
2025-09-28 15:00:00,26.9,0.2,5.7,152
2025-09-28 16:00:00,26.2,0.9,11.5,230
2025-09-28 17:00:00,25.6,0.1,7.0,260
2025-09-28 18:00:00,25.5,0.0,5.1,203
2025-09-28 19:00:00,25.3,0.2,13.4,242
2025-09-28 20:00:00,25.4,0.1,16.2,234
2025-09-28 21:00:00,25.2,0.0,16.3,239
2025-09-28 22:00:00,25.5,0.0,10.8,238
2025-09-28 23:00:00,23.8,6.4,16.9,261
2025-09-29 00:00:00,23.5,2.8,17.8,244
2025-09-29 01:00:00,24.0,0.2,18.7,241
2025-09-29 02:00:00,23.9,0.1,15.5,265
2025-09-29 03:00:00,23.9,0.5,19.8,277
2025-09-29 04:00:00,23.8,0.4,20.0,268
2025-09-29 05:00:00,23.6,0.5,18.4,280
2025-09-29 06:00:00,23.4,0.3,13.8,309
2025-09-29 07:00:00,23.3,0.0,9.3,307
2025-09-29 08:00:00,24.1,0.0,9.6,313
2025-09-29 09:00:00,24.9,0.0,11.9,321
2025-09-29 10:00:00,25.6,0.0,12.1,335
2025-09-29 11:00:00,26.4,0.1,13.7,320
2025-09-29 12:00:00,26.9,0.2,15.0,325
2025-09-29 13:00:00,27.3,0.1,15.3,332
2025-09-29 14:00:00,27.2,0.0,15.9,335
2025-09-29 15:00:00,27.0,0.0,17.1,341
2025-09-29 16:00:00,25.8,0.0,16.3,352
2025-09-29 17:00:00,24.8,0.0,13.8,351
2025-09-29 18:00:00,23.4,0.0,13.4,348
2025-09-29 19:00:00,22.3,0.0,11.3,347
2025-09-29 20:00:00,21.8,0.0,9.2,353
2025-09-29 21:00:00,21.8,0.0,6.4,349
2025-09-29 22:00:00,22.5,0.0,9.2,16
2025-09-29 23:00:00,21.6,0.0,5.8,2
2025-09-30 00:00:00,20.6,0.0,5.2,358
2025-09-30 01:00:00,20.0,0.0,4.9,358
2025-09-30 02:00:00,19.1,0.0,4.0,352
2025-09-30 03:00:00,18.7,0.0,3.8,341
2025-09-30 04:00:00,18.5,0.0,4.3,338
2025-09-30 05:00:00,18.3,0.0,4.3,355
2025-09-30 06:00:00,18.0,0.0,3.8,25
2025-09-30 07:00:00,19.5,0.0,3.1,80
2025-09-30 08:00:00,21.4,0.0,1.8,114
2025-09-30 09:00:00,23.0,0.0,2.7,152
2025-09-30 10:00:00,24.5,0.0,1.0,158
2025-09-30 11:00:00,25.3,0.0,1.3,270
2025-09-30 12:00:00,26.5,0.0,3.4,238
2025-09-30 13:00:00,26.8,0.0,8.8,231
2025-09-30 14:00:00,25.7,0.0,13.3,220
2025-09-30 15:00:00,25.8,0.0,10.0,216
2025-09-30 16:00:00,25.8,0.0,9.7,214
2025-09-30 17:00:00,25.4,0.0,4.6,252
2025-09-30 18:00:00,23.9,0.0,10.1,4
2025-09-30 19:00:00,22.5,0.0,12.5,15
2025-09-30 20:00:00,21.8,0.0,10.0,13
2025-09-30 21:00:00,21.2,0.0,6.5,14
2025-09-30 22:00:00,20.4,0.0,5.2,20
2025-09-30 23:00:00,19.7,0.0,4.9,6
2025-10-01 00:00:00,19.2,0.0,4.2,5
2025-10-01 01:00:00,18.6,0.0,3.9,13
2025-10-01 02:00:00,18.5,0.0,4.2,20
2025-10-01 03:00:00,18.8,0.0,5.8,30
2025-10-01 04:00:00,19.2,0.0,6.9,37
2025-10-01 05:00:00,19.2,0.0,7.8,26
2025-10-01 06:00:00,18.9,0.0,9.5,22
2025-10-01 07:00:00,19.4,0.0,9.4,24
2025-10-01 08:00:00,22.0,0.0,6.9,39
2025-10-01 09:00:00,23.9,0.0,2.0,45
2025-10-01 10:00:00,25.2,0.0,2.8,165
2025-10-01 11:00:00,25.9,0.0,5.4,220
2025-10-01 12:00:00,26.3,0.0,6.2,234
2025-10-01 13:00:00,26.9,0.0,7.3,253
2025-10-01 14:00:00,27.3,0.0,10.2,262
2025-10-01 15:00:00,27.6,0.0,8.3,259
2025-10-01 16:00:00,27.1,0.0,10.0,278
2025-10-01 17:00:00,26.2,0.0,11.2,298
2025-10-01 18:00:00,24.6,0.0,7.9,333
2025-10-01 19:00:00,23.0,0.0,10.4,9
2025-10-01 20:00:00,22.0,0.0,9.1,9
2025-10-01 21:00:00,21.6,0.0,8.9,6
2025-10-01 22:00:00,21.3,0.0,8.7,354
2025-10-01 23:00:00,21.2,0.0,8.5,347
2025-10-02 00:00:00,20.9,0.0,8.5,353
2025-10-02 01:00:00,20.6,0.0,8.0,355
2025-10-02 02:00:00,20.4,0.0,6.2,350
2025-10-02 03:00:00,20.1,0.0,7.6,342
2025-10-02 04:00:00,19.7,0.0,7.4,342
2025-10-02 05:00:00,19.4,0.0,8.1,348
2025-10-02 06:00:00,19.4,0.0,8.5,358
2025-10-02 07:00:00,20.3,0.0,8.6,360
2025-10-02 08:00:00,22.4,0.0,6.3,357
2025-10-02 09:00:00,24.6,0.0,6.6,17
2025-10-02 10:00:00,26.2,0.0,6.2,60
2025-10-02 11:00:00,26.8,0.0,5.5,117
2025-10-02 12:00:00,26.9,0.0,6.9,163
2025-10-02 13:00:00,26.4,0.0,9.2,174
2025-10-02 14:00:00,26.7,0.0,9.4,183
2025-10-02 15:00:00,26.4,0.0,9.0,186
2025-10-02 16:00:00,26.0,0.0,5.7,198
2025-10-02 17:00:00,25.4,0.0,2.7,312
2025-10-02 18:00:00,24.4,0.0,7.7,351
2025-10-02 19:00:00,23.4,0.0,13.0,6
2025-10-02 20:00:00,22.8,0.0,13.0,25
2025-10-02 21:00:00,22.9,0.0,9.7,34
2025-10-02 22:00:00,22.5,0.0,10.6,24
2025-10-02 23:00:00,22.5,0.0,10.1,35
2025-10-03 00:00:00,21.8,0.0,9.7,42
2025-10-03 01:00:00,22.0,0.0,8.0,20
2025-10-03 02:00:00,21.6,0.4,9.7,24
2025-10-03 03:00:00,21.5,0.8,8.0,18
2025-10-03 04:00:00,21.0,0.0,8.9,24
2025-10-03 05:00:00,21.9,0.0,9.3,50
2025-10-03 06:00:00,22.0,0.3,7.8,48
2025-10-03 07:00:00,21.1,1.1,13.3,67
2025-10-03 08:00:00,20.5,1.5,11.8,62
2025-10-03 09:00:00,20.4,1.5,9.4,58
2025-10-03 10:00:00,20.5,2.1,12.0,81
2025-10-03 11:00:00,22.0,0.7,16.8,92
2025-10-03 12:00:00,22.4,0.2,18.6,99
2025-10-03 13:00:00,22.3,0.8,20.0,105
2025-10-03 14:00:00,22.4,0.6,23.8,108
2025-10-03 15:00:00,22.1,0.4,25.3,114
2025-10-03 16:00:00,22.2,0.9,27.4,116
2025-10-03 17:00:00,21.5,3.2,30.4,116
2025-10-03 18:00:00,21.8,2.2,27.0,119
2025-10-03 19:00:00,22.4,0.4,26.9,122
2025-10-03 20:00:00,23.0,0.3,27.9,129
2025-10-03 21:00:00,22.9,3.5,24.6,123
2025-10-03 22:00:00,22.9,6.2,23.7,131
2025-10-03 23:00:00,23.1,4.3,23.8,135
2025-10-04 00:00:00,23.4,0.7,21.6,134
2025-10-04 01:00:00,23.5,0.3,19.2,130
2025-10-04 02:00:00,23.7,0.2,19.9,131
2025-10-04 03:00:00,23.7,0.8,15.8,135
2025-10-04 04:00:00,23.5,1.8,13.2,137
2025-10-04 05:00:00,23.6,10.2,13.5,142
2025-10-04 06:00:00,23.5,1.1,9.0,127
2025-10-04 07:00:00,23.2,7.0,8.8,123
2025-10-04 08:00:00,23.8,1.5,6.0,123
2025-10-04 09:00:00,25.0,0.7,6.6,131
2025-10-04 10:00:00,25.3,0.4,8.3,106
2025-10-04 11:00:00,24.7,0.9,7.3,128
2025-10-04 12:00:00,25.5,0.3,4.6,132
2025-10-04 13:00:00,25.9,0.1,6.3,125
2025-10-04 14:00:00,26.4,0.2,2.2,125
2025-10-04 15:00:00,26.0,0.3,8.5,270
2025-10-04 16:00:00,25.9,0.2,12.0,262
2025-10-04 17:00:00,25.6,0.0,9.5,255
2025-10-04 18:00:00,25.1,0.0,8.0,250
2025-10-04 19:00:00,24.6,0.1,5.4,268
2025-10-04 20:00:00,24.4,0.0,3.8,287
2025-10-04 21:00:00,24.2,0.0,5.4,278
2025-10-04 22:00:00,24.1,0.0,4.2,288
2025-10-04 23:00:00,23.6,0.0,4.4,328
2025-10-05 00:00:00,23.2,0.0,6.2,350
2025-10-05 01:00:00,22.8,0.0,5.1,6
2025-10-05 02:00:00,22.4,0.0,4.0,352
2025-10-05 03:00:00,22.1,0.0,5.1,352
2025-10-05 04:00:00,22.0,0.0,5.7,347
2025-10-05 05:00:00,21.9,0.0,5.7,342
2025-10-05 06:00:00,21.6,0.0,5.1,352
2025-10-05 07:00:00,21.8,0.0,6.7,354
2025-10-05 08:00:00,23.1,0.0,5.9,348
2025-10-05 09:00:00,25.0,0.0,5.0,2
2025-10-05 10:00:00,26.9,0.0,3.9,332
2025-10-05 11:00:00,27.9,0.0,6.5,284
2025-10-05 12:00:00,28.5,0.0,10.7,284
2025-10-05 13:00:00,29.0,0.0,12.8,289
2025-10-05 14:00:00,29.0,0.0,12.2,303
2025-10-05 15:00:00,28.8,0.0,9.4,290
2025-10-05 16:00:00,28.1,0.0,8.6,301
2025-10-05 17:00:00,26.9,0.0,9.7,329
2025-10-05 18:00:00,25.1,0.0,12.2,352
2025-10-05 19:00:00,23.6,0.0,11.7,356
2025-10-05 20:00:00,23.1,0.0,11.2,356
2025-10-05 21:00:00,23.3,0.0,9.4,5
2025-10-05 22:00:00,23.1,0.0,8.3,358
2025-10-05 23:00:00,22.9,0.0,9.9,350
2025-10-06 00:00:00,22.5,0.0,8.9,352
2025-10-06 01:00:00,22.4,0.0,9.0,357
2025-10-06 02:00:00,22.1,0.0,8.7,354
2025-10-06 03:00:00,22.3,0.0,9.4,358
2025-10-06 04:00:00,22.2,0.0,9.2,6
2025-10-06 05:00:00,22.0,0.0,8.2,9
2025-10-06 06:00:00,22.1,0.0,8.0,18
2025-10-06 07:00:00,22.5,0.0,6.1,3
2025-10-06 08:00:00,23.5,0.0,4.5,7
2025-10-06 09:00:00,25.2,0.0,6.7,44
2025-10-06 10:00:00,26.4,0.0,5.1,86
2025-10-06 11:00:00,27.0,0.0,5.4,143
2025-10-06 12:00:00,26.9,0.0,10.2,171
2025-10-06 13:00:00,26.0,0.0,11.9,190
2025-10-06 14:00:00,26.5,0.0,9.3,204
2025-10-06 15:00:00,26.5,0.0,8.0,203
2025-10-06 16:00:00,26.6,0.0,5.5,207
2025-10-06 17:00:00,26.3,0.0,4.2,310
2025-10-06 18:00:00,25.0,0.0,14.1,347
2025-10-06 19:00:00,23.9,0.0,14.2,3
2025-10-06 20:00:00,23.5,0.0,11.5,8
2025-10-06 21:00:00,23.1,0.0,8.2,23
2025-10-06 22:00:00,22.3,0.0,4.3,22
2025-10-06 23:00:00,21.5,0.0,3.1,10
2025-10-07 00:00:00,21.8,0.0,4.9,51
2025-10-07 01:00:00,22.1,0.0,4.3,48
2025-10-07 02:00:00,22.4,0.0,4.9,84
2025-10-07 03:00:00,22.7,0.0,4.8,110
2025-10-07 04:00:00,23.5,0.0,12.8,112
2025-10-07 05:00:00,23.0,0.0,12.7,101
2025-10-07 06:00:00,22.5,0.0,8.7,97
2025-10-07 07:00:00,22.7,0.0,12.2,107
2025-10-07 08:00:00,23.5,0.0,13.3,106
2025-10-07 09:00:00,24.5,0.0,13.3,111
2025-10-07 10:00:00,25.5,0.0,13.3,120
2025-10-07 11:00:00,26.1,0.0,14.8,126
2025-10-07 12:00:00,26.5,0.0,15.6,125
2025-10-07 13:00:00,26.8,0.0,14.3,121
2025-10-07 14:00:00,27.2,0.0,12.7,113
2025-10-07 15:00:00,27.4,0.0,7.8,112
2025-10-07 16:00:00,26.8,0.0,8.3,106
2025-10-07 17:00:00,25.9,0.0,6.7,109
2025-10-07 18:00:00,24.6,0.0,4.0,100
2025-10-07 19:00:00,24.2,0.0,6.2,60
2025-10-07 20:00:00,24.1,0.0,9.3,49
2025-10-07 21:00:00,24.3,0.0,11.6,71
2025-10-07 22:00:00,24.4,0.1,11.3,90
2025-10-07 23:00:00,24.2,0.0,9.6,124
2025-10-08 00:00:00,24.0,0.1,10.5,117
2025-10-08 01:00:00,23.7,0.1,9.6,110
2025-10-08 02:00:00,23.6,0.2,7.9,103
2025-10-08 03:00:00,23.3,0.1,5.6,63
2025-10-08 04:00:00,23.5,0.0,6.6,49
2025-10-08 05:00:00,23.0,0.5,4.6,69
2025-10-08 06:00:00,23.0,0.1,5.0,49
2025-10-08 07:00:00,23.3,0.0,8.3,44
2025-10-08 08:00:00,24.2,0.0,8.8,57
2025-10-08 09:00:00,25.1,0.1,8.7,82
2025-10-08 10:00:00,26.0,0.1,6.3,83
2025-10-08 11:00:00,26.6,0.2,3.4,72
2025-10-08 12:00:00,27.5,0.3,4.0,357
2025-10-08 13:00:00,27.8,0.4,6.5,337
2025-10-08 14:00:00,28.0,0.5,11.1,347
2025-10-08 15:00:00,27.6,0.1,18.5,1
2025-10-08 16:00:00,26.8,0.0,20.4,8
2025-10-08 17:00:00,25.7,0.0,21.3,15
2025-10-08 18:00:00,24.4,0.0,20.3,18
2025-10-08 19:00:00,23.6,0.0,18.1,22
2025-10-08 20:00:00,23.2,0.0,15.9,25
2025-10-08 21:00:00,23.5,0.0,12.5,11
2025-10-08 22:00:00,23.5,0.0,13.8,13
2025-10-08 23:00:00,23.2,0.0,15.7,27
2025-10-09 00:00:00,22.9,0.0,16.8,27
2025-10-09 01:00:00,22.5,0.0,17.6,29
2025-10-09 02:00:00,22.2,0.0,17.6,31
2025-10-09 03:00:00,22.4,0.0,17.8,32
2025-10-09 04:00:00,22.2,0.0,16.3,33
2025-10-09 05:00:00,22.0,0.0,14.4,38
2025-10-09 06:00:00,21.6,0.0,12.7,31
2025-10-09 07:00:00,21.5,0.0,14.9,36
2025-10-09 08:00:00,22.6,0.0,13.6,43
2025-10-09 09:00:00,24.1,0.0,11.6,35
2025-10-09 10:00:00,25.3,0.0,11.5,39
2025-10-09 11:00:00,26.4,0.0,10.1,33
2025-10-09 12:00:00,27.4,0.0,10.1,27
2025-10-09 13:00:00,27.6,0.0,12.8,16
2025-10-09 14:00:00,27.1,0.0,15.1,15
2025-10-09 15:00:00,26.9,0.0,13.8,16
2025-10-09 16:00:00,26.0,0.0,15.0,14
2025-10-09 17:00:00,24.5,0.0,17.1,9
2025-10-09 18:00:00,22.9,0.0,18.3,15
2025-10-09 19:00:00,22.2,0.0,16.2,21
2025-10-09 20:00:00,21.7,0.0,18.4,27
2025-10-09 21:00:00,21.4,0.0,16.1,24
2025-10-09 22:00:00,20.8,0.0,15.1,28
2025-10-09 23:00:00,20.2,0.0,14.0,28
2025-10-10 00:00:00,19.7,0.0,12.7,21
2025-10-10 01:00:00,19.3,0.0,11.7,18
2025-10-10 02:00:00,19.0,0.0,10.0,21
2025-10-10 03:00:00,18.7,0.0,8.9,19
2025-10-10 04:00:00,18.2,0.0,7.9,13
2025-10-10 05:00:00,17.8,0.0,5.6,21
2025-10-10 06:00:00,17.0,0.0,4.1,29
2025-10-10 07:00:00,18.2,0.0,4.0,32
2025-10-10 08:00:00,20.5,0.0,6.0,73
2025-10-10 09:00:00,22.0,0.0,8.9,83
2025-10-10 10:00:00,23.4,0.0,6.9,99
2025-10-10 11:00:00,24.5,0.0,7.7,118
2025-10-10 12:00:00,25.1,0.0,9.6,124
2025-10-10 13:00:00,25.5,0.0,9.2,123
2025-10-10 14:00:00,25.6,0.0,9.3,131
2025-10-10 15:00:00,25.3,0.0,11.9,120
2025-10-10 16:00:00,24.9,0.0,11.8,116
2025-10-10 17:00:00,24.4,0.0,8.6,106
2025-10-10 18:00:00,23.5,0.0,6.7,87
2025-10-10 19:00:00,23.2,0.0,7.5,80
2025-10-10 20:00:00,22.3,0.0,6.6,49
2025-10-10 21:00:00,22.1,0.0,7.2,53
2025-10-10 22:00:00,21.2,0.0,5.6,57
2025-10-10 23:00:00,21.2,0.0,7.8,48
2025-10-11 00:00:00,20.9,0.0,7.7,41
2025-10-11 01:00:00,20.8,0.0,6.6,41
2025-10-11 02:00:00,20.8,0.0,6.6,43
2025-10-11 03:00:00,19.4,0.0,4.4,38
2025-10-11 04:00:00,20.2,0.0,5.9,55
2025-10-11 05:00:00,20.7,0.0,8.3,66
2025-10-11 06:00:00,21.1,0.0,9.4,77
2025-10-11 07:00:00,21.2,0.0,9.9,81
2025-10-11 08:00:00,22.4,0.0,8.0,74
2025-10-11 09:00:00,24.0,0.0,9.1,99
2025-10-11 10:00:00,25.1,0.0,11.7,119
2025-10-11 11:00:00,26.1,0.0,14.6,122
2025-10-11 12:00:00,26.9,0.0,13.1,124
2025-10-11 13:00:00,27.5,0.0,9.7,115
2025-10-11 14:00:00,27.5,0.0,11.4,119
2025-10-11 15:00:00,27.3,0.0,12.9,110
2025-10-11 16:00:00,26.9,0.0,10.3,83
2025-10-11 17:00:00,26.0,0.0,9.2,88
2025-10-11 18:00:00,24.5,0.0,7.4,84
2025-10-11 19:00:00,24.4,0.0,9.0,110
2025-10-11 20:00:00,24.4,0.0,6.7,87
2025-10-11 21:00:00,24.2,0.0,7.6,78
2025-10-11 22:00:00,24.0,0.0,6.5,77
2025-10-11 23:00:00,24.0,0.0,5.8,83
2025-10-12 00:00:00,23.5,0.0,3.7,76
2025-10-12 01:00:00,23.5,0.0,4.1,67
2025-10-12 02:00:00,22.7,0.0,3.1,36
2025-10-12 03:00:00,22.9,0.0,5.1,48
2025-10-12 04:00:00,22.9,0.0,5.6,63
2025-10-12 05:00:00,22.8,0.0,5.7,37
2025-10-12 06:00:00,21.9,0.0,7.0,4
2025-10-12 07:00:00,22.0,0.0,7.6,357
2025-10-12 08:00:00,24.1,0.0,5.2,360
2025-10-12 09:00:00,25.9,0.0,2.3,337
2025-10-12 10:00:00,27.5,0.0,3.4,252
2025-10-12 11:00:00,27.8,0.1,6.7,239
2025-10-12 12:00:00,28.4,0.3,7.3,250
2025-10-12 13:00:00,29.1,0.2,7.9,286
2025-10-12 14:00:00,29.1,0.0,15.4,342
2025-10-12 15:00:00,28.5,0.0,15.8,349
2025-10-12 16:00:00,27.4,0.0,15.6,353
2025-10-12 17:00:00,26.2,0.0,13.9,350
2025-10-12 18:00:00,24.9,0.0,12.7,349
2025-10-12 19:00:00,23.9,0.0,12.6,347
2025-10-12 20:00:00,23.5,0.0,11.1,333
2025-10-12 21:00:00,23.6,0.0,12.7,325
2025-10-12 22:00:00,23.5,0.0,12.4,329
2025-10-12 23:00:00,23.1,0.0,12.0,330
2025-10-13 00:00:00,22.9,0.0,9.7,332
2025-10-13 01:00:00,22.5,0.0,7.5,323
2025-10-13 02:00:00,22.2,0.0,7.0,318
2025-10-13 03:00:00,22.6,0.0,8.2,311
2025-10-13 04:00:00,22.5,0.0,7.1,317
2025-10-13 05:00:00,22.1,0.0,7.7,321
2025-10-13 06:00:00,21.9,0.0,8.0,314
2025-10-13 07:00:00,22.1,0.0,6.4,324
2025-10-13 08:00:00,23.4,0.0,6.0,319
2025-10-13 09:00:00,25.0,0.0,7.2,297
2025-10-13 10:00:00,26.4,0.0,8.7,283
2025-10-13 11:00:00,27.4,0.0,9.6,278
2025-10-13 12:00:00,28.0,0.0,10.9,278
2025-10-13 13:00:00,28.4,0.0,12.3,277
2025-10-13 14:00:00,28.5,0.0,12.0,277
2025-10-13 15:00:00,28.6,0.0,12.2,253
2025-10-13 16:00:00,28.3,0.0,12.0,258
2025-10-13 17:00:00,27.3,0.0,12.2,278
2025-10-13 18:00:00,25.5,0.0,13.3,306
2025-10-13 19:00:00,24.2,0.0,11.0,342
2025-10-13 20:00:00,23.1,0.0,10.1,357
2025-10-13 21:00:00,22.9,0.0,7.8,5
2025-10-13 22:00:00,22.5,0.0,3.9,24
2025-10-13 23:00:00,21.9,0.0,3.2,360
2025-10-14 00:00:00,21.5,0.0,1.6,6
2025-10-14 01:00:00,21.0,0.0,1.8,349
2025-10-14 02:00:00,20.9,0.0,0.4,27
2025-10-14 03:00:00,21.6,0.0,1.3,8
2025-10-14 04:00:00,21.4,0.0,1.8,37
2025-10-14 05:00:00,21.3,0.0,3.1,31
2025-10-14 06:00:00,21.2,0.0,1.3,74
2025-10-14 07:00:00,22.2,0.0,4.1,142
2025-10-14 08:00:00,23.6,0.0,5.3,147
2025-10-14 09:00:00,25.2,0.0,8.7,137
2025-10-14 10:00:00,26.5,0.0,9.6,150
2025-10-14 11:00:00,27.4,0.0,8.8,165
2025-10-14 12:00:00,28.1,0.0,8.6,150
2025-10-14 13:00:00,28.5,0.0,7.8,136
2025-10-14 14:00:00,24.1,11.7,13.7,265
2025-10-14 15:00:00,24.6,0.2,11.1,283
2025-10-14 16:00:00,25.0,0.0,15.4,284
2025-10-14 17:00:00,24.6,0.0,13.7,291
2025-10-14 18:00:00,23.9,0.0,11.3,307
2025-10-14 19:00:00,23.4,0.0,9.4,318
2025-10-14 20:00:00,23.2,0.0,7.4,315
2025-10-14 21:00:00,24.0,0.0,12.3,275
2025-10-14 22:00:00,23.1,0.1,12.0,279
2025-10-14 23:00:00,22.6,0.3,10.3,303
2025-10-15 00:00:00,22.5,0.1,9.5,303
2025-10-15 01:00:00,22.4,0.0,8.3,318
2025-10-15 02:00:00,21.9,0.0,8.4,340
2025-10-15 03:00:00,22.0,0.0,16.1,11
2025-10-15 04:00:00,21.5,0.0,15.0,16
2025-10-15 05:00:00,21.2,0.0,12.2,14
2025-10-15 06:00:00,21.0,0.0,12.8,15
2025-10-15 07:00:00,21.1,0.0,10.7,7
2025-10-15 08:00:00,22.5,0.0,9.3,8
2025-10-15 09:00:00,24.2,0.0,8.3,20
2025-10-15 10:00:00,25.9,0.0,4.2,65
2025-10-15 11:00:00,26.7,0.1,5.6,123
2025-10-15 12:00:00,26.6,0.0,9.1,142
2025-10-15 13:00:00,25.9,0.0,10.4,148
2025-10-15 14:00:00,26.4,0.0,8.5,152
2025-10-15 15:00:00,26.5,0.0,5.2,121
2025-10-15 16:00:00,26.5,0.0,5.1,129
2025-10-15 17:00:00,26.0,0.0,5.3,118
2025-10-15 18:00:00,25.0,0.0,4.5,97
2025-10-15 19:00:00,24.0,0.0,3.5,69
2025-10-15 20:00:00,23.6,0.0,5.2,76
2025-10-15 21:00:00,23.5,0.0,6.5,82
2025-10-15 22:00:00,23.6,0.0,7.9,94
2025-10-15 23:00:00,23.6,0.0,8.8,99
2025-10-16 00:00:00,23.6,0.0,12.1,101
2025-10-16 01:00:00,23.5,0.0,12.7,98
2025-10-16 02:00:00,23.5,0.1,11.9,94
2025-10-16 03:00:00,23.2,0.0,9.4,90
2025-10-16 04:00:00,23.0,0.0,8.4,83
2025-10-16 05:00:00,23.2,0.0,8.3,101
2025-10-16 06:00:00,23.3,0.0,8.5,134
2025-10-16 07:00:00,23.6,0.0,6.1,156
2025-10-16 08:00:00,24.6,0.0,6.3,177
2025-10-16 09:00:00,26.1,0.0,9.6,192
2025-10-16 10:00:00,24.3,7.3,13.8,249
2025-10-16 11:00:00,25.6,1.6,9.8,230
2025-10-16 12:00:00,25.8,0.2,13.3,268
2025-10-16 13:00:00,26.0,0.1,9.2,273
2025-10-16 14:00:00,25.2,0.5,14.4,272
2025-10-16 15:00:00,25.1,1.1,18.5,285
2025-10-16 16:00:00,23.8,0.7,19.4,291
2025-10-16 17:00:00,23.8,0.1,12.7,299
2025-10-16 18:00:00,23.6,0.0,11.5,338
2025-10-16 19:00:00,23.2,0.0,14.0,353
2025-10-16 20:00:00,22.8,0.0,16.2,1
2025-10-16 21:00:00,22.1,0.0,16.4,1
2025-10-16 22:00:00,22.1,0.0,13.9,360
2025-10-16 23:00:00,21.9,0.0,13.5,13
2025-10-17 00:00:00,21.6,0.0,12.3,21
2025-10-17 01:00:00,21.0,0.0,9.7,35
2025-10-17 02:00:00,20.4,0.0,8.8,44
2025-10-17 03:00:00,20.9,0.0,13.6,35
2025-10-17 04:00:00,20.5,0.0,13.7,28
2025-10-17 05:00:00,20.0,0.0,13.1,16
2025-10-17 06:00:00,19.6,0.0,11.5,11
2025-10-17 07:00:00,19.5,0.0,10.0,9
2025-10-17 08:00:00,21.0,0.0,7.4,18
2025-10-17 09:00:00,23.1,0.0,5.3,78
2025-10-17 10:00:00,24.5,0.0,9.4,88
2025-10-17 11:00:00,25.3,0.0,8.6,102
2025-10-17 12:00:00,25.9,0.0,9.4,114
2025-10-17 13:00:00,26.0,0.0,11.1,136
2025-10-17 14:00:00,25.8,0.0,12.4,137
2025-10-17 15:00:00,25.6,0.0,12.2,133
2025-10-17 16:00:00,25.1,0.0,12.1,127
2025-10-17 17:00:00,24.2,0.0,11.9,122
2025-10-17 18:00:00,23.5,0.0,14.1,115
2025-10-17 19:00:00,23.5,0.0,13.8,103
2025-10-17 20:00:00,22.9,0.0,14.1,92
2025-10-17 21:00:00,23.1,0.0,15.2,103
2025-10-17 22:00:00,23.8,0.0,19.5,130
2025-10-17 23:00:00,24.1,0.0,20.8,143
2025-10-18 00:00:00,24.3,0.0,21.0,149
2025-10-18 01:00:00,24.4,0.0,22.0,154
2025-10-18 02:00:00,24.4,0.0,21.1,156
2025-10-18 03:00:00,24.1,0.0,16.7,154
2025-10-18 04:00:00,24.0,0.0,14.0,151
2025-10-18 05:00:00,23.9,0.0,13.4,143
2025-10-18 06:00:00,23.5,0.0,10.6,125
2025-10-18 07:00:00,23.5,0.0,10.2,114
2025-10-18 08:00:00,24.7,0.0,11.4,121
2025-10-18 09:00:00,24.9,0.0,7.9,129
2025-10-18 10:00:00,25.0,0.2,5.7,114
2025-10-18 11:00:00,25.4,0.1,5.8,146
2025-10-18 12:00:00,24.0,0.1,11.2,174
2025-10-18 13:00:00,25.4,0.3,7.7,177
2025-10-18 14:00:00,25.8,0.7,7.7,183
2025-10-18 15:00:00,25.3,0.4,14.4,266
2025-10-18 16:00:00,24.1,0.9,13.0,287
2025-10-18 17:00:00,24.0,0.1,11.1,347
2025-10-18 18:00:00,22.6,0.0,13.8,9
2025-10-18 19:00:00,22.0,0.0,13.2,10
2025-10-18 20:00:00,22.1,0.0,13.8,22
2025-10-18 21:00:00,22.6,0.0,12.8,10
2025-10-18 22:00:00,22.6,0.0,14.1,10
2025-10-18 23:00:00,22.0,0.1,16.3,16
2025-10-19 00:00:00,21.6,0.2,17.7,20
2025-10-19 01:00:00,21.1,0.3,19.6,27
2025-10-19 02:00:00,20.3,1.6,18.6,34
2025-10-19 03:00:00,20.2,0.2,17.9,30
2025-10-19 04:00:00,20.3,0.1,17.3,28
2025-10-19 05:00:00,19.6,1.1,15.7,25
2025-10-19 06:00:00,19.3,0.5,13.1,18
2025-10-19 07:00:00,19.5,0.0,12.6,27
2025-10-19 08:00:00,20.2,0.0,11.3,33
2025-10-19 09:00:00,21.1,0.0,6.1,2
2025-10-19 10:00:00,21.9,0.1,4.6,51
2025-10-19 11:00:00,23.2,0.0,4.1,124
2025-10-19 12:00:00,23.1,0.1,2.7,37
2025-10-19 13:00:00,24.8,0.0,2.7,152
2025-10-19 14:00:00,24.8,0.0,0.8,207
2025-10-19 15:00:00,23.3,0.0,3.9,208
2025-10-19 16:00:00,23.1,0.0,3.3,241
2025-10-19 17:00:00,23.0,0.0,6.3,329
2025-10-19 18:00:00,22.0,0.0,11.4,345
2025-10-19 19:00:00,21.0,0.4,15.2,5
2025-10-19 20:00:00,20.5,1.2,14.6,1
2025-10-19 21:00:00,20.6,0.4,12.8,6
2025-10-19 22:00:00,20.2,0.3,12.8,3
2025-10-19 23:00:00,19.5,1.1,10.0,20
2025-10-20 00:00:00,19.6,0.2,9.4,36
2025-10-20 01:00:00,19.5,0.0,8.7,7
2025-10-20 02:00:00,19.5,0.0,10.0,13
2025-10-20 03:00:00,19.6,0.0,10.9,351
2025-10-20 04:00:00,19.6,0.0,7.7,357
2025-10-20 05:00:00,20.0,0.0,8.5,348
2025-10-20 06:00:00,20.1,0.0,13.2,354
2025-10-20 07:00:00,20.1,0.0,13.7,359
2025-10-20 08:00:00,20.6,0.0,13.5,10
2025-10-20 09:00:00,20.9,0.0,10.4,10
2025-10-20 10:00:00,22.2,0.0,13.3,21
2025-10-20 11:00:00,23.3,0.0,13.9,17
2025-10-20 12:00:00,24.2,0.0,13.3,10
2025-10-20 13:00:00,24.5,0.0,12.6,9
2025-10-20 14:00:00,24.0,0.0,13.3,358
2025-10-20 15:00:00,23.4,0.0,15.8,359
2025-10-20 16:00:00,21.8,0.0,19.5,356
2025-10-20 17:00:00,20.4,0.0,17.8,2
2025-10-20 18:00:00,19.2,0.0,18.0,7
2025-10-20 19:00:00,18.6,0.0,18.5,19
2025-10-20 20:00:00,18.0,0.0,19.0,26
2025-10-20 21:00:00,18.4,0.0,22.9,21
2025-10-20 22:00:00,18.1,0.0,21.8,22
2025-10-20 23:00:00,17.6,0.0,19.8,24
2025-10-21 00:00:00,17.0,0.0,18.2,23
2025-10-21 01:00:00,16.5,0.0,14.8,30
2025-10-21 02:00:00,16.4,0.0,11.2,21
2025-10-21 03:00:00,16.9,0.0,15.3,22
2025-10-21 04:00:00,17.2,0.0,14.4,22
2025-10-21 05:00:00,17.2,0.0,13.6,20
2025-10-21 06:00:00,17.1,0.0,11.4,21
2025-10-21 07:00:00,17.2,0.0,10.3,25
2025-10-21 08:00:00,17.9,0.0,8.0,50
2025-10-21 09:00:00,19.0,0.0,10.9,68
2025-10-21 10:00:00,19.8,0.0,10.0,75
2025-10-21 11:00:00,19.4,0.0,10.0,72
2025-10-21 12:00:00,20.8,0.0,12.2,82
2025-10-21 13:00:00,21.5,0.0,10.8,88
2025-10-21 14:00:00,21.5,0.0,9.9,87
2025-10-21 15:00:00,21.1,0.0,6.8,87
2025-10-21 16:00:00,21.0,0.0,6.8,53
2025-10-21 17:00:00,20.4,0.0,8.1,43
2025-10-21 18:00:00,19.2,0.0,9.8,67
2025-10-21 19:00:00,19.0,0.0,14.6,90
2025-10-21 20:00:00,18.3,0.0,16.0,89
2025-10-21 21:00:00,18.4,0.0,15.3,87
2025-10-21 22:00:00,17.9,0.0,13.7,79
2025-10-21 23:00:00,17.4,0.0,10.3,68
2025-10-22 00:00:00,16.9,0.0,7.9,57
2025-10-22 01:00:00,16.8,0.0,10.1,51
2025-10-22 02:00:00,17.2,0.0,11.0,55
2025-10-22 03:00:00,17.0,0.0,11.6,58
2025-10-22 04:00:00,16.8,0.0,11.4,61
2025-10-22 05:00:00,16.9,0.0,12.6,71
2025-10-22 06:00:00,16.9,0.0,13.2,73
2025-10-22 07:00:00,16.7,0.0,13.0,64
2025-10-22 08:00:00,15.9,0.5,12.4,62
2025-10-22 09:00:00,17.1,0.5,15.4,76
2025-10-22 10:00:00,17.3,0.0,14.6,81
2025-10-22 11:00:00,17.5,0.0,15.9,85
2025-10-22 12:00:00,17.6,0.0,15.2,83
2025-10-22 13:00:00,17.5,0.0,14.0,83
2025-10-22 14:00:00,18.1,0.0,12.5,74
2025-10-22 15:00:00,18.0,0.0,12.5,79
2025-10-22 16:00:00,17.9,0.0,14.0,82
2025-10-22 17:00:00,17.4,0.0,13.3,81
2025-10-22 18:00:00,17.3,0.0,13.2,92
2025-10-22 19:00:00,17.0,0.0,10.8,75
2025-10-22 20:00:00,16.4,0.0,9.2,62
2025-10-22 21:00:00,15.8,0.0,11.2,41
2025-10-22 22:00:00,14.5,0.0,5.8,16
2025-10-22 23:00:00,14.2,0.0,8.2,10
2025-10-23 00:00:00,14.1,0.0,10.9,13
2025-10-23 01:00:00,13.9,0.0,10.5,13
2025-10-23 02:00:00,13.8,0.0,11.4,16
2025-10-23 03:00:00,14.1,0.0,12.8,15
2025-10-23 04:00:00,13.9,0.0,11.7,21
2025-10-23 05:00:00,13.6,0.0,11.3,17
2025-10-23 06:00:00,13.4,0.0,10.7,17
2025-10-23 07:00:00,13.5,0.0,9.7,16
2025-10-23 08:00:00,15.6,0.0,8.6,23
2025-10-23 09:00:00,17.8,0.0,12.9,71
2025-10-23 10:00:00,19.5,0.0,12.9,74
2025-10-23 11:00:00,20.9,0.0,13.0,84
2025-10-23 12:00:00,21.6,0.0,14.1,100
2025-10-23 13:00:00,22.0,0.0,13.2,105
2025-10-23 14:00:00,22.4,0.0,12.9,109
2025-10-23 15:00:00,22.0,0.0,10.2,121
2025-10-23 16:00:00,21.8,0.0,9.4,133
2025-10-23 17:00:00,21.0,0.0,4.8,119
2025-10-23 18:00:00,19.4,0.0,5.1,32
2025-10-23 19:00:00,18.6,0.0,5.7,35
2025-10-23 20:00:00,17.3,0.0,4.0,32
2025-10-23 21:00:00,17.5,0.0,7.2,12
2025-10-23 22:00:00,17.4,0.0,8.8,5
2025-10-23 23:00:00,18.2,0.0,8.4,11
2025-10-24 00:00:00,18.3,0.0,10.3,25
2025-10-24 01:00:00,18.4,0.0,8.4,42
2025-10-24 02:00:00,18.1,0.0,8.8,51
2025-10-24 03:00:00,18.2,0.0,9.0,57
2025-10-24 04:00:00,17.4,0.0,10.3,49
2025-10-24 05:00:00,16.9,0.0,11.4,57
2025-10-24 06:00:00,16.4,0.0,11.8,62
2025-10-24 07:00:00,16.0,0.0,12.6,56
2025-10-24 08:00:00,17.1,0.0,12.1,58
2025-10-24 09:00:00,18.6,0.0,7.8,67
2025-10-24 10:00:00,20.2,0.0,10.1,87
2025-10-24 11:00:00,21.7,0.0,10.8,94
2025-10-24 12:00:00,22.4,0.0,8.3,90
2025-10-24 13:00:00,22.8,0.0,8.6,110
2025-10-24 14:00:00,23.0,0.0,11.9,120
2025-10-24 15:00:00,21.8,0.0,13.8,141
2025-10-24 16:00:00,21.5,0.0,12.7,129
2025-10-24 17:00:00,21.1,0.0,10.1,117
2025-10-24 18:00:00,20.5,0.0,9.5,91
2025-10-24 19:00:00,19.5,0.0,9.7,62
2025-10-24 20:00:00,18.9,0.0,9.6,57
2025-10-24 21:00:00,17.4,0.0,7.6,28
2025-10-24 22:00:00,17.8,0.0,10.7,40
2025-10-24 23:00:00,17.9,0.0,11.5,48
2025-10-25 00:00:00,17.8,0.0,12.4,54
2025-10-25 01:00:00,17.6,0.0,13.7,57
2025-10-25 02:00:00,17.3,0.0,14.1,56
2025-10-25 03:00:00,17.2,0.0,13.5,63
2025-10-25 04:00:00,17.3,0.0,12.6,66
2025-10-25 05:00:00,17.8,0.0,12.2,71
2025-10-25 06:00:00,18.0,0.0,12.1,83
2025-10-25 07:00:00,17.9,0.0,13.9,88
2025-10-25 08:00:00,18.4,0.0,15.3,82
2025-10-25 09:00:00,18.1,0.0,6.5,66
2025-10-25 10:00:00,18.8,0.1,5.9,102
2025-10-25 11:00:00,19.0,0.5,4.2,97
2025-10-25 12:00:00,19.4,0.0,3.6,87
2025-10-25 13:00:00,20.6,0.0,2.2,90
2025-10-25 14:00:00,20.6,0.0,2.4,13
2025-10-25 15:00:00,19.0,0.0,3.6,357
2025-10-25 16:00:00,19.2,0.1,3.6,6
2025-10-25 17:00:00,19.2,0.0,3.9,338
2025-10-25 18:00:00,17.7,0.0,3.4,342
2025-10-25 19:00:00,17.4,0.0,3.8,17
2025-10-25 20:00:00,17.6,0.0,4.3,22
2025-10-25 21:00:00,19.0,0.0,5.8,358
2025-10-25 22:00:00,18.8,0.0,6.0,21
2025-10-25 23:00:00,18.4,0.0,4.9,4
2025-10-26 00:00:00,18.0,0.0,4.2,7
2025-10-26 01:00:00,17.7,0.0,5.0,360
2025-10-26 02:00:00,17.6,0.0,6.2,350
2025-10-26 03:00:00,18.0,0.0,9.4,352
2025-10-26 04:00:00,18.0,0.0,11.7,356
2025-10-26 05:00:00,18.1,0.0,11.7,359
2025-10-26 06:00:00,18.1,0.0,9.7,350
2025-10-26 07:00:00,17.6,0.0,8.0,350
2025-10-26 08:00:00,18.8,0.0,6.7,354
2025-10-26 09:00:00,20.0,0.0,5.8,340
2025-10-26 10:00:00,21.5,0.0,8.6,329
2025-10-26 11:00:00,22.6,0.0,10.5,336
2025-10-26 12:00:00,23.2,0.0,12.8,332
2025-10-26 13:00:00,23.0,0.0,16.6,329
2025-10-26 14:00:00,21.8,0.0,15.7,330
2025-10-26 15:00:00,20.2,0.0,14.2,342
2025-10-26 16:00:00,19.8,0.0,14.7,338
2025-10-26 17:00:00,19.0,0.0,14.9,340
2025-10-26 18:00:00,18.2,0.0,15.0,337
2025-10-26 19:00:00,17.6,0.0,15.0,355
2025-10-26 20:00:00,17.5,0.0,14.0,359
2025-10-26 21:00:00,16.9,0.0,11.3,351
2025-10-26 22:00:00,16.8,0.0,12.0,332
2025-10-26 23:00:00,16.4,0.0,10.8,314
2025-10-27 00:00:00,16.4,0.0,11.1,330
2025-10-27 01:00:00,16.1,0.0,8.5,318
2025-10-27 02:00:00,15.8,0.0,9.3,316
2025-10-27 03:00:00,15.5,0.0,8.0,318
2025-10-27 04:00:00,15.3,0.0,8.1,325
2025-10-27 05:00:00,15.9,0.0,15.1,322
2025-10-27 06:00:00,15.9,0.0,12.7,314
2025-10-27 07:00:00,15.9,0.0,13.9,319
2025-10-27 08:00:00,17.4,0.0,13.8,313
2025-10-27 09:00:00,18.6,0.0,17.7,309
2025-10-27 10:00:00,19.4,0.0,19.7,309
2025-10-27 11:00:00,19.7,0.0,21.3,308
2025-10-27 12:00:00,19.4,0.0,21.9,309
2025-10-27 13:00:00,18.8,0.0,22.0,313
2025-10-27 14:00:00,18.0,0.0,22.0,310
2025-10-27 15:00:00,19.8,0.0,19.8,296
2025-10-27 16:00:00,19.0,0.0,19.5,300
2025-10-27 17:00:00,17.7,0.0,18.0,311
2025-10-27 18:00:00,16.4,0.0,16.1,320
2025-10-27 19:00:00,15.4,0.0,13.6,326
2025-10-27 20:00:00,14.5,0.0,12.3,329
2025-10-27 21:00:00,14.1,0.0,12.4,338
2025-10-27 22:00:00,13.7,0.0,12.9,340
2025-10-27 23:00:00,13.8,0.0,17.1,333
2025-10-28 00:00:00,13.5,0.0,15.9,331
2025-10-28 01:00:00,13.1,0.0,15.0,325
2025-10-28 02:00:00,12.9,0.0,15.6,320
2025-10-28 03:00:00,12.9,0.0,15.0,322
2025-10-28 04:00:00,12.6,0.0,13.5,322
2025-10-28 05:00:00,12.4,0.0,12.5,317
2025-10-28 06:00:00,12.4,0.0,14.2,319
2025-10-28 07:00:00,12.5,0.0,14.6,320
2025-10-28 08:00:00,13.6,0.0,13.1,322
2025-10-28 09:00:00,15.1,0.0,14.9,328
2025-10-28 10:00:00,16.2,0.0,13.0,326
2025-10-28 11:00:00,17.3,0.0,11.7,311
2025-10-28 12:00:00,18.1,0.0,12.9,313
2025-10-28 13:00:00,18.2,0.0,13.3,325
2025-10-28 14:00:00,18.2,0.0,12.6,331
2025-10-28 15:00:00,18.1,0.0,11.7,349
2025-10-28 16:00:00,16.9,0.0,14.8,2
2025-10-28 17:00:00,15.6,0.0,14.8,3
2025-10-28 18:00:00,14.4,0.0,14.8,1
2025-10-28 19:00:00,13.9,0.0,13.7,360
2025-10-28 20:00:00,12.8,0.0,9.6,354
2025-10-28 21:00:00,12.1,0.0,10.3,349
2025-10-28 22:00:00,11.6,0.0,8.0,8
2025-10-28 23:00:00,11.3,0.0,8.3,5
2025-10-29 00:00:00,11.4,0.0,9.3,16
2025-10-29 01:00:00,11.4,0.0,11.4,24
2025-10-29 02:00:00,11.4,0.0,12.0,26
2025-10-29 03:00:00,11.4,0.0,14.4,23
2025-10-29 04:00:00,11.0,0.0,14.4,28
2025-10-29 05:00:00,10.8,0.0,14.2,30
2025-10-29 06:00:00,10.5,0.0,13.8,32
2025-10-29 07:00:00,10.4,0.0,12.4,33
2025-10-29 08:00:00,12.1,0.0,10.6,30
2025-10-29 09:00:00,14.4,0.0,8.4,48
2025-10-29 10:00:00,16.1,0.0,10.4,70
2025-10-29 11:00:00,17.2,0.0,8.0,72
2025-10-29 12:00:00,18.0,0.0,6.1,71
2025-10-29 13:00:00,18.8,0.0,4.0,85
2025-10-29 14:00:00,19.2,0.0,3.1,118
2025-10-29 15:00:00,18.9,0.0,5.8,141
2025-10-29 16:00:00,18.5,0.0,5.0,139
2025-10-29 17:00:00,17.2,0.0,0.3,135
2025-10-29 18:00:00,15.7,0.0,7.9,336
2025-10-29 19:00:00,14.5,0.0,14.9,12
2025-10-29 20:00:00,13.6,0.0,12.0,26
2025-10-29 21:00:00,13.1,0.0,11.9,23
2025-10-29 22:00:00,12.6,0.0,11.8,23
2025-10-29 23:00:00,12.9,0.0,11.2,22
2025-10-30 00:00:00,12.8,0.0,10.2,23
2025-10-30 01:00:00,12.4,0.0,10.2,23
2025-10-30 02:00:00,12.4,0.0,10.2,34
2025-10-30 03:00:00,11.7,0.0,8.9,27
2025-10-30 04:00:00,10.6,0.0,10.2,30
2025-10-30 05:00:00,10.6,0.0,8.2,33
2025-10-30 06:00:00,10.9,0.0,12.6,37
2025-10-30 07:00:00,11.1,0.0,9.8,36
2025-10-30 08:00:00,13.1,0.0,11.2,44
2025-10-30 09:00:00,16.1,0.0,11.5,56
2025-10-30 10:00:00,17.6,0.0,9.5,88
2025-10-30 11:00:00,18.5,0.0,10.7,98
2025-10-30 12:00:00,19.2,0.0,10.2,111
2025-10-30 13:00:00,19.8,0.0,8.5,111
2025-10-30 14:00:00,19.8,0.0,6.7,109
2025-10-30 15:00:00,19.8,0.0,8.6,98
2025-10-30 16:00:00,19.6,0.0,8.3,89
2025-10-30 17:00:00,18.6,0.0,6.3,97
2025-10-30 18:00:00,18.3,0.0,6.9,110
2025-10-30 19:00:00,18.5,0.0,6.3,72
2025-10-30 20:00:00,17.6,0.0,7.9,45
2025-10-30 21:00:00,18.1,0.0,9.1,54
2025-10-30 22:00:00,17.4,0.0,10.3,44
2025-10-30 23:00:00,17.0,0.0,10.7,46
2025-10-31 00:00:00,17.0,0.0,9.8,43
2025-10-31 01:00:00,16.8,0.0,10.3,33
2025-10-31 02:00:00,17.0,0.0,8.1,62
2025-10-31 03:00:00,17.1,0.0,10.1,49
2025-10-31 04:00:00,17.0,0.0,7.9,39
2025-10-31 05:00:00,16.5,0.0,7.8,37
2025-10-31 06:00:00,16.4,0.2,8.5,61
2025-10-31 07:00:00,15.6,0.3,9.8,59
2025-10-31 08:00:00,14.4,1.1,6.5,66
2025-10-31 09:00:00,15.2,1.6,16.0,99
2025-10-31 10:00:00,15.1,1.2,17.2,85
2025-10-31 11:00:00,15.1,1.3,17.1,89
2025-10-31 12:00:00,15.1,1.6,19.2,85
2025-10-31 13:00:00,14.9,1.4,15.9,76
2025-10-31 14:00:00,14.9,0.6,11.7,65
2025-10-31 15:00:00,15.6,0.2,11.6,69
2025-10-31 16:00:00,15.9,0.0,11.8,73
2025-10-31 17:00:00,15.6,0.0,8.2,50
2025-10-31 18:00:00,15.0,0.0,7.3,350
2025-10-31 19:00:00,14.6,0.0,8.1,331
2025-10-31 20:00:00,14.0,0.0,5.1,324
2025-10-31 21:00:00,14.8,0.0,4.9,278
2025-10-31 22:00:00,15.4,0.0,7.1,291
2025-10-31 23:00:00,15.1,0.0,8.4,304
2025-11-01 00:00:00,15.1,0.1,11.8,295
2025-11-01 01:00:00,15.1,0.0,10.8,313
2025-11-01 02:00:00,14.6,0.0,9.8,317
2025-11-01 03:00:00,15.0,0.1,13.2,287
2025-11-01 04:00:00,15.1,0.0,17.5,280
2025-11-01 05:00:00,15.1,0.0,13.4,277
2025-11-01 06:00:00,15.4,0.0,17.1,268
2025-11-01 07:00:00,15.5,0.0,14.8,271
2025-11-01 08:00:00,15.7,0.1,20.4,282
2025-11-01 09:00:00,17.8,0.0,17.3,262
2025-11-01 10:00:00,19.7,0.0,19.9,282
2025-11-01 11:00:00,20.3,0.0,25.4,292
2025-11-01 12:00:00,20.2,0.0,25.5,295
2025-11-01 13:00:00,19.9,0.0,25.4,297
2025-11-01 14:00:00,19.6,0.0,24.2,296
2025-11-01 15:00:00,19.6,0.0,23.2,290
2025-11-01 16:00:00,19.0,0.0,21.0,291
2025-11-01 17:00:00,17.9,0.0,18.0,295
2025-11-01 18:00:00,16.8,0.0,14.6,296
2025-11-01 19:00:00,16.0,0.0,11.4,309
2025-11-01 20:00:00,14.4,0.0,2.9,330
2025-11-01 21:00:00,16.8,0.0,12.5,229
2025-11-01 22:00:00,17.1,0.0,17.7,229
2025-11-01 23:00:00,17.0,0.0,18.4,229
2025-11-02 00:00:00,16.9,0.0,16.5,237
2025-11-02 01:00:00,16.4,0.0,13.4,239
2025-11-02 02:00:00,16.3,0.0,13.3,260
2025-11-02 03:00:00,16.5,0.0,15.7,276
2025-11-02 04:00:00,16.6,0.0,14.4,279
2025-11-02 05:00:00,16.6,0.0,14.7,288
2025-11-02 06:00:00,16.5,0.0,16.8,289
2025-11-02 07:00:00,16.2,0.0,16.7,295
2025-11-02 08:00:00,17.0,0.0,15.5,295
2025-11-02 09:00:00,18.5,0.0,17.0,287
2025-11-02 10:00:00,19.2,0.0,25.2,279
2025-11-02 11:00:00,19.7,0.0,24.9,278
2025-11-02 12:00:00,20.1,0.0,23.5,274
2025-11-02 13:00:00,19.5,0.0,23.4,295
2025-11-02 14:00:00,19.1,0.0,27.8,278
2025-11-02 15:00:00,19.1,0.0,24.7,271
2025-11-02 16:00:00,19.0,0.0,22.8,280
2025-11-02 17:00:00,17.9,0.0,23.0,282
2025-11-02 18:00:00,17.1,0.0,21.0,282
2025-11-02 19:00:00,17.0,0.0,20.8,282
2025-11-02 20:00:00,16.7,0.0,20.2,287
2025-11-02 21:00:00,17.2,0.0,21.8,269
2025-11-02 22:00:00,17.0,0.0,23.2,272
2025-11-02 23:00:00,16.8,0.0,23.4,292
2025-11-03 00:00:00,15.8,0.0,21.9,302
2025-11-03 01:00:00,14.9,0.0,18.2,309
2025-11-03 02:00:00,13.5,0.0,22.8,327
2025-11-03 03:00:00,13.4,0.0,22.9,323
2025-11-03 04:00:00,12.9,0.0,22.7,322
2025-11-03 05:00:00,11.8,0.0,20.9,326
2025-11-03 06:00:00,11.1,0.0,11.7,308
2025-11-03 07:00:00,11.5,0.0,14.9,329
2025-11-03 08:00:00,13.1,0.0,12.9,313
2025-11-03 09:00:00,14.1,0.0,8.7,346
2025-11-03 10:00:00,15.6,0.0,15.8,19
2025-11-03 11:00:00,16.7,0.0,14.8,26
2025-11-03 12:00:00,17.3,0.0,17.9,24
2025-11-03 13:00:00,17.2,0.0,18.2,23
2025-11-03 14:00:00,17.5,0.0,17.4,23
2025-11-03 15:00:00,16.6,0.0,17.8,30
2025-11-03 16:00:00,16.2,0.0,15.7,28
2025-11-03 17:00:00,15.0,0.0,16.5,22
2025-11-03 18:00:00,14.1,0.0,17.3,20
2025-11-03 19:00:00,13.3,0.0,18.8,29
2025-11-03 20:00:00,12.9,0.0,19.0,35
2025-11-03 21:00:00,12.1,0.0,15.8,35
2025-11-03 22:00:00,11.6,0.0,14.4,34
2025-11-03 23:00:00,11.1,0.0,12.9,39
2025-11-04 00:00:00,11.0,0.0,12.1,40
2025-11-04 01:00:00,11.1,0.0,12.7,44
2025-11-04 02:00:00,11.1,0.0,11.6,43
2025-11-04 03:00:00,10.8,0.0,11.7,32
2025-11-04 04:00:00,10.5,0.0,11.6,39
2025-11-04 05:00:00,10.4,0.0,11.2,48
2025-11-04 06:00:00,10.2,0.0,10.3,47
2025-11-04 07:00:00,10.1,0.0,10.1,41
2025-11-04 08:00:00,11.6,0.0,9.4,45
2025-11-04 09:00:00,13.7,0.0,10.8,62
2025-11-04 10:00:00,15.0,0.0,11.4,74
2025-11-04 11:00:00,15.8,0.0,9.9,87
2025-11-04 12:00:00,16.5,0.0,8.6,102
2025-11-04 13:00:00,17.4,0.0,8.5,111
2025-11-04 14:00:00,17.4,0.0,7.4,113
2025-11-04 15:00:00,17.2,0.0,7.1,100
2025-11-04 16:00:00,17.0,0.0,6.8,87
2025-11-04 17:00:00,16.6,0.0,5.2,56
2025-11-04 18:00:00,16.4,0.0,6.6,41
2025-11-04 19:00:00,16.0,0.0,9.9,22
2025-11-04 20:00:00,15.5,0.0,12.1,15
2025-11-04 21:00:00,15.7,0.0,10.9,39
2025-11-04 22:00:00,15.5,0.0,13.3,35
2025-11-04 23:00:00,15.4,0.0,13.0,39
2025-11-05 00:00:00,14.9,0.0,13.0,37
2025-11-05 01:00:00,14.7,0.0,11.7,27
2025-11-05 02:00:00,14.8,0.0,11.0,19
2025-11-05 03:00:00,14.9,0.0,10.5,13
2025-11-05 04:00:00,14.9,0.0,10.2,10
2025-11-05 05:00:00,14.8,0.0,10.3,12
2025-11-05 06:00:00,14.4,0.0,9.8,17
2025-11-05 07:00:00,14.6,0.0,7.9,20
2025-11-05 08:00:00,15.4,0.0,7.9,27
2025-11-05 09:00:00,16.8,0.0,6.5,44
2025-11-05 10:00:00,17.8,0.0,6.2,60
2025-11-05 11:00:00,19.4,0.0,4.5,104
2025-11-05 12:00:00,20.0,0.0,5.7,131
2025-11-05 13:00:00,19.9,0.0,6.5,166
2025-11-05 14:00:00,19.3,0.0,9.6,168
2025-11-05 15:00:00,19.4,0.0,7.3,173
2025-11-05 16:00:00,19.1,0.0,3.2,183
2025-11-05 17:00:00,18.0,0.0,0.4,243
2025-11-05 18:00:00,16.9,0.0,8.0,332
2025-11-05 19:00:00,16.0,0.0,10.6,345
2025-11-05 20:00:00,15.4,0.0,11.0,4
2025-11-05 21:00:00,15.4,0.0,10.0,8
2025-11-05 22:00:00,15.4,0.0,9.8,13
2025-11-05 23:00:00,14.9,0.0,11.1,8
2025-11-06 00:00:00,14.4,0.0,12.1,3
2025-11-06 01:00:00,14.2,0.0,9.7,11
2025-11-06 02:00:00,13.9,0.0,10.2,13
2025-11-06 03:00:00,13.2,0.0,8.8,9
2025-11-06 04:00:00,12.8,0.0,9.2,11
2025-11-06 05:00:00,13.1,0.0,11.2,12
2025-11-06 06:00:00,13.2,0.0,11.4,11
2025-11-06 07:00:00,13.2,0.0,10.1,5
2025-11-06 08:00:00,14.9,0.0,10.4,8
2025-11-06 09:00:00,17.4,0.0,7.6,18
2025-11-06 10:00:00,19.1,0.0,11.7,17
2025-11-06 11:00:00,20.4,0.0,13.0,19
2025-11-06 12:00:00,20.9,0.0,14.3,10
2025-11-06 13:00:00,21.1,0.0,14.5,11
2025-11-06 14:00:00,21.0,0.0,15.0,4
2025-11-06 15:00:00,20.5,0.0,16.2,359
2025-11-06 16:00:00,19.3,0.0,17.7,2
2025-11-06 17:00:00,17.8,0.0,18.8,5
2025-11-06 18:00:00,16.6,0.0,17.5,14
2025-11-06 19:00:00,15.9,0.0,15.8,21
2025-11-06 20:00:00,15.3,0.0,15.7,19
2025-11-06 21:00:00,14.9,0.0,12.4,14
2025-11-06 22:00:00,14.6,0.0,10.2,18
2025-11-06 23:00:00,14.8,0.0,10.0,26
2025-11-07 00:00:00,14.4,0.0,11.7,29
2025-11-07 01:00:00,14.4,0.0,11.9,32
2025-11-07 02:00:00,14.0,0.0,10.3,33
2025-11-07 03:00:00,13.4,0.0,10.4,30
2025-11-07 04:00:00,12.9,0.0,9.6,21
2025-11-07 05:00:00,12.8,0.0,9.7,24
2025-11-07 06:00:00,12.8,0.0,8.6,37
2025-11-07 07:00:00,12.7,0.0,10.3,40
2025-11-07 08:00:00,14.2,0.0,12.1,40
2025-11-07 09:00:00,16.8,0.0,9.4,48
2025-11-07 10:00:00,18.5,0.0,4.7,106
2025-11-07 11:00:00,19.0,0.0,5.2,192
2025-11-07 12:00:00,19.4,0.0,7.6,211
2025-11-07 13:00:00,19.5,0.0,9.5,212
2025-11-07 14:00:00,19.3,0.0,11.8,211
2025-11-07 15:00:00,19.1,0.0,11.4,199
2025-11-07 16:00:00,18.6,0.0,8.3,204
2025-11-07 17:00:00,17.0,0.0,4.0,231
2025-11-07 18:00:00,15.4,0.0,4.8,297
2025-11-07 19:00:00,15.4,0.0,10.8,356
2025-11-07 20:00:00,14.8,0.0,12.7,23
2025-11-07 21:00:00,14.2,0.0,10.8,21
2025-11-07 22:00:00,13.4,0.0,9.5,33
2025-11-07 23:00:00,13.2,0.0,11.0,26
2025-11-08 00:00:00,14.4,0.0,12.1,52
2025-11-08 01:00:00,14.6,0.0,12.1,73
2025-11-08 02:00:00,14.4,0.0,12.9,75
2025-11-08 03:00:00,13.7,0.0,12.9,62
2025-11-08 04:00:00,13.4,0.0,12.4,64
2025-11-08 05:00:00,13.3,0.0,12.0,64
2025-11-08 06:00:00,13.4,0.0,12.0,69
2025-11-08 07:00:00,13.6,0.0,11.6,71
2025-11-08 08:00:00,14.4,0.0,13.4,66
2025-11-08 09:00:00,15.9,0.0,11.3,77
2025-11-08 10:00:00,17.7,0.0,11.9,95
2025-11-08 11:00:00,19.0,0.0,14.7,110
2025-11-08 12:00:00,19.8,0.0,15.2,114
2025-11-08 13:00:00,20.0,0.0,16.2,119
2025-11-08 14:00:00,20.0,0.0,18.3,115
2025-11-08 15:00:00,19.5,0.0,21.9,113
2025-11-08 16:00:00,18.9,0.0,20.2,104
2025-11-08 17:00:00,19.0,0.0,17.4,107
2025-11-08 18:00:00,19.0,0.0,19.0,107
2025-11-08 19:00:00,18.8,0.0,17.5,105
2025-11-08 20:00:00,19.0,0.0,16.3,107
2025-11-08 21:00:00,17.9,0.0,14.8,96
2025-11-08 22:00:00,17.4,0.9,16.3,97
2025-11-08 23:00:00,18.0,0.6,19.6,113
2025-11-09 00:00:00,18.0,0.2,19.4,112
2025-11-09 01:00:00,18.2,0.4,22.7,104
2025-11-09 02:00:00,17.9,1.3,23.6,101
2025-11-09 03:00:00,18.2,3.9,24.7,113
2025-11-09 04:00:00,18.3,2.7,19.5,119
2025-11-09 05:00:00,18.1,1.4,21.8,100
2025-11-09 06:00:00,17.8,0.9,21.8,100
2025-11-09 07:00:00,18.0,1.7,17.5,107
2025-11-09 08:00:00,18.4,0.6,14.4,105
2025-11-09 09:00:00,18.7,0.5,12.9,108
2025-11-09 10:00:00,19.2,0.7,12.2,127
2025-11-09 11:00:00,19.9,0.2,9.4,132
2025-11-09 12:00:00,20.3,0.2,6.0,119
2025-11-09 13:00:00,21.3,0.0,4.3,178
2025-11-09 14:00:00,20.8,0.4,16.5,338
2025-11-09 15:00:00,19.4,0.0,13.0,343
2025-11-09 16:00:00,19.5,0.0,14.8,324
2025-11-09 17:00:00,18.8,0.0,14.0,329
2025-11-09 18:00:00,17.6,0.0,10.9,333
2025-11-09 19:00:00,17.4,0.0,12.0,317
2025-11-09 20:00:00,17.0,0.0,13.9,320
2025-11-09 21:00:00,17.0,0.0,11.6,305
2025-11-09 22:00:00,17.1,0.0,10.7,316
2025-11-09 23:00:00,17.2,0.0,8.5,331
2025-11-10 00:00:00,17.5,0.0,12.7,328
2025-11-10 01:00:00,17.0,0.0,16.3,333
2025-11-10 02:00:00,17.0,0.0,16.2,330
2025-11-10 03:00:00,16.4,0.0,17.2,333
2025-11-10 04:00:00,16.5,0.0,16.7,330
2025-11-10 05:00:00,15.6,0.0,15.7,330
2025-11-10 06:00:00,14.9,0.0,14.8,318
2025-11-10 07:00:00,14.7,0.0,15.3,315
2025-11-10 08:00:00,15.3,0.0,19.2,328
2025-11-10 09:00:00,16.4,0.0,20.3,324
2025-11-10 10:00:00,17.0,0.0,20.8,318
2025-11-10 11:00:00,16.9,0.0,21.3,316
2025-11-10 12:00:00,16.8,0.0,19.9,318
2025-11-10 13:00:00,16.7,0.0,17.2,319
2025-11-10 14:00:00,16.5,0.0,15.1,321
2025-11-10 15:00:00,16.4,0.0,13.1,318
2025-11-10 16:00:00,15.6,0.0,13.5,329
2025-11-10 17:00:00,14.2,0.0,11.4,335
2025-11-10 18:00:00,12.9,0.0,9.2,337
2025-11-10 19:00:00,12.1,0.0,9.0,334
2025-11-10 20:00:00,11.6,0.0,9.0,329
2025-11-10 21:00:00,11.1,0.0,7.8,331
2025-11-10 22:00:00,10.2,0.0,6.2,338
2025-11-10 23:00:00,9.5,0.0,6.3,357
2025-11-11 00:00:00,8.6,0.0,5.2,14
2025-11-11 01:00:00,8.4,0.0,5.9,11
2025-11-11 02:00:00,8.0,0.0,5.5,11
2025-11-11 03:00:00,8.1,0.0,5.1,6
2025-11-11 04:00:00,7.4,0.0,4.7,7
2025-11-11 05:00:00,6.8,0.0,3.7,14
2025-11-11 06:00:00,6.9,0.0,4.3,24
2025-11-11 07:00:00,7.8,0.0,4.9,36
2025-11-11 08:00:00,10.1,0.0,6.0,44
2025-11-11 09:00:00,13.1,0.0,4.2,65
2025-11-11 10:00:00,14.7,0.0,2.9,97
2025-11-11 11:00:00,15.1,0.0,3.6,90
2025-11-11 12:00:00,15.4,0.0,1.2,117
2025-11-11 13:00:00,16.9,0.0,2.1,239
2025-11-11 14:00:00,17.0,0.0,4.9,234
2025-11-11 15:00:00,17.0,0.0,6.0,224
2025-11-11 16:00:00,16.7,0.0,4.3,255
2025-11-11 17:00:00,14.2,0.0,4.8,333
2025-11-11 18:00:00,13.7,0.0,8.8,5
2025-11-11 19:00:00,11.9,0.0,5.4,21
2025-11-11 20:00:00,11.3,0.0,5.2,41
2025-11-11 21:00:00,11.6,0.0,4.9,28
2025-11-11 22:00:00,11.3,0.0,5.6,358
2025-11-11 23:00:00,11.4,0.0,6.8,3
2025-11-12 00:00:00,11.4,0.0,9.6,17
2025-11-12 01:00:00,11.2,0.0,9.5,15
2025-11-12 02:00:00,11.0,0.0,8.1,18
2025-11-12 03:00:00,10.9,0.0,7.6,14
2025-11-12 04:00:00,10.8,0.0,10.3,23
2025-11-12 05:00:00,10.6,0.0,9.2,20
2025-11-12 06:00:00,11.1,0.0,7.6,28
2025-11-12 07:00:00,11.7,0.0,9.2,43
2025-11-12 08:00:00,12.8,0.0,10.9,52
2025-11-12 09:00:00,14.1,0.0,8.4,55
2025-11-12 10:00:00,15.1,0.0,10.5,77
2025-11-12 11:00:00,16.5,0.0,11.0,94
2025-11-12 12:00:00,17.2,0.0,10.8,114
2025-11-12 13:00:00,17.3,0.0,8.9,99
2025-11-12 14:00:00,17.6,0.0,6.4,106
2025-11-12 15:00:00,17.5,0.0,6.0,99
2025-11-12 16:00:00,17.1,0.0,6.3,85
2025-11-12 17:00:00,16.2,0.0,4.9,66
2025-11-12 18:00:00,15.9,0.0,5.5,46
2025-11-12 19:00:00,15.0,0.0,3.3,54
2025-11-12 20:00:00,15.6,0.0,6.3,66
2025-11-12 21:00:00,15.6,0.0,8.2,75
2025-11-12 22:00:00,15.6,0.0,9.4,60
2025-11-12 23:00:00,15.1,0.0,10.2,48
2025-11-13 00:00:00,15.0,0.0,11.1,53
2025-11-13 01:00:00,15.3,0.0,10.2,64
2025-11-13 02:00:00,15.6,0.0,9.7,72
2025-11-13 03:00:00,15.3,0.0,7.6,47
2025-11-13 04:00:00,15.3,0.0,7.1,45
2025-11-13 05:00:00,15.2,0.0,6.5,42
2025-11-13 06:00:00,14.7,0.0,4.8,20
2025-11-13 07:00:00,14.2,0.0,7.4,4
2025-11-13 08:00:00,14.1,0.0,5.0,15
2025-11-13 09:00:00,15.6,0.0,6.9,31
2025-11-13 10:00:00,16.6,0.0,6.8,22
2025-11-13 11:00:00,17.9,0.0,4.8,15
2025-11-13 12:00:00,18.5,0.0,3.8,349
2025-11-13 13:00:00,19.1,0.0,4.4,308
2025-11-13 14:00:00,19.7,0.0,5.5,281
2025-11-13 15:00:00,19.4,0.0,6.4,286
2025-11-13 16:00:00,18.9,0.0,7.3,320
2025-11-13 17:00:00,17.5,0.0,11.0,346
2025-11-13 18:00:00,16.3,0.0,8.0,340
2025-11-13 19:00:00,14.9,0.0,5.8,340
2025-11-13 20:00:00,12.6,0.0,5.2,338
2025-11-13 21:00:00,12.4,0.0,5.7,347
2025-11-13 22:00:00,11.7,0.0,7.7,348
2025-11-13 23:00:00,10.8,0.0,4.1,347
2025-11-14 00:00:00,10.5,0.0,4.0,355
2025-11-14 01:00:00,10.9,0.0,6.3,3
2025-11-14 02:00:00,10.6,0.0,6.8,358
2025-11-14 03:00:00,10.4,0.0,5.8,5
2025-11-14 04:00:00,9.6,0.0,4.7,16
2025-11-14 05:00:00,9.5,0.0,4.7,23
2025-11-14 06:00:00,9.6,0.0,4.7,16
2025-11-14 07:00:00,9.4,0.0,4.3,15
2025-11-14 08:00:00,11.8,0.0,4.7,4
2025-11-14 09:00:00,15.9,0.0,5.3,332
2025-11-14 10:00:00,17.8,0.0,6.1,12
2025-11-14 11:00:00,19.0,0.0,7.1,16
2025-11-14 12:00:00,19.5,0.0,5.6,2
2025-11-14 13:00:00,19.9,0.0,6.5,316
2025-11-14 14:00:00,19.7,0.0,7.4,296
2025-11-14 15:00:00,19.4,0.0,10.2,262
2025-11-14 16:00:00,18.9,0.0,8.9,298
2025-11-14 17:00:00,17.0,0.0,11.6,345
2025-11-14 18:00:00,15.1,0.0,7.9,356
2025-11-14 19:00:00,14.0,0.0,9.2,4
2025-11-14 20:00:00,13.2,0.0,8.7,13
2025-11-14 21:00:00,12.8,0.0,8.5,25
2025-11-14 22:00:00,12.4,0.0,7.3,28
2025-11-14 23:00:00,11.3,0.0,5.3,24
2025-11-15 00:00:00,10.1,0.0,4.3,17
2025-11-15 01:00:00,9.4,0.0,2.9,22
2025-11-15 02:00:00,9.2,0.0,1.3,16
2025-11-15 03:00:00,9.1,0.0,2.1,31
2025-11-15 04:00:00,8.4,0.0,2.8,15
2025-11-15 05:00:00,8.6,0.0,3.8,3
2025-11-15 06:00:00,9.2,0.0,4.3,5
2025-11-15 07:00:00,9.1,0.0,4.0,3
2025-11-15 08:00:00,12.1,0.0,5.6,358
2025-11-15 09:00:00,15.3,0.0,4.9,17
2025-11-15 10:00:00,17.2,0.0,4.9,8
2025-11-15 11:00:00,18.4,0.0,5.2,14
2025-11-15 12:00:00,19.0,0.0,2.8,342
2025-11-15 13:00:00,19.5,0.0,2.3,270
2025-11-15 14:00:00,19.4,0.0,3.3,248
2025-11-15 15:00:00,19.1,0.0,2.0,243
2025-11-15 16:00:00,18.4,0.0,2.9,266
2025-11-15 17:00:00,15.5,0.0,4.2,317
2025-11-15 18:00:00,14.9,0.0,9.5,349
2025-11-15 19:00:00,14.0,0.0,10.5,6
2025-11-15 20:00:00,13.4,0.0,9.2,7
2025-11-15 21:00:00,13.0,0.0,9.4,3
2025-11-15 22:00:00,12.7,0.0,8.4,15
2025-11-15 23:00:00,12.1,0.0,9.5,14
2025-11-16 00:00:00,11.6,0.0,8.2,19
2025-11-16 01:00:00,10.8,0.0,6.5,32
2025-11-16 02:00:00,10.3,0.0,6.5,34
2025-11-16 03:00:00,10.2,0.0,7.2,32
2025-11-16 04:00:00,9.6,0.0,6.5,28
2025-11-16 05:00:00,9.3,0.0,6.7,24
2025-11-16 06:00:00,9.3,0.0,6.8,27
2025-11-16 07:00:00,9.4,0.0,5.1,32
2025-11-16 08:00:00,12.1,0.0,5.2,59
2025-11-16 09:00:00,15.1,0.0,4.9,84
2025-11-16 10:00:00,16.9,0.0,6.4,101
2025-11-16 11:00:00,18.0,0.0,9.4,121
2025-11-16 12:00:00,18.5,0.0,10.6,122
2025-11-16 13:00:00,19.0,0.0,10.7,120
2025-11-16 14:00:00,19.0,0.0,10.8,120
2025-11-16 15:00:00,18.9,0.0,9.6,116
2025-11-16 16:00:00,18.5,0.0,7.9,107
2025-11-16 17:00:00,17.0,0.0,5.7,114
2025-11-16 18:00:00,16.2,0.0,6.2,105
2025-11-16 19:00:00,15.2,0.0,5.3,80
2025-11-16 20:00:00,14.6,0.0,4.7,58
2025-11-16 21:00:00,15.1,0.0,1.9,61
2025-11-16 22:00:00,13.6,0.0,2.0,10
2025-11-16 23:00:00,13.6,0.0,4.0,3
2025-11-17 00:00:00,12.2,0.0,1.5,30
2025-11-17 01:00:00,12.4,0.0,1.4,360
2025-11-17 02:00:00,12.3,0.0,2.4,318
2025-11-17 03:00:00,12.4,0.0,4.8,299
2025-11-17 04:00:00,12.1,0.0,6.1,284
2025-11-17 05:00:00,14.1,0.0,6.8,268
2025-11-17 06:00:00,13.1,0.0,5.4,278
2025-11-17 07:00:00,12.4,0.0,4.1,272
2025-11-17 08:00:00,14.8,0.0,8.2,280
2025-11-17 09:00:00,16.4,0.0,6.3,268
2025-11-17 10:00:00,18.1,0.0,8.4,230
2025-11-17 11:00:00,19.5,0.0,10.9,239
2025-11-17 12:00:00,20.2,0.0,16.4,274
2025-11-17 13:00:00,19.5,0.0,20.5,291
2025-11-17 14:00:00,18.1,0.0,21.8,322
2025-11-17 15:00:00,17.9,0.0,17.5,333
2025-11-17 16:00:00,17.0,0.0,15.6,333
2025-11-17 17:00:00,16.1,0.0,16.1,330
2025-11-17 18:00:00,15.6,0.0,16.3,326
2025-11-17 19:00:00,15.1,0.0,17.3,322
2025-11-17 20:00:00,14.4,0.0,18.0,319
2025-11-17 21:00:00,13.2,0.0,11.6,318
2025-11-17 22:00:00,13.2,0.0,13.5,322
2025-11-17 23:00:00,13.0,0.0,14.9,324
2025-11-18 00:00:00,12.4,0.0,16.1,321
2025-11-18 01:00:00,11.5,0.0,17.5,323
2025-11-18 02:00:00,10.6,0.0,18.2,321
2025-11-18 03:00:00,10.6,0.0,16.8,325
2025-11-18 04:00:00,10.1,0.0,17.2,320
2025-11-18 05:00:00,9.8,0.0,17.5,312
2025-11-18 06:00:00,9.8,0.0,18.9,310
2025-11-18 07:00:00,9.6,0.0,19.6,311
2025-11-18 08:00:00,9.9,0.0,20.1,309
2025-11-18 09:00:00,11.1,0.0,20.6,307
2025-11-18 10:00:00,11.2,0.0,21.4,305
2025-11-18 11:00:00,11.3,0.0,23.0,303
2025-11-18 12:00:00,11.6,0.0,23.6,301
2025-11-18 13:00:00,12.1,0.0,26.5,302
2025-11-18 14:00:00,11.6,0.0,25.7,306
2025-11-18 15:00:00,11.1,0.0,22.8,309
2025-11-18 16:00:00,10.5,0.0,21.5,313
2025-11-18 17:00:00,10.1,0.0,17.3,312
2025-11-18 18:00:00,9.4,0.0,15.0,322
2025-11-18 19:00:00,9.1,0.0,14.0,313
2025-11-18 20:00:00,8.8,0.0,13.6,324
2025-11-18 21:00:00,8.9,0.0,12.7,317
2025-11-18 22:00:00,8.9,0.0,11.1,318
2025-11-18 23:00:00,9.2,0.0,13.9,318
2025-11-19 00:00:00,9.6,0.0,16.0,313
2025-11-19 01:00:00,9.8,0.0,16.1,310
2025-11-19 02:00:00,9.8,0.0,16.9,314
2025-11-19 03:00:00,9.4,0.0,14.8,315
2025-11-19 04:00:00,9.1,0.0,11.0,334
2025-11-19 05:00:00,7.9,0.0,7.2,347
2025-11-19 06:00:00,7.8,0.0,4.9,336
2025-11-19 07:00:00,7.4,0.0,7.4,326
2025-11-19 08:00:00,8.6,0.0,10.8,328
2025-11-19 09:00:00,10.1,0.0,7.1,339
2025-11-19 10:00:00,11.5,0.0,5.4,304
2025-11-19 11:00:00,12.5,0.0,9.1,285
2025-11-19 12:00:00,12.9,0.0,12.6,279
2025-11-19 13:00:00,12.7,0.0,13.5,289
2025-11-19 14:00:00,12.6,0.0,13.7,289
2025-11-19 15:00:00,12.1,0.0,13.6,287
2025-11-19 16:00:00,11.8,0.0,12.6,294
2025-11-19 17:00:00,11.4,0.0,9.8,296
2025-11-19 18:00:00,10.4,0.0,8.0,310
2025-11-19 19:00:00,8.9,0.0,4.3,355
2025-11-19 20:00:00,9.8,0.0,6.0,21
2025-11-19 21:00:00,9.6,0.0,8.8,41
2025-11-19 22:00:00,9.2,0.0,6.0,57
2025-11-19 23:00:00,9.4,0.0,4.0,72
2025-11-20 00:00:00,8.6,0.0,1.1,360
2025-11-20 01:00:00,8.4,0.0,2.8,281
2025-11-20 02:00:00,10.4,0.0,10.2,256
2025-11-20 03:00:00,11.4,0.0,15.3,238
2025-11-20 04:00:00,11.4,0.0,13.2,224
2025-11-20 05:00:00,12.1,0.0,12.7,240
2025-11-20 06:00:00,12.2,0.0,15.9,245
2025-11-20 07:00:00,12.1,0.0,15.3,252
2025-11-20 08:00:00,12.8,0.0,15.1,273
2025-11-20 09:00:00,13.8,0.0,16.7,246
2025-11-20 10:00:00,14.1,0.0,19.0,239
2025-11-20 11:00:00,14.4,0.0,19.3,271
2025-11-20 12:00:00,14.6,0.0,21.3,287
2025-11-20 13:00:00,15.0,0.0,20.1,277
2025-11-20 14:00:00,15.5,0.0,18.8,277
2025-11-20 15:00:00,15.0,0.0,18.2,279
2025-11-20 16:00:00,14.6,0.0,17.3,283
2025-11-20 17:00:00,13.8,0.0,15.4,264
2025-11-20 18:00:00,13.0,0.0,14.2,263
2025-11-20 19:00:00,12.4,0.0,7.0,252
2025-11-20 20:00:00,11.6,0.0,7.1,255
2025-11-20 21:00:00,13.1,0.0,13.7,240
2025-11-20 22:00:00,13.1,0.0,16.1,238
2025-11-20 23:00:00,13.4,0.0,18.2,231
2025-11-21 00:00:00,13.2,0.0,17.2,244
2025-11-21 01:00:00,13.1,0.0,16.4,247
2025-11-21 02:00:00,12.7,0.0,10.4,260
2025-11-21 03:00:00,12.8,0.0,12.7,254
2025-11-21 04:00:00,12.7,0.0,9.6,261
2025-11-21 05:00:00,12.4,0.0,8.6,271
2025-11-21 06:00:00,12.5,0.0,9.8,276
2025-11-21 07:00:00,12.8,0.0,11.0,280
2025-11-21 08:00:00,13.6,0.0,11.7,283
2025-11-21 09:00:00,15.4,0.0,16.8,264
2025-11-21 10:00:00,16.1,0.0,19.7,265
2025-11-21 11:00:00,16.6,0.0,23.0,280
2025-11-21 12:00:00,16.6,0.0,23.0,282
2025-11-21 13:00:00,16.1,0.0,21.6,293
2025-11-21 14:00:00,15.7,0.0,20.2,303
2025-11-21 15:00:00,15.6,0.0,18.2,300
2025-11-21 16:00:00,15.1,0.0,16.5,300
2025-11-21 17:00:00,13.7,0.0,14.3,307
2025-11-21 18:00:00,12.4,0.0,10.7,319
2025-11-21 19:00:00,11.4,0.0,9.9,333
2025-11-21 20:00:00,10.9,0.0,10.3,337
2025-11-21 21:00:00,10.8,0.0,9.3,335
2025-11-21 22:00:00,9.9,0.0,9.3,352
2025-11-21 23:00:00,9.4,0.0,8.6,2
2025-11-22 00:00:00,9.1,0.0,8.5,6
2025-11-22 01:00:00,8.9,0.0,8.7,8
2025-11-22 02:00:00,8.9,0.0,8.3,2
2025-11-22 03:00:00,8.5,0.0,8.3,356
2025-11-22 04:00:00,7.7,0.0,8.5,4
2025-11-22 05:00:00,6.9,0.0,7.6,15
2025-11-22 06:00:00,6.2,0.0,6.3,27
2025-11-22 07:00:00,5.4,0.0,5.1,39
2025-11-22 08:00:00,7.6,0.0,6.5,44
2025-11-22 09:00:00,11.4,0.0,5.1,45
2025-11-22 10:00:00,13.6,0.0,2.3,90
2025-11-22 11:00:00,14.6,0.0,4.7,184
2025-11-22 12:00:00,15.0,0.0,4.9,216
2025-11-22 13:00:00,15.2,0.0,6.1,230
2025-11-22 14:00:00,15.5,0.0,6.8,220
2025-11-22 15:00:00,16.1,0.0,5.3,252
2025-11-22 16:00:00,15.9,0.0,6.1,284
2025-11-22 17:00:00,13.9,0.0,5.0,285
2025-11-22 18:00:00,13.0,0.0,6.2,300
2025-11-22 19:00:00,12.8,0.0,8.6,307
2025-11-22 20:00:00,11.1,0.0,5.0,316
2025-11-22 21:00:00,10.7,0.0,2.8,333
2025-11-22 22:00:00,9.9,0.0,0.7,360
2025-11-22 23:00:00,9.8,0.0,0.7,346
2025-11-23 00:00:00,10.2,0.0,0.4,27
2025-11-23 01:00:00,10.3,0.0,0.7,90
2025-11-23 02:00:00,10.1,0.0,0.6,72
2025-11-23 03:00:00,9.6,0.0,0.5,45
2025-11-23 04:00:00,8.6,0.0,1.0,22
2025-11-23 05:00:00,8.6,0.0,0.4,27
2025-11-23 06:00:00,9.0,0.0,1.2,117
2025-11-23 07:00:00,9.1,0.0,2.5,201
2025-11-23 08:00:00,11.4,0.0,5.0,215
2025-11-23 09:00:00,13.8,0.0,6.6,189
2025-11-23 10:00:00,15.0,0.0,8.7,186
2025-11-23 11:00:00,15.7,0.0,9.5,178
2025-11-23 12:00:00,16.2,0.0,8.3,174
2025-11-23 13:00:00,16.6,0.0,6.3,175
2025-11-23 14:00:00,16.8,0.0,3.3,167
2025-11-23 15:00:00,16.6,0.0,1.2,153
2025-11-23 16:00:00,16.5,0.0,1.5,135
2025-11-23 17:00:00,13.9,0.0,2.7,138
2025-11-23 18:00:00,13.1,0.0,1.7,122
2025-11-23 19:00:00,12.7,0.0,2.0,117
2025-11-23 20:00:00,12.4,0.0,4.6,141
2025-11-23 21:00:00,13.3,0.0,8.0,118
2025-11-23 22:00:00,12.9,0.0,5.5,134
2025-11-23 23:00:00,12.4,0.0,2.0,175
2025-11-24 00:00:00,12.2,0.0,3.6,160
2025-11-24 01:00:00,11.6,0.0,4.4,148
2025-11-24 02:00:00,11.6,0.0,2.1,160
2025-11-24 03:00:00,11.0,0.0,0.6,18
2025-11-24 04:00:00,9.8,0.0,2.8,11
2025-11-24 05:00:00,9.9,0.0,4.3,17
2025-11-24 06:00:00,9.4,0.0,3.9,24
2025-11-24 07:00:00,9.9,0.0,4.8,13
2025-11-24 08:00:00,10.8,0.0,8.2,9
2025-11-24 09:00:00,13.1,0.0,5.1,58
2025-11-24 10:00:00,14.6,0.3,5.4,90
2025-11-24 11:00:00,16.0,0.0,4.5,97
2025-11-24 12:00:00,17.2,0.0,2.8,135
2025-11-24 13:00:00,17.2,0.1,5.2,209
2025-11-24 14:00:00,17.4,0.0,4.5,203
2025-11-24 15:00:00,17.6,0.0,5.4,174
2025-11-24 16:00:00,17.1,0.0,5.4,172
2025-11-24 17:00:00,15.8,0.0,3.3,158
2025-11-24 18:00:00,15.2,0.0,3.5,165
2025-11-24 19:00:00,14.8,0.0,1.8,191
2025-11-24 20:00:00,14.1,0.0,1.7,221
2025-11-24 21:00:00,14.0,0.0,3.8,101
2025-11-24 22:00:00,14.0,0.0,3.8,109
2025-11-24 23:00:00,14.1,0.2,6.6,248
2025-11-25 00:00:00,13.8,0.2,1.9,139
2025-11-25 01:00:00,13.1,0.3,4.3,298
2025-11-25 02:00:00,13.2,0.7,6.7,278
2025-11-25 03:00:00,13.2,1.3,9.9,295
2025-11-25 04:00:00,13.0,1.3,9.4,283
2025-11-25 05:00:00,13.1,1.3,9.2,253
2025-11-25 06:00:00,12.9,0.5,4.1,285
2025-11-25 07:00:00,12.3,0.1,4.9,253
2025-11-25 08:00:00,13.5,0.0,6.8,270
2025-11-25 09:00:00,14.4,0.0,7.1,243
2025-11-25 10:00:00,15.7,0.0,12.9,231
2025-11-25 11:00:00,17.4,0.0,15.5,250
2025-11-25 12:00:00,17.1,0.0,28.4,290
2025-11-25 13:00:00,16.2,0.0,23.8,277
2025-11-25 14:00:00,13.4,0.3,19.6,269
2025-11-25 15:00:00,11.9,0.3,23.6,272
2025-11-25 16:00:00,13.9,0.2,29.8,278
2025-11-25 17:00:00,13.9,0.0,29.1,278
2025-11-25 18:00:00,13.6,0.0,29.1,284
2025-11-25 19:00:00,12.9,0.0,26.8,294
2025-11-25 20:00:00,12.4,0.0,24.0,297
2025-11-25 21:00:00,12.6,0.0,22.7,283
2025-11-25 22:00:00,12.4,0.0,24.8,290
2025-11-25 23:00:00,12.0,0.0,25.2,299
2025-11-26 00:00:00,11.4,0.0,22.5,305
2025-11-26 01:00:00,10.8,0.0,21.2,310
2025-11-26 02:00:00,10.8,0.0,18.4,303
2025-11-26 03:00:00,10.8,0.0,17.2,305
2025-11-26 04:00:00,11.0,0.0,17.9,309
2025-11-26 05:00:00,10.9,0.0,17.9,315
2025-11-26 06:00:00,10.8,0.0,14.9,311
2025-11-26 07:00:00,10.9,0.1,12.7,317
2025-11-26 08:00:00,11.6,0.0,10.3,308
2025-11-26 09:00:00,13.7,0.0,4.4,305
2025-11-26 10:00:00,15.3,0.0,3.8,352
2025-11-26 11:00:00,16.5,0.0,7.8,5
2025-11-26 12:00:00,17.0,0.0,7.6,338
2025-11-26 13:00:00,17.6,0.0,8.3,330
2025-11-26 14:00:00,17.7,0.0,9.8,342
2025-11-26 15:00:00,17.1,0.0,7.1,345
2025-11-26 16:00:00,16.5,0.0,9.0,355
2025-11-26 17:00:00,14.4,0.0,11.0,355
2025-11-26 18:00:00,12.8,0.0,11.5,357
2025-11-26 19:00:00,11.7,0.0,9.0,3
2025-11-26 20:00:00,10.4,0.0,5.5,9
2025-11-26 21:00:00,9.5,0.0,5.0,15
2025-11-26 22:00:00,8.4,0.0,3.7,23
2025-11-26 23:00:00,8.1,0.0,1.8,11
2025-11-27 00:00:00,9.4,0.0,0.0,270
2025-11-27 01:00:00,10.1,0.0,0.8,63
2025-11-27 02:00:00,9.9,0.0,1.8,79
2025-11-27 03:00:00,10.0,0.0,0.9,37
2025-11-27 04:00:00,9.8,0.0,1.1,198
2025-11-27 05:00:00,9.4,0.0,2.8,169
2025-11-27 06:00:00,9.6,0.0,5.0,193
2025-11-27 07:00:00,11.1,0.0,8.7,172
2025-11-27 08:00:00,12.0,0.0,11.7,162
2025-11-27 09:00:00,13.6,0.0,13.8,165
2025-11-27 10:00:00,15.1,0.0,14.2,176
2025-11-27 11:00:00,15.7,0.0,12.6,218
2025-11-27 12:00:00,16.1,0.0,13.4,185
2025-11-27 13:00:00,17.0,0.0,15.7,170
2025-11-27 14:00:00,17.6,0.0,13.4,173
2025-11-27 15:00:00,17.5,0.0,25.2,228
2025-11-27 16:00:00,17.0,0.0,19.1,262
2025-11-27 17:00:00,16.0,0.0,28.6,267
2025-11-27 18:00:00,14.1,0.0,25.7,270
2025-11-27 19:00:00,13.9,0.1,27.6,278
2025-11-27 20:00:00,13.9,0.0,29.2,279
2025-11-27 21:00:00,14.1,0.1,29.4,278
2025-11-27 22:00:00,13.8,0.0,30.8,277
2025-11-27 23:00:00,13.1,0.1,31.9,279
2025-11-28 00:00:00,12.6,0.1,31.7,284
2025-11-28 01:00:00,12.2,0.0,30.4,289
2025-11-28 02:00:00,12.4,0.0,30.0,293
2025-11-28 03:00:00,12.4,0.0,28.3,289
2025-11-28 04:00:00,11.9,0.0,28.0,290
2025-11-28 05:00:00,11.4,0.0,24.6,292
2025-11-28 06:00:00,11.2,0.0,19.6,295
2025-11-28 07:00:00,10.4,0.0,20.2,323
2025-11-28 08:00:00,10.2,0.0,19.0,323
2025-11-28 09:00:00,11.8,0.0,18.8,304
2025-11-28 10:00:00,12.4,0.0,19.4,304
2025-11-28 11:00:00,12.7,0.0,19.3,302
2025-11-28 12:00:00,12.7,0.0,19.7,300
2025-11-28 13:00:00,12.5,0.0,19.0,300
2025-11-28 14:00:00,12.4,0.0,18.2,302
2025-11-28 15:00:00,12.2,0.0,15.4,300
2025-11-28 16:00:00,11.8,0.0,12.8,308
2025-11-28 17:00:00,10.4,0.0,11.1,323
2025-11-28 18:00:00,9.4,0.0,11.4,337
2025-11-28 19:00:00,8.6,0.0,8.0,344
2025-11-28 20:00:00,7.7,0.0,4.4,348
2025-11-28 21:00:00,7.8,0.0,3.4,354
2025-11-28 22:00:00,7.6,0.0,4.2,350
2025-11-28 23:00:00,7.1,0.0,4.5,2
2025-11-29 00:00:00,6.7,0.0,5.9,12
2025-11-29 01:00:00,6.2,0.0,6.5,23
2025-11-29 02:00:00,5.2,0.0,4.0,32
2025-11-29 03:00:00,5.1,0.0,4.1,29
2025-11-29 04:00:00,4.4,0.0,5.3,33
2025-11-29 05:00:00,4.5,0.0,7.3,28
2025-11-29 06:00:00,4.6,0.0,7.5,30
2025-11-29 07:00:00,4.5,0.0,7.4,29
2025-11-29 08:00:00,6.1,0.0,7.7,25
2025-11-29 09:00:00,9.4,0.0,5.1,51
2025-11-29 10:00:00,11.2,0.0,2.2,132
2025-11-29 11:00:00,12.1,0.0,4.1,203
2025-11-29 12:00:00,12.7,0.0,5.5,216
2025-11-29 13:00:00,13.1,0.0,6.1,214
2025-11-29 14:00:00,13.2,0.0,3.6,225
2025-11-29 15:00:00,13.6,0.0,1.4,310
2025-11-29 16:00:00,13.6,0.0,2.8,342
2025-11-29 17:00:00,11.4,0.0,0.9,349
2025-11-29 18:00:00,10.4,0.0,1.9,17
2025-11-29 19:00:00,9.4,0.0,3.1,50
2025-11-29 20:00:00,9.0,0.0,4.1,67
2025-11-29 21:00:00,9.9,0.0,0.9,101
2025-11-29 22:00:00,8.6,0.0,4.5,119
2025-11-29 23:00:00,9.2,0.0,4.2,144
2025-11-30 00:00:00,9.6,0.0,6.3,175
2025-11-30 01:00:00,11.3,0.0,10.2,171
2025-11-30 02:00:00,11.2,0.0,10.5,158
2025-11-30 03:00:00,10.8,0.0,8.2,122
2025-11-30 04:00:00,9.9,0.0,6.2,105
2025-11-30 05:00:00,9.3,0.0,5.4,96
2025-11-30 06:00:00,8.6,0.0,5.1,82
2025-11-30 07:00:00,9.6,0.0,5.8,86
2025-11-30 08:00:00,11.0,0.0,6.8,72
2025-11-30 09:00:00,13.0,0.0,9.3,103
2025-11-30 10:00:00,15.2,0.0,9.4,128
2025-11-30 11:00:00,16.4,0.0,9.6,146
2025-11-30 12:00:00,17.0,0.0,8.6,147
2025-11-30 13:00:00,17.8,0.0,8.4,138
2025-11-30 14:00:00,18.0,0.0,8.5,128
2025-11-30 15:00:00,18.1,0.0,8.0,134
2025-11-30 16:00:00,17.4,0.0,8.9,119
2025-11-30 17:00:00,15.7,0.0,9.0,110
2025-11-30 18:00:00,15.2,0.0,9.0,125
2025-11-30 19:00:00,15.4,0.0,11.1,148
2025-11-30 20:00:00,15.4,0.0,11.1,150
2025-11-30 21:00:00,15.4,0.0,12.9,155
2025-11-30 22:00:00,15.2,0.0,12.4,163
2025-11-30 23:00:00,14.9,0.0,10.7,173
2025-12-01 00:00:00,14.6,0.0,7.7,179
2025-12-01 01:00:00,14.6,0.0,8.1,176
2025-12-01 02:00:00,14.9,0.0,9.9,185
2025-12-01 03:00:00,15.1,0.0,10.7,187
2025-12-01 04:00:00,14.8,0.0,9.2,192
2025-12-01 05:00:00,14.7,0.0,8.9,193
2025-12-01 06:00:00,14.4,0.0,7.2,208
2025-12-01 07:00:00,13.5,0.0,1.8,264
2025-12-01 08:00:00,14.4,0.0,1.1,90
2025-12-01 09:00:00,15.9,0.1,4.4,351
2025-12-01 10:00:00,16.8,0.0,3.6,323
2025-12-01 11:00:00,17.9,0.0,3.2,199
2025-12-01 12:00:00,19.0,0.0,5.9,239
2025-12-01 13:00:00,19.9,0.0,11.7,267
2025-12-01 14:00:00,20.0,0.0,15.9,279
2025-12-01 15:00:00,19.2,0.0,14.8,283
2025-12-01 16:00:00,18.5,0.0,11.8,276
2025-12-01 17:00:00,16.9,0.0,8.0,276
2025-12-01 18:00:00,14.8,0.0,4.7,310
2025-12-01 19:00:00,13.9,0.0,9.2,340
2025-12-01 20:00:00,12.9,0.0,11.9,358
2025-12-01 21:00:00,12.7,0.0,10.8,357
2025-12-01 22:00:00,12.4,0.0,7.1,7
2025-12-01 23:00:00,10.1,0.0,3.6,18
2025-12-02 00:00:00,9.1,0.0,2.9,4
2025-12-02 01:00:00,8.1,0.0,2.8,15
2025-12-02 02:00:00,7.8,0.0,3.5,24
2025-12-02 03:00:00,8.2,0.0,5.8,9
2025-12-02 04:00:00,8.8,0.0,6.3,360
2025-12-02 05:00:00,8.8,0.0,5.4,2
2025-12-02 06:00:00,8.2,0.0,4.3,358
2025-12-02 07:00:00,8.1,0.0,3.6,340
2025-12-02 08:00:00,10.4,0.0,2.3,309
2025-12-02 09:00:00,12.4,0.0,1.7,311
2025-12-02 10:00:00,14.4,0.0,3.0,194
2025-12-02 11:00:00,15.6,0.0,2.8,243
2025-12-02 12:00:00,16.6,0.0,7.3,250
2025-12-02 13:00:00,17.1,0.1,8.7,304
2025-12-02 14:00:00,17.4,0.0,17.6,347
2025-12-02 15:00:00,16.1,0.0,20.1,354
2025-12-02 16:00:00,15.3,0.0,19.7,351
2025-12-02 17:00:00,14.1,0.0,16.5,337
2025-12-02 18:00:00,12.8,0.0,17.0,356
2025-12-02 19:00:00,12.4,0.0,12.2,359
2025-12-02 20:00:00,12.0,0.0,10.7,337
2025-12-02 21:00:00,11.6,0.0,11.9,326
2025-12-02 22:00:00,11.5,0.0,14.0,327
2025-12-02 23:00:00,11.3,0.0,14.6,325
2025-12-03 00:00:00,10.9,0.0,14.4,322
2025-12-03 01:00:00,10.4,0.0,14.7,319
2025-12-03 02:00:00,9.8,0.0,19.9,319
2025-12-03 03:00:00,9.8,0.0,19.5,321
2025-12-03 04:00:00,9.2,0.0,19.0,319
2025-12-03 05:00:00,8.7,0.0,20.8,314
2025-12-03 06:00:00,8.5,0.0,24.1,312
2025-12-03 07:00:00,7.9,0.0,25.2,315
2025-12-03 08:00:00,7.9,0.0,25.1,318
2025-12-03 09:00:00,8.1,0.0,22.9,321
2025-12-03 10:00:00,7.9,0.0,25.7,319
2025-12-03 11:00:00,7.9,0.0,25.0,320
2025-12-03 12:00:00,7.2,0.0,25.3,326
2025-12-03 13:00:00,7.4,0.0,25.0,322
2025-12-03 14:00:00,7.3,0.0,26.2,322
2025-12-03 15:00:00,6.9,0.0,22.9,323
2025-12-03 16:00:00,6.2,0.0,21.9,318
2025-12-03 17:00:00,5.6,0.0,19.7,316
2025-12-03 18:00:00,5.8,0.0,21.5,306
2025-12-03 19:00:00,6.0,0.0,20.1,310
2025-12-03 20:00:00,6.3,0.0,23.0,305
2025-12-03 21:00:00,6.2,0.0,25.6,312
2025-12-03 22:00:00,5.6,0.0,29.5,322
2025-12-03 23:00:00,5.2,0.0,28.9,323
2025-12-04 00:00:00,4.3,0.0,29.4,321
2025-12-04 01:00:00,4.1,0.0,26.0,317
2025-12-04 02:00:00,4.3,0.0,22.9,317
2025-12-04 03:00:00,4.2,0.0,21.9,319
2025-12-04 04:00:00,4.2,0.0,20.0,318
2025-12-04 05:00:00,4.1,0.0,20.6,315
2025-12-04 06:00:00,4.1,0.0,18.1,316
2025-12-04 07:00:00,4.7,0.0,16.3,317
2025-12-04 08:00:00,5.2,0.0,16.7,312
2025-12-04 09:00:00,6.1,0.0,15.3,317
2025-12-04 10:00:00,6.9,0.0,19.3,306
2025-12-04 11:00:00,7.3,0.0,20.3,300
2025-12-04 12:00:00,7.8,0.1,21.9,294
2025-12-04 13:00:00,8.0,0.0,22.7,291
2025-12-04 14:00:00,8.3,0.0,22.9,292
2025-12-04 15:00:00,8.2,0.0,19.6,281
2025-12-04 16:00:00,8.6,0.0,19.8,278
2025-12-04 17:00:00,8.3,0.0,17.4,286
2025-12-04 18:00:00,8.2,0.0,15.2,293
2025-12-04 19:00:00,8.2,0.0,14.0,308
2025-12-04 20:00:00,7.8,0.0,14.1,320
2025-12-04 21:00:00,8.1,0.0,10.8,300
2025-12-04 22:00:00,8.1,0.0,16.8,303
2025-12-04 23:00:00,8.5,0.0,17.0,297
2025-12-05 00:00:00,8.8,0.0,24.4,298
2025-12-05 01:00:00,9.2,0.0,25.4,298
2025-12-05 02:00:00,9.2,0.0,23.1,294
2025-12-05 03:00:00,9.4,0.0,23.7,292
2025-12-05 04:00:00,9.2,0.3,21.9,284
2025-12-05 05:00:00,8.7,0.1,22.6,301
2025-12-05 06:00:00,7.9,1.2,21.1,306
2025-12-05 07:00:00,8.4,0.0,23.7,308
2025-12-05 08:00:00,8.4,0.0,25.5,310
2025-12-05 09:00:00,9.0,0.0,26.5,314
2025-12-05 10:00:00,8.9,0.0,25.5,317
2025-12-05 11:00:00,8.9,0.0,21.0,315
2025-12-05 12:00:00,9.0,0.0,20.7,319
2025-12-05 13:00:00,9.1,0.0,19.5,314
2025-12-05 14:00:00,9.3,0.0,18.9,320
2025-12-05 15:00:00,9.3,0.0,13.4,318
2025-12-05 16:00:00,8.8,0.0,11.4,327
2025-12-05 17:00:00,7.4,0.0,9.0,340
2025-12-05 18:00:00,6.7,0.0,7.3,335
2025-12-05 19:00:00,5.5,0.0,5.3,327
2025-12-05 20:00:00,4.6,0.0,4.9,327
2025-12-05 21:00:00,4.2,0.0,3.1,7
2025-12-05 22:00:00,3.1,0.0,2.8,27
2025-12-05 23:00:00,3.3,0.0,4.0,30
2025-12-06 00:00:00,3.0,0.0,5.6,29
2025-12-06 01:00:00,2.5,0.0,7.1,30
2025-12-06 02:00:00,2.1,0.0,6.7,27
2025-12-06 03:00:00,1.8,0.0,6.7,24
2025-12-06 04:00:00,1.4,0.0,6.2,21
2025-12-06 05:00:00,1.6,0.0,4.7,28
2025-12-06 06:00:00,1.9,0.0,3.2,34
2025-12-06 07:00:00,1.5,0.0,2.7,48
2025-12-06 08:00:00,4.2,0.0,3.5,69
2025-12-06 09:00:00,6.8,0.0,4.9,126
2025-12-06 10:00:00,8.8,0.0,8.9,166
2025-12-06 11:00:00,10.0,0.0,9.7,177
2025-12-06 12:00:00,10.8,0.0,9.6,185
2025-12-06 13:00:00,11.3,0.0,9.4,200
2025-12-06 14:00:00,12.1,0.0,8.2,221
2025-12-06 15:00:00,12.6,0.0,12.1,242
2025-12-06 16:00:00,12.4,0.0,11.9,232
2025-12-06 17:00:00,11.6,0.0,12.5,219
2025-12-06 18:00:00,11.4,0.0,17.4,230
2025-12-06 19:00:00,11.3,0.0,14.5,238
2025-12-06 20:00:00,11.0,0.0,13.0,253
2025-12-06 21:00:00,11.6,0.0,14.3,229
2025-12-06 22:00:00,11.4,0.0,13.6,222
2025-12-06 23:00:00,11.4,0.0,14.8,217
2025-12-07 00:00:00,11.7,0.0,15.0,218
2025-12-07 01:00:00,11.9,0.0,14.5,212
2025-12-07 02:00:00,11.9,0.0,14.0,204
2025-12-07 03:00:00,10.9,0.0,9.0,218
2025-12-07 04:00:00,10.4,0.0,7.7,191
2025-12-07 05:00:00,9.3,0.0,5.2,178
2025-12-07 06:00:00,9.1,0.0,1.6,180
2025-12-07 07:00:00,9.6,0.0,0.5,315
2025-12-07 08:00:00,10.0,0.0,1.1,9
2025-12-07 09:00:00,12.4,0.0,4.3,73
2025-12-07 10:00:00,13.7,0.0,3.0,115
2025-12-07 11:00:00,14.5,0.0,1.6,153
2025-12-07 12:00:00,14.9,0.0,1.2,141
2025-12-07 13:00:00,15.8,0.0,1.2,117
2025-12-07 14:00:00,16.2,0.0,1.9,68
2025-12-07 15:00:00,16.9,0.0,4.4,305
2025-12-07 16:00:00,16.8,0.0,8.4,298
2025-12-07 17:00:00,15.1,0.0,8.5,291
2025-12-07 18:00:00,14.3,0.0,7.9,266
2025-12-07 19:00:00,12.7,0.0,4.9,242
2025-12-07 20:00:00,13.6,0.0,7.3,213
2025-12-07 21:00:00,13.4,0.0,7.4,212
2025-12-07 22:00:00,13.1,0.0,7.2,205
2025-12-07 23:00:00,12.8,0.0,6.6,189
2025-12-08 00:00:00,12.6,0.0,6.6,193
2025-12-08 01:00:00,12.9,0.0,9.7,199
2025-12-08 02:00:00,12.9,0.0,11.1,210
2025-12-08 03:00:00,13.3,0.0,13.5,217
2025-12-08 04:00:00,13.1,0.0,11.8,243
2025-12-08 05:00:00,12.6,0.0,10.5,274
2025-12-08 06:00:00,13.1,0.0,16.2,267
2025-12-08 07:00:00,13.6,0.0,16.5,286
2025-12-08 08:00:00,13.1,0.0,12.3,301
2025-12-08 09:00:00,14.6,0.0,13.5,293
2025-12-08 10:00:00,16.2,0.0,12.4,298
2025-12-08 11:00:00,16.3,0.0,17.1,323
2025-12-08 12:00:00,16.0,0.0,17.3,326
2025-12-08 13:00:00,15.6,0.0,16.5,328
2025-12-08 14:00:00,15.2,0.0,17.6,333
2025-12-08 15:00:00,14.6,0.0,16.8,336
2025-12-08 16:00:00,13.2,0.0,16.2,343
2025-12-08 17:00:00,12.0,0.0,13.2,336
2025-12-08 18:00:00,10.6,0.0,12.0,324
2025-12-08 19:00:00,9.6,0.0,11.7,335
2025-12-08 20:00:00,9.0,0.0,9.6,348
2025-12-08 21:00:00,8.7,0.0,8.1,348
2025-12-08 22:00:00,7.8,0.0,5.3,350
2025-12-08 23:00:00,7.5,0.0,5.8,351
2025-12-09 00:00:00,7.1,0.0,6.0,355
2025-12-09 01:00:00,6.4,0.0,5.5,349
2025-12-09 02:00:00,6.1,0.0,5.9,348
2025-12-09 03:00:00,5.8,0.0,5.7,349
2025-12-09 04:00:00,4.4,0.0,5.1,350
2025-12-09 05:00:00,4.0,0.0,5.5,333
2025-12-09 06:00:00,4.0,0.0,4.8,338
2025-12-09 07:00:00,4.0,0.0,5.6,25
2025-12-09 08:00:00,5.2,0.0,9.3,53
2025-12-09 09:00:00,8.5,0.0,7.9,77
2025-12-09 10:00:00,10.7,0.0,7.6,97
2025-12-09 11:00:00,11.9,0.0,2.6,106
2025-12-09 12:00:00,12.5,0.0,4.3,268
2025-12-09 13:00:00,12.9,0.0,8.7,256
2025-12-09 14:00:00,12.9,0.0,10.9,258
2025-12-09 15:00:00,13.2,0.0,12.6,275
2025-12-09 16:00:00,12.5,0.0,13.2,292
2025-12-09 17:00:00,10.9,0.0,11.3,303
2025-12-09 18:00:00,9.4,0.0,11.7,326
2025-12-09 19:00:00,8.2,0.0,10.9,343
2025-12-09 20:00:00,7.3,0.0,9.5,346
2025-12-09 21:00:00,7.0,0.0,9.2,4
2025-12-09 22:00:00,6.8,0.0,8.8,9
2025-12-09 23:00:00,6.7,0.0,8.7,4
2025-12-10 00:00:00,6.7,0.0,9.0,2
2025-12-10 01:00:00,6.6,0.0,8.9,6
2025-12-10 02:00:00,6.2,0.0,7.6,7
2025-12-10 03:00:00,5.6,0.0,6.0,357
2025-12-10 04:00:00,5.1,0.0,6.2,8
2025-12-10 05:00:00,5.3,0.0,6.0,5
2025-12-10 06:00:00,4.9,0.0,4.5,346
2025-12-10 07:00:00,5.1,0.0,3.0,346
2025-12-10 08:00:00,6.2,0.0,4.0,350
2025-12-10 09:00:00,8.4,0.0,4.6,349
2025-12-10 10:00:00,10.2,0.0,1.5,249
2025-12-10 11:00:00,11.6,0.0,4.4,201
2025-12-10 12:00:00,12.1,0.0,7.1,207
2025-12-10 13:00:00,12.3,0.0,8.6,211
2025-12-10 14:00:00,12.3,0.0,9.6,214
2025-12-10 15:00:00,12.1,0.0,9.8,216
2025-12-10 16:00:00,11.6,0.0,9.0,213
2025-12-10 17:00:00,10.1,0.0,4.4,207
2025-12-10 18:00:00,9.5,0.0,0.6,342
2025-12-10 19:00:00,8.9,0.0,4.1,13
2025-12-10 20:00:00,8.4,0.0,8.6,16
2025-12-10 21:00:00,7.8,0.0,8.7,30
2025-12-10 22:00:00,7.2,0.0,7.6,31
2025-12-10 23:00:00,6.8,0.0,5.8,39
2025-12-11 00:00:00,7.3,0.0,5.9,45
2025-12-11 01:00:00,8.0,0.0,7.9,49
2025-12-11 02:00:00,8.2,0.0,5.0,49
2025-12-11 03:00:00,8.6,0.0,7.0,69
2025-12-11 04:00:00,9.6,0.0,6.1,104
2025-12-11 05:00:00,10.4,0.0,6.4,119
2025-12-11 06:00:00,10.7,0.0,8.0,121
2025-12-11 07:00:00,11.3,0.0,9.8,140
2025-12-11 08:00:00,11.2,0.0,5.4,143
2025-12-11 09:00:00,12.6,0.0,6.2,144
2025-12-11 10:00:00,13.6,0.0,6.8,143
2025-12-11 11:00:00,14.8,0.0,4.8,143
2025-12-11 12:00:00,14.7,5.4,4.1,128
2025-12-11 13:00:00,14.9,2.8,5.9,50
2025-12-11 14:00:00,14.1,0.0,4.2,5
2025-12-11 15:00:00,15.2,0.1,5.2,331
2025-12-11 16:00:00,14.2,0.6,3.3,22
2025-12-11 17:00:00,12.9,0.0,0.6,146
2025-12-11 18:00:00,12.1,0.1,0.9,307
2025-12-11 19:00:00,11.9,0.7,4.2,282
2025-12-11 20:00:00,11.1,0.0,4.9,298
2025-12-11 21:00:00,11.8,0.0,13.3,344
2025-12-11 22:00:00,11.3,0.0,14.7,335
2025-12-11 23:00:00,10.8,0.0,17.5,335
2025-12-12 00:00:00,10.4,0.0,15.9,331
2025-12-12 01:00:00,10.3,0.0,14.0,327
2025-12-12 02:00:00,9.6,0.0,10.8,313
2025-12-12 03:00:00,9.1,0.0,10.8,317
2025-12-12 04:00:00,9.1,0.0,10.5,333
2025-12-12 05:00:00,9.3,0.0,16.3,6
2025-12-12 06:00:00,8.8,0.0,19.3,27
2025-12-12 07:00:00,8.4,0.0,19.0,35
2025-12-12 08:00:00,7.6,0.0,17.9,30
2025-12-12 09:00:00,9.4,0.0,16.7,26
2025-12-12 10:00:00,10.2,0.0,17.6,42
2025-12-12 11:00:00,10.4,0.0,18.2,38
2025-12-12 12:00:00,10.6,0.0,19.0,35
2025-12-12 13:00:00,10.8,0.0,18.7,32
2025-12-12 14:00:00,10.6,0.0,18.6,30
2025-12-12 15:00:00,9.9,0.0,19.6,22
2025-12-12 16:00:00,9.4,0.0,19.9,27
2025-12-12 17:00:00,7.8,0.0,18.9,31
2025-12-12 18:00:00,6.9,0.0,20.2,30
2025-12-12 19:00:00,6.2,0.0,20.2,32
2025-12-12 20:00:00,5.6,0.0,17.0,33
2025-12-12 21:00:00,5.6,0.0,15.5,35
2025-12-12 22:00:00,5.1,0.0,14.4,47
2025-12-12 23:00:00,4.7,0.0,13.0,61
2025-12-13 00:00:00,4.4,0.0,12.3,59
2025-12-13 01:00:00,4.3,0.0,12.9,57
2025-12-13 02:00:00,4.3,0.0,12.6,64
2025-12-13 03:00:00,4.5,0.0,14.5,69
2025-12-13 04:00:00,4.0,0.0,14.1,56
2025-12-13 05:00:00,3.5,0.0,13.2,43
2025-12-13 06:00:00,3.2,0.0,11.0,41
2025-12-13 07:00:00,3.3,0.0,8.8,46
2025-12-13 08:00:00,4.4,0.0,10.5,61
2025-12-13 09:00:00,5.4,0.0,8.0,72
2025-12-13 10:00:00,7.0,0.0,11.0,89
2025-12-13 11:00:00,8.9,0.0,11.8,99
2025-12-13 12:00:00,9.7,0.0,13.5,121
2025-12-13 13:00:00,9.3,0.1,14.5,113
2025-12-13 14:00:00,9.1,0.6,13.4,95
2025-12-13 15:00:00,8.8,0.2,14.8,88
2025-12-13 16:00:00,9.4,0.1,16.1,94
2025-12-13 17:00:00,9.9,0.2,19.3,104
2025-12-13 18:00:00,10.6,0.9,20.3,110
2025-12-13 19:00:00,11.2,0.9,19.4,107
2025-12-13 20:00:00,11.5,1.1,19.7,117
2025-12-13 21:00:00,11.2,2.1,18.5,120
2025-12-13 22:00:00,11.6,3.7,18.8,136
2025-12-13 23:00:00,11.8,2.5,18.0,134
2025-12-14 00:00:00,11.8,2.1,14.4,146
2025-12-14 01:00:00,12.1,1.4,23.6,237
2025-12-14 02:00:00,10.9,0.9,31.4,305
2025-12-14 03:00:00,10.9,0.4,21.4,294
2025-12-14 04:00:00,10.8,0.0,24.1,299
2025-12-14 05:00:00,10.4,0.0,27.0,309
2025-12-14 06:00:00,9.6,0.0,25.8,308
2025-12-14 07:00:00,8.7,0.0,23.0,314
2025-12-14 08:00:00,8.8,0.0,24.7,314
2025-12-14 09:00:00,9.4,0.0,24.0,304
2025-12-14 10:00:00,9.9,0.0,26.9,308
2025-12-14 11:00:00,10.1,0.0,27.3,306
2025-12-14 12:00:00,10.4,0.0,28.7,301
2025-12-14 13:00:00,10.4,0.0,30.3,295
2025-12-14 14:00:00,10.0,0.0,27.6,294
2025-12-14 15:00:00,10.1,0.0,25.8,293
2025-12-14 16:00:00,9.4,0.0,23.0,302
2025-12-14 17:00:00,8.8,0.0,22.8,302
2025-12-14 18:00:00,8.1,0.0,20.9,302
2025-12-14 19:00:00,8.2,0.0,19.8,309
2025-12-14 20:00:00,7.9,0.0,17.6,311
2025-12-14 21:00:00,7.8,0.0,11.5,310
2025-12-14 22:00:00,7.9,0.0,14.3,315
2025-12-14 23:00:00,7.9,0.0,15.8,314
2025-12-15 00:00:00,7.6,0.0,17.9,315
2025-12-15 01:00:00,7.2,0.0,17.6,316
2025-12-15 02:00:00,6.8,0.0,16.2,310
2025-12-15 03:00:00,6.6,0.0,15.9,313
2025-12-15 04:00:00,6.6,0.0,14.1,316
2025-12-15 05:00:00,6.3,0.0,14.0,317
2025-12-15 06:00:00,6.2,0.0,13.3,318
2025-12-15 07:00:00,6.7,0.0,15.6,327
2025-12-15 08:00:00,6.8,0.0,14.5,326
2025-12-15 09:00:00,7.9,0.0,12.1,323
2025-12-15 10:00:00,9.0,0.0,15.0,316
2025-12-15 11:00:00,9.4,0.0,13.5,312
2025-12-15 12:00:00,9.9,0.0,13.2,310
2025-12-15 13:00:00,10.2,0.0,12.6,308
2025-12-15 14:00:00,10.4,0.0,12.7,305
2025-12-15 15:00:00,10.1,0.0,10.3,292
2025-12-15 16:00:00,10.0,0.0,9.4,290
2025-12-15 17:00:00,9.3,0.0,7.3,293
2025-12-15 18:00:00,8.2,0.0,6.1,310
2025-12-15 19:00:00,6.0,0.0,4.4,341
2025-12-15 20:00:00,4.9,0.0,3.5,12
2025-12-15 21:00:00,4.4,0.0,2.9,356
2025-12-15 22:00:00,3.5,0.0,2.5,356
2025-12-15 23:00:00,4.2,0.0,0.7,360
2025-12-16 00:00:00,5.1,0.0,0.6,326
2025-12-16 01:00:00,5.5,0.0,1.8,186
2025-12-16 02:00:00,5.6,0.0,2.8,220
2025-12-16 03:00:00,5.2,0.0,0.8,117
2025-12-16 04:00:00,4.2,0.0,2.8,101
2025-12-16 05:00:00,4.1,0.0,1.5,60
2025-12-16 06:00:00,4.4,0.0,1.4,50
2025-12-16 07:00:00,4.9,0.0,2.4,73
2025-12-16 08:00:00,5.8,0.0,2.4,81
2025-12-16 09:00:00,8.4,0.0,3.5,81
2025-12-16 10:00:00,9.8,0.0,2.2,55
2025-12-16 11:00:00,10.5,0.0,2.1,20
2025-12-16 12:00:00,11.3,0.0,4.4,249
2025-12-16 13:00:00,11.9,0.0,10.2,257
2025-12-16 14:00:00,12.1,0.0,10.9,278
2025-12-16 15:00:00,13.0,0.0,11.8,298
2025-12-16 16:00:00,12.4,0.0,10.6,305
2025-12-16 17:00:00,9.9,0.0,4.4,302
2025-12-16 18:00:00,7.9,0.0,2.5,356
2025-12-16 19:00:00,7.1,0.0,3.1,31
2025-12-16 20:00:00,6.1,0.0,4.0,51
2025-12-16 21:00:00,6.9,0.0,3.6,33
2025-12-16 22:00:00,7.3,0.0,2.8,45
2025-12-16 23:00:00,7.6,0.0,2.8,40
2025-12-17 00:00:00,7.3,0.0,1.8,45
2025-12-17 01:00:00,7.4,0.0,2.2,85
2025-12-17 02:00:00,7.3,0.0,4.0,82
2025-12-17 03:00:00,8.1,0.0,7.2,86
2025-12-17 04:00:00,8.9,0.0,6.9,97
2025-12-17 05:00:00,9.6,0.0,8.2,119
2025-12-17 06:00:00,10.1,0.0,8.2,139
2025-12-17 07:00:00,10.7,0.0,7.7,147
2025-12-17 08:00:00,11.4,0.0,7.8,171
2025-12-17 09:00:00,11.3,0.0,7.1,142
2025-12-17 10:00:00,12.4,0.2,7.9,197
2025-12-17 11:00:00,12.3,0.3,10.0,250
2025-12-17 12:00:00,11.7,1.8,19.3,272
2025-12-17 13:00:00,12.7,0.6,16.6,269
2025-12-17 14:00:00,14.1,0.0,18.1,293
2025-12-17 15:00:00,14.4,0.0,17.2,311
2025-12-17 16:00:00,14.0,0.1,14.9,314
2025-12-17 17:00:00,12.4,0.0,13.7,328
2025-12-17 18:00:00,11.2,0.0,14.4,323
2025-12-17 19:00:00,10.6,0.0,13.5,326
2025-12-17 20:00:00,10.1,0.0,12.2,333
2025-12-17 21:00:00,10.1,0.0,11.2,344
2025-12-17 22:00:00,9.4,0.0,12.7,349
2025-12-17 23:00:00,8.9,0.0,11.6,347
2025-12-18 00:00:00,8.3,0.0,10.4,340
2025-12-18 01:00:00,6.9,0.0,5.7,319
2025-12-18 02:00:00,6.0,0.0,4.8,307
2025-12-18 03:00:00,5.7,0.0,3.1,360
2025-12-18 04:00:00,4.5,0.0,2.3,29
2025-12-18 05:00:00,4.1,0.0,3.0,33
2025-12-18 06:00:00,4.1,0.0,3.7,14
2025-12-18 07:00:00,4.7,0.0,2.4,13
2025-12-18 08:00:00,5.7,0.0,2.8,50
2025-12-18 09:00:00,10.1,0.0,1.9,22
2025-12-18 10:00:00,12.1,0.0,1.7,103
2025-12-18 11:00:00,13.3,0.0,0.9,180
2025-12-18 12:00:00,13.9,0.0,3.1,187
2025-12-18 13:00:00,13.9,0.0,7.2,186
2025-12-18 14:00:00,13.6,0.0,10.2,187
2025-12-18 15:00:00,13.8,0.0,9.4,167
2025-12-18 16:00:00,13.4,0.0,7.0,136
2025-12-18 17:00:00,12.0,0.0,6.1,114
2025-12-18 18:00:00,11.0,0.0,6.1,113
2025-12-18 19:00:00,10.9,0.0,7.3,80
2025-12-18 20:00:00,10.4,0.0,10.3,59
2025-12-18 21:00:00,9.9,0.0,9.2,57
2025-12-18 22:00:00,9.4,0.0,8.1,59
2025-12-18 23:00:00,9.2,0.0,6.8,72
2025-12-19 00:00:00,8.9,0.0,5.5,71
2025-12-19 01:00:00,9.3,0.0,7.1,75
2025-12-19 02:00:00,9.6,0.0,9.4,79
2025-12-19 03:00:00,9.6,0.0,11.2,93
2025-12-19 04:00:00,9.6,0.0,9.6,94
2025-12-19 05:00:00,9.6,0.0,9.8,103
2025-12-19 06:00:00,9.5,0.0,10.7,96
2025-12-19 07:00:00,9.4,0.0,10.4,91
2025-12-19 08:00:00,9.8,0.0,10.8,91
2025-12-19 09:00:00,11.3,0.0,12.3,101
2025-12-19 10:00:00,13.1,0.0,17.7,121
2025-12-19 11:00:00,13.8,0.0,17.9,128
2025-12-19 12:00:00,14.3,0.0,17.3,123
2025-12-19 13:00:00,14.6,0.0,17.6,117
2025-12-19 14:00:00,14.4,0.0,17.7,96
2025-12-19 15:00:00,14.3,0.0,14.9,91
2025-12-19 16:00:00,14.4,0.0,13.4,98
2025-12-19 17:00:00,13.6,0.0,17.1,102
2025-12-19 18:00:00,13.6,0.0,19.6,108
2025-12-19 19:00:00,13.7,0.0,21.0,102
2025-12-19 20:00:00,14.4,0.0,22.3,109
2025-12-19 21:00:00,14.6,0.0,22.1,106
2025-12-19 22:00:00,14.9,0.0,20.4,104
2025-12-19 23:00:00,15.1,0.2,18.0,106
2025-12-20 00:00:00,14.3,0.7,16.8,107
2025-12-20 01:00:00,13.9,0.9,16.7,104
2025-12-20 02:00:00,13.9,0.2,19.4,97
2025-12-20 03:00:00,13.4,0.1,19.0,97
2025-12-20 04:00:00,13.2,0.5,16.0,92
2025-12-20 05:00:00,13.1,0.5,17.3,94
2025-12-20 06:00:00,13.3,0.2,16.5,104
2025-12-20 07:00:00,13.4,0.2,16.6,99
2025-12-20 08:00:00,13.6,0.0,15.8,98
2025-12-20 09:00:00,13.9,0.0,15.7,89
2025-12-20 10:00:00,15.4,0.0,13.9,91
2025-12-20 11:00:00,16.3,0.0,15.5,103
2025-12-20 12:00:00,16.9,0.0,18.3,105
2025-12-20 13:00:00,17.2,0.0,16.9,99
2025-12-20 14:00:00,17.5,0.0,16.5,96
2025-12-20 15:00:00,17.2,0.0,16.7,101
2025-12-20 16:00:00,16.5,0.0,16.5,97
2025-12-20 17:00:00,15.4,0.0,17.5,95
2025-12-20 18:00:00,15.6,0.0,16.2,91
2025-12-20 19:00:00,15.7,0.0,12.3,86
2025-12-20 20:00:00,15.3,0.0,10.9,71
2025-12-20 21:00:00,15.1,0.0,11.3,82
2025-12-20 22:00:00,15.4,0.0,7.0,78
2025-12-20 23:00:00,14.7,0.2,4.2,31
2025-12-21 00:00:00,14.4,1.7,3.2,43
2025-12-21 01:00:00,14.2,3.2,4.4,339
2025-12-21 02:00:00,14.1,2.2,3.6,20
2025-12-21 03:00:00,15.2,0.6,8.5,234
2025-12-21 04:00:00,14.5,0.7,7.8,228
2025-12-21 05:00:00,14.1,1.0,13.7,268
2025-12-21 06:00:00,14.4,0.7,11.2,260
2025-12-21 07:00:00,14.1,0.5,15.3,285
2025-12-21 08:00:00,12.6,0.1,22.5,350
2025-12-21 09:00:00,12.9,0.0,19.0,353
2025-12-21 10:00:00,13.4,0.0,17.4,342
2025-12-21 11:00:00,13.8,0.0,20.2,342
2025-12-21 12:00:00,14.4,0.0,22.1,338
2025-12-21 13:00:00,13.9,0.0,22.3,334
2025-12-21 14:00:00,12.9,0.0,22.6,331
2025-12-21 15:00:00,12.3,0.0,19.7,332
2025-12-21 16:00:00,12.1,0.0,16.5,342
2025-12-21 17:00:00,11.6,0.0,15.0,341
2025-12-21 18:00:00,10.7,0.0,18.5,349
2025-12-21 19:00:00,9.9,0.0,15.7,345
2025-12-21 20:00:00,9.2,0.0,16.5,344
2025-12-21 21:00:00,9.1,0.0,14.5,345
2025-12-21 22:00:00,8.6,0.0,11.5,338
2025-12-21 23:00:00,8.1,0.0,10.0,326
2025-12-22 00:00:00,7.9,0.0,10.1,316
2025-12-22 01:00:00,7.2,0.0,9.8,290
2025-12-22 02:00:00,6.9,0.0,8.5,297
2025-12-22 03:00:00,7.1,0.0,6.0,309
2025-12-22 04:00:00,5.8,0.0,5.0,325
2025-12-22 05:00:00,5.9,0.0,4.5,320
2025-12-22 06:00:00,5.9,0.0,5.6,356
2025-12-22 07:00:00,6.6,0.0,8.7,7
2025-12-22 08:00:00,7.5,0.0,13.6,354
2025-12-22 09:00:00,9.8,0.0,12.0,9
2025-12-22 10:00:00,11.2,0.0,12.6,11
2025-12-22 11:00:00,12.2,0.0,12.6,29
2025-12-22 12:00:00,12.8,0.0,10.6,28
2025-12-22 13:00:00,13.4,0.0,13.7,14
2025-12-22 14:00:00,13.2,0.0,16.1,7
2025-12-22 15:00:00,13.2,0.0,10.1,10
2025-12-22 16:00:00,12.3,0.0,11.8,9
2025-12-22 17:00:00,10.9,0.0,16.0,11
2025-12-22 18:00:00,9.6,0.0,16.8,12
2025-12-22 19:00:00,9.1,0.0,12.8,22
2025-12-22 20:00:00,8.8,0.0,13.8,33
2025-12-22 21:00:00,8.0,0.0,9.4,26
2025-12-22 22:00:00,8.0,0.0,8.8,46
2025-12-22 23:00:00,8.7,0.0,14.1,67
2025-12-23 00:00:00,8.2,0.0,16.3,70
2025-12-23 01:00:00,7.8,0.0,15.0,57
2025-12-23 02:00:00,6.9,0.0,12.3,52
2025-12-23 03:00:00,6.2,0.0,9.4,45
2025-12-23 04:00:00,4.8,0.0,4.6,39
2025-12-23 05:00:00,3.8,0.0,3.5,39
2025-12-23 06:00:00,4.8,0.0,5.0,52
2025-12-23 07:00:00,6.3,0.0,11.0,80
2025-12-23 08:00:00,6.7,0.0,13.9,73
2025-12-23 09:00:00,7.8,0.0,13.5,71
2025-12-23 10:00:00,9.8,0.0,12.2,88
2025-12-23 11:00:00,11.2,0.0,13.3,111
2025-12-23 12:00:00,11.9,0.0,19.9,112
2025-12-23 13:00:00,12.6,0.0,21.9,109
2025-12-23 14:00:00,13.0,0.0,20.1,102
2025-12-23 15:00:00,12.9,0.0,18.8,102
2025-12-23 16:00:00,13.2,0.0,17.2,100
2025-12-23 17:00:00,12.7,0.0,16.1,100
2025-12-23 18:00:00,12.3,0.0,14.5,79
2025-12-23 19:00:00,12.4,0.0,17.0,94
2025-12-23 20:00:00,12.1,0.0,15.8,82
2025-12-23 21:00:00,11.6,0.0,16.5,77
2025-12-23 22:00:00,11.8,0.0,17.1,86
2025-12-23 23:00:00,12.1,0.0,16.1,83
2025-12-24 00:00:00,12.3,0.0,14.2,82
2025-12-24 01:00:00,12.6,0.0,16.6,93
2025-12-24 02:00:00,12.4,0.0,16.5,98
2025-12-24 03:00:00,12.6,0.0,16.5,100
2025-12-24 04:00:00,12.6,0.0,16.3,97
2025-12-24 05:00:00,12.4,0.1,14.6,86
2025-12-24 06:00:00,12.1,0.1,12.8,86
2025-12-24 07:00:00,12.1,0.4,13.2,93
2025-12-24 08:00:00,12.1,0.4,13.1,105
2025-12-24 09:00:00,12.4,0.6,13.9,104
2025-12-24 10:00:00,12.6,0.5,13.5,100
2025-12-24 11:00:00,13.0,0.5,12.8,99
2025-12-24 12:00:00,13.3,0.2,10.5,106
2025-12-24 13:00:00,13.1,0.1,11.4,87
2025-12-24 14:00:00,14.2,0.0,10.6,94
2025-12-24 15:00:00,14.7,0.0,8.0,100
2025-12-24 16:00:00,14.3,0.0,9.0,96
2025-12-24 17:00:00,13.5,0.0,4.1,92
2025-12-24 18:00:00,13.3,0.1,3.1,103
2025-12-24 19:00:00,12.9,0.5,4.9,352
2025-12-24 20:00:00,12.8,1.3,5.4,339
2025-12-24 21:00:00,12.8,0.6,6.6,347
2025-12-24 22:00:00,12.9,0.6,10.2,350
2025-12-24 23:00:00,13.0,0.8,11.4,356
2025-12-25 00:00:00,12.9,0.2,12.0,351
2025-12-25 01:00:00,12.6,0.4,8.2,341
2025-12-25 02:00:00,12.4,0.9,8.9,333
2025-12-25 03:00:00,12.7,0.8,8.9,324
2025-12-25 04:00:00,12.4,0.5,12.5,4
2025-12-25 05:00:00,12.1,0.4,12.9,13
2025-12-25 06:00:00,11.9,0.2,13.1,1
2025-12-25 07:00:00,11.5,0.9,16.6,336
2025-12-25 08:00:00,10.9,1.3,20.2,330
2025-12-25 09:00:00,11.0,0.8,17.3,345
2025-12-25 10:00:00,11.4,0.2,17.9,332
2025-12-25 11:00:00,11.6,0.3,21.6,319
2025-12-25 12:00:00,11.5,0.0,23.6,312
2025-12-25 13:00:00,11.6,0.0,28.3,308
2025-12-25 14:00:00,10.6,0.0,32.0,307
2025-12-25 15:00:00,10.2,0.0,32.3,307
2025-12-25 16:00:00,9.4,0.0,32.3,304
2025-12-25 17:00:00,8.4,0.0,30.1,308
2025-12-25 18:00:00,7.2,0.0,29.3,305
2025-12-25 19:00:00,6.8,0.0,30.5,302
2025-12-25 20:00:00,6.7,0.0,33.4,303
2025-12-25 21:00:00,6.1,0.0,29.9,304
2025-12-25 22:00:00,5.5,0.0,30.3,306
2025-12-25 23:00:00,4.9,0.0,29.8,307
2025-12-26 00:00:00,4.3,0.0,32.6,306
2025-12-26 01:00:00,3.6,0.0,34.5,302
2025-12-26 02:00:00,2.8,0.0,34.6,301
2025-12-26 03:00:00,2.8,0.0,33.0,306
2025-12-26 04:00:00,2.3,0.0,32.3,306
2025-12-26 05:00:00,2.2,0.0,32.4,306
2025-12-26 06:00:00,2.0,0.0,33.0,307
2025-12-26 07:00:00,1.6,0.0,32.4,308
2025-12-26 08:00:00,1.8,0.0,30.6,312
2025-12-26 09:00:00,1.6,0.0,26.9,316
2025-12-26 10:00:00,2.6,0.0,24.9,309
2025-12-26 11:00:00,4.0,0.0,27.3,306
2025-12-26 12:00:00,4.1,0.0,27.8,306
2025-12-26 13:00:00,4.2,0.0,27.2,307
2025-12-26 14:00:00,4.3,0.0,25.5,308
2025-12-26 15:00:00,3.2,0.0,22.6,306
2025-12-26 16:00:00,3.3,0.0,20.3,310
2025-12-26 17:00:00,3.2,0.0,18.9,310
2025-12-26 18:00:00,3.1,0.0,16.8,312
2025-12-26 19:00:00,3.2,0.0,15.0,312
2025-12-26 20:00:00,3.0,0.0,13.9,313
2025-12-26 21:00:00,2.5,0.0,10.3,320
2025-12-26 22:00:00,2.2,0.0,9.3,320
2025-12-26 23:00:00,2.4,0.0,9.4,328
2025-12-27 00:00:00,2.8,0.0,9.3,338
2025-12-27 01:00:00,2.5,0.0,9.3,338
2025-12-27 02:00:00,2.8,0.0,10.7,320
2025-12-27 03:00:00,3.1,0.0,10.1,310
2025-12-27 04:00:00,3.2,0.0,11.7,311
2025-12-27 05:00:00,3.3,0.0,13.0,313
2025-12-27 06:00:00,3.7,0.0,13.3,312
2025-12-27 07:00:00,3.5,0.0,14.3,310
2025-12-27 08:00:00,3.5,0.0,14.9,315
2025-12-27 09:00:00,4.7,0.0,10.9,315
2025-12-27 10:00:00,5.9,0.0,14.7,296
2025-12-27 11:00:00,6.6,0.0,16.7,292
2025-12-27 12:00:00,6.8,0.0,17.4,305
2025-12-27 13:00:00,7.0,0.0,17.7,308
2025-12-27 14:00:00,7.1,0.0,18.5,308
2025-12-27 15:00:00,6.6,0.0,16.2,306
2025-12-27 16:00:00,6.5,0.0,15.0,308
2025-12-27 17:00:00,6.3,0.0,10.7,316
2025-12-27 18:00:00,5.8,0.0,9.6,339
2025-12-27 19:00:00,5.0,0.0,7.1,339
2025-12-27 20:00:00,3.8,0.0,4.0,328
2025-12-27 21:00:00,4.4,0.0,3.7,325
2025-12-27 22:00:00,3.2,0.0,1.7,328
2025-12-27 23:00:00,3.5,0.0,0.4,360
2025-12-28 00:00:00,4.3,0.0,1.6,6
2025-12-28 01:00:00,4.5,0.0,3.3,306
2025-12-28 02:00:00,4.2,0.0,4.8,281
2025-12-28 03:00:00,5.0,0.0,8.5,277
2025-12-28 04:00:00,5.2,0.0,8.1,283
2025-12-28 05:00:00,3.8,0.0,5.0,268
2025-12-28 06:00:00,3.5,0.0,2.0,270
2025-12-28 07:00:00,3.0,0.0,1.7,319
2025-12-28 08:00:00,3.8,0.0,1.2,333
2025-12-28 09:00:00,7.2,0.0,5.4,266
2025-12-28 10:00:00,8.3,0.0,7.2,243
2025-12-28 11:00:00,9.1,0.0,9.2,242
2025-12-28 12:00:00,10.0,0.0,10.0,255
2025-12-28 13:00:00,10.2,0.0,11.2,274
2025-12-28 14:00:00,10.1,0.0,10.2,279
2025-12-28 15:00:00,10.1,0.0,8.5,268
2025-12-28 16:00:00,10.1,0.0,6.9,261
2025-12-28 17:00:00,9.4,0.0,6.9,250
2025-12-28 18:00:00,8.8,0.0,6.9,250
2025-12-28 19:00:00,8.6,0.0,7.1,240
2025-12-28 20:00:00,7.8,0.0,4.8,236
2025-12-28 21:00:00,9.4,0.0,7.5,243
2025-12-28 22:00:00,9.6,0.0,7.7,229
2025-12-28 23:00:00,9.1,0.0,8.9,214
2025-12-29 00:00:00,8.4,0.0,8.1,212
2025-12-29 01:00:00,7.1,0.0,5.6,207
2025-12-29 02:00:00,7.2,0.0,6.0,187
2025-12-29 03:00:00,7.5,0.0,6.8,169
2025-12-29 04:00:00,7.8,0.0,8.9,161
2025-12-29 05:00:00,7.4,0.0,7.2,174
2025-12-29 06:00:00,7.3,0.0,7.1,156
2025-12-29 07:00:00,7.8,0.0,7.8,157
2025-12-29 08:00:00,9.0,0.0,10.1,149
2025-12-29 09:00:00,9.4,0.0,9.6,140
2025-12-29 10:00:00,10.2,0.0,7.5,150
2025-12-29 11:00:00,11.5,0.0,7.3,147
2025-12-29 12:00:00,11.6,0.0,4.3,118
2025-12-29 13:00:00,11.5,0.5,3.0,128
2025-12-29 14:00:00,13.1,0.0,5.1,228
2025-12-29 15:00:00,13.0,0.0,11.4,241
2025-12-29 16:00:00,13.1,0.0,10.2,234
2025-12-29 17:00:00,12.2,0.0,9.1,243
2025-12-29 18:00:00,11.4,0.0,7.7,242
2025-12-29 19:00:00,10.6,0.0,4.9,272
2025-12-29 20:00:00,10.1,0.0,3.5,285
2025-12-29 21:00:00,10.4,0.0,2.2,305
2025-12-29 22:00:00,10.1,0.6,8.2,341
2025-12-29 23:00:00,9.9,0.1,5.3,327
2025-12-30 00:00:00,9.5,0.2,7.2,270
2025-12-30 01:00:00,10.9,0.1,15.7,266
2025-12-30 02:00:00,10.7,0.3,17.7,257
2025-12-30 03:00:00,11.1,0.0,10.0,253
2025-12-30 04:00:00,10.7,0.0,8.5,243
2025-12-30 05:00:00,10.1,0.0,5.2,276
2025-12-30 06:00:00,10.5,0.0,8.2,327
2025-12-30 07:00:00,9.5,0.0,9.4,353
2025-12-30 08:00:00,8.6,0.0,12.1,2
2025-12-30 09:00:00,10.0,0.0,12.1,357
2025-12-30 10:00:00,11.9,0.0,10.6,345
2025-12-30 11:00:00,13.1,0.0,13.6,345
2025-12-30 12:00:00,13.9,0.0,11.8,334
2025-12-30 13:00:00,14.0,0.0,12.9,335
2025-12-30 14:00:00,13.5,0.0,15.0,340
2025-12-30 15:00:00,13.1,0.0,13.0,323
2025-12-30 16:00:00,12.2,0.0,13.3,335
2025-12-30 17:00:00,10.6,0.0,14.0,342
2025-12-30 18:00:00,9.1,0.0,12.2,340
2025-12-30 19:00:00,7.8,0.0,8.5,333
2025-12-30 20:00:00,6.2,0.0,5.3,322
2025-12-30 21:00:00,7.1,0.0,8.7,333
2025-12-30 22:00:00,6.6,0.0,8.8,340
2025-12-30 23:00:00,6.1,0.0,10.6,341
2025-12-31 00:00:00,5.7,0.0,9.4,343
2025-12-31 01:00:00,4.8,0.0,7.0,337
2025-12-31 02:00:00,5.0,0.0,9.2,334
2025-12-31 03:00:00,5.4,0.0,8.2,338
2025-12-31 04:00:00,5.4,0.0,10.6,330
2025-12-31 05:00:00,5.8,0.0,16.5,330
2025-12-31 06:00:00,5.8,0.0,12.7,330
2025-12-31 07:00:00,5.9,0.0,12.6,322
2025-12-31 08:00:00,6.3,0.0,14.4,327
2025-12-31 09:00:00,7.3,0.0,13.6,321
2025-12-31 10:00:00,8.4,0.0,17.6,325
2025-12-31 11:00:00,8.8,0.0,18.5,320
2025-12-31 12:00:00,8.7,0.0,20.4,321
2025-12-31 13:00:00,8.4,0.0,19.1,321
2025-12-31 14:00:00,8.1,0.0,18.5,322
2025-12-31 15:00:00,8.0,0.0,16.9,322
2025-12-31 16:00:00,7.2,0.0,16.9,326
2025-12-31 17:00:00,6.1,0.0,15.2,330
2025-12-31 18:00:00,4.9,0.0,13.9,327
2025-12-31 19:00:00,4.4,0.0,14.2,325
2025-12-31 20:00:00,4.2,0.0,12.9,320
2025-12-31 21:00:00,4.2,0.0,10.8,312
2025-12-31 22:00:00,4.1,0.0,8.9,312
2025-12-31 23:00:00,4.0,0.0,10.5,322
2026-01-01 00:00:00,3.8,0.0,12.9,328
2026-01-01 01:00:00,3.6,0.0,13.9,323
2026-01-01 02:00:00,3.4,0.0,12.7,322
2026-01-01 03:00:00,3.2,0.0,11.5,325
2026-01-01 04:00:00,3.0,0.0,13.2,328
2026-01-01 05:00:00,2.9,0.0,12.6,322
2026-01-01 06:00:00,2.8,0.0,12.2,315
2026-01-01 07:00:00,2.9,0.0,13.6,319
2026-01-01 08:00:00,3.3,0.0,12.1,320
2026-01-01 09:00:00,5.1,0.0,12.5,316
2026-01-01 10:00:00,6.5,0.0,16.3,327
2026-01-01 11:00:00,6.9,0.0,14.6,320
2026-01-01 12:00:00,7.2,0.0,15.7,311
2026-01-01 13:00:00,7.4,0.0,17.1,313
2026-01-01 14:00:00,7.2,0.0,19.3,309
2026-01-01 15:00:00,6.4,0.0,17.5,312
2026-01-01 16:00:00,5.8,0.0,16.8,312
2026-01-01 17:00:00,5.3,0.0,17.6,311
2026-01-01 18:00:00,4.7,0.0,18.1,313
2026-01-01 19:00:00,4.2,0.0,19.4,317
2026-01-01 20:00:00,3.8,0.0,18.5,317
2026-01-01 21:00:00,3.6,0.0,15.9,313
2026-01-01 22:00:00,3.4,0.0,17.2,314
2026-01-01 23:00:00,3.2,0.0,19.4,313
2026-01-02 00:00:00,3.0,0.0,20.5,313
2026-01-02 01:00:00,2.7,0.0,20.5,312
2026-01-02 02:00:00,2.8,0.0,20.9,309
2026-01-02 03:00:00,2.5,0.0,21.1,309
2026-01-02 04:00:00,2.2,0.1,20.5,313
2026-01-02 05:00:00,2.3,0.1,21.4,311
2026-01-02 06:00:00,2.1,0.1,23.9,308
2026-01-02 07:00:00,2.2,0.0,26.3,303
2026-01-02 08:00:00,2.2,0.0,26.3,305
2026-01-02 09:00:00,1.8,0.0,20.7,315
2026-01-02 10:00:00,2.5,0.0,22.5,315
2026-01-02 11:00:00,3.2,0.0,24.5,308
2026-01-02 12:00:00,3.4,0.1,25.4,303
2026-01-02 13:00:00,3.8,0.0,25.7,301
2026-01-02 14:00:00,4.2,0.0,23.1,307
2026-01-02 15:00:00,3.5,0.0,20.6,297
2026-01-02 16:00:00,3.6,0.0,19.7,304
2026-01-02 17:00:00,3.0,0.0,16.8,303
2026-01-02 18:00:00,2.7,0.0,16.8,308
2026-01-02 19:00:00,2.4,0.0,17.7,307
2026-01-02 20:00:00,3.2,0.0,19.0,303
2026-01-02 21:00:00,3.0,0.0,15.5,306
2026-01-02 22:00:00,3.0,0.0,17.1,309
2026-01-02 23:00:00,3.1,0.0,17.6,304
2026-01-03 00:00:00,3.0,0.0,17.8,302
2026-01-03 01:00:00,2.8,0.0,19.3,305
2026-01-03 02:00:00,2.8,0.0,17.5,305
2026-01-03 03:00:00,2.2,0.0,18.3,316
2026-01-03 04:00:00,2.5,0.0,15.5,308
2026-01-03 05:00:00,3.0,0.0,18.6,306
2026-01-03 06:00:00,3.5,0.0,17.1,311
2026-01-03 07:00:00,3.0,0.0,16.6,319
2026-01-03 08:00:00,3.2,0.0,15.5,317
2026-01-03 09:00:00,4.8,0.0,17.0,303
2026-01-03 10:00:00,6.1,0.0,22.1,300
2026-01-03 11:00:00,6.8,0.0,22.8,297
2026-01-03 12:00:00,7.3,0.0,23.8,295
2026-01-03 13:00:00,7.4,0.0,24.0,295
2026-01-03 14:00:00,7.2,0.0,24.2,297
2026-01-03 15:00:00,7.3,0.0,21.1,297
2026-01-03 16:00:00,7.0,0.0,21.6,301
2026-01-03 17:00:00,6.1,0.0,19.8,303
2026-01-03 18:00:00,5.3,0.0,17.7,307
2026-01-03 19:00:00,4.7,0.0,14.1,316
2026-01-03 20:00:00,4.3,0.0,12.7,314
2026-01-03 21:00:00,4.3,0.0,11.4,322
2026-01-03 22:00:00,4.1,0.0,11.6,325
2026-01-03 23:00:00,4.1,0.0,10.1,335
2026-01-04 00:00:00,2.2,0.0,3.7,321
2026-01-04 01:00:00,2.2,0.0,4.1,299
2026-01-04 02:00:00,3.5,0.0,2.9,300
2026-01-04 03:00:00,4.8,0.0,5.1,276
2026-01-04 04:00:00,5.2,0.0,9.3,251
2026-01-04 05:00:00,6.0,0.0,14.1,239
2026-01-04 06:00:00,6.4,0.0,14.0,242
2026-01-04 07:00:00,6.4,0.0,14.8,239
2026-01-04 08:00:00,6.6,0.0,15.1,244
2026-01-04 09:00:00,7.2,0.0,17.5,244
2026-01-04 10:00:00,7.9,0.0,20.1,237
2026-01-04 11:00:00,8.5,0.0,20.3,244
2026-01-04 12:00:00,9.1,0.1,25.8,268
2026-01-04 13:00:00,9.2,0.0,26.7,274
2026-01-04 14:00:00,9.5,0.0,26.9,278
2026-01-04 15:00:00,9.4,0.0,25.1,274
2026-01-04 16:00:00,9.8,0.0,20.5,268
2026-01-04 17:00:00,9.8,0.0,19.8,267
2026-01-04 18:00:00,9.6,0.0,18.9,262
2026-01-04 19:00:00,9.6,0.0,15.9,255
2026-01-04 20:00:00,9.5,0.0,15.1,258
2026-01-04 21:00:00,8.8,0.0,13.7,240
2026-01-04 22:00:00,9.0,0.0,13.0,239
2026-01-04 23:00:00,8.6,0.0,12.8,222
2026-01-05 00:00:00,8.4,0.0,13.2,230
2026-01-05 01:00:00,8.8,0.0,12.1,233
2026-01-05 02:00:00,9.0,0.0,11.9,243
2026-01-05 03:00:00,8.9,0.1,11.6,248
2026-01-05 04:00:00,9.4,0.0,15.0,264
2026-01-05 05:00:00,9.7,0.0,20.7,281
2026-01-05 06:00:00,9.6,0.0,22.7,282
2026-01-05 07:00:00,9.1,0.0,18.1,289
2026-01-05 08:00:00,8.9,0.0,15.5,297
2026-01-05 09:00:00,9.4,0.1,17.6,290
2026-01-05 10:00:00,9.9,0.0,16.2,287
2026-01-05 11:00:00,10.9,0.0,19.4,296
2026-01-05 12:00:00,11.3,0.0,22.7,292
2026-01-05 13:00:00,11.2,0.0,23.1,295
2026-01-05 14:00:00,10.9,0.0,22.8,301
2026-01-05 15:00:00,10.6,0.0,20.8,298
2026-01-05 16:00:00,9.9,0.0,20.3,306
2026-01-05 17:00:00,8.5,0.0,18.3,319
2026-01-05 18:00:00,7.3,0.0,16.7,322
2026-01-05 19:00:00,6.8,0.0,15.3,313
2026-01-05 20:00:00,6.4,0.0,14.8,316
2026-01-05 21:00:00,6.1,0.0,12.6,329
2026-01-05 22:00:00,6.1,0.0,11.0,337
2026-01-05 23:00:00,5.9,0.0,11.6,325
2026-01-06 00:00:00,5.6,0.0,12.4,317
2026-01-06 01:00:00,5.4,0.0,11.1,317
2026-01-06 02:00:00,5.5,0.0,10.0,322
2026-01-06 03:00:00,5.5,0.0,13.0,327
2026-01-06 04:00:00,5.8,0.0,15.3,317
2026-01-06 05:00:00,5.3,0.0,15.0,314
2026-01-06 06:00:00,4.9,0.0,14.9,319
2026-01-06 07:00:00,4.5,0.0,13.7,328
2026-01-06 08:00:00,4.4,0.0,11.6,332
2026-01-06 09:00:00,6.8,0.0,10.4,339
2026-01-06 10:00:00,8.7,0.0,7.5,336
2026-01-06 11:00:00,9.4,0.0,4.9,324
2026-01-06 12:00:00,10.4,0.0,5.6,274
2026-01-06 13:00:00,11.0,0.0,9.0,257
2026-01-06 14:00:00,11.2,0.0,12.1,266
2026-01-06 15:00:00,10.9,0.0,15.6,281
2026-01-06 16:00:00,10.1,0.0,15.1,285
2026-01-06 17:00:00,8.7,0.0,11.8,286
2026-01-06 18:00:00,7.3,0.0,9.8,308
2026-01-06 19:00:00,5.8,0.0,5.9,342
2026-01-06 20:00:00,3.5,0.0,4.1,2
2026-01-06 21:00:00,3.8,0.0,3.1,13
2026-01-06 22:00:00,4.0,0.0,2.9,7
2026-01-06 23:00:00,4.4,0.0,2.6,344
2026-01-07 00:00:00,4.3,0.0,2.0,360
2026-01-07 01:00:00,3.7,0.0,2.7,20
2026-01-07 02:00:00,3.3,0.0,1.9,17
2026-01-07 03:00:00,4.2,0.0,1.0,45
2026-01-07 04:00:00,3.5,0.0,3.9,68
2026-01-07 05:00:00,3.7,0.0,4.0,69
2026-01-07 06:00:00,3.3,0.0,2.2,66
2026-01-07 07:00:00,3.5,0.0,1.4,90
2026-01-07 08:00:00,5.0,0.0,0.5,45
2026-01-07 09:00:00,7.8,0.0,1.8,307
2026-01-07 10:00:00,9.0,0.0,7.2,273
2026-01-07 11:00:00,10.2,0.0,13.1,261
2026-01-07 12:00:00,11.4,0.0,16.8,268
2026-01-07 13:00:00,11.5,0.0,22.2,275
2026-01-07 14:00:00,11.4,0.0,23.9,276
2026-01-07 15:00:00,10.9,0.0,25.6,271
2026-01-07 16:00:00,11.1,0.0,24.8,271
2026-01-07 17:00:00,10.6,0.0,23.6,272
2026-01-07 18:00:00,9.8,0.0,24.3,276
2026-01-07 19:00:00,9.1,0.0,24.3,286
2026-01-07 20:00:00,8.6,0.0,20.9,290
2026-01-07 21:00:00,9.6,0.0,19.6,277
2026-01-07 22:00:00,10.1,0.0,21.2,277
2026-01-07 23:00:00,9.4,0.0,22.6,287
2026-01-08 00:00:00,9.2,0.0,20.1,300
2026-01-08 01:00:00,8.7,0.0,17.6,311
2026-01-08 02:00:00,7.1,0.0,20.3,330
2026-01-08 03:00:00,7.6,0.0,20.4,323
2026-01-08 04:00:00,6.8,0.0,22.3,324
2026-01-08 05:00:00,5.6,0.0,21.1,322
2026-01-08 06:00:00,4.8,0.0,21.3,316
2026-01-08 07:00:00,4.2,0.0,21.6,314
2026-01-08 08:00:00,4.0,0.0,20.8,313
2026-01-08 09:00:00,5.2,0.0,21.1,316
2026-01-08 10:00:00,5.8,0.0,22.7,313
2026-01-08 11:00:00,6.1,0.0,24.7,311
2026-01-08 12:00:00,6.0,0.0,24.4,313
2026-01-08 13:00:00,5.6,0.0,23.2,316
2026-01-08 14:00:00,5.2,0.0,21.2,319
2026-01-08 15:00:00,5.2,0.0,18.8,320
2026-01-08 16:00:00,4.8,0.0,17.1,324
2026-01-08 17:00:00,4.4,0.0,16.3,329
2026-01-08 18:00:00,4.3,0.0,13.7,325
2026-01-08 19:00:00,4.2,0.0,13.0,322
2026-01-08 20:00:00,4.2,0.0,11.3,318
2026-01-08 21:00:00,4.1,0.0,10.1,314
2026-01-08 22:00:00,4.1,0.0,9.5,309
2026-01-08 23:00:00,4.0,0.0,8.5,312
2026-01-09 00:00:00,3.2,0.0,7.0,328
2026-01-09 01:00:00,3.0,0.0,7.4,334
2026-01-09 02:00:00,2.7,0.0,7.7,342
2026-01-09 03:00:00,1.5,0.0,4.5,337
2026-01-09 04:00:00,1.3,0.0,2.1,308
2026-01-09 05:00:00,1.4,0.0,2.1,285
2026-01-09 06:00:00,1.0,0.0,4.0,291
2026-01-09 07:00:00,1.1,0.0,3.6,288
2026-01-09 08:00:00,2.0,0.0,2.2,294
2026-01-09 09:00:00,4.9,0.0,5.5,234
2026-01-09 10:00:00,6.4,0.0,10.3,226
2026-01-09 11:00:00,7.1,0.0,11.8,236
2026-01-09 12:00:00,7.8,0.0,13.7,251
2026-01-09 13:00:00,8.4,0.0,15.8,270
2026-01-09 14:00:00,8.8,0.0,15.7,269
2026-01-09 15:00:00,9.1,0.0,15.7,257
2026-01-09 16:00:00,9.1,0.0,15.6,259
2026-01-09 17:00:00,8.5,0.0,18.3,259
2026-01-09 18:00:00,8.1,0.0,16.7,263
2026-01-09 19:00:00,7.5,0.0,14.1,235
2026-01-09 20:00:00,7.5,0.0,15.7,220
2026-01-09 21:00:00,7.2,0.0,10.9,214
2026-01-09 22:00:00,7.2,0.0,11.8,213
2026-01-09 23:00:00,7.0,0.0,13.6,208
2026-01-10 00:00:00,6.8,0.0,14.6,189
2026-01-10 01:00:00,7.4,0.0,16.2,183
2026-01-10 02:00:00,7.4,0.0,15.7,183
2026-01-10 03:00:00,7.2,0.0,16.8,178
2026-01-10 04:00:00,7.5,0.0,17.6,179
2026-01-10 05:00:00,8.0,0.0,16.2,183
2026-01-10 06:00:00,8.3,0.0,15.7,189
2026-01-10 07:00:00,8.4,0.0,14.5,187
2026-01-10 08:00:00,8.8,0.0,15.5,176
2026-01-10 09:00:00,10.4,0.0,15.5,188
2026-01-10 10:00:00,11.6,0.0,16.3,197
2026-01-10 11:00:00,12.8,0.0,17.7,213
2026-01-10 12:00:00,13.6,0.0,17.6,203
2026-01-10 13:00:00,15.0,0.0,27.5,231
2026-01-10 14:00:00,15.7,0.0,29.7,246
2026-01-10 15:00:00,15.9,0.2,30.7,241
2026-01-10 16:00:00,15.1,0.0,32.6,263
2026-01-10 17:00:00,12.9,0.0,32.3,267
2026-01-10 18:00:00,12.1,0.0,29.4,267
2026-01-10 19:00:00,11.6,0.0,33.7,267
2026-01-10 20:00:00,10.5,0.0,36.7,268
2026-01-10 21:00:00,10.4,0.0,35.9,266
2026-01-10 22:00:00,9.8,0.0,35.6,270
2026-01-10 23:00:00,8.4,0.0,36.4,273
2026-01-11 00:00:00,7.8,0.1,35.9,273
2026-01-11 01:00:00,6.8,0.1,36.1,279
2026-01-11 02:00:00,6.2,0.1,34.4,282
2026-01-11 03:00:00,5.1,0.1,29.8,294
2026-01-11 04:00:00,4.0,0.2,30.2,298
2026-01-11 05:00:00,4.2,0.1,30.1,299
2026-01-11 06:00:00,4.3,0.1,29.1,303
2026-01-11 07:00:00,3.7,0.0,31.3,308
2026-01-11 08:00:00,3.3,0.0,29.1,309
2026-01-11 09:00:00,3.5,0.0,29.8,310
2026-01-11 10:00:00,3.2,0.0,31.9,311
2026-01-11 11:00:00,3.3,0.0,33.0,314
2026-01-11 12:00:00,3.5,0.0,32.5,317
2026-01-11 13:00:00,3.5,0.0,32.0,316
2026-01-11 14:00:00,3.2,0.0,31.5,313
2026-01-11 15:00:00,3.2,0.0,26.1,307
2026-01-11 16:00:00,3.0,0.0,30.8,304
2026-01-11 17:00:00,3.0,0.0,29.3,303
2026-01-11 18:00:00,2.5,0.0,26.4,302
2026-01-11 19:00:00,2.4,0.0,26.4,306
2026-01-11 20:00:00,2.3,0.0,22.8,303
2026-01-11 21:00:00,2.7,0.0,20.9,308
2026-01-11 22:00:00,2.8,0.0,20.4,308
2026-01-11 23:00:00,3.2,0.0,19.4,301
2026-01-12 00:00:00,3.3,0.0,24.6,314
2026-01-12 01:00:00,2.2,0.0,20.7,319
2026-01-12 02:00:00,1.8,0.0,18.0,314
2026-01-12 03:00:00,1.6,0.0,14.2,308
2026-01-12 04:00:00,2.2,0.0,12.5,305
2026-01-12 05:00:00,2.3,0.0,12.3,304
2026-01-12 06:00:00,2.2,0.0,12.2,311
2026-01-12 07:00:00,2.2,0.0,13.5,316
2026-01-12 08:00:00,2.7,0.0,12.4,309
2026-01-12 09:00:00,3.6,0.0,5.5,289
2026-01-12 10:00:00,4.8,0.0,7.9,246
2026-01-12 11:00:00,5.6,0.0,11.9,252
2026-01-12 12:00:00,6.1,0.0,11.8,257
2026-01-12 13:00:00,6.3,0.0,15.7,257
2026-01-12 14:00:00,7.1,0.1,20.3,263
2026-01-12 15:00:00,7.0,0.0,20.0,251
2026-01-12 16:00:00,7.2,0.0,17.8,235
2026-01-12 17:00:00,7.2,0.0,16.7,225
2026-01-12 18:00:00,7.0,0.0,15.8,223
2026-01-12 19:00:00,6.8,0.0,14.7,213
2026-01-12 20:00:00,7.0,0.0,13.0,199
2026-01-12 21:00:00,7.2,0.0,12.0,193
2026-01-12 22:00:00,7.1,0.0,12.0,187
2026-01-12 23:00:00,7.3,0.0,10.4,194
2026-01-13 00:00:00,7.8,0.0,11.3,214
2026-01-13 01:00:00,8.2,0.0,14.2,215
2026-01-13 02:00:00,8.6,0.0,13.7,207
2026-01-13 03:00:00,9.2,0.0,15.7,211
2026-01-13 04:00:00,9.9,0.0,17.7,222
2026-01-13 05:00:00,10.1,0.0,17.2,224
2026-01-13 06:00:00,9.4,1.3,16.2,241
2026-01-13 07:00:00,8.9,0.7,22.1,263
2026-01-13 08:00:00,8.8,0.7,20.7,255
2026-01-13 09:00:00,10.1,0.1,21.9,261
2026-01-13 10:00:00,12.7,0.0,28.3,277
2026-01-13 11:00:00,12.6,0.0,30.7,286
2026-01-13 12:00:00,12.4,0.0,29.1,288
2026-01-13 13:00:00,12.0,0.0,29.5,292
2026-01-13 14:00:00,11.5,0.0,28.8,295
2026-01-13 15:00:00,11.9,0.0,31.0,281
2026-01-13 16:00:00,10.9,0.0,32.4,283
2026-01-13 17:00:00,10.1,0.0,27.0,285
2026-01-13 18:00:00,9.4,0.0,23.4,290
2026-01-13 19:00:00,9.1,0.0,24.0,292
2026-01-13 20:00:00,8.9,0.0,27.2,291
2026-01-13 21:00:00,8.8,0.0,23.1,288
2026-01-13 22:00:00,8.6,0.0,22.3,298
2026-01-13 23:00:00,7.7,0.0,20.9,304
2026-01-14 00:00:00,7.4,0.0,20.2,292
2026-01-14 01:00:00,7.0,0.0,17.9,296
2026-01-14 02:00:00,6.5,0.0,16.7,313
2026-01-14 03:00:00,6.3,0.0,16.2,302
2026-01-14 04:00:00,5.9,0.0,17.2,302
2026-01-14 05:00:00,5.7,0.0,16.2,309
2026-01-14 06:00:00,5.2,0.0,16.2,320
2026-01-14 07:00:00,4.8,0.0,15.5,318
2026-01-14 08:00:00,4.8,0.0,15.5,312
2026-01-14 09:00:00,6.7,0.0,12.0,316
2026-01-14 10:00:00,8.4,0.0,16.4,306
2026-01-14 11:00:00,9.2,0.0,17.6,299
2026-01-14 12:00:00,9.8,0.0,18.1,299
2026-01-14 13:00:00,10.1,0.0,17.3,301
2026-01-14 14:00:00,10.2,0.0,15.8,297
2026-01-14 15:00:00,10.4,0.0,14.3,287
2026-01-14 16:00:00,9.9,0.0,13.4,287
2026-01-14 17:00:00,8.8,0.0,9.3,295
2026-01-14 18:00:00,6.7,0.0,4.9,306
2026-01-14 19:00:00,4.6,0.0,3.2,19
2026-01-14 20:00:00,4.0,0.0,4.0,51
2026-01-14 21:00:00,3.7,0.0,4.2,47
2026-01-14 22:00:00,3.4,0.0,3.6,60
2026-01-14 23:00:00,3.7,0.0,3.7,67
2026-01-15 00:00:00,4.6,0.0,5.3,80
2026-01-15 01:00:00,4.4,0.0,5.6,96
2026-01-15 02:00:00,5.2,0.0,7.2,104
2026-01-15 03:00:00,5.7,0.0,9.2,107
2026-01-15 04:00:00,6.1,0.0,7.8,113
2026-01-15 05:00:00,5.1,0.0,5.4,96
2026-01-15 06:00:00,6.3,0.0,9.8,108
2026-01-15 07:00:00,6.9,0.0,10.3,123
2026-01-15 08:00:00,7.7,0.0,11.9,128
2026-01-15 09:00:00,8.6,0.0,11.8,116
2026-01-15 10:00:00,10.6,0.0,10.0,124
2026-01-15 11:00:00,12.2,0.0,11.0,124
2026-01-15 12:00:00,13.8,0.0,8.1,127
2026-01-15 13:00:00,14.5,0.0,8.7,148
2026-01-15 14:00:00,14.7,0.0,5.4,143
2026-01-15 15:00:00,15.4,0.0,10.6,183
2026-01-15 16:00:00,15.7,0.0,12.8,202
2026-01-15 17:00:00,14.9,0.0,13.8,221
2026-01-15 18:00:00,13.8,0.0,11.5,214
2026-01-15 19:00:00,13.4,0.0,15.2,233
2026-01-15 20:00:00,12.0,0.1,7.6,282
2026-01-15 21:00:00,11.5,0.4,5.2,290
2026-01-15 22:00:00,10.6,0.3,4.2,295
2026-01-15 23:00:00,12.2,0.3,14.1,268
2026-01-16 00:00:00,11.8,0.0,12.4,261
2026-01-16 01:00:00,11.6,0.0,11.3,243
2026-01-16 02:00:00,10.8,0.0,9.8,253
2026-01-16 03:00:00,10.4,0.0,8.3,269
2026-01-16 04:00:00,9.8,0.0,6.9,293
2026-01-16 05:00:00,8.8,0.0,8.4,315
2026-01-16 06:00:00,8.1,0.0,11.5,351
2026-01-16 07:00:00,7.8,0.0,11.4,5
2026-01-16 08:00:00,7.8,0.0,8.5,17
2026-01-16 09:00:00,8.9,0.0,4.0,54
2026-01-16 10:00:00,11.4,0.0,2.6,141
2026-01-16 11:00:00,12.7,0.0,5.4,166
2026-01-16 12:00:00,13.4,0.0,6.6,169
2026-01-16 13:00:00,14.2,0.0,6.2,165
2026-01-16 14:00:00,14.9,0.0,5.8,154
2026-01-16 15:00:00,15.6,0.0,5.7,131
2026-01-16 16:00:00,15.1,0.0,5.0,111
2026-01-16 17:00:00,12.7,0.0,2.7,94
2026-01-16 18:00:00,11.2,0.0,0.4,63
2026-01-16 19:00:00,9.6,0.0,2.7,332
2026-01-16 20:00:00,8.3,0.0,2.3,337
2026-01-16 21:00:00,7.2,0.0,2.7,352
2026-01-16 22:00:00,6.0,0.0,3.7,14
2026-01-16 23:00:00,5.3,0.0,2.1,38
2026-01-17 00:00:00,5.5,0.0,1.4,50
2026-01-17 01:00:00,5.9,0.0,1.5,69
2026-01-17 02:00:00,5.8,0.0,1.8,45
2026-01-17 03:00:00,6.2,0.0,3.9,13
2026-01-17 04:00:00,4.4,0.0,2.6,12
2026-01-17 05:00:00,4.2,0.0,3.1,10
2026-01-17 06:00:00,4.5,0.0,1.3,352
2026-01-17 07:00:00,5.2,0.0,1.6,207
2026-01-17 08:00:00,6.5,0.0,1.7,221
2026-01-17 09:00:00,8.6,0.0,3.5,168
2026-01-17 10:00:00,10.3,0.0,3.4,164
2026-01-17 11:00:00,11.9,0.0,4.3,175
2026-01-17 12:00:00,13.4,0.0,3.8,199
2026-01-17 13:00:00,14.9,0.0,6.5,231
2026-01-17 14:00:00,16.1,0.0,7.4,274
2026-01-17 15:00:00,16.2,0.0,8.5,298
2026-01-17 16:00:00,15.0,0.0,12.0,352
2026-01-17 17:00:00,13.1,0.0,10.0,8
2026-01-17 18:00:00,10.9,0.0,13.6,6
2026-01-17 19:00:00,10.0,0.0,13.4,18
2026-01-17 20:00:00,9.1,0.0,11.7,20
2026-01-17 21:00:00,8.4,0.0,10.3,12
2026-01-17 22:00:00,8.1,0.0,9.7,10
2026-01-17 23:00:00,7.5,0.0,9.6,5
2026-01-18 00:00:00,7.2,0.0,7.2,1
2026-01-18 01:00:00,6.1,0.0,3.5,9
2026-01-18 02:00:00,5.4,0.0,2.8,40
2026-01-18 03:00:00,4.9,0.0,5.2,12
2026-01-18 04:00:00,3.4,0.0,4.6,31
2026-01-18 05:00:00,3.3,0.0,5.6,48
2026-01-18 06:00:00,3.2,0.0,5.0,52
2026-01-18 07:00:00,3.5,0.0,3.6,53
2026-01-18 08:00:00,4.9,0.0,3.2,43
2026-01-18 09:00:00,8.7,0.0,5.9,76
2026-01-18 10:00:00,10.6,0.0,4.9,107
2026-01-18 11:00:00,11.8,0.0,3.9,114
2026-01-18 12:00:00,13.0,0.0,3.2,128
2026-01-18 13:00:00,13.7,0.0,5.1,188
2026-01-18 14:00:00,13.8,0.0,6.6,202
2026-01-18 15:00:00,13.7,0.0,6.8,198
2026-01-18 16:00:00,12.7,0.0,8.2,209
2026-01-18 17:00:00,11.1,0.0,6.9,223
2026-01-18 18:00:00,9.1,0.0,1.4,293
2026-01-18 19:00:00,8.1,0.0,2.9,349
2026-01-18 20:00:00,6.8,0.0,4.0,21
2026-01-18 21:00:00,6.9,0.0,5.0,41
2026-01-18 22:00:00,6.4,0.0,4.8,53
2026-01-18 23:00:00,6.7,0.0,5.4,37
2026-01-19 00:00:00,6.7,0.0,7.6,25
2026-01-19 01:00:00,6.1,0.0,7.2,25
2026-01-19 02:00:00,5.2,0.0,5.4,15
2026-01-19 03:00:00,4.3,0.0,3.3,6
2026-01-19 04:00:00,3.2,0.0,2.5,21
2026-01-19 05:00:00,3.3,0.0,1.6,27
2026-01-19 06:00:00,3.3,0.0,1.8,11
2026-01-19 07:00:00,3.5,0.0,1.8,24
2026-01-19 08:00:00,5.1,0.0,1.7,18
2026-01-19 09:00:00,8.2,0.0,3.2,34
2026-01-19 10:00:00,10.2,0.0,0.4,90
2026-01-19 11:00:00,11.2,0.0,4.1,195
2026-01-19 12:00:00,12.1,0.0,7.5,228
2026-01-19 13:00:00,13.2,0.0,10.1,237
2026-01-19 14:00:00,15.0,0.0,15.5,267
2026-01-19 15:00:00,15.4,0.0,17.8,278
2026-01-19 16:00:00,14.9,0.0,19.6,280
2026-01-19 17:00:00,13.9,0.0,16.2,278
2026-01-19 18:00:00,12.8,0.0,19.7,306
2026-01-19 19:00:00,11.4,0.0,17.4,333
2026-01-19 20:00:00,10.4,0.0,19.2,334
2026-01-19 21:00:00,11.1,0.0,15.6,322
2026-01-19 22:00:00,11.1,0.0,17.4,316
2026-01-19 23:00:00,10.4,0.0,15.6,321
2026-01-20 00:00:00,9.6,0.0,16.4,320
2026-01-20 01:00:00,8.9,0.0,18.6,325
2026-01-20 02:00:00,8.1,0.0,18.6,328
2026-01-20 03:00:00,8.4,0.0,17.5,333
2026-01-20 04:00:00,7.8,0.0,15.8,330
2026-01-20 05:00:00,7.8,0.0,16.4,336
2026-01-20 06:00:00,7.8,0.0,19.6,353
2026-01-20 07:00:00,7.2,0.0,17.8,352
2026-01-20 08:00:00,6.7,0.0,16.8,357
2026-01-20 09:00:00,7.8,0.0,16.5,350
2026-01-20 10:00:00,8.4,0.0,18.3,350
2026-01-20 11:00:00,8.7,0.0,18.7,353
2026-01-20 12:00:00,9.1,0.0,19.5,349
2026-01-20 13:00:00,8.2,0.0,19.5,357
2026-01-20 14:00:00,8.0,0.0,20.7,13
2026-01-20 15:00:00,8.3,0.0,18.8,7
2026-01-20 16:00:00,7.2,0.0,18.8,10
2026-01-20 17:00:00,6.1,0.0,17.2,11
2026-01-20 18:00:00,4.9,0.0,17.7,10
2026-01-20 19:00:00,4.3,0.0,17.3,19
2026-01-20 20:00:00,3.8,0.0,13.7,32
2026-01-20 21:00:00,4.2,0.0,10.7,25
2026-01-20 22:00:00,3.8,0.0,10.8,28
2026-01-20 23:00:00,3.3,0.0,10.6,15
2026-01-21 00:00:00,3.2,0.0,10.0,7
2026-01-21 01:00:00,3.2,0.0,9.1,7
2026-01-21 02:00:00,3.3,0.0,7.2,6
2026-01-21 03:00:00,4.1,0.0,8.5,7
2026-01-21 04:00:00,3.7,0.0,9.6,357
2026-01-21 05:00:00,3.7,0.0,10.7,338
2026-01-21 06:00:00,3.3,0.4,11.1,320
2026-01-21 07:00:00,3.5,0.1,11.9,322
2026-01-21 08:00:00,3.7,0.0,15.0,315
2026-01-21 09:00:00,4.4,0.0,11.6,319
2026-01-21 10:00:00,5.0,0.0,19.3,315
2026-01-21 11:00:00,5.3,0.0,21.3,309
2026-01-21 12:00:00,5.5,0.0,23.3,304
2026-01-21 13:00:00,4.8,0.0,26.9,303
2026-01-21 14:00:00,3.8,0.0,28.0,301
2026-01-21 15:00:00,3.9,0.0,27.1,300
2026-01-21 16:00:00,3.8,0.0,29.5,305
2026-01-21 17:00:00,3.2,0.0,26.9,310
2026-01-21 18:00:00,2.7,0.0,25.8,314
2026-01-21 19:00:00,2.0,0.0,25.4,312
2026-01-21 20:00:00,2.0,0.0,26.0,310
2026-01-21 21:00:00,1.6,0.0,20.6,310
2026-01-21 22:00:00,1.8,0.0,24.3,313
2026-01-21 23:00:00,1.4,0.0,23.2,318
2026-01-22 00:00:00,1.1,0.0,25.1,314
2026-01-22 01:00:00,1.0,0.0,25.5,315
2026-01-22 02:00:00,0.7,0.0,24.8,312
2026-01-22 03:00:00,0.6,0.0,23.4,313
2026-01-22 04:00:00,0.3,0.0,24.1,315
2026-01-22 05:00:00,0.3,0.0,24.5,308
2026-01-22 06:00:00,0.2,0.0,24.7,308
2026-01-22 07:00:00,-0.1,0.0,24.1,304
2026-01-22 08:00:00,0.1,0.0,23.3,305
2026-01-22 09:00:00,1.0,0.0,25.0,308
2026-01-22 10:00:00,1.7,0.0,28.2,307
2026-01-22 11:00:00,2.0,0.0,29.4,304
2026-01-22 12:00:00,2.5,0.0,29.4,303
2026-01-22 13:00:00,2.5,0.0,28.7,301
2026-01-22 14:00:00,2.8,0.0,31.3,299
2026-01-22 15:00:00,2.8,0.0,27.9,298
2026-01-22 16:00:00,2.3,0.0,25.7,300
2026-01-22 17:00:00,1.9,0.0,25.4,301
2026-01-22 18:00:00,1.4,0.0,22.5,305
2026-01-22 19:00:00,1.0,0.0,22.6,302
2026-01-22 20:00:00,1.1,0.0,22.3,301
2026-01-22 21:00:00,1.1,0.0,18.5,315
2026-01-22 22:00:00,1.9,0.0,16.8,311
2026-01-22 23:00:00,2.3,0.0,20.0,299
2026-01-23 00:00:00,2.3,0.0,19.4,303
2026-01-23 01:00:00,2.0,0.0,20.1,312
2026-01-23 02:00:00,2.0,0.0,19.2,299
2026-01-23 03:00:00,2.7,0.0,21.8,299
2026-01-23 04:00:00,3.1,0.0,20.4,295
2026-01-23 05:00:00,3.2,0.0,24.6,299
2026-01-23 06:00:00,2.6,0.0,23.6,302
2026-01-23 07:00:00,1.7,0.0,21.4,309
2026-01-23 08:00:00,1.9,0.0,19.7,310
2026-01-23 09:00:00,3.1,0.0,21.2,306
2026-01-23 10:00:00,3.8,0.0,24.1,303
2026-01-23 11:00:00,4.2,0.0,23.8,301
2026-01-23 12:00:00,5.0,0.0,24.0,300
2026-01-23 13:00:00,5.2,0.0,24.1,297
2026-01-23 14:00:00,5.1,0.0,25.0,293
2026-01-23 15:00:00,5.2,0.0,24.1,280
2026-01-23 16:00:00,5.6,0.0,22.9,277
2026-01-23 17:00:00,5.3,0.0,20.8,275
2026-01-23 18:00:00,5.3,0.0,20.4,273
2026-01-23 19:00:00,4.9,0.3,16.8,280
2026-01-23 20:00:00,4.3,0.2,13.2,310
2026-01-23 21:00:00,3.5,0.1,11.9,311
2026-01-23 22:00:00,3.0,0.0,5.5,251
2026-01-23 23:00:00,2.5,0.0,4.9,219
2026-01-24 00:00:00,3.0,1.0,13.9,226
2026-01-24 01:00:00,3.4,0.1,13.9,249
2026-01-24 02:00:00,3.4,1.0,17.2,241
2026-01-24 03:00:00,2.8,3.6,16.1,264
2026-01-24 04:00:00,2.9,0.3,14.9,277
2026-01-24 05:00:00,3.0,0.4,10.4,296
2026-01-24 06:00:00,3.2,0.0,8.3,256
2026-01-24 07:00:00,2.5,0.2,4.8,250
2026-01-24 08:00:00,3.8,0.1,7.1,280
2026-01-24 09:00:00,5.4,0.0,18.7,271
2026-01-24 10:00:00,7.2,0.0,26.1,289
2026-01-24 11:00:00,7.6,0.1,27.6,292
2026-01-24 12:00:00,7.8,0.1,29.7,291
2026-01-24 13:00:00,7.8,0.0,31.2,296
2026-01-24 14:00:00,7.2,0.0,29.6,302
2026-01-24 15:00:00,7.1,0.0,25.1,301
2026-01-24 16:00:00,6.8,0.0,24.7,302
2026-01-24 17:00:00,6.1,0.0,21.0,303
2026-01-24 18:00:00,4.8,0.0,18.8,306
2026-01-24 19:00:00,4.0,0.0,16.0,311
2026-01-24 20:00:00,3.7,0.0,16.6,323
2026-01-24 21:00:00,3.8,0.0,15.5,306
2026-01-24 22:00:00,3.5,0.0,15.4,308
2026-01-24 23:00:00,3.5,0.0,17.1,309
2026-01-25 00:00:00,3.8,0.0,19.8,309
2026-01-25 01:00:00,3.7,0.0,21.9,312
2026-01-25 02:00:00,3.5,0.0,24.5,304
2026-01-25 03:00:00,3.2,0.0,23.3,309
2026-01-25 04:00:00,3.0,0.0,24.1,311
2026-01-25 05:00:00,2.8,0.0,25.6,311
2026-01-25 06:00:00,2.8,0.0,29.2,307
2026-01-25 07:00:00,2.7,0.0,29.2,303
2026-01-25 08:00:00,2.8,0.0,27.1,309
2026-01-25 09:00:00,2.8,0.0,23.8,313
2026-01-25 10:00:00,3.8,0.0,25.1,309
2026-01-25 11:00:00,4.6,0.0,23.6,313
2026-01-25 12:00:00,5.2,0.0,20.7,315
2026-01-25 13:00:00,5.6,0.0,20.2,307
2026-01-25 14:00:00,5.4,0.0,21.2,304
2026-01-25 15:00:00,5.2,0.0,19.8,303
2026-01-25 16:00:00,4.7,0.0,17.0,310
2026-01-25 17:00:00,3.8,0.0,14.3,314
2026-01-25 18:00:00,2.5,0.0,12.6,314
2026-01-25 19:00:00,2.0,0.0,12.0,309
2026-01-25 20:00:00,1.8,0.0,11.1,313
2026-01-25 21:00:00,1.8,0.0,7.6,313
2026-01-25 22:00:00,1.5,0.0,10.7,314
2026-01-25 23:00:00,1.4,0.0,8.7,310
2026-01-26 00:00:00,1.2,0.0,8.2,324
2026-01-26 01:00:00,-0.2,0.0,5.1,328
2026-01-26 02:00:00,0.2,0.0,5.6,333
2026-01-26 03:00:00,1.0,0.0,4.4,322
2026-01-26 04:00:00,1.0,0.0,1.9,319
2026-01-26 05:00:00,0.9,0.0,0.9,11
2026-01-26 06:00:00,0.9,0.0,0.9,11
2026-01-26 07:00:00,0.8,0.0,0.7,346
2026-01-26 08:00:00,1.6,0.0,1.6,264
2026-01-26 09:00:00,4.0,0.0,4.1,236
2026-01-26 10:00:00,5.4,0.0,3.1,177
2026-01-26 11:00:00,6.6,0.0,6.9,113
2026-01-26 12:00:00,7.2,0.0,5.4,186
2026-01-26 13:00:00,6.7,0.0,10.0,213
2026-01-26 14:00:00,6.4,0.0,9.3,208
2026-01-26 15:00:00,6.6,0.0,3.2,236
2026-01-26 16:00:00,6.6,0.0,3.9,292
2026-01-26 17:00:00,5.7,0.0,6.4,315
2026-01-26 18:00:00,5.2,0.0,8.9,318
2026-01-26 19:00:00,5.1,0.0,6.8,318
2026-01-26 20:00:00,4.7,0.0,3.3,241
2026-01-26 21:00:00,6.3,0.0,6.6,229
2026-01-26 22:00:00,6.9,0.0,10.4,208
2026-01-26 23:00:00,7.0,0.0,11.2,221
2026-01-27 00:00:00,6.8,0.0,12.4,257
2026-01-27 01:00:00,6.3,0.2,12.4,244
2026-01-27 02:00:00,6.3,0.1,12.6,243
2026-01-27 03:00:00,6.7,0.0,13.8,235
2026-01-27 04:00:00,7.2,0.0,12.7,243
2026-01-27 05:00:00,7.2,0.0,11.0,280
2026-01-27 06:00:00,6.0,0.0,18.7,335
2026-01-27 07:00:00,4.6,0.0,15.7,332
2026-01-27 08:00:00,4.6,0.0,13.7,322
2026-01-27 09:00:00,6.5,0.0,13.8,319
2026-01-27 10:00:00,7.1,0.0,18.0,312
2026-01-27 11:00:00,7.2,0.0,19.9,302
2026-01-27 12:00:00,7.4,0.0,21.3,296
2026-01-27 13:00:00,7.5,0.0,21.3,298
2026-01-27 14:00:00,7.2,0.0,19.9,303
2026-01-27 15:00:00,8.2,0.0,18.4,305
2026-01-27 16:00:00,7.6,0.0,17.7,309
2026-01-27 17:00:00,6.6,0.0,15.5,315
2026-01-27 18:00:00,5.1,0.0,13.5,317
2026-01-27 19:00:00,4.0,0.0,13.1,319
2026-01-27 20:00:00,3.3,0.0,12.0,321
2026-01-27 21:00:00,3.0,0.0,8.4,340
2026-01-27 22:00:00,2.3,0.0,7.6,341
2026-01-27 23:00:00,2.2,0.0,7.9,340
2026-01-28 00:00:00,2.2,0.0,7.0,342
2026-01-28 01:00:00,2.2,0.0,7.9,347
2026-01-28 02:00:00,2.7,0.0,11.5,340
2026-01-28 03:00:00,2.5,0.0,12.2,341
2026-01-28 04:00:00,2.2,0.0,13.0,340
2026-01-28 05:00:00,1.9,0.0,12.6,333
2026-01-28 06:00:00,1.7,0.0,12.5,327
2026-01-28 07:00:00,1.8,0.0,11.7,319
2026-01-28 08:00:00,2.7,0.0,13.4,317
2026-01-28 09:00:00,4.8,0.0,10.4,318
2026-01-28 10:00:00,6.9,0.0,14.6,320
2026-01-28 11:00:00,7.6,0.0,15.9,314
2026-01-28 12:00:00,8.4,0.0,17.5,309
2026-01-28 13:00:00,8.5,0.0,18.6,308
2026-01-28 14:00:00,8.2,0.0,19.8,309
2026-01-28 15:00:00,7.6,0.0,18.5,315
2026-01-28 16:00:00,6.8,0.0,16.7,318
2026-01-28 17:00:00,5.4,0.0,14.7,320
2026-01-28 18:00:00,3.7,0.0,12.4,306
2026-01-28 19:00:00,3.5,0.0,14.4,294
2026-01-28 20:00:00,3.5,0.0,16.5,311
2026-01-28 21:00:00,3.4,0.0,13.4,325
2026-01-28 22:00:00,3.0,0.0,13.3,322
2026-01-28 23:00:00,2.7,0.0,9.5,321
2026-01-29 00:00:00,2.2,0.0,9.2,329
2026-01-29 01:00:00,2.3,0.0,11.4,322
2026-01-29 02:00:00,2.5,0.0,13.3,319
2026-01-29 03:00:00,2.3,0.0,12.9,327
2026-01-29 04:00:00,2.0,0.0,13.4,324
2026-01-29 05:00:00,2.0,0.0,13.8,323
2026-01-29 06:00:00,2.0,0.0,13.6,324
2026-01-29 07:00:00,2.2,0.0,14.8,316
2026-01-29 08:00:00,3.0,0.0,17.2,315
2026-01-29 09:00:00,4.6,0.0,15.4,314
2026-01-29 10:00:00,5.8,0.0,21.0,317
2026-01-29 11:00:00,7.0,0.0,23.2,316
2026-01-29 12:00:00,7.1,0.0,25.2,314
2026-01-29 13:00:00,6.8,0.0,26.7,309
2026-01-29 14:00:00,6.5,0.0,28.2,305
2026-01-29 15:00:00,6.4,0.0,26.4,299
2026-01-29 16:00:00,5.8,0.0,26.4,302
2026-01-29 17:00:00,5.3,0.0,21.2,303
2026-01-29 18:00:00,4.4,0.0,18.6,317
2026-01-29 19:00:00,4.4,0.0,16.2,319
2026-01-29 20:00:00,5.1,0.0,21.2,302
2026-01-29 21:00:00,4.6,0.0,18.9,311
2026-01-29 22:00:00,4.3,0.0,17.7,315
2026-01-29 23:00:00,4.1,0.0,17.0,312
2026-01-30 00:00:00,3.7,0.0,16.0,320
2026-01-30 01:00:00,3.5,0.0,16.1,321
2026-01-30 02:00:00,3.3,0.0,17.6,306
2026-01-30 03:00:00,3.2,0.0,17.7,310
2026-01-30 04:00:00,3.0,0.0,18.0,314
2026-01-30 05:00:00,2.7,0.0,17.1,316
2026-01-30 06:00:00,2.3,0.0,15.3,317
2026-01-30 07:00:00,2.0,0.0,13.6,314
2026-01-30 08:00:00,2.8,0.0,14.8,312
2026-01-30 09:00:00,4.4,0.0,9.7,329
2026-01-30 10:00:00,6.1,0.0,18.6,304
2026-01-30 11:00:00,6.7,0.0,18.0,301
2026-01-30 12:00:00,7.0,0.0,18.2,297
2026-01-30 13:00:00,7.1,0.0,19.6,296
2026-01-30 14:00:00,6.8,0.0,20.1,298
2026-01-30 15:00:00,6.7,0.0,19.9,295
2026-01-30 16:00:00,5.9,0.0,19.8,300
2026-01-30 17:00:00,5.0,0.0,17.0,306
2026-01-30 18:00:00,4.1,0.0,15.9,307
2026-01-30 19:00:00,3.2,0.0,14.5,312
2026-01-30 20:00:00,2.5,0.0,13.3,319
2026-01-30 21:00:00,2.0,0.0,11.8,336
2026-01-30 22:00:00,1.6,0.0,11.0,336
2026-01-30 23:00:00,1.5,0.0,9.8,330
2026-01-31 00:00:00,1.4,0.0,9.8,325
2026-01-31 01:00:00,1.4,0.0,11.1,330
2026-01-31 02:00:00,1.1,0.0,10.8,332
2026-01-31 03:00:00,1.1,0.0,10.2,337
2026-01-31 04:00:00,0.8,0.0,9.6,344
2026-01-31 05:00:00,0.8,0.0,9.3,341
2026-01-31 06:00:00,0.9,0.0,9.4,337
2026-01-31 07:00:00,0.8,0.0,7.5,327
2026-01-31 08:00:00,1.8,0.0,7.5,323
2026-01-31 09:00:00,3.2,0.0,4.6,13
2026-01-31 10:00:00,5.8,0.0,4.4,330
2026-01-31 11:00:00,6.8,0.0,6.3,309
2026-01-31 12:00:00,8.2,0.0,7.4,273
2026-01-31 13:00:00,8.9,0.0,11.1,262
2026-01-31 14:00:00,9.1,0.0,15.1,278
2026-01-31 15:00:00,8.9,0.0,17.2,283
2026-01-31 16:00:00,8.3,0.0,16.2,289
2026-01-31 17:00:00,6.9,0.0,13.9,297
2026-01-31 18:00:00,4.9,0.0,13.1,311
2026-01-31 19:00:00,3.5,0.0,10.2,329
2026-01-31 20:00:00,2.5,0.0,8.6,344
2026-01-31 21:00:00,2.1,0.0,6.8,360
2026-01-31 22:00:00,0.7,0.0,4.2,5
2026-01-31 23:00:00,0.6,0.0,3.7,11
2026-02-01 00:00:00,0.9,0.0,2.2,355
2026-02-01 01:00:00,1.5,0.0,4.3,332
2026-02-01 02:00:00,2.0,0.0,7.5,343
2026-02-01 03:00:00,3.0,0.0,10.4,345
2026-02-01 04:00:00,3.3,0.0,15.7,341
2026-02-01 05:00:00,3.0,0.0,15.9,332
2026-02-01 06:00:00,2.8,0.0,16.0,326
2026-02-01 07:00:00,2.8,0.0,14.7,323
2026-02-01 08:00:00,3.3,0.0,14.4,313
2026-02-01 09:00:00,5.0,0.0,12.6,316
2026-02-01 10:00:00,6.0,0.0,19.4,299
2026-02-01 11:00:00,6.7,0.0,21.6,291
2026-02-01 12:00:00,7.3,0.0,23.3,285
2026-02-01 13:00:00,7.7,0.0,24.2,285
2026-02-01 14:00:00,7.8,0.0,23.7,285
2026-02-01 15:00:00,7.7,0.0,24.6,281
2026-02-01 16:00:00,7.6,0.0,21.6,283
2026-02-01 17:00:00,7.5,0.0,20.9,285
2026-02-01 18:00:00,6.7,0.0,19.6,283
2026-02-01 19:00:00,6.1,0.0,15.4,300
2026-02-01 20:00:00,5.5,0.0,12.7,324
2026-02-01 21:00:00,5.4,0.0,13.1,312
2026-02-01 22:00:00,4.9,0.0,14.9,315
2026-02-01 23:00:00,4.4,0.0,13.5,317
2026-02-02 00:00:00,4.6,0.0,13.9,324
2026-02-02 01:00:00,4.6,0.0,13.8,327
2026-02-02 02:00:00,4.2,0.0,13.5,341
2026-02-02 03:00:00,4.4,0.0,10.7,352
2026-02-02 04:00:00,4.0,0.0,8.6,11
2026-02-02 05:00:00,3.3,0.0,1.6,6
2026-02-02 06:00:00,2.9,0.0,0.5,315
2026-02-02 07:00:00,3.3,0.0,8.1,329
2026-02-02 08:00:00,3.9,0.0,11.0,334
2026-02-02 09:00:00,5.7,0.0,2.3,231
2026-02-02 10:00:00,6.8,0.1,13.4,230
2026-02-02 11:00:00,7.7,0.0,13.9,241
2026-02-02 12:00:00,7.8,0.1,20.7,259
2026-02-02 13:00:00,6.5,0.3,18.2,247
2026-02-02 14:00:00,5.7,0.4,21.1,259
2026-02-02 15:00:00,5.8,0.3,18.3,302
2026-02-02 16:00:00,6.3,0.5,18.9,300
2026-02-02 17:00:00,6.0,0.0,19.2,304
2026-02-02 18:00:00,4.3,0.0,16.4,322
2026-02-02 19:00:00,3.2,0.0,14.9,324
2026-02-02 20:00:00,2.7,0.0,13.2,300
2026-02-02 21:00:00,3.0,0.0,13.3,308
2026-02-02 22:00:00,3.3,0.0,13.4,314
2026-02-02 23:00:00,3.0,0.0,11.4,319
2026-02-03 00:00:00,2.5,0.0,8.6,331
2026-02-03 01:00:00,2.2,0.0,7.6,342
2026-02-03 02:00:00,2.5,0.0,11.1,330
2026-02-03 03:00:00,3.0,0.0,14.4,326
2026-02-03 04:00:00,2.7,0.0,13.6,321
2026-02-03 05:00:00,2.3,0.0,11.7,323
2026-02-03 06:00:00,2.0,0.0,11.3,327
2026-02-03 07:00:00,1.7,0.0,10.7,331
2026-02-03 08:00:00,2.3,0.0,9.2,329
2026-02-03 09:00:00,4.5,0.0,6.6,339
2026-02-03 10:00:00,6.3,0.0,9.5,302
2026-02-03 11:00:00,7.6,0.0,10.1,290
2026-02-03 12:00:00,8.1,0.0,11.9,276
2026-02-03 13:00:00,8.3,0.0,14.4,274
2026-02-03 14:00:00,8.2,0.0,17.7,274
2026-02-03 15:00:00,8.4,0.0,16.2,282
2026-02-03 16:00:00,7.9,0.0,15.3,288
2026-02-03 17:00:00,7.0,0.0,13.6,292
2026-02-03 18:00:00,5.6,0.0,13.2,294
2026-02-03 19:00:00,5.0,0.0,12.1,297
2026-02-03 20:00:00,4.8,0.0,8.7,297
2026-02-03 21:00:00,5.5,0.0,9.9,271
2026-02-03 22:00:00,5.7,0.0,8.8,255
2026-02-03 23:00:00,5.8,0.0,8.6,250
2026-02-04 00:00:00,5.9,0.0,9.2,239
2026-02-04 01:00:00,6.1,0.0,11.5,225
2026-02-04 02:00:00,6.1,0.0,11.5,221
2026-02-04 03:00:00,5.8,0.0,9.9,213
2026-02-04 04:00:00,5.7,0.0,9.8,215
2026-02-04 05:00:00,5.8,0.0,11.3,207
2026-02-04 06:00:00,5.9,0.0,12.1,208
2026-02-04 07:00:00,5.9,0.0,11.6,216
2026-02-04 08:00:00,6.2,0.0,11.9,218
2026-02-04 09:00:00,7.4,0.0,8.5,205
2026-02-04 10:00:00,8.6,0.0,10.2,206
2026-02-04 11:00:00,9.7,0.0,11.6,213
2026-02-04 12:00:00,10.9,0.0,11.7,224
2026-02-04 13:00:00,12.2,0.0,12.9,249
2026-02-04 14:00:00,12.8,0.0,15.7,255
2026-02-04 15:00:00,13.0,0.0,12.8,238
2026-02-04 16:00:00,12.9,0.0,14.1,257
2026-02-04 17:00:00,11.6,0.0,13.0,276
2026-02-04 18:00:00,10.2,0.0,11.5,268
2026-02-04 19:00:00,9.6,0.0,10.0,276
2026-02-04 20:00:00,9.2,0.0,10.6,280
2026-02-04 21:00:00,9.1,0.0,6.7,290
2026-02-04 22:00:00,7.9,0.0,3.6,273
2026-02-04 23:00:00,7.2,0.0,4.2,216
2026-02-05 00:00:00,7.8,0.0,6.3,175
2026-02-05 01:00:00,6.6,0.0,4.6,138
2026-02-05 02:00:00,5.6,0.0,3.3,131
2026-02-05 03:00:00,5.9,0.0,4.4,109
2026-02-05 04:00:00,5.1,0.0,3.5,102
2026-02-05 05:00:00,4.3,0.0,2.6,102
2026-02-05 06:00:00,4.1,0.0,3.1,77
2026-02-05 07:00:00,4.9,0.0,3.5,55
2026-02-05 08:00:00,5.6,0.0,4.4,52
2026-02-05 09:00:00,6.9,0.0,4.2,70
2026-02-05 10:00:00,7.9,0.0,3.3,84
2026-02-05 11:00:00,10.3,0.0,3.2,124
2026-02-05 12:00:00,11.8,0.0,3.2,177
2026-02-05 13:00:00,12.6,0.0,6.7,183
2026-02-05 14:00:00,13.6,0.0,5.4,194
2026-02-05 15:00:00,13.6,0.0,1.8,191
2026-02-05 16:00:00,14.2,0.0,0.8,225
2026-02-05 17:00:00,13.6,0.0,1.3,146
2026-02-05 18:00:00,12.6,0.0,1.5,256
2026-02-05 19:00:00,11.9,0.0,2.7,262
2026-02-05 20:00:00,10.9,0.0,1.5,284
2026-02-05 21:00:00,11.1,0.0,0.7,14
2026-02-05 22:00:00,9.9,0.0,0.5,45
2026-02-05 23:00:00,9.5,0.0,0.0,270
2026-02-06 00:00:00,8.6,0.0,3.3,158
2026-02-06 01:00:00,8.2,0.0,4.4,201
2026-02-06 02:00:00,7.6,0.0,2.7,262
2026-02-06 03:00:00,7.1,0.0,3.8,319
2026-02-06 04:00:00,5.3,0.0,3.3,351
2026-02-06 05:00:00,4.2,0.0,3.4,360
2026-02-06 06:00:00,4.6,0.0,3.8,349
2026-02-06 07:00:00,6.5,0.0,10.0,346
2026-02-06 08:00:00,8.0,0.0,14.1,347
2026-02-06 09:00:00,10.1,0.0,11.5,337
2026-02-06 10:00:00,12.1,0.0,15.9,323
2026-02-06 11:00:00,12.6,0.0,16.6,324
2026-02-06 12:00:00,13.4,0.0,16.0,320
2026-02-06 13:00:00,13.5,0.0,16.5,322
2026-02-06 14:00:00,13.2,0.0,17.2,334
2026-02-06 15:00:00,12.8,0.0,16.1,332
2026-02-06 16:00:00,11.7,0.0,16.8,334
2026-02-06 17:00:00,10.4,0.0,16.0,343
2026-02-06 18:00:00,8.4,0.0,12.8,345
2026-02-06 19:00:00,6.9,0.0,7.2,341
2026-02-06 20:00:00,6.3,0.0,6.5,328
2026-02-06 21:00:00,6.2,0.0,8.9,341
2026-02-06 22:00:00,6.2,0.0,9.6,340
2026-02-06 23:00:00,6.2,0.0,9.0,330
2026-02-07 00:00:00,6.4,0.0,9.1,330
2026-02-07 01:00:00,6.3,0.0,10.1,325
2026-02-07 02:00:00,6.2,0.0,10.6,332
2026-02-07 03:00:00,6.2,0.1,12.4,329
2026-02-07 04:00:00,6.2,0.0,12.7,330
2026-02-07 05:00:00,5.9,0.1,12.2,333
2026-02-07 06:00:00,5.6,0.1,9.1,306
2026-02-07 07:00:00,5.2,0.0,10.6,317
2026-02-07 08:00:00,5.3,0.1,12.6,317
2026-02-07 09:00:00,6.1,0.2,8.7,274
2026-02-07 10:00:00,7.2,0.1,8.8,298
2026-02-07 11:00:00,7.2,0.4,14.1,298
2026-02-07 12:00:00,5.3,1.2,16.5,300
2026-02-07 13:00:00,6.6,0.3,19.6,287
2026-02-07 14:00:00,7.6,0.0,33.1,282
2026-02-07 15:00:00,6.9,0.0,34.7,276
2026-02-07 16:00:00,6.1,0.1,31.0,284
2026-02-07 17:00:00,5.6,0.0,27.7,291
2026-02-07 18:00:00,5.1,0.0,25.1,294
2026-02-07 19:00:00,4.7,0.0,21.6,299
2026-02-07 20:00:00,4.2,0.0,22.3,303
2026-02-07 21:00:00,4.2,0.0,21.5,301
2026-02-07 22:00:00,3.9,0.0,21.7,305
2026-02-07 23:00:00,3.3,0.0,22.2,307
2026-02-08 00:00:00,2.4,0.0,25.2,309
2026-02-08 01:00:00,1.9,0.0,28.7,306
2026-02-08 02:00:00,0.9,0.0,30.2,307
2026-02-08 03:00:00,0.8,0.1,30.4,311
2026-02-08 04:00:00,0.4,0.0,31.6,308
2026-02-08 05:00:00,-0.4,0.0,30.3,310
2026-02-08 06:00:00,-0.6,0.0,29.6,309
2026-02-08 07:00:00,-0.7,0.0,27.9,308
2026-02-08 08:00:00,-0.2,0.0,29.4,308
2026-02-08 09:00:00,-0.4,0.0,27.5,310
2026-02-08 10:00:00,0.2,0.0,28.4,311
2026-02-08 11:00:00,0.9,0.0,28.8,315
2026-02-08 12:00:00,1.2,0.1,29.9,314
2026-02-08 13:00:00,1.6,0.0,29.7,312
2026-02-08 14:00:00,2.0,0.0,28.1,308
2026-02-08 15:00:00,1.1,0.0,26.3,305
2026-02-08 16:00:00,1.2,0.1,22.7,316
2026-02-08 17:00:00,0.8,0.1,19.7,317
2026-02-08 18:00:00,0.9,0.0,18.2,309
2026-02-08 19:00:00,0.6,0.0,16.0,315
2026-02-08 20:00:00,0.9,0.0,17.9,319
2026-02-08 21:00:00,0.7,0.0,16.1,310
2026-02-08 22:00:00,0.9,0.0,16.3,314
2026-02-08 23:00:00,1.1,0.0,17.2,315
2026-02-09 00:00:00,1.4,0.0,19.0,312
2026-02-09 01:00:00,1.4,0.0,18.8,315
2026-02-09 02:00:00,1.4,0.0,18.6,316
2026-02-09 03:00:00,0.9,0.0,16.3,324
2026-02-09 04:00:00,0.7,0.0,16.2,333
2026-02-09 05:00:00,0.2,0.0,13.9,333
2026-02-09 06:00:00,-0.2,0.0,12.6,331
2026-02-09 07:00:00,-0.2,0.0,11.6,323
2026-02-09 08:00:00,1.0,0.0,10.5,308
2026-02-09 09:00:00,2.9,0.0,8.3,304
2026-02-09 10:00:00,4.3,0.0,12.8,281
2026-02-09 11:00:00,5.2,0.0,14.1,273
2026-02-09 12:00:00,6.0,0.0,15.3,273
2026-02-09 13:00:00,6.7,0.0,16.4,278
2026-02-09 14:00:00,6.7,0.0,15.1,282
2026-02-09 15:00:00,6.6,0.0,12.0,291
2026-02-09 16:00:00,6.5,0.0,9.7,298
2026-02-09 17:00:00,5.6,0.0,6.5,309
2026-02-09 18:00:00,2.1,0.0,5.4,310
2026-02-09 19:00:00,1.2,0.0,4.9,324
2026-02-09 20:00:00,0.7,0.0,4.6,334
2026-02-09 21:00:00,3.0,0.0,5.6,287
2026-02-09 22:00:00,2.2,0.0,4.7,277
2026-02-09 23:00:00,2.5,0.0,3.2,236
2026-02-10 00:00:00,2.3,0.0,4.7,176
2026-02-10 01:00:00,3.0,0.0,6.2,165
2026-02-10 02:00:00,2.3,0.0,5.6,159
2026-02-10 03:00:00,2.3,0.0,5.8,173
2026-02-10 04:00:00,2.9,0.0,6.1,178
2026-02-10 05:00:00,3.6,0.0,8.6,164
2026-02-10 06:00:00,3.7,0.0,10.3,164
2026-02-10 07:00:00,4.0,0.0,10.9,149
2026-02-10 08:00:00,4.8,0.0,10.6,150
2026-02-10 09:00:00,6.2,0.0,12.7,129
2026-02-10 10:00:00,7.7,0.0,12.7,135
2026-02-10 11:00:00,8.1,0.0,12.1,123
2026-02-10 12:00:00,7.8,0.2,12.7,105
2026-02-10 13:00:00,7.2,0.3,13.3,92
2026-02-10 14:00:00,6.4,1.0,12.3,85
2026-02-10 15:00:00,6.2,0.5,12.3,85
2026-02-10 16:00:00,6.3,0.6,9.6,69
2026-02-10 17:00:00,6.4,0.4,10.9,66
2026-02-10 18:00:00,6.0,0.5,15.2,85
2026-02-10 19:00:00,6.4,0.1,14.2,98
2026-02-10 20:00:00,6.9,0.0,11.4,113
2026-02-10 21:00:00,7.5,0.1,7.9,91
2026-02-10 22:00:00,7.6,0.3,7.0,87
2026-02-10 23:00:00,7.6,0.5,5.5,81
2026-02-11 00:00:00,7.4,0.4,4.4,81
2026-02-11 01:00:00,7.3,0.9,3.2,34
2026-02-11 02:00:00,7.0,0.6,3.8,8
2026-02-11 03:00:00,5.8,1.1,7.7,1
2026-02-11 04:00:00,6.8,0.7,9.3,328
2026-02-11 05:00:00,7.4,0.1,13.1,318
2026-02-11 06:00:00,7.6,0.1,15.4,314
2026-02-11 07:00:00,7.3,0.3,14.2,308
2026-02-11 08:00:00,7.1,0.4,11.8,314
2026-02-11 09:00:00,7.6,0.0,12.4,312
2026-02-11 10:00:00,9.3,0.1,12.5,314
2026-02-11 11:00:00,9.2,0.1,17.3,318
2026-02-11 12:00:00,11.0,0.0,19.5,310
2026-02-11 13:00:00,11.9,0.0,21.2,302
2026-02-11 14:00:00,11.7,0.0,21.6,300
2026-02-11 15:00:00,11.1,0.0,20.3,291
2026-02-11 16:00:00,10.6,0.0,20.5,293
2026-02-11 17:00:00,9.7,0.0,20.0,297
2026-02-11 18:00:00,8.5,0.0,16.0,300
2026-02-11 19:00:00,7.6,0.0,13.8,309
2026-02-11 20:00:00,6.8,0.0,12.4,318
2026-02-11 21:00:00,6.6,0.0,7.1,319
2026-02-11 22:00:00,5.8,0.0,4.7,310
2026-02-11 23:00:00,6.0,0.0,4.5,277
2026-02-12 00:00:00,5.7,0.0,4.0,273
2026-02-12 01:00:00,5.1,0.0,2.8,259
2026-02-12 02:00:00,5.9,0.0,5.7,233
2026-02-12 03:00:00,7.2,0.0,6.5,238
2026-02-12 04:00:00,7.2,0.0,11.2,274
2026-02-12 05:00:00,6.9,0.0,11.4,264
2026-02-12 06:00:00,6.8,0.1,10.7,264
2026-02-12 07:00:00,6.4,0.1,7.6,270
2026-02-12 08:00:00,6.6,0.1,7.8,293
2026-02-12 09:00:00,8.3,0.0,9.8,275
2026-02-12 10:00:00,10.4,0.0,15.7,295
2026-02-12 11:00:00,11.1,0.0,16.9,293
2026-02-12 12:00:00,11.6,0.0,17.4,281
2026-02-12 13:00:00,11.8,0.0,19.1,278
2026-02-12 14:00:00,11.6,0.0,20.7,281
2026-02-12 15:00:00,11.2,0.0,19.6,277
2026-02-12 16:00:00,10.9,0.0,18.1,280
2026-02-12 17:00:00,9.9,0.0,15.9,288
2026-02-12 18:00:00,8.1,0.0,11.8,304
2026-02-12 19:00:00,6.3,0.0,8.8,317
2026-02-12 20:00:00,4.7,0.0,7.2,338
2026-02-12 21:00:00,4.3,0.0,5.8,4
2026-02-12 22:00:00,3.2,0.0,4.1,34
2026-02-12 23:00:00,2.0,0.0,3.5,39
2026-02-13 00:00:00,1.2,0.0,2.2,35
2026-02-13 01:00:00,1.2,0.0,1.8,37
2026-02-13 02:00:00,2.0,0.0,1.7,49
2026-02-13 03:00:00,2.8,0.0,4.5,76
2026-02-13 04:00:00,2.8,0.0,3.2,93
2026-02-13 05:00:00,3.3,0.0,0.7,76
2026-02-13 06:00:00,2.5,0.0,0.4,27
2026-02-13 07:00:00,1.4,0.0,1.9,41
2026-02-13 08:00:00,3.5,0.0,2.7,58
2026-02-13 09:00:00,6.7,0.0,2.9,60
2026-02-13 10:00:00,8.3,0.0,2.2,171
2026-02-13 11:00:00,10.1,0.0,8.6,211
2026-02-13 12:00:00,11.8,0.0,11.6,238
2026-02-13 13:00:00,12.6,0.0,13.1,261
2026-02-13 14:00:00,13.0,0.0,16.1,277
2026-02-13 15:00:00,13.2,0.0,14.6,288
2026-02-13 16:00:00,12.8,0.0,14.8,301
2026-02-13 17:00:00,11.6,0.0,13.2,310
2026-02-13 18:00:00,9.4,0.0,11.8,314
2026-02-13 19:00:00,8.8,0.0,11.0,310
2026-02-13 20:00:00,8.2,0.0,9.1,302
2026-02-13 21:00:00,8.2,0.0,8.2,289
2026-02-13 22:00:00,7.8,0.0,6.2,282
2026-02-13 23:00:00,6.8,0.0,4.7,252
2026-02-14 00:00:00,6.3,0.0,3.8,177
2026-02-14 01:00:00,5.8,0.0,4.8,146
2026-02-14 02:00:00,5.1,0.0,3.5,118
2026-02-14 03:00:00,5.5,0.0,4.5,90
2026-02-14 04:00:00,4.6,0.0,4.0,87
2026-02-14 05:00:00,4.2,0.0,2.7,90
2026-02-14 06:00:00,3.9,0.0,2.6,106
2026-02-14 07:00:00,3.5,0.0,2.0,80
2026-02-14 08:00:00,5.2,0.0,3.7,61
2026-02-14 09:00:00,7.3,0.0,7.0,89
2026-02-14 10:00:00,9.8,0.0,7.3,120
2026-02-14 11:00:00,11.4,0.0,8.2,128
2026-02-14 12:00:00,11.6,0.0,10.6,105
2026-02-14 13:00:00,13.2,0.0,11.0,116
2026-02-14 14:00:00,13.4,0.0,12.7,113
2026-02-14 15:00:00,11.6,0.0,11.7,111
2026-02-14 16:00:00,10.9,0.1,9.2,96
2026-02-14 17:00:00,9.2,1.1,13.0,92
2026-02-14 18:00:00,9.2,0.8,10.6,92
2026-02-14 19:00:00,9.6,0.8,11.8,81
2026-02-14 20:00:00,9.9,0.4,14.1,80
2026-02-14 21:00:00,10.7,0.1,13.6,96
2026-02-14 22:00:00,10.8,0.0,13.7,88
2026-02-14 23:00:00,10.8,0.0,15.4,83
2026-02-15 00:00:00,10.9,0.4,17.1,78
2026-02-15 01:00:00,10.9,0.0,15.2,85
2026-02-15 02:00:00,11.0,0.1,14.7,82
2026-02-15 03:00:00,11.0,0.0,8.8,89
2026-02-15 04:00:00,10.9,0.0,7.0,44
2026-02-15 05:00:00,10.9,0.2,8.5,52
2026-02-15 06:00:00,11.1,0.2,8.3,68
2026-02-15 07:00:00,11.1,0.1,4.1,77
2026-02-15 08:00:00,11.2,0.0,1.6,63
2026-02-15 09:00:00,11.5,0.0,2.2,24
2026-02-15 10:00:00,12.8,0.0,1.8,323
2026-02-15 11:00:00,14.7,0.0,4.2,275
2026-02-15 12:00:00,16.0,0.0,9.8,244
2026-02-15 13:00:00,16.4,0.0,14.5,263
2026-02-15 14:00:00,17.5,0.0,17.6,285
2026-02-15 15:00:00,17.0,0.0,12.8,276
2026-02-15 16:00:00,16.4,0.0,13.7,275
2026-02-15 17:00:00,14.8,0.0,15.0,283
2026-02-15 18:00:00,12.9,0.0,12.9,297
2026-02-15 19:00:00,11.1,0.0,10.9,314
2026-02-15 20:00:00,9.9,0.0,9.7,325
2026-02-15 21:00:00,8.9,0.0,7.1,330
2026-02-15 22:00:00,8.3,0.0,4.9,336
2026-02-15 23:00:00,8.1,0.0,5.3,315
2026-02-16 00:00:00,9.1,0.0,9.2,301
2026-02-16 01:00:00,9.5,0.0,9.3,294
2026-02-16 02:00:00,9.8,0.0,8.2,289
2026-02-16 03:00:00,10.0,0.0,9.3,280
2026-02-16 04:00:00,8.6,0.0,6.9,323
2026-02-16 05:00:00,7.6,0.0,9.3,336
2026-02-16 06:00:00,6.9,0.0,6.7,333
2026-02-16 07:00:00,5.9,0.0,5.7,328
2026-02-16 08:00:00,8.4,0.0,3.7,293
2026-02-16 09:00:00,10.4,0.0,5.1,302
2026-02-16 10:00:00,12.9,0.0,5.4,291
2026-02-16 11:00:00,14.2,0.1,13.4,333
2026-02-16 12:00:00,14.2,0.0,14.8,347
2026-02-16 13:00:00,14.0,0.0,14.1,341
2026-02-16 14:00:00,13.9,0.0,15.9,340
2026-02-16 15:00:00,13.4,0.0,15.2,346
2026-02-16 16:00:00,12.1,0.0,16.4,355
2026-02-16 17:00:00,11.0,0.0,15.7,355
2026-02-16 18:00:00,9.7,0.0,13.4,355
2026-02-16 19:00:00,8.6,0.0,13.7,2
2026-02-16 20:00:00,7.8,0.0,13.4,24
2026-02-16 21:00:00,7.7,0.0,14.1,32
2026-02-16 22:00:00,7.2,0.0,12.0,36
2026-02-16 23:00:00,6.9,0.0,10.7,17
2026-02-17 00:00:00,6.9,0.0,10.0,13
2026-02-17 01:00:00,6.3,0.0,7.1,24
2026-02-17 02:00:00,5.9,0.0,5.6,22
2026-02-17 03:00:00,6.2,0.0,9.7,15
2026-02-17 04:00:00,5.7,0.0,11.8,20
2026-02-17 05:00:00,5.6,0.0,12.4,28
2026-02-17 06:00:00,4.8,0.0,11.2,37
2026-02-17 07:00:00,4.2,0.0,8.0,48
2026-02-17 08:00:00,4.9,0.0,6.1,66
2026-02-17 09:00:00,6.7,0.0,8.5,28
2026-02-17 10:00:00,8.6,0.0,7.4,45
2026-02-17 11:00:00,10.1,0.0,2.0,63
2026-02-17 12:00:00,10.8,0.0,5.3,208
2026-02-17 13:00:00,10.1,0.0,10.5,209
2026-02-17 14:00:00,10.3,0.0,10.2,208
2026-02-17 15:00:00,11.4,0.0,12.0,233
2026-02-17 16:00:00,11.9,0.0,15.5,297
2026-02-17 17:00:00,10.4,0.0,13.8,325
2026-02-17 18:00:00,8.8,0.0,9.3,333
2026-02-17 19:00:00,7.0,0.0,6.8,349
2026-02-17 20:00:00,5.6,0.0,5.0,13
2026-02-17 21:00:00,6.6,0.0,0.6,18
2026-02-17 22:00:00,6.6,0.0,0.7,360
2026-02-17 23:00:00,6.4,0.0,1.9,248
2026-02-18 00:00:00,6.4,0.0,5.7,246
2026-02-18 01:00:00,8.4,0.0,13.3,260
2026-02-18 02:00:00,8.4,0.0,16.5,259
2026-02-18 03:00:00,7.8,0.0,14.1,257
2026-02-18 04:00:00,7.3,0.0,12.8,253
2026-02-18 05:00:00,7.3,0.0,14.9,255
2026-02-18 06:00:00,6.8,0.0,14.0,269
2026-02-18 07:00:00,6.1,0.0,10.7,327
2026-02-18 08:00:00,7.0,0.0,15.5,331
2026-02-18 09:00:00,8.7,0.0,13.7,321
2026-02-18 10:00:00,9.9,0.0,20.4,307
2026-02-18 11:00:00,10.5,0.0,21.2,305
2026-02-18 12:00:00,10.7,0.0,22.1,301
2026-02-18 13:00:00,10.9,0.0,21.7,298
2026-02-18 14:00:00,11.0,0.0,21.8,295
2026-02-18 15:00:00,11.1,0.0,21.2,285
2026-02-18 16:00:00,10.7,0.0,20.3,285
2026-02-18 17:00:00,10.1,0.0,19.5,289
2026-02-18 18:00:00,9.0,0.0,15.4,294
2026-02-18 19:00:00,7.8,0.0,11.1,307
2026-02-18 20:00:00,6.5,0.0,5.5,322
2026-02-18 21:00:00,6.8,0.0,6.4,299
2026-02-18 22:00:00,6.5,0.0,7.8,302
2026-02-18 23:00:00,6.5,0.0,20.8,27
2026-02-19 00:00:00,5.3,0.0,15.3,34
2026-02-19 01:00:00,5.0,0.0,11.6,37
2026-02-19 02:00:00,4.3,0.0,9.3,37
2026-02-19 03:00:00,4.9,0.0,7.8,29
2026-02-19 04:00:00,4.2,0.0,7.4,23
2026-02-19 05:00:00,3.8,0.0,8.3,11
2026-02-19 06:00:00,4.5,0.0,8.2,14
2026-02-19 07:00:00,4.7,0.0,8.5,17
2026-02-19 08:00:00,5.1,0.0,8.1,21
2026-02-19 09:00:00,6.1,0.0,5.2,63
2026-02-19 10:00:00,7.8,0.0,3.8,115
2026-02-19 11:00:00,9.2,0.0,6.8,143
2026-02-19 12:00:00,9.4,0.0,8.3,164
2026-02-19 13:00:00,9.4,0.0,7.6,177
2026-02-19 14:00:00,10.6,0.0,3.8,197
2026-02-19 15:00:00,11.9,0.0,5.8,304
2026-02-19 16:00:00,12.4,0.0,9.4,302
2026-02-19 17:00:00,11.6,0.0,8.2,299
2026-02-19 18:00:00,9.1,0.0,1.4,270
2026-02-19 19:00:00,7.7,0.0,2.4,222
2026-02-19 20:00:00,7.9,0.0,5.6,239
2026-02-19 21:00:00,7.4,0.0,2.0,225
2026-02-19 22:00:00,7.3,0.0,2.6,124
2026-02-19 23:00:00,7.4,0.0,3.3,99
2026-02-20 00:00:00,7.2,0.0,3.3,112
2026-02-20 01:00:00,7.1,0.0,3.1,97
2026-02-20 02:00:00,6.9,0.0,2.7,110
2026-02-20 03:00:00,7.2,0.0,2.2,95
2026-02-20 04:00:00,7.4,0.0,1.3,135
2026-02-20 05:00:00,7.2,0.0,4.2,205
2026-02-20 06:00:00,7.9,0.0,6.6,201
2026-02-20 07:00:00,8.3,0.0,9.6,218
2026-02-20 08:00:00,8.9,0.0,10.8,227
2026-02-20 09:00:00,9.6,0.0,6.0,201
2026-02-20 10:00:00,10.6,0.0,7.4,212
2026-02-20 11:00:00,12.9,0.0,12.6,223
2026-02-20 12:00:00,14.1,0.0,14.2,252
2026-02-20 13:00:00,14.4,0.0,17.3,275
2026-02-20 14:00:00,14.2,0.0,19.3,285
2026-02-20 15:00:00,13.9,0.0,17.4,287
2026-02-20 16:00:00,13.4,0.0,17.1,289
2026-02-20 17:00:00,12.4,0.0,16.7,299
2026-02-20 18:00:00,11.1,0.0,14.2,299
2026-02-20 19:00:00,10.0,0.0,9.0,296
2026-02-20 20:00:00,8.1,0.0,4.4,300
2026-02-20 21:00:00,9.2,0.0,5.3,278
2026-02-20 22:00:00,8.1,0.0,5.1,287
2026-02-20 23:00:00,7.9,0.0,1.9,236
2026-02-21 00:00:00,6.6,0.0,4.3,156
2026-02-21 01:00:00,6.3,0.0,2.8,135
2026-02-21 02:00:00,5.9,0.0,2.3,113
2026-02-21 03:00:00,5.7,0.0,3.1,83
2026-02-21 04:00:00,4.4,0.0,4.0,72
2026-02-21 05:00:00,4.1,0.0,3.6,70
2026-02-21 06:00:00,3.7,0.0,3.3,68
2026-02-21 07:00:00,3.5,0.0,3.3,81
2026-02-21 08:00:00,6.2,0.0,5.0,92
2026-02-21 09:00:00,8.5,0.0,6.6,99
2026-02-21 10:00:00,10.8,0.0,6.7,126
2026-02-21 11:00:00,12.4,0.0,7.7,149
2026-02-21 12:00:00,13.8,0.0,7.7,150
2026-02-21 13:00:00,14.8,0.0,8.0,142
2026-02-21 14:00:00,15.0,0.0,10.1,130
2026-02-21 15:00:00,15.2,0.0,12.2,134
2026-02-21 16:00:00,14.4,0.0,15.7,124
2026-02-21 17:00:00,13.2,0.0,15.9,112
2026-02-21 18:00:00,11.6,0.0,15.7,103
2026-02-21 19:00:00,11.1,0.0,14.1,100
2026-02-21 20:00:00,10.8,0.0,12.2,107
2026-02-21 21:00:00,10.4,0.0,10.5,112
2026-02-21 22:00:00,9.9,0.0,6.7,124
2026-02-21 23:00:00,9.1,0.0,6.4,133
2026-02-22 00:00:00,9.1,0.0,9.5,143
2026-02-22 01:00:00,7.9,0.0,5.0,154
2026-02-22 02:00:00,7.6,0.0,1.7,167
2026-02-22 03:00:00,7.0,0.0,4.7,97
2026-02-22 04:00:00,7.5,0.0,9.2,96
2026-02-22 05:00:00,7.6,0.0,8.5,102
2026-02-22 06:00:00,7.9,0.0,11.3,92
2026-02-22 07:00:00,8.4,0.0,13.3,91
2026-02-22 08:00:00,9.9,0.0,12.2,98
2026-02-22 09:00:00,12.3,0.0,10.7,95
2026-02-22 10:00:00,13.9,0.3,11.4,95
2026-02-22 11:00:00,17.0,0.0,13.0,109
2026-02-22 12:00:00,19.4,0.0,16.8,133
2026-02-22 13:00:00,19.9,0.0,18.9,125
2026-02-22 14:00:00,20.0,0.4,11.6,114
2026-02-22 15:00:00,20.8,0.2,3.8,163
2026-02-22 16:00:00,21.0,0.7,19.7,225
2026-02-22 17:00:00,19.6,0.0,23.8,209
2026-02-22 18:00:00,17.8,0.0,19.2,216
2026-02-22 19:00:00,16.9,0.0,16.1,228
2026-02-22 20:00:00,16.4,0.0,17.7,237
2026-02-22 21:00:00,16.4,0.3,13.8,244
2026-02-22 22:00:00,16.6,0.0,18.8,264
2026-02-22 23:00:00,15.9,0.0,24.9,273
2026-02-23 00:00:00,14.8,0.0,24.0,287
2026-02-23 01:00:00,13.3,0.0,22.4,297
2026-02-23 02:00:00,11.8,0.0,17.8,308
2026-02-23 03:00:00,11.7,0.0,16.7,300
2026-02-23 04:00:00,11.1,0.0,14.7,320
2026-02-23 05:00:00,9.6,0.0,15.3,333
2026-02-23 06:00:00,8.5,0.0,14.9,337
2026-02-23 07:00:00,7.8,0.0,14.6,339
2026-02-23 08:00:00,8.3,0.0,12.3,338
2026-02-23 09:00:00,10.3,0.0,10.8,327
2026-02-23 10:00:00,11.8,0.0,11.3,329
2026-02-23 11:00:00,12.8,0.0,11.5,312
2026-02-23 12:00:00,13.3,0.0,10.6,304
2026-02-23 13:00:00,14.1,0.0,11.0,293
2026-02-23 14:00:00,14.4,0.0,13.9,290
2026-02-23 15:00:00,14.9,0.0,13.7,269
2026-02-23 16:00:00,14.2,0.0,13.2,281
2026-02-23 17:00:00,13.1,0.0,12.0,316
2026-02-23 18:00:00,10.8,0.0,12.0,347
2026-02-23 19:00:00,8.8,0.0,11.5,350
2026-02-23 20:00:00,7.7,0.0,11.1,343
2026-02-23 21:00:00,7.5,0.0,12.1,332
2026-02-23 22:00:00,7.6,0.0,17.8,349
2026-02-23 23:00:00,7.4,0.0,8.3,360
2026-02-24 00:00:00,6.1,0.0,0.8,225
2026-02-24 01:00:00,5.5,0.0,2.3,328
2026-02-24 02:00:00,5.4,0.0,1.1,351
2026-02-24 03:00:00,4.8,0.0,4.7,332
2026-02-24 04:00:00,4.1,0.0,3.6,18
2026-02-24 05:00:00,3.8,0.0,5.9,47
2026-02-24 06:00:00,4.0,0.0,7.5,48
2026-02-24 07:00:00,4.3,0.0,8.0,40
2026-02-24 08:00:00,6.1,0.0,8.0,50
2026-02-24 09:00:00,8.9,0.0,8.9,72
2026-02-24 10:00:00,10.1,0.0,9.9,106
2026-02-24 11:00:00,11.1,0.5,7.6,76
2026-02-24 12:00:00,12.6,0.0,5.6,2
2026-02-24 13:00:00,12.1,0.1,9.1,27
2026-02-24 14:00:00,13.1,0.0,11.9,35
2026-02-24 15:00:00,13.1,0.0,11.1,27
2026-02-24 16:00:00,12.5,0.4,13.8,21
2026-02-24 17:00:00,9.9,1.3,12.6,14
2026-02-24 18:00:00,9.0,1.8,15.5,1
2026-02-24 19:00:00,8.9,2.7,20.8,28
2026-02-24 20:00:00,8.6,2.4,19.0,35
2026-02-24 21:00:00,8.7,2.3,13.3,33
2026-02-24 22:00:00,8.9,1.5,13.8,37
2026-02-24 23:00:00,9.0,1.5,10.7,42
2026-02-25 00:00:00,9.1,1.4,9.9,9
2026-02-25 01:00:00,9.4,3.3,12.2,17
2026-02-25 02:00:00,10.2,5.2,13.4,37
2026-02-25 03:00:00,10.0,3.4,16.7,21
2026-02-25 04:00:00,9.9,2.0,16.2,3
2026-02-25 05:00:00,9.9,3.7,19.9,13
2026-02-25 06:00:00,9.9,3.1,21.5,31
2026-02-25 07:00:00,9.9,0.8,16.5,34
2026-02-25 08:00:00,10.2,0.1,15.5,23
2026-02-25 09:00:00,10.5,0.0,17.9,10
2026-02-25 10:00:00,11.4,0.2,15.4,14
2026-02-25 11:00:00,12.6,0.1,13.6,8
2026-02-25 12:00:00,13.2,0.0,15.2,5
2026-02-25 13:00:00,14.4,0.0,16.2,10
2026-02-25 14:00:00,15.1,0.0,18.1,9
2026-02-25 15:00:00,14.2,0.0,23.2,6
2026-02-25 16:00:00,13.4,0.0,23.3,8
2026-02-25 17:00:00,12.6,0.0,24.6,6
2026-02-25 18:00:00,11.8,0.0,24.3,10
2026-02-25 19:00:00,11.3,0.0,25.2,18
2026-02-25 20:00:00,11.0,0.0,23.1,20
2026-02-25 21:00:00,10.8,0.0,22.5,19
2026-02-25 22:00:00,10.6,0.0,22.3,20
2026-02-25 23:00:00,10.3,0.0,20.5,19
2026-02-26 00:00:00,9.9,0.0,18.5,21
2026-02-26 01:00:00,9.6,0.0,16.4,23
2026-02-26 02:00:00,9.7,0.0,13.5,25
2026-02-26 03:00:00,10.6,0.0,14.9,20
2026-02-26 04:00:00,9.9,0.0,14.0,22
2026-02-26 05:00:00,9.1,0.0,12.7,13
2026-02-26 06:00:00,8.8,0.0,11.6,26
2026-02-26 07:00:00,8.1,0.0,7.5,40
2026-02-26 08:00:00,9.0,0.0,6.6,49
2026-02-26 09:00:00,10.8,0.0,3.8,45
2026-02-26 10:00:00,12.9,0.0,3.8,115
2026-02-26 11:00:00,13.8,0.0,5.9,137
2026-02-26 12:00:00,14.5,0.0,6.8,143
2026-02-26 13:00:00,14.6,0.0,9.6,154
2026-02-26 14:00:00,15.0,0.0,8.9,148
2026-02-26 15:00:00,14.9,0.0,8.3,124
2026-02-26 16:00:00,15.2,0.0,7.1,117
2026-02-26 17:00:00,14.5,0.0,8.0,113
2026-02-26 18:00:00,12.9,0.0,9.5,104
2026-02-26 19:00:00,12.6,0.0,6.7,85
2026-02-26 20:00:00,12.6,0.0,6.9,85
2026-02-26 21:00:00,12.8,0.0,6.9,76
2026-02-26 22:00:00,12.5,0.0,9.4,97
2026-02-26 23:00:00,12.1,0.0,9.0,103
2026-02-27 00:00:00,12.4,0.0,10.8,105
2026-02-27 01:00:00,12.0,0.0,13.7,108
2026-02-27 02:00:00,11.6,0.0,16.6,103
2026-02-27 03:00:00,11.7,0.0,13.0,89
2026-02-27 04:00:00,11.9,0.0,9.2,79
2026-02-27 05:00:00,12.1,0.0,10.3,85
2026-02-27 06:00:00,11.9,0.0,9.2,86
2026-02-27 07:00:00,11.7,0.0,10.5,102
2026-02-27 08:00:00,11.9,0.3,10.1,96
2026-02-27 09:00:00,11.8,0.5,7.8,98
2026-02-27 10:00:00,12.2,0.7,6.2,73
2026-02-27 11:00:00,12.6,1.3,6.4,32
2026-02-27 12:00:00,12.9,2.2,6.5,3
2026-02-27 13:00:00,13.1,2.4,5.8,7
2026-02-27 14:00:00,13.1,2.5,10.0,7
2026-02-27 15:00:00,12.6,2.6,13.9,20
2026-02-27 16:00:00,11.9,4.3,15.8,14
2026-02-27 17:00:00,11.8,3.0,15.6,19
2026-02-27 18:00:00,11.6,1.4,10.9,20
2026-02-27 19:00:00,11.4,1.0,15.0,4
2026-02-27 20:00:00,11.6,0.1,17.7,20
2026-02-27 21:00:00,11.9,0.0,13.0,6
2026-02-27 22:00:00,11.9,0.0,15.3,357
2026-02-27 23:00:00,11.7,0.0,15.2,356
2026-02-28 00:00:00,11.4,0.0,15.5,345
2026-02-28 01:00:00,11.3,0.0,15.1,345
2026-02-28 02:00:00,10.9,0.0,14.8,344
2026-02-28 03:00:00,10.4,0.0,15.9,344
2026-02-28 04:00:00,10.4,0.0,15.9,347
2026-02-28 05:00:00,10.3,0.0,14.9,352
2026-02-28 06:00:00,10.1,0.0,13.8,349
2026-02-28 07:00:00,9.8,0.0,13.7,347
2026-02-28 08:00:00,10.2,0.0,14.2,348
2026-02-28 09:00:00,11.1,0.0,19.0,355
2026-02-28 10:00:00,12.0,0.0,18.5,359
2026-02-28 11:00:00,12.9,0.0,18.6,8
2026-02-28 12:00:00,13.6,0.0,18.1,11
2026-02-28 13:00:00,13.9,0.0,15.9,16
2026-02-28 14:00:00,14.4,0.0,15.2,14
2026-02-28 15:00:00,14.3,0.0,17.0,10
2026-02-28 16:00:00,13.4,0.0,18.9,8
2026-02-28 17:00:00,12.1,0.0,19.9,10
2026-02-28 18:00:00,10.4,0.0,21.2,16
2026-02-28 19:00:00,9.3,0.0,23.7,22
2026-02-28 20:00:00,8.6,0.0,22.5,27
2026-02-28 21:00:00,8.4,0.0,18.9,21
2026-02-28 22:00:00,8.2,0.0,18.0,23
2026-02-28 23:00:00,7.8,0.0,16.2,29
2026-03-01 00:00:00,7.1,0.0,13.6,35
2026-03-01 01:00:00,6.2,0.0,10.4,37
2026-03-01 02:00:00,5.3,0.0,8.8,11
2026-03-01 03:00:00,5.2,0.0,8.0,350
2026-03-01 04:00:00,4.9,0.0,8.0,350
2026-03-01 05:00:00,5.1,0.0,7.9,4
2026-03-01 06:00:00,5.1,0.0,8.4,37
2026-03-01 07:00:00,4.7,0.0,7.7,51
2026-03-01 08:00:00,5.6,0.0,6.9,59
2026-03-01 09:00:00,7.6,0.0,5.7,81
2026-03-01 10:00:00,9.4,0.0,6.9,174
2026-03-01 11:00:00,10.6,0.0,8.8,161
2026-03-01 12:00:00,11.3,0.0,8.9,146
2026-03-01 13:00:00,11.7,0.0,7.8,158
2026-03-01 14:00:00,12.1,0.0,9.4,188
2026-03-01 15:00:00,12.1,0.0,10.8,237
2026-03-01 16:00:00,13.3,0.0,8.9,264
2026-03-01 17:00:00,13.2,0.0,10.1,335
2026-03-01 18:00:00,11.4,0.0,14.7,6
2026-03-01 19:00:00,10.1,0.0,14.8,357
2026-03-01 20:00:00,9.7,0.0,17.5,12
2026-03-01 21:00:00,9.4,0.0,15.9,10
2026-03-01 22:00:00,9.4,0.0,15.8,17
2026-03-01 23:00:00,9.2,0.0,14.8,26
2026-03-02 00:00:00,8.4,0.0,10.9,31
2026-03-02 01:00:00,7.8,0.0,4.7,40
2026-03-02 02:00:00,7.2,0.0,3.7,39
2026-03-02 03:00:00,7.4,0.0,4.9,24
2026-03-02 04:00:00,7.4,0.0,5.7,37
2026-03-02 05:00:00,7.6,0.0,5.1,51
2026-03-02 06:00:00,7.0,0.0,4.4,55
2026-03-02 07:00:00,8.0,0.0,1.6,6
2026-03-02 08:00:00,9.4,0.0,7.0,61
2026-03-02 09:00:00,10.9,0.0,2.5,111
2026-03-02 10:00:00,12.2,0.0,5.2,119
2026-03-02 11:00:00,12.8,0.0,8.2,126
2026-03-02 12:00:00,12.2,0.2,7.5,130
2026-03-02 13:00:00,10.9,0.9,7.3,130
2026-03-02 14:00:00,10.7,2.0,3.6,120
2026-03-02 15:00:00,10.4,2.5,5.4,92
2026-03-02 16:00:00,10.7,2.1,9.3,72
2026-03-02 17:00:00,10.7,1.0,8.8,121
2026-03-02 18:00:00,10.1,1.3,11.9,92
2026-03-02 19:00:00,9.5,0.8,14.8,94
2026-03-02 20:00:00,9.2,0.9,14.7,83
2026-03-02 21:00:00,9.7,0.6,17.1,92
2026-03-02 22:00:00,9.6,0.6,20.4,78
2026-03-02 23:00:00,9.6,1.9,16.6,72
2026-03-03 00:00:00,9.9,0.7,19.6,77
2026-03-03 01:00:00,10.0,0.9,14.1,344
2026-03-03 02:00:00,10.0,6.4,17.9,355
2026-03-03 03:00:00,10.4,4.2,21.4,15
2026-03-03 04:00:00,9.9,2.0,21.6,19
2026-03-03 05:00:00,9.5,2.9,20.1,40
2026-03-03 06:00:00,9.4,2.7,10.1,338
2026-03-03 07:00:00,9.4,1.1,7.3,324
2026-03-03 08:00:00,10.2,0.0,14.3,342
2026-03-03 09:00:00,11.9,0.0,21.4,349
2026-03-03 10:00:00,13.6,0.0,26.7,358
2026-03-03 11:00:00,14.6,0.0,25.2,359
2026-03-03 12:00:00,14.4,0.1,23.6,356
2026-03-03 13:00:00,14.5,0.1,25.1,354
2026-03-03 14:00:00,13.5,0.0,25.6,352
2026-03-03 15:00:00,12.9,0.0,27.1,352
2026-03-03 16:00:00,12.6,0.0,28.7,352
2026-03-03 17:00:00,11.4,0.0,25.2,348
2026-03-03 18:00:00,10.9,0.0,20.6,351
2026-03-03 19:00:00,10.4,0.0,18.3,350
2026-03-03 20:00:00,10.2,0.0,15.2,350
2026-03-03 21:00:00,10.4,0.0,14.7,340
2026-03-03 22:00:00,10.4,0.0,14.9,348
2026-03-03 23:00:00,9.9,0.0,13.3,347
2026-03-04 00:00:00,9.8,0.0,12.8,344
2026-03-04 01:00:00,9.9,0.0,13.7,343
2026-03-04 02:00:00,9.6,0.0,12.4,341
2026-03-04 03:00:00,9.6,0.0,12.9,342
2026-03-04 04:00:00,9.5,0.0,13.1,342
2026-03-04 05:00:00,9.3,0.0,13.3,347
2026-03-04 06:00:00,9.1,0.0,12.9,352
2026-03-04 07:00:00,9.1,0.0,12.3,349
2026-03-04 08:00:00,9.4,0.0,13.7,347
2026-03-04 09:00:00,10.1,0.0,14.8,344
2026-03-04 10:00:00,10.7,0.0,18.8,347
2026-03-04 11:00:00,11.6,0.0,17.7,343
2026-03-04 12:00:00,11.9,0.0,17.4,340
2026-03-04 13:00:00,12.4,0.0,18.3,334
2026-03-04 14:00:00,12.3,0.0,18.4,339
2026-03-04 15:00:00,11.9,0.0,15.9,342
2026-03-04 16:00:00,11.6,0.0,17.1,343
2026-03-04 17:00:00,10.6,0.0,18.9,353
2026-03-04 18:00:00,9.6,0.0,15.5,360
2026-03-04 19:00:00,8.4,0.0,11.0,6
2026-03-04 20:00:00,8.1,0.0,10.4,20
2026-03-04 21:00:00,7.7,0.0,8.0,31
2026-03-04 22:00:00,6.0,0.0,4.8,37
2026-03-04 23:00:00,4.8,0.0,3.5,9
2026-03-05 00:00:00,4.1,0.0,4.5,346
2026-03-05 01:00:00,3.4,0.0,3.6,340
2026-03-05 02:00:00,3.2,0.0,3.2,357
2026-03-05 03:00:00,4.2,0.0,4.8,15
2026-03-05 04:00:00,3.3,0.0,5.7,44
2026-03-05 05:00:00,3.0,0.0,5.3,72
2026-03-05 06:00:00,3.3,0.0,4.2,97
2026-03-05 07:00:00,4.1,0.0,1.7,77
2026-03-05 08:00:00,6.7,0.0,3.6,57
2026-03-05 09:00:00,8.6,0.0,1.7,41
2026-03-05 10:00:00,9.9,0.0,4.4,99
2026-03-05 11:00:00,10.8,0.0,6.3,129
2026-03-05 12:00:00,11.1,0.0,8.0,164
2026-03-05 13:00:00,11.1,0.0,10.8,180
2026-03-05 14:00:00,11.0,0.0,11.9,183
2026-03-05 15:00:00,11.4,0.0,7.3,171
2026-03-05 16:00:00,11.6,0.0,8.0,162
2026-03-05 17:00:00,11.0,0.0,8.3,138
2026-03-05 18:00:00,9.6,0.0,7.6,144
2026-03-05 19:00:00,8.6,0.0,9.2,102
2026-03-05 20:00:00,8.8,0.0,9.9,85
2026-03-05 21:00:00,9.2,0.0,9.6,74
2026-03-05 22:00:00,9.2,0.0,12.1,91
2026-03-05 23:00:00,8.6,0.0,13.4,96
2026-03-06 00:00:00,9.8,0.0,14.3,114
2026-03-06 01:00:00,9.2,0.0,17.6,106
2026-03-06 02:00:00,9.6,0.0,18.4,94
2026-03-06 03:00:00,9.2,0.0,18.4,92
2026-03-06 04:00:00,9.4,0.0,20.0,91
2026-03-06 05:00:00,9.3,0.6,18.6,84
2026-03-06 06:00:00,9.1,3.1,15.8,82
2026-03-06 07:00:00,9.6,1.3,16.7,97
2026-03-06 08:00:00,9.6,1.5,8.7,82
2026-03-06 09:00:00,9.4,5.0,13.0,56
2026-03-06 10:00:00,9.1,6.0,14.2,91
2026-03-06 11:00:00,9.6,3.2,10.3,101
2026-03-06 12:00:00,10.2,2.5,5.7,99
2026-03-06 13:00:00,10.6,2.4,4.1,146
2026-03-06 14:00:00,10.4,2.0,10.3,169
2026-03-06 15:00:00,10.6,2.1,7.8,203
2026-03-06 16:00:00,10.4,0.9,11.8,261
2026-03-06 17:00:00,10.2,0.3,16.6,309
2026-03-06 18:00:00,9.6,0.0,18.0,310
2026-03-06 19:00:00,8.4,0.0,16.9,315
2026-03-06 20:00:00,7.5,0.0,11.6,323
2026-03-06 21:00:00,7.8,0.0,7.9,283
2026-03-06 22:00:00,8.1,0.0,7.1,254
2026-03-06 23:00:00,8.1,0.0,9.0,271
2026-03-07 00:00:00,8.0,0.0,11.9,295
2026-03-07 01:00:00,7.5,0.0,13.8,313
2026-03-07 02:00:00,7.3,0.0,18.3,317
2026-03-07 03:00:00,7.2,0.0,16.6,309
2026-03-07 04:00:00,6.8,0.0,16.0,301
2026-03-07 05:00:00,6.8,0.0,15.7,317
2026-03-07 06:00:00,6.1,0.0,13.8,332
2026-03-07 07:00:00,5.2,0.0,13.2,332
2026-03-07 08:00:00,6.2,0.0,10.8,314
2026-03-07 09:00:00,7.7,0.0,15.5,317
2026-03-07 10:00:00,8.3,0.0,16.3,307
2026-03-07 11:00:00,8.8,0.0,16.8,300
2026-03-07 12:00:00,9.6,0.0,19.3,292
2026-03-07 13:00:00,9.6,0.0,22.0,293
2026-03-07 14:00:00,9.4,0.0,22.1,293
2026-03-07 15:00:00,9.4,0.0,21.9,286
2026-03-07 16:00:00,8.8,0.0,21.5,291
2026-03-07 17:00:00,8.1,0.0,20.3,294
2026-03-07 18:00:00,7.1,0.0,17.5,302
2026-03-07 19:00:00,5.9,0.0,13.1,314
2026-03-07 20:00:00,5.2,0.0,10.4,309
2026-03-07 21:00:00,5.6,0.0,12.2,317
2026-03-07 22:00:00,5.2,0.0,9.0,325
2026-03-07 23:00:00,5.1,0.0,8.3,336
2026-03-08 00:00:00,3.8,0.0,5.5,324
2026-03-08 01:00:00,4.1,0.0,7.1,353
2026-03-08 02:00:00,4.0,0.0,9.3,24
2026-03-08 03:00:00,3.8,0.0,2.7,8
2026-03-08 04:00:00,3.8,0.0,3.2,63
2026-03-08 05:00:00,4.4,0.0,6.7,76
2026-03-08 06:00:00,4.3,0.0,4.8,63
2026-03-08 07:00:00,4.0,0.0,3.3,61
2026-03-08 08:00:00,5.9,0.0,3.8,71
2026-03-08 09:00:00,6.9,0.0,5.5,77
2026-03-08 10:00:00,8.4,0.1,3.6,20
2026-03-08 11:00:00,9.0,0.1,2.8,285
2026-03-08 12:00:00,9.6,0.0,5.6,255
2026-03-08 13:00:00,10.2,0.0,11.2,222
2026-03-08 14:00:00,9.6,0.0,15.1,211
2026-03-08 15:00:00,10.6,0.0,12.8,218
2026-03-08 16:00:00,10.9,0.0,11.8,242
2026-03-08 17:00:00,10.6,0.0,12.9,290
2026-03-08 18:00:00,8.7,0.0,12.9,344
2026-03-08 19:00:00,7.1,0.0,10.8,359
2026-03-08 20:00:00,6.1,0.0,10.3,4
2026-03-08 21:00:00,5.7,0.0,8.5,2
2026-03-08 22:00:00,5.2,0.0,8.5,359
2026-03-08 23:00:00,4.7,0.0,8.4,15
2026-03-09 00:00:00,4.1,0.0,8.9,32
2026-03-09 01:00:00,3.7,0.0,6.5,24
2026-03-09 02:00:00,2.8,0.0,2.3,32
2026-03-09 03:00:00,2.5,0.0,2.7,20
2026-03-09 04:00:00,1.9,0.0,2.5,30
2026-03-09 05:00:00,2.8,0.0,3.8,49
2026-03-09 06:00:00,3.0,0.0,7.7,59
2026-03-09 07:00:00,3.3,0.0,7.8,56
2026-03-09 08:00:00,5.8,0.0,6.4,82
2026-03-09 09:00:00,7.6,0.0,5.0,120
2026-03-09 10:00:00,8.7,0.0,6.8,158
2026-03-09 11:00:00,9.9,0.0,5.7,169
2026-03-09 12:00:00,10.8,0.0,5.0,226
2026-03-09 13:00:00,11.6,0.1,12.5,281
2026-03-09 14:00:00,12.0,0.0,20.2,287
2026-03-09 15:00:00,11.4,0.0,20.7,290
2026-03-09 16:00:00,11.0,0.0,18.6,286
2026-03-09 17:00:00,10.2,0.0,19.8,300
2026-03-09 18:00:00,8.9,0.0,18.4,311
2026-03-09 19:00:00,8.2,0.0,14.8,317
2026-03-09 20:00:00,6.9,0.0,10.1,316
2026-03-09 21:00:00,6.5,0.0,9.7,326
2026-03-09 22:00:00,5.9,0.0,8.7,338
2026-03-09 23:00:00,5.6,0.0,14.0,348
2026-03-10 00:00:00,5.2,0.0,12.7,328
2026-03-10 01:00:00,4.8,0.0,9.7,320
2026-03-10 02:00:00,5.1,0.0,11.8,336
2026-03-10 03:00:00,4.4,0.0,12.8,4
2026-03-10 04:00:00,4.1,0.0,11.5,2
2026-03-10 05:00:00,3.8,0.0,11.4,6
2026-03-10 06:00:00,3.4,0.0,10.0,8
2026-03-10 07:00:00,3.5,0.0,8.7,7
2026-03-10 08:00:00,5.2,0.0,5.9,20
2026-03-10 09:00:00,7.4,0.0,4.7,47
2026-03-10 10:00:00,9.0,0.1,9.0,6
2026-03-10 11:00:00,9.8,0.1,10.4,343
2026-03-10 12:00:00,10.4,0.0,12.2,351
2026-03-10 13:00:00,11.2,0.0,11.5,350
2026-03-10 14:00:00,11.4,0.0,9.0,345
2026-03-10 15:00:00,10.4,0.0,2.7,266
2026-03-10 16:00:00,10.6,0.0,4.2,335
2026-03-10 17:00:00,9.9,0.0,8.5,356
2026-03-10 18:00:00,8.4,0.0,12.1,4
2026-03-10 19:00:00,6.8,0.0,12.4,2
2026-03-10 20:00:00,5.8,0.0,12.8,11
2026-03-10 21:00:00,4.9,0.0,10.1,20
2026-03-10 22:00:00,4.1,0.0,9.2,17
2026-03-10 23:00:00,3.0,0.0,5.7,13
2026-03-11 00:00:00,2.3,0.0,6.0,17
2026-03-11 01:00:00,1.9,0.0,4.9,24
2026-03-11 02:00:00,1.9,0.0,4.5,23
2026-03-11 03:00:00,2.8,0.0,4.8,27
2026-03-11 04:00:00,3.2,0.0,4.9,36
2026-03-11 05:00:00,3.3,0.0,5.6,33
2026-03-11 06:00:00,3.0,0.0,6.6,33
2026-03-11 07:00:00,3.0,0.0,7.6,34
2026-03-11 08:00:00,5.0,0.0,7.6,47
2026-03-11 09:00:00,6.6,0.0,5.9,90
2026-03-11 10:00:00,8.2,0.0,8.4,124
2026-03-11 11:00:00,9.2,0.0,8.8,134
2026-03-11 12:00:00,9.9,0.0,9.2,141
2026-03-11 13:00:00,10.4,0.0,7.6,146
2026-03-11 14:00:00,10.6,0.0,6.4,155
2026-03-11 15:00:00,10.9,0.0,6.6,169
2026-03-11 16:00:00,10.9,0.0,7.6,185
2026-03-11 17:00:00,10.6,0.0,5.6,239
2026-03-11 18:00:00,8.9,0.0,3.7,313
2026-03-11 19:00:00,7.9,0.0,10.8,5
2026-03-11 20:00:00,6.8,0.0,11.9,15
2026-03-11 21:00:00,6.7,0.0,10.7,17
2026-03-11 22:00:00,6.5,0.0,8.5,18
2026-03-11 23:00:00,5.8,0.0,6.6,13
2026-03-12 00:00:00,5.1,0.0,6.6,16
2026-03-12 01:00:00,4.8,0.0,6.9,28
2026-03-12 02:00:00,4.8,0.0,6.5,34
2026-03-12 03:00:00,4.1,0.0,7.1,24
2026-03-12 04:00:00,3.7,0.0,7.1,24
2026-03-12 05:00:00,3.2,0.0,6.0,27
2026-03-12 06:00:00,2.0,0.0,4.5,29
2026-03-12 07:00:00,2.0,0.0,3.5,28
2026-03-12 08:00:00,5.8,0.0,4.0,69
2026-03-12 09:00:00,8.6,0.0,4.1,157
2026-03-12 10:00:00,9.9,0.0,5.1,174
2026-03-12 11:00:00,10.9,0.0,8.5,186
2026-03-12 12:00:00,11.1,0.0,11.0,199
2026-03-12 13:00:00,11.2,0.0,12.4,216
2026-03-12 14:00:00,11.6,0.0,10.1,205
2026-03-12 15:00:00,11.9,0.0,2.1,195
2026-03-12 16:00:00,12.3,0.0,13.0,356
2026-03-12 17:00:00,11.1,0.0,21.8,2
2026-03-12 18:00:00,9.6,0.0,17.6,6
2026-03-12 19:00:00,8.4,0.0,17.8,11
2026-03-12 20:00:00,7.3,0.0,16.2,15
2026-03-12 21:00:00,7.8,0.0,18.4,14
2026-03-12 22:00:00,7.3,0.0,20.2,23
2026-03-12 23:00:00,6.7,0.0,18.4,33
2026-03-13 00:00:00,5.8,0.0,15.3,24
2026-03-13 01:00:00,5.3,0.0,15.1,15
2026-03-13 02:00:00,5.2,0.0,16.1,18
2026-03-13 03:00:00,5.6,0.0,18.5,11
2026-03-13 04:00:00,5.5,0.0,19.1,16
2026-03-13 05:00:00,5.1,0.0,20.4,14
2026-03-13 06:00:00,4.8,0.0,20.3,14
2026-03-13 07:00:00,4.9,0.0,18.9,14
2026-03-13 08:00:00,5.9,0.0,14.1,17
2026-03-13 09:00:00,7.3,0.0,10.3,27
2026-03-13 10:00:00,8.6,0.0,17.5,14
2026-03-13 11:00:00,9.6,0.0,18.7,11
2026-03-13 12:00:00,10.6,0.0,20.8,12
2026-03-13 13:00:00,10.2,0.0,24.7,13
2026-03-13 14:00:00,10.2,0.0,27.6,14
2026-03-13 15:00:00,8.9,0.0,27.9,11
2026-03-13 16:00:00,8.1,0.0,26.7,8
2026-03-13 17:00:00,7.4,0.0,23.9,10
2026-03-13 18:00:00,6.7,0.0,22.4,13
2026-03-13 19:00:00,5.9,0.0,18.2,14
2026-03-13 20:00:00,5.7,0.0,12.2,26
2026-03-13 21:00:00,5.3,0.0,14.0,18
2026-03-13 22:00:00,5.4,0.0,14.9,17
2026-03-13 23:00:00,5.8,0.0,16.7,14
2026-03-14 00:00:00,6.2,0.0,18.0,12
2026-03-14 01:00:00,6.0,0.0,19.0,10
2026-03-14 02:00:00,6.1,0.0,17.4,7
2026-03-14 03:00:00,5.9,0.0,15.0,17
2026-03-14 04:00:00,6.2,0.0,12.2,28
2026-03-14 05:00:00,6.6,0.0,10.3,38
2026-03-14 06:00:00,6.1,0.0,8.8,35
2026-03-14 07:00:00,5.4,0.0,3.1,28
2026-03-14 08:00:00,7.8,0.0,1.3,74
2026-03-14 09:00:00,9.1,0.0,8.3,24
2026-03-14 10:00:00,10.4,0.0,14.3,21
2026-03-14 11:00:00,11.6,0.0,15.0,7
2026-03-14 12:00:00,12.1,0.0,16.4,355
2026-03-14 13:00:00,12.4,0.0,16.7,346
2026-03-14 14:00:00,12.5,0.0,18.1,344
2026-03-14 15:00:00,12.6,0.0,18.0,346
2026-03-14 16:00:00,11.8,0.0,18.6,348
2026-03-14 17:00:00,10.6,0.0,17.6,349
2026-03-14 18:00:00,9.4,0.0,15.7,347
2026-03-14 19:00:00,8.3,0.0,12.2,347
2026-03-14 20:00:00,7.9,0.0,11.2,354
2026-03-14 21:00:00,7.7,0.0,9.7,338
2026-03-14 22:00:00,7.4,0.0,8.6,338
2026-03-14 23:00:00,7.2,0.0,9.1,346
2026-03-15 00:00:00,6.6,0.0,6.6,343
2026-03-15 01:00:00,5.9,0.0,6.7,360
2026-03-15 02:00:00,5.3,0.0,6.0,357
2026-03-15 03:00:00,5.1,0.0,6.9,335
2026-03-15 04:00:00,4.6,0.0,7.5,336
2026-03-15 05:00:00,4.3,0.0,7.4,337
2026-03-15 06:00:00,4.2,0.0,7.4,337
2026-03-15 07:00:00,4.6,0.0,6.4,342
2026-03-15 08:00:00,7.1,0.0,6.5,6
2026-03-15 09:00:00,9.8,0.0,6.1,28
2026-03-15 10:00:00,11.6,0.0,4.7,72
2026-03-15 11:00:00,12.8,0.0,3.3,189
2026-03-15 12:00:00,13.2,0.0,8.6,203
2026-03-15 13:00:00,13.2,0.0,13.9,211
2026-03-15 14:00:00,13.6,0.0,16.5,210
2026-03-15 15:00:00,13.3,0.0,13.0,237
2026-03-15 16:00:00,14.2,0.0,14.4,306
2026-03-15 17:00:00,12.8,0.0,16.1,330
2026-03-15 18:00:00,10.9,0.0,15.3,351
2026-03-15 19:00:00,9.4,0.0,12.6,359
2026-03-15 20:00:00,8.6,0.0,9.9,9
2026-03-15 21:00:00,8.1,0.0,7.4,7
2026-03-15 22:00:00,7.6,0.0,7.6,12
2026-03-15 23:00:00,7.1,0.0,6.7,9
2026-03-16 00:00:00,6.5,0.0,5.9,360
2026-03-16 01:00:00,5.2,0.0,4.1,2
2026-03-16 02:00:00,4.8,0.0,3.1,350
2026-03-16 03:00:00,4.7,0.0,4.0,357
2026-03-16 04:00:00,4.2,0.0,2.5,4
2026-03-16 05:00:00,4.7,0.0,4.3,15
2026-03-16 06:00:00,3.9,0.0,4.1,13
2026-03-16 07:00:00,4.7,0.0,6.7,52
2026-03-16 08:00:00,7.1,0.0,5.9,63
2026-03-16 09:00:00,10.4,0.0,3.9,112
2026-03-16 10:00:00,11.6,0.0,7.6,149
2026-03-16 11:00:00,12.1,0.0,10.3,158
2026-03-16 12:00:00,11.6,0.0,12.1,170
2026-03-16 13:00:00,12.4,0.0,9.2,174
2026-03-16 14:00:00,13.0,0.0,5.3,198
2026-03-16 15:00:00,13.4,0.0,7.4,248
2026-03-16 16:00:00,13.8,0.0,9.6,264
2026-03-16 17:00:00,13.5,0.0,10.9,324
2026-03-16 18:00:00,12.0,0.0,17.3,1
2026-03-16 19:00:00,10.4,0.0,13.5,13
2026-03-16 20:00:00,9.4,0.0,12.6,13
2026-03-16 21:00:00,9.3,0.0,10.0,6
2026-03-16 22:00:00,9.5,0.0,7.8,7
2026-03-16 23:00:00,8.4,0.0,6.7,5
2026-03-17 00:00:00,7.5,0.0,5.6,360
2026-03-17 01:00:00,6.2,0.0,4.5,346
2026-03-17 02:00:00,5.6,0.0,3.8,3
2026-03-17 03:00:00,6.2,0.0,6.7,6
2026-03-17 04:00:00,6.1,0.0,6.8,17
2026-03-17 05:00:00,5.9,0.0,7.1,30
2026-03-17 06:00:00,5.5,0.0,7.4,43
2026-03-17 07:00:00,5.7,0.0,7.6,38
2026-03-17 08:00:00,7.8,0.0,5.7,46
2026-03-17 09:00:00,10.2,0.0,3.0,76
2026-03-17 10:00:00,11.9,0.0,3.8,149
2026-03-17 11:00:00,12.6,0.0,7.1,173
2026-03-17 12:00:00,13.1,0.0,9.7,184
2026-03-17 13:00:00,13.2,0.0,11.7,194
2026-03-17 14:00:00,13.4,0.0,12.2,208
2026-03-17 15:00:00,13.8,0.0,11.2,220
2026-03-17 16:00:00,14.6,0.0,9.3,227
2026-03-17 17:00:00,14.8,0.0,6.0,249
2026-03-17 18:00:00,13.2,0.0,10.4,334
2026-03-17 19:00:00,10.4,0.0,15.3,8
2026-03-17 20:00:00,9.2,0.0,12.4,9
2026-03-17 21:00:00,9.1,0.0,10.6,11
2026-03-17 22:00:00,8.8,0.0,7.9,13
2026-03-17 23:00:00,6.8,0.0,4.3,17
2026-03-18 00:00:00,6.2,0.0,1.7,18
2026-03-18 01:00:00,5.2,0.0,2.1,31
2026-03-18 02:00:00,4.7,0.0,3.6,41
2026-03-18 03:00:00,5.6,0.0,4.5,83
2026-03-18 04:00:00,6.7,0.0,7.9,79
2026-03-18 05:00:00,7.6,0.0,11.1,82
2026-03-18 06:00:00,8.9,0.0,10.2,97
2026-03-18 07:00:00,9.5,0.1,12.2,104
2026-03-18 08:00:00,9.9,0.0,14.6,108
2026-03-18 09:00:00,9.6,0.2,14.1,104
2026-03-18 10:00:00,8.9,0.9,17.4,101
2026-03-18 11:00:00,9.4,1.1,17.3,98
2026-03-18 12:00:00,9.9,0.9,18.5,91
2026-03-18 13:00:00,10.1,0.8,19.5,86
2026-03-18 14:00:00,11.3,0.2,17.3,91
2026-03-18 15:00:00,12.1,0.1,14.6,91
2026-03-18 16:00:00,12.6,0.5,15.9,95
2026-03-18 17:00:00,12.4,0.4,15.4,107
2026-03-18 18:00:00,12.6,1.7,7.5,105
2026-03-18 19:00:00,12.2,1.5,3.2,109
2026-03-18 20:00:00,12.3,3.0,9.3,316
2026-03-18 21:00:00,12.6,2.0,17.0,297
2026-03-18 22:00:00,13.1,1.2,17.8,278
2026-03-18 23:00:00,12.9,0.2,18.4,290
2026-03-19 00:00:00,12.2,0.3,14.6,304
2026-03-19 01:00:00,11.8,0.5,10.7,300
2026-03-19 02:00:00,11.4,1.0,11.4,298
2026-03-19 03:00:00,11.5,0.9,11.5,309
2026-03-19 04:00:00,11.3,0.1,14.9,319
2026-03-19 05:00:00,11.1,0.0,14.4,322
2026-03-19 06:00:00,11.1,0.0,13.1,324
2026-03-19 07:00:00,10.9,0.0,11.8,321
2026-03-19 08:00:00,11.8,0.0,14.2,342
2026-03-19 09:00:00,12.8,0.0,15.0,11
2026-03-19 10:00:00,13.9,0.0,16.2,15
2026-03-19 11:00:00,14.9,0.0,17.4,6
2026-03-19 12:00:00,15.4,0.0,16.7,358
2026-03-19 13:00:00,15.4,0.0,14.6,346
2026-03-19 14:00:00,15.8,0.0,15.2,339
2026-03-19 15:00:00,14.8,0.0,15.9,350
2026-03-19 16:00:00,14.1,0.0,16.1,354
2026-03-19 17:00:00,13.1,0.0,15.8,353
2026-03-19 18:00:00,11.6,0.0,13.2,350
2026-03-19 19:00:00,10.1,0.0,12.7,352
2026-03-19 20:00:00,8.9,0.0,10.1,355
2026-03-19 21:00:00,8.9,0.0,8.7,354
2026-03-19 22:00:00,8.1,0.0,9.1,352
2026-03-19 23:00:00,7.3,0.0,8.4,337
2026-03-20 00:00:00,6.8,0.0,8.5,332
2026-03-20 01:00:00,6.9,0.0,10.5,336
2026-03-20 02:00:00,7.1,0.0,10.1,331
2026-03-20 03:00:00,7.1,0.0,9.2,337
2026-03-20 04:00:00,6.1,0.0,7.1,6
2026-03-20 05:00:00,4.9,0.0,4.4,32
2026-03-20 06:00:00,4.2,0.0,2.3,58
2026-03-20 07:00:00,5.7,0.0,0.4,63
2026-03-20 08:00:00,9.1,0.0,1.8,204
2026-03-20 09:00:00,10.6,0.0,1.0,329
2026-03-20 10:00:00,12.9,0.0,6.2,291
2026-03-20 11:00:00,14.3,0.0,11.2,289
2026-03-20 12:00:00,15.0,0.0,15.1,287
2026-03-20 13:00:00,15.2,0.0,16.7,286
2026-03-20 14:00:00,15.4,0.0,17.8,294
2026-03-20 15:00:00,15.1,0.0,17.5,295
2026-03-20 16:00:00,14.4,0.0,16.2,301
2026-03-20 17:00:00,13.6,0.0,13.6,300
2026-03-20 18:00:00,11.9,0.0,10.5,290
2026-03-20 19:00:00,10.4,0.0,9.6,313
2026-03-20 20:00:00,8.9,0.0,6.5,326
2026-03-20 21:00:00,7.6,0.0,3.9,313
2026-03-20 22:00:00,5.8,0.0,3.4,6
2026-03-20 23:00:00,4.7,0.0,4.7,18
2026-03-21 00:00:00,3.8,0.0,5.5,23
2026-03-21 01:00:00,3.6,0.0,7.0,32
2026-03-21 02:00:00,3.8,0.0,7.2,35
2026-03-21 03:00:00,4.0,0.0,5.9,23
2026-03-21 04:00:00,3.8,0.0,6.3,31
2026-03-21 05:00:00,4.4,0.0,6.7,56
2026-03-21 06:00:00,4.9,0.0,5.4,60
2026-03-21 07:00:00,6.8,0.0,7.4,87
2026-03-21 08:00:00,8.9,0.0,10.8,101
2026-03-21 09:00:00,10.0,0.0,13.6,105
2026-03-21 10:00:00,11.3,0.0,14.4,118
2026-03-21 11:00:00,12.4,0.0,14.6,124
2026-03-21 12:00:00,13.3,0.0,14.1,125
2026-03-21 13:00:00,14.0,0.0,13.5,127
2026-03-21 14:00:00,14.5,0.0,13.1,124
2026-03-21 15:00:00,14.7,0.0,11.6,118
2026-03-21 16:00:00,14.6,0.0,9.8,114
2026-03-21 17:00:00,13.4,0.0,9.5,111
2026-03-21 18:00:00,11.5,0.0,7.5,100
2026-03-21 19:00:00,9.8,0.0,7.0,72
2026-03-21 20:00:00,8.9,0.0,8.0,54
2026-03-21 21:00:00,8.4,0.0,10.7,53
2026-03-21 22:00:00,8.6,0.0,9.1,63
2026-03-21 23:00:00,8.6,0.0,10.1,66
2026-03-22 00:00:00,8.9,0.0,12.1,67
2026-03-22 01:00:00,9.1,0.0,11.5,76
2026-03-22 02:00:00,9.2,0.0,12.4,74
2026-03-22 03:00:00,9.1,0.0,10.3,78
2026-03-22 04:00:00,9.2,0.0,11.4,75
2026-03-22 05:00:00,9.4,0.0,10.6,71
2026-03-22 06:00:00,9.7,0.0,12.3,76
2026-03-22 07:00:00,10.3,0.0,14.4,87
2026-03-22 08:00:00,11.6,0.0,14.9,98
2026-03-22 09:00:00,12.3,0.0,14.2,99
2026-03-22 10:00:00,13.6,0.0,18.1,100
2026-03-22 11:00:00,14.4,0.0,20.2,101
2026-03-22 12:00:00,14.9,0.0,21.0,99
2026-03-22 13:00:00,15.3,0.0,22.3,102
2026-03-22 14:00:00,14.9,0.0,20.7,98
2026-03-22 15:00:00,13.9,0.3,14.3,105
2026-03-22 16:00:00,12.1,0.8,17.0,100
2026-03-22 17:00:00,11.1,2.0,16.7,89
2026-03-22 18:00:00,10.8,2.5,16.1,94
2026-03-22 19:00:00,10.8,1.6,15.6,96
2026-03-22 20:00:00,10.8,2.5,18.7,101
2026-03-22 21:00:00,10.9,1.4,15.8,89
2026-03-22 22:00:00,11.3,1.7,16.0,107
2026-03-22 23:00:00,11.3,1.3,18.3,120
2026-03-23 00:00:00,11.4,0.4,18.9,122
2026-03-23 01:00:00,11.4,0.1,11.5,101
2026-03-23 02:00:00,11.2,0.1,8.1,72
2026-03-23 03:00:00,10.8,0.0,5.6,50
2026-03-23 04:00:00,10.0,0.0,4.0,27
2026-03-23 05:00:00,9.9,0.0,3.1,24
2026-03-23 06:00:00,9.6,0.0,4.6,9
2026-03-23 07:00:00,8.6,0.0,3.6,351
2026-03-23 08:00:00,11.2,0.0,2.8,333
2026-03-23 09:00:00,12.6,0.0,0.5,360
2026-03-23 10:00:00,14.8,0.0,3.2,223
2026-03-23 11:00:00,15.4,0.0,5.9,230
2026-03-23 12:00:00,15.9,0.1,10.4,216
2026-03-23 13:00:00,16.2,0.0,12.0,212
2026-03-23 14:00:00,17.5,0.0,8.0,236
2026-03-23 15:00:00,17.8,0.1,7.9,273
2026-03-23 16:00:00,18.0,0.0,13.3,339
2026-03-23 17:00:00,16.4,0.0,16.8,357
2026-03-23 18:00:00,14.4,0.0,15.7,358
2026-03-23 19:00:00,12.7,0.0,15.8,2
2026-03-23 20:00:00,11.8,0.0,15.0,7
2026-03-23 21:00:00,11.5,0.0,11.8,9
2026-03-23 22:00:00,11.4,0.0,12.1,15
2026-03-23 23:00:00,11.0,0.0,12.0,21
2026-03-24 00:00:00,10.4,0.0,11.4,23
2026-03-24 01:00:00,8.7,0.0,3.0,76
2026-03-24 02:00:00,8.1,0.0,2.2,125
2026-03-24 03:00:00,7.8,0.0,4.6,13
2026-03-24 04:00:00,7.6,0.0,6.5,14
2026-03-24 05:00:00,6.9,0.0,7.2,39
2026-03-24 06:00:00,6.9,0.0,9.5,51
2026-03-24 07:00:00,8.2,0.0,6.0,83
2026-03-24 08:00:00,10.6,0.0,6.2,112
2026-03-24 09:00:00,11.9,0.0,7.5,107
2026-03-24 10:00:00,13.6,0.0,8.8,116
2026-03-24 11:00:00,14.5,0.0,9.4,128
2026-03-24 12:00:00,15.0,0.0,8.5,134
2026-03-24 13:00:00,15.3,0.0,8.7,138
2026-03-24 14:00:00,15.0,0.0,10.8,114
2026-03-24 15:00:00,15.4,0.0,9.0,105
2026-03-24 16:00:00,15.3,0.0,9.7,137
2026-03-24 17:00:00,14.4,0.0,8.0,106
2026-03-24 18:00:00,13.1,0.0,8.8,88
2026-03-24 19:00:00,12.5,0.0,9.6,78
2026-03-24 20:00:00,11.6,0.0,11.9,86
2026-03-24 21:00:00,12.5,0.0,11.1,81
2026-03-24 22:00:00,12.6,0.0,11.5,81
2026-03-24 23:00:00,12.9,0.0,15.8,90
2026-03-25 00:00:00,13.0,0.0,15.7,85
2026-03-25 01:00:00,12.9,0.0,17.0,83
2026-03-25 02:00:00,12.9,0.0,19.8,94
2026-03-25 03:00:00,13.1,0.0,14.6,91
2026-03-25 04:00:00,12.1,0.6,13.5,91
2026-03-25 05:00:00,11.0,2.2,13.2,78
2026-03-25 06:00:00,10.6,5.0,13.2,62
2026-03-25 07:00:00,10.6,3.1,11.7,49
2026-03-25 08:00:00,10.7,1.8,14.3,59
2026-03-25 09:00:00,11.2,1.2,14.0,55
2026-03-25 10:00:00,11.1,3.8,13.3,72
2026-03-25 11:00:00,11.0,2.6,14.7,63
2026-03-25 12:00:00,11.6,1.9,11.1,46
2026-03-25 13:00:00,12.4,3.5,5.0,44
2026-03-25 14:00:00,12.4,1.5,4.2,25
2026-03-25 15:00:00,12.3,1.1,2.2,261
2026-03-25 16:00:00,12.4,0.9,6.4,297
2026-03-25 17:00:00,12.4,0.7,8.3,327
2026-03-25 18:00:00,11.9,0.5,11.7,1
2026-03-25 19:00:00,11.7,0.1,13.6,8
2026-03-25 20:00:00,11.6,0.1,14.2,9
2026-03-25 21:00:00,11.8,0.0,11.8,28
2026-03-25 22:00:00,11.8,0.0,9.4,12
2026-03-25 23:00:00,11.7,0.0,10.9,340
2026-03-26 00:00:00,11.4,0.0,11.9,1
2026-03-26 01:00:00,10.9,0.0,14.3,6
2026-03-26 02:00:00,10.3,0.0,15.3,351
2026-03-26 03:00:00,10.4,0.0,14.9,339
2026-03-26 04:00:00,10.4,0.0,14.8,337
2026-03-26 05:00:00,10.5,0.0,14.6,342
2026-03-26 06:00:00,10.6,0.0,13.8,348
2026-03-26 07:00:00,11.1,0.0,12.4,339
2026-03-26 08:00:00,12.9,0.0,9.1,343
2026-03-26 09:00:00,14.4,0.0,13.1,9
2026-03-26 10:00:00,15.9,0.0,13.8,15
2026-03-26 11:00:00,17.1,0.0,9.2,1
2026-03-26 12:00:00,17.9,0.0,6.1,328
2026-03-26 13:00:00,18.5,0.0,6.8,288
2026-03-26 14:00:00,18.9,0.0,11.7,302
2026-03-26 15:00:00,18.5,0.0,13.1,304
2026-03-26 16:00:00,17.4,0.0,14.6,331
2026-03-26 17:00:00,16.1,0.0,15.2,333
2026-03-26 18:00:00,14.1,0.0,14.0,342
2026-03-26 19:00:00,12.0,0.0,11.3,353
2026-03-26 20:00:00,10.9,0.0,7.9,347
2026-03-26 21:00:00,9.9,0.0,4.4,308
2026-03-26 22:00:00,10.3,0.0,8.5,282
2026-03-26 23:00:00,9.3,0.0,5.2,299
2026-03-27 00:00:00,8.1,0.0,4.1,299
2026-03-27 01:00:00,7.9,0.0,5.5,337
2026-03-27 02:00:00,7.1,0.0,4.5,16
2026-03-27 03:00:00,7.4,0.0,4.9,2
2026-03-27 04:00:00,6.9,0.0,3.7,29
2026-03-27 05:00:00,6.3,0.0,3.5,55
2026-03-27 06:00:00,5.4,0.0,3.6,53
2026-03-27 07:00:00,6.7,0.0,4.5,56
2026-03-27 08:00:00,9.6,0.0,4.4,69
2026-03-27 09:00:00,11.9,0.0,3.1,103
2026-03-27 10:00:00,14.1,0.0,3.1,144
2026-03-27 11:00:00,15.4,0.0,4.5,185
2026-03-27 12:00:00,16.1,0.0,6.1,208
2026-03-27 13:00:00,17.1,0.0,7.4,212
2026-03-27 14:00:00,18.5,0.0,8.5,226
2026-03-27 15:00:00,20.0,0.0,11.5,269
2026-03-27 16:00:00,19.7,0.0,13.4,287
2026-03-27 17:00:00,18.3,0.0,11.3,287
2026-03-27 18:00:00,15.9,0.0,10.6,291
2026-03-27 19:00:00,14.1,0.0,10.7,297
2026-03-27 20:00:00,12.9,0.0,9.2,303
2026-03-27 21:00:00,11.2,0.0,4.7,302
2026-03-27 22:00:00,11.2,0.0,3.8,265
2026-03-27 23:00:00,11.1,0.0,2.4,279
2026-03-28 00:00:00,10.9,0.0,1.7,319
2026-03-28 01:00:00,10.9,0.0,0.6,72
2026-03-28 02:00:00,10.4,0.0,1.5,76
2026-03-28 03:00:00,9.9,0.0,3.5,62
2026-03-28 04:00:00,8.8,0.0,3.9,53
2026-03-28 05:00:00,8.4,0.0,3.1,45
2026-03-28 06:00:00,8.2,0.0,3.7,47
2026-03-28 07:00:00,9.6,0.0,4.0,39
2026-03-28 08:00:00,12.4,0.0,2.2,48
2026-03-28 09:00:00,14.4,0.0,4.5,272
2026-03-28 10:00:00,16.0,0.0,7.5,249
2026-03-28 11:00:00,17.1,0.0,8.0,245
2026-03-28 12:00:00,18.5,0.0,10.2,263
2026-03-28 13:00:00,19.4,0.0,14.0,271
2026-03-28 14:00:00,19.5,0.0,15.8,278
2026-03-28 15:00:00,19.2,0.1,12.2,284
2026-03-28 16:00:00,19.6,0.0,9.9,303
2026-03-28 17:00:00,18.4,0.0,12.0,346
2026-03-28 18:00:00,16.0,0.0,13.2,357
2026-03-28 19:00:00,13.2,0.0,12.6,360
2026-03-28 20:00:00,11.6,0.0,7.4,357
2026-03-28 21:00:00,11.3,0.0,8.2,350
2026-03-28 22:00:00,10.9,0.0,5.8,326
2026-03-28 23:00:00,9.8,0.0,3.9,317
2026-03-29 00:00:00,9.3,0.0,3.1,310
2026-03-29 01:00:00,8.6,0.0,4.4,322
2026-03-29 02:00:00,8.9,0.0,7.0,337
2026-03-29 03:00:00,9.2,0.0,10.0,339
2026-03-29 04:00:00,9.6,0.0,9.5,349
2026-03-29 05:00:00,9.1,0.0,6.4,352
2026-03-29 06:00:00,8.4,0.0,3.6,9
2026-03-29 07:00:00,9.6,0.0,3.5,9
2026-03-29 08:00:00,11.4,0.0,3.4,74
2026-03-29 09:00:00,12.3,0.0,4.3,132
2026-03-29 10:00:00,13.8,0.0,5.6,155
2026-03-29 11:00:00,15.2,0.0,5.6,165
2026-03-29 12:00:00,16.2,0.0,5.8,173
2026-03-29 13:00:00,17.1,0.0,4.9,172
2026-03-29 14:00:00,18.1,0.0,5.0,159
2026-03-29 15:00:00,18.6,0.0,4.8,151
2026-03-29 16:00:00,18.2,0.0,4.3,165
2026-03-29 17:00:00,16.5,0.0,6.6,197
2026-03-29 18:00:00,14.4,0.0,8.3,193
2026-03-29 19:00:00,12.6,0.0,3.4,164
2026-03-29 20:00:00,11.8,0.0,1.5,126
2026-03-29 21:00:00,11.4,0.0,4.5,56
2026-03-29 22:00:00,10.9,0.0,5.2,49
2026-03-29 23:00:00,10.3,0.0,5.3,66
2026-03-30 00:00:00,10.6,0.0,6.2,69
2026-03-30 01:00:00,11.1,0.0,8.1,66
2026-03-30 02:00:00,10.3,0.0,6.1,66
2026-03-30 03:00:00,10.2,0.0,4.6,72
2026-03-30 04:00:00,10.3,0.0,6.3,87
2026-03-30 05:00:00,10.5,0.0,8.0,72
2026-03-30 06:00:00,10.6,0.0,8.8,73
2026-03-30 07:00:00,11.9,0.0,8.0,81
2026-03-30 08:00:00,13.8,0.0,9.4,87
2026-03-30 09:00:00,15.6,0.0,12.6,99
2026-03-30 10:00:00,16.8,0.0,15.2,104
2026-03-30 11:00:00,17.9,0.0,18.1,101
2026-03-30 12:00:00,18.8,0.0,19.8,102
2026-03-30 13:00:00,19.4,0.0,22.2,101
2026-03-30 14:00:00,19.5,0.0,23.9,97
2026-03-30 15:00:00,19.6,0.0,24.4,101
2026-03-30 16:00:00,18.2,0.0,23.5,106
2026-03-30 17:00:00,17.5,0.6,27.7,122
2026-03-30 18:00:00,15.8,2.4,29.0,117
2026-03-30 19:00:00,15.5,3.4,32.9,116
2026-03-30 20:00:00,15.6,1.2,33.3,119
2026-03-30 21:00:00,14.7,0.6,34.2,111
2026-03-30 22:00:00,15.1,0.6,39.1,116
2026-03-30 23:00:00,15.3,1.7,39.0,120
2026-03-31 00:00:00,15.6,6.6,30.1,123
2026-03-31 01:00:00,15.8,10.1,24.1,129
2026-03-31 02:00:00,16.2,3.3,19.3,144
2026-03-31 03:00:00,16.4,3.0,24.3,130
2026-03-31 04:00:00,16.9,0.0,23.5,159
2026-03-31 05:00:00,16.6,0.0,17.9,156
2026-03-31 06:00:00,16.3,0.0,12.5,164
2026-03-31 07:00:00,16.7,0.0,14.4,158
2026-03-31 08:00:00,17.8,0.1,13.7,191
2026-03-31 09:00:00,17.8,2.3,20.5,268
2026-03-31 10:00:00,17.6,0.3,29.7,279
2026-03-31 11:00:00,17.5,0.0,31.8,281
2026-03-31 12:00:00,17.6,0.0,21.3,300
2026-03-31 13:00:00,18.1,0.0,20.6,323
2026-03-31 14:00:00,16.9,0.0,19.1,336
2026-03-31 15:00:00,16.5,0.0,20.4,338
2026-03-31 16:00:00,15.9,0.0,20.0,341
2026-03-31 17:00:00,15.2,0.0,19.6,341
2026-03-31 18:00:00,14.1,0.0,18.2,337
2026-03-31 19:00:00,13.0,0.0,15.5,328
2026-03-31 20:00:00,12.3,0.0,10.5,333
2026-03-31 21:00:00,12.8,0.0,6.5,332
2026-03-31 22:00:00,12.6,0.0,5.8,358
2026-03-31 23:00:00,12.8,0.0,7.2,359
