timestamp,relative_humidity_2m,dew_point_2m,apparent_temperature,surface_pressure,cloud_cover,shortwave_radiation
2025-04-01 00:00:00,61,-1.4,2.0,1023.7,100,0.0
2025-04-01 01:00:00,61,-1.3,2.1,1023.4,100,0.0
2025-04-01 02:00:00,61,-1.2,2.1,1022.8,100,0.0
2025-04-01 03:00:00,64,-1.0,2.0,1022.7,100,0.0
2025-04-01 04:00:00,67,-1.0,1.3,1022.1,100,0.0
2025-04-01 05:00:00,68,-1.2,0.9,1022.0,100,0.0
2025-04-01 06:00:00,69,-1.5,0.6,1022.3,100,0.0
2025-04-01 07:00:00,66,-1.0,1.8,1022.7,100,37.0
2025-04-01 08:00:00,60,0.0,4.4,1022.5,100,161.0
2025-04-01 09:00:00,46,-1.6,6.5,1022.6,100,325.0
2025-04-01 10:00:00,44,-1.3,7.3,1023.1,100,448.0
2025-04-01 11:00:00,45,-0.1,8.8,1022.5,100,579.0
2025-04-01 12:00:00,44,0.7,10.9,1021.6,100,732.0
2025-04-01 13:00:00,48,1.9,10.8,1020.8,100,746.0
2025-04-01 14:00:00,51,2.5,9.4,1020.0,100,587.0
2025-04-01 15:00:00,52,2.4,9.4,1018.9,100,313.0
2025-04-01 16:00:00,51,2.5,10.2,1018.7,100,311.0
2025-04-01 17:00:00,53,2.9,9.9,1018.5,100,214.0
2025-04-01 18:00:00,62,4.7,9.6,1018.4,100,66.0
2025-04-01 19:00:00,74,6.2,9.4,1018.1,95,6.0
2025-04-01 20:00:00,77,6.1,8.7,1018.2,100,0.0
2025-04-01 21:00:00,79,6.1,8.3,1018.4,91,0.0
2025-04-01 22:00:00,85,6.8,8.3,1018.7,89,0.0
2025-04-01 23:00:00,92,7.1,6.9,1019.0,96,0.0
2025-04-02 00:00:00,82,5.4,7.2,1018.9,90,0.0
2025-04-02 01:00:00,80,5.1,7.0,1018.8,91,0.0
2025-04-02 02:00:00,78,4.6,6.4,1018.0,96,0.0
2025-04-02 03:00:00,88,6.2,6.2,1017.1,100,0.0
2025-04-02 04:00:00,87,6.1,6.3,1016.4,90,0.0
2025-04-02 05:00:00,90,6.1,5.9,1016.2,11,0.0
2025-04-02 06:00:00,94,5.0,4.0,1016.4,45,0.0
2025-04-02 07:00:00,87,4.8,4.6,1016.5,29,43.0
2025-04-02 08:00:00,84,6.4,7.4,1016.6,17,213.0
2025-04-02 09:00:00,69,6.0,9.8,1016.7,0,425.0
2025-04-02 10:00:00,57,5.2,11.8,1017.2,5,624.0
2025-04-02 11:00:00,47,3.8,14.2,1016.7,55,759.0
2025-04-02 12:00:00,47,4.2,15.1,1016.3,25,816.0
2025-04-02 13:00:00,44,3.9,15.5,1015.5,29,847.0
2025-04-02 14:00:00,42,3.4,14.4,1014.7,71,770.0
2025-04-02 15:00:00,46,4.0,12.3,1014.5,27,709.0
2025-04-02 16:00:00,50,4.3,10.6,1014.5,33,514.0
2025-04-02 17:00:00,57,4.9,9.5,1014.8,25,306.0
2025-04-02 18:00:00,67,5.9,8.9,1015.0,0,147.0
2025-04-02 19:00:00,75,6.1,7.2,1015.2,0,15.0
2025-04-02 20:00:00,82,6.2,6.6,1015.8,0,0.0
2025-04-02 21:00:00,86,6.0,6.1,1016.2,0,0.0
2025-04-02 22:00:00,88,6.3,6.3,1016.5,2,0.0
2025-04-02 23:00:00,89,6.2,5.6,1017.0,6,0.0
2025-04-03 00:00:00,88,6.1,5.4,1017.4,27,0.0
2025-04-03 01:00:00,85,6.1,5.6,1017.1,26,0.0
2025-04-03 02:00:00,87,5.8,5.4,1016.9,18,0.0
2025-04-03 03:00:00,88,5.3,4.9,1016.2,14,0.0
2025-04-03 04:00:00,88,4.9,4.6,1016.2,4,0.0
2025-04-03 05:00:00,89,4.2,3.8,1016.4,22,0.0
2025-04-03 06:00:00,88,4.4,4.1,1016.7,24,0.0
2025-04-03 07:00:00,84,5.1,5.4,1017.2,12,45.0
2025-04-03 08:00:00,73,5.4,7.8,1017.6,12,218.0
2025-04-03 09:00:00,58,3.7,8.2,1017.9,20,422.0
2025-04-03 10:00:00,46,1.9,9.0,1018.6,67,560.0
2025-04-03 11:00:00,44,1.8,10.1,1018.7,87,655.0
2025-04-03 12:00:00,47,2.7,9.8,1018.4,64,636.0
2025-04-03 13:00:00,46,2.8,10.7,1017.7,48,726.0
2025-04-03 14:00:00,46,2.7,10.4,1017.2,47,703.0
2025-04-03 15:00:00,46,2.5,9.7,1017.0,45,626.0
2025-04-03 16:00:00,50,2.9,8.5,1017.1,58,476.0
2025-04-03 17:00:00,55,3.3,8.0,1017.5,31,290.0
2025-04-03 18:00:00,61,3.8,7.6,1017.9,30,140.0
2025-04-03 19:00:00,69,4.2,6.4,1018.5,17,15.0
2025-04-03 20:00:00,74,4.6,5.8,1019.2,2,0.0
2025-04-03 21:00:00,76,4.2,5.1,1019.7,6,0.0
2025-04-03 22:00:00,76,4.6,5.4,1019.8,1,0.0
2025-04-03 23:00:00,77,4.2,5.0,1019.8,1,0.0
2025-04-04 00:00:00,83,3.8,4.2,1019.7,0,0.0
2025-04-04 01:00:00,80,3.0,4.2,1019.5,0,0.0
2025-04-04 02:00:00,81,2.8,4.3,1019.4,0,0.0
2025-04-04 03:00:00,84,2.9,3.5,1019.3,0,0.0
2025-04-04 04:00:00,88,3.0,2.5,1019.5,0,0.0
2025-04-04 05:00:00,88,3.3,2.3,1019.8,0,0.0
2025-04-04 06:00:00,88,2.7,1.6,1020.2,11,0.0
2025-04-04 07:00:00,82,2.8,2.7,1020.2,6,54.0
2025-04-04 08:00:00,74,4.5,6.5,1019.9,0,235.0
2025-04-04 09:00:00,62,4.6,9.3,1020.1,0,447.0
2025-04-04 10:00:00,51,3.2,11.8,1020.3,0,639.0
2025-04-04 11:00:00,56,4.8,12.5,1020.1,4,784.0
2025-04-04 12:00:00,63,6.4,12.8,1019.7,53,869.0
2025-04-04 13:00:00,66,7.6,12.9,1019.2,14,808.0
2025-04-04 14:00:00,65,8.1,14.5,1018.5,21,821.0
2025-04-04 15:00:00,66,8.5,14.6,1018.1,20,714.0
2025-04-04 16:00:00,45,3.2,12.4,1018.0,6,555.0
2025-04-04 17:00:00,45,2.4,10.8,1018.2,1,360.0
2025-04-04 18:00:00,56,3.7,9.2,1018.8,0,157.0
2025-04-04 19:00:00,66,4.2,7.2,1019.3,0,16.0
2025-04-04 20:00:00,71,4.2,5.9,1019.1,16,0.0
2025-04-04 21:00:00,73,3.7,5.8,1020.2,20,0.0
2025-04-04 22:00:00,77,4.4,5.6,1019.8,24,0.0
2025-04-04 23:00:00,84,4.2,4.6,1019.3,100,0.0
2025-04-05 00:00:00,83,3.7,4.8,1019.3,98,0.0
2025-04-05 01:00:00,86,4.6,5.3,1019.3,100,0.0
2025-04-05 02:00:00,85,4.3,4.3,1018.9,100,0.0
2025-04-05 03:00:00,83,4.0,3.8,1018.2,100,0.0
2025-04-05 04:00:00,83,4.8,4.9,1017.6,100,0.0
2025-04-05 05:00:00,87,6.1,5.6,1017.2,100,0.0
2025-04-05 06:00:00,82,5.6,5.8,1017.5,100,0.0
2025-04-05 07:00:00,75,5.1,6.3,1017.6,100,31.0
2025-04-05 08:00:00,75,6.3,7.7,1017.9,100,145.0
2025-04-05 09:00:00,68,5.8,8.4,1018.1,100,290.0
2025-04-05 10:00:00,63,5.7,8.8,1018.2,100,453.0
2025-04-05 11:00:00,64,6.4,9.5,1017.7,100,492.0
2025-04-05 12:00:00,63,7.3,11.7,1017.0,100,635.0
2025-04-05 13:00:00,62,8.2,14.0,1016.1,86,770.0
2025-04-05 14:00:00,64,8.8,13.3,1015.0,99,643.0
2025-04-05 15:00:00,69,9.2,12.9,1014.0,100,372.0
2025-04-05 16:00:00,65,9.3,14.0,1013.2,99,390.0
2025-04-05 17:00:00,71,9.8,13.5,1013.4,100,191.0
2025-04-05 18:00:00,77,10.3,13.1,1013.0,100,100.0
2025-04-05 19:00:00,94,11.3,11.9,1014.0,97,6.0
2025-04-05 20:00:00,90,10.7,11.1,1013.2,91,0.0
2025-04-05 21:00:00,85,9.6,10.8,1013.5,65,0.0
2025-04-05 22:00:00,77,8.9,10.1,1013.1,4,0.0
2025-04-05 23:00:00,76,8.8,10.2,1013.3,33,0.0
2025-04-06 00:00:00,80,8.9,10.0,1013.2,26,0.0
2025-04-06 01:00:00,84,9.1,9.9,1013.2,22,0.0
2025-04-06 02:00:00,86,9.4,9.8,1012.9,23,0.0
2025-04-06 03:00:00,89,9.6,9.8,1012.9,26,0.0
2025-04-06 04:00:00,90,9.6,9.3,1012.9,21,0.0
2025-04-06 05:00:00,91,9.8,9.1,1013.3,42,0.0
2025-04-06 06:00:00,92,9.9,8.9,1013.9,91,0.0
2025-04-06 07:00:00,82,8.8,9.1,1014.5,0,47.0
2025-04-06 08:00:00,71,7.5,9.1,1015.0,42,236.0
2025-04-06 09:00:00,61,5.9,9.7,1015.6,3,428.0
2025-04-06 10:00:00,51,5.1,11.6,1015.4,0,646.0
2025-04-06 11:00:00,46,3.7,11.7,1015.5,0,796.0
2025-04-06 12:00:00,44,3.0,11.6,1015.3,0,886.0
2025-04-06 13:00:00,44,3.0,12.1,1015.0,0,905.0
2025-04-06 14:00:00,47,4.0,12.3,1014.7,0,851.0
2025-04-06 15:00:00,48,4.0,11.5,1014.5,0,742.0
2025-04-06 16:00:00,48,3.8,10.4,1014.7,0,574.0
2025-04-06 17:00:00,50,3.7,9.8,1015.0,0,368.0
2025-04-06 18:00:00,58,4.8,9.6,1015.3,0,160.0
2025-04-06 19:00:00,68,5.7,8.3,1015.8,0,17.0
2025-04-06 20:00:00,71,5.9,7.8,1016.6,0,0.0
2025-04-06 21:00:00,75,6.1,7.7,1017.6,0,0.0
2025-04-06 22:00:00,72,6.1,8.0,1017.6,0,0.0
2025-04-06 23:00:00,78,7.0,8.0,1017.7,0,0.0
2025-04-07 00:00:00,81,7.3,8.3,1017.6,0,0.0
2025-04-07 01:00:00,86,6.9,7.5,1017.3,0,0.0
2025-04-07 02:00:00,85,6.5,7.1,1017.3,0,0.0
2025-04-07 03:00:00,84,5.6,6.2,1017.3,0,0.0
2025-04-07 04:00:00,81,5.6,6.6,1017.1,0,0.0
2025-04-07 05:00:00,83,6.0,6.7,1017.2,0,0.0
2025-04-07 06:00:00,85,6.7,7.1,1018.0,0,0.0
2025-04-07 07:00:00,86,7.9,8.2,1018.6,0,63.0
2025-04-07 08:00:00,78,8.9,11.1,1019.1,0,250.0
2025-04-07 09:00:00,63,7.5,12.1,1019.5,0,465.0
2025-04-07 10:00:00,55,6.7,13.4,1019.9,0,653.0
2025-04-07 11:00:00,48,5.8,15.1,1019.9,0,794.0
2025-04-07 12:00:00,43,5.0,15.9,1019.5,0,884.0
2025-04-07 13:00:00,38,3.5,15.5,1019.3,0,908.0
2025-04-07 14:00:00,35,2.1,14.9,1019.1,0,857.0
2025-04-07 15:00:00,31,0.4,14.2,1018.8,0,743.0
2025-04-07 16:00:00,33,0.6,12.7,1018.3,3,581.0
2025-04-07 17:00:00,40,2.2,12.2,1018.1,89,379.0
2025-04-07 18:00:00,50,4.2,11.4,1018.2,100,167.0
2025-04-07 19:00:00,57,3.9,9.8,1018.2,98,18.0
2025-04-07 20:00:00,61,3.7,8.5,1018.6,100,0.0
2025-04-07 21:00:00,59,3.2,8.2,1019.1,100,0.0
2025-04-07 22:00:00,56,3.7,9.2,1018.9,100,0.0
2025-04-07 23:00:00,59,4.2,9.3,1018.8,95,0.0
2025-04-08 00:00:00,66,4.3,8.3,1018.5,97,0.0
2025-04-08 01:00:00,67,4.2,8.5,1018.4,87,0.0
2025-04-08 02:00:00,69,4.3,8.2,1018.0,100,0.0
2025-04-08 03:00:00,72,4.5,7.8,1017.6,100,0.0
2025-04-08 04:00:00,74,4.7,7.6,1017.0,100,0.0
2025-04-08 05:00:00,73,4.1,7.1,1016.5,100,0.0
2025-04-08 06:00:00,72,3.8,6.6,1016.4,100,0.0
2025-04-08 07:00:00,71,5.6,9.1,1016.4,100,51.0
2025-04-08 08:00:00,70,7.7,11.9,1016.3,100,191.0
2025-04-08 09:00:00,58,6.7,13.6,1016.2,99,339.0
2025-04-08 10:00:00,43,4.2,15.0,1016.4,69,580.0
2025-04-08 11:00:00,34,3.0,17.5,1015.7,0,783.0
2025-04-08 12:00:00,32,3.5,18.2,1014.9,0,879.0
2025-04-08 13:00:00,38,6.4,19.3,1014.0,0,894.0
2025-04-08 14:00:00,50,10.2,19.8,1013.5,6,840.0
2025-04-08 15:00:00,44,7.8,16.4,1012.8,23,731.0
2025-04-08 16:00:00,49,8.3,15.1,1012.4,40,516.0
2025-04-08 17:00:00,51,8.1,13.9,1012.3,3,328.0
2025-04-08 18:00:00,53,7.3,12.3,1012.5,0,156.0
2025-04-08 19:00:00,61,8.4,12.1,1012.6,89,19.0
2025-04-08 20:00:00,63,8.6,12.3,1013.1,63,0.0
2025-04-08 21:00:00,66,8.7,12.3,1013.6,23,0.0
2025-04-08 22:00:00,66,9.0,13.1,1013.5,0,0.0
2025-04-08 23:00:00,74,10.1,12.4,1013.8,0,0.0
2025-04-09 00:00:00,83,11.1,12.1,1014.1,0,0.0
2025-04-09 01:00:00,90,11.4,11.9,1014.1,0,0.0
2025-04-09 02:00:00,93,11.2,11.5,1013.5,0,0.0
2025-04-09 03:00:00,95,10.6,10.9,1013.3,0,0.0
2025-04-09 04:00:00,97,9.9,9.7,1013.2,33,0.0
2025-04-09 05:00:00,99,9.3,8.4,1013.3,100,0.0
2025-04-09 06:00:00,99,8.6,8.0,1013.5,100,0.0
2025-04-09 07:00:00,95,8.8,8.8,1014.1,100,51.0
2025-04-09 08:00:00,93,10.3,10.8,1014.4,100,205.0
2025-04-09 09:00:00,85,11.4,13.6,1014.7,71,436.0
2025-04-09 10:00:00,78,12.1,16.3,1014.4,31,611.0
2025-04-09 11:00:00,68,11.0,17.9,1014.0,30,763.0
2025-04-09 12:00:00,57,9.4,19.3,1013.1,39,841.0
2025-04-09 13:00:00,48,8.0,20.4,1012.1,52,861.0
2025-04-09 14:00:00,52,9.5,21.3,1011.1,18,836.0
2025-04-09 15:00:00,64,12.6,20.5,1010.6,36,714.0
2025-04-09 16:00:00,66,11.8,17.1,1010.6,100,552.0
2025-04-09 17:00:00,65,10.4,15.9,1010.4,72,327.0
2025-04-09 18:00:00,67,10.1,15.6,1010.3,98,144.0
2025-04-09 19:00:00,73,9.9,13.6,1010.4,100,16.0
2025-04-09 20:00:00,73,9.4,12.6,1010.4,89,0.0
2025-04-09 21:00:00,77,9.6,11.7,1010.3,88,0.0
2025-04-09 22:00:00,79,9.3,12.2,1010.9,47,0.0
2025-04-09 23:00:00,82,9.4,11.9,1011.0,100,0.0
2025-04-10 00:00:00,80,9.9,13.3,1010.6,98,0.0
2025-04-10 01:00:00,82,10.5,13.3,1010.1,100,0.0
2025-04-10 02:00:00,82,10.9,13.0,1009.1,99,0.0
2025-04-10 03:00:00,83,10.4,12.8,1009.2,100,0.0
2025-04-10 04:00:00,96,12.4,13.1,1008.8,100,0.0
2025-04-10 05:00:00,96,12.4,13.0,1008.2,93,0.0
2025-04-10 06:00:00,94,12.3,13.3,1008.1,86,0.0
2025-04-10 07:00:00,94,13.2,14.4,1008.1,100,38.0
2025-04-10 08:00:00,98,14.8,16.1,1008.2,87,146.0
2025-04-10 09:00:00,95,15.1,16.6,1008.3,88,237.0
2025-04-10 10:00:00,76,14.9,19.9,1007.9,98,626.0
2025-04-10 11:00:00,74,14.4,18.9,1007.5,100,447.0
2025-04-10 12:00:00,78,13.9,16.8,1006.2,96,280.0
2025-04-10 13:00:00,92,14.7,16.2,1006.9,98,401.0
2025-04-10 14:00:00,75,13.9,19.6,1006.0,98,644.0
2025-04-10 15:00:00,75,13.9,18.5,1005.3,100,388.0
2025-04-10 16:00:00,88,14.1,16.4,1006.2,100,208.0
2025-04-10 17:00:00,90,14.4,16.3,1005.8,43,234.0
2025-04-10 18:00:00,91,14.1,15.9,1005.9,93,113.0
2025-04-10 19:00:00,94,13.6,14.4,1006.2,97,13.0
2025-04-10 20:00:00,93,12.8,13.1,1006.9,100,0.0
2025-04-10 21:00:00,94,12.9,13.6,1007.0,48,0.0
2025-04-10 22:00:00,99,12.9,13.6,1006.6,84,0.0
2025-04-10 23:00:00,97,12.8,13.3,1007.1,97,0.0
2025-04-11 00:00:00,98,12.8,13.3,1006.8,90,0.0
2025-04-11 01:00:00,97,12.4,12.6,1006.8,66,0.0
2025-04-11 02:00:00,96,12.3,12.2,1006.6,4,0.0
2025-04-11 03:00:00,97,11.9,11.8,1006.5,61,0.0
2025-04-11 04:00:00,98,11.2,10.8,1006.6,90,0.0
2025-04-11 05:00:00,98,11.3,10.9,1007.2,97,0.0
2025-04-11 06:00:00,99,11.3,10.7,1008.0,97,0.0
2025-04-11 07:00:00,97,11.6,11.1,1008.8,96,55.0
2025-04-11 08:00:00,91,12.1,12.8,1009.0,100,193.0
2025-04-11 09:00:00,81,12.4,14.7,1009.4,91,349.0
2025-04-11 10:00:00,64,11.0,17.0,1009.7,80,574.0
2025-04-11 11:00:00,55,10.1,19.1,1009.2,16,737.0
2025-04-11 12:00:00,47,8.6,20.0,1009.0,2,855.0
2025-04-11 13:00:00,42,7.2,19.7,1008.8,0,884.0
2025-04-11 14:00:00,40,6.4,18.9,1008.7,0,847.0
2025-04-11 15:00:00,41,5.9,17.3,1008.9,0,743.0
2025-04-11 16:00:00,42,5.7,15.5,1008.9,0,579.0
2025-04-11 17:00:00,49,6.3,14.4,1009.4,0,380.0
2025-04-11 18:00:00,59,7.5,13.2,1010.3,0,171.0
2025-04-11 19:00:00,68,7.7,11.3,1011.1,0,22.0
2025-04-11 20:00:00,78,8.3,10.3,1011.8,9,0.0
2025-04-11 21:00:00,85,8.8,9.5,1012.5,9,0.0
2025-04-11 22:00:00,86,8.9,9.9,1012.7,73,0.0
2025-04-11 23:00:00,87,8.0,8.9,1011.9,100,0.0
2025-04-12 00:00:00,82,8.0,9.4,1012.4,100,0.0
2025-04-12 01:00:00,91,9.6,9.3,1012.8,100,0.0
2025-04-12 02:00:00,92,8.7,8.7,1012.5,33,0.0
2025-04-12 03:00:00,89,6.2,6.5,1012.7,75,0.0
2025-04-12 04:00:00,85,5.4,5.8,1012.9,99,0.0
2025-04-12 05:00:00,80,5.0,6.1,1012.8,100,0.0
2025-04-12 06:00:00,83,5.3,6.4,1013.2,100,1.0
2025-04-12 07:00:00,80,6.8,8.2,1013.5,100,67.0
2025-04-12 08:00:00,79,8.6,10.7,1013.7,100,185.0
2025-04-12 09:00:00,73,9.3,12.2,1012.9,100,303.0
2025-04-12 10:00:00,63,7.6,11.8,1013.0,100,355.0
2025-04-12 11:00:00,60,7.9,12.7,1012.7,100,548.0
2025-04-12 12:00:00,60,8.9,14.2,1012.4,100,675.0
2025-04-12 13:00:00,59,9.2,15.0,1011.7,100,635.0
2025-04-12 14:00:00,58,9.1,14.4,1010.7,100,477.0
2025-04-12 15:00:00,61,9.1,13.7,1009.5,100,213.0
2025-04-12 16:00:00,64,9.3,13.1,1009.3,100,155.0
2025-04-12 17:00:00,68,9.6,12.6,1008.9,100,89.0
2025-04-12 18:00:00,74,10.6,12.6,1008.0,100,37.0
2025-04-12 19:00:00,78,11.4,13.2,1007.9,100,5.0
2025-04-12 20:00:00,90,12.8,13.4,1008.2,100,0.0
2025-04-12 21:00:00,94,13.2,12.9,1007.8,100,0.0
2025-04-12 22:00:00,89,12.9,11.1,1007.2,100,0.0
2025-04-12 23:00:00,93,13.2,11.1,1005.3,100,0.0
2025-04-13 00:00:00,95,13.7,11.0,1003.4,100,0.0
2025-04-13 01:00:00,94,13.8,11.3,1001.5,100,0.0
2025-04-13 02:00:00,92,13.3,10.9,999.8,100,0.0
2025-04-13 03:00:00,95,13.7,11.2,998.3,100,0.0
2025-04-13 04:00:00,93,13.4,11.5,998.2,100,0.0
2025-04-13 05:00:00,92,13.1,12.1,999.1,100,0.0
2025-04-13 06:00:00,92,9.1,6.1,1002.2,100,0.0
2025-04-13 07:00:00,92,8.9,6.1,1003.9,100,9.0
2025-04-13 08:00:00,79,6.7,5.7,1004.6,100,52.0
2025-04-13 09:00:00,56,2.8,5.1,1004.9,60,334.0
2025-04-13 10:00:00,42,-0.1,5.8,1004.7,36,683.0
2025-04-13 11:00:00,41,-0.3,6.8,1004.9,0,826.0
2025-04-13 12:00:00,38,-0.9,7.5,1004.9,0,908.0
2025-04-13 13:00:00,42,0.6,7.8,1004.8,0,926.0
2025-04-13 14:00:00,32,-2.6,7.6,1004.3,15,866.0
2025-04-13 15:00:00,33,-1.9,7.3,1003.5,14,708.0
2025-04-13 16:00:00,38,-0.6,6.7,1003.6,52,529.0
2025-04-13 17:00:00,36,-1.1,7.7,1003.4,39,350.0
2025-04-13 18:00:00,44,1.2,7.2,1003.4,17,140.0
2025-04-13 19:00:00,47,1.5,7.2,1004.0,38,22.0
2025-04-13 20:00:00,50,2.2,7.7,1004.9,38,0.0
2025-04-13 21:00:00,55,3.3,7.9,1005.5,15,0.0
2025-04-13 22:00:00,55,2.9,7.4,1006.2,20,0.0
2025-04-13 23:00:00,55,2.7,7.2,1006.5,8,0.0
2025-04-14 00:00:00,57,2.8,7.1,1006.7,72,0.0
2025-04-14 01:00:00,56,2.8,7.1,1006.2,34,0.0
2025-04-14 02:00:00,61,3.2,6.7,1005.2,9,0.0
2025-04-14 03:00:00,63,3.3,6.1,1004.6,0,0.0
2025-04-14 04:00:00,66,3.5,5.9,1004.0,0,0.0
2025-04-14 05:00:00,68,3.7,5.8,1004.1,21,0.0
2025-04-14 06:00:00,67,3.5,6.2,1004.0,46,1.0
2025-04-14 07:00:00,62,3.4,7.4,1003.3,99,73.0
2025-04-14 08:00:00,58,3.2,7.7,1003.0,100,214.0
2025-04-14 09:00:00,66,4.7,7.6,1002.9,99,168.0
2025-04-14 10:00:00,59,4.2,8.3,1002.5,97,334.0
2025-04-14 11:00:00,65,5.2,8.4,1002.2,100,303.0
2025-04-14 12:00:00,85,8.2,8.7,1001.1,57,86.0
2025-04-14 13:00:00,75,8.9,12.7,1000.1,56,622.0
2025-04-14 14:00:00,72,9.1,12.4,999.7,97,677.0
2025-04-14 15:00:00,83,9.9,11.3,998.7,42,259.0
2025-04-14 16:00:00,72,9.1,11.5,998.3,72,398.0
2025-04-14 17:00:00,51,3.8,9.5,998.1,100,228.0
2025-04-14 18:00:00,56,4.6,9.1,998.2,99,111.0
2025-04-14 19:00:00,61,5.3,8.4,998.0,94,15.0
2025-04-14 20:00:00,69,6.2,7.4,997.9,100,0.0
2025-04-14 21:00:00,72,6.1,6.5,998.3,100,0.0
2025-04-14 22:00:00,84,7.5,4.7,998.7,100,0.0
2025-04-14 23:00:00,88,7.2,3.4,998.9,100,0.0
2025-04-15 00:00:00,87,7.2,4.4,998.7,92,0.0
2025-04-15 01:00:00,79,5.6,3.3,998.8,31,0.0
2025-04-15 02:00:00,71,4.5,4.0,998.6,44,0.0
2025-04-15 03:00:00,71,3.3,3.1,999.2,60,0.0
2025-04-15 04:00:00,79,4.1,2.9,999.8,63,0.0
2025-04-15 05:00:00,82,4.4,3.0,1000.4,66,0.0
2025-04-15 06:00:00,84,4.7,3.0,1001.4,80,1.0
2025-04-15 07:00:00,81,4.8,3.8,1002.6,53,52.0
2025-04-15 08:00:00,79,4.7,4.0,1003.4,55,187.0
2025-04-15 09:00:00,77,5.2,5.3,1004.1,31,365.0
2025-04-15 10:00:00,51,1.6,6.0,1004.9,35,578.0
2025-04-15 11:00:00,46,0.6,6.4,1005.4,24,715.0
2025-04-15 12:00:00,45,0.5,6.6,1005.8,25,788.0
2025-04-15 13:00:00,42,-0.1,7.4,1006.1,43,825.0
2025-04-15 14:00:00,41,-0.3,7.8,1006.4,0,815.0
2025-04-15 15:00:00,39,-0.6,7.6,1006.4,0,760.0
2025-04-15 16:00:00,41,-0.5,6.9,1006.6,5,594.0
2025-04-15 17:00:00,38,-1.0,7.2,1006.7,46,372.0
2025-04-15 18:00:00,49,1.5,7.1,1007.0,0,164.0
2025-04-15 19:00:00,55,2.5,6.8,1007.4,0,25.0
2025-04-15 20:00:00,64,4.2,7.0,1008.3,0,0.0
2025-04-15 21:00:00,66,4.8,7.2,1009.1,0,0.0
2025-04-15 22:00:00,72,5.4,7.3,1009.1,0,0.0
2025-04-15 23:00:00,69,5.2,6.9,1009.4,12,0.0
2025-04-16 00:00:00,72,5.6,7.3,1009.6,0,0.0
2025-04-16 01:00:00,73,6.3,7.5,1009.7,52,0.0
2025-04-16 02:00:00,72,7.2,8.6,1009.5,9,0.0
2025-04-16 03:00:00,75,7.7,9.1,1009.5,0,0.0
2025-04-16 04:00:00,85,8.9,9.1,1009.7,0,0.0
2025-04-16 05:00:00,90,9.1,8.9,1010.0,0,0.0
2025-04-16 06:00:00,90,9.3,9.0,1010.6,1,2.0
2025-04-16 07:00:00,87,9.7,10.2,1011.4,0,84.0
2025-04-16 08:00:00,82,10.1,11.5,1011.7,0,271.0
2025-04-16 09:00:00,76,10.3,12.6,1012.1,8,475.0
2025-04-16 10:00:00,64,9.0,14.6,1012.1,2,646.0
2025-04-16 11:00:00,58,8.9,17.2,1012.1,9,796.0
2025-04-16 12:00:00,52,8.6,19.1,1011.8,1,875.0
2025-04-16 13:00:00,47,8.3,20.4,1011.4,98,889.0
2025-04-16 14:00:00,46,8.8,21.3,1011.2,99,835.0
2025-04-16 15:00:00,49,9.8,21.0,1010.9,92,720.0
2025-04-16 16:00:00,59,12.1,20.2,1010.7,87,552.0
2025-04-16 17:00:00,67,13.7,20.2,1010.9,95,356.0
2025-04-16 18:00:00,72,13.4,18.2,1011.4,99,161.0
2025-04-16 19:00:00,63,10.6,15.4,1012.0,100,21.0
2025-04-16 20:00:00,62,9.7,14.3,1012.7,100,0.0
2025-04-16 21:00:00,60,8.8,13.9,1013.6,100,0.0
2025-04-16 22:00:00,57,7.5,13.1,1013.6,100,0.0
2025-04-16 23:00:00,58,7.3,13.1,1013.7,96,0.0
2025-04-17 00:00:00,69,8.3,12.6,1013.9,90,0.0
2025-04-17 01:00:00,74,8.6,12.0,1013.9,86,0.0
2025-04-17 02:00:00,73,8.9,12.1,1013.3,99,0.0
2025-04-17 03:00:00,65,7.8,12.3,1013.0,75,0.0
2025-04-17 04:00:00,62,7.2,12.2,1013.1,99,0.0
2025-04-17 05:00:00,64,7.9,12.5,1013.3,72,0.0
2025-04-17 06:00:00,74,8.9,11.7,1013.3,93,2.0
2025-04-17 07:00:00,77,9.9,12.7,1013.8,1,78.0
2025-04-17 08:00:00,78,12.1,15.4,1014.0,0,275.0
2025-04-17 09:00:00,70,12.6,17.5,1013.8,2,479.0
2025-04-17 10:00:00,69,13.6,19.4,1014.3,0,658.0
2025-04-17 11:00:00,66,13.8,20.8,1013.9,9,782.0
2025-04-17 12:00:00,68,13.9,20.3,1013.1,4,847.0
2025-04-17 13:00:00,67,13.4,20.1,1012.2,2,874.0
2025-04-17 14:00:00,70,14.0,20.0,1012.0,45,821.0
2025-04-17 15:00:00,73,14.4,18.4,1011.5,51,566.0
2025-04-17 16:00:00,79,15.2,18.8,1011.1,54,423.0
2025-04-17 17:00:00,82,16.0,20.0,1010.8,100,337.0
2025-04-17 18:00:00,92,16.3,18.7,1010.8,62,145.0
2025-04-17 19:00:00,100,15.7,16.6,1011.1,100,23.0
2025-04-17 20:00:00,99,14.6,14.9,1011.8,100,0.0
2025-04-17 21:00:00,98,14.1,14.6,1012.6,100,0.0
2025-04-17 22:00:00,97,14.5,15.2,1013.0,100,0.0
2025-04-17 23:00:00,98,14.4,14.7,1013.0,100,0.0
2025-04-18 00:00:00,96,14.1,14.5,1013.1,100,0.0
2025-04-18 01:00:00,93,13.9,15.2,1012.7,100,0.0
2025-04-18 02:00:00,88,13.6,15.7,1012.5,100,0.0
2025-04-18 03:00:00,86,13.4,15.8,1012.3,100,0.0
2025-04-18 04:00:00,88,13.4,15.3,1012.2,100,0.0
2025-04-18 05:00:00,92,13.4,14.5,1012.1,100,0.0
2025-04-18 06:00:00,95,13.8,14.3,1012.6,100,1.0
2025-04-18 07:00:00,93,14.1,15.1,1012.9,100,41.0
2025-04-18 08:00:00,92,14.9,16.3,1013.3,100,145.0
2025-04-18 09:00:00,85,15.7,18.8,1013.5,1,360.0
2025-04-18 10:00:00,76,16.7,23.1,1014.3,0,631.0
2025-04-18 11:00:00,69,16.1,24.3,1013.9,1,781.0
2025-04-18 12:00:00,68,16.7,25.9,1013.1,0,855.0
2025-04-18 13:00:00,64,16.3,26.5,1012.5,4,873.0
2025-04-18 14:00:00,75,18.1,25.7,1012.3,28,814.0
2025-04-18 15:00:00,76,17.9,24.4,1011.9,26,705.0
2025-04-18 16:00:00,74,17.7,24.8,1011.7,17,529.0
2025-04-18 17:00:00,74,17.5,24.9,1011.8,24,343.0
2025-04-18 18:00:00,84,17.5,22.1,1012.0,14,155.0
2025-04-18 19:00:00,89,16.0,18.5,1012.7,4,25.0
2025-04-18 20:00:00,90,15.4,17.8,1013.6,3,0.0
2025-04-18 21:00:00,93,15.0,16.3,1014.1,1,0.0
2025-04-18 22:00:00,96,16.4,18.8,1014.1,16,0.0
2025-04-18 23:00:00,95,15.8,18.4,1014.2,15,0.0
2025-04-19 00:00:00,96,15.4,17.4,1014.2,9,0.0
2025-04-19 01:00:00,98,14.4,15.5,1014.1,21,0.0
2025-04-19 02:00:00,99,13.6,14.4,1013.7,100,0.0
2025-04-19 03:00:00,98,13.8,14.6,1013.6,100,0.0
2025-04-19 04:00:00,97,13.9,14.9,1013.2,85,0.0
2025-04-19 05:00:00,98,13.5,14.3,1013.2,31,0.0
2025-04-19 06:00:00,98,13.1,13.7,1013.7,49,3.0
2025-04-19 07:00:00,98,13.7,14.6,1014.3,100,83.0
2025-04-19 08:00:00,95,14.5,16.1,1014.6,100,233.0
2025-04-19 09:00:00,89,15.6,18.4,1014.2,25,427.0
2025-04-19 10:00:00,82,15.9,19.9,1014.2,37,593.0
2025-04-19 11:00:00,76,16.1,22.0,1013.8,33,730.0
2025-04-19 12:00:00,73,16.3,22.7,1013.0,52,802.0
2025-04-19 13:00:00,72,16.1,22.4,1012.1,99,834.0
2025-04-19 14:00:00,73,16.0,21.3,1011.5,83,728.0
2025-04-19 15:00:00,72,16.4,22.0,1011.3,100,661.0
2025-04-19 16:00:00,71,16.4,22.0,1010.6,100,498.0
2025-04-19 17:00:00,75,15.8,20.7,1010.5,97,308.0
2025-04-19 18:00:00,80,15.4,19.3,1010.6,100,149.0
2025-04-19 19:00:00,87,15.2,17.3,1010.5,100,25.0
2025-04-19 20:00:00,89,14.8,16.7,1011.5,100,0.0
2025-04-19 21:00:00,90,14.6,16.8,1012.0,100,0.0
2025-04-19 22:00:00,89,15.1,17.6,1012.0,100,0.0
2025-04-19 23:00:00,89,15.1,17.6,1011.9,100,0.0
2025-04-20 00:00:00,92,15.9,18.0,1011.9,100,0.0
2025-04-20 01:00:00,99,15.9,16.4,1011.3,100,0.0
2025-04-20 02:00:00,98,15.4,15.6,1011.0,100,0.0
2025-04-20 03:00:00,96,15.4,16.3,1011.2,100,0.0
2025-04-20 04:00:00,97,15.4,16.3,1010.9,100,0.0
2025-04-20 05:00:00,98,15.5,16.0,1010.6,100,0.0
2025-04-20 06:00:00,98,15.4,15.7,1010.8,100,1.0
2025-04-20 07:00:00,97,15.6,16.1,1011.1,100,38.0
2025-04-20 08:00:00,93,15.8,16.7,1011.3,100,121.0
2025-04-20 09:00:00,89,16.2,18.6,1011.7,100,182.0
2025-04-20 10:00:00,98,16.5,17.2,1012.8,100,89.0
2025-04-20 11:00:00,94,16.7,18.1,1012.9,100,171.0
2025-04-20 12:00:00,93,17.0,18.7,1012.6,100,225.0
2025-04-20 13:00:00,85,16.8,19.8,1012.6,100,319.0
2025-04-20 14:00:00,85,16.6,19.8,1012.2,100,245.0
2025-04-20 15:00:00,85,16.5,19.8,1011.9,100,255.0
2025-04-20 16:00:00,84,16.4,19.6,1011.7,100,260.0
2025-04-20 17:00:00,85,16.4,19.7,1012.2,43,197.0
2025-04-20 18:00:00,85,16.3,19.8,1012.4,60,131.0
2025-04-20 19:00:00,88,16.4,19.4,1012.6,32,18.0
2025-04-20 20:00:00,90,16.4,19.2,1013.1,100,0.0
2025-04-20 21:00:00,92,16.4,18.9,1013.5,91,0.0
2025-04-20 22:00:00,92,15.9,18.3,1014.3,97,0.0
2025-04-20 23:00:00,91,15.8,17.7,1014.8,100,0.0
2025-04-21 00:00:00,90,14.9,16.5,1015.2,40,0.0
2025-04-21 01:00:00,91,14.6,15.9,1015.2,82,0.0
2025-04-21 02:00:00,94,14.5,15.7,1015.0,7,0.0
2025-04-21 03:00:00,94,14.2,15.4,1015.0,23,0.0
2025-04-21 04:00:00,95,13.9,15.0,1015.0,46,0.0
2025-04-21 05:00:00,96,13.6,14.7,1015.1,17,0.0
2025-04-21 06:00:00,96,13.4,14.4,1015.6,5,4.0
2025-04-21 07:00:00,93,14.0,15.9,1016.1,8,95.0
2025-04-21 08:00:00,88,14.9,18.1,1016.6,3,290.0
2025-04-21 09:00:00,80,15.5,19.9,1016.4,10,493.0
2025-04-21 10:00:00,72,15.6,22.2,1016.6,31,676.0
2025-04-21 11:00:00,78,16.1,21.3,1016.5,7,700.0
2025-04-21 12:00:00,75,15.7,22.0,1016.2,21,804.0
2025-04-21 13:00:00,73,15.9,23.1,1015.7,17,867.0
2025-04-21 14:00:00,68,15.4,23.2,1015.1,1,838.0
2025-04-21 15:00:00,61,14.2,22.8,1013.9,0,739.0
2025-04-21 16:00:00,59,13.6,21.6,1013.8,0,577.0
2025-04-21 17:00:00,63,13.6,20.6,1013.7,50,381.0
2025-04-21 18:00:00,67,13.2,18.8,1014.0,100,179.0
2025-04-21 19:00:00,68,12.2,16.8,1014.3,99,29.0
2025-04-21 20:00:00,64,10.7,15.8,1014.6,62,0.0
2025-04-21 21:00:00,62,9.4,14.8,1014.8,92,0.0
2025-04-21 22:00:00,70,10.9,15.2,1014.9,4,0.0
2025-04-21 23:00:00,71,10.9,14.6,1014.5,90,0.0
2025-04-22 00:00:00,75,11.4,13.9,1014.0,100,0.0
2025-04-22 01:00:00,90,13.6,14.0,1013.4,100,0.0
2025-04-22 02:00:00,99,14.9,14.4,1012.7,100,0.0
2025-04-22 03:00:00,100,15.1,14.4,1012.1,100,0.0
2025-04-22 04:00:00,100,15.1,14.3,1011.7,100,0.0
2025-04-22 05:00:00,99,15.1,14.4,1011.5,100,0.0
2025-04-22 06:00:00,97,15.1,14.7,1011.6,100,2.0
2025-04-22 07:00:00,91,15.2,15.4,1012.0,100,42.0
2025-04-22 08:00:00,85,14.7,15.4,1011.7,100,85.0
2025-04-22 09:00:00,76,13.2,15.3,1011.4,100,184.0
2025-04-22 10:00:00,71,12.2,15.0,1012.0,100,177.0
2025-04-22 11:00:00,69,12.1,15.0,1011.0,100,262.0
2025-04-22 12:00:00,69,12.5,15.4,1009.9,100,289.0
2025-04-22 13:00:00,87,14.7,15.2,1008.8,100,120.0
2025-04-22 14:00:00,86,15.6,16.2,1007.4,100,177.0
2025-04-22 15:00:00,84,15.8,16.7,1005.9,100,256.0
2025-04-22 16:00:00,96,16.5,15.3,1005.2,100,67.0
2025-04-22 17:00:00,97,16.5,15.1,1004.6,100,59.0
2025-04-22 18:00:00,97,16.2,14.4,1003.9,100,18.0
2025-04-22 19:00:00,97,16.0,14.6,1003.8,100,3.0
2025-04-22 20:00:00,98,15.9,14.2,1003.5,100,0.0
2025-04-22 21:00:00,99,16.0,14.4,1002.9,100,0.0
2025-04-22 22:00:00,97,16.6,15.7,1003.2,100,0.0
2025-04-22 23:00:00,98,16.6,16.2,1002.6,100,0.0
2025-04-23 00:00:00,98,16.8,17.4,1002.2,100,0.0
2025-04-23 01:00:00,98,16.9,18.4,1001.6,100,0.0
2025-04-23 02:00:00,99,16.9,18.7,1001.3,100,0.0
2025-04-23 03:00:00,100,16.9,18.3,1001.2,100,0.0
2025-04-23 04:00:00,98,16.6,16.6,1001.4,100,0.0
2025-04-23 05:00:00,98,16.0,16.1,1001.6,100,0.0
2025-04-23 06:00:00,97,15.9,16.7,1001.9,100,2.0
2025-04-23 07:00:00,94,15.2,15.3,1002.6,100,50.0
2025-04-23 08:00:00,89,13.6,14.4,1003.2,100,122.0
2025-04-23 09:00:00,85,13.1,14.6,1004.0,100,142.0
2025-04-23 10:00:00,82,12.8,14.9,1005.3,100,168.0
2025-04-23 11:00:00,77,12.4,14.6,1005.3,100,305.0
2025-04-23 12:00:00,77,12.4,14.4,1005.0,97,386.0
2025-04-23 13:00:00,73,12.3,15.4,1004.6,80,569.0
2025-04-23 14:00:00,72,12.3,16.1,1004.2,95,648.0
2025-04-23 15:00:00,72,12.0,15.2,1004.1,100,593.0
2025-04-23 16:00:00,75,11.2,13.4,1004.1,100,374.0
2025-04-23 17:00:00,76,10.9,12.9,1004.3,100,281.0
2025-04-23 18:00:00,79,10.7,12.3,1004.8,100,114.0
2025-04-23 19:00:00,82,10.4,11.7,1005.2,100,17.0
2025-04-23 20:00:00,82,10.4,11.6,1005.9,61,0.0
2025-04-23 21:00:00,83,10.2,11.2,1006.1,100,0.0
2025-04-23 22:00:00,84,10.4,11.4,1006.9,100,0.0
2025-04-23 23:00:00,84,10.3,11.5,1006.6,100,0.0
2025-04-24 00:00:00,85,10.3,11.0,1006.9,97,0.0
2025-04-24 01:00:00,86,10.2,10.8,1007.0,94,0.0
2025-04-24 02:00:00,86,10.1,10.6,1006.7,100,0.0
2025-04-24 03:00:00,84,9.8,10.6,1006.8,95,0.0
2025-04-24 04:00:00,83,9.4,10.4,1006.9,62,0.0
2025-04-24 05:00:00,85,9.1,9.6,1007.3,25,0.0
2025-04-24 06:00:00,87,9.1,9.2,1007.9,5,6.0
2025-04-24 07:00:00,81,9.1,10.0,1009.2,1,111.0
2025-04-24 08:00:00,74,9.1,12.0,1009.2,6,306.0
2025-04-24 09:00:00,68,10.0,14.5,1008.8,46,510.0
2025-04-24 10:00:00,64,11.1,17.1,1008.8,99,613.0
2025-04-24 11:00:00,58,10.9,19.2,1008.1,98,759.0
2025-04-24 12:00:00,62,11.9,18.9,1007.7,13,862.0
2025-04-24 13:00:00,61,12.1,19.1,1007.5,20,910.0
2025-04-24 14:00:00,64,12.3,18.5,1007.3,5,854.0
2025-04-24 15:00:00,65,12.3,17.9,1007.1,30,746.0
2025-04-24 16:00:00,68,12.4,16.6,1007.0,5,589.0
2025-04-24 17:00:00,72,12.5,15.8,1007.1,3,397.0
2025-04-24 18:00:00,77,12.6,14.8,1007.4,1,192.0
2025-04-24 19:00:00,85,12.8,13.6,1007.9,6,34.0
2025-04-24 20:00:00,88,12.9,13.1,1008.6,100,0.0
2025-04-24 21:00:00,86,12.6,13.8,1008.7,100,0.0
2025-04-24 22:00:00,87,13.2,14.2,1008.5,100,0.0
2025-04-24 23:00:00,84,12.8,14.6,1008.3,100,0.0
2025-04-25 00:00:00,79,12.1,14.8,1008.4,100,0.0
2025-04-25 01:00:00,71,11.0,14.3,1008.4,100,0.0
2025-04-25 02:00:00,70,11.1,14.0,1008.5,100,0.0
2025-04-25 03:00:00,76,11.9,13.9,1009.3,100,0.0
2025-04-25 04:00:00,80,12.4,14.3,1010.2,100,0.0
2025-04-25 05:00:00,52,5.1,12.0,1011.1,100,0.0
2025-04-25 06:00:00,52,4.4,11.4,1011.8,100,3.0
2025-04-25 07:00:00,58,6.5,12.2,1012.6,100,74.0
2025-04-25 08:00:00,49,4.6,12.2,1013.3,100,242.0
2025-04-25 09:00:00,48,4.7,12.5,1014.1,100,325.0
2025-04-25 10:00:00,40,4.1,14.2,1013.9,100,546.0
2025-04-25 11:00:00,40,4.1,15.3,1013.9,100,657.0
2025-04-25 12:00:00,38,3.6,15.7,1013.5,100,694.0
2025-04-25 13:00:00,35,3.0,16.4,1013.3,100,756.0
2025-04-25 14:00:00,34,2.7,16.0,1013.0,100,713.0
2025-04-25 15:00:00,36,2.5,14.2,1012.8,100,514.0
2025-04-25 16:00:00,38,2.3,12.9,1013.0,100,364.0
2025-04-25 17:00:00,41,2.4,12.0,1013.5,100,267.0
2025-04-25 18:00:00,50,4.2,11.6,1014.0,0,142.0
2025-04-25 19:00:00,59,5.2,10.7,1014.4,0,38.0
2025-04-25 20:00:00,71,6.3,9.7,1015.2,0,0.0
2025-04-25 21:00:00,81,7.1,8.7,1016.0,0,0.0
2025-04-25 22:00:00,85,6.6,7.6,1015.7,0,0.0
2025-04-25 23:00:00,86,6.2,7.0,1016.1,2,0.0
2025-04-26 00:00:00,85,5.7,6.6,1016.2,1,0.0
2025-04-26 01:00:00,82,4.8,6.2,1016.1,0,0.0
2025-04-26 02:00:00,76,3.8,6.2,1015.6,0,0.0
2025-04-26 03:00:00,71,3.2,6.4,1015.7,3,0.0
2025-04-26 04:00:00,73,4.1,6.8,1016.2,44,0.0
2025-04-26 05:00:00,75,4.9,7.5,1016.4,29,0.0
2025-04-26 06:00:00,75,6.1,8.0,1017.3,7,7.0
2025-04-26 07:00:00,63,5.1,9.2,1018.2,12,118.0
2025-04-26 08:00:00,58,6.0,12.0,1018.8,1,322.0
2025-04-26 09:00:00,48,5.0,13.4,1019.4,0,533.0
2025-04-26 10:00:00,39,3.3,15.8,1019.6,0,717.0
2025-04-26 11:00:00,37,3.4,16.9,1019.5,0,850.0
2025-04-26 12:00:00,35,3.5,17.6,1019.1,0,929.0
2025-04-26 13:00:00,35,4.1,18.3,1018.7,0,944.0
2025-04-26 14:00:00,35,4.2,18.2,1018.1,0,894.0
2025-04-26 15:00:00,37,4.5,17.5,1017.6,0,781.0
2025-04-26 16:00:00,39,4.7,16.0,1017.4,0,614.0
2025-04-26 17:00:00,42,4.9,14.5,1017.5,0,413.0
2025-04-26 18:00:00,49,5.6,13.5,1017.8,0,202.0
2025-04-26 19:00:00,56,5.9,12.3,1018.4,0,38.0
2025-04-26 20:00:00,65,6.8,11.3,1019.0,0,0.0
2025-04-26 21:00:00,72,6.9,10.2,1019.3,6,0.0
2025-04-26 22:00:00,77,6.8,9.3,1019.2,5,0.0
2025-04-26 23:00:00,77,7.9,10.3,1019.6,6,0.0
2025-04-27 00:00:00,68,6.8,10.5,1019.8,88,0.0
2025-04-27 01:00:00,62,5.1,9.8,1019.6,74,0.0
2025-04-27 02:00:00,58,4.2,9.6,1019.0,100,0.0
2025-04-27 03:00:00,62,4.2,9.0,1018.4,100,0.0
2025-04-27 04:00:00,62,4.4,9.7,1017.9,64,0.0
2025-04-27 05:00:00,69,5.6,9.8,1018.0,71,0.0
2025-04-27 06:00:00,76,7.1,10.2,1018.2,100,8.0
2025-04-27 07:00:00,74,8.9,12.6,1018.4,34,94.0
2025-04-27 08:00:00,64,8.5,14.5,1018.4,92,319.0
2025-04-27 09:00:00,53,7.8,16.2,1018.2,99,497.0
2025-04-27 10:00:00,44,6.3,17.7,1018.5,28,701.0
2025-04-27 11:00:00,38,5.6,20.1,1018.1,33,848.0
2025-04-27 12:00:00,35,5.5,21.7,1017.4,25,924.0
2025-04-27 13:00:00,34,6.1,23.4,1016.4,18,938.0
2025-04-27 14:00:00,36,7.2,23.5,1015.9,100,881.0
2025-04-27 15:00:00,41,8.6,22.3,1015.0,100,718.0
2025-04-27 16:00:00,47,9.4,19.8,1014.4,100,525.0
2025-04-27 17:00:00,54,9.9,18.7,1014.4,100,315.0
2025-04-27 18:00:00,58,9.9,18.1,1014.3,100,138.0
2025-04-27 19:00:00,64,10.5,16.8,1014.3,100,14.0
2025-04-27 20:00:00,73,11.6,16.1,1014.8,100,0.0
2025-04-27 21:00:00,78,12.1,16.2,1015.1,100,0.0
2025-04-27 22:00:00,70,11.1,15.9,1015.3,100,0.0
2025-04-27 23:00:00,74,11.5,15.8,1015.3,100,0.0
2025-04-28 00:00:00,76,11.4,15.2,1014.3,100,0.0
2025-04-28 01:00:00,74,10.6,15.2,1013.3,100,0.0
2025-04-28 02:00:00,84,12.0,14.4,1012.5,100,0.0
2025-04-28 03:00:00,89,12.6,14.7,1011.8,100,0.0
2025-04-28 04:00:00,92,12.9,14.3,1011.3,100,0.0
2025-04-28 05:00:00,93,13.0,14.1,1010.6,100,0.0
2025-04-28 06:00:00,94,12.9,13.7,1010.4,100,2.0
2025-04-28 07:00:00,87,12.0,13.8,1010.4,100,21.0
2025-04-28 08:00:00,82,11.4,13.9,1010.1,100,50.0
2025-04-28 09:00:00,78,10.9,14.3,1009.8,100,88.0
2025-04-28 10:00:00,74,11.8,16.5,1009.4,100,266.0
2025-04-28 11:00:00,79,11.9,15.4,1009.2,100,124.0
2025-04-28 12:00:00,83,12.3,15.1,1008.4,100,151.0
2025-04-28 13:00:00,79,11.8,15.4,1007.6,100,223.0
2025-04-28 14:00:00,64,10.9,18.7,1006.8,56,760.0
2025-04-28 15:00:00,62,10.7,18.6,1006.0,100,709.0
2025-04-28 16:00:00,65,10.7,16.3,1005.4,2,424.0
2025-04-28 17:00:00,64,10.1,15.5,1005.1,0,371.0
2025-04-28 18:00:00,64,10.1,15.2,1005.1,0,195.0
2025-04-28 19:00:00,66,9.9,13.8,1005.5,0,38.0
2025-04-28 20:00:00,75,10.6,13.0,1006.1,0,0.0
2025-04-28 21:00:00,82,11.3,12.9,1006.7,0,0.0
2025-04-28 22:00:00,86,12.1,13.7,1006.9,6,0.0
2025-04-28 23:00:00,81,11.6,13.5,1007.0,6,0.0
2025-04-29 00:00:00,75,10.9,13.1,1007.0,2,0.0
2025-04-29 01:00:00,80,11.4,13.1,1006.7,0,0.0
2025-04-29 02:00:00,74,9.6,10.1,1007.1,21,0.0
2025-04-29 03:00:00,45,1.9,8.3,1007.5,0,0.0
2025-04-29 04:00:00,46,1.2,9.0,1008.8,0,0.0
2025-04-29 05:00:00,64,3.8,8.5,1010.0,0,0.0
2025-04-29 06:00:00,72,5.7,8.7,1010.8,0,9.0
2025-04-29 07:00:00,68,6.6,10.6,1011.8,3,127.0
2025-04-29 08:00:00,62,6.3,11.5,1012.3,1,324.0
2025-04-29 09:00:00,58,6.5,13.0,1012.7,4,530.0
2025-04-29 10:00:00,52,6.4,15.3,1013.0,7,700.0
2025-04-29 11:00:00,46,5.6,17.1,1012.9,2,844.0
2025-04-29 12:00:00,40,4.6,17.9,1012.7,0,926.0
2025-04-29 13:00:00,36,3.5,18.1,1012.7,0,943.0
2025-04-29 14:00:00,32,2.5,17.5,1012.6,0,893.0
2025-04-29 15:00:00,32,2.0,16.1,1012.8,0,782.0
2025-04-29 16:00:00,32,1.1,14.5,1012.7,0,618.0
2025-04-29 17:00:00,30,-0.6,13.2,1013.1,18,420.0
2025-04-29 18:00:00,35,0.6,12.4,1013.6,13,209.0
2025-04-29 19:00:00,49,3.7,11.5,1014.2,0,42.0
2025-04-29 20:00:00,66,5.8,10.2,1014.9,0,0.0
2025-04-29 21:00:00,80,7.2,9.1,1015.8,0,0.0
2025-04-29 22:00:00,77,6.7,8.9,1016.0,0,0.0
2025-04-29 23:00:00,80,6.4,8.0,1016.0,0,0.0
2025-04-30 00:00:00,81,5.4,6.8,1016.0,0,0.0
2025-04-30 01:00:00,82,4.9,6.4,1016.0,0,0.0
2025-04-30 02:00:00,85,5.2,5.9,1015.9,0,0.0
2025-04-30 03:00:00,76,4.4,6.5,1016.2,0,0.0
2025-04-30 04:00:00,63,2.1,6.1,1016.5,0,0.0
2025-04-30 05:00:00,56,0.3,5.5,1016.7,0,0.0
2025-04-30 06:00:00,55,0.3,5.9,1017.1,0,10.0
2025-04-30 07:00:00,52,1.6,8.3,1017.6,0,127.0
2025-04-30 08:00:00,51,4.2,11.9,1017.9,17,326.0
2025-04-30 09:00:00,53,6.4,14.0,1017.9,57,532.0
2025-04-30 10:00:00,51,7.2,16.1,1018.2,96,713.0
2025-04-30 11:00:00,46,6.8,17.3,1018.1,99,848.0
2025-04-30 12:00:00,43,6.3,18.1,1017.7,100,911.0
2025-04-30 13:00:00,39,5.9,18.9,1017.2,100,919.0
2025-04-30 14:00:00,37,5.3,18.3,1016.7,100,823.0
2025-04-30 15:00:00,35,4.5,17.0,1016.2,100,672.0
2025-04-30 16:00:00,39,5.6,16.2,1015.9,94,540.0
2025-04-30 17:00:00,50,7.9,15.8,1016.0,0,342.0
2025-04-30 18:00:00,60,9.8,15.2,1016.1,0,206.0
2025-04-30 19:00:00,72,11.2,14.1,1016.2,0,41.0
2025-04-30 20:00:00,83,12.8,14.1,1016.6,0,0.0
2025-04-30 21:00:00,86,13.4,14.3,1017.3,0,0.0
2025-04-30 22:00:00,83,12.6,13.7,1017.1,74,0.0
2025-04-30 23:00:00,84,12.5,13.5,1016.9,1,0.0
2025-05-01 00:00:00,86,12.3,13.4,1016.7,15,0.0
2025-05-01 01:00:00,86,12.1,13.2,1016.7,100,0.0
2025-05-01 02:00:00,87,11.9,12.9,1016.2,91,0.0
2025-05-01 03:00:00,88,11.9,12.8,1015.8,100,0.0
2025-05-01 04:00:00,89,12.1,13.0,1015.6,100,0.0
2025-05-01 05:00:00,90,12.1,13.1,1015.7,100,0.0
2025-05-01 06:00:00,89,12.3,13.3,1015.7,92,10.0
2025-05-01 07:00:00,83,12.8,15.0,1015.9,37,112.0
2025-05-01 08:00:00,75,13.1,16.7,1015.7,1,315.0
2025-05-01 09:00:00,67,12.9,18.2,1015.5,10,518.0
2025-05-01 10:00:00,65,13.6,19.2,1015.1,5,678.0
2025-05-01 11:00:00,60,13.4,21.0,1014.3,18,834.0
2025-05-01 12:00:00,57,13.2,21.0,1013.4,80,866.0
2025-05-01 13:00:00,59,13.8,20.1,1012.2,81,756.0
2025-05-01 14:00:00,59,13.6,19.1,1011.1,88,706.0
2025-05-01 15:00:00,60,13.4,18.5,1010.4,99,608.0
2025-05-01 16:00:00,62,13.4,18.1,1010.0,100,403.0
2025-05-01 17:00:00,65,13.4,17.8,1009.8,100,191.0
2025-05-01 18:00:00,66,13.2,17.0,1009.5,100,119.0
2025-05-01 19:00:00,67,12.8,16.0,1009.3,100,13.0
2025-05-01 20:00:00,75,13.6,15.5,1009.3,100,0.0
2025-05-01 21:00:00,75,13.2,16.0,1009.5,100,0.0
2025-05-01 22:00:00,96,15.6,14.9,1008.6,100,0.0
2025-05-01 23:00:00,98,15.6,16.9,1008.4,100,0.0
2025-05-02 00:00:00,99,15.6,16.7,1007.1,100,0.0
2025-05-02 01:00:00,97,15.3,16.4,1006.6,100,0.0
2025-05-02 02:00:00,97,15.0,15.9,1006.0,100,0.0
2025-05-02 03:00:00,93,14.6,14.1,1006.2,99,0.0
2025-05-02 04:00:00,92,14.1,14.0,1006.2,83,0.0
2025-05-02 05:00:00,92,13.9,13.8,1006.3,100,0.0
2025-05-02 06:00:00,92,14.1,13.9,1006.4,96,7.0
2025-05-02 07:00:00,90,14.2,14.4,1006.8,42,79.0
2025-05-02 08:00:00,82,13.2,14.6,1007.6,84,275.0
2025-05-02 09:00:00,67,10.1,14.0,1008.2,23,408.0
2025-05-02 10:00:00,53,8.4,14.8,1008.4,3,652.0
2025-05-02 11:00:00,50,7.4,15.1,1008.7,6,836.0
2025-05-02 12:00:00,41,4.9,15.1,1009.2,5,941.0
2025-05-02 13:00:00,43,5.6,15.7,1009.3,0,955.0
2025-05-02 14:00:00,42,5.4,15.7,1009.4,0,907.0
2025-05-02 15:00:00,44,5.8,14.9,1009.7,0,791.0
2025-05-02 16:00:00,44,5.6,14.8,1009.1,5,622.0
2025-05-02 17:00:00,47,6.0,14.2,1008.9,2,422.0
2025-05-02 18:00:00,58,8.1,13.7,1009.4,1,212.0
2025-05-02 19:00:00,67,8.9,12.9,1009.9,0,44.0
2025-05-02 20:00:00,72,9.4,12.9,1010.6,1,0.0
2025-05-02 21:00:00,78,9.9,12.8,1011.4,16,0.0
2025-05-02 22:00:00,81,10.1,12.9,1011.2,0,0.0
2025-05-02 23:00:00,80,9.9,13.1,1011.2,0,0.0
2025-05-03 00:00:00,82,9.4,12.1,1011.3,0,0.0
2025-05-03 01:00:00,86,9.0,10.6,1011.3,0,0.0
2025-05-03 02:00:00,87,8.8,10.0,1011.0,0,0.0
2025-05-03 03:00:00,86,8.4,9.6,1010.8,1,0.0
2025-05-03 04:00:00,84,7.9,9.4,1010.7,1,0.0
2025-05-03 05:00:00,81,7.8,9.6,1010.3,40,0.0
2025-05-03 06:00:00,82,8.6,10.4,1010.5,92,11.0
2025-05-03 07:00:00,82,10.6,13.0,1011.0,26,93.0
2025-05-03 08:00:00,73,10.6,14.3,1011.0,3,312.0
2025-05-03 09:00:00,64,9.8,15.2,1010.8,7,529.0
2025-05-03 10:00:00,59,8.9,15.4,1009.8,35,706.0
2025-05-03 11:00:00,54,8.6,16.8,1009.0,97,824.0
2025-05-03 12:00:00,52,8.9,18.3,1007.9,99,915.0
2025-05-03 13:00:00,54,9.9,18.9,1007.4,86,849.0
2025-05-03 14:00:00,54,10.5,19.6,1006.4,100,847.0
2025-05-03 15:00:00,58,11.4,18.7,1006.0,93,660.0
2025-05-03 16:00:00,65,12.6,18.5,1005.6,100,443.0
2025-05-03 17:00:00,76,14.1,18.5,1004.7,87,184.0
2025-05-03 18:00:00,56,11.1,18.2,1004.9,100,153.0
2025-05-03 19:00:00,54,10.6,17.8,1005.0,100,22.0
2025-05-03 20:00:00,62,12.1,18.2,1005.6,100,0.0
2025-05-03 21:00:00,75,14.4,17.2,1006.4,100,0.0
2025-05-03 22:00:00,93,16.3,16.8,1006.6,100,0.0
2025-05-03 23:00:00,93,14.8,14.8,1007.1,100,0.0
2025-05-04 00:00:00,90,12.9,13.1,1008.1,100,0.0
2025-05-04 01:00:00,87,12.1,12.2,1008.7,88,0.0
2025-05-04 02:00:00,88,11.1,11.1,1009.1,2,0.0
2025-05-04 03:00:00,86,10.1,10.3,1009.3,56,0.0
2025-05-04 04:00:00,84,9.6,10.0,1009.8,30,0.0
2025-05-04 05:00:00,83,9.1,9.8,1010.1,0,0.0
2025-05-04 06:00:00,82,9.1,9.7,1010.7,0,13.0
2025-05-04 07:00:00,76,9.1,11.3,1011.4,0,142.0
2025-05-04 08:00:00,60,7.2,11.9,1011.6,0,342.0
2025-05-04 09:00:00,55,7.0,12.7,1012.2,0,548.0
2025-05-04 10:00:00,44,5.6,15.0,1012.2,35,728.0
2025-05-04 11:00:00,41,4.9,16.2,1012.3,12,867.0
2025-05-04 12:00:00,37,4.1,17.1,1012.0,0,945.0
2025-05-04 13:00:00,29,1.2,17.1,1011.9,0,963.0
2025-05-04 14:00:00,26,-0.3,17.7,1011.9,0,914.0
2025-05-04 15:00:00,25,-0.6,17.5,1011.7,0,804.0
2025-05-04 16:00:00,26,-0.2,16.4,1011.9,3,637.0
2025-05-04 17:00:00,31,1.1,15.4,1012.3,0,434.0
2025-05-04 18:00:00,47,6.0,14.8,1012.6,0,222.0
2025-05-04 19:00:00,64,8.5,13.4,1013.3,0,49.0
2025-05-04 20:00:00,71,9.1,12.7,1014.2,0,0.0
2025-05-04 21:00:00,76,9.2,11.8,1014.9,0,0.0
2025-05-04 22:00:00,68,7.9,11.7,1014.8,0,0.0
2025-05-04 23:00:00,63,6.7,11.1,1015.1,0,0.0
2025-05-05 00:00:00,63,5.8,10.5,1015.3,15,0.0
2025-05-05 01:00:00,71,6.3,9.6,1015.3,26,0.0
2025-05-05 02:00:00,78,7.0,9.2,1015.1,3,0.0
2025-05-05 03:00:00,82,7.8,10.1,1015.0,1,0.0
2025-05-05 04:00:00,85,8.1,10.1,1014.7,4,0.0
2025-05-05 05:00:00,82,7.3,9.4,1014.5,27,0.0
2025-05-05 06:00:00,79,6.4,8.8,1014.7,51,14.0
2025-05-05 07:00:00,74,7.8,11.1,1014.6,39,140.0
2025-05-05 08:00:00,62,8.1,14.1,1014.2,68,340.0
2025-05-05 09:00:00,58,9.0,16.3,1013.6,15,540.0
2025-05-05 10:00:00,46,6.7,16.9,1013.4,17,717.0
2025-05-05 11:00:00,41,5.2,17.2,1012.9,35,851.0
2025-05-05 12:00:00,32,2.9,18.2,1012.1,38,943.0
2025-05-05 13:00:00,28,1.6,18.1,1011.3,100,950.0
2025-05-05 14:00:00,28,2.1,18.5,1010.3,100,863.0
2025-05-05 15:00:00,31,2.8,16.9,1009.9,100,616.0
2025-05-05 16:00:00,44,6.3,15.7,1009.7,100,288.0
2025-05-05 17:00:00,62,10.2,15.4,1009.3,100,88.0
2025-05-05 18:00:00,72,12.7,16.3,1008.8,100,43.0
2025-05-05 19:00:00,76,13.4,16.7,1008.7,100,7.0
2025-05-05 20:00:00,76,13.5,16.2,1009.0,100,0.0
2025-05-05 21:00:00,81,13.6,15.8,1009.1,100,0.0
2025-05-05 22:00:00,87,13.7,14.6,1009.2,100,0.0
2025-05-05 23:00:00,93,14.1,14.4,1008.3,100,0.0
2025-05-06 00:00:00,95,13.8,13.1,1007.2,100,0.0
2025-05-06 01:00:00,93,13.6,13.3,1006.2,100,0.0
2025-05-06 02:00:00,92,13.1,13.0,1005.2,100,0.0
2025-05-06 03:00:00,91,12.7,12.7,1004.3,100,0.0
2025-05-06 04:00:00,88,12.4,12.8,1004.3,100,0.0
2025-05-06 05:00:00,86,12.1,12.8,1003.7,100,0.0
2025-05-06 06:00:00,86,11.9,13.0,1003.4,100,6.0
2025-05-06 07:00:00,85,11.9,13.6,1003.5,100,33.0
2025-05-06 08:00:00,86,12.4,14.7,1003.6,75,74.0
2025-05-06 09:00:00,77,12.1,16.4,1003.7,93,261.0
2025-05-06 10:00:00,67,11.0,15.9,1003.7,100,531.0
2025-05-06 11:00:00,65,11.0,16.2,1003.6,84,560.0
2025-05-06 12:00:00,68,11.8,17.8,1003.6,100,669.0
2025-05-06 13:00:00,73,12.4,16.9,1002.9,93,408.0
2025-05-06 14:00:00,74,13.1,18.3,1002.3,100,506.0
2025-05-06 15:00:00,78,13.6,17.7,1001.8,100,238.0
2025-05-06 16:00:00,78,13.4,16.2,1001.6,100,168.0
2025-05-06 17:00:00,86,14.1,16.1,1002.0,100,124.0
2025-05-06 18:00:00,82,13.1,15.6,1002.7,100,98.0
2025-05-06 19:00:00,85,13.1,14.4,1004.1,100,13.0
2025-05-06 20:00:00,88,12.9,14.1,1005.2,90,0.0
2025-05-06 21:00:00,90,12.7,13.5,1006.1,91,0.0
2025-05-06 22:00:00,93,12.5,12.5,1007.1,16,0.0
2025-05-06 23:00:00,93,12.0,11.8,1007.8,16,0.0
2025-05-07 00:00:00,93,11.6,11.4,1008.3,14,0.0
2025-05-07 01:00:00,93,11.4,11.4,1008.6,19,0.0
2025-05-07 02:00:00,93,11.2,11.2,1008.8,17,0.0
2025-05-07 03:00:00,94,11.1,11.1,1009.2,11,0.0
2025-05-07 04:00:00,94,10.9,11.0,1009.4,59,0.0
2025-05-07 05:00:00,93,10.6,10.5,1010.0,79,0.0
2025-05-07 06:00:00,93,10.6,10.9,1010.8,95,15.0
2025-05-07 07:00:00,90,11.6,12.7,1011.8,55,138.0
2025-05-07 08:00:00,81,11.8,14.5,1012.5,37,339.0
2025-05-07 09:00:00,65,9.9,15.3,1012.6,4,543.0
2025-05-07 10:00:00,56,9.2,17.9,1012.8,5,713.0
2025-05-07 11:00:00,49,8.3,19.9,1012.7,2,850.0
2025-05-07 12:00:00,45,7.9,21.3,1012.3,0,926.0
2025-05-07 13:00:00,42,7.2,21.4,1012.0,0,945.0
2025-05-07 14:00:00,38,6.2,20.7,1012.0,0,895.0
2025-05-07 15:00:00,38,5.7,19.1,1011.7,0,785.0
2025-05-07 16:00:00,38,5.3,17.2,1011.9,0,626.0
2025-05-07 17:00:00,42,5.6,15.7,1012.4,0,430.0
2025-05-07 18:00:00,50,6.8,14.7,1012.7,0,222.0
2025-05-07 19:00:00,61,7.7,13.1,1013.6,0,52.0
2025-05-07 20:00:00,68,8.0,12.0,1014.5,34,0.0
2025-05-07 21:00:00,69,7.5,11.2,1015.1,95,0.0
2025-05-07 22:00:00,72,7.9,11.3,1015.6,0,0.0
2025-05-07 23:00:00,80,7.9,10.2,1015.8,0,0.0
2025-05-08 00:00:00,82,7.8,9.7,1016.3,0,0.0
2025-05-08 01:00:00,84,7.4,8.8,1016.2,0,0.0
2025-05-08 02:00:00,88,7.3,8.0,1016.3,0,0.0
2025-05-08 03:00:00,90,7.2,7.5,1016.5,1,0.0
2025-05-08 04:00:00,90,6.9,7.3,1017.0,0,0.0
2025-05-08 05:00:00,89,6.8,7.0,1017.6,0,0.0
2025-05-08 06:00:00,84,7.8,8.9,1018.1,1,16.0
2025-05-08 07:00:00,81,9.6,11.8,1018.6,1,143.0
2025-05-08 08:00:00,79,11.4,14.9,1018.9,5,336.0
2025-05-08 09:00:00,73,11.9,16.4,1019.1,3,541.0
2025-05-08 10:00:00,63,11.2,18.5,1018.9,2,720.0
2025-05-08 11:00:00,55,10.3,19.8,1018.7,67,859.0
2025-05-08 12:00:00,49,9.2,20.4,1018.2,0,933.0
2025-05-08 13:00:00,44,8.7,21.1,1017.8,0,954.0
2025-05-08 14:00:00,38,6.9,21.0,1018.3,5,911.0
2025-05-08 15:00:00,32,4.5,20.2,1018.0,91,797.0
2025-05-08 16:00:00,33,4.6,19.0,1017.6,100,631.0
2025-05-08 17:00:00,48,8.9,17.8,1016.9,100,430.0
2025-05-08 18:00:00,59,10.3,15.9,1016.6,100,191.0
2025-05-08 19:00:00,57,9.1,14.7,1017.5,100,48.0
2025-05-08 20:00:00,65,10.8,14.6,1017.7,100,0.0
2025-05-08 21:00:00,75,12.9,15.5,1018.6,100,0.0
2025-05-08 22:00:00,78,13.6,15.8,1018.1,100,0.0
2025-05-08 23:00:00,81,14.2,16.3,1018.5,100,0.0
2025-05-09 00:00:00,80,13.8,15.7,1018.1,100,0.0
2025-05-09 01:00:00,79,13.6,16.0,1018.3,100,0.0
2025-05-09 02:00:00,78,13.4,15.9,1017.7,100,0.0
2025-05-09 03:00:00,75,12.6,15.5,1017.6,100,0.0
2025-05-09 04:00:00,73,12.0,14.8,1017.2,100,0.0
2025-05-09 05:00:00,75,12.2,14.3,1016.2,100,0.0
2025-05-09 06:00:00,75,12.2,13.5,1014.8,100,2.0
2025-05-09 07:00:00,74,12.2,13.5,1014.6,100,31.0
2025-05-09 08:00:00,81,13.1,13.3,1014.4,100,60.0
2025-05-09 09:00:00,93,14.2,12.5,1014.5,100,83.0
2025-05-09 10:00:00,79,13.6,13.6,1013.1,100,233.0
2025-05-09 11:00:00,74,13.5,14.2,1012.3,100,275.0
2025-05-09 12:00:00,89,14.6,12.5,1011.5,100,153.0
2025-05-09 13:00:00,93,14.9,11.9,1010.2,100,64.0
2025-05-09 14:00:00,95,15.4,12.7,1008.8,100,62.0
2025-05-09 15:00:00,94,15.2,13.2,1008.2,100,89.0
2025-05-09 16:00:00,93,15.2,13.7,1007.0,100,42.0
2025-05-09 17:00:00,95,16.1,14.6,1006.0,100,55.0
2025-05-09 18:00:00,95,16.6,15.5,1005.6,100,25.0
2025-05-09 19:00:00,95,17.0,15.8,1004.5,100,6.0
2025-05-09 20:00:00,95,17.5,17.0,1004.3,100,0.0
2025-05-09 21:00:00,95,17.8,17.7,1004.1,100,0.0
2025-05-09 22:00:00,97,17.0,17.2,1005.6,100,0.0
2025-05-09 23:00:00,97,17.0,18.8,1004.9,100,0.0
2025-05-10 00:00:00,96,17.0,18.2,1003.8,100,0.0
2025-05-10 01:00:00,95,17.0,18.5,1003.2,100,0.0
2025-05-10 02:00:00,94,17.1,19.3,1003.1,98,0.0
2025-05-10 03:00:00,96,17.5,19.4,1003.2,100,0.0
2025-05-10 04:00:00,96,17.0,18.5,1003.1,76,0.0
2025-05-10 05:00:00,93,15.4,16.6,1003.3,92,0.0
2025-05-10 06:00:00,91,14.9,16.1,1003.4,100,15.0
2025-05-10 07:00:00,88,14.9,16.2,1003.9,100,82.0
2025-05-10 08:00:00,84,14.4,16.1,1004.3,100,167.0
2025-05-10 09:00:00,77,13.6,15.9,1005.0,100,269.0
2025-05-10 10:00:00,68,14.3,19.1,1003.8,100,586.0
2025-05-10 11:00:00,64,13.8,19.4,1003.6,99,596.0
2025-05-10 12:00:00,64,14.1,20.1,1004.1,98,800.0
2025-05-10 13:00:00,65,13.6,18.9,1004.1,26,872.0
2025-05-10 14:00:00,60,11.9,16.7,1004.3,9,892.0
2025-05-10 15:00:00,59,11.9,16.5,1003.7,0,757.0
2025-05-10 16:00:00,57,10.7,15.1,1003.8,4,615.0
2025-05-10 17:00:00,61,11.1,14.4,1004.2,9,426.0
2025-05-10 18:00:00,69,12.1,13.7,1005.0,59,206.0
2025-05-10 19:00:00,77,12.8,13.5,1005.9,15,51.0
2025-05-10 20:00:00,80,13.0,13.3,1006.6,15,0.0
2025-05-10 21:00:00,81,12.9,13.5,1007.4,23,0.0
2025-05-10 22:00:00,72,11.4,13.2,1007.9,1,0.0
2025-05-10 23:00:00,73,10.9,12.5,1007.9,4,0.0
2025-05-11 00:00:00,75,10.9,12.3,1008.1,15,0.0
2025-05-11 01:00:00,76,10.9,11.9,1007.7,43,0.0
2025-05-11 02:00:00,77,10.9,12.4,1007.4,76,0.0
2025-05-11 03:00:00,79,11.1,12.2,1007.1,100,0.0
2025-05-11 04:00:00,80,11.4,12.5,1007.4,86,0.0
2025-05-11 05:00:00,81,11.3,12.6,1007.9,100,0.0
2025-05-11 06:00:00,82,11.5,13.1,1008.2,100,13.0
2025-05-11 07:00:00,79,11.4,13.6,1008.8,88,70.0
2025-05-11 08:00:00,74,11.2,13.8,1008.8,100,216.0
2025-05-11 09:00:00,69,10.9,14.4,1008.9,100,317.0
2025-05-11 10:00:00,66,10.9,15.4,1009.2,100,410.0
2025-05-11 11:00:00,62,10.8,16.1,1009.3,100,379.0
2025-05-11 12:00:00,61,10.8,16.9,1008.7,100,389.0
2025-05-11 13:00:00,60,10.6,17.6,1007.5,100,328.0
2025-05-11 14:00:00,66,11.2,16.8,1007.0,100,180.0
2025-05-11 15:00:00,67,11.1,16.2,1007.2,100,230.0
2025-05-11 16:00:00,73,12.1,16.3,1006.5,100,122.0
2025-05-11 17:00:00,73,12.1,16.1,1006.5,100,182.0
2025-05-11 18:00:00,79,12.7,15.5,1007.1,100,50.0
2025-05-11 19:00:00,85,13.0,14.9,1007.7,100,16.0
2025-05-11 20:00:00,85,13.0,14.9,1008.2,100,0.0
2025-05-11 21:00:00,85,12.9,15.2,1008.7,100,0.0
2025-05-11 22:00:00,78,11.7,14.4,1009.0,100,0.0
2025-05-11 23:00:00,79,11.6,14.5,1008.6,100,0.0
2025-05-12 00:00:00,81,11.8,14.2,1008.7,100,0.0
2025-05-12 01:00:00,84,11.9,14.1,1008.6,100,0.0
2025-05-12 02:00:00,84,12.1,13.7,1008.4,100,0.0
2025-05-12 03:00:00,81,12.0,13.3,1008.7,100,0.0
2025-05-12 04:00:00,79,11.8,13.3,1008.7,100,0.0
2025-05-12 05:00:00,79,11.8,13.6,1009.2,100,0.0
2025-05-12 06:00:00,82,12.2,14.0,1009.9,100,16.0
2025-05-12 07:00:00,80,12.5,14.9,1010.5,100,124.0
2025-05-12 08:00:00,74,12.2,15.5,1010.7,100,243.0
2025-05-12 09:00:00,69,12.3,16.3,1010.9,100,469.0
2025-05-12 10:00:00,64,12.2,18.3,1011.2,52,721.0
2025-05-12 11:00:00,55,10.9,19.5,1011.4,100,852.0
2025-05-12 12:00:00,50,9.4,18.9,1011.5,87,825.0
2025-05-12 13:00:00,48,9.1,19.2,1011.4,92,888.0
2025-05-12 14:00:00,48,9.2,19.0,1011.4,93,828.0
2025-05-12 15:00:00,49,9.2,18.3,1011.5,100,700.0
2025-05-12 16:00:00,53,9.9,17.3,1011.6,77,505.0
2025-05-12 17:00:00,58,10.8,17.0,1011.9,0,413.0
2025-05-12 18:00:00,65,11.4,16.4,1012.1,0,230.0
2025-05-12 19:00:00,74,12.0,15.4,1012.8,0,59.0
2025-05-12 20:00:00,81,12.6,14.6,1013.5,0,0.0
2025-05-12 21:00:00,85,12.9,14.5,1014.4,0,0.0
2025-05-12 22:00:00,84,12.9,14.8,1014.6,0,0.0
2025-05-12 23:00:00,86,12.9,14.6,1014.8,0,0.0
2025-05-13 00:00:00,88,12.8,14.5,1014.9,0,0.0
2025-05-13 01:00:00,89,11.6,13.3,1014.8,0,0.0
2025-05-13 02:00:00,90,11.7,13.4,1014.7,0,0.0
2025-05-13 03:00:00,90,11.6,13.7,1015.4,0,0.0
2025-05-13 04:00:00,91,11.4,13.1,1016.0,0,0.0
2025-05-13 05:00:00,90,10.6,12.1,1016.2,0,0.0
2025-05-13 06:00:00,90,10.4,11.8,1016.9,0,20.0
2025-05-13 07:00:00,87,12.3,14.7,1017.5,0,153.0
2025-05-13 08:00:00,83,13.3,17.0,1017.9,12,352.0
2025-05-13 09:00:00,78,13.9,18.6,1017.9,10,552.0
2025-05-13 10:00:00,69,13.6,21.0,1017.9,15,741.0
2025-05-13 11:00:00,60,12.9,23.0,1017.9,14,874.0
2025-05-13 12:00:00,52,11.6,23.7,1017.6,1,950.0
2025-05-13 13:00:00,46,10.4,24.0,1017.1,0,964.0
2025-05-13 14:00:00,43,9.6,23.8,1017.1,100,913.0
2025-05-13 15:00:00,48,11.1,22.9,1017.0,100,783.0
2025-05-13 16:00:00,55,12.4,21.5,1016.9,100,576.0
2025-05-13 17:00:00,59,12.9,21.4,1016.8,100,384.0
2025-05-13 18:00:00,63,13.1,21.0,1017.1,100,205.0
2025-05-13 19:00:00,78,14.4,19.5,1017.3,100,56.0
2025-05-13 20:00:00,82,14.1,18.3,1017.7,99,0.0
2025-05-13 21:00:00,89,13.8,16.6,1018.2,100,0.0
2025-05-13 22:00:00,85,13.2,16.1,1017.9,37,0.0
2025-05-13 23:00:00,80,12.0,15.1,1017.9,67,0.0
2025-05-14 00:00:00,73,10.7,14.7,1018.0,26,0.0
2025-05-14 01:00:00,71,10.3,14.3,1017.5,22,0.0
2025-05-14 02:00:00,75,10.7,14.2,1017.6,99,0.0
2025-05-14 03:00:00,79,11.3,14.1,1017.7,100,0.0
2025-05-14 04:00:00,82,11.8,14.0,1017.9,100,0.0
2025-05-14 05:00:00,84,12.2,14.5,1018.5,100,0.0
2025-05-14 06:00:00,86,12.6,14.5,1019.2,97,20.0
2025-05-14 07:00:00,84,13.4,16.1,1019.3,69,148.0
2025-05-14 08:00:00,78,14.2,18.7,1019.8,16,344.0
2025-05-14 09:00:00,68,13.9,20.1,1019.8,41,543.0
2025-05-14 10:00:00,60,13.1,21.6,1019.7,14,715.0
2025-05-14 11:00:00,56,12.6,23.1,1019.8,9,845.0
2025-05-14 12:00:00,50,12.0,24.4,1019.7,20,920.0
2025-05-14 13:00:00,46,11.3,24.4,1018.9,100,940.0
2025-05-14 14:00:00,45,10.9,23.3,1018.1,100,858.0
2025-05-14 15:00:00,47,11.4,22.2,1017.4,100,725.0
2025-05-14 16:00:00,54,12.8,21.3,1017.2,100,549.0
2025-05-14 17:00:00,58,13.4,21.0,1017.0,100,352.0
2025-05-14 18:00:00,64,13.4,19.5,1017.1,100,181.0
2025-05-14 19:00:00,71,13.6,17.8,1017.1,100,43.0
2025-05-14 20:00:00,76,14.1,17.4,1017.3,93,0.0
2025-05-14 21:00:00,81,14.4,17.1,1017.8,0,0.0
2025-05-14 22:00:00,82,14.6,17.3,1018.1,5,0.0
2025-05-14 23:00:00,84,14.5,17.1,1018.4,68,0.0
2025-05-15 00:00:00,85,14.2,16.8,1018.6,100,0.0
2025-05-15 01:00:00,87,14.1,16.0,1017.8,100,0.0
2025-05-15 02:00:00,90,14.1,15.8,1017.7,100,0.0
2025-05-15 03:00:00,92,14.1,15.6,1017.6,69,0.0
2025-05-15 04:00:00,93,14.2,15.5,1017.5,82,0.0
2025-05-15 05:00:00,93,14.1,15.2,1017.7,97,0.0
2025-05-15 06:00:00,92,14.1,15.4,1018.2,99,21.0
2025-05-15 07:00:00,86,14.7,17.2,1018.5,100,129.0
2025-05-15 08:00:00,79,15.2,19.2,1018.7,100,278.0
2025-05-15 09:00:00,70,15.0,20.6,1018.7,100,515.0
2025-05-15 10:00:00,71,15.1,20.8,1019.4,100,502.0
2025-05-15 11:00:00,69,15.4,21.6,1019.2,100,518.0
2025-05-15 12:00:00,63,15.5,23.8,1018.8,100,694.0
2025-05-15 13:00:00,63,15.6,23.5,1018.3,100,650.0
2025-05-15 14:00:00,64,15.6,22.6,1017.7,100,558.0
2025-05-15 15:00:00,61,15.6,23.4,1017.5,100,612.0
2025-05-15 16:00:00,65,15.8,22.6,1017.3,100,392.0
2025-05-15 17:00:00,71,15.8,21.2,1017.0,100,144.0
2025-05-15 18:00:00,74,15.7,20.3,1016.9,100,84.0
2025-05-15 19:00:00,79,15.8,19.5,1017.2,100,29.0
2025-05-15 20:00:00,81,15.6,18.7,1017.6,100,0.0
2025-05-15 21:00:00,82,15.6,18.4,1018.3,100,0.0
2025-05-15 22:00:00,82,15.4,18.5,1018.7,98,0.0
2025-05-15 23:00:00,83,15.4,18.3,1018.8,94,0.0
2025-05-16 00:00:00,84,15.3,17.9,1018.7,100,0.0
2025-05-16 01:00:00,84,15.2,17.8,1018.4,100,0.0
2025-05-16 02:00:00,85,15.2,17.6,1018.1,100,0.0
2025-05-16 03:00:00,86,15.2,17.5,1018.0,100,0.0
2025-05-16 04:00:00,85,15.2,17.7,1017.8,100,0.0
2025-05-16 05:00:00,85,15.3,18.0,1018.0,100,0.0
2025-05-16 06:00:00,88,15.6,17.8,1018.1,100,10.0
2025-05-16 07:00:00,90,16.0,17.7,1018.1,100,34.0
2025-05-16 08:00:00,88,16.5,18.5,1017.9,100,145.0
2025-05-16 09:00:00,78,15.9,19.4,1017.7,100,282.0
2025-05-16 10:00:00,75,15.6,19.4,1017.6,98,320.0
2025-05-16 11:00:00,66,15.2,21.2,1017.3,83,704.0
2025-05-16 12:00:00,63,15.4,23.3,1016.8,100,897.0
2025-05-16 13:00:00,65,15.2,20.8,1016.4,100,534.0
2025-05-16 14:00:00,64,15.4,21.7,1015.9,100,606.0
2025-05-16 15:00:00,67,15.4,20.6,1015.2,100,314.0
2025-05-16 16:00:00,73,15.8,19.4,1014.2,100,147.0
2025-05-16 17:00:00,80,16.8,19.1,1013.4,100,61.0
2025-05-16 18:00:00,87,17.5,18.5,1012.8,100,49.0
2025-05-16 19:00:00,90,17.1,17.4,1012.6,100,11.0
2025-05-16 20:00:00,90,17.0,16.9,1012.3,100,0.0
2025-05-16 21:00:00,94,17.5,16.2,1011.3,100,0.0
2025-05-16 22:00:00,93,18.0,16.7,1010.7,100,0.0
2025-05-16 23:00:00,90,17.9,16.9,1009.4,100,0.0
2025-05-17 00:00:00,93,18.2,17.8,1009.0,100,0.0
2025-05-17 01:00:00,91,18.2,18.5,1008.0,100,0.0
2025-05-17 02:00:00,89,17.9,18.2,1006.8,99,0.0
2025-05-17 03:00:00,91,18.2,18.5,1006.1,91,0.0
2025-05-17 04:00:00,92,18.3,20.2,1005.8,97,0.0
2025-05-17 05:00:00,95,18.4,20.1,1005.3,77,0.0
2025-05-17 06:00:00,93,18.6,21.3,1005.4,78,11.0
2025-05-17 07:00:00,93,20.0,22.5,1005.7,100,83.0
2025-05-17 08:00:00,93,20.3,22.6,1006.0,100,158.0
2025-05-17 09:00:00,97,20.9,23.4,1006.2,100,114.0
2025-05-17 10:00:00,75,19.6,25.9,1007.1,98,668.0
2025-05-17 11:00:00,75,19.1,23.8,1007.2,99,513.0
2025-05-17 12:00:00,74,19.2,24.8,1007.2,78,661.0
2025-05-17 13:00:00,72,19.5,27.0,1006.9,68,789.0
2025-05-17 14:00:00,72,19.5,26.9,1006.6,82,780.0
2025-05-17 15:00:00,74,18.8,24.7,1006.6,86,576.0
2025-05-17 16:00:00,74,18.4,24.2,1006.4,96,548.0
2025-05-17 17:00:00,77,18.1,23.2,1006.7,24,351.0
2025-05-17 18:00:00,82,18.1,22.5,1006.7,50,190.0
2025-05-17 19:00:00,87,18.0,21.0,1007.1,98,55.0
2025-05-17 20:00:00,90,17.8,20.9,1007.5,89,0.0
2025-05-17 21:00:00,92,17.8,21.2,1008.1,59,0.0
2025-05-17 22:00:00,89,17.8,21.3,1008.4,100,0.0
2025-05-17 23:00:00,87,18.0,21.6,1008.6,55,0.0
2025-05-18 00:00:00,89,17.9,21.1,1008.4,34,0.0
2025-05-18 01:00:00,93,17.6,20.0,1008.6,100,0.0
2025-05-18 02:00:00,95,17.3,19.4,1008.7,100,0.0
2025-05-18 03:00:00,95,16.8,19.3,1008.5,100,0.0
2025-05-18 04:00:00,94,16.7,19.3,1008.4,100,0.0
2025-05-18 05:00:00,93,17.1,19.9,1008.6,100,0.0
2025-05-18 06:00:00,93,17.1,19.6,1009.1,100,14.0
2025-05-18 07:00:00,87,16.9,19.7,1009.6,100,98.0
2025-05-18 08:00:00,84,16.7,19.9,1009.5,100,208.0
2025-05-18 09:00:00,76,16.3,20.5,1009.7,100,434.0
2025-05-18 10:00:00,72,16.6,22.4,1009.7,100,545.0
2025-05-18 11:00:00,71,16.5,22.1,1009.6,100,527.0
2025-05-18 12:00:00,74,16.6,20.8,1010.1,100,376.0
2025-05-18 13:00:00,76,16.5,20.5,1009.7,100,375.0
2025-05-18 14:00:00,71,16.1,20.8,1009.0,100,531.0
2025-05-18 15:00:00,73,15.6,19.5,1008.9,100,381.0
2025-05-18 16:00:00,66,13.6,18.6,1008.9,100,297.0
2025-05-18 17:00:00,63,12.2,17.6,1009.1,100,257.0
2025-05-18 18:00:00,71,13.2,17.4,1009.2,100,123.0
2025-05-18 19:00:00,76,13.6,17.0,1009.5,100,35.0
2025-05-18 20:00:00,82,14.1,16.7,1010.1,100,0.0
2025-05-18 21:00:00,86,14.4,16.6,1010.9,100,0.0
2025-05-18 22:00:00,87,14.8,17.5,1011.0,100,0.0
2025-05-18 23:00:00,88,14.7,17.4,1011.3,100,0.0
2025-05-19 00:00:00,88,14.5,16.8,1011.5,100,0.0
2025-05-19 01:00:00,84,13.6,16.2,1011.5,100,0.0
2025-05-19 02:00:00,83,13.1,15.8,1011.4,100,0.0
2025-05-19 03:00:00,84,12.9,15.1,1011.3,95,0.0
2025-05-19 04:00:00,86,12.6,14.7,1011.3,100,0.0
2025-05-19 05:00:00,86,12.4,14.6,1011.4,100,0.0
2025-05-19 06:00:00,88,12.7,15.1,1011.5,97,24.0
2025-05-19 07:00:00,82,13.6,17.7,1011.4,59,156.0
2025-05-19 08:00:00,80,14.4,19.1,1011.3,5,352.0
2025-05-19 09:00:00,78,15.1,20.1,1011.2,51,517.0
2025-05-19 10:00:00,69,15.0,22.5,1011.4,77,722.0
2025-05-19 11:00:00,65,15.2,24.0,1011.1,100,824.0
2025-05-19 12:00:00,65,15.6,24.8,1010.3,97,902.0
2025-05-19 13:00:00,66,15.8,24.4,1009.5,87,909.0
2025-05-19 14:00:00,67,16.4,24.4,1009.1,43,845.0
2025-05-19 15:00:00,69,16.4,23.4,1009.2,40,698.0
2025-05-19 16:00:00,71,16.5,22.5,1009.0,76,566.0
2025-05-19 17:00:00,74,16.8,22.4,1008.8,100,398.0
2025-05-19 18:00:00,80,16.8,21.1,1008.6,72,202.0
2025-05-19 19:00:00,85,16.5,19.7,1009.0,57,61.0
2025-05-19 20:00:00,88,16.5,19.1,1009.0,96,1.0
2025-05-19 21:00:00,93,16.8,18.7,1009.6,98,0.0
2025-05-19 22:00:00,96,17.2,19.2,1010.1,88,0.0
2025-05-19 23:00:00,98,17.3,18.8,1010.2,100,0.0
2025-05-20 00:00:00,98,17.2,18.7,1010.2,97,0.0
2025-05-20 01:00:00,98,17.2,18.7,1010.2,94,0.0
2025-05-20 02:00:00,98,17.1,18.6,1010.2,94,0.0
2025-05-20 03:00:00,99,17.0,18.3,1010.4,74,0.0
2025-05-20 04:00:00,99,16.7,17.9,1011.0,47,0.0
2025-05-20 05:00:00,99,16.5,17.9,1011.5,99,0.0
2025-05-20 06:00:00,99,16.8,18.7,1011.8,43,24.0
2025-05-20 07:00:00,97,18.8,22.4,1012.2,100,139.0
2025-05-20 08:00:00,85,18.9,24.4,1012.3,56,257.0
2025-05-20 09:00:00,82,19.2,25.3,1012.3,83,463.0
2025-05-20 10:00:00,84,20.6,27.2,1012.8,7,714.0
2025-05-20 11:00:00,76,20.2,28.7,1012.3,26,826.0
2025-05-20 12:00:00,72,19.8,28.6,1011.5,52,891.0
2025-05-20 13:00:00,71,19.7,28.7,1010.9,29,917.0
2025-05-20 14:00:00,71,19.7,28.1,1010.3,12,874.0
2025-05-20 15:00:00,69,19.2,27.1,1010.1,57,765.0
2025-05-20 16:00:00,70,19.1,26.2,1010.0,11,609.0
2025-05-20 17:00:00,79,19.9,25.4,1010.1,100,422.0
2025-05-20 18:00:00,87,20.4,25.3,1010.5,100,217.0
2025-05-20 19:00:00,91,20.5,24.5,1010.9,100,50.0
2025-05-20 20:00:00,98,20.4,23.4,1011.1,100,1.0
2025-05-20 21:00:00,100,20.2,22.8,1011.6,100,0.0
2025-05-20 22:00:00,97,20.3,22.9,1011.8,100,0.0
2025-05-20 23:00:00,98,20.2,22.8,1011.2,100,0.0
2025-05-21 00:00:00,98,20.2,23.0,1011.3,100,0.0
2025-05-21 01:00:00,98,20.3,23.2,1011.2,100,0.0
2025-05-21 02:00:00,98,20.2,22.9,1010.6,100,0.0
2025-05-21 03:00:00,100,20.3,22.9,1010.4,100,0.0
2025-05-21 04:00:00,99,20.2,22.5,1010.0,100,0.0
2025-05-21 05:00:00,99,20.2,22.8,1010.0,100,0.0
2025-05-21 06:00:00,98,20.3,23.1,1010.1,100,12.0
2025-05-21 07:00:00,96,20.4,23.2,1009.8,100,66.0
2025-05-21 08:00:00,98,20.5,22.5,1009.6,100,100.0
2025-05-21 09:00:00,100,20.3,22.1,1009.6,100,193.0
2025-05-21 10:00:00,90,20.6,23.7,1008.8,100,478.0
2025-05-21 11:00:00,93,20.2,22.8,1008.3,100,240.0
2025-05-21 12:00:00,88,20.6,24.4,1008.0,100,420.0
2025-05-21 13:00:00,84,19.9,23.7,1007.1,100,361.0
2025-05-21 14:00:00,91,20.2,22.8,1006.9,100,267.0
2025-05-21 15:00:00,99,20.6,22.2,1005.8,100,131.0
2025-05-21 16:00:00,98,20.0,21.6,1005.2,100,87.0
2025-05-21 17:00:00,98,19.7,21.8,1004.0,100,23.0
2025-05-21 18:00:00,98,19.5,21.2,1004.0,100,29.0
2025-05-21 19:00:00,98,19.3,22.2,1004.3,100,5.0
2025-05-21 20:00:00,98,19.5,21.9,1003.5,100,0.0
2025-05-21 21:00:00,98,19.4,21.4,1003.7,100,0.0
2025-05-21 22:00:00,97,19.6,20.5,1003.1,98,0.0
2025-05-21 23:00:00,98,19.5,21.1,1002.5,100,0.0
2025-05-22 00:00:00,98,19.5,21.4,1002.3,100,0.0
2025-05-22 01:00:00,98,19.6,22.1,1002.3,100,0.0
2025-05-22 02:00:00,98,19.9,21.9,1001.2,100,0.0
2025-05-22 03:00:00,97,19.8,22.7,1001.2,100,0.0
2025-05-22 04:00:00,97,19.7,22.3,1001.0,100,0.0
2025-05-22 05:00:00,95,19.0,21.5,1001.2,100,0.0
2025-05-22 06:00:00,95,18.9,21.4,1001.5,100,6.0
2025-05-22 07:00:00,95,18.9,21.3,1001.9,100,32.0
2025-05-22 08:00:00,95,19.0,22.2,1002.5,100,197.0
2025-05-22 09:00:00,89,18.5,21.8,1003.6,99,260.0
2025-05-22 10:00:00,85,17.8,21.1,1004.8,100,343.0
2025-05-22 11:00:00,81,17.5,20.8,1005.5,100,540.0
2025-05-22 12:00:00,78,17.5,21.7,1005.2,95,633.0
2025-05-22 13:00:00,77,17.5,22.7,1004.8,43,724.0
2025-05-22 14:00:00,75,17.5,23.6,1004.8,44,815.0
2025-05-22 15:00:00,76,17.0,21.4,1004.9,74,707.0
2025-05-22 16:00:00,78,16.5,20.0,1005.1,35,547.0
2025-05-22 17:00:00,80,16.3,19.5,1005.9,49,361.0
2025-05-22 18:00:00,83,15.9,18.5,1006.6,100,168.0
2025-05-22 19:00:00,85,15.2,17.3,1007.4,100,43.0
2025-05-22 20:00:00,85,15.1,17.3,1007.9,100,0.0
2025-05-22 21:00:00,86,15.1,17.5,1008.4,57,0.0
2025-05-22 22:00:00,87,15.4,18.0,1008.8,98,0.0
2025-05-22 23:00:00,86,15.1,17.9,1009.0,100,0.0
2025-05-23 00:00:00,88,15.1,17.6,1009.2,100,0.0
2025-05-23 01:00:00,87,15.0,18.0,1009.1,100,0.0
2025-05-23 02:00:00,85,14.6,17.3,1008.8,73,0.0
2025-05-23 03:00:00,87,14.2,16.0,1008.5,8,0.0
2025-05-23 04:00:00,86,13.6,15.4,1008.4,53,0.0
2025-05-23 05:00:00,85,13.1,15.4,1008.7,88,0.0
2025-05-23 06:00:00,84,13.0,15.5,1009.7,100,28.0
2025-05-23 07:00:00,81,13.6,17.2,1009.7,100,165.0
2025-05-23 08:00:00,80,14.9,19.6,1010.1,100,348.0
2025-05-23 09:00:00,79,16.1,21.2,1009.8,100,551.0
2025-05-23 10:00:00,72,15.8,23.0,1010.3,100,671.0
2025-05-23 11:00:00,73,16.5,24.3,1010.1,100,830.0
2025-05-23 12:00:00,72,16.0,23.2,1009.9,100,853.0
2025-05-23 13:00:00,68,14.9,22.6,1009.8,100,839.0
2025-05-23 14:00:00,67,14.5,21.1,1009.3,100,533.0
2025-05-23 15:00:00,62,13.9,21.6,1008.8,100,477.0
2025-05-23 16:00:00,67,14.1,21.0,1008.8,100,165.0
2025-05-23 17:00:00,73,15.0,20.7,1009.3,100,87.0
2025-05-23 18:00:00,76,15.2,20.6,1009.6,100,58.0
2025-05-23 19:00:00,82,15.7,20.2,1009.9,100,24.0
2025-05-23 20:00:00,73,13.9,18.1,1010.1,100,0.0
2025-05-23 21:00:00,84,15.1,17.2,1010.3,100,0.0
2025-05-23 22:00:00,80,14.9,17.5,1010.8,100,0.0
2025-05-23 23:00:00,83,15.6,17.4,1010.1,100,0.0
2025-05-24 00:00:00,86,16.2,17.9,1009.6,100,0.0
2025-05-24 01:00:00,88,16.5,18.1,1008.8,100,0.0
2025-05-24 02:00:00,87,16.5,18.3,1008.3,100,0.0
2025-05-24 03:00:00,85,16.5,18.5,1007.8,100,0.0
2025-05-24 04:00:00,84,16.2,18.1,1006.9,100,0.0
2025-05-24 05:00:00,85,16.1,17.9,1006.7,100,0.0
2025-05-24 06:00:00,94,16.6,16.4,1006.2,100,2.0
2025-05-24 07:00:00,94,16.3,16.4,1006.2,100,11.0
2025-05-24 08:00:00,96,16.6,16.1,1005.7,100,19.0
2025-05-24 09:00:00,94,16.9,16.5,1004.6,100,15.0
2025-05-24 10:00:00,94,17.3,18.5,1004.9,100,66.0
2025-05-24 11:00:00,95,17.5,17.5,1004.3,100,105.0
2025-05-24 12:00:00,96,17.5,17.4,1002.8,100,79.0
2025-05-24 13:00:00,93,18.0,18.4,1001.9,100,200.0
2025-05-24 14:00:00,92,18.0,18.8,1000.3,100,145.0
2025-05-24 15:00:00,86,18.6,21.0,999.5,100,369.0
2025-05-24 16:00:00,93,19.5,21.1,998.9,100,254.0
2025-05-24 17:00:00,98,19.6,21.1,998.1,100,141.0
2025-05-24 18:00:00,94,19.8,23.4,998.3,100,56.0
2025-05-24 19:00:00,95,17.9,18.6,999.0,100,7.0
2025-05-24 20:00:00,93,16.9,17.4,1000.3,100,0.0
2025-05-24 21:00:00,94,16.5,17.2,1001.3,100,0.0
2025-05-24 22:00:00,91,15.9,16.8,1003.5,100,0.0
2025-05-24 23:00:00,89,15.4,16.6,1004.7,100,0.0
2025-05-25 00:00:00,89,15.1,16.2,1005.3,100,0.0
2025-05-25 01:00:00,87,14.6,15.9,1006.1,100,0.0
2025-05-25 02:00:00,87,14.4,15.5,1006.2,100,0.0
2025-05-25 03:00:00,86,14.0,15.2,1006.9,95,0.0
2025-05-25 04:00:00,85,13.7,14.9,1007.3,99,0.0
2025-05-25 05:00:00,85,13.4,14.7,1008.1,100,0.0
2025-05-25 06:00:00,83,13.1,14.5,1009.0,100,12.0
2025-05-25 07:00:00,82,12.9,14.6,1010.0,100,56.0
2025-05-25 08:00:00,80,12.7,14.7,1010.6,100,155.0
2025-05-25 09:00:00,72,12.4,15.5,1011.1,54,410.0
2025-05-25 10:00:00,66,11.8,16.0,1011.8,98,502.0
2025-05-25 11:00:00,62,11.5,17.2,1012.2,99,678.0
2025-05-25 12:00:00,63,11.6,16.8,1012.6,99,644.0
2025-05-25 13:00:00,60,11.4,17.9,1012.9,100,733.0
2025-05-25 14:00:00,60,10.9,16.9,1012.8,100,585.0
2025-05-25 15:00:00,59,10.9,17.1,1012.8,64,532.0
2025-05-25 16:00:00,57,10.4,17.3,1013.3,100,547.0
2025-05-25 17:00:00,60,10.5,16.6,1013.6,11,308.0
2025-05-25 18:00:00,64,10.9,16.6,1014.1,2,248.0
2025-05-25 19:00:00,71,11.3,15.6,1014.8,0,76.0
2025-05-25 20:00:00,79,11.4,14.7,1015.4,2,1.0
2025-05-25 21:00:00,87,11.4,13.5,1016.0,5,0.0
2025-05-25 22:00:00,89,11.1,12.8,1016.7,91,0.0
2025-05-25 23:00:00,91,11.1,12.3,1017.2,97,0.0
2025-05-26 00:00:00,90,11.4,12.7,1017.2,100,0.0
2025-05-26 01:00:00,88,11.1,12.1,1017.0,100,0.0
2025-05-26 02:00:00,87,10.8,11.7,1016.7,100,0.0
2025-05-26 03:00:00,89,10.9,11.5,1016.8,100,0.0
2025-05-26 04:00:00,89,10.9,11.5,1016.8,100,0.0
2025-05-26 05:00:00,89,11.1,11.8,1017.1,100,0.0
2025-05-26 06:00:00,86,11.1,12.6,1017.5,100,24.0
2025-05-26 07:00:00,80,11.6,14.7,1017.8,100,148.0
2025-05-26 08:00:00,74,12.1,17.3,1018.0,100,321.0
2025-05-26 09:00:00,71,12.9,18.6,1018.0,100,541.0
2025-05-26 10:00:00,72,13.2,19.0,1018.4,100,569.0
2025-05-26 11:00:00,73,13.6,18.9,1018.5,100,461.0
2025-05-26 12:00:00,71,13.8,19.8,1018.4,100,583.0
2025-05-26 13:00:00,68,13.5,19.4,1018.0,100,552.0
2025-05-26 14:00:00,66,12.7,18.9,1017.8,100,492.0
2025-05-26 15:00:00,63,12.1,18.7,1017.3,93,510.0
2025-05-26 16:00:00,61,11.8,19.0,1017.3,100,596.0
2025-05-26 17:00:00,62,10.9,17.7,1017.2,100,326.0
2025-05-26 18:00:00,64,11.0,17.7,1017.3,100,169.0
2025-05-26 19:00:00,75,12.1,17.1,1017.6,100,57.0
2025-05-26 20:00:00,78,12.1,16.1,1018.1,100,1.0
2025-05-26 21:00:00,81,12.1,15.5,1018.4,100,0.0
2025-05-26 22:00:00,79,11.2,14.7,1019.0,100,0.0
2025-05-26 23:00:00,77,10.6,14.4,1018.9,100,0.0
2025-05-27 00:00:00,76,10.4,14.2,1018.9,100,0.0
2025-05-27 01:00:00,76,10.2,13.9,1018.5,100,0.0
2025-05-27 02:00:00,76,10.2,13.9,1018.1,100,0.0
2025-05-27 03:00:00,79,10.1,13.1,1018.2,100,0.0
2025-05-27 04:00:00,80,9.9,12.7,1018.3,100,0.0
2025-05-27 05:00:00,80,9.8,12.5,1018.4,0,0.0
2025-05-27 06:00:00,73,9.9,14.2,1018.9,0,31.0
2025-05-27 07:00:00,74,11.7,16.1,1019.6,0,175.0
2025-05-27 08:00:00,69,12.3,18.1,1019.9,0,369.0
2025-05-27 09:00:00,67,12.9,19.2,1019.6,0,564.0
2025-05-27 10:00:00,60,12.1,20.7,1019.8,0,739.0
2025-05-27 11:00:00,57,12.1,22.0,1019.5,0,869.0
2025-05-27 12:00:00,56,12.3,23.2,1019.2,0,945.0
2025-05-27 13:00:00,56,12.8,24.0,1018.3,0,961.0
2025-05-27 14:00:00,56,12.8,24.0,1017.6,4,916.0
2025-05-27 15:00:00,56,12.9,23.1,1017.2,5,784.0
2025-05-27 16:00:00,61,13.6,22.0,1016.9,6,620.0
2025-05-27 17:00:00,63,13.9,21.7,1016.8,4,447.0
2025-05-27 18:00:00,70,14.8,21.5,1017.0,4,249.0
2025-05-27 19:00:00,84,16.1,20.8,1017.5,4,77.0
2025-05-27 20:00:00,90,15.2,18.0,1017.9,1,2.0
2025-05-27 21:00:00,87,14.6,17.4,1018.3,0,0.0
2025-05-27 22:00:00,78,12.8,16.2,1018.4,0,0.0
2025-05-27 23:00:00,86,12.7,15.3,1018.6,0,0.0
2025-05-28 00:00:00,88,12.4,14.9,1018.5,0,0.0
2025-05-28 01:00:00,91,12.8,14.4,1018.2,0,0.0
2025-05-28 02:00:00,90,12.4,13.9,1017.6,0,0.0
2025-05-28 03:00:00,85,11.6,13.9,1017.6,15,0.0
2025-05-28 04:00:00,83,10.7,13.2,1017.5,60,0.0
2025-05-28 05:00:00,80,10.3,13.1,1017.6,83,0.0
2025-05-28 06:00:00,76,10.6,13.8,1017.8,90,31.0
2025-05-28 07:00:00,75,12.2,16.3,1017.9,100,157.0
2025-05-28 08:00:00,70,13.1,18.9,1018.0,100,295.0
2025-05-28 09:00:00,68,13.8,20.1,1018.2,100,443.0
2025-05-28 10:00:00,70,15.1,22.1,1018.3,100,662.0
2025-05-28 11:00:00,73,16.4,24.3,1018.1,100,813.0
2025-05-28 12:00:00,72,16.7,24.9,1018.0,100,759.0
2025-05-28 13:00:00,68,15.8,23.7,1017.4,100,575.0
2025-05-28 14:00:00,62,14.6,22.9,1016.5,100,542.0
2025-05-28 15:00:00,70,16.2,23.1,1016.1,100,499.0
2025-05-28 16:00:00,79,17.8,23.4,1016.0,100,380.0
2025-05-28 17:00:00,82,18.0,23.4,1015.6,100,273.0
2025-05-28 18:00:00,86,18.1,23.0,1015.8,100,140.0
2025-05-28 19:00:00,95,18.3,22.1,1016.4,100,49.0
2025-05-28 20:00:00,97,17.5,20.5,1016.6,100,1.0
2025-05-28 21:00:00,88,15.6,18.7,1017.0,100,0.0
2025-05-28 22:00:00,77,13.9,18.3,1017.1,100,0.0
2025-05-28 23:00:00,72,12.5,17.3,1017.3,100,0.0
2025-05-29 00:00:00,69,11.2,16.2,1016.8,100,0.0
2025-05-29 01:00:00,67,10.2,15.5,1016.6,100,0.0
2025-05-29 02:00:00,66,9.8,15.1,1016.2,100,0.0
2025-05-29 03:00:00,65,9.7,15.1,1015.5,100,0.0
2025-05-29 04:00:00,67,10.4,15.6,1015.3,100,0.0
2025-05-29 05:00:00,70,11.2,16.0,1014.9,100,0.0
2025-05-29 06:00:00,73,12.2,16.7,1015.1,100,13.0
2025-05-29 07:00:00,75,13.4,17.7,1015.3,100,68.0
2025-05-29 08:00:00,81,15.1,18.7,1015.3,100,114.0
2025-05-29 09:00:00,81,16.1,20.1,1015.3,100,204.0
2025-05-29 10:00:00,70,15.1,21.0,1015.2,100,368.0
2025-05-29 11:00:00,67,15.3,22.3,1014.9,100,526.0
2025-05-29 12:00:00,65,15.3,23.2,1014.4,100,604.0
2025-05-29 13:00:00,62,15.0,24.1,1013.9,100,744.0
2025-05-29 14:00:00,61,14.5,22.9,1013.1,100,639.0
2025-05-29 15:00:00,66,14.6,21.2,1012.8,100,317.0
2025-05-29 16:00:00,69,14.9,21.1,1012.3,100,198.0
2025-05-29 17:00:00,71,15.1,21.0,1012.0,100,147.0
2025-05-29 18:00:00,76,15.4,20.2,1012.0,99,77.0
2025-05-29 19:00:00,77,14.8,19.8,1011.8,14,47.0
2025-05-29 20:00:00,83,14.9,18.7,1011.7,29,2.0
2025-05-29 21:00:00,87,14.9,17.8,1011.9,6,0.0
2025-05-29 22:00:00,94,15.8,18.2,1012.1,64,0.0
2025-05-29 23:00:00,96,15.9,17.6,1011.6,100,0.0
2025-05-30 00:00:00,94,15.5,17.3,1011.3,100,0.0
2025-05-30 01:00:00,93,15.4,17.4,1010.9,100,0.0
2025-05-30 02:00:00,93,15.4,17.6,1010.5,98,0.0
2025-05-30 03:00:00,94,15.2,17.3,1010.5,71,0.0
2025-05-30 04:00:00,95,14.8,16.7,1010.6,100,0.0
2025-05-30 05:00:00,95,15.7,17.4,1011.0,100,0.0
2025-05-30 06:00:00,95,15.8,17.3,1010.8,100,11.0
2025-05-30 07:00:00,95,16.4,17.9,1010.7,94,64.0
2025-05-30 08:00:00,89,16.5,18.7,1010.8,100,217.0
2025-05-30 09:00:00,79,16.2,20.3,1010.8,100,332.0
2025-05-30 10:00:00,82,16.7,20.7,1011.2,100,273.0
2025-05-30 11:00:00,71,16.2,22.5,1010.7,99,595.0
2025-05-30 12:00:00,63,15.4,24.0,1010.1,100,678.0
2025-05-30 13:00:00,64,15.9,24.1,1009.5,94,679.0
2025-05-30 14:00:00,67,15.8,23.2,1009.2,69,745.0
2025-05-30 15:00:00,64,15.2,21.9,1008.8,39,612.0
2025-05-30 16:00:00,69,15.4,20.6,1008.7,94,514.0
2025-05-30 17:00:00,72,15.2,19.5,1008.5,97,310.0
2025-05-30 18:00:00,76,15.2,19.4,1008.5,100,198.0
2025-05-30 19:00:00,80,15.1,18.7,1008.6,100,52.0
2025-05-30 20:00:00,83,15.2,18.4,1008.7,100,2.0
2025-05-30 21:00:00,84,15.0,18.4,1009.2,74,0.0
2025-05-30 22:00:00,81,14.3,17.6,1009.8,72,0.0
2025-05-30 23:00:00,76,12.9,16.9,1009.4,29,0.0
2025-05-31 00:00:00,76,12.4,16.1,1009.1,3,0.0
2025-05-31 01:00:00,82,13.0,15.7,1009.6,0,0.0
2025-05-31 02:00:00,81,12.6,15.3,1009.2,0,0.0
2025-05-31 03:00:00,79,12.1,15.3,1009.1,2,0.0
2025-05-31 04:00:00,84,11.6,14.1,1009.4,1,0.0
2025-05-31 05:00:00,86,12.7,15.0,1009.9,0,0.0
2025-05-31 06:00:00,85,13.0,14.8,1010.4,0,32.0
2025-05-31 07:00:00,79,13.1,16.2,1010.8,0,177.0
2025-05-31 08:00:00,71,13.2,17.9,1010.7,0,373.0
2025-05-31 09:00:00,61,12.2,19.4,1010.4,0,573.0
2025-05-31 10:00:00,54,11.9,21.2,1010.0,0,747.0
2025-05-31 11:00:00,45,10.0,22.2,1009.7,0,874.0
2025-05-31 12:00:00,42,9.1,22.2,1009.5,0,945.0
2025-05-31 13:00:00,42,9.1,22.0,1009.3,4,957.0
2025-05-31 14:00:00,42,9.1,21.9,1008.8,100,908.0
2025-05-31 15:00:00,41,8.6,20.8,1008.4,100,761.0
2025-05-31 16:00:00,41,7.8,18.7,1008.2,100,518.0
2025-05-31 17:00:00,45,8.4,18.2,1007.5,100,328.0
2025-05-31 18:00:00,57,10.8,17.8,1007.2,98,189.0
2025-05-31 19:00:00,64,11.4,16.7,1007.4,97,80.0
2025-05-31 20:00:00,70,11.6,15.9,1008.1,100,3.0
2025-05-31 21:00:00,76,12.5,15.8,1009.1,93,0.0
2025-05-31 22:00:00,78,12.6,15.9,1009.7,100,0.0
2025-05-31 23:00:00,80,12.8,15.6,1009.8,94,0.0
2025-06-01 00:00:00,80,12.8,15.4,1009.8,100,0.0
2025-06-01 01:00:00,80,12.6,15.4,1009.4,100,0.0
2025-06-01 02:00:00,82,12.6,15.4,1009.2,40,0.0
2025-06-01 03:00:00,86,12.9,15.0,1009.2,100,0.0
2025-06-01 04:00:00,86,13.1,14.9,1009.4,32,0.0
2025-06-01 05:00:00,87,12.9,14.7,1009.4,0,0.0
2025-06-01 06:00:00,86,13.2,15.2,1009.7,0,33.0
2025-06-01 07:00:00,80,14.1,17.4,1009.9,0,178.0
2025-06-01 08:00:00,72,14.1,18.8,1010.1,0,372.0
2025-06-01 09:00:00,66,14.1,20.4,1010.4,0,567.0
2025-06-01 10:00:00,62,14.2,22.5,1010.3,0,734.0
2025-06-01 11:00:00,60,14.6,24.1,1009.9,0,861.0
2025-06-01 12:00:00,58,15.1,25.4,1009.4,2,935.0
2025-06-01 13:00:00,57,15.3,25.8,1008.9,0,949.0
2025-06-01 14:00:00,56,15.2,25.8,1008.4,0,902.0
2025-06-01 15:00:00,56,15.1,25.1,1008.3,0,798.0
2025-06-01 16:00:00,58,15.1,23.9,1008.0,53,645.0
2025-06-01 17:00:00,62,15.3,22.9,1007.6,100,457.0
2025-06-01 18:00:00,66,15.3,22.3,1007.7,100,246.0
2025-06-01 19:00:00,74,15.6,21.1,1008.3,99,79.0
2025-06-01 20:00:00,78,15.3,19.8,1009.0,95,3.0
2025-06-01 21:00:00,82,14.9,18.9,1009.2,1,0.0
2025-06-01 22:00:00,82,14.6,18.6,1008.7,80,0.0
2025-06-01 23:00:00,84,14.2,17.9,1008.3,99,0.0
2025-06-02 00:00:00,81,13.4,17.4,1008.2,24,0.0
2025-06-02 01:00:00,85,13.4,16.5,1007.6,99,0.0
2025-06-02 02:00:00,84,12.7,15.7,1007.1,97,0.0
2025-06-02 03:00:00,83,12.0,15.0,1006.8,100,0.0
2025-06-02 04:00:00,77,11.3,14.7,1006.9,100,0.0
2025-06-02 05:00:00,74,11.4,15.4,1006.6,100,0.0
2025-06-02 06:00:00,75,12.1,16.2,1007.0,100,22.0
2025-06-02 07:00:00,78,13.6,17.5,1006.8,100,65.0
2025-06-02 08:00:00,79,15.0,19.5,1006.9,100,174.0
2025-06-02 09:00:00,81,15.4,19.4,1006.9,100,122.0
2025-06-02 10:00:00,78,15.4,19.7,1006.1,100,198.0
2025-06-02 11:00:00,71,15.1,20.3,1006.0,100,380.0
2025-06-02 12:00:00,69,14.6,20.0,1005.3,100,333.0
2025-06-02 13:00:00,69,14.4,19.7,1005.2,100,256.0
2025-06-02 14:00:00,70,14.6,19.9,1004.9,100,219.0
2025-06-02 15:00:00,75,15.3,19.6,1004.5,100,155.0
2025-06-02 16:00:00,73,14.9,18.9,1003.8,100,171.0
2025-06-02 17:00:00,76,15.0,18.2,1003.3,100,146.0
2025-06-02 18:00:00,82,15.3,17.4,1002.7,100,63.0
2025-06-02 19:00:00,86,15.6,17.0,1002.5,100,26.0
2025-06-02 20:00:00,86,15.6,16.6,1002.6,100,1.0
2025-06-02 21:00:00,87,16.2,16.9,1002.1,100,0.0
2025-06-02 22:00:00,93,16.2,15.7,1001.7,100,0.0
2025-06-02 23:00:00,93,15.4,14.2,1001.2,100,0.0
2025-06-03 00:00:00,94,16.0,14.9,1000.2,100,0.0
2025-06-03 01:00:00,95,16.4,15.4,999.1,100,0.0
2025-06-03 02:00:00,95,16.3,15.4,998.0,100,0.0
2025-06-03 03:00:00,95,16.3,15.0,996.6,100,0.0
2025-06-03 04:00:00,95,16.3,15.3,995.9,100,0.0
2025-06-03 05:00:00,95,16.3,15.8,995.6,100,0.0
2025-06-03 06:00:00,96,16.5,16.7,995.7,100,5.0
2025-06-03 07:00:00,96,16.8,17.9,995.7,100,26.0
2025-06-03 08:00:00,97,17.0,18.0,995.5,100,41.0
2025-06-03 09:00:00,97,17.7,20.2,995.6,100,95.0
2025-06-03 10:00:00,96,17.5,19.9,997.0,100,119.0
2025-06-03 11:00:00,92,18.0,21.2,997.1,100,194.0
2025-06-03 12:00:00,82,17.5,22.2,997.1,100,410.0
2025-06-03 13:00:00,79,17.9,22.8,997.0,100,478.0
2025-06-03 14:00:00,74,17.4,22.7,997.0,62,427.0
2025-06-03 15:00:00,69,16.6,21.9,997.2,30,552.0
2025-06-03 16:00:00,72,16.5,21.2,997.4,43,577.0
2025-06-03 17:00:00,73,16.2,20.8,997.6,9,399.0
2025-06-03 18:00:00,77,16.2,19.9,998.4,7,251.0
2025-06-03 19:00:00,85,16.5,19.2,999.6,0,85.0
2025-06-03 20:00:00,86,16.4,18.7,1000.3,12,3.0
2025-06-03 21:00:00,82,16.0,19.0,1000.8,0,0.0
2025-06-03 22:00:00,87,16.6,19.3,1001.4,0,0.0
2025-06-03 23:00:00,83,16.0,19.0,1001.7,36,0.0
2025-06-04 00:00:00,81,15.9,18.7,1001.6,91,0.0
2025-06-04 01:00:00,82,16.2,18.9,1001.7,99,0.0
2025-06-04 02:00:00,84,16.5,19.0,1001.9,65,0.0
2025-06-04 03:00:00,87,16.5,18.8,1002.0,100,0.0
2025-06-04 04:00:00,85,16.1,18.8,1002.7,92,0.0
2025-06-04 05:00:00,83,15.1,18.1,1003.3,9,0.0
2025-06-04 06:00:00,80,14.4,17.8,1004.2,0,35.0
2025-06-04 07:00:00,73,14.4,18.9,1004.9,0,186.0
2025-06-04 08:00:00,69,14.8,20.0,1005.5,0,386.0
2025-06-04 09:00:00,57,12.9,20.1,1005.8,0,584.0
2025-06-04 10:00:00,53,12.8,21.9,1006.0,1,752.0
2025-06-04 11:00:00,52,12.7,23.1,1006.3,3,879.0
2025-06-04 12:00:00,49,12.0,23.4,1006.2,0,954.0
2025-06-04 13:00:00,44,10.9,23.6,1006.1,0,969.0
2025-06-04 14:00:00,40,9.5,23.3,1005.7,0,920.0
2025-06-04 15:00:00,40,9.6,23.1,1005.3,0,816.0
2025-06-04 16:00:00,43,10.2,22.0,1005.1,0,660.0
2025-06-04 17:00:00,49,11.5,21.5,1005.1,1,474.0
2025-06-04 18:00:00,48,10.5,19.7,1005.2,1,267.0
2025-06-04 19:00:00,51,10.7,18.6,1005.6,4,91.0
2025-06-04 20:00:00,57,12.0,19.0,1006.2,0,3.0
2025-06-04 21:00:00,66,13.9,19.4,1007.0,0,0.0
2025-06-04 22:00:00,64,13.5,19.8,1007.2,0,0.0
2025-06-04 23:00:00,67,14.0,19.2,1007.5,0,0.0
2025-06-05 00:00:00,71,14.5,18.8,1007.8,0,0.0
2025-06-05 01:00:00,75,14.7,18.6,1008.0,0,0.0
2025-06-05 02:00:00,78,14.8,18.3,1008.3,0,0.0
2025-06-05 03:00:00,80,14.6,17.9,1008.5,0,0.0
2025-06-05 04:00:00,82,14.6,17.4,1009.1,0,0.0
2025-06-05 05:00:00,86,14.9,17.3,1009.7,0,0.0
2025-06-05 06:00:00,87,15.3,17.8,1010.4,0,35.0
2025-06-05 07:00:00,82,15.9,19.9,1011.2,0,185.0
2025-06-05 08:00:00,72,15.3,20.8,1011.6,0,383.0
2025-06-05 09:00:00,64,14.7,21.9,1011.6,0,580.0
2025-06-05 10:00:00,57,14.2,24.5,1011.6,0,749.0
2025-06-05 11:00:00,52,13.4,25.4,1011.6,0,875.0
2025-06-05 12:00:00,46,11.8,25.8,1011.5,0,948.0
2025-06-05 13:00:00,41,10.4,26.2,1011.3,1,964.0
2025-06-05 14:00:00,42,11.1,26.6,1011.1,0,911.0
2025-06-05 15:00:00,47,13.0,26.5,1010.9,13,817.0
2025-06-05 16:00:00,48,13.1,25.4,1010.5,99,663.0
2025-06-05 17:00:00,49,13.1,24.2,1010.3,100,474.0
2025-06-05 18:00:00,60,14.4,22.3,1010.6,100,244.0
2025-06-05 19:00:00,63,13.4,20.0,1011.1,100,73.0
2025-06-05 20:00:00,67,13.5,19.6,1011.6,96,3.0
2025-06-05 21:00:00,76,14.6,19.3,1012.0,100,0.0
2025-06-05 22:00:00,76,15.0,19.9,1012.1,81,0.0
2025-06-05 23:00:00,74,13.9,18.7,1012.1,100,0.0
2025-06-06 00:00:00,75,13.3,18.2,1011.9,9,0.0
2025-06-06 01:00:00,75,12.6,17.4,1011.5,99,0.0
2025-06-06 02:00:00,74,12.1,17.2,1011.4,100,0.0
2025-06-06 03:00:00,73,11.8,17.0,1011.2,72,0.0
2025-06-06 04:00:00,72,10.9,16.1,1011.3,100,0.0
2025-06-06 05:00:00,70,10.1,15.5,1011.6,100,0.0
2025-06-06 06:00:00,67,10.6,16.7,1011.9,56,25.0
2025-06-06 07:00:00,70,12.8,18.4,1012.1,100,163.0
2025-06-06 08:00:00,73,14.0,19.9,1012.2,95,202.0
2025-06-06 09:00:00,72,15.4,22.0,1012.2,100,481.0
2025-06-06 10:00:00,63,14.8,23.6,1012.0,100,671.0
2025-06-06 11:00:00,60,14.9,25.6,1012.1,100,830.0
2025-06-06 12:00:00,56,14.7,25.8,1011.5,99,798.0
2025-06-06 13:00:00,54,14.4,25.3,1011.0,100,667.0
2025-06-06 14:00:00,53,14.3,25.9,1010.4,99,742.0
2025-06-06 15:00:00,57,15.1,24.5,1010.5,99,477.0
2025-06-06 16:00:00,61,15.8,24.7,1010.3,100,494.0
2025-06-06 17:00:00,69,16.8,24.1,1010.4,100,246.0
2025-06-06 18:00:00,76,17.7,24.3,1010.5,100,161.0
2025-06-06 19:00:00,82,18.2,24.3,1011.1,100,33.0
2025-06-06 20:00:00,89,18.4,21.7,1010.7,100,2.0
2025-06-06 21:00:00,89,18.2,21.7,1010.8,99,0.0
2025-06-06 22:00:00,83,17.5,21.1,1010.9,96,0.0
2025-06-06 23:00:00,83,17.5,21.0,1010.8,100,0.0
2025-06-07 00:00:00,87,17.7,21.3,1010.8,76,0.0
2025-06-07 01:00:00,89,17.7,20.8,1010.5,63,0.0
2025-06-07 02:00:00,91,17.5,20.1,1010.2,80,0.0
2025-06-07 03:00:00,91,17.4,19.9,1010.2,100,0.0
2025-06-07 04:00:00,91,17.2,19.9,1010.2,99,0.0
2025-06-07 05:00:00,90,17.0,19.8,1010.2,99,0.0
2025-06-07 06:00:00,87,16.9,20.2,1010.6,99,30.0
2025-06-07 07:00:00,84,17.4,21.4,1010.6,100,131.0
2025-06-07 08:00:00,82,18.0,22.7,1010.7,100,222.0
2025-06-07 09:00:00,83,18.2,22.9,1010.9,100,203.0
2025-06-07 10:00:00,81,18.4,23.4,1010.6,100,279.0
2025-06-07 11:00:00,83,18.5,23.4,1010.9,99,254.0
2025-06-07 12:00:00,74,18.5,25.9,1010.6,100,599.0
2025-06-07 13:00:00,70,17.9,25.6,1010.4,100,438.0
2025-06-07 14:00:00,56,16.3,28.1,1009.8,100,761.0
2025-06-07 15:00:00,63,17.0,25.9,1009.6,100,368.0
2025-06-07 16:00:00,67,17.5,25.6,1009.1,100,335.0
2025-06-07 17:00:00,71,17.8,25.3,1009.2,100,250.0
2025-06-07 18:00:00,70,17.5,25.0,1008.9,100,207.0
2025-06-07 19:00:00,75,17.8,24.2,1009.2,100,41.0
2025-06-07 20:00:00,80,17.8,23.8,1009.5,100,2.0
2025-06-07 21:00:00,87,18.1,23.1,1010.3,100,0.0
2025-06-07 22:00:00,87,18.1,22.4,1010.1,99,0.0
2025-06-07 23:00:00,88,18.2,22.6,1010.2,100,0.0
2025-06-08 00:00:00,93,18.4,22.2,1010.4,100,0.0
2025-06-08 01:00:00,93,18.5,21.6,1010.0,100,0.0
2025-06-08 02:00:00,94,18.6,21.9,1009.3,96,0.0
2025-06-08 03:00:00,95,18.6,21.7,1009.0,100,0.0
2025-06-08 04:00:00,96,18.6,21.9,1009.2,100,0.0
2025-06-08 05:00:00,96,18.6,21.6,1009.2,100,0.0
2025-06-08 06:00:00,95,18.6,21.5,1009.1,100,13.0
2025-06-08 07:00:00,91,18.9,22.8,1009.1,100,94.0
2025-06-08 08:00:00,89,19.1,23.7,1009.7,100,124.0
2025-06-08 09:00:00,87,19.5,24.7,1009.8,100,222.0
2025-06-08 10:00:00,86,20.1,25.1,1009.7,100,331.0
2025-06-08 11:00:00,87,20.4,25.1,1010.1,100,221.0
2025-06-08 12:00:00,89,20.0,24.1,1009.4,100,126.0
2025-06-08 13:00:00,90,19.7,23.5,1008.9,100,131.0
2025-06-08 14:00:00,84,19.4,23.7,1008.8,100,269.0
2025-06-08 15:00:00,86,18.5,21.6,1008.7,100,118.0
2025-06-08 16:00:00,85,18.5,22.1,1008.0,100,207.0
2025-06-08 17:00:00,86,18.3,21.6,1008.6,100,107.0
2025-06-08 18:00:00,87,18.2,21.0,1008.5,100,90.0
2025-06-08 19:00:00,85,17.5,20.3,1008.9,100,47.0
2025-06-08 20:00:00,82,16.3,19.1,1009.4,100,2.0
2025-06-08 21:00:00,82,16.1,19.1,1010.3,100,0.0
2025-06-08 22:00:00,79,16.1,19.1,1010.6,100,0.0
2025-06-08 23:00:00,84,17.0,19.6,1010.7,100,0.0
2025-06-09 00:00:00,90,17.6,19.6,1010.5,100,0.0
2025-06-09 01:00:00,88,17.5,19.9,1010.2,100,0.0
2025-06-09 02:00:00,81,16.0,19.2,1010.1,100,0.0
2025-06-09 03:00:00,72,14.2,18.3,1009.5,100,0.0
2025-06-09 04:00:00,72,13.9,17.9,1009.2,100,0.0
2025-06-09 05:00:00,76,14.8,18.2,1008.7,100,0.0
2025-06-09 06:00:00,82,15.9,18.7,1008.8,100,27.0
2025-06-09 07:00:00,83,16.7,19.8,1009.1,100,109.0
2025-06-09 08:00:00,80,16.7,19.7,1009.1,100,239.0
2025-06-09 09:00:00,82,17.0,20.3,1009.2,100,194.0
2025-06-09 10:00:00,97,18.4,19.5,1009.4,100,87.0
2025-06-09 11:00:00,95,18.4,19.5,1009.2,100,133.0
2025-06-09 12:00:00,94,18.1,19.4,1008.6,100,131.0
2025-06-09 13:00:00,91,18.5,20.2,1008.3,100,265.0
2025-06-09 14:00:00,88,17.9,19.9,1007.8,100,227.0
2025-06-09 15:00:00,84,17.4,20.3,1007.4,100,278.0
2025-06-09 16:00:00,87,17.4,20.0,1007.0,100,103.0
2025-06-09 17:00:00,90,17.8,19.8,1006.7,100,74.0
2025-06-09 18:00:00,92,18.1,19.9,1006.5,100,57.0
2025-06-09 19:00:00,93,18.0,19.7,1006.6,100,21.0
2025-06-09 20:00:00,94,18.0,19.7,1006.7,100,2.0
2025-06-09 21:00:00,95,18.2,20.0,1007.0,100,0.0
2025-06-09 22:00:00,95,18.5,19.9,1007.4,100,0.0
2025-06-09 23:00:00,94,18.5,19.9,1007.2,100,0.0
2025-06-10 00:00:00,94,18.6,20.2,1007.0,100,0.0
2025-06-10 01:00:00,95,18.6,20.4,1006.9,100,0.0
2025-06-10 02:00:00,95,18.6,20.3,1006.6,100,0.0
2025-06-10 03:00:00,95,18.6,20.5,1006.4,100,0.0
2025-06-10 04:00:00,98,18.9,20.5,1005.9,100,0.0
2025-06-10 05:00:00,98,18.9,20.7,1005.8,100,0.0
2025-06-10 06:00:00,98,19.0,21.3,1006.3,100,3.0
2025-06-10 07:00:00,98,19.3,21.7,1006.8,100,15.0
2025-06-10 08:00:00,98,19.3,22.4,1006.7,100,16.0
2025-06-10 09:00:00,98,20.0,23.0,1007.0,100,135.0
2025-06-10 10:00:00,99,19.9,22.6,1006.4,100,36.0
2025-06-10 11:00:00,98,20.1,23.3,1007.7,100,128.0
2025-06-10 12:00:00,98,20.0,22.0,1006.4,100,123.0
2025-06-10 13:00:00,95,19.9,22.7,1006.6,100,197.0
2025-06-10 14:00:00,98,20.0,22.6,1006.1,100,160.0
2025-06-10 15:00:00,94,20.6,24.5,1006.0,100,199.0
2025-06-10 16:00:00,93,21.3,26.0,1006.1,100,203.0
2025-06-10 17:00:00,98,21.4,25.0,1006.0,100,57.0
2025-06-10 18:00:00,98,21.2,25.0,1006.2,100,52.0
2025-06-10 19:00:00,99,21.0,24.7,1006.7,100,15.0
2025-06-10 20:00:00,99,20.7,24.9,1007.4,100,1.0
2025-06-10 21:00:00,98,20.9,24.3,1008.0,100,0.0
2025-06-10 22:00:00,92,19.9,23.4,1008.6,100,0.0
2025-06-10 23:00:00,93,19.7,23.0,1008.4,91,0.0
2025-06-11 00:00:00,93,19.6,23.1,1008.5,100,0.0
2025-06-11 01:00:00,92,19.5,23.1,1008.7,100,0.0
2025-06-11 02:00:00,95,19.6,22.3,1008.4,100,0.0
2025-06-11 03:00:00,95,19.6,22.0,1008.3,100,0.0
2025-06-11 04:00:00,95,19.0,21.1,1008.0,100,0.0
2025-06-11 05:00:00,94,17.9,19.9,1008.5,100,0.0
2025-06-11 06:00:00,94,17.1,19.2,1009.6,100,2.0
2025-06-11 07:00:00,95,17.9,20.9,1010.2,100,28.0
2025-06-11 08:00:00,95,18.8,22.1,1010.9,100,56.0
2025-06-11 09:00:00,93,19.2,23.4,1011.0,79,148.0
2025-06-11 10:00:00,87,19.4,24.6,1011.1,100,280.0
2025-06-11 11:00:00,88,19.6,25.1,1011.5,100,267.0
2025-06-11 12:00:00,78,19.5,26.8,1011.3,100,528.0
2025-06-11 13:00:00,69,18.5,26.8,1011.3,100,609.0
2025-06-11 14:00:00,74,18.5,24.6,1011.6,100,309.0
2025-06-11 15:00:00,80,19.1,24.3,1011.3,100,208.0
2025-06-11 16:00:00,82,19.4,24.5,1011.3,100,179.0
2025-06-11 17:00:00,84,19.6,24.6,1011.3,100,161.0
2025-06-11 18:00:00,86,19.8,24.6,1011.6,100,121.0
2025-06-11 19:00:00,87,19.5,24.1,1012.0,100,54.0
2025-06-11 20:00:00,89,19.1,23.2,1012.3,100,4.0
2025-06-11 21:00:00,93,18.8,22.7,1013.0,100,0.0
2025-06-11 22:00:00,93,18.7,22.9,1013.5,100,0.0
2025-06-11 23:00:00,95,18.4,22.3,1013.5,99,0.0
2025-06-12 00:00:00,95,18.1,21.6,1013.6,95,0.0
2025-06-12 01:00:00,95,17.5,21.0,1013.7,67,0.0
2025-06-12 02:00:00,95,17.1,20.0,1013.7,84,0.0
2025-06-12 03:00:00,96,17.3,19.7,1013.9,98,0.0
2025-06-12 04:00:00,93,17.5,20.6,1013.9,99,0.0
2025-06-12 05:00:00,94,17.1,20.4,1014.0,100,0.0
2025-06-12 06:00:00,94,17.7,21.4,1014.8,100,7.0
2025-06-12 07:00:00,96,18.1,21.2,1015.1,100,23.0
2025-06-12 08:00:00,97,18.7,21.5,1015.8,100,68.0
2025-06-12 09:00:00,93,19.0,22.3,1016.0,100,156.0
2025-06-12 10:00:00,93,20.3,25.1,1016.3,100,285.0
2025-06-12 11:00:00,82,19.2,24.8,1016.1,100,429.0
2025-06-12 12:00:00,87,19.8,24.8,1016.0,100,280.0
2025-06-12 13:00:00,82,19.6,25.3,1015.5,100,425.0
2025-06-12 14:00:00,79,18.8,24.3,1015.0,100,441.0
2025-06-12 15:00:00,74,17.0,22.9,1015.2,100,301.0
2025-06-12 16:00:00,79,17.0,22.0,1015.3,100,136.0
2025-06-12 17:00:00,94,18.5,21.5,1015.2,100,51.0
2025-06-12 18:00:00,94,18.4,21.2,1015.4,100,31.0
2025-06-12 19:00:00,94,18.0,20.5,1015.3,100,15.0
2025-06-12 20:00:00,95,18.1,20.6,1015.9,100,1.0
2025-06-12 21:00:00,96,18.1,20.2,1016.4,100,0.0
2025-06-12 22:00:00,95,17.8,20.2,1017.0,100,0.0
2025-06-12 23:00:00,95,17.9,20.2,1016.7,100,0.0
2025-06-13 00:00:00,95,17.9,20.4,1016.5,100,0.0
2025-06-13 01:00:00,96,18.0,20.2,1016.4,100,0.0
2025-06-13 02:00:00,97,18.1,20.0,1016.1,100,0.0
2025-06-13 03:00:00,97,18.0,19.3,1015.5,100,0.0
2025-06-13 04:00:00,97,17.6,19.3,1015.5,100,0.0
2025-06-13 05:00:00,97,17.7,19.4,1015.8,100,0.0
2025-06-13 06:00:00,95,17.8,19.6,1015.8,100,7.0
2025-06-13 07:00:00,95,18.3,20.2,1015.9,100,47.0
2025-06-13 08:00:00,94,18.6,21.0,1016.0,100,84.0
2025-06-13 09:00:00,93,19.0,22.1,1016.1,100,153.0
2025-06-13 10:00:00,85,19.6,24.0,1016.0,98,485.0
2025-06-13 11:00:00,82,20.0,25.6,1015.7,100,598.0
2025-06-13 12:00:00,80,20.4,27.0,1015.2,99,688.0
2025-06-13 13:00:00,80,20.6,27.8,1015.0,100,748.0
2025-06-13 14:00:00,82,21.0,27.0,1014.3,100,600.0
2025-06-13 15:00:00,82,21.2,27.4,1013.8,100,553.0
2025-06-13 16:00:00,84,21.1,26.8,1013.2,100,317.0
2025-06-13 17:00:00,86,21.2,26.7,1013.0,100,277.0
2025-06-13 18:00:00,87,20.9,25.9,1013.0,100,149.0
2025-06-13 19:00:00,89,20.5,25.1,1013.2,100,47.0
2025-06-13 20:00:00,92,20.4,24.1,1013.0,100,1.0
2025-06-13 21:00:00,95,20.5,23.2,1013.1,100,0.0
2025-06-13 22:00:00,95,20.8,23.4,1012.7,100,0.0
2025-06-13 23:00:00,95,21.2,24.1,1012.3,100,0.0
2025-06-14 00:00:00,97,21.8,24.2,1011.7,100,0.0
2025-06-14 01:00:00,96,21.5,23.4,1011.1,100,0.0
2025-06-14 02:00:00,97,21.4,23.4,1010.2,100,0.0
2025-06-14 03:00:00,98,21.5,24.1,1009.6,100,0.0
2025-06-14 04:00:00,99,21.2,23.6,1008.9,100,0.0
2025-06-14 05:00:00,99,21.1,23.6,1008.9,100,0.0
2025-06-14 06:00:00,99,21.1,22.8,1008.2,100,5.0
2025-06-14 07:00:00,99,21.2,23.2,1007.8,100,15.0
2025-06-14 08:00:00,98,21.8,24.4,1007.5,100,68.0
2025-06-14 09:00:00,98,22.1,25.4,1006.7,100,85.0
2025-06-14 10:00:00,98,23.0,26.5,1005.9,100,95.0
2025-06-14 11:00:00,99,23.8,28.3,1005.3,100,160.0
2025-06-14 12:00:00,100,23.6,27.6,1004.9,100,120.0
2025-06-14 13:00:00,100,24.0,27.8,1004.0,100,176.0
2025-06-14 14:00:00,99,24.4,28.8,1003.3,100,248.0
2025-06-14 15:00:00,99,24.2,28.4,1002.3,100,174.0
2025-06-14 16:00:00,100,24.4,28.8,1001.4,100,193.0
2025-06-14 17:00:00,100,23.6,27.8,1001.1,100,111.0
2025-06-14 18:00:00,100,23.2,27.2,1000.7,100,53.0
2025-06-14 19:00:00,100,23.1,27.3,1000.6,100,23.0
2025-06-14 20:00:00,98,22.9,27.9,1000.7,74,2.0
2025-06-14 21:00:00,96,22.9,28.0,1000.9,61,0.0
2025-06-14 22:00:00,97,23.2,28.0,1001.2,72,0.0
2025-06-14 23:00:00,99,23.9,27.4,1001.5,100,0.0
2025-06-15 00:00:00,98,23.4,27.8,1001.4,100,0.0
2025-06-15 01:00:00,98,22.6,26.1,1001.3,100,0.0
2025-06-15 02:00:00,96,22.0,25.2,1001.4,100,0.0
2025-06-15 03:00:00,96,21.7,24.2,1001.6,100,0.0
2025-06-15 04:00:00,96,21.3,23.5,1001.8,100,0.0
2025-06-15 05:00:00,95,21.1,23.6,1002.3,100,0.0
2025-06-15 06:00:00,94,20.9,23.7,1002.8,97,12.0
2025-06-15 07:00:00,92,20.8,24.4,1003.2,100,82.0
2025-06-15 08:00:00,88,20.9,25.7,1003.3,100,180.0
2025-06-15 09:00:00,85,21.4,27.6,1003.3,100,317.0
2025-06-15 10:00:00,82,22.5,30.8,1003.1,100,622.0
2025-06-15 11:00:00,82,23.4,32.8,1002.6,100,709.0
2025-06-15 12:00:00,77,23.5,34.6,1002.4,99,807.0
2025-06-15 13:00:00,78,24.1,35.0,1002.0,99,711.0
2025-06-15 14:00:00,72,23.6,35.4,1001.5,52,704.0
2025-06-15 15:00:00,78,24.3,34.0,1001.4,91,704.0
2025-06-15 16:00:00,89,24.9,32.3,1001.5,99,562.0
2025-06-15 17:00:00,97,24.1,30.0,1002.1,95,299.0
2025-06-15 18:00:00,98,24.2,30.4,1001.9,97,117.0
2025-06-15 19:00:00,98,24.0,29.5,1002.1,100,64.0
2025-06-15 20:00:00,99,23.5,28.4,1002.2,100,2.0
2025-06-15 21:00:00,99,23.0,27.3,1002.5,100,0.0
2025-06-15 22:00:00,100,22.6,26.8,1003.4,100,0.0
2025-06-15 23:00:00,100,22.6,26.9,1003.1,100,0.0
2025-06-16 00:00:00,99,22.7,27.2,1002.7,100,0.0
2025-06-16 01:00:00,98,22.9,27.4,1002.2,93,0.0
2025-06-16 02:00:00,98,22.7,27.3,1001.9,89,0.0
2025-06-16 03:00:00,97,22.4,27.0,1001.8,100,0.0
2025-06-16 04:00:00,95,22.4,27.2,1001.6,98,0.0
2025-06-16 05:00:00,94,22.5,26.9,1001.7,100,0.0
2025-06-16 06:00:00,96,22.8,26.8,1001.9,100,13.0
2025-06-16 07:00:00,93,23.4,27.6,1002.1,100,42.0
2025-06-16 08:00:00,91,23.9,28.8,1002.3,96,128.0
2025-06-16 09:00:00,88,23.8,29.3,1002.4,99,229.0
2025-06-16 10:00:00,81,24.9,33.2,1002.6,27,623.0
2025-06-16 11:00:00,75,24.4,34.6,1002.6,50,782.0
2025-06-16 12:00:00,68,23.8,35.5,1002.1,45,877.0
2025-06-16 13:00:00,70,24.2,35.3,1001.6,99,791.0
2025-06-16 14:00:00,69,23.4,32.0,1001.3,91,561.0
2025-06-16 15:00:00,79,23.4,28.5,1002.0,100,400.0
2025-06-16 16:00:00,83,23.6,29.7,1002.1,100,322.0
2025-06-16 17:00:00,88,22.5,27.1,1002.7,95,253.0
2025-06-16 18:00:00,84,21.0,25.3,1003.2,37,227.0
2025-06-16 19:00:00,85,20.7,25.7,1003.8,63,85.0
2025-06-16 20:00:00,89,20.6,26.1,1004.5,17,5.0
2025-06-16 21:00:00,91,20.5,26.0,1005.3,2,0.0
2025-06-16 22:00:00,90,20.0,25.4,1005.7,0,0.0
2025-06-16 23:00:00,88,19.8,25.2,1006.2,0,0.0
2025-06-17 00:00:00,88,19.7,25.1,1006.4,0,0.0
2025-06-17 01:00:00,89,19.7,24.9,1006.6,3,0.0
2025-06-17 02:00:00,90,19.6,24.8,1006.5,100,0.0
2025-06-17 03:00:00,91,19.9,25.2,1006.7,23,0.0
2025-06-17 04:00:00,92,19.7,24.6,1007.2,100,0.0
2025-06-17 05:00:00,93,20.0,24.3,1007.9,43,0.0
2025-06-17 06:00:00,93,20.2,24.8,1008.4,22,31.0
2025-06-17 07:00:00,89,21.3,27.5,1008.6,35,169.0
2025-06-17 08:00:00,83,21.4,28.3,1008.5,99,342.0
2025-06-17 09:00:00,81,21.7,29.1,1008.3,83,463.0
2025-06-17 10:00:00,86,22.0,28.6,1008.6,8,358.0
2025-06-17 11:00:00,80,22.5,32.3,1008.5,12,836.0
2025-06-17 12:00:00,81,23.5,34.2,1008.0,8,897.0
2025-06-17 13:00:00,80,24.0,35.1,1007.4,60,904.0
2025-06-17 14:00:00,85,24.4,33.1,1007.3,26,732.0
2025-06-17 15:00:00,84,24.5,33.5,1007.5,70,748.0
2025-06-17 16:00:00,85,24.1,31.4,1007.5,15,564.0
2025-06-17 17:00:00,87,23.8,30.3,1007.7,44,431.0
2025-06-17 18:00:00,89,23.5,29.8,1008.0,100,246.0
2025-06-17 19:00:00,93,23.0,28.5,1008.7,41,34.0
2025-06-17 20:00:00,97,22.2,26.8,1009.2,68,5.0
2025-06-17 21:00:00,98,22.0,26.9,1009.8,85,0.0
2025-06-17 22:00:00,90,21.6,26.9,1010.0,100,0.0
2025-06-17 23:00:00,94,21.9,26.8,1010.2,70,0.0
2025-06-18 00:00:00,98,21.9,26.4,1010.3,96,0.0
2025-06-18 01:00:00,97,22.0,27.0,1010.4,87,0.0
2025-06-18 02:00:00,98,21.9,26.6,1010.2,57,0.0
2025-06-18 03:00:00,98,21.5,25.8,1010.5,58,0.0
2025-06-18 04:00:00,98,21.1,25.4,1010.3,91,0.0
2025-06-18 05:00:00,98,21.0,25.6,1011.0,100,0.0
2025-06-18 06:00:00,93,21.9,27.6,1011.3,100,26.0
2025-06-18 07:00:00,87,22.5,29.2,1011.6,65,145.0
2025-06-18 08:00:00,82,22.8,30.6,1012.0,1,356.0
2025-06-18 09:00:00,79,22.9,31.6,1012.1,34,546.0
2025-06-18 10:00:00,78,23.1,33.0,1012.1,93,691.0
2025-06-18 11:00:00,73,22.9,34.0,1012.1,100,778.0
2025-06-18 12:00:00,68,22.2,34.7,1012.0,100,838.0
2025-06-18 13:00:00,70,22.7,33.6,1012.0,98,785.0
2025-06-18 14:00:00,70,22.4,31.5,1011.9,97,650.0
2025-06-18 15:00:00,72,21.9,30.1,1011.9,100,596.0
2025-06-18 16:00:00,74,22.0,29.8,1011.9,97,533.0
2025-06-18 17:00:00,76,21.9,29.1,1012.1,83,406.0
2025-06-18 18:00:00,80,21.6,28.1,1012.3,7,207.0
2025-06-18 19:00:00,84,21.5,27.1,1012.6,3,92.0
2025-06-18 20:00:00,86,21.0,25.9,1013.0,5,6.0
2025-06-18 21:00:00,89,20.9,25.6,1013.5,0,0.0
2025-06-18 22:00:00,87,21.0,26.3,1013.6,0,0.0
2025-06-18 23:00:00,89,20.9,25.8,1013.8,0,0.0
2025-06-19 00:00:00,92,20.7,25.6,1013.5,77,0.0
2025-06-19 01:00:00,95,19.9,24.1,1013.6,99,0.0
2025-06-19 02:00:00,95,19.9,23.9,1013.8,100,0.0
2025-06-19 03:00:00,96,19.5,23.3,1014.1,100,0.0
2025-06-19 04:00:00,97,19.4,22.9,1014.3,100,0.0
2025-06-19 05:00:00,96,19.1,22.5,1014.5,100,0.0
2025-06-19 06:00:00,96,19.4,23.1,1014.6,0,33.0
2025-06-19 07:00:00,96,21.5,26.5,1014.8,2,178.0
2025-06-19 08:00:00,89,21.4,27.1,1015.5,3,370.0
2025-06-19 09:00:00,84,21.6,29.1,1015.3,0,561.0
2025-06-19 10:00:00,77,21.8,31.4,1015.2,4,721.0
2025-06-19 11:00:00,76,22.1,33.0,1014.9,18,843.0
2025-06-19 12:00:00,69,21.4,33.9,1014.5,34,917.0
2025-06-19 13:00:00,65,21.4,35.3,1013.9,4,935.0
2025-06-19 14:00:00,71,23.0,35.7,1013.2,48,896.0
2025-06-19 15:00:00,86,25.9,36.4,1012.9,17,792.0
2025-06-19 16:00:00,79,24.5,33.9,1012.9,24,646.0
2025-06-19 17:00:00,63,20.7,31.1,1012.6,88,462.0
2025-06-19 18:00:00,67,20.8,30.3,1012.5,4,267.0
2025-06-19 19:00:00,75,20.9,28.4,1012.9,5,99.0
2025-06-19 20:00:00,80,20.8,27.5,1013.2,32,6.0
2025-06-19 21:00:00,87,21.0,27.1,1013.5,24,0.0
2025-06-19 22:00:00,90,21.0,26.7,1014.2,16,0.0
2025-06-19 23:00:00,93,20.9,26.2,1014.1,13,0.0
2025-06-20 00:00:00,93,20.7,26.1,1014.0,33,0.0
2025-06-20 01:00:00,91,20.3,25.6,1013.5,100,0.0
2025-06-20 02:00:00,89,20.0,25.6,1013.3,100,0.0
2025-06-20 03:00:00,89,19.8,25.0,1012.9,100,0.0
2025-06-20 04:00:00,85,19.0,24.1,1012.7,31,0.0
2025-06-20 05:00:00,85,19.0,24.0,1013.0,100,0.0
2025-06-20 06:00:00,92,20.9,24.9,1013.1,100,29.0
2025-06-20 07:00:00,89,21.3,26.4,1013.2,46,157.0
2025-06-20 08:00:00,82,21.4,27.5,1012.8,99,352.0
2025-06-20 09:00:00,77,21.4,28.5,1012.7,92,528.0
2025-06-20 10:00:00,73,21.8,30.7,1012.3,97,703.0
2025-06-20 11:00:00,74,22.3,32.0,1012.0,100,804.0
2025-06-20 12:00:00,73,22.6,32.7,1011.9,98,863.0
2025-06-20 13:00:00,70,22.0,32.4,1011.4,100,868.0
2025-06-20 14:00:00,71,22.0,31.9,1011.0,100,811.0
2025-06-20 15:00:00,74,22.6,31.4,1010.2,100,725.0
2025-06-20 16:00:00,78,23.4,30.8,1010.1,100,552.0
2025-06-20 17:00:00,82,23.6,30.4,1009.6,100,389.0
2025-06-20 18:00:00,86,24.0,30.9,1009.9,100,209.0
2025-06-20 19:00:00,89,24.3,31.2,1010.4,100,88.0
2025-06-20 20:00:00,93,24.0,30.2,1010.6,100,5.0
2025-06-20 21:00:00,95,23.6,29.1,1011.0,100,0.0
2025-06-20 22:00:00,92,23.5,30.0,1011.6,100,0.0
2025-06-20 23:00:00,94,23.5,29.7,1011.5,100,0.0
2025-06-21 00:00:00,94,23.4,29.2,1011.2,100,0.0
2025-06-21 01:00:00,96,23.2,28.4,1010.8,100,0.0
2025-06-21 02:00:00,96,23.0,28.0,1010.3,100,0.0
2025-06-21 03:00:00,95,22.9,28.3,1010.6,100,0.0
2025-06-21 04:00:00,94,22.8,27.9,1010.3,100,0.0
2025-06-21 05:00:00,92,22.6,27.7,1010.0,100,0.0
2025-06-21 06:00:00,91,22.6,28.0,1009.9,100,19.0
2025-06-21 07:00:00,91,23.0,28.4,1009.8,100,59.0
2025-06-21 08:00:00,92,23.5,29.1,1009.8,100,88.0
2025-06-21 09:00:00,85,23.9,31.0,1009.7,100,350.0
2025-06-21 10:00:00,82,24.1,31.4,1009.3,100,355.0
2025-06-21 11:00:00,78,24.2,32.3,1008.8,100,508.0
2025-06-21 12:00:00,81,24.8,32.9,1008.4,100,452.0
2025-06-21 13:00:00,84,25.4,33.8,1007.9,100,476.0
2025-06-21 14:00:00,85,25.7,34.9,1007.4,100,387.0
2025-06-21 15:00:00,81,25.4,35.4,1007.0,100,333.0
2025-06-21 16:00:00,81,25.1,34.9,1006.5,100,324.0
2025-06-21 17:00:00,91,25.5,32.8,1006.3,86,175.0
2025-06-21 18:00:00,95,25.8,32.5,1006.4,25,216.0
2025-06-21 19:00:00,91,24.5,31.0,1006.6,98,92.0
2025-06-21 20:00:00,83,23.1,30.5,1007.0,100,6.0
2025-06-21 21:00:00,81,22.6,30.1,1007.4,99,0.0
2025-06-21 22:00:00,84,23.0,29.5,1007.8,100,0.0
2025-06-21 23:00:00,81,22.5,28.7,1007.5,100,0.0
2025-06-22 00:00:00,79,22.1,28.5,1007.0,100,0.0
2025-06-22 01:00:00,79,22.1,28.7,1006.4,88,0.0
2025-06-22 02:00:00,81,22.2,28.8,1006.3,66,0.0
2025-06-22 03:00:00,82,22.2,28.9,1006.3,78,0.0
2025-06-22 04:00:00,83,22.2,28.9,1006.1,92,0.0
2025-06-22 05:00:00,83,22.2,28.7,1006.5,79,0.0
2025-06-22 06:00:00,85,22.9,29.1,1006.9,100,22.0
2025-06-22 07:00:00,85,23.4,29.6,1007.1,100,59.0
2025-06-22 08:00:00,86,23.5,29.9,1007.3,99,69.0
2025-06-22 09:00:00,81,23.3,30.4,1007.2,100,186.0
2025-06-22 10:00:00,82,24.0,31.5,1007.1,100,281.0
2025-06-22 11:00:00,83,24.0,32.0,1007.0,100,247.0
2025-06-22 12:00:00,87,24.3,31.6,1006.5,100,208.0
2025-06-22 13:00:00,87,24.6,32.4,1005.8,100,315.0
2025-06-22 14:00:00,79,23.5,32.2,1005.5,100,206.0
2025-06-22 15:00:00,87,23.9,30.8,1005.7,100,200.0
2025-06-22 16:00:00,97,24.1,29.7,1005.8,100,99.0
2025-06-22 17:00:00,97,23.5,29.1,1006.0,100,90.0
2025-06-22 18:00:00,98,23.4,28.5,1006.0,100,47.0
2025-06-22 19:00:00,99,22.9,27.5,1006.7,100,11.0
2025-06-22 20:00:00,99,22.7,28.1,1006.6,100,1.0
2025-06-22 21:00:00,100,22.7,27.2,1007.2,100,0.0
2025-06-22 22:00:00,98,23.0,28.5,1007.2,100,0.0
2025-06-22 23:00:00,99,22.7,27.9,1007.1,100,0.0
2025-06-23 00:00:00,99,22.8,27.8,1006.8,100,0.0
2025-06-23 01:00:00,99,22.9,27.7,1006.8,100,0.0
2025-06-23 02:00:00,98,22.8,27.5,1006.5,100,0.0
2025-06-23 03:00:00,99,22.3,26.6,1007.2,100,0.0
2025-06-23 04:00:00,94,20.8,24.3,1006.9,100,0.0
2025-06-23 05:00:00,95,20.4,24.7,1006.9,100,0.0
2025-06-23 06:00:00,96,20.4,24.2,1007.3,100,5.0
2025-06-23 07:00:00,94,20.5,25.1,1007.6,100,32.0
2025-06-23 08:00:00,87,19.8,25.2,1007.7,99,112.0
2025-06-23 09:00:00,81,19.5,26.0,1007.6,100,218.0
2025-06-23 10:00:00,79,21.6,30.7,1007.8,5,674.0
2025-06-23 11:00:00,75,21.7,32.0,1007.7,69,792.0
2025-06-23 12:00:00,73,22.1,33.2,1007.3,98,788.0
2025-06-23 13:00:00,73,21.9,31.3,1007.0,39,729.0
2025-06-23 14:00:00,76,22.1,30.4,1006.9,100,726.0
2025-06-23 15:00:00,78,22.4,30.3,1006.4,100,556.0
2025-06-23 16:00:00,82,22.8,30.6,1006.3,100,509.0
2025-06-23 17:00:00,89,23.0,29.7,1006.3,100,214.0
2025-06-23 18:00:00,93,22.9,28.6,1006.5,99,130.0
2025-06-23 19:00:00,93,22.6,28.1,1007.1,83,66.0
2025-06-23 20:00:00,95,22.6,27.9,1007.5,100,5.0
2025-06-23 21:00:00,96,22.6,28.2,1008.1,100,0.0
2025-06-23 22:00:00,99,23.2,28.3,1007.9,100,0.0
2025-06-23 23:00:00,99,23.1,28.2,1008.0,100,0.0
2025-06-24 00:00:00,98,23.0,27.4,1008.2,100,0.0
2025-06-24 01:00:00,99,22.9,27.2,1008.5,100,0.0
2025-06-24 02:00:00,99,23.0,27.1,1008.0,100,0.0
2025-06-24 03:00:00,98,23.0,27.1,1008.0,100,0.0
2025-06-24 04:00:00,98,23.1,27.4,1007.9,100,0.0
2025-06-24 05:00:00,98,23.0,27.6,1008.4,100,0.0
2025-06-24 06:00:00,98,23.1,27.5,1008.6,100,4.0
2025-06-24 07:00:00,98,23.5,28.0,1009.1,100,64.0
2025-06-24 08:00:00,99,23.6,28.0,1009.4,100,66.0
2025-06-24 09:00:00,92,23.7,28.9,1009.5,100,286.0
2025-06-24 10:00:00,94,23.7,28.6,1009.8,99,189.0
2025-06-24 11:00:00,89,24.1,29.7,1009.6,100,552.0
2025-06-24 12:00:00,85,23.9,30.4,1009.6,100,517.0
2025-06-24 13:00:00,89,23.9,29.8,1009.2,100,278.0
2025-06-24 14:00:00,90,24.0,29.7,1008.9,100,367.0
2025-06-24 15:00:00,93,24.0,28.7,1008.6,100,266.0
2025-06-24 16:00:00,97,24.0,28.3,1008.2,100,167.0
2025-06-24 17:00:00,98,23.9,27.8,1008.1,100,73.0
2025-06-24 18:00:00,98,23.8,27.6,1008.2,100,25.0
2025-06-24 19:00:00,97,23.7,26.9,1008.0,100,10.0
2025-06-24 20:00:00,96,23.9,27.3,1008.7,100,1.0
2025-06-24 21:00:00,96,23.5,28.0,1009.5,100,0.0
2025-06-24 22:00:00,98,24.0,28.2,1010.3,100,0.0
2025-06-24 23:00:00,98,23.8,27.7,1010.3,100,0.0
2025-06-25 00:00:00,97,23.6,27.3,1009.9,100,0.0
2025-06-25 01:00:00,97,23.5,26.9,1009.6,97,0.0
2025-06-25 02:00:00,97,23.5,27.3,1009.5,100,0.0
2025-06-25 03:00:00,97,23.5,27.6,1009.3,100,0.0
2025-06-25 04:00:00,97,23.5,27.9,1009.3,99,0.0
2025-06-25 05:00:00,97,23.3,27.4,1009.2,99,0.0
2025-06-25 06:00:00,97,23.5,27.8,1009.4,97,21.0
2025-06-25 07:00:00,94,23.7,28.7,1009.6,100,126.0
2025-06-25 08:00:00,89,23.6,29.8,1010.2,92,288.0
2025-06-25 09:00:00,89,24.5,31.1,1010.1,100,430.0
2025-06-25 10:00:00,88,24.4,31.8,1010.4,100,245.0
2025-06-25 11:00:00,92,25.4,32.9,1009.8,95,394.0
2025-06-25 12:00:00,88,26.0,34.6,1009.4,97,639.0
2025-06-25 13:00:00,91,25.4,31.8,1009.3,100,510.0
2025-06-25 14:00:00,91,25.5,33.8,1009.5,99,337.0
2025-06-25 15:00:00,88,24.0,31.6,1009.5,100,296.0
2025-06-25 16:00:00,87,24.5,32.0,1009.1,99,444.0
2025-06-25 17:00:00,87,24.1,31.7,1008.9,90,281.0
2025-06-25 18:00:00,86,23.6,31.6,1008.7,56,165.0
2025-06-25 19:00:00,89,23.1,29.6,1008.8,73,81.0
2025-06-25 20:00:00,91,22.2,27.4,1009.2,90,4.0
2025-06-25 21:00:00,92,21.6,26.4,1009.6,99,0.0
2025-06-25 22:00:00,93,21.5,25.6,1009.9,100,0.0
2025-06-25 23:00:00,96,21.5,25.4,1009.7,99,0.0
2025-06-26 00:00:00,96,21.3,25.7,1009.5,100,0.0
2025-06-26 01:00:00,96,21.4,25.8,1009.5,100,0.0
2025-06-26 02:00:00,95,21.6,25.5,1009.7,100,0.0
2025-06-26 03:00:00,94,21.5,24.9,1009.5,100,0.0
2025-06-26 04:00:00,92,21.0,24.7,1009.7,100,0.0
2025-06-26 05:00:00,91,20.5,24.2,1009.9,100,0.0
2025-06-26 06:00:00,90,20.4,24.2,1010.2,100,25.0
2025-06-26 07:00:00,86,20.5,25.1,1010.1,100,135.0
2025-06-26 08:00:00,82,20.4,26.2,1010.1,100,291.0
2025-06-26 09:00:00,77,20.5,27.4,1010.5,100,493.0
2025-06-26 10:00:00,73,20.8,29.9,1010.2,100,687.0
2025-06-26 11:00:00,68,20.3,31.0,1009.8,100,764.0
2025-06-26 12:00:00,63,19.6,31.3,1009.6,100,815.0
2025-06-26 13:00:00,57,18.6,32.0,1009.3,80,937.0
2025-06-26 14:00:00,56,18.5,31.6,1008.8,100,900.0
2025-06-26 15:00:00,58,18.9,30.5,1008.8,100,748.0
2025-06-26 16:00:00,61,19.1,29.0,1008.2,99,598.0
2025-06-26 17:00:00,62,18.8,27.9,1008.0,97,464.0
2025-06-26 18:00:00,66,18.6,26.7,1008.3,98,234.0
2025-06-26 19:00:00,70,18.4,25.6,1008.5,99,97.0
2025-06-26 20:00:00,75,18.7,25.1,1008.8,100,6.0
2025-06-26 21:00:00,80,19.4,25.1,1009.2,100,0.0
2025-06-26 22:00:00,79,19.5,25.3,1009.6,99,0.0
2025-06-26 23:00:00,81,19.5,25.0,1009.6,95,0.0
2025-06-27 00:00:00,83,19.6,24.9,1009.5,53,0.0
2025-06-27 01:00:00,86,20.0,24.9,1008.9,74,0.0
2025-06-27 02:00:00,88,20.1,24.7,1008.6,16,0.0
2025-06-27 03:00:00,91,20.3,24.6,1008.5,8,0.0
2025-06-27 04:00:00,91,20.4,24.4,1008.7,96,0.0
2025-06-27 05:00:00,91,20.2,24.4,1008.8,98,0.0
2025-06-27 06:00:00,89,20.3,24.9,1009.2,64,30.0
2025-06-27 07:00:00,84,20.5,26.2,1009.4,92,164.0
2025-06-27 08:00:00,79,20.4,27.1,1009.4,61,353.0
2025-06-27 09:00:00,73,20.1,28.0,1009.4,97,540.0
2025-06-27 10:00:00,68,20.1,30.1,1009.6,63,707.0
2025-06-27 11:00:00,61,19.4,31.3,1009.3,25,837.0
2025-06-27 12:00:00,57,19.0,32.0,1008.9,25,910.0
2025-06-27 13:00:00,51,17.8,31.6,1008.3,69,925.0
2025-06-27 14:00:00,49,17.0,30.7,1008.0,100,881.0
2025-06-27 15:00:00,51,17.1,30.0,1007.8,96,781.0
2025-06-27 16:00:00,53,17.3,28.4,1007.7,35,560.0
2025-06-27 17:00:00,57,17.8,27.8,1007.4,4,456.0
2025-06-27 18:00:00,64,18.7,27.0,1007.4,43,278.0
2025-06-27 19:00:00,69,18.6,26.0,1007.7,7,103.0
2025-06-27 20:00:00,71,18.3,25.1,1008.0,24,7.0
2025-06-27 21:00:00,75,18.5,24.8,1008.7,2,0.0
2025-06-27 22:00:00,78,19.2,25.5,1009.1,17,0.0
2025-06-27 23:00:00,80,19.6,25.3,1009.2,2,0.0
2025-06-28 00:00:00,85,20.4,25.4,1009.3,0,0.0
2025-06-28 01:00:00,90,21.2,25.9,1008.9,9,0.0
2025-06-28 02:00:00,93,21.8,26.3,1008.5,63,0.0
2025-06-28 03:00:00,95,22.1,26.4,1008.6,87,0.0
2025-06-28 04:00:00,96,22.6,27.2,1008.7,100,0.0
2025-06-28 05:00:00,96,23.0,28.1,1008.7,98,0.0
2025-06-28 06:00:00,96,23.2,28.5,1008.8,88,12.0
2025-06-28 07:00:00,94,23.5,29.3,1008.9,87,65.0
2025-06-28 08:00:00,90,23.6,30.0,1008.7,40,182.0
2025-06-28 09:00:00,84,23.7,30.9,1008.6,57,403.0
2025-06-28 10:00:00,77,23.2,31.9,1008.6,26,618.0
2025-06-28 11:00:00,72,22.9,33.1,1008.4,17,798.0
2025-06-28 12:00:00,71,22.9,33.5,1008.2,25,865.0
2025-06-28 13:00:00,72,23.2,33.8,1007.9,12,857.0
2025-06-28 14:00:00,72,23.2,33.7,1007.4,17,859.0
2025-06-28 15:00:00,74,23.6,33.6,1007.2,39,775.0
2025-06-28 16:00:00,75,24.0,33.2,1006.7,2,638.0
2025-06-28 17:00:00,77,24.0,32.4,1006.6,1,464.0
2025-06-28 18:00:00,81,23.9,31.5,1006.7,0,276.0
2025-06-28 19:00:00,86,23.8,30.3,1006.9,0,103.0
2025-06-28 20:00:00,91,23.6,29.4,1007.4,0,7.0
2025-06-28 21:00:00,93,23.6,29.2,1008.0,0,0.0
2025-06-28 22:00:00,95,24.3,30.3,1008.1,22,0.0
2025-06-28 23:00:00,96,24.2,30.0,1008.1,59,0.0
2025-06-29 00:00:00,97,24.2,29.8,1008.1,100,0.0
2025-06-29 01:00:00,99,24.2,29.8,1007.8,100,0.0
2025-06-29 02:00:00,99,24.1,29.6,1007.6,100,0.0
2025-06-29 03:00:00,100,24.0,29.5,1007.7,100,0.0
2025-06-29 04:00:00,100,24.0,29.3,1007.9,100,0.0
2025-06-29 05:00:00,100,23.9,29.3,1008.0,100,0.0
2025-06-29 06:00:00,99,23.8,29.2,1008.4,100,19.0
2025-06-29 07:00:00,95,23.8,29.8,1008.6,100,112.0
2025-06-29 08:00:00,90,23.8,30.8,1008.8,100,267.0
2025-06-29 09:00:00,86,23.9,31.6,1009.2,94,421.0
2025-06-29 10:00:00,79,24.0,33.5,1009.7,54,608.0
2025-06-29 11:00:00,79,24.5,35.6,1009.6,1,782.0
2025-06-29 12:00:00,76,24.7,37.0,1009.4,0,854.0
2025-06-29 13:00:00,73,24.8,38.3,1008.9,0,908.0
2025-06-29 14:00:00,69,24.4,38.0,1008.5,0,880.0
2025-06-29 15:00:00,65,23.2,36.3,1008.3,0,782.0
2025-06-29 16:00:00,59,21.5,34.2,1008.2,0,636.0
2025-06-29 17:00:00,60,21.1,32.9,1008.3,1,455.0
2025-06-29 18:00:00,68,22.0,32.3,1008.3,4,263.0
2025-06-29 19:00:00,79,23.1,31.8,1008.5,7,99.0
2025-06-29 20:00:00,91,23.8,31.3,1008.7,1,6.0
2025-06-29 21:00:00,95,23.6,30.2,1009.5,6,0.0
2025-06-29 22:00:00,96,24.4,31.1,1010.0,0,0.0
2025-06-29 23:00:00,98,24.2,30.5,1010.1,7,0.0
2025-06-30 00:00:00,99,24.1,29.6,1010.2,42,0.0
2025-06-30 01:00:00,98,23.9,29.1,1010.2,94,0.0
2025-06-30 02:00:00,96,23.6,29.1,1010.3,37,0.0
2025-06-30 03:00:00,95,23.5,29.2,1010.5,20,0.0
2025-06-30 04:00:00,94,23.4,29.0,1010.4,10,0.0
2025-06-30 05:00:00,94,23.5,29.0,1010.8,5,0.0
2025-06-30 06:00:00,95,23.8,29.3,1011.3,3,27.0
2025-06-30 07:00:00,91,24.0,30.1,1011.7,52,157.0
2025-06-30 08:00:00,87,24.4,31.4,1011.9,59,328.0
2025-06-30 09:00:00,86,24.9,32.8,1011.8,20,491.0
2025-06-30 10:00:00,84,25.4,34.3,1012.3,0,630.0
2025-06-30 11:00:00,83,25.5,35.4,1012.3,0,749.0
2025-06-30 12:00:00,79,25.2,36.4,1012.0,2,868.0
2025-06-30 13:00:00,78,25.4,36.8,1011.6,5,896.0
2025-06-30 14:00:00,78,25.5,36.7,1011.3,4,853.0
2025-06-30 15:00:00,79,25.6,36.8,1011.1,6,767.0
2025-06-30 16:00:00,79,25.6,36.0,1011.0,11,601.0
2025-06-30 17:00:00,82,25.8,35.3,1010.9,9,432.0
2025-06-30 18:00:00,86,25.5,34.2,1011.2,14,247.0
2025-06-30 19:00:00,88,24.9,32.6,1011.6,5,90.0
2025-06-30 20:00:00,91,24.5,31.4,1011.9,16,6.0
2025-06-30 21:00:00,91,24.1,30.8,1012.6,96,0.0
2025-06-30 22:00:00,95,24.7,31.2,1012.6,7,0.0
2025-06-30 23:00:00,94,24.4,31.0,1012.8,3,0.0
2025-07-01 00:00:00,94,24.2,30.6,1012.7,0,0.0
2025-07-01 01:00:00,93,24.0,30.4,1012.8,0,0.0
2025-07-01 02:00:00,94,23.8,30.0,1012.7,0,0.0
2025-07-01 03:00:00,94,23.7,29.9,1013.2,0,0.0
2025-07-01 04:00:00,94,23.6,29.7,1013.5,0,0.0
2025-07-01 05:00:00,95,23.6,29.5,1013.7,0,0.0
2025-07-01 06:00:00,95,23.9,29.7,1014.0,0,27.0
2025-07-01 07:00:00,93,24.4,30.9,1014.3,15,157.0
2025-07-01 08:00:00,90,25.0,32.5,1014.4,6,337.0
2025-07-01 09:00:00,86,25.4,34.1,1014.5,7,521.0
2025-07-01 10:00:00,85,25.9,36.0,1014.7,72,689.0
2025-07-01 11:00:00,83,26.0,37.3,1014.6,100,811.0
2025-07-01 12:00:00,79,26.0,38.7,1014.2,100,844.0
2025-07-01 13:00:00,75,25.6,38.1,1013.7,100,820.0
2025-07-01 14:00:00,68,24.5,37.5,1013.2,100,818.0
2025-07-01 15:00:00,65,24.0,36.4,1012.9,100,710.0
2025-07-01 16:00:00,67,24.0,34.7,1012.5,100,556.0
2025-07-01 17:00:00,74,24.8,34.5,1012.3,100,382.0
2025-07-01 18:00:00,79,25.0,34.1,1012.1,100,208.0
2025-07-01 19:00:00,83,25.0,33.7,1012.3,100,82.0
2025-07-01 20:00:00,87,24.9,33.0,1012.5,100,6.0
2025-07-01 21:00:00,91,25.0,32.5,1013.2,96,0.0
2025-07-01 22:00:00,94,25.2,32.8,1013.6,68,0.0
2025-07-01 23:00:00,98,25.4,32.2,1013.3,7,0.0
2025-07-02 00:00:00,100,25.3,31.7,1013.4,1,0.0
2025-07-02 01:00:00,100,24.9,31.1,1013.2,96,0.0
2025-07-02 02:00:00,99,24.5,30.5,1013.4,80,0.0
2025-07-02 03:00:00,98,24.2,29.8,1013.6,23,0.0
2025-07-02 04:00:00,94,24.0,29.8,1013.5,17,0.0
2025-07-02 05:00:00,96,24.1,30.1,1013.9,21,0.0
2025-07-02 06:00:00,96,24.5,30.5,1014.3,63,25.0
2025-07-02 07:00:00,92,24.9,31.2,1014.2,88,139.0
2025-07-02 08:00:00,85,24.5,31.9,1014.1,44,296.0
2025-07-02 09:00:00,81,24.5,33.1,1014.3,21,501.0
2025-07-02 10:00:00,74,24.2,35.3,1014.1,4,683.0
2025-07-02 11:00:00,69,24.0,36.8,1013.9,97,817.0
2025-07-02 12:00:00,59,22.4,37.0,1013.4,100,897.0
2025-07-02 13:00:00,54,21.5,36.8,1012.8,100,918.0
2025-07-02 14:00:00,55,21.9,36.9,1012.4,100,877.0
2025-07-02 15:00:00,57,22.3,36.5,1011.9,100,783.0
2025-07-02 16:00:00,59,22.5,35.5,1011.3,100,638.0
2025-07-02 17:00:00,62,22.8,34.7,1011.2,100,460.0
2025-07-02 18:00:00,68,23.4,34.1,1011.5,99,260.0
2025-07-02 19:00:00,75,23.6,32.6,1011.8,99,97.0
2025-07-02 20:00:00,81,23.5,31.4,1011.8,21,7.0
2025-07-02 21:00:00,85,23.5,31.0,1011.9,16,0.0
2025-07-02 22:00:00,92,24.8,31.8,1012.2,98,0.0
2025-07-02 23:00:00,93,24.4,30.9,1011.9,30,0.0
2025-07-03 00:00:00,90,23.6,30.2,1011.8,93,0.0
2025-07-03 01:00:00,87,22.8,29.8,1011.7,98,0.0
2025-07-03 02:00:00,86,22.5,29.6,1011.7,100,0.0
2025-07-03 03:00:00,91,23.2,29.3,1011.8,94,0.0
2025-07-03 04:00:00,94,23.9,29.6,1011.6,88,0.0
2025-07-03 05:00:00,96,24.1,29.8,1011.8,97,0.0
2025-07-03 06:00:00,96,24.2,29.9,1012.3,97,21.0
2025-07-03 07:00:00,88,24.0,30.7,1012.6,55,114.0
2025-07-03 08:00:00,81,23.7,31.8,1012.6,54,285.0
2025-07-03 09:00:00,79,24.3,33.4,1012.6,100,514.0
2025-07-03 10:00:00,71,23.9,35.4,1012.6,58,698.0
2025-07-03 11:00:00,65,23.4,36.2,1012.4,26,821.0
2025-07-03 12:00:00,61,23.0,37.0,1011.6,64,899.0
2025-07-03 13:00:00,56,22.2,37.3,1011.0,43,923.0
2025-07-03 14:00:00,53,21.8,37.4,1010.2,100,879.0
2025-07-03 15:00:00,52,21.5,36.2,1009.9,94,763.0
2025-07-03 16:00:00,55,21.6,35.0,1009.5,26,630.0
2025-07-03 17:00:00,58,21.8,34.0,1009.3,1,469.0
2025-07-03 18:00:00,62,22.1,33.7,1009.3,3,279.0
2025-07-03 19:00:00,67,22.5,33.1,1009.6,8,104.0
2025-07-03 20:00:00,71,22.5,32.0,1009.8,8,7.0
2025-07-03 21:00:00,76,22.8,31.2,1010.2,1,0.0
2025-07-03 22:00:00,83,24.1,32.3,1010.1,72,0.0
2025-07-03 23:00:00,86,24.3,31.8,1009.9,100,0.0
2025-07-04 00:00:00,88,24.5,31.6,1010.1,97,0.0
2025-07-04 01:00:00,88,24.5,31.3,1009.8,98,0.0
2025-07-04 02:00:00,88,24.5,31.1,1009.6,90,0.0
2025-07-04 03:00:00,90,24.6,31.1,1009.7,100,0.0
2025-07-04 04:00:00,91,24.8,31.2,1009.5,20,0.0
2025-07-04 05:00:00,92,24.6,30.9,1009.1,35,0.0
2025-07-04 06:00:00,91,24.5,31.2,1009.0,32,26.0
2025-07-04 07:00:00,85,24.4,31.9,1009.3,8,158.0
2025-07-04 08:00:00,80,24.1,32.3,1009.6,23,340.0
2025-07-04 09:00:00,75,23.9,33.0,1009.7,24,525.0
2025-07-04 10:00:00,68,23.5,35.2,1010.1,7,693.0
2025-07-04 11:00:00,65,23.4,36.8,1009.9,100,819.0
2025-07-04 12:00:00,60,23.0,37.8,1009.4,98,891.0
2025-07-04 13:00:00,57,22.9,37.7,1008.6,93,913.0
2025-07-04 14:00:00,59,23.0,36.7,1008.2,93,879.0
2025-07-04 15:00:00,61,23.2,35.7,1007.8,92,766.0
2025-07-04 16:00:00,63,23.2,34.3,1007.3,80,636.0
2025-07-04 17:00:00,66,23.4,33.5,1007.1,100,466.0
2025-07-04 18:00:00,71,23.6,33.1,1007.3,99,276.0
2025-07-04 19:00:00,76,23.7,32.3,1007.2,64,104.0
2025-07-04 20:00:00,81,23.8,31.6,1007.1,21,7.0
2025-07-04 21:00:00,83,23.8,31.4,1007.3,57,0.0
2025-07-04 22:00:00,88,25.1,32.1,1007.6,100,0.0
2025-07-04 23:00:00,89,25.0,32.0,1007.5,100,0.0
2025-07-05 00:00:00,89,25.0,31.9,1007.3,100,0.0
2025-07-05 01:00:00,90,25.1,31.7,1007.2,99,0.0
2025-07-05 02:00:00,90,25.0,31.4,1007.3,100,0.0
2025-07-05 03:00:00,91,25.0,31.3,1007.6,100,0.0
2025-07-05 04:00:00,91,24.9,31.2,1007.3,96,0.0
2025-07-05 05:00:00,91,24.8,31.1,1007.3,91,0.0
2025-07-05 06:00:00,90,24.9,31.5,1007.5,63,20.0
2025-07-05 07:00:00,85,24.5,31.9,1007.7,12,145.0
2025-07-05 08:00:00,79,24.1,32.3,1007.6,26,327.0
2025-07-05 09:00:00,73,23.8,32.9,1007.6,25,502.0
2025-07-05 10:00:00,66,23.4,34.2,1007.5,75,659.0
2025-07-05 11:00:00,65,23.7,35.6,1007.2,14,757.0
2025-07-05 12:00:00,63,23.6,36.6,1006.9,14,878.0
2025-07-05 13:00:00,63,23.6,36.0,1006.6,6,914.0
2025-07-05 14:00:00,66,24.0,35.9,1006.2,2,870.0
2025-07-05 15:00:00,67,24.1,35.5,1005.8,98,787.0
2025-07-05 16:00:00,69,24.2,34.5,1005.2,93,644.0
2025-07-05 17:00:00,72,24.0,33.2,1004.8,87,464.0
2025-07-05 18:00:00,74,23.8,32.3,1004.8,96,279.0
2025-07-05 19:00:00,77,23.6,31.4,1005.2,100,103.0
2025-07-05 20:00:00,80,23.7,31.1,1005.4,99,7.0
2025-07-05 21:00:00,81,23.9,31.2,1005.8,100,0.0
2025-07-05 22:00:00,80,23.9,31.5,1006.0,25,0.0
2025-07-05 23:00:00,81,23.9,31.5,1006.0,95,0.0
2025-07-06 00:00:00,81,24.0,31.5,1006.0,21,0.0
2025-07-06 01:00:00,81,23.8,31.3,1006.1,2,0.0
2025-07-06 02:00:00,83,24.0,31.4,1006.1,33,0.0
2025-07-06 03:00:00,86,24.3,31.5,1006.1,59,0.0
2025-07-06 04:00:00,89,24.5,31.2,1005.8,59,0.0
2025-07-06 05:00:00,89,24.6,31.1,1005.8,39,0.0
2025-07-06 06:00:00,89,24.5,31.1,1006.1,94,22.0
2025-07-06 07:00:00,85,24.4,31.4,1006.3,99,137.0
2025-07-06 08:00:00,80,24.0,31.7,1006.2,69,317.0
2025-07-06 09:00:00,73,23.4,31.7,1006.2,58,484.0
2025-07-06 10:00:00,66,23.0,33.1,1006.1,100,656.0
2025-07-06 11:00:00,63,22.9,33.9,1006.1,100,774.0
2025-07-06 12:00:00,64,23.0,33.9,1006.0,100,803.0
2025-07-06 13:00:00,63,22.9,33.7,1005.5,100,801.0
2025-07-06 14:00:00,65,22.9,33.1,1004.8,100,734.0
2025-07-06 15:00:00,63,22.5,33.1,1004.2,100,734.0
2025-07-06 16:00:00,66,22.9,32.5,1003.6,100,590.0
2025-07-06 17:00:00,70,23.4,32.3,1003.4,100,445.0
2025-07-06 18:00:00,74,23.6,32.0,1003.6,100,266.0
2025-07-06 19:00:00,77,23.6,31.2,1004.1,100,101.0
2025-07-06 20:00:00,81,23.8,30.7,1004.6,99,7.0
2025-07-06 21:00:00,82,23.7,30.4,1005.3,100,0.0
2025-07-06 22:00:00,83,24.0,30.8,1005.4,97,0.0
2025-07-06 23:00:00,87,24.6,30.9,1005.4,100,0.0
2025-07-07 00:00:00,91,25.0,31.2,1005.6,100,0.0
2025-07-07 01:00:00,91,25.0,31.2,1005.5,72,0.0
2025-07-07 02:00:00,90,24.9,31.3,1005.3,99,0.0
2025-07-07 03:00:00,90,24.8,31.4,1005.2,99,0.0
2025-07-07 04:00:00,89,24.4,31.2,1005.0,99,0.0
2025-07-07 05:00:00,89,24.2,31.2,1005.2,100,0.0
2025-07-07 06:00:00,87,24.2,31.3,1005.4,100,22.0
2025-07-07 07:00:00,83,24.2,31.6,1005.5,100,114.0
2025-07-07 08:00:00,81,24.2,32.0,1005.6,100,193.0
2025-07-07 09:00:00,76,24.0,32.7,1005.5,100,338.0
2025-07-07 10:00:00,73,24.2,34.1,1005.4,100,464.0
2025-07-07 11:00:00,66,24.0,36.3,1005.2,100,707.0
2025-07-07 12:00:00,64,24.0,36.3,1005.0,100,719.0
2025-07-07 13:00:00,65,24.1,36.4,1004.7,100,694.0
2025-07-07 14:00:00,66,24.5,36.6,1004.1,26,620.0
2025-07-07 15:00:00,66,25.0,37.9,1003.7,44,719.0
2025-07-07 16:00:00,68,25.2,37.1,1003.6,7,587.0
2025-07-07 17:00:00,70,25.5,36.9,1003.3,34,400.0
2025-07-07 18:00:00,72,25.6,37.3,1003.6,97,222.0
2025-07-07 19:00:00,74,25.6,36.9,1003.8,91,94.0
2025-07-07 20:00:00,74,25.0,35.6,1004.4,92,6.0
2025-07-07 21:00:00,74,24.1,34.6,1005.0,63,0.0
2025-07-07 22:00:00,78,24.3,33.9,1005.3,32,0.0
2025-07-07 23:00:00,84,24.8,33.2,1005.6,97,0.0
2025-07-08 00:00:00,91,25.5,32.8,1005.5,43,0.0
2025-07-08 01:00:00,92,25.4,32.7,1005.3,53,0.0
2025-07-08 02:00:00,91,25.0,32.6,1005.2,50,0.0
2025-07-08 03:00:00,93,24.9,32.6,1005.5,34,0.0
2025-07-08 04:00:00,93,24.8,32.2,1005.9,24,0.0
2025-07-08 05:00:00,91,24.6,31.8,1005.8,26,0.0
2025-07-08 06:00:00,90,24.8,32.1,1005.8,1,24.0
2025-07-08 07:00:00,87,25.2,33.8,1006.1,1,152.0
2025-07-08 08:00:00,84,25.7,34.7,1006.5,0,333.0
2025-07-08 09:00:00,78,25.2,35.2,1006.6,2,519.0
2025-07-08 10:00:00,74,25.3,37.2,1006.8,74,669.0
2025-07-08 11:00:00,70,25.0,38.2,1006.7,79,786.0
2025-07-08 12:00:00,70,24.6,37.4,1006.4,25,685.0
2025-07-08 13:00:00,64,24.4,38.6,1006.1,27,844.0
2025-07-08 14:00:00,61,23.8,37.9,1005.8,95,778.0
2025-07-08 15:00:00,60,23.5,37.9,1005.5,66,752.0
2025-07-08 16:00:00,62,23.5,35.7,1005.3,84,517.0
2025-07-08 17:00:00,64,23.4,35.1,1005.3,16,358.0
2025-07-08 18:00:00,64,22.8,34.0,1005.8,44,262.0
2025-07-08 19:00:00,73,23.7,33.2,1005.9,62,86.0
2025-07-08 20:00:00,78,24.1,32.6,1006.2,43,6.0
2025-07-08 21:00:00,80,24.1,32.1,1006.8,17,0.0
2025-07-08 22:00:00,78,24.2,32.8,1007.0,13,0.0
2025-07-08 23:00:00,81,24.5,32.3,1007.3,23,0.0
2025-07-09 00:00:00,83,24.6,32.5,1007.6,14,0.0
2025-07-09 01:00:00,84,24.4,31.9,1007.2,6,0.0
2025-07-09 02:00:00,88,24.5,31.4,1006.9,7,0.0
2025-07-09 03:00:00,90,24.7,31.3,1006.9,10,0.0
2025-07-09 04:00:00,91,24.7,31.0,1007.1,4,0.0
2025-07-09 05:00:00,91,24.5,30.6,1007.3,5,0.0
2025-07-09 06:00:00,89,24.5,30.7,1008.0,27,23.0
2025-07-09 07:00:00,86,24.6,31.4,1008.4,39,138.0
2025-07-09 08:00:00,83,24.6,31.7,1008.5,20,292.0
2025-07-09 09:00:00,79,24.5,32.4,1008.5,15,481.0
2025-07-09 10:00:00,69,23.6,34.2,1008.8,3,683.0
2025-07-09 11:00:00,64,23.3,35.5,1008.8,0,815.0
2025-07-09 12:00:00,61,22.9,36.2,1008.5,1,895.0
2025-07-09 13:00:00,59,22.6,36.4,1007.9,1,907.0
2025-07-09 14:00:00,57,22.4,36.3,1007.4,11,881.0
2025-07-09 15:00:00,58,22.3,35.4,1007.2,3,792.0
2025-07-09 16:00:00,63,22.8,34.2,1007.0,14,650.0
2025-07-09 17:00:00,67,23.3,33.4,1007.2,9,472.0
2025-07-09 18:00:00,71,23.5,32.7,1007.3,18,264.0
2025-07-09 19:00:00,74,23.6,32.5,1007.6,5,95.0
2025-07-09 20:00:00,77,23.8,32.3,1007.9,6,6.0
2025-07-09 21:00:00,78,23.9,32.1,1008.6,2,0.0
2025-07-09 22:00:00,71,22.6,31.8,1008.9,7,0.0
2025-07-09 23:00:00,72,22.5,31.5,1009.2,8,0.0
2025-07-10 00:00:00,74,22.7,31.5,1009.4,13,0.0
2025-07-10 01:00:00,77,23.0,31.3,1008.9,5,0.0
2025-07-10 02:00:00,80,23.1,31.0,1008.5,3,0.0
2025-07-10 03:00:00,82,23.1,30.7,1008.3,1,0.0
2025-07-10 04:00:00,83,23.2,30.6,1008.3,0,0.0
2025-07-10 05:00:00,86,23.6,30.8,1008.4,14,0.0
2025-07-10 06:00:00,89,24.2,31.5,1008.8,35,22.0
2025-07-10 07:00:00,86,24.5,32.5,1008.3,3,130.0
2025-07-10 08:00:00,80,24.5,33.9,1008.1,1,332.0
2025-07-10 09:00:00,71,23.9,34.8,1008.2,0,522.0
2025-07-10 10:00:00,63,23.3,36.2,1008.8,11,667.0
2025-07-10 11:00:00,64,23.5,37.0,1008.4,8,787.0
2025-07-10 12:00:00,63,23.8,38.0,1007.9,3,872.0
2025-07-10 13:00:00,65,24.0,37.5,1007.7,5,890.0
2025-07-10 14:00:00,62,23.5,37.5,1007.2,10,826.0
2025-07-10 15:00:00,55,22.1,36.3,1007.1,20,713.0
2025-07-10 16:00:00,59,22.2,33.8,1007.1,64,516.0
2025-07-10 17:00:00,59,22.4,34.9,1006.5,49,388.0
2025-07-10 18:00:00,67,23.4,34.6,1007.1,74,258.0
2025-07-10 19:00:00,69,23.2,34.1,1007.5,34,87.0
2025-07-10 20:00:00,71,23.1,33.3,1007.5,12,6.0
2025-07-10 21:00:00,74,23.2,32.6,1008.2,5,0.0
2025-07-10 22:00:00,80,25.1,35.3,1008.6,15,0.0
2025-07-10 23:00:00,82,24.9,34.6,1008.4,12,0.0
2025-07-11 00:00:00,82,24.5,33.8,1008.6,20,0.0
2025-07-11 01:00:00,82,24.3,33.1,1008.5,84,0.0
2025-07-11 02:00:00,84,24.5,32.6,1008.1,99,0.0
2025-07-11 03:00:00,86,24.5,31.9,1008.1,100,0.0
2025-07-11 04:00:00,86,24.4,31.6,1008.3,75,0.0
2025-07-11 05:00:00,87,24.3,31.4,1008.5,96,0.0
2025-07-11 06:00:00,87,24.5,31.7,1008.6,95,20.0
2025-07-11 07:00:00,83,24.4,32.3,1008.7,100,130.0
2025-07-11 08:00:00,78,24.1,33.0,1009.0,100,245.0
2025-07-11 09:00:00,75,24.2,33.8,1009.1,100,402.0
2025-07-11 10:00:00,64,23.5,35.7,1009.2,100,601.0
2025-07-11 11:00:00,65,23.8,35.7,1009.3,100,732.0
2025-07-11 12:00:00,71,24.4,34.8,1009.4,100,700.0
2025-07-11 13:00:00,65,23.8,36.2,1009.1,99,727.0
2025-07-11 14:00:00,65,23.6,36.1,1008.9,100,702.0
2025-07-11 15:00:00,66,23.8,35.0,1008.8,100,572.0
2025-07-11 16:00:00,66,23.6,34.7,1008.5,100,459.0
2025-07-11 17:00:00,66,23.4,34.7,1008.2,100,301.0
2025-07-11 18:00:00,68,23.5,34.2,1008.4,100,183.0
2025-07-11 19:00:00,78,24.2,32.3,1009.3,100,67.0
2025-07-11 20:00:00,81,24.0,32.0,1009.4,24,4.0
2025-07-11 21:00:00,82,24.0,31.6,1009.7,53,0.0
2025-07-11 22:00:00,83,24.5,33.0,1010.3,100,0.0
2025-07-11 23:00:00,85,24.6,32.5,1010.0,100,0.0
2025-07-12 00:00:00,86,24.5,32.2,1009.8,100,0.0
2025-07-12 01:00:00,86,24.4,31.8,1009.7,100,0.0
2025-07-12 02:00:00,88,24.3,31.4,1009.1,93,0.0
2025-07-12 03:00:00,90,24.3,31.1,1009.0,66,0.0
2025-07-12 04:00:00,90,24.3,31.0,1009.0,52,0.0
2025-07-12 05:00:00,91,24.4,30.9,1008.9,76,0.0
2025-07-12 06:00:00,90,24.4,31.2,1008.8,97,19.0
2025-07-12 07:00:00,86,24.5,32.1,1009.0,97,125.0
2025-07-12 08:00:00,79,24.1,32.3,1009.0,99,285.0
2025-07-12 09:00:00,75,24.0,33.0,1008.7,100,410.0
2025-07-12 10:00:00,72,24.6,35.7,1008.5,91,625.0
2025-07-12 11:00:00,68,24.5,37.1,1008.1,100,754.0
2025-07-12 12:00:00,65,24.1,37.3,1007.5,100,882.0
2025-07-12 13:00:00,60,23.4,37.7,1007.3,98,887.0
2025-07-12 14:00:00,58,22.8,36.8,1006.7,100,764.0
2025-07-12 15:00:00,61,23.2,36.0,1006.4,100,720.0
2025-07-12 16:00:00,63,23.3,35.0,1006.1,86,563.0
2025-07-12 17:00:00,65,23.5,35.0,1005.7,44,423.0
2025-07-12 18:00:00,69,24.0,34.7,1005.7,14,236.0
2025-07-12 19:00:00,75,24.5,34.1,1006.0,21,95.0
2025-07-12 20:00:00,76,24.2,33.4,1006.1,91,5.0
2025-07-12 21:00:00,77,24.1,33.0,1006.2,100,0.0
2025-07-12 22:00:00,77,24.1,33.5,1006.2,100,0.0
2025-07-12 23:00:00,80,24.5,33.2,1005.9,63,0.0
2025-07-13 00:00:00,81,24.6,33.1,1005.7,79,0.0
2025-07-13 01:00:00,83,24.6,32.7,1005.4,80,0.0
2025-07-13 02:00:00,85,24.5,32.2,1004.8,58,0.0
2025-07-13 03:00:00,86,24.5,31.7,1004.7,19,0.0
2025-07-13 04:00:00,86,24.4,31.4,1004.6,41,0.0
2025-07-13 05:00:00,85,24.2,31.2,1004.5,28,0.0
2025-07-13 06:00:00,83,24.1,31.1,1004.4,25,18.0
2025-07-13 07:00:00,82,24.2,31.5,1004.4,27,130.0
2025-07-13 08:00:00,79,24.2,31.8,1004.0,30,302.0
2025-07-13 09:00:00,77,24.2,31.9,1003.6,6,471.0
2025-07-13 10:00:00,73,24.4,33.7,1003.3,100,649.0
2025-07-13 11:00:00,69,24.0,33.9,1002.5,100,777.0
2025-07-13 12:00:00,70,24.1,34.2,1002.1,100,846.0
2025-07-13 13:00:00,69,24.2,34.2,1001.3,100,775.0
2025-07-13 14:00:00,68,24.1,33.8,1000.6,86,740.0
2025-07-13 15:00:00,68,24.0,33.5,1000.2,99,598.0
2025-07-13 16:00:00,69,23.9,32.9,999.4,100,371.0
2025-07-13 17:00:00,74,24.1,32.4,999.2,100,221.0
2025-07-13 18:00:00,76,24.0,31.8,998.6,100,90.0
2025-07-13 19:00:00,78,24.3,31.9,998.5,100,41.0
2025-07-13 20:00:00,81,24.4,31.3,998.6,100,3.0
2025-07-13 21:00:00,84,24.4,30.6,998.6,100,0.0
2025-07-13 22:00:00,87,24.3,29.9,998.5,100,0.0
2025-07-13 23:00:00,91,24.6,29.6,998.0,100,0.0
2025-07-14 00:00:00,91,24.4,28.9,996.7,100,0.0
2025-07-14 01:00:00,89,24.2,28.6,995.6,100,0.0
2025-07-14 02:00:00,87,24.1,29.4,994.8,100,0.0
2025-07-14 03:00:00,90,24.4,29.4,994.3,100,0.0
2025-07-14 04:00:00,91,24.5,29.7,993.4,100,0.0
2025-07-14 05:00:00,90,24.2,29.7,992.8,100,0.0
2025-07-14 06:00:00,89,24.2,29.7,991.7,100,17.0
2025-07-14 07:00:00,88,24.1,29.5,992.2,100,96.0
2025-07-14 08:00:00,92,24.4,29.5,991.3,100,59.0
2025-07-14 09:00:00,94,25.1,31.1,991.1,100,178.0
2025-07-14 10:00:00,90,24.3,30.9,991.3,100,272.0
2025-07-14 11:00:00,90,24.4,32.1,990.8,98,215.0
2025-07-14 12:00:00,86,24.2,31.3,990.6,88,480.0
2025-07-14 13:00:00,84,23.4,28.6,990.7,100,467.0
2025-07-14 14:00:00,82,22.1,27.1,991.3,32,263.0
2025-07-14 15:00:00,73,21.1,27.5,991.4,41,683.0
2025-07-14 16:00:00,69,20.1,26.3,991.4,28,581.0
2025-07-14 17:00:00,68,19.8,26.0,992.1,34,439.0
2025-07-14 18:00:00,72,20.2,26.1,992.7,50,267.0
2025-07-14 19:00:00,77,20.6,26.7,993.5,12,92.0
2025-07-14 20:00:00,79,20.7,26.9,994.1,19,5.0
2025-07-14 21:00:00,80,21.0,27.7,994.2,14,0.0
2025-07-14 22:00:00,90,21.4,27.3,994.7,0,0.0
2025-07-14 23:00:00,90,21.1,27.0,994.7,2,0.0
2025-07-15 00:00:00,91,21.0,26.4,994.8,7,0.0
2025-07-15 01:00:00,82,21.1,27.3,994.8,21,0.0
2025-07-15 02:00:00,78,20.8,27.8,994.6,33,0.0
2025-07-15 03:00:00,79,21.0,28.0,994.8,24,0.0
2025-07-15 04:00:00,79,21.1,28.1,995.1,10,0.0
2025-07-15 05:00:00,82,21.2,27.9,995.7,17,0.0
2025-07-15 06:00:00,80,21.5,28.1,996.1,26,19.0
2025-07-15 07:00:00,80,21.5,28.4,996.8,43,132.0
2025-07-15 08:00:00,75,21.2,28.6,997.0,49,267.0
2025-07-15 09:00:00,70,20.8,28.9,997.2,40,495.0
2025-07-15 10:00:00,63,20.3,30.2,997.7,20,608.0
2025-07-15 11:00:00,59,19.9,31.5,997.7,21,794.0
2025-07-15 12:00:00,54,19.2,32.7,997.7,12,842.0
2025-07-15 13:00:00,53,19.4,33.5,997.8,9,882.0
2025-07-15 14:00:00,52,19.2,33.3,997.8,11,835.0
2025-07-15 15:00:00,52,19.2,32.6,998.1,43,711.0
2025-07-15 16:00:00,55,19.8,31.7,998.2,25,561.0
2025-07-15 17:00:00,60,21.0,31.9,998.6,38,386.0
2025-07-15 18:00:00,65,21.4,31.3,999.1,20,246.0
2025-07-15 19:00:00,71,22.0,30.8,999.7,26,94.0
2025-07-15 20:00:00,71,21.5,30.4,1000.5,23,5.0
2025-07-15 21:00:00,69,21.0,29.3,1001.7,32,0.0
2025-07-15 22:00:00,79,22.5,30.2,1002.6,4,0.0
2025-07-15 23:00:00,73,20.9,29.3,1002.6,1,0.0
2025-07-16 00:00:00,75,20.9,29.2,1002.9,4,0.0
2025-07-16 01:00:00,77,21.1,29.0,1003.1,4,0.0
2025-07-16 02:00:00,82,21.4,28.6,1003.6,75,0.0
2025-07-16 03:00:00,82,21.4,29.1,1003.9,21,0.0
2025-07-16 04:00:00,84,21.4,28.2,1004.3,100,0.0
2025-07-16 05:00:00,83,21.5,28.5,1004.6,95,0.0
2025-07-16 06:00:00,81,21.5,28.5,1005.3,60,17.0
2025-07-16 07:00:00,79,22.0,29.3,1005.6,1,137.0
2025-07-16 08:00:00,69,20.6,29.0,1006.1,0,342.0
2025-07-16 09:00:00,73,22.0,29.7,1006.6,0,543.0
2025-07-16 10:00:00,71,22.5,32.0,1006.7,96,687.0
2025-07-16 11:00:00,65,21.7,33.0,1006.6,9,781.0
2025-07-16 12:00:00,56,20.4,34.3,1007.0,6,890.0
2025-07-16 13:00:00,55,20.7,35.3,1006.9,72,955.0
2025-07-16 14:00:00,60,22.1,35.8,1006.4,15,880.0
2025-07-16 15:00:00,64,22.8,34.2,1006.1,62,746.0
2025-07-16 16:00:00,66,23.5,34.0,1005.6,27,631.0
2025-07-16 17:00:00,74,24.6,33.5,1005.4,52,440.0
2025-07-16 18:00:00,77,24.5,32.8,1006.0,94,228.0
2025-07-16 19:00:00,80,24.1,32.2,1006.3,24,70.0
2025-07-16 20:00:00,83,24.4,31.7,1006.5,19,5.0
2025-07-16 21:00:00,83,24.4,31.5,1006.9,41,0.0
2025-07-16 22:00:00,79,23.9,31.0,1007.2,97,0.0
2025-07-16 23:00:00,76,23.1,30.5,1007.4,97,0.0
2025-07-17 00:00:00,77,23.2,30.8,1007.6,98,0.0
2025-07-17 01:00:00,80,23.5,30.7,1007.6,92,0.0
2025-07-17 02:00:00,84,23.8,30.3,1007.5,52,0.0
2025-07-17 03:00:00,87,24.0,30.4,1007.1,24,0.0
2025-07-17 04:00:00,89,24.2,30.9,1007.5,90,0.0
2025-07-17 05:00:00,89,24.2,31.0,1008.0,96,0.0
2025-07-17 06:00:00,88,24.2,30.6,1008.9,94,16.0
2025-07-17 07:00:00,86,24.4,31.3,1008.7,85,127.0
2025-07-17 08:00:00,83,24.6,32.3,1008.6,43,333.0
2025-07-17 09:00:00,81,24.6,32.4,1008.6,85,526.0
2025-07-17 10:00:00,76,25.2,35.7,1009.0,0,702.0
2025-07-17 11:00:00,72,25.1,37.7,1009.2,11,826.0
2025-07-17 12:00:00,71,25.0,37.3,1008.5,26,875.0
2025-07-17 13:00:00,73,25.3,36.7,1008.4,43,869.0
2025-07-17 14:00:00,72,25.1,36.3,1008.1,79,858.0
2025-07-17 15:00:00,74,25.1,35.4,1007.9,34,772.0
2025-07-17 16:00:00,78,24.9,32.4,1008.2,75,585.0
2025-07-17 17:00:00,81,24.7,30.9,1008.0,46,416.0
2025-07-17 18:00:00,85,24.2,29.5,1008.3,67,209.0
2025-07-17 19:00:00,88,24.0,29.0,1008.9,100,79.0
2025-07-17 20:00:00,89,24.1,29.1,1008.9,97,4.0
2025-07-17 21:00:00,91,24.3,29.2,1010.0,86,0.0
2025-07-17 22:00:00,95,25.1,30.9,1009.3,51,0.0
2025-07-17 23:00:00,95,25.0,30.7,1009.5,98,0.0
2025-07-18 00:00:00,94,24.8,31.0,1009.4,19,0.0
2025-07-18 01:00:00,94,24.5,30.2,1009.0,94,0.0
2025-07-18 02:00:00,93,24.4,30.1,1008.7,82,0.0
2025-07-18 03:00:00,91,24.3,30.0,1008.7,95,0.0
2025-07-18 04:00:00,89,23.9,28.7,1008.3,100,0.0
2025-07-18 05:00:00,90,23.9,28.4,1009.0,100,0.0
2025-07-18 06:00:00,89,23.9,28.8,1009.3,100,10.0
2025-07-18 07:00:00,84,23.6,29.2,1010.1,100,79.0
2025-07-18 08:00:00,82,23.8,29.6,1010.3,100,234.0
2025-07-18 09:00:00,81,23.8,29.8,1010.5,100,400.0
2025-07-18 10:00:00,88,23.9,28.7,1011.3,100,89.0
2025-07-18 11:00:00,94,24.5,28.6,1011.2,100,184.0
2025-07-18 12:00:00,95,24.6,28.6,1011.0,100,205.0
2025-07-18 13:00:00,94,24.3,28.2,1010.7,100,145.0
2025-07-18 14:00:00,94,24.7,28.8,1010.4,100,238.0
2025-07-18 15:00:00,94,24.5,28.1,1010.2,100,175.0
2025-07-18 16:00:00,94,24.6,29.1,1010.3,100,174.0
2025-07-18 17:00:00,95,24.5,28.4,1010.0,100,75.0
2025-07-18 18:00:00,95,24.3,28.6,1010.0,100,43.0
2025-07-18 19:00:00,95,24.3,29.2,1010.4,100,16.0
2025-07-18 20:00:00,92,24.1,29.2,1010.7,100,2.0
2025-07-18 21:00:00,88,23.9,29.1,1011.0,100,0.0
2025-07-18 22:00:00,85,23.6,28.9,1011.6,100,0.0
2025-07-18 23:00:00,86,23.8,29.3,1011.5,100,0.0
2025-07-19 00:00:00,84,23.4,29.2,1011.6,98,0.0
2025-07-19 01:00:00,85,23.5,29.4,1011.7,24,0.0
2025-07-19 02:00:00,88,23.8,29.3,1011.7,67,0.0
2025-07-19 03:00:00,90,23.8,29.1,1011.4,67,0.0
2025-07-19 04:00:00,89,23.6,28.8,1011.3,76,0.0
2025-07-19 05:00:00,87,23.3,28.6,1011.5,67,0.0
2025-07-19 06:00:00,87,23.4,28.6,1011.9,100,13.0
2025-07-19 07:00:00,86,23.5,29.0,1012.2,100,91.0
2025-07-19 08:00:00,85,23.8,29.4,1012.4,100,169.0
2025-07-19 09:00:00,83,23.9,29.7,1012.6,100,361.0
2025-07-19 10:00:00,77,24.3,32.2,1012.4,99,656.0
2025-07-19 11:00:00,74,24.1,32.8,1012.4,100,779.0
2025-07-19 12:00:00,73,24.1,32.9,1012.2,100,730.0
2025-07-19 13:00:00,69,23.9,34.3,1012.2,100,877.0
2025-07-19 14:00:00,69,23.9,34.3,1011.8,98,811.0
2025-07-19 15:00:00,69,24.0,34.3,1011.7,54,717.0
2025-07-19 16:00:00,73,24.1,33.2,1011.8,96,474.0
2025-07-19 17:00:00,77,24.5,33.1,1012.1,100,278.0
2025-07-19 18:00:00,82,24.8,33.2,1012.5,98,158.0
2025-07-19 19:00:00,82,24.3,31.9,1012.6,99,55.0
2025-07-19 20:00:00,79,23.6,30.4,1012.6,78,3.0
2025-07-19 21:00:00,78,23.1,29.6,1013.6,59,0.0
2025-07-19 22:00:00,75,22.5,29.5,1013.7,66,0.0
2025-07-19 23:00:00,77,22.7,29.4,1013.8,95,0.0
2025-07-20 00:00:00,79,22.8,29.4,1013.8,84,0.0
2025-07-20 01:00:00,80,23.0,29.5,1013.5,48,0.0
2025-07-20 02:00:00,80,23.0,29.4,1013.1,28,0.0
2025-07-20 03:00:00,82,23.1,29.3,1012.8,74,0.0
2025-07-20 04:00:00,86,23.5,29.4,1013.0,99,0.0
2025-07-20 05:00:00,88,23.8,29.5,1013.3,100,0.0
2025-07-20 06:00:00,88,23.9,29.7,1013.8,100,14.0
2025-07-20 07:00:00,86,23.9,30.1,1014.2,100,100.0
2025-07-20 08:00:00,83,23.7,30.2,1014.7,100,215.0
2025-07-20 09:00:00,82,23.9,30.2,1014.7,97,337.0
2025-07-20 10:00:00,77,24.1,32.4,1015.1,7,647.0
2025-07-20 11:00:00,76,24.2,33.4,1014.8,15,791.0
2025-07-20 12:00:00,75,24.4,33.9,1014.3,4,854.0
2025-07-20 13:00:00,75,24.7,34.9,1013.9,7,904.0
2025-07-20 14:00:00,75,24.8,35.0,1013.5,2,869.0
2025-07-20 15:00:00,76,24.9,34.1,1013.3,9,775.0
2025-07-20 16:00:00,76,24.8,33.4,1012.6,6,630.0
2025-07-20 17:00:00,76,24.6,33.0,1012.6,14,459.0
2025-07-20 18:00:00,77,24.5,32.7,1013.0,15,266.0
2025-07-20 19:00:00,78,24.0,31.6,1013.4,29,92.0
2025-07-20 20:00:00,80,23.9,30.9,1013.8,14,4.0
2025-07-20 21:00:00,80,23.8,30.5,1014.3,91,0.0
2025-07-20 22:00:00,80,24.0,31.1,1014.9,85,0.0
2025-07-20 23:00:00,81,23.8,30.8,1015.2,68,0.0
2025-07-21 00:00:00,84,23.9,30.7,1015.4,91,0.0
2025-07-21 01:00:00,86,24.0,30.8,1015.4,47,0.0
2025-07-21 02:00:00,87,24.1,30.9,1015.3,18,0.0
2025-07-21 03:00:00,91,24.4,31.0,1015.5,18,0.0
2025-07-21 04:00:00,93,24.5,30.8,1015.4,8,0.0
2025-07-21 05:00:00,94,24.5,30.4,1015.4,2,0.0
2025-07-21 06:00:00,93,24.6,30.5,1015.8,0,16.0
2025-07-21 07:00:00,89,24.6,31.3,1015.9,2,140.0
2025-07-21 08:00:00,85,24.6,31.8,1015.8,0,319.0
2025-07-21 09:00:00,82,24.6,32.1,1015.7,0,514.0
2025-07-21 10:00:00,78,24.8,33.5,1015.6,0,684.0
2025-07-21 11:00:00,74,24.6,34.7,1015.5,1,815.0
2025-07-21 12:00:00,75,25.0,35.5,1015.4,2,884.0
2025-07-21 13:00:00,73,24.9,35.7,1015.2,4,894.0
2025-07-21 14:00:00,72,24.9,36.0,1014.9,14,848.0
2025-07-21 15:00:00,73,24.8,35.4,1014.6,24,759.0
2025-07-21 16:00:00,75,24.9,34.5,1014.3,28,617.0
2025-07-21 17:00:00,76,24.5,33.4,1013.9,31,431.0
2025-07-21 18:00:00,79,24.2,32.5,1014.0,23,245.0
2025-07-21 19:00:00,81,23.9,31.3,1014.2,11,88.0
2025-07-21 20:00:00,82,23.5,30.5,1014.3,8,4.0
2025-07-21 21:00:00,84,23.6,30.4,1014.8,1,0.0
2025-07-21 22:00:00,85,23.9,31.2,1015.3,0,0.0
2025-07-21 23:00:00,86,23.7,30.4,1015.2,0,0.0
2025-07-22 00:00:00,83,23.0,29.5,1014.9,0,0.0
2025-07-22 01:00:00,80,22.5,29.2,1014.5,0,0.0
2025-07-22 02:00:00,80,22.4,29.1,1014.2,0,0.0
2025-07-22 03:00:00,82,22.9,29.5,1014.2,0,0.0
2025-07-22 04:00:00,86,23.4,29.6,1014.4,0,0.0
2025-07-22 05:00:00,90,23.8,29.4,1014.4,0,0.0
2025-07-22 06:00:00,91,24.0,29.7,1014.8,0,16.0
2025-07-22 07:00:00,87,24.1,30.9,1015.2,0,141.0
2025-07-22 08:00:00,81,23.9,31.6,1015.4,0,328.0
2025-07-22 09:00:00,77,23.8,32.2,1015.4,0,522.0
2025-07-22 10:00:00,73,23.9,34.0,1015.6,0,691.0
2025-07-22 11:00:00,70,23.6,34.9,1015.4,0,821.0
2025-07-22 12:00:00,67,23.4,35.6,1015.0,0,898.0
2025-07-22 13:00:00,65,23.2,36.0,1014.6,0,939.0
2025-07-22 14:00:00,62,22.5,35.8,1014.1,0,904.0
2025-07-22 15:00:00,58,21.6,34.9,1013.4,0,804.0
2025-07-22 16:00:00,57,21.3,33.9,1013.0,0,660.0
2025-07-22 17:00:00,64,22.0,32.6,1012.6,3,480.0
2025-07-22 18:00:00,72,22.5,31.3,1012.6,0,281.0
2025-07-22 19:00:00,78,22.8,30.1,1013.2,0,98.0
2025-07-22 20:00:00,80,22.9,29.9,1013.2,0,4.0
2025-07-22 21:00:00,79,22.8,29.9,1013.7,0,0.0
2025-07-22 22:00:00,81,23.3,30.9,1014.0,0,0.0
2025-07-22 23:00:00,82,23.4,30.8,1014.0,1,0.0
2025-07-23 00:00:00,82,23.1,30.6,1013.8,3,0.0
2025-07-23 01:00:00,81,22.8,30.3,1013.5,4,0.0
2025-07-23 02:00:00,81,22.6,29.9,1013.0,3,0.0
2025-07-23 03:00:00,84,22.8,29.5,1012.8,1,0.0
2025-07-23 04:00:00,87,23.1,29.2,1012.6,0,0.0
2025-07-23 05:00:00,89,23.3,29.1,1012.9,0,0.0
2025-07-23 06:00:00,89,23.4,29.0,1013.1,0,16.0
2025-07-23 07:00:00,87,24.0,30.3,1013.7,0,143.0
2025-07-23 08:00:00,82,23.9,31.1,1014.0,0,334.0
2025-07-23 09:00:00,78,23.8,31.8,1014.0,0,528.0
2025-07-23 10:00:00,70,23.1,33.0,1014.2,0,701.0
2025-07-23 11:00:00,68,23.0,34.1,1014.0,0,834.0
2025-07-23 12:00:00,66,23.0,35.3,1013.5,0,915.0
2025-07-23 13:00:00,63,22.9,35.9,1012.8,0,937.0
2025-07-23 14:00:00,59,22.4,36.1,1012.2,0,901.0
2025-07-23 15:00:00,56,21.6,35.4,1011.4,0,807.0
2025-07-23 16:00:00,55,21.0,34.3,1010.8,0,664.0
2025-07-23 17:00:00,58,21.4,33.3,1010.4,0,481.0
2025-07-23 18:00:00,65,22.0,32.1,1010.4,0,281.0
2025-07-23 19:00:00,72,22.4,30.8,1010.7,0,96.0
2025-07-23 20:00:00,76,22.8,30.5,1011.1,0,4.0
2025-07-23 21:00:00,79,23.4,30.8,1011.6,0,0.0
2025-07-23 22:00:00,77,23.5,31.7,1011.9,1,0.0
2025-07-23 23:00:00,77,23.3,31.6,1012.2,3,0.0
2025-07-24 00:00:00,80,23.6,31.3,1012.1,1,0.0
2025-07-24 01:00:00,84,23.9,30.9,1011.6,0,0.0
2025-07-24 02:00:00,85,23.8,30.5,1011.4,0,0.0
2025-07-24 03:00:00,86,23.9,30.6,1011.4,0,0.0
2025-07-24 04:00:00,88,24.0,30.4,1011.3,3,0.0
2025-07-24 05:00:00,89,24.0,30.2,1011.5,5,0.0
2025-07-24 06:00:00,89,24.1,30.3,1011.7,7,15.0
2025-07-24 07:00:00,85,24.2,31.2,1012.0,12,136.0
2025-07-24 08:00:00,81,24.2,31.7,1011.8,7,313.0
2025-07-24 09:00:00,78,24.1,32.2,1011.7,6,499.0
2025-07-24 10:00:00,73,24.1,33.9,1011.9,1,686.0
2025-07-24 11:00:00,66,23.4,34.8,1011.6,0,822.0
2025-07-24 12:00:00,61,22.6,35.5,1011.1,0,905.0
2025-07-24 13:00:00,57,22.1,35.9,1010.5,0,928.0
2025-07-24 14:00:00,55,21.9,35.8,1009.9,1,890.0
2025-07-24 15:00:00,56,22.0,35.3,1009.5,1,792.0
2025-07-24 16:00:00,61,22.8,34.2,1009.1,0,645.0
2025-07-24 17:00:00,66,23.2,32.9,1008.7,0,464.0
2025-07-24 18:00:00,71,23.5,32.4,1008.8,2,268.0
2025-07-24 19:00:00,76,23.9,32.1,1009.2,3,90.0
2025-07-24 20:00:00,74,23.5,32.0,1009.7,7,3.0
2025-07-24 21:00:00,73,23.3,31.7,1010.2,4,0.0
2025-07-24 22:00:00,74,23.6,32.4,1010.6,1,0.0
2025-07-24 23:00:00,76,23.8,32.0,1010.8,1,0.0
2025-07-25 00:00:00,79,24.0,31.8,1010.5,1,0.0
2025-07-25 01:00:00,81,24.0,31.4,1009.9,3,0.0
2025-07-25 02:00:00,82,24.0,31.0,1009.5,9,0.0
2025-07-25 03:00:00,82,23.8,30.7,1009.3,12,0.0
2025-07-25 04:00:00,83,23.8,30.5,1009.2,22,0.0
2025-07-25 05:00:00,85,24.0,30.3,1009.2,12,0.0
2025-07-25 06:00:00,84,23.9,30.3,1009.5,5,14.0
2025-07-25 07:00:00,81,23.9,30.8,1009.8,2,133.0
2025-07-25 08:00:00,78,23.7,31.3,1009.8,0,322.0
2025-07-25 09:00:00,71,23.2,31.7,1009.8,0,517.0
2025-07-25 10:00:00,57,21.4,32.9,1010.3,2,686.0
2025-07-25 11:00:00,56,21.7,34.2,1009.9,7,815.0
2025-07-25 12:00:00,55,21.7,34.7,1009.6,7,887.0
2025-07-25 13:00:00,54,21.8,35.3,1009.0,8,920.0
2025-07-25 14:00:00,55,22.0,35.4,1008.5,14,872.0
2025-07-25 15:00:00,57,22.2,34.8,1008.4,2,779.0
2025-07-25 16:00:00,62,22.9,33.6,1008.1,5,642.0
2025-07-25 17:00:00,68,23.5,32.8,1007.8,1,454.0
2025-07-25 18:00:00,70,23.5,32.3,1007.8,2,265.0
2025-07-25 19:00:00,74,23.4,31.7,1008.2,1,89.0
2025-07-25 20:00:00,75,23.5,31.7,1008.6,1,3.0
2025-07-25 21:00:00,75,23.3,31.4,1009.1,3,0.0
2025-07-25 22:00:00,76,23.9,32.1,1010.0,14,0.0
2025-07-25 23:00:00,79,23.4,30.7,1010.0,4,0.0
2025-07-26 00:00:00,82,23.5,30.2,1009.7,4,0.0
2025-07-26 01:00:00,83,23.6,30.1,1008.9,5,0.0
2025-07-26 02:00:00,83,23.5,29.8,1008.3,6,0.0
2025-07-26 03:00:00,82,23.3,29.9,1007.9,1,0.0
2025-07-26 04:00:00,81,23.3,29.8,1007.7,14,0.0
2025-07-26 05:00:00,80,23.2,29.8,1007.6,10,0.0
2025-07-26 06:00:00,81,23.4,30.0,1007.8,13,13.0
2025-07-26 07:00:00,79,23.6,30.5,1008.2,17,124.0
2025-07-26 08:00:00,75,23.4,31.0,1008.4,19,290.0
2025-07-26 09:00:00,70,23.1,31.4,1008.4,34,471.0
2025-07-26 10:00:00,62,22.6,33.2,1008.6,22,665.0
2025-07-26 11:00:00,63,23.0,33.3,1008.6,27,732.0
2025-07-26 12:00:00,63,23.1,34.3,1008.5,14,809.0
2025-07-26 13:00:00,61,22.8,34.4,1008.1,20,837.0
2025-07-26 14:00:00,61,22.9,34.2,1007.4,19,819.0
2025-07-26 15:00:00,61,23.0,33.8,1006.9,10,719.0
2025-07-26 16:00:00,62,23.0,33.4,1006.4,5,615.0
2025-07-26 17:00:00,64,23.0,33.1,1006.2,2,452.0
2025-07-26 18:00:00,67,23.1,32.8,1006.2,1,262.0
2025-07-26 19:00:00,72,23.4,32.2,1006.3,3,87.0
2025-07-26 20:00:00,72,23.3,31.3,1006.9,2,3.0
2025-07-26 21:00:00,74,23.4,30.6,1007.3,7,0.0
2025-07-26 22:00:00,74,23.2,30.8,1007.7,2,0.0
2025-07-26 23:00:00,75,23.4,30.1,1007.9,1,0.0
2025-07-27 00:00:00,77,23.5,30.1,1008.0,16,0.0
2025-07-27 01:00:00,80,23.8,30.1,1007.5,5,0.0
2025-07-27 02:00:00,81,23.5,29.8,1007.0,5,0.0
2025-07-27 03:00:00,79,23.1,29.4,1006.9,11,0.0
2025-07-27 04:00:00,80,23.1,29.2,1006.6,12,0.0
2025-07-27 05:00:00,80,23.2,29.3,1006.4,16,0.0
2025-07-27 06:00:00,78,23.0,29.4,1006.6,11,12.0
2025-07-27 07:00:00,74,22.8,30.0,1006.5,6,129.0
2025-07-27 08:00:00,68,22.2,30.2,1006.6,2,319.0
2025-07-27 09:00:00,64,22.0,30.6,1006.6,5,511.0
2025-07-27 10:00:00,56,21.3,32.3,1006.7,5,679.0
2025-07-27 11:00:00,55,21.5,33.7,1006.3,2,813.0
2025-07-27 12:00:00,54,21.6,34.7,1006.1,0,898.0
2025-07-27 13:00:00,53,21.6,35.0,1005.9,3,924.0
2025-07-27 14:00:00,54,21.9,35.3,1005.5,4,877.0
2025-07-27 15:00:00,55,21.9,34.4,1005.4,8,779.0
2025-07-27 16:00:00,59,22.4,33.3,1005.3,7,628.0
2025-07-27 17:00:00,64,23.0,32.8,1005.1,0,453.0
2025-07-27 18:00:00,67,23.1,32.7,1004.9,0,265.0
2025-07-27 19:00:00,70,23.1,31.9,1005.0,0,88.0
2025-07-27 20:00:00,73,23.4,31.1,1005.2,0,2.0
2025-07-27 21:00:00,74,23.4,30.8,1005.5,0,0.0
2025-07-27 22:00:00,75,23.5,31.8,1005.7,0,0.0
2025-07-27 23:00:00,75,23.4,31.5,1005.9,0,0.0
2025-07-28 00:00:00,77,23.4,31.3,1005.9,1,0.0
2025-07-28 01:00:00,80,23.5,31.0,1005.7,4,0.0
2025-07-28 02:00:00,82,23.7,31.0,1005.7,12,0.0
2025-07-28 03:00:00,82,23.7,30.8,1005.8,12,0.0
2025-07-28 04:00:00,83,23.6,30.6,1005.4,5,0.0
2025-07-28 05:00:00,83,23.6,30.3,1005.1,3,0.0
2025-07-28 06:00:00,83,23.5,30.2,1004.8,0,13.0
2025-07-28 07:00:00,79,23.5,30.9,1005.0,0,135.0
2025-07-28 08:00:00,75,23.2,31.6,1005.1,0,321.0
2025-07-28 09:00:00,70,22.9,32.1,1005.4,5,521.0
2025-07-28 10:00:00,61,21.9,33.4,1004.9,0,699.0
2025-07-28 11:00:00,56,21.2,34.3,1004.5,0,833.0
2025-07-28 12:00:00,52,20.6,35.0,1003.9,0,916.0
2025-07-28 13:00:00,49,20.3,35.5,1003.3,0,940.0
2025-07-28 14:00:00,47,19.9,35.4,1002.9,0,901.0
2025-07-28 15:00:00,45,19.5,35.3,1002.4,0,803.0
2025-07-28 16:00:00,45,19.5,34.7,1001.6,0,656.0
2025-07-28 17:00:00,49,20.1,33.8,1001.0,1,472.0
2025-07-28 18:00:00,58,21.7,33.4,1000.8,0,272.0
2025-07-28 19:00:00,67,22.9,33.2,1000.9,0,90.0
2025-07-28 20:00:00,70,23.2,33.2,1001.3,0,2.0
2025-07-28 21:00:00,72,23.4,33.1,1002.0,0,0.0
2025-07-28 22:00:00,76,23.6,32.8,1002.3,0,0.0
2025-07-28 23:00:00,77,23.6,32.4,1002.5,0,0.0
2025-07-29 00:00:00,79,23.5,32.0,1002.4,0,0.0
2025-07-29 01:00:00,80,23.5,31.5,1002.1,0,0.0
2025-07-29 02:00:00,82,23.5,31.0,1001.9,0,0.0
2025-07-29 03:00:00,86,24.0,30.7,1002.1,0,0.0
2025-07-29 04:00:00,88,24.1,30.6,1002.1,4,0.0
2025-07-29 05:00:00,90,24.2,30.4,1002.1,1,0.0
2025-07-29 06:00:00,89,24.2,30.4,1002.5,5,12.0
2025-07-29 07:00:00,83,24.0,31.1,1002.6,5,130.0
2025-07-29 08:00:00,78,23.9,31.7,1002.5,16,315.0
2025-07-29 09:00:00,74,23.7,32.4,1002.3,9,509.0
2025-07-29 10:00:00,69,23.5,33.8,1002.3,0,694.0
2025-07-29 11:00:00,64,23.0,35.0,1002.0,0,834.0
2025-07-29 12:00:00,57,21.9,35.4,1001.7,0,918.0
2025-07-29 13:00:00,52,21.0,35.8,1001.1,0,943.0
2025-07-29 14:00:00,49,20.3,35.7,1000.6,0,908.0
2025-07-29 15:00:00,42,18.5,34.8,1000.3,0,811.0
2025-07-29 16:00:00,40,17.7,34.1,999.9,0,661.0
2025-07-29 17:00:00,48,20.0,33.7,999.8,0,477.0
2025-07-29 18:00:00,61,22.2,33.3,999.7,0,274.0
2025-07-29 19:00:00,71,23.4,32.7,1000.0,0,89.0
2025-07-29 20:00:00,75,23.5,32.1,1000.5,0,2.0
2025-07-29 21:00:00,75,23.2,31.8,1001.4,0,0.0
2025-07-29 22:00:00,79,23.9,32.3,1001.3,0,0.0
2025-07-29 23:00:00,77,23.5,32.0,1001.5,0,0.0
2025-07-30 00:00:00,74,22.8,31.6,1001.7,0,0.0
2025-07-30 01:00:00,73,22.1,31.1,1001.4,0,0.0
2025-07-30 02:00:00,74,22.0,30.3,1001.2,0,0.0
2025-07-30 03:00:00,77,22.1,29.4,1001.0,0,0.0
2025-07-30 04:00:00,83,22.7,29.0,1001.0,0,0.0
2025-07-30 05:00:00,88,23.2,29.0,1001.3,0,0.0
2025-07-30 06:00:00,89,23.5,29.2,1001.7,1,12.0
2025-07-30 07:00:00,82,23.2,30.1,1002.1,2,133.0
2025-07-30 08:00:00,73,22.4,30.4,1001.7,3,322.0
2025-07-30 09:00:00,68,22.0,30.9,1001.5,1,526.0
2025-07-30 10:00:00,63,21.6,32.4,1002.1,22,705.0
2025-07-30 11:00:00,60,21.4,33.3,1001.7,14,842.0
2025-07-30 12:00:00,54,20.7,33.9,1001.6,42,924.0
2025-07-30 13:00:00,49,19.8,34.1,1001.2,55,947.0
2025-07-30 14:00:00,43,18.2,34.1,1001.0,85,910.0
2025-07-30 15:00:00,44,18.5,33.8,1000.5,79,810.0
2025-07-30 16:00:00,50,20.3,33.2,1000.4,6,658.0
2025-07-30 17:00:00,55,21.0,32.3,1000.2,5,474.0
2025-07-30 18:00:00,60,21.2,31.6,1000.3,5,272.0
2025-07-30 19:00:00,67,21.9,31.2,1000.9,0,88.0
2025-07-30 20:00:00,66,21.3,30.7,1001.5,0,2.0
2025-07-30 21:00:00,65,21.0,30.6,1002.3,19,0.0
2025-07-30 22:00:00,68,21.6,30.7,1002.5,15,0.0
2025-07-30 23:00:00,68,21.4,30.8,1002.6,31,0.0
2025-07-31 00:00:00,68,21.2,30.4,1002.7,43,0.0
2025-07-31 01:00:00,70,21.2,30.1,1002.4,92,0.0
2025-07-31 02:00:00,72,21.5,30.0,1002.3,87,0.0
2025-07-31 03:00:00,73,21.5,29.8,1002.4,20,0.0
2025-07-31 04:00:00,74,21.6,29.8,1002.4,37,0.0
2025-07-31 05:00:00,77,22.1,29.9,1002.7,80,0.0
2025-07-31 06:00:00,80,22.6,30.1,1003.1,62,11.0
2025-07-31 07:00:00,77,23.0,31.2,1003.3,95,131.0
2025-07-31 08:00:00,73,22.8,31.8,1003.6,99,316.0
2025-07-31 09:00:00,69,22.8,32.4,1003.5,97,511.0
2025-07-31 10:00:00,60,21.9,34.2,1003.6,100,691.0
2025-07-31 11:00:00,54,21.0,35.3,1003.5,100,822.0
2025-07-31 12:00:00,48,20.0,36.1,1003.1,100,901.0
2025-07-31 13:00:00,44,18.9,36.7,1002.6,100,944.0
2025-07-31 14:00:00,38,17.2,36.4,1002.1,72,911.0
2025-07-31 15:00:00,36,16.5,35.7,1001.6,22,808.0
2025-07-31 16:00:00,39,17.7,35.1,1001.0,23,653.0
2025-07-31 17:00:00,43,19.0,34.8,1001.0,12,466.0
2025-07-31 18:00:00,50,20.5,34.5,1001.2,10,263.0
2025-07-31 19:00:00,56,21.2,34.1,1001.4,3,83.0
2025-07-31 20:00:00,61,22.0,33.7,1001.9,2,2.0
2025-07-31 21:00:00,66,22.7,33.5,1002.4,1,0.0
2025-07-31 22:00:00,65,22.0,33.1,1002.7,0,0.0
2025-07-31 23:00:00,68,22.4,32.9,1003.0,1,0.0
2025-08-01 00:00:00,71,22.8,32.7,1002.9,4,0.0
2025-08-01 01:00:00,74,23.0,32.3,1002.6,3,0.0
2025-08-01 02:00:00,76,23.0,31.7,1002.0,2,0.0
2025-08-01 03:00:00,78,23.0,31.3,1001.6,0,0.0
2025-08-01 04:00:00,80,23.0,30.9,1001.6,0,0.0
2025-08-01 05:00:00,81,22.8,30.3,1001.5,0,0.0
2025-08-01 06:00:00,81,22.6,30.1,1001.9,0,11.0
2025-08-01 07:00:00,77,23.0,31.7,1002.1,0,131.0
2025-08-01 08:00:00,70,23.3,33.8,1002.0,0,323.0
2025-08-01 09:00:00,64,23.1,35.3,1002.1,0,520.0
2025-08-01 10:00:00,59,22.8,37.0,1002.5,0,695.0
2025-08-01 11:00:00,56,22.5,38.3,1002.3,0,827.0
2025-08-01 12:00:00,53,22.0,38.6,1001.9,4,905.0
2025-08-01 13:00:00,53,21.9,38.0,1001.4,16,870.0
2025-08-01 14:00:00,54,22.4,37.8,1000.8,7,789.0
2025-08-01 15:00:00,51,21.9,37.4,1000.3,7,750.0
2025-08-01 16:00:00,54,22.6,37.2,1000.1,9,609.0
2025-08-01 17:00:00,58,23.5,38.1,999.9,10,431.0
2025-08-01 18:00:00,59,23.5,37.5,1000.0,8,245.0
2025-08-01 19:00:00,63,23.5,35.5,1000.4,1,79.0
2025-08-01 20:00:00,68,23.5,34.1,1000.9,1,1.0
2025-08-01 21:00:00,72,23.6,33.6,1001.5,1,0.0
2025-08-01 22:00:00,79,24.0,32.8,1001.4,0,0.0
2025-08-01 23:00:00,82,24.0,32.5,1001.8,0,0.0
2025-08-02 00:00:00,86,24.2,32.1,1002.1,0,0.0
2025-08-02 01:00:00,90,24.5,31.5,1002.0,1,0.0
2025-08-02 02:00:00,92,24.5,30.8,1001.9,0,0.0
2025-08-02 03:00:00,91,24.2,30.4,1001.4,5,0.0
2025-08-02 04:00:00,90,24.1,30.7,1001.1,6,0.0
2025-08-02 05:00:00,91,24.2,31.0,1001.3,1,0.0
2025-08-02 06:00:00,91,24.2,31.2,1001.6,0,10.0
2025-08-02 07:00:00,84,24.1,32.2,1001.9,3,130.0
2025-08-02 08:00:00,74,23.9,33.6,1002.0,3,322.0
2025-08-02 09:00:00,60,22.5,35.1,1001.7,1,520.0
2025-08-02 10:00:00,54,22.4,37.8,1002.0,1,694.0
2025-08-02 11:00:00,48,21.5,39.5,1001.6,0,830.0
2025-08-02 12:00:00,44,21.2,40.3,1001.2,0,911.0
2025-08-02 13:00:00,47,22.0,40.6,1000.7,0,931.0
2025-08-02 14:00:00,48,22.7,40.8,1000.4,0,888.0
2025-08-02 15:00:00,45,21.6,39.9,1000.2,0,788.0
2025-08-02 16:00:00,40,19.7,37.9,999.8,0,644.0
2025-08-02 17:00:00,45,20.1,35.8,999.7,0,465.0
2025-08-02 18:00:00,52,20.8,34.5,999.9,14,266.0
2025-08-02 19:00:00,60,21.4,32.9,1000.3,17,82.0
2025-08-02 20:00:00,67,21.9,32.1,1000.6,0,1.0
2025-08-02 21:00:00,69,21.8,31.5,1001.2,99,0.0
2025-08-02 22:00:00,70,21.8,31.4,1001.4,56,0.0
2025-08-02 23:00:00,75,22.5,31.3,1001.9,54,0.0
2025-08-03 00:00:00,80,23.2,31.1,1002.0,0,0.0
2025-08-03 01:00:00,85,23.5,30.8,1001.9,94,0.0
2025-08-03 02:00:00,88,23.9,30.7,1001.7,51,0.0
2025-08-03 03:00:00,94,24.4,30.3,1001.6,65,0.0
2025-08-03 04:00:00,94,24.1,29.7,1001.8,96,0.0
2025-08-03 05:00:00,91,23.5,29.3,1002.0,98,0.0
2025-08-03 06:00:00,90,23.3,29.4,1002.5,100,9.0
2025-08-03 07:00:00,86,23.9,31.4,1002.8,82,115.0
2025-08-03 08:00:00,77,23.7,33.3,1002.7,28,300.0
2025-08-03 09:00:00,69,23.5,34.8,1002.6,94,511.0
2025-08-03 10:00:00,66,23.5,35.5,1003.1,100,638.0
2025-08-03 11:00:00,60,23.0,37.5,1002.6,100,767.0
2025-08-03 12:00:00,55,22.4,37.9,1002.3,100,807.0
2025-08-03 13:00:00,49,21.5,39.1,1001.9,99,858.0
2025-08-03 14:00:00,45,20.9,40.1,1001.6,0,869.0
2025-08-03 15:00:00,41,19.6,38.8,1001.6,22,787.0
2025-08-03 16:00:00,41,19.4,36.4,1001.5,57,631.0
2025-08-03 17:00:00,42,19.0,35.1,1001.3,33,384.0
2025-08-03 18:00:00,43,18.6,34.5,1001.6,10,251.0
2025-08-03 19:00:00,44,18.1,33.1,1002.3,80,75.0
2025-08-03 20:00:00,49,18.8,33.0,1002.8,59,1.0
2025-08-03 21:00:00,54,20.0,32.8,1003.4,99,0.0
2025-08-03 22:00:00,59,21.1,33.7,1003.5,90,0.0
2025-08-03 23:00:00,63,21.6,33.6,1004.1,89,0.0
2025-08-04 00:00:00,72,23.1,34.1,1004.2,91,0.0
2025-08-04 01:00:00,72,22.5,32.8,1004.0,93,0.0
2025-08-04 02:00:00,73,22.7,32.4,1003.5,71,0.0
2025-08-04 03:00:00,76,23.1,32.9,1003.5,30,0.0
2025-08-04 04:00:00,80,24.3,33.1,1003.8,25,0.0
2025-08-04 05:00:00,84,24.8,33.1,1004.0,100,0.0
2025-08-04 06:00:00,74,23.2,32.2,1004.0,100,5.0
2025-08-04 07:00:00,69,22.8,32.1,1004.2,84,89.0
2025-08-04 08:00:00,69,23.5,33.3,1004.2,85,278.0
2025-08-04 09:00:00,78,24.0,32.5,1004.5,96,292.0
2025-08-04 10:00:00,86,24.5,31.3,1005.3,100,169.0
2025-08-04 11:00:00,81,24.2,32.0,1005.1,99,270.0
2025-08-04 12:00:00,73,24.1,33.9,1004.8,100,514.0
2025-08-04 13:00:00,71,24.2,34.4,1004.8,100,575.0
2025-08-04 14:00:00,70,24.5,35.4,1004.4,100,500.0
2025-08-04 15:00:00,67,24.6,37.0,1004.2,99,632.0
2025-08-04 16:00:00,86,26.0,34.2,1004.6,99,417.0
2025-08-04 17:00:00,86,25.8,33.8,1004.6,99,236.0
2025-08-04 18:00:00,87,25.6,33.5,1004.7,99,93.0
2025-08-04 19:00:00,86,25.8,34.1,1005.3,92,41.0
2025-08-04 20:00:00,83,25.4,34.3,1005.6,43,1.0
2025-08-04 21:00:00,85,25.7,34.8,1006.5,100,0.0
2025-08-04 22:00:00,90,26.8,35.6,1006.4,17,0.0
2025-08-04 23:00:00,90,26.7,35.7,1006.8,10,0.0
2025-08-05 00:00:00,86,26.1,35.0,1007.0,19,0.0
2025-08-05 01:00:00,79,24.8,33.9,1006.7,18,0.0
2025-08-05 02:00:00,79,24.7,34.0,1006.6,68,0.0
2025-08-05 03:00:00,78,24.5,33.8,1006.9,35,0.0
2025-08-05 04:00:00,79,24.5,33.7,1006.9,59,0.0
2025-08-05 05:00:00,80,24.5,33.4,1006.9,27,0.0
2025-08-05 06:00:00,78,24.0,33.1,1007.2,15,7.0
2025-08-05 07:00:00,73,23.9,33.9,1007.3,25,110.0
2025-08-05 08:00:00,71,23.9,34.6,1007.7,37,296.0
2025-08-05 09:00:00,69,24.2,35.8,1007.7,31,478.0
2025-08-05 10:00:00,64,24.1,37.2,1007.8,26,627.0
2025-08-05 11:00:00,60,23.8,38.4,1007.5,21,733.0
2025-08-05 12:00:00,56,23.5,39.4,1007.2,19,811.0
2025-08-05 13:00:00,53,23.2,40.2,1006.6,13,841.0
2025-08-05 14:00:00,55,23.6,39.7,1006.3,62,772.0
2025-08-05 15:00:00,58,23.8,39.1,1006.0,15,629.0
2025-08-05 16:00:00,57,23.4,37.2,1006.1,57,561.0
2025-08-05 17:00:00,71,24.9,35.8,1006.5,46,223.0
2025-08-05 18:00:00,69,24.6,35.7,1006.5,44,196.0
2025-08-05 19:00:00,68,24.2,34.9,1006.9,83,60.0
2025-08-05 20:00:00,72,24.5,34.4,1007.2,80,1.0
2025-08-05 21:00:00,76,24.8,34.2,1007.9,4,0.0
2025-08-05 22:00:00,77,24.9,34.6,1007.9,2,0.0
2025-08-05 23:00:00,84,25.5,35.0,1008.1,6,0.0
2025-08-06 00:00:00,86,25.8,35.4,1007.7,8,0.0
2025-08-06 01:00:00,87,25.9,35.4,1007.5,10,0.0
2025-08-06 02:00:00,88,25.9,35.2,1007.5,10,0.0
2025-08-06 03:00:00,88,25.5,34.2,1007.1,1,0.0
2025-08-06 04:00:00,84,24.8,33.7,1007.1,4,0.0
2025-08-06 05:00:00,85,24.6,33.3,1007.2,9,0.0
2025-08-06 06:00:00,81,24.5,33.5,1007.7,20,7.0
2025-08-06 07:00:00,77,24.5,33.6,1007.6,78,106.0
2025-08-06 08:00:00,77,25.0,33.7,1007.6,100,272.0
2025-08-06 09:00:00,73,25.0,34.5,1007.2,81,463.0
2025-08-06 10:00:00,69,25.1,37.0,1006.9,39,628.0
2025-08-06 11:00:00,60,24.1,38.3,1006.8,100,780.0
2025-08-06 12:00:00,53,23.3,39.0,1006.0,32,771.0
2025-08-06 13:00:00,62,24.3,38.3,1005.9,11,842.0
2025-08-06 14:00:00,54,23.5,38.9,1005.2,84,841.0
2025-08-06 15:00:00,54,23.3,37.0,1004.5,80,482.0
2025-08-06 16:00:00,52,22.9,36.7,1004.0,19,555.0
2025-08-06 17:00:00,55,23.0,36.2,1003.7,16,391.0
2025-08-06 18:00:00,57,23.0,35.4,1003.7,19,201.0
2025-08-06 19:00:00,63,23.6,34.8,1003.9,100,63.0
2025-08-06 20:00:00,67,24.0,34.3,1004.0,100,0.0
2025-08-06 21:00:00,71,24.4,33.8,1004.5,100,0.0
2025-08-06 22:00:00,74,24.7,33.5,1004.1,98,0.0
2025-08-06 23:00:00,77,25.0,33.3,1003.8,100,0.0
2025-08-07 00:00:00,77,24.9,33.2,1003.5,99,0.0
2025-08-07 01:00:00,79,24.6,32.2,1003.2,90,0.0
2025-08-07 02:00:00,88,24.7,30.9,1003.2,95,0.0
2025-08-07 03:00:00,95,25.2,30.2,1003.0,100,0.0
2025-08-07 04:00:00,90,24.7,29.6,1003.1,100,0.0
2025-08-07 05:00:00,93,24.6,29.3,1002.8,100,0.0
2025-08-07 06:00:00,93,24.8,29.1,1003.0,100,2.0
2025-08-07 07:00:00,92,24.9,29.3,1003.2,100,34.0
2025-08-07 08:00:00,93,24.8,29.6,1003.4,100,96.0
2025-08-07 09:00:00,89,24.8,30.1,1003.8,99,188.0
2025-08-07 10:00:00,90,25.1,31.3,1003.5,100,228.0
2025-08-07 11:00:00,88,25.5,32.7,1003.0,95,302.0
2025-08-07 12:00:00,82,25.8,35.1,1003.0,100,397.0
2025-08-07 13:00:00,78,25.8,35.6,1002.6,100,478.0
2025-08-07 14:00:00,74,25.1,35.5,1002.0,48,358.0
2025-08-07 15:00:00,69,24.5,35.3,1001.9,100,616.0
2025-08-07 16:00:00,76,25.0,34.0,1001.7,100,201.0
2025-08-07 17:00:00,82,25.6,34.0,1001.9,100,89.0
2025-08-07 18:00:00,79,25.3,33.7,1001.8,100,186.0
2025-08-07 19:00:00,82,25.4,33.2,1002.2,100,32.0
2025-08-07 20:00:00,85,25.5,32.4,1002.6,100,0.0
2025-08-07 21:00:00,88,25.6,31.9,1003.0,100,0.0
2025-08-07 22:00:00,80,24.5,32.7,1003.9,100,0.0
2025-08-07 23:00:00,90,25.0,31.5,1003.6,85,0.0
2025-08-08 00:00:00,90,25.0,32.7,1003.2,82,0.0
2025-08-08 01:00:00,95,24.7,30.3,1003.1,100,0.0
2025-08-08 02:00:00,99,24.0,28.6,1003.3,96,0.0
2025-08-08 03:00:00,93,23.6,29.4,1003.1,30,0.0
2025-08-08 04:00:00,94,24.4,30.7,1002.9,100,0.0
2025-08-08 05:00:00,94,24.7,31.0,1002.9,92,0.0
2025-08-08 06:00:00,95,24.9,30.6,1003.3,100,5.0
2025-08-08 07:00:00,92,25.0,31.2,1003.6,100,55.0
2025-08-08 08:00:00,92,25.5,31.9,1003.7,100,146.0
2025-08-08 09:00:00,88,25.2,32.0,1004.1,100,250.0
2025-08-08 10:00:00,75,24.4,32.6,1004.5,99,539.0
2025-08-08 11:00:00,69,23.1,32.8,1004.7,79,728.0
2025-08-08 12:00:00,62,22.2,33.6,1004.5,87,737.0
2025-08-08 13:00:00,55,20.8,33.1,1004.2,85,803.0
2025-08-08 14:00:00,55,20.5,32.6,1004.0,100,826.0
2025-08-08 15:00:00,58,21.0,31.8,1004.0,100,619.0
2025-08-08 16:00:00,62,21.4,31.0,1003.9,100,477.0
2025-08-08 17:00:00,70,22.5,31.1,1004.3,100,217.0
2025-08-08 18:00:00,75,23.1,31.3,1004.6,100,81.0
2025-08-08 19:00:00,79,23.4,30.8,1005.2,100,25.0
2025-08-08 20:00:00,84,23.5,29.6,1005.7,100,0.0
2025-08-08 21:00:00,87,23.4,29.5,1006.4,99,0.0
2025-08-08 22:00:00,85,24.1,31.9,1006.1,100,0.0
2025-08-08 23:00:00,88,24.3,31.6,1006.2,96,0.0
2025-08-09 00:00:00,91,24.1,31.6,1006.1,100,0.0
2025-08-09 01:00:00,91,24.4,32.0,1005.8,100,0.0
2025-08-09 02:00:00,93,24.2,31.5,1005.6,89,0.0
2025-08-09 03:00:00,92,24.0,31.4,1005.3,100,0.0
2025-08-09 04:00:00,92,24.2,31.7,1005.2,100,0.0
2025-08-09 05:00:00,92,24.2,31.7,1005.5,100,0.0
2025-08-09 06:00:00,91,24.0,31.5,1005.9,100,3.0
2025-08-09 07:00:00,86,24.4,32.7,1006.1,100,68.0
2025-08-09 08:00:00,75,23.0,32.3,1006.1,100,149.0
2025-08-09 09:00:00,75,23.1,32.3,1006.4,100,218.0
2025-08-09 10:00:00,79,23.5,32.2,1006.6,100,222.0
2025-08-09 11:00:00,79,23.1,30.9,1006.4,100,250.0
2025-08-09 12:00:00,86,23.5,30.1,1006.4,100,176.0
2025-08-09 13:00:00,79,22.0,28.4,1006.5,100,265.0
2025-08-09 14:00:00,89,22.0,27.8,1006.0,100,172.0
2025-08-09 15:00:00,93,22.5,28.5,1005.6,100,94.0
2025-08-09 16:00:00,92,22.8,27.6,1005.0,100,122.0
2025-08-09 17:00:00,89,22.9,27.6,1004.4,100,176.0
2025-08-09 18:00:00,94,23.7,28.2,1004.0,100,67.0
2025-08-09 19:00:00,93,24.4,30.1,1003.9,100,15.0
2025-08-09 20:00:00,95,24.9,31.2,1004.0,100,0.0
2025-08-09 21:00:00,95,25.2,31.4,1004.2,100,0.0
2025-08-09 22:00:00,93,25.5,32.0,1003.8,100,0.0
2025-08-09 23:00:00,95,25.5,32.3,1003.7,100,0.0
2025-08-10 00:00:00,93,25.2,30.9,1003.1,100,0.0
2025-08-10 01:00:00,94,24.6,30.4,1003.1,100,0.0
2025-08-10 02:00:00,94,24.8,30.0,1003.0,100,0.0
2025-08-10 03:00:00,94,24.6,30.1,1002.7,100,0.0
2025-08-10 04:00:00,95,24.6,30.1,1002.1,100,0.0
2025-08-10 05:00:00,93,24.5,30.0,1002.1,100,0.0
2025-08-10 06:00:00,94,24.5,30.4,1001.9,100,1.0
2025-08-10 07:00:00,95,24.9,30.9,1002.9,100,31.0
2025-08-10 08:00:00,95,24.9,30.2,1002.9,100,45.0
2025-08-10 09:00:00,93,25.4,31.1,1003.1,100,49.0
2025-08-10 10:00:00,89,25.5,32.2,1002.6,100,298.0
2025-08-10 11:00:00,90,25.7,32.1,1003.1,100,140.0
2025-08-10 12:00:00,93,25.4,31.3,1002.8,100,71.0
2025-08-10 13:00:00,93,25.3,30.5,1002.2,100,40.0
2025-08-10 14:00:00,93,25.1,30.2,1001.8,100,62.0
2025-08-10 15:00:00,94,25.3,31.1,1001.5,100,72.0
2025-08-10 16:00:00,93,25.3,30.6,1000.7,100,35.0
2025-08-10 17:00:00,91,25.2,30.4,1000.7,100,89.0
2025-08-10 18:00:00,94,25.2,29.9,1000.5,100,27.0
2025-08-10 19:00:00,94,25.1,29.0,1001.4,100,7.0
2025-08-10 20:00:00,95,25.1,29.9,1002.1,100,0.0
2025-08-10 21:00:00,95,25.1,30.4,1002.9,100,0.0
2025-08-10 22:00:00,92,25.5,32.1,1002.8,98,0.0
2025-08-10 23:00:00,92,25.5,32.2,1003.0,100,0.0
2025-08-11 00:00:00,93,25.5,32.1,1003.0,100,0.0
2025-08-11 01:00:00,91,25.0,31.1,1002.9,100,0.0
2025-08-11 02:00:00,89,24.6,30.4,1002.9,100,0.0
2025-08-11 03:00:00,88,24.4,30.6,1003.2,100,0.0
2025-08-11 04:00:00,91,24.5,30.6,1003.1,100,0.0
2025-08-11 05:00:00,95,24.8,31.0,1003.2,100,0.0
2025-08-11 06:00:00,96,25.0,31.2,1003.4,100,1.0
2025-08-11 07:00:00,96,24.7,30.8,1003.8,100,14.0
2025-08-11 08:00:00,95,24.9,31.5,1004.0,100,45.0
2025-08-11 09:00:00,95,25.2,31.8,1004.3,100,104.0
2025-08-11 10:00:00,97,25.2,30.9,1004.9,100,75.0
2025-08-11 11:00:00,94,25.3,31.4,1005.2,100,131.0
2025-08-11 12:00:00,87,25.0,32.0,1005.4,100,333.0
2025-08-11 13:00:00,89,25.4,33.1,1005.3,100,416.0
2025-08-11 14:00:00,93,25.5,32.9,1005.5,100,290.0
2025-08-11 15:00:00,93,25.1,31.6,1005.8,100,94.0
2025-08-11 16:00:00,95,25.0,31.9,1005.5,100,146.0
2025-08-11 17:00:00,96,24.5,31.2,1005.5,100,47.0
2025-08-11 18:00:00,96,24.2,30.6,1005.7,100,23.0
2025-08-11 19:00:00,98,24.4,30.4,1006.3,100,16.0
2025-08-11 20:00:00,96,24.2,29.8,1006.1,100,0.0
2025-08-11 21:00:00,94,24.8,30.9,1006.7,99,0.0
2025-08-11 22:00:00,89,25.5,32.7,1006.9,100,0.0
2025-08-11 23:00:00,85,24.9,33.1,1007.3,100,0.0
2025-08-12 00:00:00,85,24.8,32.7,1007.2,100,0.0
2025-08-12 01:00:00,84,24.6,32.6,1007.5,100,0.0
2025-08-12 02:00:00,84,24.5,32.4,1007.3,100,0.0
2025-08-12 03:00:00,84,24.5,32.1,1007.6,100,0.0
2025-08-12 04:00:00,83,24.5,32.3,1007.8,100,0.0
2025-08-12 05:00:00,86,24.7,31.8,1008.3,100,0.0
2025-08-12 06:00:00,86,24.9,31.8,1008.8,100,2.0
2025-08-12 07:00:00,85,24.6,31.4,1009.8,100,58.0
2025-08-12 08:00:00,85,24.9,32.0,1010.3,99,120.0
2025-08-12 09:00:00,83,25.0,33.2,1010.6,100,300.0
2025-08-12 10:00:00,86,24.9,32.3,1011.5,100,455.0
2025-08-12 11:00:00,84,25.4,34.7,1011.4,99,405.0
2025-08-12 12:00:00,89,24.9,33.6,1011.8,100,621.0
2025-08-12 13:00:00,86,25.1,33.6,1011.9,99,478.0
2025-08-12 14:00:00,85,24.5,32.3,1011.9,100,320.0
2025-08-12 15:00:00,79,25.1,35.7,1012.1,100,640.0
2025-08-12 16:00:00,80,25.1,35.5,1011.9,100,328.0
2025-08-12 17:00:00,81,25.5,35.8,1012.1,100,248.0
2025-08-12 18:00:00,87,24.1,30.3,1013.3,100,127.0
2025-08-12 19:00:00,92,24.0,31.2,1013.1,100,10.0
2025-08-12 20:00:00,95,24.5,31.1,1013.6,100,0.0
2025-08-12 21:00:00,96,24.6,31.0,1014.2,100,0.0
2025-08-12 22:00:00,89,24.2,31.4,1014.1,79,0.0
2025-08-12 23:00:00,90,24.4,32.0,1014.4,77,0.0
2025-08-13 00:00:00,90,24.5,32.3,1014.2,90,0.0
2025-08-13 01:00:00,92,25.0,32.4,1014.0,99,0.0
2025-08-13 02:00:00,94,25.4,32.5,1014.3,100,0.0
2025-08-13 03:00:00,96,25.5,32.3,1014.5,99,0.0
2025-08-13 04:00:00,97,25.4,32.1,1014.4,84,0.0
2025-08-13 05:00:00,97,25.0,31.6,1014.4,23,0.0
2025-08-13 06:00:00,97,25.0,31.2,1014.8,13,5.0
2025-08-13 07:00:00,94,25.8,33.1,1015.2,6,101.0
2025-08-13 08:00:00,88,26.1,35.1,1015.5,16,279.0
2025-08-13 09:00:00,81,25.5,35.2,1015.7,99,455.0
2025-08-13 10:00:00,80,25.9,35.9,1016.1,98,564.0
2025-08-13 11:00:00,76,25.6,38.1,1016.0,100,731.0
2025-08-13 12:00:00,73,25.7,39.3,1015.5,100,839.0
2025-08-13 13:00:00,71,25.6,39.6,1014.9,100,852.0
2025-08-13 14:00:00,69,25.2,39.6,1014.7,100,817.0
2025-08-13 15:00:00,70,25.3,38.6,1014.2,83,661.0
2025-08-13 16:00:00,71,25.2,37.4,1014.2,48,556.0
2025-08-13 17:00:00,72,24.9,36.8,1014.4,40,376.0
2025-08-13 18:00:00,74,24.9,36.4,1014.7,27,186.0
2025-08-13 19:00:00,86,26.1,35.9,1015.0,76,51.0
2025-08-13 20:00:00,91,26.5,35.5,1015.4,78,0.0
2025-08-13 21:00:00,93,26.4,35.2,1016.0,14,0.0
2025-08-13 22:00:00,96,26.6,34.7,1016.1,82,0.0
2025-08-13 23:00:00,98,26.4,34.0,1016.1,90,0.0
2025-08-14 00:00:00,99,26.0,33.4,1016.0,100,0.0
2025-08-14 01:00:00,99,25.6,32.7,1015.6,100,0.0
2025-08-14 02:00:00,97,25.3,32.4,1015.5,100,0.0
2025-08-14 03:00:00,97,25.1,32.1,1015.5,100,0.0
2025-08-14 04:00:00,96,25.1,32.2,1015.5,100,0.0
2025-08-14 05:00:00,96,25.0,31.8,1015.7,100,0.0
2025-08-14 06:00:00,96,24.9,31.7,1016.0,99,4.0
2025-08-14 07:00:00,93,25.4,33.0,1016.2,100,97.0
2025-08-14 08:00:00,89,25.8,34.4,1016.3,100,258.0
2025-08-14 09:00:00,83,25.7,35.5,1016.2,94,460.0
2025-08-14 10:00:00,76,25.3,36.9,1016.8,9,639.0
2025-08-14 11:00:00,75,25.5,37.9,1016.6,75,771.0
2025-08-14 12:00:00,75,25.9,38.8,1016.2,98,866.0
2025-08-14 13:00:00,75,25.9,38.9,1015.8,100,837.0
2025-08-14 14:00:00,68,25.0,38.6,1015.6,58,812.0
2025-08-14 15:00:00,60,23.2,36.8,1015.2,38,735.0
2025-08-14 16:00:00,59,22.6,35.1,1015.0,18,592.0
2025-08-14 17:00:00,66,23.5,34.7,1015.1,3,424.0
2025-08-14 18:00:00,77,24.8,34.2,1015.0,25,228.0
2025-08-14 19:00:00,83,25.0,33.5,1015.1,100,55.0
2025-08-14 20:00:00,89,25.5,33.4,1015.3,90,0.0
2025-08-14 21:00:00,94,25.8,33.4,1015.8,4,0.0
2025-08-14 22:00:00,92,25.9,33.8,1015.5,22,0.0
2025-08-14 23:00:00,93,25.8,33.4,1015.5,8,0.0
2025-08-15 00:00:00,95,25.7,33.2,1015.4,42,0.0
2025-08-15 01:00:00,95,25.5,32.9,1015.0,45,0.0
2025-08-15 02:00:00,94,24.8,31.7,1014.8,84,0.0
2025-08-15 03:00:00,95,25.0,32.2,1014.9,61,0.0
2025-08-15 04:00:00,96,25.0,31.9,1014.6,55,0.0
2025-08-15 05:00:00,97,25.4,31.7,1014.9,66,0.0
2025-08-15 06:00:00,97,25.5,32.1,1015.1,67,3.0
2025-08-15 07:00:00,95,25.8,32.8,1015.4,70,73.0
2025-08-15 08:00:00,87,25.5,33.9,1015.2,89,258.0
2025-08-15 09:00:00,81,25.5,35.2,1015.1,23,456.0
2025-08-15 10:00:00,78,25.9,36.9,1015.5,24,633.0
2025-08-15 11:00:00,73,25.6,38.0,1015.0,29,752.0
2025-08-15 12:00:00,69,25.3,38.6,1014.4,21,843.0
2025-08-15 13:00:00,67,25.2,38.7,1014.0,21,838.0
2025-08-15 14:00:00,66,25.1,38.3,1013.7,18,766.0
2025-08-15 15:00:00,66,25.0,38.0,1013.2,18,692.0
2025-08-15 16:00:00,66,24.9,37.3,1013.0,10,553.0
2025-08-15 17:00:00,67,24.9,37.2,1012.9,4,409.0
2025-08-15 18:00:00,80,26.5,37.0,1012.8,5,220.0
2025-08-15 19:00:00,83,26.0,35.5,1013.1,3,53.0
2025-08-15 20:00:00,86,25.4,34.1,1013.5,1,0.0
2025-08-15 21:00:00,88,24.9,33.0,1013.8,0,0.0
2025-08-15 22:00:00,90,25.0,32.8,1013.4,0,0.0
2025-08-15 23:00:00,92,25.0,32.3,1013.3,0,0.0
2025-08-16 00:00:00,94,25.0,32.0,1013.3,0,0.0
2025-08-16 01:00:00,94,24.6,31.5,1013.0,0,0.0
2025-08-16 02:00:00,93,24.4,31.1,1012.8,0,0.0
2025-08-16 03:00:00,93,24.1,30.8,1013.0,0,0.0
2025-08-16 04:00:00,94,24.0,30.5,1013.1,11,0.0
2025-08-16 05:00:00,94,23.6,30.3,1013.1,0,0.0
2025-08-16 06:00:00,94,23.7,30.3,1013.2,0,4.0
2025-08-16 07:00:00,93,24.8,32.2,1013.6,2,103.0
2025-08-16 08:00:00,88,25.2,34.0,1013.9,0,290.0
2025-08-16 09:00:00,82,25.3,35.4,1014.1,0,488.0
2025-08-16 10:00:00,75,24.9,36.9,1014.1,0,663.0
2025-08-16 11:00:00,71,24.8,38.0,1014.0,0,796.0
2025-08-16 12:00:00,69,24.7,38.6,1013.5,2,874.0
2025-08-16 13:00:00,63,23.7,38.3,1012.8,4,867.0
2025-08-16 14:00:00,57,22.9,38.1,1012.3,11,830.0
2025-08-16 15:00:00,59,23.6,37.8,1012.0,12,725.0
2025-08-16 16:00:00,62,24.3,37.1,1012.0,8,557.0
2025-08-16 17:00:00,69,25.1,36.9,1012.3,4,401.0
2025-08-16 18:00:00,76,25.8,36.3,1012.2,2,213.0
2025-08-16 19:00:00,78,25.3,35.1,1012.4,2,49.0
2025-08-16 20:00:00,82,25.2,34.4,1012.8,1,0.0
2025-08-16 21:00:00,83,24.5,33.4,1013.1,0,0.0
2025-08-16 22:00:00,89,24.9,33.2,1012.8,0,0.0
2025-08-16 23:00:00,91,25.0,33.1,1013.3,3,0.0
2025-08-17 00:00:00,95,25.0,32.4,1013.5,1,0.0
2025-08-17 01:00:00,95,24.9,32.1,1013.6,1,0.0
2025-08-17 02:00:00,95,24.6,31.5,1013.5,0,0.0
2025-08-17 03:00:00,93,24.0,31.0,1013.5,0,0.0
2025-08-17 04:00:00,93,23.9,30.8,1013.5,0,0.0
2025-08-17 05:00:00,93,23.9,30.6,1013.7,0,0.0
2025-08-17 06:00:00,93,24.1,31.1,1014.1,3,4.0
2025-08-17 07:00:00,92,25.2,32.9,1014.3,7,100.0
2025-08-17 08:00:00,87,25.7,35.0,1014.5,15,280.0
2025-08-17 09:00:00,81,25.4,35.4,1014.8,21,458.0
2025-08-17 10:00:00,75,25.2,36.2,1015.4,27,609.0
2025-08-17 11:00:00,74,25.3,37.0,1015.5,80,705.0
2025-08-17 12:00:00,71,25.4,38.6,1015.1,94,829.0
2025-08-17 13:00:00,61,23.4,37.5,1014.7,93,848.0
2025-08-17 14:00:00,52,21.3,36.1,1014.3,92,820.0
2025-08-17 15:00:00,56,22.0,35.4,1014.1,89,708.0
2025-08-17 16:00:00,61,22.7,34.5,1014.3,35,578.0
2025-08-17 17:00:00,65,23.1,34.5,1014.1,6,406.0
2025-08-17 18:00:00,70,23.6,34.1,1014.3,7,215.0
2025-08-17 19:00:00,77,23.8,33.5,1014.5,1,49.0
2025-08-17 20:00:00,83,24.2,33.3,1014.7,1,0.0
2025-08-17 21:00:00,84,24.2,33.3,1015.0,4,0.0
2025-08-17 22:00:00,85,23.5,31.4,1014.7,0,0.0
2025-08-17 23:00:00,87,23.5,31.0,1015.0,23,0.0
2025-08-18 00:00:00,85,23.2,30.7,1015.3,1,0.0
2025-08-18 01:00:00,84,23.0,30.6,1015.1,0,0.0
2025-08-18 02:00:00,86,23.1,30.6,1015.1,2,0.0
2025-08-18 03:00:00,90,23.2,30.1,1015.1,0,0.0
2025-08-18 04:00:00,91,23.0,29.6,1015.1,1,0.0
2025-08-18 05:00:00,89,22.5,29.0,1015.3,19,0.0
2025-08-18 06:00:00,89,22.5,28.9,1015.5,3,3.0
2025-08-18 07:00:00,84,23.2,31.3,1015.8,2,97.0
2025-08-18 08:00:00,81,24.4,33.8,1016.1,23,281.0
2025-08-18 09:00:00,79,24.9,34.4,1016.1,89,467.0
2025-08-18 10:00:00,78,25.4,36.2,1016.3,93,602.0
2025-08-18 11:00:00,74,25.1,37.5,1015.9,99,724.0
2025-08-18 12:00:00,69,24.6,38.5,1015.4,96,852.0
2025-08-18 13:00:00,66,24.2,38.3,1014.9,99,821.0
2025-08-18 14:00:00,58,22.9,38.3,1014.1,100,847.0
2025-08-18 15:00:00,56,22.4,37.6,1013.6,93,749.0
2025-08-18 16:00:00,57,22.5,36.1,1013.5,100,574.0
2025-08-18 17:00:00,62,23.3,36.1,1013.5,91,393.0
2025-08-18 18:00:00,72,24.6,35.7,1013.5,62,170.0
2025-08-18 19:00:00,78,25.1,35.3,1013.8,18,45.0
2025-08-18 20:00:00,81,25.4,34.9,1014.3,2,0.0
2025-08-18 21:00:00,84,25.5,34.8,1014.7,1,0.0
2025-08-18 22:00:00,87,25.9,35.0,1014.8,99,0.0
2025-08-18 23:00:00,89,26.0,34.9,1014.7,86,0.0
2025-08-19 00:00:00,90,26.0,34.0,1014.4,84,0.0
2025-08-19 01:00:00,86,24.9,33.2,1013.7,5,0.0
2025-08-19 02:00:00,85,24.4,32.8,1013.3,2,0.0
2025-08-19 03:00:00,89,24.5,32.7,1013.0,5,0.0
2025-08-19 04:00:00,90,24.5,32.5,1012.9,14,0.0
2025-08-19 05:00:00,94,24.5,31.7,1013.4,19,0.0
2025-08-19 06:00:00,93,24.4,31.4,1013.8,11,3.0
2025-08-19 07:00:00,87,24.3,32.4,1014.5,26,92.0
2025-08-19 08:00:00,81,24.2,33.9,1014.8,32,266.0
2025-08-19 09:00:00,76,24.1,34.2,1014.6,25,457.0
2025-08-19 10:00:00,70,24.1,35.5,1014.5,17,569.0
2025-08-19 11:00:00,69,24.2,37.0,1014.2,17,742.0
2025-08-19 12:00:00,66,24.0,37.5,1013.6,19,762.0
2025-08-19 13:00:00,62,23.7,38.6,1012.9,10,850.0
2025-08-19 14:00:00,59,23.2,38.7,1012.1,14,813.0
2025-08-19 15:00:00,59,23.3,38.1,1011.6,45,715.0
2025-08-19 16:00:00,63,23.6,36.1,1011.6,47,547.0
2025-08-19 17:00:00,68,23.9,34.9,1011.6,66,330.0
2025-08-19 18:00:00,70,23.8,34.7,1011.4,46,171.0
2025-08-19 19:00:00,73,24.0,34.4,1012.0,40,41.0
2025-08-19 20:00:00,74,24.1,34.6,1012.4,38,0.0
2025-08-19 21:00:00,76,24.3,34.8,1012.6,17,0.0
2025-08-19 22:00:00,75,24.6,35.5,1012.4,100,0.0
2025-08-19 23:00:00,81,24.9,34.9,1012.1,83,0.0
2025-08-20 00:00:00,83,25.0,34.0,1012.0,36,0.0
2025-08-20 01:00:00,89,25.8,34.8,1011.5,19,0.0
2025-08-20 02:00:00,91,25.5,34.0,1011.2,25,0.0
2025-08-20 03:00:00,93,25.4,33.2,1011.1,22,0.0
2025-08-20 04:00:00,95,25.3,32.7,1011.2,17,0.0
2025-08-20 05:00:00,94,25.1,32.7,1011.5,21,0.0
2025-08-20 06:00:00,93,24.8,32.4,1012.1,50,3.0
2025-08-20 07:00:00,88,24.9,33.5,1012.1,16,82.0
2025-08-20 08:00:00,81,24.6,34.7,1011.8,9,260.0
2025-08-20 09:00:00,74,24.1,35.1,1012.0,5,458.0
2025-08-20 10:00:00,67,24.0,36.4,1012.2,11,627.0
2025-08-20 11:00:00,64,23.9,37.5,1011.8,12,754.0
2025-08-20 12:00:00,63,23.9,37.7,1011.5,15,836.0
2025-08-20 13:00:00,62,23.5,37.9,1010.8,15,857.0
2025-08-20 14:00:00,58,23.0,37.6,1010.5,17,844.0
2025-08-20 15:00:00,64,24.1,37.2,1010.5,19,729.0
2025-08-20 16:00:00,65,23.5,34.9,1010.3,68,516.0
2025-08-20 17:00:00,74,24.2,34.6,1010.2,55,305.0
2025-08-20 18:00:00,74,24.0,34.7,1010.2,26,149.0
2025-08-20 19:00:00,73,23.8,34.2,1010.1,15,39.0
2025-08-20 20:00:00,75,23.9,33.9,1010.4,25,0.0
2025-08-20 21:00:00,80,24.7,34.0,1010.7,28,0.0
2025-08-20 22:00:00,89,25.9,33.7,1010.8,14,0.0
2025-08-20 23:00:00,90,25.8,33.6,1011.0,25,0.0
2025-08-21 00:00:00,91,25.5,33.0,1011.2,43,0.0
2025-08-21 01:00:00,92,25.2,32.2,1010.9,92,0.0
2025-08-21 02:00:00,93,25.2,31.7,1010.8,6,0.0
2025-08-21 03:00:00,92,25.0,31.4,1010.8,12,0.0
2025-08-21 04:00:00,90,24.6,31.2,1010.7,17,0.0
2025-08-21 05:00:00,89,24.5,31.0,1010.9,5,0.0
2025-08-21 06:00:00,89,24.4,31.0,1011.1,5,2.0
2025-08-21 07:00:00,85,24.6,31.8,1011.0,19,89.0
2025-08-21 08:00:00,79,24.6,32.9,1010.5,9,270.0
2025-08-21 09:00:00,76,24.6,33.4,1010.8,2,462.0
2025-08-21 10:00:00,71,24.1,34.1,1011.5,29,627.0
2025-08-21 11:00:00,73,24.7,34.3,1011.1,19,665.0
2025-08-21 12:00:00,73,24.8,35.0,1010.7,14,811.0
2025-08-21 13:00:00,72,24.7,35.1,1010.0,13,814.0
2025-08-21 14:00:00,71,24.6,35.3,1009.2,21,812.0
2025-08-21 15:00:00,73,25.0,34.8,1008.8,17,703.0
2025-08-21 16:00:00,76,25.3,34.0,1008.6,25,549.0
2025-08-21 17:00:00,78,25.3,33.7,1008.5,5,365.0
2025-08-21 18:00:00,77,25.1,33.8,1008.1,3,194.0
2025-08-21 19:00:00,79,24.9,32.8,1008.2,16,39.0
2025-08-21 20:00:00,82,25.0,32.4,1008.5,38,0.0
2025-08-21 21:00:00,81,24.8,32.0,1008.9,2,0.0
2025-08-21 22:00:00,69,22.5,31.1,1009.4,92,0.0
2025-08-21 23:00:00,73,22.8,30.6,1009.3,80,0.0
2025-08-22 00:00:00,73,22.6,30.2,1009.5,90,0.0
2025-08-22 01:00:00,76,23.0,30.3,1009.2,37,0.0
2025-08-22 02:00:00,80,23.4,30.4,1009.1,98,0.0
2025-08-22 03:00:00,81,23.5,30.7,1009.1,99,0.0
2025-08-22 04:00:00,81,23.5,30.9,1008.9,29,0.0
2025-08-22 05:00:00,82,23.5,31.1,1008.9,25,0.0
2025-08-22 06:00:00,82,23.5,31.0,1009.0,66,2.0
2025-08-22 07:00:00,78,23.4,31.5,1009.3,57,81.0
2025-08-22 08:00:00,74,23.2,32.1,1009.0,35,248.0
2025-08-22 09:00:00,71,23.2,32.8,1009.1,38,422.0
2025-08-22 10:00:00,66,23.0,33.9,1009.5,7,628.0
2025-08-22 11:00:00,64,23.0,35.2,1009.2,23,746.0
2025-08-22 12:00:00,62,23.1,36.7,1009.0,100,865.0
2025-08-22 13:00:00,61,23.0,37.0,1008.6,100,871.0
2025-08-22 14:00:00,60,22.9,36.7,1008.2,100,809.0
2025-08-22 15:00:00,60,23.0,36.3,1008.0,32,698.0
2025-08-22 16:00:00,61,23.0,36.1,1008.0,40,581.0
2025-08-22 17:00:00,63,23.1,36.0,1007.9,32,400.0
2025-08-22 18:00:00,65,23.1,35.6,1008.0,14,190.0
2025-08-22 19:00:00,64,22.8,34.6,1008.3,80,36.0
2025-08-22 20:00:00,67,23.0,34.1,1009.1,99,0.0
2025-08-22 21:00:00,70,23.4,33.7,1009.7,98,0.0
2025-08-22 22:00:00,75,23.9,34.1,1009.9,99,0.0
2025-08-22 23:00:00,80,24.4,34.2,1010.0,32,0.0
2025-08-23 00:00:00,84,24.8,34.0,1010.0,18,0.0
2025-08-23 01:00:00,86,25.2,33.7,1009.6,57,0.0
2025-08-23 02:00:00,88,25.5,33.3,1009.5,29,0.0
2025-08-23 03:00:00,87,25.2,33.0,1009.5,44,0.0
2025-08-23 04:00:00,85,24.8,32.6,1009.8,96,0.0
2025-08-23 05:00:00,85,24.6,32.4,1009.8,42,0.0
2025-08-23 06:00:00,86,24.8,32.5,1010.1,17,2.0
2025-08-23 07:00:00,83,24.8,33.1,1010.6,27,81.0
2025-08-23 08:00:00,78,24.5,33.4,1010.8,37,234.0
2025-08-23 09:00:00,75,24.6,34.4,1010.9,13,410.0
2025-08-23 10:00:00,71,24.6,35.0,1011.3,1,569.0
2025-08-23 11:00:00,66,24.4,36.7,1011.2,96,728.0
2025-08-23 12:00:00,63,24.0,37.2,1010.7,100,749.0
2025-08-23 13:00:00,61,23.9,37.3,1010.3,99,735.0
2025-08-23 14:00:00,59,23.4,36.7,1010.1,100,736.0
2025-08-23 15:00:00,56,22.5,35.2,1009.7,79,540.0
2025-08-23 16:00:00,57,22.4,35.0,1009.5,38,496.0
2025-08-23 17:00:00,59,22.5,34.6,1009.7,29,384.0
2025-08-23 18:00:00,65,23.1,34.3,1010.1,17,188.0
2025-08-23 19:00:00,73,24.3,34.3,1010.4,13,33.0
2025-08-23 20:00:00,80,25.1,34.7,1010.8,15,0.0
2025-08-23 21:00:00,83,25.5,34.9,1011.3,20,0.0
2025-08-23 22:00:00,83,25.5,34.9,1011.6,99,0.0
2025-08-23 23:00:00,84,25.6,34.9,1012.0,100,0.0
2025-08-24 00:00:00,87,25.8,34.8,1012.2,100,0.0
2025-08-24 01:00:00,87,25.9,34.6,1011.8,99,0.0
2025-08-24 02:00:00,87,25.7,34.5,1011.6,100,0.0
2025-08-24 03:00:00,89,25.6,34.3,1011.7,100,0.0
2025-08-24 04:00:00,91,25.5,33.7,1011.5,98,0.0
2025-08-24 05:00:00,92,25.3,33.2,1012.0,99,0.0
2025-08-24 06:00:00,92,25.2,33.0,1012.4,100,2.0
2025-08-24 07:00:00,85,25.2,34.3,1012.9,24,83.0
2025-08-24 08:00:00,76,24.6,34.9,1012.9,17,261.0
2025-08-24 09:00:00,71,24.4,35.5,1012.9,10,448.0
2025-08-24 10:00:00,65,24.0,36.5,1013.1,20,620.0
2025-08-24 11:00:00,60,23.5,37.8,1013.0,35,757.0
2025-08-24 12:00:00,55,22.6,37.7,1012.6,11,835.0
2025-08-24 13:00:00,51,21.9,37.6,1012.1,3,847.0
2025-08-24 14:00:00,50,21.6,37.6,1011.5,11,810.0
2025-08-24 15:00:00,52,21.8,36.7,1011.2,23,728.0
2025-08-24 16:00:00,55,22.4,35.7,1011.0,56,561.0
2025-08-24 17:00:00,59,22.8,35.4,1011.1,11,349.0
2025-08-24 18:00:00,62,22.9,34.7,1011.1,53,188.0
2025-08-24 19:00:00,66,23.2,34.1,1011.3,73,33.0
2025-08-24 20:00:00,72,24.0,34.1,1011.9,3,0.0
2025-08-24 21:00:00,76,24.4,34.0,1012.4,12,0.0
2025-08-24 22:00:00,85,25.8,34.7,1012.4,34,0.0
2025-08-24 23:00:00,87,26.0,34.5,1012.5,8,0.0
2025-08-25 00:00:00,88,26.0,34.5,1012.6,18,0.0
2025-08-25 01:00:00,90,26.0,34.4,1012.4,25,0.0
2025-08-25 02:00:00,91,26.0,34.4,1012.2,40,0.0
2025-08-25 03:00:00,92,25.9,34.0,1012.3,54,0.0
2025-08-25 04:00:00,94,25.7,33.4,1012.0,75,0.0
2025-08-25 05:00:00,95,25.6,33.2,1012.2,83,0.0
2025-08-25 06:00:00,95,25.6,33.4,1012.5,96,2.0
2025-08-25 07:00:00,89,26.0,35.1,1012.8,93,80.0
2025-08-25 08:00:00,79,25.3,35.6,1012.9,92,256.0
2025-08-25 09:00:00,73,24.8,36.1,1012.8,82,434.0
2025-08-25 10:00:00,66,24.4,37.4,1013.2,94,636.0
2025-08-25 11:00:00,62,24.0,38.6,1012.9,92,751.0
2025-08-25 12:00:00,59,23.6,38.9,1012.3,97,821.0
2025-08-25 13:00:00,57,23.3,39.0,1011.9,63,833.0
2025-08-25 14:00:00,57,23.2,38.1,1011.4,40,776.0
2025-08-25 15:00:00,55,22.5,36.5,1011.1,98,673.0
2025-08-25 16:00:00,55,22.3,35.6,1010.8,97,561.0
2025-08-25 17:00:00,61,23.0,34.8,1011.0,67,338.0
2025-08-25 18:00:00,66,23.5,35.1,1011.3,47,177.0
2025-08-25 19:00:00,70,23.9,35.1,1011.7,34,28.0
2025-08-25 20:00:00,73,24.2,34.6,1012.1,54,0.0
2025-08-25 21:00:00,76,24.5,34.6,1012.5,31,0.0
2025-08-25 22:00:00,76,24.8,35.4,1011.8,30,0.0
2025-08-25 23:00:00,77,24.9,35.1,1012.0,65,0.0
2025-08-26 00:00:00,79,24.9,34.7,1011.7,17,0.0
2025-08-26 01:00:00,80,25.0,34.5,1011.3,2,0.0
2025-08-26 02:00:00,81,24.9,34.4,1011.0,2,0.0
2025-08-26 03:00:00,81,24.8,34.1,1010.9,1,0.0
2025-08-26 04:00:00,82,24.7,33.9,1010.9,4,0.0
2025-08-26 05:00:00,83,24.6,33.6,1011.3,15,0.0
2025-08-26 06:00:00,85,24.6,33.4,1011.5,24,1.0
2025-08-26 07:00:00,79,24.4,34.0,1011.8,12,79.0
2025-08-26 08:00:00,75,24.2,34.3,1011.9,11,258.0
2025-08-26 09:00:00,72,24.1,34.6,1012.1,5,432.0
2025-08-26 10:00:00,65,23.8,36.1,1012.3,11,624.0
2025-08-26 11:00:00,60,23.0,37.3,1011.8,6,747.0
2025-08-26 12:00:00,59,23.2,38.1,1011.7,44,838.0
2025-08-26 13:00:00,64,23.4,36.4,1011.3,18,651.0
2025-08-26 14:00:00,58,22.7,37.6,1010.8,26,762.0
2025-08-26 15:00:00,57,22.7,37.3,1009.7,17,651.0
2025-08-26 16:00:00,59,23.0,36.3,1009.2,27,525.0
2025-08-26 17:00:00,61,23.2,36.2,1009.1,32,323.0
2025-08-26 18:00:00,62,23.1,35.7,1009.3,44,159.0
2025-08-26 19:00:00,63,23.0,35.7,1009.4,33,25.0
2025-08-26 20:00:00,68,23.7,36.0,1010.0,8,0.0
2025-08-26 21:00:00,71,23.7,35.3,1010.8,28,0.0
2025-08-26 22:00:00,83,24.6,33.9,1011.2,61,0.0
2025-08-26 23:00:00,85,24.8,33.3,1011.4,65,0.0
2025-08-27 00:00:00,94,25.1,32.8,1011.3,69,0.0
2025-08-27 01:00:00,97,25.5,32.8,1010.7,63,0.0
2025-08-27 02:00:00,98,25.7,32.9,1010.3,87,0.0
2025-08-27 03:00:00,95,24.9,31.4,1010.7,100,0.0
2025-08-27 04:00:00,94,24.6,30.8,1010.7,100,0.0
2025-08-27 05:00:00,94,24.3,30.2,1011.0,100,0.0
2025-08-27 06:00:00,94,24.2,30.8,1010.6,100,1.0
2025-08-27 07:00:00,92,24.5,31.6,1011.2,100,30.0
2025-08-27 08:00:00,89,24.8,33.0,1011.0,97,149.0
2025-08-27 09:00:00,79,24.4,33.8,1010.9,97,433.0
2025-08-27 10:00:00,85,24.1,32.2,1011.0,100,270.0
2025-08-27 11:00:00,74,24.2,35.1,1010.9,100,662.0
2025-08-27 12:00:00,66,24.0,37.6,1010.7,26,823.0
2025-08-27 13:00:00,66,24.2,36.8,1010.5,35,725.0
2025-08-27 14:00:00,68,24.0,35.6,1010.3,34,707.0
2025-08-27 15:00:00,69,24.3,34.8,1010.1,65,580.0
2025-08-27 16:00:00,78,24.8,33.4,1010.3,50,421.0
2025-08-27 17:00:00,82,24.6,32.8,1011.2,76,338.0
2025-08-27 18:00:00,87,24.8,32.7,1011.4,40,126.0
2025-08-27 19:00:00,89,24.6,32.2,1011.9,86,23.0
2025-08-27 20:00:00,91,25.1,33.4,1012.4,29,0.0
2025-08-27 21:00:00,91,24.6,32.5,1012.7,50,0.0
2025-08-27 22:00:00,96,26.1,33.4,1012.5,5,0.0
2025-08-27 23:00:00,96,25.6,32.6,1012.3,1,0.0
2025-08-28 00:00:00,96,25.2,32.1,1012.5,13,0.0
2025-08-28 01:00:00,96,25.0,31.3,1012.4,11,0.0
2025-08-28 02:00:00,95,24.6,31.1,1012.2,1,0.0
2025-08-28 03:00:00,94,24.5,30.9,1011.9,3,0.0
2025-08-28 04:00:00,94,24.2,30.7,1011.8,17,0.0
2025-08-28 05:00:00,93,23.8,30.2,1011.9,16,0.0
2025-08-28 06:00:00,92,23.3,29.7,1012.4,11,1.0
2025-08-28 07:00:00,91,23.9,30.9,1012.7,7,79.0
2025-08-28 08:00:00,85,24.6,33.5,1012.7,91,253.0
2025-08-28 09:00:00,77,24.3,34.8,1012.8,93,449.0
2025-08-28 10:00:00,70,24.2,36.4,1013.3,100,579.0
2025-08-28 11:00:00,64,23.5,37.0,1013.0,100,691.0
2025-08-28 12:00:00,60,23.0,37.6,1012.3,40,766.0
2025-08-28 13:00:00,58,23.0,38.2,1011.9,11,838.0
2025-08-28 14:00:00,57,22.8,37.8,1011.5,12,765.0
2025-08-28 15:00:00,56,22.6,37.3,1011.2,24,683.0
2025-08-28 16:00:00,57,22.8,36.2,1011.1,98,539.0
2025-08-28 17:00:00,60,23.0,35.4,1011.3,73,337.0
2025-08-28 18:00:00,68,24.0,35.0,1011.5,78,173.0
2025-08-28 19:00:00,73,23.8,33.7,1012.0,98,24.0
2025-08-28 20:00:00,77,23.5,32.6,1012.7,95,0.0
2025-08-28 21:00:00,83,23.8,32.3,1013.2,94,0.0
2025-08-28 22:00:00,85,23.9,31.9,1013.4,87,0.0
2025-08-28 23:00:00,92,24.2,31.5,1013.7,44,0.0
2025-08-29 00:00:00,96,24.5,31.3,1013.7,99,0.0
2025-08-29 01:00:00,97,24.4,31.0,1013.4,80,0.0
2025-08-29 02:00:00,94,23.9,30.7,1013.4,59,0.0
2025-08-29 03:00:00,91,23.4,30.6,1013.2,39,0.0
2025-08-29 04:00:00,87,22.8,30.1,1013.1,6,0.0
2025-08-29 05:00:00,87,22.5,29.5,1013.5,10,0.0
2025-08-29 06:00:00,88,22.5,29.2,1013.8,55,1.0
2025-08-29 07:00:00,84,23.4,31.1,1014.6,27,79.0
2025-08-29 08:00:00,81,24.4,33.7,1014.9,60,259.0
2025-08-29 09:00:00,77,24.8,35.2,1015.1,79,456.0
2025-08-29 10:00:00,74,25.0,36.3,1015.3,76,619.0
2025-08-29 11:00:00,73,25.1,37.3,1015.2,91,737.0
2025-08-29 12:00:00,69,25.0,38.9,1014.7,23,807.0
2025-08-29 13:00:00,64,24.5,39.3,1014.4,18,812.0
2025-08-29 14:00:00,58,23.3,38.7,1013.8,7,805.0
2025-08-29 15:00:00,55,22.6,37.4,1013.3,5,647.0
2025-08-29 16:00:00,55,22.4,36.8,1013.2,6,532.0
2025-08-29 17:00:00,56,22.5,36.5,1013.4,5,358.0
2025-08-29 18:00:00,65,23.6,35.9,1013.6,3,168.0
2025-08-29 19:00:00,77,25.0,35.8,1014.0,13,23.0
2025-08-29 20:00:00,83,25.5,35.4,1014.5,15,0.0
2025-08-29 21:00:00,86,25.5,34.4,1015.0,8,0.0
2025-08-29 22:00:00,85,25.1,34.2,1015.2,4,0.0
2025-08-29 23:00:00,88,25.4,33.7,1015.6,2,0.0
2025-08-30 00:00:00,92,25.5,33.5,1015.3,1,0.0
2025-08-30 01:00:00,93,25.4,32.8,1014.9,4,0.0
2025-08-30 02:00:00,95,25.2,32.6,1014.9,0,0.0
2025-08-30 03:00:00,95,25.0,32.2,1015.1,3,0.0
2025-08-30 04:00:00,93,24.9,32.1,1014.9,3,0.0
2025-08-30 05:00:00,93,24.8,32.0,1015.2,37,0.0
2025-08-30 06:00:00,95,24.7,31.7,1015.1,33,1.0
2025-08-30 07:00:00,89,24.9,32.9,1015.3,9,73.0
2025-08-30 08:00:00,85,25.5,35.0,1015.3,2,247.0
2025-08-30 09:00:00,78,25.4,36.0,1015.2,8,433.0
2025-08-30 10:00:00,72,25.2,37.6,1015.6,4,611.0
2025-08-30 11:00:00,70,25.2,38.5,1014.9,16,740.0
2025-08-30 12:00:00,69,25.5,39.2,1014.2,13,818.0
2025-08-30 13:00:00,67,25.1,39.3,1013.7,21,836.0
2025-08-30 14:00:00,61,24.2,39.6,1013.3,13,797.0
2025-08-30 15:00:00,57,23.2,37.7,1012.9,100,658.0
2025-08-30 16:00:00,59,23.2,36.7,1012.9,100,413.0
2025-08-30 17:00:00,62,23.6,36.7,1013.0,100,257.0
2025-08-30 18:00:00,64,23.5,36.3,1013.0,100,123.0
2025-08-30 19:00:00,70,24.1,36.2,1013.1,85,17.0
2025-08-30 20:00:00,77,25.0,36.0,1013.5,81,0.0
2025-08-30 21:00:00,79,25.0,35.7,1013.9,35,0.0
2025-08-30 22:00:00,83,25.9,35.7,1013.8,82,0.0
2025-08-30 23:00:00,85,25.9,35.6,1013.9,56,0.0
2025-08-31 00:00:00,87,25.8,35.2,1013.7,8,0.0
2025-08-31 01:00:00,90,26.0,34.7,1013.1,6,0.0
2025-08-31 02:00:00,92,26.0,34.4,1012.9,7,0.0
2025-08-31 03:00:00,94,26.0,34.2,1012.9,25,0.0
2025-08-31 04:00:00,94,25.9,33.7,1013.0,94,0.0
2025-08-31 05:00:00,93,25.5,32.8,1012.8,84,0.0
2025-08-31 06:00:00,92,25.0,32.2,1012.9,60,1.0
2025-08-31 07:00:00,88,25.1,32.9,1012.4,39,71.0
2025-08-31 08:00:00,82,25.5,35.0,1012.4,100,252.0
2025-08-31 09:00:00,75,25.0,35.8,1012.5,100,418.0
2025-08-31 10:00:00,72,25.0,36.1,1012.7,35,572.0
2025-08-31 11:00:00,71,25.0,36.9,1012.4,98,704.0
2025-08-31 12:00:00,68,24.9,38.1,1012.1,96,804.0
2025-08-31 13:00:00,65,24.7,39.3,1011.4,99,812.0
2025-08-31 14:00:00,64,24.6,38.8,1011.4,100,732.0
2025-08-31 15:00:00,80,24.4,32.3,1012.1,100,367.0
2025-08-31 16:00:00,89,25.0,33.5,1011.7,100,101.0
2025-08-31 17:00:00,90,25.2,33.5,1010.9,100,120.0
2025-08-31 18:00:00,90,25.3,33.2,1010.5,100,72.0
2025-08-31 19:00:00,92,25.5,33.3,1010.7,100,16.0
2025-08-31 20:00:00,93,25.5,33.0,1010.8,100,0.0
2025-08-31 21:00:00,92,25.4,32.7,1011.1,100,0.0
2025-08-31 22:00:00,88,26.2,35.0,1010.1,100,0.0
2025-08-31 23:00:00,85,26.0,34.8,1010.0,100,0.0
2025-09-01 00:00:00,87,24.0,30.1,1011.2,100,0.0
2025-09-01 01:00:00,96,24.8,31.3,1010.6,83,0.0
2025-09-01 02:00:00,93,24.7,32.2,1010.3,72,0.0
2025-09-01 03:00:00,87,24.3,32.2,1010.0,29,0.0
2025-09-01 04:00:00,87,24.6,32.5,1009.7,23,0.0
2025-09-01 05:00:00,91,24.6,32.1,1009.6,27,0.0
2025-09-01 06:00:00,93,25.0,32.2,1010.2,36,1.0
2025-09-01 07:00:00,93,25.5,32.6,1010.4,24,69.0
2025-09-01 08:00:00,86,25.2,33.1,1010.4,28,236.0
2025-09-01 09:00:00,77,24.8,34.1,1010.2,24,403.0
2025-09-01 10:00:00,68,23.9,34.9,1011.0,79,381.0
2025-09-01 11:00:00,68,24.5,36.1,1010.8,12,631.0
2025-09-01 12:00:00,62,24.0,37.9,1010.4,34,789.0
2025-09-01 13:00:00,63,24.0,37.4,1010.4,60,634.0
2025-09-01 14:00:00,73,24.9,36.8,1009.6,27,667.0
2025-09-01 15:00:00,67,24.4,36.5,1009.2,42,583.0
2025-09-01 16:00:00,69,24.5,35.3,1008.6,37,431.0
2025-09-01 17:00:00,72,24.5,35.2,1008.8,27,310.0
2025-09-01 18:00:00,75,24.8,35.6,1008.3,18,145.0
2025-09-01 19:00:00,81,25.5,35.3,1008.7,7,18.0
2025-09-01 20:00:00,84,25.9,35.6,1009.4,9,0.0
2025-09-01 21:00:00,85,26.0,35.6,1009.6,8,0.0
2025-09-01 22:00:00,85,26.0,35.8,1009.3,20,0.0
2025-09-01 23:00:00,88,25.8,34.1,1009.8,15,0.0
2025-09-02 00:00:00,88,24.8,32.6,1010.5,82,0.0
2025-09-02 01:00:00,94,25.2,30.9,1009.6,40,0.0
2025-09-02 02:00:00,94,24.8,30.8,1009.7,72,0.0
2025-09-02 03:00:00,91,24.6,31.5,1009.4,39,0.0
2025-09-02 04:00:00,93,24.5,31.5,1009.6,29,0.0
2025-09-02 05:00:00,92,24.4,31.5,1009.5,17,0.0
2025-09-02 06:00:00,93,24.1,31.1,1009.9,21,0.0
2025-09-02 07:00:00,90,24.8,33.1,1010.5,31,67.0
2025-09-02 08:00:00,84,24.8,34.0,1010.3,100,205.0
2025-09-02 09:00:00,74,24.1,34.0,1010.4,100,397.0
2025-09-02 10:00:00,66,22.5,33.7,1010.8,100,379.0
2025-09-02 11:00:00,65,22.9,34.5,1010.9,100,502.0
2025-09-02 12:00:00,64,23.0,35.2,1010.6,100,536.0
2025-09-02 13:00:00,64,23.0,35.7,1009.8,100,494.0
2025-09-02 14:00:00,61,22.9,36.4,1009.0,100,513.0
2025-09-02 15:00:00,59,22.6,36.3,1008.9,80,488.0
2025-09-02 16:00:00,54,21.9,35.7,1009.1,22,489.0
2025-09-02 17:00:00,57,21.9,35.0,1009.1,35,322.0
2025-09-02 18:00:00,61,22.3,34.4,1009.2,30,145.0
2025-09-02 19:00:00,67,23.1,34.4,1009.5,39,16.0
2025-09-02 20:00:00,72,23.5,34.6,1009.8,10,0.0
2025-09-02 21:00:00,79,24.3,34.3,1010.1,2,0.0
2025-09-02 22:00:00,70,21.8,31.5,1010.7,1,0.0
2025-09-02 23:00:00,71,21.4,30.5,1010.8,2,0.0
2025-09-03 00:00:00,72,21.2,29.7,1010.8,18,0.0
2025-09-03 01:00:00,72,21.1,29.9,1010.8,81,0.0
2025-09-03 02:00:00,73,21.2,30.1,1010.8,79,0.0
2025-09-03 03:00:00,74,21.1,29.6,1010.4,22,0.0
2025-09-03 04:00:00,78,21.5,29.7,1010.4,27,0.0
2025-09-03 05:00:00,79,21.6,29.4,1010.4,11,0.0
2025-09-03 06:00:00,82,22.0,29.3,1010.5,16,0.0
2025-09-03 07:00:00,79,22.7,31.0,1010.9,3,71.0
2025-09-03 08:00:00,75,23.9,33.4,1010.7,9,250.0
2025-09-03 09:00:00,71,24.2,35.0,1010.8,6,448.0
2025-09-03 10:00:00,63,23.5,36.3,1011.1,52,624.0
2025-09-03 11:00:00,61,23.4,36.6,1010.8,99,755.0
2025-09-03 12:00:00,57,22.5,36.9,1010.3,100,815.0
2025-09-03 13:00:00,53,21.9,37.3,1009.9,100,798.0
2025-09-03 14:00:00,51,21.7,37.3,1009.4,100,718.0
2025-09-03 15:00:00,51,21.7,36.7,1008.9,100,599.0
2025-09-03 16:00:00,53,21.9,36.6,1008.5,100,445.0
2025-09-03 17:00:00,53,21.9,36.3,1008.4,17,312.0
2025-09-03 18:00:00,57,22.0,35.0,1008.7,17,147.0
2025-09-03 19:00:00,61,22.3,34.0,1009.3,93,16.0
2025-09-03 20:00:00,69,23.6,34.0,1009.9,100,0.0
2025-09-03 21:00:00,72,23.9,33.9,1010.0,100,0.0
2025-09-03 22:00:00,70,23.6,33.8,1010.3,85,0.0
2025-09-03 23:00:00,77,24.5,33.4,1010.4,94,0.0
2025-09-04 00:00:00,79,24.4,32.7,1010.4,99,0.0
2025-09-04 01:00:00,82,24.2,31.9,1009.9,64,0.0
2025-09-04 02:00:00,86,24.4,31.4,1009.8,27,0.0
2025-09-04 03:00:00,87,24.3,31.1,1009.3,67,0.0
2025-09-04 04:00:00,87,24.2,31.0,1008.9,41,0.0
2025-09-04 05:00:00,86,24.2,30.8,1008.9,100,0.0
2025-09-04 06:00:00,87,24.4,31.1,1008.7,100,0.0
2025-09-04 07:00:00,79,23.7,31.4,1008.7,100,66.0
2025-09-04 08:00:00,76,23.4,30.4,1008.8,100,194.0
2025-09-04 09:00:00,83,23.6,29.4,1009.3,100,265.0
2025-09-04 10:00:00,66,22.5,32.1,1009.1,100,326.0
2025-09-04 11:00:00,63,22.2,31.9,1008.9,100,402.0
2025-09-04 12:00:00,64,22.6,32.3,1008.3,100,476.0
2025-09-04 13:00:00,61,22.4,32.7,1007.6,100,548.0
2025-09-04 14:00:00,61,22.1,32.5,1007.4,100,348.0
2025-09-04 15:00:00,67,22.6,32.2,1006.9,100,154.0
2025-09-04 16:00:00,80,24.3,32.6,1006.0,100,83.0
2025-09-04 17:00:00,94,25.9,32.8,1005.5,100,46.0
2025-09-04 18:00:00,95,25.5,31.9,1005.6,100,25.0
2025-09-04 19:00:00,94,25.1,31.9,1005.6,100,3.0
2025-09-04 20:00:00,93,24.9,31.2,1006.0,100,0.0
2025-09-04 21:00:00,93,24.7,30.7,1005.9,100,0.0
2025-09-04 22:00:00,91,24.5,31.3,1005.7,100,0.0
2025-09-04 23:00:00,93,24.8,30.8,1005.2,100,0.0
2025-09-05 00:00:00,92,24.7,31.0,1004.8,98,0.0
2025-09-05 01:00:00,93,24.6,30.6,1003.9,100,0.0
2025-09-05 02:00:00,93,24.5,30.6,1003.6,100,0.0
2025-09-05 03:00:00,93,24.5,30.4,1003.7,99,0.0
2025-09-05 04:00:00,92,24.4,30.1,1004.4,97,0.0
2025-09-05 05:00:00,91,24.3,30.2,1005.2,76,0.0
2025-09-05 06:00:00,92,24.5,30.5,1006.1,46,0.0
2025-09-05 07:00:00,88,24.8,31.4,1006.8,8,68.0
2025-09-05 08:00:00,81,24.6,32.6,1007.3,15,244.0
2025-09-05 09:00:00,75,24.3,33.3,1008.0,17,409.0
2025-09-05 10:00:00,71,24.2,34.3,1008.6,22,562.0
2025-09-05 11:00:00,67,24.0,35.8,1008.4,18,675.0
2025-09-05 12:00:00,62,23.6,37.4,1008.0,19,793.0
2025-09-05 13:00:00,60,23.5,37.6,1007.7,24,796.0
2025-09-05 14:00:00,63,23.9,36.9,1007.9,26,734.0
2025-09-05 15:00:00,64,23.9,36.3,1007.8,8,659.0
2025-09-05 16:00:00,67,24.0,34.9,1008.0,17,506.0
2025-09-05 17:00:00,71,24.0,33.9,1008.4,6,329.0
2025-09-05 18:00:00,76,24.1,33.2,1009.0,4,144.0
2025-09-05 19:00:00,80,24.0,32.1,1009.5,3,13.0
2025-09-05 20:00:00,83,24.2,31.8,1010.0,0,0.0
2025-09-05 21:00:00,85,24.1,31.4,1010.4,0,0.0
2025-09-05 22:00:00,86,24.4,31.8,1010.9,0,0.0
2025-09-05 23:00:00,87,24.1,31.7,1010.7,0,0.0
2025-09-06 00:00:00,90,24.0,31.3,1010.5,0,0.0
2025-09-06 01:00:00,91,24.1,30.8,1010.3,0,0.0
2025-09-06 02:00:00,91,24.0,30.5,1010.3,0,0.0
2025-09-06 03:00:00,91,23.9,30.5,1010.4,0,0.0
2025-09-06 04:00:00,92,23.9,30.5,1010.5,0,0.0
2025-09-06 05:00:00,93,23.8,30.1,1010.6,0,0.0
2025-09-06 06:00:00,93,23.5,29.7,1010.6,2,0.0
2025-09-06 07:00:00,90,23.9,30.9,1010.5,0,69.0
2025-09-06 08:00:00,83,24.2,33.1,1010.7,0,251.0
2025-09-06 09:00:00,77,24.0,34.3,1010.7,0,451.0
2025-09-06 10:00:00,71,24.0,35.7,1010.9,0,627.0
2025-09-06 11:00:00,69,24.1,36.7,1010.7,0,760.0
2025-09-06 12:00:00,66,23.8,37.2,1010.2,1,832.0
2025-09-06 13:00:00,60,22.6,36.9,1009.5,5,811.0
2025-09-06 14:00:00,56,22.0,36.4,1009.2,4,784.0
2025-09-06 15:00:00,56,22.0,35.5,1009.1,5,682.0
2025-09-06 16:00:00,58,22.1,34.5,1009.0,4,522.0
2025-09-06 17:00:00,65,23.0,34.3,1009.1,5,335.0
2025-09-06 18:00:00,72,23.5,33.3,1009.1,9,140.0
2025-09-06 19:00:00,77,23.9,32.8,1009.2,6,12.0
2025-09-06 20:00:00,82,24.5,33.0,1009.9,1,0.0
2025-09-06 21:00:00,85,25.0,33.1,1010.3,0,0.0
2025-09-06 22:00:00,86,25.1,33.6,1010.4,0,0.0
2025-09-06 23:00:00,88,25.1,33.3,1010.2,0,0.0
2025-09-07 00:00:00,91,25.0,32.7,1009.7,1,0.0
2025-09-07 01:00:00,89,24.6,32.7,1009.3,1,0.0
2025-09-07 02:00:00,89,24.5,32.3,1009.0,0,0.0
2025-09-07 03:00:00,86,24.4,32.3,1008.9,1,0.0
2025-09-07 04:00:00,86,24.3,31.9,1008.6,1,0.0
2025-09-07 05:00:00,87,24.5,31.9,1008.6,0,0.0
2025-09-07 06:00:00,89,24.6,31.9,1008.8,65,0.0
2025-09-07 07:00:00,88,25.0,32.9,1009.3,99,68.0
2025-09-07 08:00:00,81,24.7,33.4,1009.5,96,248.0
2025-09-07 09:00:00,79,24.8,34.2,1009.6,66,447.0
2025-09-07 10:00:00,71,24.4,35.5,1010.0,99,618.0
2025-09-07 11:00:00,64,23.5,36.0,1009.8,98,657.0
2025-09-07 12:00:00,58,23.0,37.3,1009.3,16,753.0
2025-09-07 13:00:00,56,22.8,37.9,1008.8,14,819.0
2025-09-07 14:00:00,56,22.8,36.8,1008.4,25,757.0
2025-09-07 15:00:00,64,23.9,34.8,1008.2,41,624.0
2025-09-07 16:00:00,68,24.5,35.2,1008.0,84,458.0
2025-09-07 17:00:00,71,24.5,35.4,1008.3,99,280.0
2025-09-07 18:00:00,76,25.3,35.3,1008.7,99,109.0
2025-09-07 19:00:00,79,25.3,34.7,1008.8,100,8.0
2025-09-07 20:00:00,82,25.5,35.0,1009.2,91,0.0
2025-09-07 21:00:00,85,25.8,34.7,1009.7,7,0.0
2025-09-07 22:00:00,86,26.0,35.3,1009.8,32,0.0
2025-09-07 23:00:00,86,26.0,35.0,1009.8,77,0.0
2025-09-08 00:00:00,83,25.4,34.4,1009.6,53,0.0
2025-09-08 01:00:00,81,25.0,33.7,1009.2,3,0.0
2025-09-08 02:00:00,82,25.0,33.5,1009.5,52,0.0
2025-09-08 03:00:00,86,23.4,29.6,1010.6,100,0.0
2025-09-08 04:00:00,93,24.3,30.7,1010.0,99,0.0
2025-09-08 05:00:00,93,24.9,31.5,1010.1,99,0.0
2025-09-08 06:00:00,94,24.9,31.3,1010.5,100,0.0
2025-09-08 07:00:00,93,25.0,31.8,1010.6,98,29.0
2025-09-08 08:00:00,86,25.0,32.8,1010.5,100,204.0
2025-09-08 09:00:00,82,24.9,33.3,1010.8,100,297.0
2025-09-08 10:00:00,86,25.2,34.2,1011.3,100,356.0
2025-09-08 11:00:00,81,25.4,35.4,1010.9,100,474.0
2025-09-08 12:00:00,78,25.5,36.4,1010.1,100,575.0
2025-09-08 13:00:00,73,25.5,38.1,1009.7,99,729.0
2025-09-08 14:00:00,69,25.0,38.2,1009.4,97,739.0
2025-09-08 15:00:00,66,24.2,35.8,1009.0,93,544.0
2025-09-08 16:00:00,70,24.6,35.1,1009.2,100,448.0
2025-09-08 17:00:00,80,24.9,33.2,1010.1,100,293.0
2025-09-08 18:00:00,85,24.9,33.2,1010.0,95,95.0
2025-09-08 19:00:00,88,25.0,33.5,1009.9,98,9.0
2025-09-08 20:00:00,90,25.4,33.7,1010.6,99,0.0
2025-09-08 21:00:00,92,25.5,33.6,1010.9,100,0.0
2025-09-08 22:00:00,83,24.9,33.2,1010.9,91,0.0
2025-09-08 23:00:00,83,24.6,33.4,1011.0,71,0.0
2025-09-09 00:00:00,87,24.9,33.5,1010.7,55,0.0
2025-09-09 01:00:00,86,24.9,34.0,1010.8,49,0.0
2025-09-09 02:00:00,90,24.8,32.9,1010.9,48,0.0
2025-09-09 03:00:00,92,24.2,29.9,1011.2,32,0.0
2025-09-09 04:00:00,92,23.9,30.3,1010.8,15,0.0
2025-09-09 05:00:00,94,24.0,29.7,1010.9,62,0.0
2025-09-09 06:00:00,94,23.3,29.3,1010.9,72,0.0
2025-09-09 07:00:00,91,23.8,30.7,1011.1,28,56.0
2025-09-09 08:00:00,89,24.6,32.7,1011.3,89,227.0
2025-09-09 09:00:00,82,24.9,33.9,1011.8,55,392.0
2025-09-09 10:00:00,71,24.9,36.5,1011.7,39,579.0
2025-09-09 11:00:00,72,24.1,34.9,1011.7,22,722.0
2025-09-09 12:00:00,67,23.8,35.8,1010.9,50,789.0
2025-09-09 13:00:00,67,23.9,35.8,1010.1,8,665.0
2025-09-09 14:00:00,61,23.4,37.3,1009.5,17,757.0
2025-09-09 15:00:00,59,22.9,36.8,1009.1,34,627.0
2025-09-09 16:00:00,59,22.8,36.3,1009.3,57,462.0
2025-09-09 17:00:00,64,23.2,35.5,1009.7,34,281.0
2025-09-09 18:00:00,70,23.8,34.7,1009.9,27,113.0
2025-09-09 19:00:00,75,23.9,33.4,1010.0,22,8.0
2025-09-09 20:00:00,78,23.6,32.1,1010.6,25,0.0
2025-09-09 21:00:00,80,23.6,32.2,1010.6,10,0.0
2025-09-09 22:00:00,82,24.5,33.4,1010.9,100,0.0
2025-09-09 23:00:00,81,23.8,31.0,1011.2,100,0.0
2025-09-10 00:00:00,84,24.1,32.5,1010.6,100,0.0
2025-09-10 01:00:00,85,24.2,31.8,1010.1,100,0.0
2025-09-10 02:00:00,87,24.4,31.5,1009.3,92,0.0
2025-09-10 03:00:00,91,24.9,31.8,1009.5,57,0.0
2025-09-10 04:00:00,92,25.1,32.0,1009.1,100,0.0
2025-09-10 05:00:00,92,25.0,31.5,1008.9,100,0.0
2025-09-10 06:00:00,90,24.6,31.3,1009.5,100,0.0
2025-09-10 07:00:00,96,25.0,31.5,1009.6,100,9.0
2025-09-10 08:00:00,92,24.1,31.1,1010.6,100,58.0
2025-09-10 09:00:00,97,24.6,30.7,1010.8,100,48.0
2025-09-10 10:00:00,96,24.8,31.6,1011.2,100,59.0
2025-09-10 11:00:00,96,25.0,32.2,1010.7,100,76.0
2025-09-10 12:00:00,93,24.8,32.1,1010.3,100,183.0
2025-09-10 13:00:00,85,24.2,32.4,1010.2,100,259.0
2025-09-10 14:00:00,82,24.1,32.5,1010.0,100,359.0
2025-09-10 15:00:00,77,23.8,32.9,1009.7,100,362.0
2025-09-10 16:00:00,72,22.8,32.3,1009.5,100,299.0
2025-09-10 17:00:00,79,23.8,32.3,1009.9,97,207.0
2025-09-10 18:00:00,85,24.3,32.4,1009.9,32,96.0
2025-09-10 19:00:00,91,24.4,32.0,1010.1,48,7.0
2025-09-10 20:00:00,92,24.2,31.6,1010.7,31,0.0
2025-09-10 21:00:00,93,23.9,30.7,1011.0,12,0.0
2025-09-10 22:00:00,94,24.2,30.5,1011.0,42,0.0
2025-09-10 23:00:00,95,24.3,30.9,1011.2,42,0.0
2025-09-11 00:00:00,96,24.2,30.3,1011.2,28,0.0
2025-09-11 01:00:00,95,24.0,29.7,1011.2,23,0.0
2025-09-11 02:00:00,94,23.5,28.9,1011.4,24,0.0
2025-09-11 03:00:00,94,23.2,28.7,1011.3,18,0.0
2025-09-11 04:00:00,93,23.0,28.5,1011.5,47,0.0
2025-09-11 05:00:00,92,22.7,28.0,1011.8,55,0.0
2025-09-11 06:00:00,91,22.6,28.4,1012.6,25,0.0
2025-09-11 07:00:00,90,22.9,28.7,1012.8,22,45.0
2025-09-11 08:00:00,85,23.1,30.2,1013.2,12,200.0
2025-09-11 09:00:00,79,23.0,31.5,1013.5,58,373.0
2025-09-11 10:00:00,75,23.3,32.5,1013.6,16,550.0
2025-09-11 11:00:00,72,23.5,34.3,1013.5,26,696.0
2025-09-11 12:00:00,72,23.7,35.0,1013.3,19,704.0
2025-09-11 13:00:00,74,24.2,35.0,1012.7,12,766.0
2025-09-11 14:00:00,75,24.5,36.1,1012.0,31,773.0
2025-09-11 15:00:00,74,24.4,35.0,1011.5,10,576.0
2025-09-11 16:00:00,72,24.1,35.3,1011.1,8,476.0
2025-09-11 17:00:00,73,23.8,34.1,1011.2,21,303.0
2025-09-11 18:00:00,87,24.8,32.1,1011.5,60,112.0
2025-09-11 19:00:00,89,24.8,32.2,1011.5,28,5.0
2025-09-11 20:00:00,91,23.6,29.2,1012.7,69,0.0
2025-09-11 21:00:00,91,23.8,29.6,1013.1,47,0.0
2025-09-11 22:00:00,87,23.0,29.5,1012.8,71,0.0
2025-09-11 23:00:00,91,23.6,29.3,1012.8,82,0.0
2025-09-12 00:00:00,91,23.9,28.8,1013.0,37,0.0
2025-09-12 01:00:00,91,23.6,28.7,1012.9,58,0.0
2025-09-12 02:00:00,89,23.6,29.9,1013.0,77,0.0
2025-09-12 03:00:00,90,23.8,29.4,1012.8,90,0.0
2025-09-12 04:00:00,93,24.1,30.4,1012.8,68,0.0
2025-09-12 05:00:00,93,24.1,30.3,1012.7,52,0.0
2025-09-12 06:00:00,91,23.9,29.5,1013.0,63,0.0
2025-09-12 07:00:00,89,23.8,29.8,1013.2,77,47.0
2025-09-12 08:00:00,89,24.0,30.0,1013.5,91,168.0
2025-09-12 09:00:00,84,24.0,30.8,1013.5,99,282.0
2025-09-12 10:00:00,78,24.5,32.7,1013.7,100,397.0
2025-09-12 11:00:00,79,24.7,33.1,1013.3,99,367.0
2025-09-12 12:00:00,79,25.4,34.6,1012.7,95,591.0
2025-09-12 13:00:00,80,25.5,34.4,1012.7,99,571.0
2025-09-12 14:00:00,83,25.5,33.7,1012.2,81,397.0
2025-09-12 15:00:00,83,25.5,34.4,1012.0,87,263.0
2025-09-12 16:00:00,83,25.0,33.5,1012.1,74,360.0
2025-09-12 17:00:00,86,25.5,33.8,1012.2,82,232.0
2025-09-12 18:00:00,89,25.5,33.6,1012.2,94,79.0
2025-09-12 19:00:00,93,24.9,30.7,1012.3,98,4.0
2025-09-12 20:00:00,93,24.4,30.3,1012.5,75,0.0
2025-09-12 21:00:00,91,24.5,31.4,1012.8,100,0.0
2025-09-12 22:00:00,92,25.5,32.9,1011.9,55,0.0
2025-09-12 23:00:00,93,25.2,32.9,1011.8,90,0.0
2025-09-13 00:00:00,92,25.5,33.0,1011.0,97,0.0
2025-09-13 01:00:00,92,25.5,32.8,1010.8,63,0.0
2025-09-13 02:00:00,93,25.4,32.6,1010.3,95,0.0
2025-09-13 03:00:00,93,25.5,32.5,1010.4,98,0.0
2025-09-13 04:00:00,92,25.4,32.8,1010.1,81,0.0
2025-09-13 05:00:00,93,24.9,32.3,1010.3,96,0.0
2025-09-13 06:00:00,90,24.9,32.4,1010.3,96,0.0
2025-09-13 07:00:00,90,25.5,33.0,1010.1,99,51.0
2025-09-13 08:00:00,85,25.0,33.1,1010.2,100,156.0
2025-09-13 09:00:00,73,23.2,32.6,1010.4,100,331.0
2025-09-13 10:00:00,69,23.1,33.1,1010.5,100,350.0
2025-09-13 11:00:00,70,23.9,33.9,1010.4,100,521.0
2025-09-13 12:00:00,69,24.0,34.5,1010.1,100,593.0
2025-09-13 13:00:00,69,24.2,34.9,1009.9,100,599.0
2025-09-13 14:00:00,68,24.0,34.7,1009.3,100,370.0
2025-09-13 15:00:00,67,23.8,33.9,1009.0,100,330.0
2025-09-13 16:00:00,70,24.0,33.9,1009.1,100,265.0
2025-09-13 17:00:00,73,24.4,33.8,1009.4,100,176.0
2025-09-13 18:00:00,75,24.2,33.3,1009.3,100,74.0
2025-09-13 19:00:00,76,24.1,32.7,1009.6,100,5.0
2025-09-13 20:00:00,78,24.2,32.5,1010.2,96,0.0
2025-09-13 21:00:00,80,24.2,32.2,1010.4,100,0.0
2025-09-13 22:00:00,87,25.3,33.8,1010.4,100,0.0
2025-09-13 23:00:00,87,25.2,33.4,1010.3,100,0.0
2025-09-14 00:00:00,83,24.8,33.0,1010.2,100,0.0
2025-09-14 01:00:00,83,24.5,32.4,1009.9,100,0.0
2025-09-14 02:00:00,83,24.5,32.1,1010.2,100,0.0
2025-09-14 03:00:00,92,24.4,29.9,1010.5,100,0.0
2025-09-14 04:00:00,93,24.9,31.2,1010.4,100,0.0
2025-09-14 05:00:00,93,24.5,30.2,1011.0,100,0.0
2025-09-14 06:00:00,93,24.6,30.4,1010.7,100,0.0
2025-09-14 07:00:00,94,24.6,30.3,1011.5,100,15.0
2025-09-14 08:00:00,93,25.4,31.9,1011.7,100,107.0
2025-09-14 09:00:00,87,24.9,32.4,1011.8,82,189.0
2025-09-14 10:00:00,89,24.8,32.5,1012.6,100,192.0
2025-09-14 11:00:00,85,24.9,33.8,1012.5,100,338.0
2025-09-14 12:00:00,81,25.0,34.2,1011.9,100,566.0
2025-09-14 13:00:00,81,25.0,34.0,1011.5,99,404.0
2025-09-14 14:00:00,78,25.0,34.7,1011.1,100,559.0
2025-09-14 15:00:00,76,24.8,34.5,1010.9,100,523.0
2025-09-14 16:00:00,75,24.8,34.5,1010.7,100,441.0
2025-09-14 17:00:00,79,24.9,33.5,1011.1,36,258.0
2025-09-14 18:00:00,85,25.2,33.1,1011.5,54,96.0
2025-09-14 19:00:00,90,25.0,31.7,1012.5,96,4.0
2025-09-14 20:00:00,91,25.1,31.9,1013.0,42,0.0
2025-09-14 21:00:00,92,25.1,32.0,1013.3,32,0.0
2025-09-14 22:00:00,93,25.1,31.8,1013.6,76,0.0
2025-09-14 23:00:00,94,24.6,30.7,1013.7,59,0.0
2025-09-15 00:00:00,94,24.4,31.0,1013.8,18,0.0
2025-09-15 01:00:00,94,24.2,30.4,1013.9,98,0.0
2025-09-15 02:00:00,95,24.1,30.5,1014.1,96,0.0
2025-09-15 03:00:00,96,24.1,30.6,1014.2,96,0.0
2025-09-15 04:00:00,94,24.4,31.0,1014.0,76,0.0
2025-09-15 05:00:00,94,24.4,31.1,1014.2,83,0.0
2025-09-15 06:00:00,93,24.5,31.2,1014.4,47,0.0
2025-09-15 07:00:00,93,25.0,32.0,1015.0,30,48.0
2025-09-15 08:00:00,88,24.9,32.9,1015.4,26,212.0
2025-09-15 09:00:00,82,24.7,33.7,1015.5,41,375.0
2025-09-15 10:00:00,77,25.5,36.4,1015.8,87,559.0
2025-09-15 11:00:00,74,25.5,37.5,1015.4,83,640.0
2025-09-15 12:00:00,73,25.5,38.2,1015.3,98,730.0
2025-09-15 13:00:00,69,25.1,38.8,1014.4,97,772.0
2025-09-15 14:00:00,69,24.5,36.4,1014.3,99,674.0
2025-09-15 15:00:00,74,25.1,35.7,1014.1,98,386.0
2025-09-15 16:00:00,73,24.8,35.7,1014.2,100,327.0
2025-09-15 17:00:00,77,25.1,35.1,1014.3,98,177.0
2025-09-15 18:00:00,83,25.5,34.7,1014.8,100,87.0
2025-09-15 19:00:00,86,25.5,33.9,1014.9,96,4.0
2025-09-15 20:00:00,88,25.5,33.7,1015.1,87,0.0
2025-09-15 21:00:00,92,25.5,33.5,1015.1,3,0.0
2025-09-15 22:00:00,95,26.1,34.1,1015.2,97,0.0
2025-09-15 23:00:00,95,26.0,33.8,1015.3,65,0.0
2025-09-16 00:00:00,95,25.8,33.4,1015.2,8,0.0
2025-09-16 01:00:00,95,25.5,33.0,1015.1,4,0.0
2025-09-16 02:00:00,95,25.0,32.1,1014.8,12,0.0
2025-09-16 03:00:00,94,24.7,31.6,1014.7,9,0.0
2025-09-16 04:00:00,94,24.5,31.8,1014.5,21,0.0
2025-09-16 05:00:00,95,24.5,31.2,1014.8,29,0.0
2025-09-16 06:00:00,95,24.4,30.9,1015.3,98,0.0
2025-09-16 07:00:00,94,24.6,30.9,1015.4,75,28.0
2025-09-16 08:00:00,91,24.7,32.1,1014.9,36,171.0
2025-09-16 09:00:00,83,24.5,33.4,1015.0,48,392.0
2025-09-16 10:00:00,72,24.4,35.4,1014.8,99,520.0
2025-09-16 11:00:00,70,24.3,36.6,1014.4,99,699.0
2025-09-16 12:00:00,70,24.8,37.7,1013.9,92,785.0
2025-09-16 13:00:00,70,24.6,37.6,1013.1,98,768.0
2025-09-16 14:00:00,63,23.4,37.2,1012.5,98,717.0
2025-09-16 15:00:00,61,23.3,36.6,1012.2,47,614.0
2025-09-16 16:00:00,70,24.1,34.5,1012.6,33,376.0
2025-09-16 17:00:00,77,24.9,35.0,1012.5,80,231.0
2025-09-16 18:00:00,80,24.9,33.8,1012.8,67,79.0
2025-09-16 19:00:00,82,24.6,33.6,1012.6,100,3.0
2025-09-16 20:00:00,84,24.9,33.7,1013.2,73,0.0
2025-09-16 21:00:00,86,25.1,33.8,1013.3,11,0.0
2025-09-16 22:00:00,82,24.4,32.8,1013.2,94,0.0
2025-09-16 23:00:00,83,24.4,33.0,1013.1,94,0.0
2025-09-17 00:00:00,88,24.8,33.1,1012.8,93,0.0
2025-09-17 01:00:00,91,25.0,32.7,1012.8,52,0.0
2025-09-17 02:00:00,94,24.9,32.1,1012.5,22,0.0
2025-09-17 03:00:00,94,24.5,31.7,1012.1,8,0.0
2025-09-17 04:00:00,92,24.3,31.9,1011.9,10,0.0
2025-09-17 05:00:00,93,24.3,31.7,1011.7,6,0.0
2025-09-17 06:00:00,94,24.4,31.3,1012.0,6,0.0
2025-09-17 07:00:00,91,25.4,33.5,1012.1,7,51.0
2025-09-17 08:00:00,83,25.0,34.3,1012.2,7,220.0
2025-09-17 09:00:00,78,24.8,34.4,1012.3,3,404.0
2025-09-17 10:00:00,81,24.9,34.7,1012.9,96,381.0
2025-09-17 11:00:00,76,25.1,36.0,1012.3,100,589.0
2025-09-17 12:00:00,75,25.2,37.1,1011.9,99,708.0
2025-09-17 13:00:00,74,24.8,35.5,1011.4,100,606.0
2025-09-17 14:00:00,79,24.3,33.4,1010.8,100,441.0
2025-09-17 15:00:00,74,24.0,33.4,1010.8,100,405.0
2025-09-17 16:00:00,79,24.5,33.2,1010.9,100,363.0
2025-09-17 17:00:00,80,24.2,32.9,1011.1,100,188.0
2025-09-17 18:00:00,86,24.7,32.3,1011.2,100,63.0
2025-09-17 19:00:00,88,24.6,32.7,1010.9,85,2.0
2025-09-17 20:00:00,89,24.5,32.2,1011.3,63,0.0
2025-09-17 21:00:00,87,24.5,31.8,1011.0,93,0.0
2025-09-17 22:00:00,85,25.0,33.2,1010.9,100,0.0
2025-09-17 23:00:00,84,24.5,31.7,1010.5,100,0.0
2025-09-18 00:00:00,85,24.3,31.5,1010.8,100,0.0
2025-09-18 01:00:00,86,23.9,30.9,1010.6,100,0.0
2025-09-18 02:00:00,87,23.7,30.0,1010.6,100,0.0
2025-09-18 03:00:00,91,23.7,30.0,1010.7,100,0.0
2025-09-18 04:00:00,94,23.3,27.4,1011.8,100,0.0
2025-09-18 05:00:00,95,23.5,28.0,1011.7,100,0.0
2025-09-18 06:00:00,93,23.2,28.2,1011.9,100,0.0
2025-09-18 07:00:00,92,23.1,28.5,1011.9,100,14.0
2025-09-18 08:00:00,89,23.1,27.9,1012.5,100,145.0
2025-09-18 09:00:00,88,23.1,28.5,1012.7,100,154.0
2025-09-18 10:00:00,96,23.5,28.0,1013.2,100,142.0
2025-09-18 11:00:00,88,23.2,28.8,1012.9,100,303.0
2025-09-18 12:00:00,80,23.0,30.5,1012.7,100,383.0
2025-09-18 13:00:00,72,22.4,31.5,1012.1,100,424.0
2025-09-18 14:00:00,71,22.4,32.0,1011.8,100,432.0
2025-09-18 15:00:00,70,22.1,31.7,1011.6,99,440.0
2025-09-18 16:00:00,69,21.5,30.2,1011.7,89,294.0
2025-09-18 17:00:00,81,22.2,28.7,1012.3,96,136.0
2025-09-18 18:00:00,82,21.6,27.6,1012.4,98,33.0
2025-09-18 19:00:00,80,20.9,26.5,1012.6,100,2.0
2025-09-18 20:00:00,86,21.0,25.6,1013.7,100,0.0
2025-09-18 21:00:00,89,21.1,25.2,1014.4,100,0.0
2025-09-18 22:00:00,77,20.2,26.9,1015.0,64,0.0
2025-09-18 23:00:00,77,19.9,25.9,1015.0,40,0.0
2025-09-19 00:00:00,75,19.1,25.3,1014.9,26,0.0
2025-09-19 01:00:00,73,18.3,24.4,1014.9,97,0.0
2025-09-19 02:00:00,68,16.9,23.4,1014.9,100,0.0
2025-09-19 03:00:00,61,15.4,23.1,1014.9,98,0.0
2025-09-19 04:00:00,59,14.6,22.6,1015.0,100,0.0
2025-09-19 05:00:00,59,14.5,22.5,1015.2,96,0.0
2025-09-19 06:00:00,60,14.6,22.5,1015.6,100,0.0
2025-09-19 07:00:00,64,15.4,23.1,1015.8,100,21.0
2025-09-19 08:00:00,65,16.6,24.6,1016.3,51,145.0
2025-09-19 09:00:00,59,16.7,26.8,1016.0,7,351.0
2025-09-19 10:00:00,55,17.3,28.7,1016.3,79,521.0
2025-09-19 11:00:00,53,17.4,30.6,1015.9,100,670.0
2025-09-19 12:00:00,52,17.6,30.6,1015.3,58,582.0
2025-09-19 13:00:00,53,18.0,31.0,1014.5,21,638.0
2025-09-19 14:00:00,55,18.5,31.3,1013.7,10,737.0
2025-09-19 15:00:00,57,18.6,29.6,1013.3,64,598.0
2025-09-19 16:00:00,59,18.9,30.2,1012.9,100,467.0
2025-09-19 17:00:00,63,19.5,30.7,1013.0,50,244.0
2025-09-19 18:00:00,78,21.7,30.2,1013.2,100,89.0
2025-09-19 19:00:00,84,21.6,28.8,1013.0,100,2.0
2025-09-19 20:00:00,83,21.5,28.7,1013.4,100,0.0
2025-09-19 21:00:00,80,21.1,28.6,1013.2,100,0.0
2025-09-19 22:00:00,73,21.3,29.4,1013.1,99,0.0
2025-09-19 23:00:00,80,22.1,29.1,1012.7,92,0.0
2025-09-20 00:00:00,83,22.5,29.0,1012.1,98,0.0
2025-09-20 01:00:00,81,22.1,28.5,1011.9,97,0.0
2025-09-20 02:00:00,80,21.8,28.4,1010.9,81,0.0
2025-09-20 03:00:00,83,22.5,29.2,1010.4,92,0.0
2025-09-20 04:00:00,84,23.0,29.8,1009.9,96,0.0
2025-09-20 05:00:00,83,23.1,30.4,1009.8,100,0.0
2025-09-20 06:00:00,83,23.1,30.5,1009.6,100,0.0
2025-09-20 07:00:00,83,23.6,31.0,1009.6,100,37.0
2025-09-20 08:00:00,78,23.4,31.7,1009.4,100,155.0
2025-09-20 09:00:00,74,22.9,32.0,1009.6,100,275.0
2025-09-20 10:00:00,95,23.9,30.2,1010.8,100,220.0
2025-09-20 11:00:00,88,23.7,30.6,1010.3,100,337.0
2025-09-20 12:00:00,77,23.5,32.0,1009.8,100,416.0
2025-09-20 13:00:00,77,23.5,31.8,1008.9,100,275.0
2025-09-20 14:00:00,79,23.8,31.0,1008.3,100,254.0
2025-09-20 15:00:00,85,24.4,31.2,1007.8,100,189.0
2025-09-20 16:00:00,85,24.1,31.1,1007.6,100,231.0
2025-09-20 17:00:00,85,23.8,30.4,1007.8,100,133.0
2025-09-20 18:00:00,91,23.5,28.4,1008.6,100,39.0
2025-09-20 19:00:00,94,23.1,26.8,1008.9,99,1.0
2025-09-20 20:00:00,93,23.4,27.2,1009.6,100,0.0
2025-09-20 21:00:00,92,23.6,28.7,1009.8,28,0.0
2025-09-20 22:00:00,92,24.0,29.2,1009.4,98,0.0
2025-09-20 23:00:00,91,23.2,28.2,1010.0,60,0.0
2025-09-21 00:00:00,91,22.4,27.6,1010.3,88,0.0
2025-09-21 01:00:00,92,22.1,27.4,1010.1,100,0.0
2025-09-21 02:00:00,92,22.0,27.3,1010.0,100,0.0
2025-09-21 03:00:00,90,21.6,26.8,1010.5,100,0.0
2025-09-21 04:00:00,89,21.4,26.6,1010.7,100,0.0
2025-09-21 05:00:00,90,21.0,25.7,1011.1,14,0.0
2025-09-21 06:00:00,90,20.5,24.9,1011.7,16,0.0
2025-09-21 07:00:00,88,20.6,25.4,1012.4,19,45.0
2025-09-21 08:00:00,82,20.6,26.8,1012.8,67,202.0
2025-09-21 09:00:00,74,20.2,27.7,1013.0,14,409.0
2025-09-21 10:00:00,63,19.2,29.0,1013.3,96,579.0
2025-09-21 11:00:00,58,18.7,30.2,1013.0,97,712.0
2025-09-21 12:00:00,56,18.6,30.9,1012.7,61,766.0
2025-09-21 13:00:00,54,18.4,31.3,1012.1,100,804.0
2025-09-21 14:00:00,52,17.5,29.3,1011.4,100,597.0
2025-09-21 15:00:00,58,18.5,28.0,1011.8,100,382.0
2025-09-21 16:00:00,63,19.0,27.3,1012.3,100,312.0
2025-09-21 17:00:00,67,19.0,26.3,1012.6,100,207.0
2025-09-21 18:00:00,68,18.4,25.0,1013.1,51,68.0
2025-09-21 19:00:00,68,17.9,24.1,1013.5,20,1.0
2025-09-21 20:00:00,68,17.6,23.7,1014.3,91,0.0
2025-09-21 21:00:00,67,17.2,23.8,1015.2,100,0.0
2025-09-21 22:00:00,68,17.1,23.7,1015.5,70,0.0
2025-09-21 23:00:00,69,16.8,23.4,1016.0,100,0.0
2025-09-22 00:00:00,70,16.6,23.3,1016.8,35,0.0
2025-09-22 01:00:00,71,16.4,22.7,1016.8,23,0.0
2025-09-22 02:00:00,72,16.1,21.9,1016.9,20,0.0
2025-09-22 03:00:00,73,16.1,21.8,1016.9,90,0.0
2025-09-22 04:00:00,74,15.9,21.6,1016.8,21,0.0
2025-09-22 05:00:00,75,15.8,21.5,1017.2,37,0.0
2025-09-22 06:00:00,75,15.7,21.2,1017.6,100,0.0
2025-09-22 07:00:00,73,16.0,22.0,1017.9,100,43.0
2025-09-22 08:00:00,64,15.6,23.6,1018.1,0,196.0
2025-09-22 09:00:00,56,14.9,24.4,1018.2,1,424.0
2025-09-22 10:00:00,55,15.6,26.1,1018.8,0,600.0
2025-09-22 11:00:00,52,15.8,27.8,1018.3,48,723.0
2025-09-22 12:00:00,48,15.1,28.2,1017.6,47,762.0
2025-09-22 13:00:00,47,14.9,28.3,1017.1,21,733.0
2025-09-22 14:00:00,46,14.9,28.6,1016.4,67,738.0
2025-09-22 15:00:00,47,14.9,27.0,1016.2,100,493.0
2025-09-22 16:00:00,49,15.4,26.9,1016.1,100,337.0
2025-09-22 17:00:00,56,17.0,27.4,1016.3,100,197.0
2025-09-22 18:00:00,58,17.0,26.8,1016.5,100,46.0
2025-09-22 19:00:00,59,16.9,25.9,1016.9,99,0.0
2025-09-22 20:00:00,61,17.1,25.6,1017.1,100,0.0
2025-09-22 21:00:00,67,18.7,26.8,1017.4,97,0.0
2025-09-22 22:00:00,69,18.6,26.1,1017.1,77,0.0
2025-09-22 23:00:00,76,20.0,26.8,1017.4,100,0.0
2025-09-23 00:00:00,91,21.8,27.0,1017.8,100,0.0
2025-09-23 01:00:00,92,22.0,26.3,1017.8,73,0.0
2025-09-23 02:00:00,91,21.6,25.6,1017.3,86,0.0
2025-09-23 03:00:00,91,21.4,25.2,1017.1,100,0.0
2025-09-23 04:00:00,93,21.4,25.0,1017.1,100,0.0
2025-09-23 05:00:00,96,21.7,25.1,1017.2,100,0.0
2025-09-23 06:00:00,93,21.0,24.7,1017.3,100,0.0
2025-09-23 07:00:00,91,20.2,23.4,1017.7,70,15.0
2025-09-23 08:00:00,90,20.1,23.4,1018.0,100,94.0
2025-09-23 09:00:00,91,20.5,23.7,1018.0,71,138.0
2025-09-23 10:00:00,76,19.0,24.8,1018.6,100,183.0
2025-09-23 11:00:00,83,20.0,25.0,1018.4,100,178.0
2025-09-23 12:00:00,84,20.8,25.8,1018.1,100,270.0
2025-09-23 13:00:00,90,21.5,25.6,1017.6,99,235.0
2025-09-23 14:00:00,81,21.0,26.0,1016.7,54,517.0
2025-09-23 15:00:00,78,20.8,26.1,1016.4,50,477.0
2025-09-23 16:00:00,78,20.9,26.6,1016.2,77,324.0
2025-09-23 17:00:00,77,20.8,26.7,1016.2,88,188.0
2025-09-23 18:00:00,79,20.9,26.7,1016.2,92,50.0
2025-09-23 19:00:00,81,21.1,26.6,1016.3,100,0.0
2025-09-23 20:00:00,81,21.1,26.4,1016.8,97,0.0
2025-09-23 21:00:00,81,21.1,26.3,1017.0,100,0.0
2025-09-23 22:00:00,81,21.0,26.1,1017.3,42,0.0
2025-09-23 23:00:00,82,20.8,25.6,1017.1,72,0.0
2025-09-24 00:00:00,83,21.0,25.6,1017.2,98,0.0
2025-09-24 01:00:00,83,21.1,26.0,1016.9,65,0.0
2025-09-24 02:00:00,84,21.2,25.9,1016.5,81,0.0
2025-09-24 03:00:00,84,21.3,25.9,1016.2,73,0.0
2025-09-24 04:00:00,84,21.5,26.0,1016.0,87,0.0
2025-09-24 05:00:00,85,21.6,26.2,1015.8,99,0.0
2025-09-24 06:00:00,85,21.6,26.4,1015.8,98,0.0
2025-09-24 07:00:00,83,21.7,26.4,1015.8,87,37.0
2025-09-24 08:00:00,79,21.6,26.5,1016.4,100,191.0
2025-09-24 09:00:00,78,21.8,27.1,1016.4,99,274.0
2025-09-24 10:00:00,75,21.6,27.9,1016.5,60,483.0
2025-09-24 11:00:00,74,22.0,28.9,1016.1,94,606.0
2025-09-24 12:00:00,73,22.4,30.0,1015.8,47,665.0
2025-09-24 13:00:00,72,22.7,30.6,1015.1,67,686.0
2025-09-24 14:00:00,75,23.2,30.9,1014.9,100,569.0
2025-09-24 15:00:00,90,24.4,29.8,1015.0,98,280.0
2025-09-24 16:00:00,87,24.0,29.6,1014.9,93,244.0
2025-09-24 17:00:00,89,23.8,29.1,1015.3,100,152.0
2025-09-24 18:00:00,95,23.9,28.8,1016.1,100,31.0
2025-09-24 19:00:00,94,23.6,28.5,1016.2,100,0.0
2025-09-24 20:00:00,94,23.8,28.4,1016.7,100,0.0
2025-09-24 21:00:00,93,23.8,29.1,1016.8,100,0.0
2025-09-24 22:00:00,95,23.9,29.4,1017.5,99,0.0
2025-09-24 23:00:00,94,23.8,29.0,1017.3,100,0.0
2025-09-25 00:00:00,92,23.3,28.5,1016.9,99,0.0
2025-09-25 01:00:00,93,23.4,29.0,1017.2,100,0.0
2025-09-25 02:00:00,94,23.6,28.7,1016.8,100,0.0
2025-09-25 03:00:00,93,23.5,29.0,1016.4,99,0.0
2025-09-25 04:00:00,94,23.5,28.6,1016.6,78,0.0
2025-09-25 05:00:00,94,23.5,28.1,1016.7,65,0.0
2025-09-25 06:00:00,93,23.3,28.0,1016.7,89,0.0
2025-09-25 07:00:00,92,23.5,28.6,1017.1,98,38.0
2025-09-25 08:00:00,87,23.4,29.0,1017.4,77,183.0
2025-09-25 09:00:00,81,23.2,30.4,1017.7,100,365.0
2025-09-25 10:00:00,78,23.8,32.5,1018.5,88,457.0
2025-09-25 11:00:00,78,24.2,33.4,1018.0,78,591.0
2025-09-25 12:00:00,77,24.5,35.0,1017.7,71,752.0
2025-09-25 13:00:00,76,24.4,34.4,1016.9,28,719.0
2025-09-25 14:00:00,82,24.0,32.1,1017.2,100,579.0
2025-09-25 15:00:00,83,24.1,32.1,1016.9,100,321.0
2025-09-25 16:00:00,80,23.8,31.9,1016.9,100,323.0
2025-09-25 17:00:00,83,23.9,31.7,1017.2,100,128.0
2025-09-25 18:00:00,88,24.0,31.1,1017.3,100,52.0
2025-09-25 19:00:00,91,24.0,30.4,1017.4,97,0.0
2025-09-25 20:00:00,92,23.9,29.9,1017.9,94,0.0
2025-09-25 21:00:00,93,23.8,29.6,1017.9,72,0.0
2025-09-25 22:00:00,93,24.0,30.4,1018.2,100,0.0
2025-09-25 23:00:00,94,24.1,30.5,1018.0,100,0.0
2025-09-26 00:00:00,95,24.0,29.8,1017.6,68,0.0
2025-09-26 01:00:00,96,23.9,29.7,1017.4,100,0.0
2025-09-26 02:00:00,96,23.8,29.5,1017.3,98,0.0
2025-09-26 03:00:00,96,23.8,29.5,1017.1,88,0.0
2025-09-26 04:00:00,96,23.5,29.1,1017.0,98,0.0
2025-09-26 05:00:00,96,23.3,28.9,1017.1,98,0.0
2025-09-26 06:00:00,97,23.2,28.8,1017.5,100,0.0
2025-09-26 07:00:00,96,23.3,29.1,1017.8,87,21.0
2025-09-26 08:00:00,91,24.3,31.8,1018.0,78,184.0
2025-09-26 09:00:00,84,24.1,32.0,1018.2,84,358.0
2025-09-26 10:00:00,86,23.4,30.9,1018.3,100,217.0
2025-09-26 11:00:00,80,23.6,32.4,1017.8,39,500.0
2025-09-26 12:00:00,73,23.0,33.8,1017.1,61,706.0
2025-09-26 13:00:00,71,23.0,33.7,1016.4,51,713.0
2025-09-26 14:00:00,67,22.5,33.1,1015.8,29,631.0
2025-09-26 15:00:00,64,22.0,32.5,1015.7,13,537.0
2025-09-26 16:00:00,65,21.8,31.8,1015.7,35,415.0
2025-09-26 17:00:00,68,21.5,31.0,1015.7,99,222.0
2025-09-26 18:00:00,72,21.3,29.7,1016.0,100,52.0
2025-09-26 19:00:00,75,20.9,28.6,1016.3,100,0.0
2025-09-26 20:00:00,78,20.9,28.0,1016.8,100,0.0
2025-09-26 21:00:00,81,21.0,27.6,1017.3,99,0.0
2025-09-26 22:00:00,84,21.9,28.7,1017.2,100,0.0
2025-09-26 23:00:00,84,21.8,28.4,1017.4,100,0.0
2025-09-27 00:00:00,84,21.6,28.4,1016.9,100,0.0
2025-09-27 01:00:00,86,21.6,28.0,1016.7,98,0.0
2025-09-27 02:00:00,86,21.4,27.6,1016.6,25,0.0
2025-09-27 03:00:00,86,21.0,26.6,1016.4,70,0.0
2025-09-27 04:00:00,81,19.8,25.2,1016.5,93,0.0
2025-09-27 05:00:00,78,18.7,24.5,1016.7,99,0.0
2025-09-27 06:00:00,76,18.2,24.4,1016.8,20,0.0
2025-09-27 07:00:00,76,18.1,24.3,1017.0,18,31.0
2025-09-27 08:00:00,70,18.4,26.2,1017.2,83,201.0
2025-09-27 09:00:00,67,18.6,27.5,1017.2,81,260.0
2025-09-27 10:00:00,66,18.5,28.2,1017.1,100,189.0
2025-09-27 11:00:00,68,19.4,29.0,1017.0,100,232.0
2025-09-27 12:00:00,66,19.1,29.0,1017.1,100,275.0
2025-09-27 13:00:00,68,19.4,28.8,1016.3,100,135.0
2025-09-27 14:00:00,65,19.4,29.8,1015.5,100,369.0
2025-09-27 15:00:00,64,19.4,29.7,1014.8,94,371.0
2025-09-27 16:00:00,64,19.5,29.8,1014.9,24,424.0
2025-09-27 17:00:00,67,19.4,28.8,1015.0,29,226.0
2025-09-27 18:00:00,74,19.8,27.8,1015.1,4,61.0
2025-09-27 19:00:00,81,20.0,26.8,1015.3,6,0.0
2025-09-27 20:00:00,77,19.5,26.8,1015.4,0,0.0
2025-09-27 21:00:00,73,19.1,26.5,1015.4,0,0.0
2025-09-27 22:00:00,80,20.5,27.2,1015.2,39,0.0
2025-09-27 23:00:00,78,20.0,26.7,1014.9,94,0.0
2025-09-28 00:00:00,83,20.1,26.0,1014.6,44,0.0
2025-09-28 01:00:00,84,19.9,25.3,1014.3,4,0.0
2025-09-28 02:00:00,80,18.7,24.1,1014.0,19,0.0
2025-09-28 03:00:00,75,17.5,23.6,1013.9,16,0.0
2025-09-28 04:00:00,73,17.0,23.2,1013.3,17,0.0
2025-09-28 05:00:00,77,18.0,23.6,1013.1,100,0.0
2025-09-28 06:00:00,79,18.7,24.0,1013.1,100,0.0
2025-09-28 07:00:00,79,19.0,24.3,1013.3,100,23.0
2025-09-28 08:00:00,89,20.8,24.5,1013.1,100,55.0
2025-09-28 09:00:00,94,21.5,25.2,1013.2,100,36.0
2025-09-28 10:00:00,81,21.8,27.7,1013.0,100,369.0
2025-09-28 11:00:00,76,21.0,28.3,1012.1,100,309.0
2025-09-28 12:00:00,72,21.4,30.2,1011.5,43,616.0
2025-09-28 13:00:00,73,21.8,30.3,1010.9,59,574.0
2025-09-28 14:00:00,82,22.9,30.4,1010.2,49,504.0
2025-09-28 15:00:00,78,22.7,31.3,1009.6,53,454.0
2025-09-28 16:00:00,81,22.7,29.8,1010.0,81,278.0
2025-09-28 17:00:00,85,22.9,30.1,1010.0,52,123.0
2025-09-28 18:00:00,87,23.1,30.3,1009.9,51,49.0
2025-09-28 19:00:00,87,23.0,28.9,1010.1,82,0.0
2025-09-28 20:00:00,87,23.1,28.5,1010.1,56,0.0
2025-09-28 21:00:00,87,23.0,28.3,1010.1,49,0.0
2025-09-28 22:00:00,91,23.9,30.0,1009.7,93,0.0
2025-09-28 23:00:00,93,22.6,26.6,1010.0,100,0.0
2025-09-29 00:00:00,96,23.0,26.4,1009.9,93,0.0
2025-09-29 01:00:00,93,22.8,26.7,1009.6,88,0.0
2025-09-29 02:00:00,93,22.7,27.0,1009.1,100,0.0
2025-09-29 03:00:00,94,22.8,26.3,1009.3,87,0.0
2025-09-29 04:00:00,94,22.9,26.3,1008.8,51,0.0
2025-09-29 05:00:00,94,22.6,26.2,1008.9,99,0.0
2025-09-29 06:00:00,94,22.3,26.4,1009.3,83,0.0
2025-09-29 07:00:00,94,22.2,27.0,1009.9,93,24.0
2025-09-29 08:00:00,88,22.0,27.7,1010.7,89,158.0
2025-09-29 09:00:00,80,21.2,27.6,1010.8,95,311.0
2025-09-29 10:00:00,73,20.4,28.0,1010.9,66,482.0
2025-09-29 11:00:00,67,19.8,28.2,1010.6,28,557.0
2025-09-29 12:00:00,65,19.7,28.9,1009.7,42,646.0
2025-09-29 13:00:00,62,19.4,29.5,1009.3,16,711.0
2025-09-29 14:00:00,59,18.5,28.4,1009.0,34,613.0
2025-09-29 15:00:00,58,17.9,27.3,1009.2,32,539.0
2025-09-29 16:00:00,61,17.7,26.1,1009.3,43,410.0
2025-09-29 17:00:00,65,17.7,25.6,1009.7,18,222.0
2025-09-29 18:00:00,71,17.9,24.2,1010.3,19,54.0
2025-09-29 19:00:00,77,18.0,23.6,1010.7,27,0.0
2025-09-29 20:00:00,79,18.0,23.4,1011.6,91,0.0
2025-09-29 21:00:00,80,18.0,23.7,1011.9,6,0.0
2025-09-29 22:00:00,74,17.6,23.9,1012.1,41,0.0
2025-09-29 23:00:00,78,17.5,23.5,1012.1,4,0.0
2025-09-30 00:00:00,82,17.4,22.5,1012.2,1,0.0
2025-09-30 01:00:00,84,17.1,21.8,1012.2,0,0.0
2025-09-30 02:00:00,87,16.9,20.9,1012.1,1,0.0
2025-09-30 03:00:00,88,16.6,20.5,1012.1,2,0.0
2025-09-30 04:00:00,89,16.8,20.3,1012.2,2,0.0
2025-09-30 05:00:00,89,16.5,19.9,1012.3,12,0.0
2025-09-30 06:00:00,88,16.0,19.5,1012.5,6,0.0
2025-09-30 07:00:00,84,16.7,21.3,1012.6,66,36.0
2025-09-30 08:00:00,77,17.2,23.7,1013.4,1,186.0
2025-09-30 09:00:00,69,16.9,25.0,1013.2,7,403.0
2025-09-30 10:00:00,63,16.9,26.9,1013.4,90,569.0
2025-09-30 11:00:00,57,16.1,27.3,1013.1,6,563.0
2025-09-30 12:00:00,51,15.6,29.2,1012.1,21,762.0
2025-09-30 13:00:00,50,15.4,28.4,1011.3,46,747.0
2025-09-30 14:00:00,59,17.1,26.6,1010.9,39,601.0
2025-09-30 15:00:00,59,17.2,26.8,1010.5,43,518.0
2025-09-30 16:00:00,59,17.0,26.8,1010.3,51,406.0
2025-09-30 17:00:00,63,17.7,27.5,1010.4,77,227.0
2025-09-30 18:00:00,66,17.2,25.0,1010.4,96,48.0
2025-09-30 19:00:00,63,15.2,22.5,1010.6,13,0.0
2025-09-30 20:00:00,65,15.0,22.0,1011.1,93,0.0
2025-09-30 21:00:00,67,14.8,21.9,1011.3,8,0.0
2025-09-30 22:00:00,71,14.9,21.2,1011.5,35,0.0
2025-09-30 23:00:00,75,15.2,20.7,1011.5,1,0.0
2025-10-01 00:00:00,78,15.2,20.4,1011.6,3,0.0
2025-10-01 01:00:00,82,15.4,19.9,1011.5,7,0.0
2025-10-01 02:00:00,83,15.6,19.8,1011.1,11,0.0
2025-10-01 03:00:00,81,15.4,19.8,1011.0,5,0.0
2025-10-01 04:00:00,76,15.0,19.9,1010.9,4,0.0
2025-10-01 05:00:00,74,14.5,19.6,1011.1,7,0.0
2025-10-01 06:00:00,75,14.4,18.9,1011.2,8,0.0
2025-10-01 07:00:00,76,15.1,19.8,1011.6,1,33.0
2025-10-01 08:00:00,74,17.2,23.6,1011.9,3,194.0
2025-10-01 09:00:00,64,16.6,25.9,1012.6,5,385.0
2025-10-01 10:00:00,62,17.3,27.4,1012.4,5,553.0
2025-10-01 11:00:00,59,17.4,28.5,1012.3,13,678.0
2025-10-01 12:00:00,58,17.5,29.0,1011.8,5,709.0
2025-10-01 13:00:00,56,17.4,29.4,1011.1,5,706.0
2025-10-01 14:00:00,53,16.8,28.8,1010.8,5,647.0
2025-10-01 15:00:00,47,15.2,28.2,1010.6,6,534.0
2025-10-01 16:00:00,49,15.4,27.5,1010.7,41,387.0
2025-10-01 17:00:00,57,17.0,27.0,1011.3,22,214.0
2025-10-01 18:00:00,65,17.7,26.2,1011.9,13,51.0
2025-10-01 19:00:00,70,17.2,24.1,1012.7,23,0.0
2025-10-01 20:00:00,72,16.7,23.0,1013.5,13,0.0
2025-10-01 21:00:00,78,17.6,23.1,1013.7,17,0.0
2025-10-01 22:00:00,79,17.5,22.7,1013.9,2,0.0
2025-10-01 23:00:00,80,17.5,22.7,1014.4,99,0.0
2025-10-02 00:00:00,81,17.5,22.3,1014.4,100,0.0
2025-10-02 01:00:00,81,17.2,22.1,1014.3,84,0.0
2025-10-02 02:00:00,81,17.0,22.0,1014.1,59,0.0
2025-10-02 03:00:00,83,17.1,21.6,1014.3,20,0.0
2025-10-02 04:00:00,85,17.0,21.1,1014.5,16,0.0
2025-10-02 05:00:00,85,16.8,20.6,1014.8,31,0.0
2025-10-02 06:00:00,83,16.5,20.4,1015.3,95,0.0
2025-10-02 07:00:00,79,16.6,21.3,1016.0,16,32.0
2025-10-02 08:00:00,74,17.5,24.2,1016.7,45,200.0
2025-10-02 09:00:00,65,17.5,26.3,1016.7,55,365.0
2025-10-02 10:00:00,52,15.6,27.3,1016.5,100,555.0
2025-10-02 11:00:00,48,15.0,27.9,1016.3,100,592.0
2025-10-02 12:00:00,51,15.9,28.3,1016.1,99,615.0
2025-10-02 13:00:00,58,17.5,28.0,1015.6,98,596.0
2025-10-02 14:00:00,55,16.8,28.4,1015.5,99,660.0
2025-10-02 15:00:00,55,16.6,27.4,1015.6,63,305.0
2025-10-02 16:00:00,56,16.5,27.5,1016.0,100,275.0
2025-10-02 17:00:00,59,16.9,27.4,1016.4,100,89.0
2025-10-02 18:00:00,65,17.3,25.8,1016.5,100,32.0
2025-10-02 19:00:00,66,16.7,23.8,1016.9,100,0.0
2025-10-02 20:00:00,67,16.2,23.0,1017.4,88,0.0
2025-10-02 21:00:00,66,16.0,23.5,1017.6,100,0.0
2025-10-02 22:00:00,65,15.6,22.9,1017.6,100,0.0
2025-10-02 23:00:00,63,15.1,22.8,1017.3,100,0.0
2025-10-03 00:00:00,67,15.5,22.2,1017.1,100,0.0
2025-10-03 01:00:00,69,16.1,23.0,1017.5,100,0.0
2025-10-03 02:00:00,74,16.7,22.5,1017.5,100,0.0
2025-10-03 03:00:00,78,17.6,23.1,1016.7,98,0.0
2025-10-03 04:00:00,81,17.6,22.4,1016.9,100,0.0
2025-10-03 05:00:00,75,17.2,23.1,1017.2,100,0.0
2025-10-03 06:00:00,75,17.4,23.4,1018.3,100,0.0
2025-10-03 07:00:00,84,18.2,22.2,1018.3,100,6.0
2025-10-03 08:00:00,92,19.1,22.2,1019.1,100,24.0
2025-10-03 09:00:00,93,19.1,22.4,1019.8,100,39.0
2025-10-03 10:00:00,94,19.5,22.4,1019.4,100,44.0
2025-10-03 11:00:00,90,20.1,23.4,1018.7,100,181.0
2025-10-03 12:00:00,83,19.4,23.2,1017.9,100,197.0
2025-10-03 13:00:00,85,19.7,23.1,1017.4,100,117.0
2025-10-03 14:00:00,88,20.2,22.8,1016.1,100,126.0
2025-10-03 15:00:00,85,19.5,22.1,1016.1,100,72.0
2025-10-03 16:00:00,86,19.8,22.0,1015.8,100,59.0
2025-10-03 17:00:00,94,20.5,21.1,1015.6,100,30.0
2025-10-03 18:00:00,93,20.6,22.1,1015.9,100,8.0
2025-10-03 19:00:00,90,20.6,22.6,1016.2,100,0.0
2025-10-03 20:00:00,88,21.0,23.3,1016.0,100,0.0
2025-10-03 21:00:00,92,21.5,23.9,1016.6,100,0.0
2025-10-03 22:00:00,95,22.0,24.3,1016.5,100,0.0
2025-10-03 23:00:00,95,22.2,24.7,1015.8,100,0.0
2025-10-04 00:00:00,93,22.1,25.3,1015.4,100,0.0
2025-10-04 01:00:00,93,22.3,25.8,1014.9,100,0.0
2025-10-04 02:00:00,92,22.4,25.9,1013.9,100,0.0
2025-10-04 03:00:00,94,22.7,26.7,1014.4,100,0.0
2025-10-04 04:00:00,95,22.6,26.9,1013.7,100,0.0
2025-10-04 05:00:00,96,22.9,27.0,1013.5,100,0.0
2025-10-04 06:00:00,96,22.9,27.6,1014.1,100,0.0
2025-10-04 07:00:00,97,22.7,27.3,1014.4,100,9.0
2025-10-04 08:00:00,97,23.3,28.6,1014.7,100,76.0
2025-10-04 09:00:00,93,23.6,29.9,1014.6,100,135.0
2025-10-04 10:00:00,91,23.7,30.0,1014.6,100,238.0
2025-10-04 11:00:00,91,23.1,29.2,1014.3,97,260.0
2025-10-04 12:00:00,86,22.9,30.2,1013.6,98,334.0
2025-10-04 13:00:00,86,23.4,30.7,1012.5,73,292.0
2025-10-04 14:00:00,86,23.8,32.0,1012.3,95,400.0
2025-10-04 15:00:00,86,23.4,30.4,1012.0,92,273.0
2025-10-04 16:00:00,85,23.1,29.7,1011.9,78,227.0
2025-10-04 17:00:00,85,22.9,29.7,1012.2,46,162.0
2025-10-04 18:00:00,88,23.0,29.5,1012.4,91,29.0
2025-10-04 19:00:00,91,23.0,29.4,1012.8,89,0.0
2025-10-04 20:00:00,92,23.0,29.4,1013.2,100,0.0
2025-10-04 21:00:00,95,23.4,29.1,1013.3,100,0.0
2025-10-04 22:00:00,96,23.5,29.3,1013.2,88,0.0
2025-10-04 23:00:00,97,23.1,28.6,1013.3,33,0.0
2025-10-05 00:00:00,97,22.7,27.7,1013.3,22,0.0
2025-10-05 01:00:00,97,22.2,27.1,1012.9,47,0.0
2025-10-05 02:00:00,96,21.8,26.6,1012.8,75,0.0
2025-10-05 03:00:00,97,21.6,26.1,1012.7,100,0.0
2025-10-05 04:00:00,96,21.4,25.7,1012.7,79,0.0
2025-10-05 05:00:00,97,21.3,25.6,1013.0,40,0.0
2025-10-05 06:00:00,97,21.1,25.3,1013.1,41,0.0
2025-10-05 07:00:00,97,21.2,25.3,1013.4,44,27.0
2025-10-05 08:00:00,95,22.2,27.3,1013.7,80,177.0
2025-10-05 09:00:00,89,23.0,29.8,1014.0,27,288.0
2025-10-05 10:00:00,73,21.6,31.0,1013.9,17,518.0
2025-10-05 11:00:00,67,21.1,31.9,1013.7,22,635.0
2025-10-05 12:00:00,62,20.5,31.8,1013.2,15,666.0
2025-10-05 13:00:00,58,20.0,31.7,1012.5,13,674.0
2025-10-05 14:00:00,58,19.8,31.4,1011.7,22,626.0
2025-10-05 15:00:00,57,19.4,30.9,1011.0,27,509.0
2025-10-05 16:00:00,59,19.5,30.5,1010.9,81,367.0
2025-10-05 17:00:00,69,20.6,29.6,1011.1,70,186.0
2025-10-05 18:00:00,74,20.1,27.3,1011.7,95,39.0
2025-10-05 19:00:00,82,20.3,26.0,1012.5,91,0.0
2025-10-05 20:00:00,85,20.5,25.6,1012.9,63,0.0
2025-10-05 21:00:00,86,20.9,26.2,1013.0,16,0.0
2025-10-05 22:00:00,86,20.6,26.1,1013.1,2,0.0
2025-10-05 23:00:00,86,20.5,25.5,1013.3,4,0.0
2025-10-06 00:00:00,87,20.4,25.3,1013.1,3,0.0
2025-10-06 01:00:00,88,20.2,25.0,1013.2,7,0.0
2025-10-06 02:00:00,88,20.1,24.8,1013.0,22,0.0
2025-10-06 03:00:00,88,20.2,24.9,1012.8,63,0.0
2025-10-06 04:00:00,88,20.1,24.8,1012.7,90,0.0
2025-10-06 05:00:00,87,19.9,24.6,1013.0,88,0.0
2025-10-06 06:00:00,86,19.7,24.7,1013.2,20,0.0
2025-10-06 07:00:00,84,19.7,25.3,1014.0,48,21.0
2025-10-06 08:00:00,79,19.6,26.6,1014.3,27,129.0
2025-10-06 09:00:00,72,19.9,28.1,1014.3,6,333.0
2025-10-06 10:00:00,68,20.0,29.5,1014.4,4,521.0
2025-10-06 11:00:00,67,20.3,30.7,1014.1,14,637.0
2025-10-06 12:00:00,67,20.4,30.2,1013.6,97,680.0
2025-10-06 13:00:00,68,19.6,28.0,1012.9,16,525.0
2025-10-06 14:00:00,65,19.4,28.8,1012.4,23,586.0
2025-10-06 15:00:00,66,19.5,28.9,1012.1,14,490.0
2025-10-06 16:00:00,66,19.8,29.5,1012.3,18,351.0
2025-10-06 17:00:00,70,20.5,29.8,1012.8,20,188.0
2025-10-06 18:00:00,73,19.9,26.7,1013.2,9,36.0
2025-10-06 19:00:00,76,19.5,25.4,1013.5,1,0.0
2025-10-06 20:00:00,78,19.4,25.4,1014.2,2,0.0
2025-10-06 21:00:00,78,19.1,25.4,1014.5,0,0.0
2025-10-06 22:00:00,82,19.1,25.1,1014.2,0,0.0
2025-10-06 23:00:00,87,19.2,24.6,1014.4,2,0.0
2025-10-07 00:00:00,86,19.2,24.5,1014.2,0,0.0
2025-10-07 01:00:00,85,19.5,25.1,1013.9,2,0.0
2025-10-07 02:00:00,88,20.3,25.7,1013.9,6,0.0
2025-10-07 03:00:00,92,21.3,26.5,1013.8,23,0.0
2025-10-07 04:00:00,86,20.9,25.9,1013.9,23,0.0
2025-10-07 05:00:00,78,18.9,24.4,1014.0,52,0.0
2025-10-07 06:00:00,78,18.5,24.4,1014.5,23,0.0
2025-10-07 07:00:00,78,18.6,24.1,1014.9,15,25.0
2025-10-07 08:00:00,72,18.1,24.6,1015.4,1,173.0
2025-10-07 09:00:00,68,18.3,25.6,1015.8,1,359.0
2025-10-07 10:00:00,66,18.7,26.7,1015.9,0,523.0
2025-10-07 11:00:00,65,19.0,27.8,1015.2,0,649.0
2025-10-07 12:00:00,66,19.6,28.7,1014.4,0,718.0
2025-10-07 13:00:00,67,20.1,29.6,1013.5,0,721.0
2025-10-07 14:00:00,66,20.3,30.0,1012.7,0,662.0
2025-10-07 15:00:00,66,20.5,30.4,1012.5,21,545.0
2025-10-07 16:00:00,68,20.4,29.6,1012.4,100,293.0
2025-10-07 17:00:00,75,21.1,29.4,1012.5,26,117.0
2025-10-07 18:00:00,82,21.5,28.7,1012.7,23,31.0
2025-10-07 19:00:00,84,21.4,27.9,1013.0,26,0.0
2025-10-07 20:00:00,84,21.3,27.3,1013.3,95,0.0
2025-10-07 21:00:00,85,21.6,27.3,1013.5,51,0.0
2025-10-07 22:00:00,86,21.9,27.6,1013.5,70,0.0
2025-10-07 23:00:00,89,22.4,28.0,1013.2,69,0.0
2025-10-08 00:00:00,91,22.4,27.6,1013.2,45,0.0
2025-10-08 01:00:00,93,22.5,27.5,1012.8,54,0.0
2025-10-08 02:00:00,93,22.5,27.7,1012.6,63,0.0
2025-10-08 03:00:00,95,22.5,27.7,1012.2,53,0.0
2025-10-08 04:00:00,94,22.4,27.6,1011.9,12,0.0
2025-10-08 05:00:00,95,22.0,27.2,1012.2,77,0.0
2025-10-08 06:00:00,94,22.0,27.2,1012.6,41,0.0
2025-10-08 07:00:00,94,22.4,27.2,1012.8,47,20.0
2025-10-08 08:00:00,92,22.9,28.3,1013.2,52,118.0
2025-10-08 09:00:00,86,22.6,29.1,1013.8,31,239.0
2025-10-08 10:00:00,80,22.3,30.2,1013.6,75,319.0
2025-10-08 11:00:00,76,22.0,31.0,1013.0,23,416.0
2025-10-08 12:00:00,71,21.7,32.2,1012.4,66,639.0
2025-10-08 13:00:00,68,21.4,31.5,1011.7,59,560.0
2025-10-08 14:00:00,68,21.5,31.2,1011.0,45,572.0
2025-10-08 15:00:00,67,21.0,29.3,1010.6,11,490.0
2025-10-08 16:00:00,68,20.4,27.9,1010.8,8,354.0
2025-10-08 17:00:00,71,20.0,26.5,1011.1,7,182.0
2025-10-08 18:00:00,74,19.4,25.0,1011.5,2,31.0
2025-10-08 19:00:00,73,18.5,24.1,1011.8,18,0.0
2025-10-08 20:00:00,71,17.8,23.7,1012.3,20,0.0
2025-10-08 21:00:00,79,19.6,25.4,1012.9,20,0.0
2025-10-08 22:00:00,76,19.0,24.8,1013.0,13,0.0
2025-10-08 23:00:00,75,18.5,24.1,1013.5,14,0.0
2025-10-09 00:00:00,74,18.0,23.3,1013.6,20,0.0
2025-10-09 01:00:00,74,17.6,22.7,1013.6,24,0.0
2025-10-09 02:00:00,73,17.1,22.2,1013.8,16,0.0
2025-10-09 03:00:00,65,15.4,21.6,1014.0,8,0.0
2025-10-09 04:00:00,66,15.5,21.7,1014.2,0,0.0
2025-10-09 05:00:00,69,16.0,22.0,1014.3,1,0.0
2025-10-09 06:00:00,73,16.6,22.0,1014.6,2,0.0
2025-10-09 07:00:00,75,17.0,21.8,1015.1,6,24.0
2025-10-09 08:00:00,70,16.9,23.0,1015.9,15,171.0
2025-10-09 09:00:00,65,17.0,24.9,1015.9,16,346.0
2025-10-09 10:00:00,59,16.6,25.9,1016.0,20,491.0
2025-10-09 11:00:00,55,16.5,27.6,1015.5,8,635.0
2025-10-09 12:00:00,51,16.5,29.2,1015.0,48,723.0
2025-10-09 13:00:00,49,15.8,28.6,1014.5,56,704.0
2025-10-09 14:00:00,50,15.6,27.3,1014.4,26,648.0
2025-10-09 15:00:00,48,14.9,26.5,1013.9,10,540.0
2025-10-09 16:00:00,51,15.2,25.6,1014.2,16,379.0
2025-10-09 17:00:00,58,15.7,23.9,1014.8,0,187.0
2025-10-09 18:00:00,60,14.9,21.8,1015.6,0,31.0
2025-10-09 19:00:00,61,14.3,21.2,1016.1,0,0.0
2025-10-09 20:00:00,61,13.9,20.3,1016.7,7,0.0
2025-10-09 21:00:00,63,14.0,20.3,1017.0,2,0.0
2025-10-09 22:00:00,64,13.8,19.8,1017.4,0,0.0
2025-10-09 23:00:00,66,13.7,19.4,1017.5,0,0.0
2025-10-10 00:00:00,69,13.9,19.1,1017.5,0,0.0
2025-10-10 01:00:00,72,14.1,18.9,1017.5,10,0.0
2025-10-10 02:00:00,73,14.1,18.8,1017.4,3,0.0
2025-10-10 03:00:00,77,14.5,18.9,1017.3,0,0.0
2025-10-10 04:00:00,78,14.3,18.5,1017.2,0,0.0
2025-10-10 05:00:00,79,14.1,18.3,1017.4,0,0.0
2025-10-10 06:00:00,83,14.1,17.8,1017.7,0,0.0
2025-10-10 07:00:00,79,14.5,19.1,1017.8,0,24.0
2025-10-10 08:00:00,67,14.3,21.1,1017.8,0,175.0
2025-10-10 09:00:00,62,14.4,22.1,1017.4,0,368.0
2025-10-10 10:00:00,61,15.3,24.1,1017.2,0,536.0
2025-10-10 11:00:00,59,16.0,26.1,1016.9,0,664.0
2025-10-10 12:00:00,58,16.2,26.9,1016.4,0,729.0
2025-10-10 13:00:00,56,16.1,27.3,1016.0,0,731.0
2025-10-10 14:00:00,57,16.4,27.2,1015.5,0,667.0
2025-10-10 15:00:00,60,17.0,26.1,1015.2,0,546.0
2025-10-10 16:00:00,63,17.3,25.8,1015.2,0,378.0
2025-10-10 17:00:00,68,18.0,26.0,1015.1,0,186.0
2025-10-10 18:00:00,72,18.2,25.6,1015.0,0,30.0
2025-10-10 19:00:00,71,17.8,25.0,1015.3,0,0.0
2025-10-10 20:00:00,75,17.5,24.0,1015.8,0,0.0
2025-10-10 21:00:00,79,18.2,24.1,1015.6,0,0.0
2025-10-10 22:00:00,82,18.1,23.4,1016.0,0,0.0
2025-10-10 23:00:00,81,17.9,22.9,1016.1,0,0.0
2025-10-11 00:00:00,80,17.4,22.4,1015.6,0,0.0
2025-10-11 01:00:00,78,16.9,22.2,1015.1,0,0.0
2025-10-11 02:00:00,76,16.3,22.0,1014.7,0,0.0
2025-10-11 03:00:00,83,16.4,21.0,1013.8,0,0.0
2025-10-11 04:00:00,76,15.9,21.4,1013.6,0,0.0
2025-10-11 05:00:00,73,15.6,21.4,1013.7,0,0.0
2025-10-11 06:00:00,73,16.1,21.8,1013.8,0,0.0
2025-10-11 07:00:00,76,16.8,22.2,1013.9,0,22.0
2025-10-11 08:00:00,75,17.6,23.9,1014.0,0,166.0
2025-10-11 09:00:00,71,18.4,25.7,1014.0,2,341.0
2025-10-11 10:00:00,70,19.2,26.9,1013.6,0,514.0
2025-10-11 11:00:00,67,19.5,28.0,1013.2,4,638.0
2025-10-11 12:00:00,65,19.6,29.4,1011.9,5,689.0
2025-10-11 13:00:00,64,20.1,30.8,1010.9,7,695.0
2025-10-11 14:00:00,65,20.4,30.4,1010.6,16,651.0
2025-10-11 15:00:00,67,20.5,29.6,1010.1,17,529.0
2025-10-11 16:00:00,70,20.9,29.7,1010.1,15,357.0
2025-10-11 17:00:00,75,21.2,29.1,1010.3,3,170.0
2025-10-11 18:00:00,83,21.5,28.0,1010.4,2,26.0
2025-10-11 19:00:00,84,21.5,27.7,1011.3,9,0.0
2025-10-11 20:00:00,84,21.5,28.0,1011.2,0,0.0
2025-10-11 21:00:00,87,21.9,28.0,1010.8,0,0.0
2025-10-11 22:00:00,89,22.0,28.0,1010.7,2,0.0
2025-10-11 23:00:00,91,22.4,28.3,1010.7,4,0.0
2025-10-12 00:00:00,93,22.2,27.9,1010.4,1,0.0
2025-10-12 01:00:00,93,22.3,28.0,1010.0,0,0.0
2025-10-12 02:00:00,94,21.6,27.0,1009.9,0,0.0
2025-10-12 03:00:00,93,21.6,26.8,1009.8,2,0.0
2025-10-12 04:00:00,92,21.6,26.8,1009.7,1,0.0
2025-10-12 05:00:00,92,21.4,26.5,1009.8,2,0.0
2025-10-12 06:00:00,93,20.8,25.1,1010.0,2,0.0
2025-10-12 07:00:00,92,20.7,25.2,1010.5,5,21.0
2025-10-12 08:00:00,87,21.8,28.1,1011.0,1,163.0
2025-10-12 09:00:00,81,22.4,30.6,1011.2,11,348.0
2025-10-12 10:00:00,75,22.6,32.2,1011.2,59,485.0
2025-10-12 11:00:00,75,22.9,32.2,1011.2,33,511.0
2025-10-12 12:00:00,74,23.2,33.6,1010.7,22,647.0
2025-10-12 13:00:00,68,22.7,34.0,1010.0,8,657.0
2025-10-12 14:00:00,59,20.1,31.1,1009.6,12,613.0
2025-10-12 15:00:00,60,20.0,30.0,1009.8,3,528.0
2025-10-12 16:00:00,65,20.1,29.0,1010.0,0,362.0
2025-10-12 17:00:00,71,20.5,28.3,1010.6,11,172.0
2025-10-12 18:00:00,79,20.9,27.3,1011.0,7,23.0
2025-10-12 19:00:00,85,21.1,26.4,1011.5,13,0.0
2025-10-12 20:00:00,86,20.9,26.2,1012.0,4,0.0
2025-10-12 21:00:00,85,21.0,26.2,1012.4,8,0.0
2025-10-12 22:00:00,85,20.8,26.0,1012.6,14,0.0
2025-10-12 23:00:00,85,20.5,25.4,1012.8,34,0.0
2025-10-13 00:00:00,85,20.1,25.4,1012.7,5,0.0
2025-10-13 01:00:00,86,20.0,25.4,1012.6,4,0.0
2025-10-13 02:00:00,87,20.0,25.0,1012.7,6,0.0
2025-10-13 03:00:00,87,20.2,25.4,1012.6,26,0.0
2025-10-13 04:00:00,86,20.1,25.4,1012.6,2,0.0
2025-10-13 05:00:00,87,19.9,24.8,1013.1,5,0.0
2025-10-13 06:00:00,88,19.9,24.5,1013.7,27,0.0
2025-10-13 07:00:00,88,20.0,25.0,1014.1,1,18.0
2025-10-13 08:00:00,82,20.1,26.5,1014.8,2,159.0
2025-10-13 09:00:00,77,20.8,28.3,1014.8,16,345.0
2025-10-13 10:00:00,69,20.4,29.2,1014.7,62,464.0
2025-10-13 11:00:00,65,20.2,30.0,1014.5,75,567.0
2025-10-13 12:00:00,62,20.0,30.5,1013.9,59,587.0
2025-10-13 13:00:00,60,20.0,30.5,1013.4,75,560.0
2025-10-13 14:00:00,60,20.0,30.5,1013.1,10,454.0
2025-10-13 15:00:00,60,20.2,30.8,1012.8,7,480.0
2025-10-13 16:00:00,59,19.6,30.2,1012.9,0,353.0
2025-10-13 17:00:00,63,19.6,29.2,1013.2,0,169.0
2025-10-13 18:00:00,73,20.3,27.5,1013.7,0,23.0
2025-10-13 19:00:00,80,20.6,26.8,1014.1,0,0.0
2025-10-13 20:00:00,86,20.6,25.8,1014.4,0,0.0
2025-10-13 21:00:00,86,20.4,25.8,1014.7,5,0.0
2025-10-13 22:00:00,86,20.0,25.8,1014.7,1,0.0
2025-10-13 23:00:00,90,20.0,25.3,1014.8,8,0.0
2025-10-14 00:00:00,91,19.9,25.0,1014.5,1,0.0
2025-10-14 01:00:00,93,19.8,24.5,1014.6,17,0.0
2025-10-14 02:00:00,92,19.6,24.5,1014.4,0,0.0
2025-10-14 03:00:00,91,20.1,25.4,1014.1,3,0.0
2025-10-14 04:00:00,90,19.6,24.8,1013.8,2,0.0
2025-10-14 05:00:00,89,19.5,24.5,1014.1,9,0.0
2025-10-14 06:00:00,89,19.4,24.6,1014.3,7,0.0
2025-10-14 07:00:00,87,20.0,25.5,1014.8,45,17.0
2025-10-14 08:00:00,90,21.8,27.6,1015.1,52,135.0
2025-10-14 09:00:00,82,21.9,28.8,1014.6,49,316.0
2025-10-14 10:00:00,75,21.8,29.9,1014.8,34,486.0
2025-10-14 11:00:00,68,21.0,30.7,1014.7,28,579.0
2025-10-14 12:00:00,65,20.9,31.7,1014.0,28,637.0
2025-10-14 13:00:00,64,21.2,32.6,1012.9,99,667.0
2025-10-14 14:00:00,90,22.3,27.2,1014.2,50,257.0
2025-10-14 15:00:00,83,21.6,27.8,1014.0,99,369.0
2025-10-14 16:00:00,82,21.7,27.5,1014.4,86,132.0
2025-10-14 17:00:00,84,21.8,27.4,1014.6,51,97.0
2025-10-14 18:00:00,86,21.4,26.8,1015.1,76,19.0
2025-10-14 19:00:00,87,21.1,26.5,1015.4,100,0.0
2025-10-14 20:00:00,87,20.9,26.5,1015.9,100,0.0
2025-10-14 21:00:00,87,21.7,27.0,1016.1,92,0.0
2025-10-14 22:00:00,87,20.9,25.6,1016.2,100,0.0
2025-10-14 23:00:00,91,21.1,25.6,1016.4,67,0.0
2025-10-15 00:00:00,94,21.5,25.7,1016.4,63,0.0
2025-10-15 01:00:00,94,21.4,25.7,1016.5,47,0.0
2025-10-15 02:00:00,95,21.0,25.0,1016.4,24,0.0
2025-10-15 03:00:00,93,20.8,23.9,1016.2,24,0.0
2025-10-15 04:00:00,90,19.8,23.1,1016.1,9,0.0
2025-10-15 05:00:00,86,18.8,22.7,1016.4,6,0.0
2025-10-15 06:00:00,83,18.0,22.1,1016.8,10,0.0
2025-10-15 07:00:00,82,18.0,22.5,1017.6,32,17.0
2025-10-15 08:00:00,78,18.5,24.3,1018.2,12,140.0
2025-10-15 09:00:00,78,20.2,27.0,1018.4,30,319.0
2025-10-15 10:00:00,70,20.0,29.1,1018.3,43,480.0
2025-10-15 11:00:00,65,19.6,29.9,1017.9,56,598.0
2025-10-15 12:00:00,66,19.8,29.0,1017.3,97,515.0
2025-10-15 13:00:00,71,20.4,28.4,1016.8,52,414.0
2025-10-15 14:00:00,68,20.1,29.1,1016.5,66,514.0
2025-10-15 15:00:00,68,20.2,29.7,1016.3,9,406.0
2025-10-15 16:00:00,68,20.1,29.7,1016.3,9,324.0
2025-10-15 17:00:00,70,20.0,29.1,1016.3,5,141.0
2025-10-15 18:00:00,77,20.5,28.4,1016.3,7,18.0
2025-10-15 19:00:00,83,20.9,27.8,1016.8,1,0.0
2025-10-15 20:00:00,85,20.9,27.1,1016.9,8,0.0
2025-10-15 21:00:00,85,20.9,26.8,1016.9,1,0.0
2025-10-15 22:00:00,85,21.0,26.8,1016.4,1,0.0
2025-10-15 23:00:00,86,21.1,26.8,1016.2,9,0.0
2025-10-16 00:00:00,86,21.1,26.3,1015.9,16,0.0
2025-10-16 01:00:00,86,21.0,26.1,1015.7,19,0.0
2025-10-16 02:00:00,88,21.4,26.3,1015.7,61,0.0
2025-10-16 03:00:00,91,21.6,26.5,1015.2,58,0.0
2025-10-16 04:00:00,93,21.8,26.6,1015.0,100,0.0
2025-10-16 05:00:00,92,21.8,26.9,1014.9,98,0.0
2025-10-16 06:00:00,93,22.1,27.1,1015.1,100,0.0
2025-10-16 07:00:00,93,22.5,28.0,1015.7,100,15.0
2025-10-16 08:00:00,89,22.7,29.1,1015.8,100,89.0
2025-10-16 09:00:00,79,22.1,29.8,1016.0,100,209.0
2025-10-16 10:00:00,88,22.2,27.3,1016.3,100,229.0
2025-10-16 11:00:00,85,22.9,29.6,1016.1,100,182.0
2025-10-16 12:00:00,81,22.4,29.0,1015.5,100,293.0
2025-10-16 13:00:00,80,22.3,29.7,1014.8,100,276.0
2025-10-16 14:00:00,86,22.7,28.5,1014.5,100,238.0
2025-10-16 15:00:00,85,22.4,27.6,1014.6,100,153.0
2025-10-16 16:00:00,91,22.2,26.0,1015.0,100,117.0
2025-10-16 17:00:00,90,22.0,26.8,1015.3,100,36.0
2025-10-16 18:00:00,90,22.0,26.9,1016.1,100,5.0
2025-10-16 19:00:00,90,21.5,25.8,1016.6,99,0.0
2025-10-16 20:00:00,88,20.6,24.6,1017.5,98,0.0
2025-10-16 21:00:00,87,19.9,23.5,1018.3,88,0.0
2025-10-16 22:00:00,86,19.8,23.9,1019.0,100,0.0
2025-10-16 23:00:00,84,19.0,23.3,1019.5,100,0.0
2025-10-17 00:00:00,83,18.5,22.9,1019.6,37,0.0
2025-10-17 01:00:00,83,18.0,22.5,1020.0,2,0.0
2025-10-17 02:00:00,84,17.6,21.9,1020.0,1,0.0
2025-10-17 03:00:00,82,17.6,21.6,1019.8,2,0.0
2025-10-17 04:00:00,82,17.2,21.0,1020.0,1,0.0
2025-10-17 05:00:00,81,16.6,20.5,1020.5,1,0.0
2025-10-17 06:00:00,79,15.9,19.9,1020.9,37,0.0
2025-10-17 07:00:00,77,15.3,19.8,1021.4,38,17.0
2025-10-17 08:00:00,72,15.8,21.9,1021.6,2,152.0
2025-10-17 09:00:00,69,17.0,24.9,1022.0,17,339.0
2025-10-17 10:00:00,57,15.4,24.9,1021.5,0,515.0
2025-10-17 11:00:00,54,15.3,26.3,1020.9,85,638.0
2025-10-17 12:00:00,54,15.9,27.4,1020.1,44,694.0
2025-10-17 13:00:00,54,16.0,27.3,1019.0,2,705.0
2025-10-17 14:00:00,55,16.0,26.6,1018.1,16,648.0
2025-10-17 15:00:00,56,16.1,26.0,1018.0,14,516.0
2025-10-17 16:00:00,57,16.1,25.5,1017.9,2,350.0
2025-10-17 17:00:00,62,16.6,24.8,1018.2,0,161.0
2025-10-17 18:00:00,66,16.9,23.9,1018.2,0,18.0
2025-10-17 19:00:00,68,17.2,24.0,1018.7,0,0.0
2025-10-17 20:00:00,73,17.8,23.6,1018.9,1,0.0
2025-10-17 21:00:00,79,19.2,24.4,1019.0,17,0.0
2025-10-17 22:00:00,77,19.6,24.6,1018.7,27,0.0
2025-10-17 23:00:00,78,20.0,24.9,1018.2,67,0.0
2025-10-18 00:00:00,77,20.0,25.1,1017.8,35,0.0
2025-10-18 01:00:00,75,19.7,24.9,1017.4,39,0.0
2025-10-18 02:00:00,74,19.5,24.9,1016.8,34,0.0
2025-10-18 03:00:00,77,19.8,25.5,1016.4,19,0.0
2025-10-18 04:00:00,78,20.0,25.8,1015.9,23,0.0
2025-10-18 05:00:00,79,20.0,25.8,1015.9,62,0.0
2025-10-18 06:00:00,82,20.2,25.9,1016.1,31,0.0
2025-10-18 07:00:00,84,20.6,26.3,1016.3,41,15.0
2025-10-18 08:00:00,78,20.5,27.2,1016.3,24,112.0
2025-10-18 09:00:00,78,20.8,28.0,1017.0,98,299.0
2025-10-18 10:00:00,77,20.6,28.3,1016.7,95,167.0
2025-10-18 11:00:00,73,20.1,28.4,1016.5,98,237.0
2025-10-18 12:00:00,79,20.2,26.4,1016.1,66,175.0
2025-10-18 13:00:00,75,20.6,28.4,1015.3,64,482.0
2025-10-18 14:00:00,77,21.4,29.3,1014.8,80,466.0
2025-10-18 15:00:00,76,20.8,27.5,1015.6,75,265.0
2025-10-18 16:00:00,89,22.1,27.2,1016.0,42,231.0
2025-10-18 17:00:00,86,21.5,27.0,1016.4,36,114.0
2025-10-18 18:00:00,88,20.5,24.7,1016.7,23,14.0
2025-10-18 19:00:00,87,19.8,23.8,1017.1,100,0.0
2025-10-18 20:00:00,85,19.5,23.7,1017.4,100,0.0
2025-10-18 21:00:00,84,19.8,24.5,1017.9,99,0.0
2025-10-18 22:00:00,83,19.6,24.2,1017.9,100,0.0
2025-10-18 23:00:00,83,19.0,23.0,1018.2,100,0.0
2025-10-19 00:00:00,83,18.5,22.2,1018.5,100,0.0
2025-10-19 01:00:00,84,18.4,21.3,1018.5,100,0.0
2025-10-19 02:00:00,88,18.3,20.6,1018.4,70,0.0
2025-10-19 03:00:00,89,18.2,20.6,1018.6,100,0.0
2025-10-19 04:00:00,82,17.2,20.3,1018.6,100,0.0
2025-10-19 05:00:00,86,17.1,19.9,1018.7,100,0.0
2025-10-19 06:00:00,85,16.8,19.8,1019.0,99,0.0
2025-10-19 07:00:00,82,16.4,19.9,1019.3,100,8.0
2025-10-19 08:00:00,77,16.1,20.6,1019.7,72,70.0
2025-10-19 09:00:00,80,17.5,22.9,1020.0,100,248.0
2025-10-19 10:00:00,76,17.5,23.9,1019.7,92,195.0
2025-10-19 11:00:00,68,17.0,25.1,1019.9,100,422.0
2025-10-19 12:00:00,70,17.3,25.4,1018.7,93,222.0
2025-10-19 13:00:00,65,17.7,27.1,1017.7,98,526.0
2025-10-19 14:00:00,64,17.6,27.4,1017.2,100,393.0
2025-10-19 15:00:00,74,18.4,25.8,1017.4,100,336.0
2025-10-19 16:00:00,74,18.2,25.6,1017.6,100,97.0
2025-10-19 17:00:00,73,17.9,24.9,1017.6,100,54.0
2025-10-19 18:00:00,75,17.4,23.0,1018.4,100,8.0
2025-10-19 19:00:00,80,17.5,21.5,1018.9,100,0.0
2025-10-19 20:00:00,85,17.9,21.3,1019.5,100,0.0
2025-10-19 21:00:00,84,17.9,21.6,1019.9,100,0.0
2025-10-19 22:00:00,86,17.9,21.3,1019.8,100,0.0
2025-10-19 23:00:00,92,18.2,21.1,1019.5,100,0.0
2025-10-20 00:00:00,90,18.0,21.1,1019.0,100,0.0
2025-10-20 01:00:00,90,17.8,21.0,1019.1,99,0.0
2025-10-20 02:00:00,88,17.5,20.7,1018.8,100,0.0
2025-10-20 03:00:00,89,17.8,20.8,1019.1,99,0.0
2025-10-20 04:00:00,88,17.6,21.2,1019.0,100,0.0
2025-10-20 05:00:00,85,17.5,21.5,1019.3,99,0.0
2025-10-20 06:00:00,77,16.0,20.2,1019.7,84,0.0
2025-10-20 07:00:00,68,14.0,19.4,1020.4,100,10.0
2025-10-20 08:00:00,65,13.9,19.9,1020.5,100,52.0
2025-10-20 09:00:00,69,15.0,21.1,1021.3,100,225.0
2025-10-20 10:00:00,60,14.1,21.6,1020.8,8,289.0
2025-10-20 11:00:00,56,13.9,22.6,1020.4,5,558.0
2025-10-20 12:00:00,51,13.6,24.1,1020.2,9,679.0
2025-10-20 13:00:00,49,13.1,24.3,1019.5,97,657.0
2025-10-20 14:00:00,50,12.9,22.9,1019.2,68,412.0
2025-10-20 15:00:00,55,13.9,22.3,1019.6,15,371.0
2025-10-20 16:00:00,64,14.6,20.4,1019.9,9,310.0
2025-10-20 17:00:00,69,14.6,19.3,1020.1,32,142.0
2025-10-20 18:00:00,74,14.5,18.1,1020.3,65,13.0
2025-10-20 19:00:00,75,14.1,17.3,1020.7,12,0.0
2025-10-20 20:00:00,75,13.5,16.4,1020.9,63,0.0
2025-10-20 21:00:00,75,13.8,16.3,1021.6,84,0.0
2025-10-20 22:00:00,73,13.1,15.9,1021.6,98,0.0
2025-10-20 23:00:00,73,12.6,15.5,1021.8,98,0.0
2025-10-21 00:00:00,73,12.1,14.9,1021.9,98,0.0
2025-10-21 01:00:00,74,11.8,15.0,1022.1,100,0.0
2025-10-21 02:00:00,73,11.6,15.2,1022.4,96,0.0
2025-10-21 03:00:00,71,11.6,15.1,1022.6,100,0.0
2025-10-21 04:00:00,68,11.3,15.6,1022.5,100,0.0
2025-10-21 05:00:00,67,11.1,15.5,1022.4,100,0.0
2025-10-21 06:00:00,68,11.1,15.8,1022.8,100,0.0
2025-10-21 07:00:00,67,11.1,16.0,1023.0,100,3.0
2025-10-21 08:00:00,64,10.9,16.9,1023.5,100,59.0
2025-10-21 09:00:00,58,10.4,17.5,1024.1,99,107.0
2025-10-21 10:00:00,54,10.1,18.3,1024.3,100,360.0
2025-10-21 11:00:00,56,10.3,18.0,1024.2,96,145.0
2025-10-21 12:00:00,50,10.1,19.1,1023.1,55,480.0
2025-10-21 13:00:00,49,10.1,19.9,1022.1,96,521.0
2025-10-21 14:00:00,47,9.9,20.1,1021.7,98,419.0
2025-10-21 15:00:00,52,10.9,20.4,1021.8,100,240.0
2025-10-21 16:00:00,55,11.6,20.4,1022.5,100,88.0
2025-10-21 17:00:00,59,12.0,19.8,1022.8,85,91.0
2025-10-21 18:00:00,64,12.2,18.5,1022.9,100,9.0
2025-10-21 19:00:00,59,10.9,17.2,1023.5,68,0.0
2025-10-21 20:00:00,60,10.4,16.1,1023.6,97,0.0
2025-10-21 21:00:00,56,9.6,16.0,1023.6,99,0.0
2025-10-21 22:00:00,55,8.9,15.6,1023.8,70,0.0
2025-10-21 23:00:00,56,8.5,15.5,1023.9,92,0.0
2025-10-22 00:00:00,60,9.0,15.5,1023.8,100,0.0
2025-10-22 01:00:00,61,9.3,15.1,1023.2,100,0.0
2025-10-22 02:00:00,57,8.7,15.3,1023.1,100,0.0
2025-10-22 03:00:00,55,7.9,14.8,1022.9,100,0.0
2025-10-22 04:00:00,57,8.1,14.7,1022.8,100,0.0
2025-10-22 05:00:00,56,7.9,14.5,1023.1,100,0.0
2025-10-22 06:00:00,54,7.5,14.3,1023.5,100,0.0
2025-10-22 07:00:00,55,7.7,14.2,1023.7,100,2.0
2025-10-22 08:00:00,65,9.4,13.9,1024.2,100,24.0
2025-10-22 09:00:00,56,8.4,14.4,1024.7,100,48.0
2025-10-22 10:00:00,56,8.6,14.8,1024.6,100,124.0
2025-10-22 11:00:00,55,8.4,14.7,1024.2,100,156.0
2025-10-22 12:00:00,53,7.9,14.9,1024.0,100,179.0
2025-10-22 13:00:00,51,7.4,14.8,1023.6,100,170.0
2025-10-22 14:00:00,50,7.4,15.6,1023.2,100,202.0
2025-10-22 15:00:00,50,7.5,15.5,1023.4,100,186.0
2025-10-22 16:00:00,51,7.7,15.2,1023.5,99,141.0
2025-10-22 17:00:00,53,7.8,14.8,1023.7,100,69.0
2025-10-22 18:00:00,54,7.9,14.8,1023.9,100,9.0
2025-10-22 19:00:00,58,8.8,15.2,1024.2,97,0.0
2025-10-22 20:00:00,63,9.4,14.9,1024.2,100,0.0
2025-10-22 21:00:00,63,8.9,13.9,1024.4,69,0.0
2025-10-22 22:00:00,70,9.0,13.4,1024.6,59,0.0
2025-10-22 23:00:00,70,8.9,12.8,1024.6,0,0.0
2025-10-23 00:00:00,71,8.8,12.1,1024.3,0,0.0
2025-10-23 01:00:00,70,8.4,12.0,1024.2,3,0.0
2025-10-23 02:00:00,68,8.1,11.6,1024.1,4,0.0
2025-10-23 03:00:00,67,8.0,11.7,1023.9,0,0.0
2025-10-23 04:00:00,66,7.7,11.5,1023.9,0,0.0
2025-10-23 05:00:00,67,7.5,11.3,1024.3,1,0.0
2025-10-23 06:00:00,67,7.4,11.2,1024.4,1,0.0
2025-10-23 07:00:00,68,7.7,11.5,1024.3,1,12.0
2025-10-23 08:00:00,63,8.6,13.9,1024.6,0,143.0
2025-10-23 09:00:00,55,8.8,15.6,1024.6,1,336.0
2025-10-23 10:00:00,51,9.0,17.4,1024.1,0,502.0
2025-10-23 11:00:00,47,9.1,19.2,1023.5,0,631.0
2025-10-23 12:00:00,44,9.0,20.1,1022.7,0,693.0
2025-10-23 13:00:00,43,9.0,20.6,1021.9,0,692.0
2025-10-23 14:00:00,42,8.9,20.6,1021.4,0,624.0
2025-10-23 15:00:00,45,9.4,20.4,1021.3,2,495.0
2025-10-23 16:00:00,46,9.7,20.4,1021.8,20,321.0
2025-10-23 17:00:00,54,11.3,20.7,1022.0,67,127.0
2025-10-23 18:00:00,62,11.9,19.2,1022.2,43,9.0
2025-10-23 19:00:00,64,11.8,18.4,1022.3,66,0.0
2025-10-23 20:00:00,71,12.1,17.3,1022.5,9,0.0
2025-10-23 21:00:00,72,12.4,17.2,1023.1,49,0.0
2025-10-23 22:00:00,73,12.6,16.9,1023.4,94,0.0
2025-10-23 23:00:00,68,12.1,17.6,1023.2,96,0.0
2025-10-24 00:00:00,65,11.6,17.3,1022.7,100,0.0
2025-10-24 01:00:00,63,11.3,17.6,1022.8,100,0.0
2025-10-24 02:00:00,64,11.2,17.2,1022.8,89,0.0
2025-10-24 03:00:00,63,11.1,17.3,1022.5,5,0.0
2025-10-24 04:00:00,60,9.5,15.7,1022.5,16,0.0
2025-10-24 05:00:00,54,7.6,14.6,1022.5,0,0.0
2025-10-24 06:00:00,54,7.0,13.9,1022.5,1,0.0
2025-10-24 07:00:00,55,6.9,13.4,1022.9,0,11.0
2025-10-24 08:00:00,52,7.3,14.7,1023.4,0,138.0
2025-10-24 09:00:00,50,8.1,17.0,1023.7,0,324.0
2025-10-24 10:00:00,48,8.9,18.5,1023.3,0,490.0
2025-10-24 11:00:00,42,8.2,20.0,1022.8,0,612.0
2025-10-24 12:00:00,40,8.1,21.4,1022.2,0,676.0
2025-10-24 13:00:00,38,7.9,21.7,1021.2,0,675.0
2025-10-24 14:00:00,37,7.4,20.9,1020.5,0,609.0
2025-10-24 15:00:00,46,9.6,19.6,1020.3,1,487.0
2025-10-24 16:00:00,45,9.1,19.4,1020.3,0,317.0
2025-10-24 17:00:00,46,8.9,19.4,1020.2,0,132.0
2025-10-24 18:00:00,49,9.5,19.0,1020.6,0,9.0
2025-10-24 19:00:00,57,10.8,18.3,1020.7,0,0.0
2025-10-24 20:00:00,60,10.9,17.8,1021.2,0,0.0
2025-10-24 21:00:00,78,13.6,17.5,1021.3,0,0.0
2025-10-24 22:00:00,70,12.2,16.9,1021.4,0,0.0
2025-10-24 23:00:00,63,10.8,16.4,1020.9,1,0.0
2025-10-25 00:00:00,61,10.2,16.0,1020.5,4,0.0
2025-10-25 01:00:00,60,9.8,15.6,1020.3,11,0.0
2025-10-25 02:00:00,61,9.6,15.1,1020.0,20,0.0
2025-10-25 03:00:00,61,9.6,15.2,1019.7,36,0.0
2025-10-25 04:00:00,62,9.9,15.4,1019.3,99,0.0
2025-10-25 05:00:00,61,10.1,16.0,1019.1,100,0.0
2025-10-25 06:00:00,62,10.6,16.4,1019.0,50,0.0
2025-10-25 07:00:00,67,11.6,16.4,1019.3,100,8.0
2025-10-25 08:00:00,64,11.5,16.6,1019.4,100,50.0
2025-10-25 09:00:00,73,13.2,18.2,1020.1,100,105.0
2025-10-25 10:00:00,73,13.9,19.2,1020.0,100,156.0
2025-10-25 11:00:00,76,14.7,20.0,1019.3,100,168.0
2025-10-25 12:00:00,76,15.0,20.5,1018.4,100,174.0
2025-10-25 13:00:00,70,15.1,22.0,1017.8,100,315.0
2025-10-25 14:00:00,70,15.0,22.0,1017.1,100,183.0
2025-10-25 15:00:00,83,16.0,20.6,1017.1,100,189.0
2025-10-25 16:00:00,82,16.1,20.8,1016.9,100,61.0
2025-10-25 17:00:00,83,16.3,20.8,1016.8,28,54.0
2025-10-25 18:00:00,92,16.4,19.4,1016.6,28,8.0
2025-10-25 19:00:00,93,16.1,18.9,1016.8,100,0.0
2025-10-25 20:00:00,89,15.8,19.0,1017.1,96,0.0
2025-10-25 21:00:00,85,16.4,20.3,1016.8,95,0.0
2025-10-25 22:00:00,82,15.7,19.8,1016.3,95,0.0
2025-10-25 23:00:00,82,15.3,19.4,1016.0,73,0.0
2025-10-26 00:00:00,82,14.8,19.0,1015.5,62,0.0
2025-10-26 01:00:00,81,14.4,18.4,1015.0,100,0.0
2025-10-26 02:00:00,79,13.9,18.0,1014.7,100,0.0
2025-10-26 03:00:00,76,13.7,17.8,1014.4,100,0.0
2025-10-26 04:00:00,76,13.8,17.5,1014.1,100,0.0
2025-10-26 05:00:00,76,13.9,17.7,1013.8,100,0.0
2025-10-26 06:00:00,77,14.1,18.0,1013.9,99,0.0
2025-10-26 07:00:00,81,14.4,17.9,1014.2,75,7.0
2025-10-26 08:00:00,77,14.7,19.4,1014.1,96,102.0
2025-10-26 09:00:00,73,14.9,20.7,1013.8,27,223.0
2025-10-26 10:00:00,65,14.6,21.8,1013.9,91,447.0
2025-10-26 11:00:00,57,13.6,22.3,1013.3,77,527.0
2025-10-26 12:00:00,51,12.7,22.5,1012.6,54,602.0
2025-10-26 13:00:00,50,12.2,21.4,1011.9,71,563.0
2025-10-26 14:00:00,58,13.2,20.5,1012.0,93,449.0
2025-10-26 15:00:00,66,13.6,19.3,1012.2,41,235.0
2025-10-26 16:00:00,69,13.9,18.9,1012.5,59,227.0
2025-10-26 17:00:00,73,14.1,18.1,1013.1,100,94.0
2025-10-26 18:00:00,79,14.4,17.5,1013.7,48,4.0
2025-10-26 19:00:00,80,14.1,16.8,1013.9,41,0.0
2025-10-26 20:00:00,80,14.0,16.7,1014.4,58,0.0
2025-10-26 21:00:00,85,14.4,16.6,1014.2,63,0.0
2025-10-26 22:00:00,84,14.1,16.3,1014.7,41,0.0
2025-10-26 23:00:00,86,14.1,16.1,1015.1,31,0.0
2025-10-27 00:00:00,82,13.4,15.9,1015.0,57,0.0
2025-10-27 01:00:00,83,13.3,16.0,1015.0,16,0.0
2025-10-27 02:00:00,85,13.3,15.4,1015.0,20,0.0
2025-10-27 03:00:00,85,13.0,15.3,1015.0,15,0.0
2025-10-27 04:00:00,86,12.9,15.0,1014.9,19,0.0
2025-10-27 05:00:00,77,11.8,14.3,1015.5,44,0.0
2025-10-27 06:00:00,74,11.4,14.5,1015.8,9,0.0
2025-10-27 07:00:00,69,10.3,14.0,1016.0,4,9.0
2025-10-27 08:00:00,62,10.1,15.4,1016.8,20,127.0
2025-10-27 09:00:00,56,9.6,16.0,1017.4,19,284.0
2025-10-27 10:00:00,52,9.2,16.3,1017.5,9,440.0
2025-10-27 11:00:00,49,8.6,16.3,1017.1,18,570.0
2025-10-27 12:00:00,49,8.4,16.1,1017.0,9,627.0
2025-10-27 13:00:00,51,8.4,15.5,1017.1,23,622.0
2025-10-27 14:00:00,46,6.1,13.9,1017.2,5,567.0
2025-10-27 15:00:00,41,6.3,16.0,1016.2,11,483.0
2025-10-27 16:00:00,42,5.8,15.1,1016.8,0,296.0
2025-10-27 17:00:00,48,6.6,14.2,1017.2,19,121.0
2025-10-27 18:00:00,52,6.6,13.2,1018.1,19,7.0
2025-10-27 19:00:00,53,5.8,12.4,1018.8,2,0.0
2025-10-27 20:00:00,52,4.8,11.5,1019.2,0,0.0
2025-10-27 21:00:00,51,4.2,10.8,1019.4,0,0.0
2025-10-27 22:00:00,51,3.7,10.3,1019.8,2,0.0
2025-10-27 23:00:00,49,3.2,9.7,1020.4,8,0.0
2025-10-28 00:00:00,50,3.3,9.6,1020.8,10,0.0
2025-10-28 01:00:00,54,4.0,9.5,1021.0,9,0.0
2025-10-28 02:00:00,56,4.2,9.2,1021.2,2,0.0
2025-10-28 03:00:00,58,4.9,9.5,1021.4,9,0.0
2025-10-28 04:00:00,60,5.0,9.4,1021.7,26,0.0
2025-10-28 05:00:00,62,5.2,9.4,1022.3,34,0.0
2025-10-28 06:00:00,61,5.2,9.2,1023.2,13,0.0
2025-10-28 07:00:00,59,4.8,9.1,1023.7,23,8.0
2025-10-28 08:00:00,51,3.7,10.2,1024.6,27,116.0
2025-10-28 09:00:00,43,2.5,11.3,1024.9,50,293.0
2025-10-28 10:00:00,38,1.9,12.5,1024.7,9,458.0
2025-10-28 11:00:00,36,2.0,14.1,1024.5,4,607.0
2025-10-28 12:00:00,32,1.1,15.0,1023.8,56,665.0
2025-10-28 13:00:00,31,1.0,14.6,1023.0,28,602.0
2025-10-28 14:00:00,32,1.0,14.6,1022.8,30,577.0
2025-10-28 15:00:00,33,1.5,14.5,1023.1,64,436.0
2025-10-28 16:00:00,37,2.0,12.9,1023.7,80,306.0
2025-10-28 17:00:00,41,2.3,11.7,1024.4,45,115.0
2025-10-28 18:00:00,48,3.5,10.8,1025.1,88,7.0
2025-10-28 19:00:00,50,3.7,10.4,1025.4,0,0.0
2025-10-28 20:00:00,54,3.8,9.9,1026.0,0,0.0
2025-10-28 21:00:00,63,5.2,9.4,1026.7,0,0.0
2025-10-28 22:00:00,61,4.3,9.1,1026.9,0,0.0
2025-10-28 23:00:00,59,3.5,8.6,1026.9,0,0.0
2025-10-29 00:00:00,57,3.1,8.4,1026.8,0,0.0
2025-10-29 01:00:00,58,3.5,8.2,1026.6,0,0.0
2025-10-29 02:00:00,59,3.6,8.2,1026.8,0,0.0
2025-10-29 03:00:00,59,3.7,7.8,1027.0,0,0.0
2025-10-29 04:00:00,60,3.5,7.4,1027.1,0,0.0
2025-10-29 05:00:00,60,3.2,7.1,1027.2,0,0.0
2025-10-29 06:00:00,61,3.2,6.9,1027.5,0,0.0
2025-10-29 07:00:00,61,3.3,7.1,1028.0,0,8.0
2025-10-29 08:00:00,56,3.5,9.0,1028.2,0,125.0
2025-10-29 09:00:00,45,2.5,11.5,1028.6,0,315.0
2025-10-29 10:00:00,36,1.1,12.7,1028.5,0,488.0
2025-10-29 11:00:00,35,1.5,14.5,1027.8,0,612.0
2025-10-29 12:00:00,34,2.0,16.1,1026.7,0,676.0
2025-10-29 13:00:00,33,2.2,17.2,1025.6,0,675.0
2025-10-29 14:00:00,32,2.2,17.4,1025.1,0,608.0
2025-10-29 15:00:00,33,2.2,16.3,1025.1,0,481.0
2025-10-29 16:00:00,34,2.4,16.1,1025.2,0,309.0
2025-10-29 17:00:00,51,7.0,16.4,1025.4,0,121.0
2025-10-29 18:00:00,48,4.8,13.3,1025.5,0,6.0
2025-10-29 19:00:00,56,5.8,11.3,1025.5,0,0.0
2025-10-29 20:00:00,58,5.4,10.7,1026.0,0,0.0
2025-10-29 21:00:00,63,6.2,10.3,1026.3,0,0.0
2025-10-29 22:00:00,64,6.1,9.9,1026.5,0,0.0
2025-10-29 23:00:00,61,5.7,10.2,1026.1,2,0.0
2025-10-30 00:00:00,60,5.2,10.1,1025.6,0,0.0
2025-10-30 01:00:00,59,4.7,9.6,1025.4,0,0.0
2025-10-30 02:00:00,59,4.5,9.6,1025.3,13,0.0
2025-10-30 03:00:00,62,4.8,9.1,1025.3,0,0.0
2025-10-30 04:00:00,67,4.7,7.9,1025.2,84,0.0
2025-10-30 05:00:00,65,4.4,8.1,1025.7,100,0.0
2025-10-30 06:00:00,64,4.4,7.7,1025.6,100,0.0
2025-10-30 07:00:00,63,4.4,8.3,1025.9,100,7.0
2025-10-30 08:00:00,59,5.2,10.2,1026.1,96,113.0
2025-10-30 09:00:00,55,7.1,13.7,1026.1,99,280.0
2025-10-30 10:00:00,58,9.1,16.0,1026.1,87,421.0
2025-10-30 11:00:00,60,10.6,17.2,1025.1,100,524.0
2025-10-30 12:00:00,59,10.9,18.3,1024.2,23,600.0
2025-10-30 13:00:00,56,10.8,19.3,1023.1,98,633.0
2025-10-30 14:00:00,55,10.6,19.0,1022.4,100,519.0
2025-10-30 15:00:00,57,11.0,18.9,1021.9,99,340.0
2025-10-30 16:00:00,56,10.6,18.6,1021.8,100,235.0
2025-10-30 17:00:00,60,10.8,18.0,1022.0,100,97.0
2025-10-30 18:00:00,64,11.3,17.7,1022.1,100,4.0
2025-10-30 19:00:00,64,11.5,18.0,1022.2,100,0.0
2025-10-30 20:00:00,69,11.8,17.0,1021.8,100,0.0
2025-10-30 21:00:00,66,11.7,17.3,1021.8,100,0.0
2025-10-30 22:00:00,65,10.9,16.2,1021.7,100,0.0
2025-10-30 23:00:00,59,9.1,15.2,1021.2,100,0.0
2025-10-31 00:00:00,56,8.1,15.1,1020.9,100,0.0
2025-10-31 01:00:00,55,7.8,14.7,1020.1,100,0.0
2025-10-31 02:00:00,54,7.7,15.3,1019.9,100,0.0
2025-10-31 03:00:00,55,8.1,15.2,1018.9,100,0.0
2025-10-31 04:00:00,55,7.8,15.2,1018.1,100,0.0
2025-10-31 05:00:00,57,7.9,14.9,1018.1,100,0.0
2025-10-31 06:00:00,59,8.4,14.7,1018.6,100,0.0
2025-10-31 07:00:00,71,10.3,14.2,1017.7,100,1.0
2025-10-31 08:00:00,88,12.5,14.3,1018.0,100,14.0
2025-10-31 09:00:00,93,14.1,14.3,1018.1,100,33.0
2025-10-31 10:00:00,93,14.1,14.0,1018.0,100,38.0
2025-10-31 11:00:00,93,13.9,13.8,1016.7,100,56.0
2025-10-31 12:00:00,93,14.0,13.6,1015.6,100,97.0
2025-10-31 13:00:00,94,13.9,13.9,1014.1,100,94.0
2025-10-31 14:00:00,94,13.9,14.5,1012.9,100,90.0
2025-10-31 15:00:00,92,14.2,15.3,1012.3,100,86.0
2025-10-31 16:00:00,85,13.2,15.2,1012.2,100,122.0
2025-10-31 17:00:00,85,13.0,15.3,1011.9,100,47.0
2025-10-31 18:00:00,90,13.3,15.0,1012.0,21,3.0
2025-10-31 19:00:00,92,13.4,14.5,1012.1,16,0.0
2025-10-31 20:00:00,93,12.9,14.2,1011.8,20,0.0
2025-10-31 21:00:00,94,13.9,15.3,1011.8,34,0.0
2025-10-31 22:00:00,90,13.9,15.7,1011.6,52,0.0
2025-10-31 23:00:00,91,13.7,15.1,1011.1,30,0.0
2025-11-01 00:00:00,91,13.6,14.5,1010.9,76,0.0
2025-11-01 01:00:00,92,13.8,14.7,1010.0,14,0.0
2025-11-01 02:00:00,93,13.4,14.2,1009.7,42,0.0
2025-11-01 03:00:00,95,14.1,14.4,1009.5,45,0.0
2025-11-01 04:00:00,95,14.3,14.0,1009.5,52,0.0
2025-11-01 05:00:00,92,13.9,14.5,1009.6,74,0.0
2025-11-01 06:00:00,92,14.2,14.3,1010.1,67,0.0
2025-11-01 07:00:00,93,14.4,14.8,1010.2,83,5.0
2025-11-01 08:00:00,80,12.2,13.4,1010.6,29,73.0
2025-11-01 09:00:00,75,13.2,16.3,1011.1,11,271.0
2025-11-01 10:00:00,52,9.6,16.7,1010.7,9,436.0
2025-11-01 11:00:00,47,8.8,16.3,1010.8,15,536.0
2025-11-01 12:00:00,47,8.4,16.3,1010.7,18,596.0
2025-11-01 13:00:00,49,9.0,16.0,1010.3,26,574.0
2025-11-01 14:00:00,51,9.2,15.9,1010.4,19,531.0
2025-11-01 15:00:00,50,9.0,15.9,1010.6,19,422.0
2025-11-01 16:00:00,51,8.6,15.6,1011.3,9,273.0
2025-11-01 17:00:00,52,7.8,14.6,1012.0,7,107.0
2025-11-01 18:00:00,59,8.6,14.3,1012.8,17,4.0
2025-11-01 19:00:00,65,9.4,14.2,1013.3,33,0.0
2025-11-01 20:00:00,75,9.9,13.9,1013.3,54,0.0
2025-11-01 21:00:00,68,10.8,15.2,1014.1,100,0.0
2025-11-01 22:00:00,65,10.4,14.7,1014.4,50,0.0
2025-11-01 23:00:00,67,10.8,14.6,1014.6,40,0.0
2025-11-02 00:00:00,67,10.8,14.7,1014.7,100,0.0
2025-11-02 01:00:00,71,11.1,14.7,1014.5,100,0.0
2025-11-02 02:00:00,75,11.8,14.9,1014.7,100,0.0
2025-11-02 03:00:00,70,11.1,14.5,1014.7,100,0.0
2025-11-02 04:00:00,65,9.9,14.5,1014.7,100,0.0
2025-11-02 05:00:00,63,9.4,14.3,1014.9,100,0.0
2025-11-02 06:00:00,61,9.0,13.8,1015.2,100,0.0
2025-11-02 07:00:00,61,8.8,13.5,1015.6,99,5.0
2025-11-02 08:00:00,56,8.2,14.3,1016.2,99,92.0
2025-11-02 09:00:00,52,8.4,15.6,1016.9,43,240.0
2025-11-02 10:00:00,46,7.3,14.9,1016.7,29,318.0
2025-11-02 11:00:00,45,7.4,15.4,1016.4,30,528.0
2025-11-02 12:00:00,42,6.8,15.9,1015.7,50,510.0
2025-11-02 13:00:00,46,7.6,15.4,1015.1,43,496.0
2025-11-02 14:00:00,49,8.0,14.5,1014.9,41,421.0
2025-11-02 15:00:00,48,7.8,15.0,1014.6,9,313.0
2025-11-02 16:00:00,45,6.8,14.8,1014.7,1,265.0
2025-11-02 17:00:00,49,6.9,13.7,1015.2,4,106.0
2025-11-02 18:00:00,55,8.1,13.5,1015.7,23,4.0
2025-11-02 19:00:00,56,8.1,13.5,1016.3,46,0.0
2025-11-02 20:00:00,58,8.3,13.3,1016.7,31,0.0
2025-11-02 21:00:00,52,7.2,13.4,1017.1,41,0.0
2025-11-02 22:00:00,53,7.3,13.0,1017.6,40,0.0
2025-11-02 23:00:00,53,7.2,12.7,1017.8,28,0.0
2025-11-03 00:00:00,51,5.5,11.4,1018.3,13,0.0
2025-11-03 01:00:00,55,5.9,11.2,1018.7,27,0.0
2025-11-03 02:00:00,59,5.6,9.1,1019.7,35,0.0
2025-11-03 03:00:00,60,5.8,9.0,1020.4,46,0.0
2025-11-03 04:00:00,58,4.8,8.3,1020.9,35,0.0
2025-11-03 05:00:00,56,3.3,7.2,1021.9,1,0.0
2025-11-03 06:00:00,60,3.5,7.8,1022.4,28,0.0
2025-11-03 07:00:00,61,4.2,7.9,1023.1,16,5.0
2025-11-03 08:00:00,60,5.6,10.2,1023.7,6,95.0
2025-11-03 09:00:00,62,6.9,12.0,1024.8,33,273.0
2025-11-03 10:00:00,54,6.2,12.3,1025.0,7,411.0
2025-11-03 11:00:00,46,4.9,13.3,1025.1,10,545.0
2025-11-03 12:00:00,43,4.5,13.6,1024.8,36,602.0
2025-11-03 13:00:00,42,4.3,13.2,1024.2,23,515.0
2025-11-03 14:00:00,39,3.5,13.4,1023.8,57,545.0
2025-11-03 15:00:00,42,3.8,12.6,1024.2,25,427.0
2025-11-03 16:00:00,43,3.7,12.4,1024.5,1,261.0
2025-11-03 17:00:00,49,4.4,11.2,1024.7,16,103.0
2025-11-03 18:00:00,50,4.0,10.2,1025.0,45,3.0
2025-11-03 19:00:00,52,3.7,9.1,1025.3,14,0.0
2025-11-03 20:00:00,53,3.5,8.5,1025.8,49,0.0
2025-11-03 21:00:00,59,4.3,8.4,1026.4,0,0.0
2025-11-03 22:00:00,60,4.1,8.0,1026.5,48,0.0
2025-11-03 23:00:00,60,3.7,7.8,1026.5,6,0.0
2025-11-04 00:00:00,58,3.1,7.6,1026.5,0,0.0
2025-11-04 01:00:00,53,2.0,7.4,1026.1,1,0.0
2025-11-04 02:00:00,51,1.5,7.6,1026.2,23,0.0
2025-11-04 03:00:00,53,1.6,7.2,1026.4,16,0.0
2025-11-04 04:00:00,54,1.5,6.9,1026.3,63,0.0
2025-11-04 05:00:00,54,1.5,6.9,1026.2,0,0.0
2025-11-04 06:00:00,56,1.8,6.9,1026.3,5,0.0
2025-11-04 07:00:00,58,2.2,6.9,1026.3,100,4.0
2025-11-04 08:00:00,58,3.5,8.8,1026.6,95,96.0
2025-11-04 09:00:00,57,5.2,11.0,1027.0,99,215.0
2025-11-04 10:00:00,58,6.8,12.5,1026.7,100,262.0
2025-11-04 11:00:00,57,7.3,13.7,1026.2,100,235.0
2025-11-04 12:00:00,57,7.9,14.7,1025.3,100,309.0
2025-11-04 13:00:00,55,8.4,15.7,1024.5,100,430.0
2025-11-04 14:00:00,57,8.8,16.0,1024.1,100,291.0
2025-11-04 15:00:00,63,10.0,16.2,1024.0,100,228.0
2025-11-04 16:00:00,64,10.1,16.1,1023.8,100,151.0
2025-11-04 17:00:00,68,10.8,16.1,1023.9,100,32.0
2025-11-04 18:00:00,71,11.1,15.7,1023.9,100,1.0
2025-11-04 19:00:00,69,10.4,14.7,1024.1,100,0.0
2025-11-04 20:00:00,63,8.5,13.3,1024.2,100,0.0
2025-11-04 21:00:00,69,10.1,14.1,1024.3,100,0.0
2025-11-04 22:00:00,66,9.2,13.3,1024.1,100,0.0
2025-11-04 23:00:00,65,8.9,13.2,1024.0,100,0.0
2025-11-05 00:00:00,67,8.7,12.6,1023.6,100,0.0
2025-11-05 01:00:00,68,8.8,12.7,1023.3,100,0.0
2025-11-05 02:00:00,67,8.8,12.9,1023.2,100,0.0
2025-11-05 03:00:00,67,8.8,13.1,1022.6,100,0.0
2025-11-05 04:00:00,68,8.9,13.1,1022.6,100,0.0
2025-11-05 05:00:00,69,9.1,13.0,1022.1,100,0.0
2025-11-05 06:00:00,72,9.3,12.7,1022.3,100,0.0
2025-11-05 07:00:00,72,9.6,13.3,1022.6,99,2.0
2025-11-05 08:00:00,71,10.2,14.3,1022.5,95,67.0
2025-11-05 09:00:00,68,10.8,16.1,1022.9,98,223.0
2025-11-05 10:00:00,66,11.4,17.3,1022.4,100,223.0
2025-11-05 11:00:00,62,11.9,19.4,1021.8,82,483.0
2025-11-05 12:00:00,61,12.2,19.8,1020.9,88,534.0
2025-11-05 13:00:00,62,12.3,19.7,1019.8,100,455.0
2025-11-05 14:00:00,63,12.1,18.6,1019.3,100,372.0
2025-11-05 15:00:00,65,12.5,19.1,1019.1,55,371.0
2025-11-05 16:00:00,65,12.4,19.4,1018.8,13,258.0
2025-11-05 17:00:00,76,13.7,19.1,1019.2,22,90.0
2025-11-05 18:00:00,79,13.3,16.8,1019.5,10,2.0
2025-11-05 19:00:00,77,11.9,15.0,1019.8,11,0.0
2025-11-05 20:00:00,76,11.2,14.1,1019.9,21,0.0
2025-11-05 21:00:00,77,11.4,14.4,1020.3,100,0.0
2025-11-05 22:00:00,77,11.3,14.4,1020.3,43,0.0
2025-11-05 23:00:00,79,11.1,13.6,1020.3,16,0.0
2025-11-06 00:00:00,79,10.9,13.0,1020.0,7,0.0
2025-11-06 01:00:00,79,10.7,13.1,1019.8,34,0.0
2025-11-06 02:00:00,80,10.6,12.6,1019.6,12,0.0
2025-11-06 03:00:00,82,10.2,12.0,1019.8,5,0.0
2025-11-06 04:00:00,82,9.9,11.4,1019.7,0,0.0
2025-11-06 05:00:00,79,9.6,11.3,1019.8,0,0.0
2025-11-06 06:00:00,78,9.6,11.5,1020.2,0,0.0
2025-11-06 07:00:00,79,9.8,11.7,1020.5,1,3.0
2025-11-06 08:00:00,76,10.6,13.5,1020.9,1,105.0
2025-11-06 09:00:00,69,11.6,16.8,1021.0,0,285.0
2025-11-06 10:00:00,61,11.4,17.9,1021.0,5,448.0
2025-11-06 11:00:00,52,10.1,18.6,1020.6,6,562.0
2025-11-06 12:00:00,47,9.2,19.0,1019.9,23,612.0
2025-11-06 13:00:00,45,8.8,19.0,1019.1,13,614.0
2025-11-06 14:00:00,43,8.0,18.2,1019.0,0,549.0
2025-11-06 15:00:00,44,7.8,17.5,1019.0,2,437.0
2025-11-06 16:00:00,48,8.0,16.2,1019.3,1,274.0
2025-11-06 17:00:00,55,8.6,14.7,1019.8,0,97.0
2025-11-06 18:00:00,60,8.9,13.8,1020.0,3,2.0
2025-11-06 19:00:00,64,9.2,13.4,1020.5,13,0.0
2025-11-06 20:00:00,67,9.3,12.8,1020.7,33,0.0
2025-11-06 21:00:00,71,9.6,12.9,1021.3,67,0.0
2025-11-06 22:00:00,71,9.5,13.0,1021.8,100,0.0
2025-11-06 23:00:00,70,9.4,13.1,1021.7,26,0.0
2025-11-07 00:00:00,71,9.1,12.5,1021.6,95,0.0
2025-11-07 01:00:00,70,8.9,12.3,1021.5,97,0.0
2025-11-07 02:00:00,71,8.9,12.2,1021.7,8,0.0
2025-11-07 03:00:00,73,8.6,11.5,1022.0,18,0.0
2025-11-07 04:00:00,75,8.6,11.1,1022.4,2,0.0
2025-11-07 05:00:00,76,8.6,11.0,1022.8,0,0.0
2025-11-07 06:00:00,75,8.5,11.1,1022.9,1,0.0
2025-11-07 07:00:00,74,8.2,10.7,1023.2,0,3.0
2025-11-07 08:00:00,68,8.4,12.0,1023.8,0,102.0
2025-11-07 09:00:00,60,9.0,15.1,1024.4,5,281.0
2025-11-07 10:00:00,52,8.4,17.3,1024.3,4,442.0
2025-11-07 11:00:00,54,9.6,18.3,1024.2,5,561.0
2025-11-07 12:00:00,58,10.8,18.9,1023.4,2,622.0
2025-11-07 13:00:00,58,11.1,18.9,1022.4,2,623.0
2025-11-07 14:00:00,55,10.1,17.7,1021.7,2,555.0
2025-11-07 15:00:00,47,7.6,16.8,1021.6,2,427.0
2025-11-07 16:00:00,50,8.1,17.0,1021.7,3,263.0
2025-11-07 17:00:00,62,9.7,16.3,1021.8,1,90.0
2025-11-07 18:00:00,70,9.9,14.7,1022.1,2,2.0
2025-11-07 19:00:00,72,10.4,13.9,1022.2,0,0.0
2025-11-07 20:00:00,74,10.1,12.9,1022.7,0,0.0
2025-11-07 21:00:00,79,10.6,12.8,1023.0,0,0.0
2025-11-07 22:00:00,81,10.2,12.2,1023.3,0,0.0
2025-11-07 23:00:00,80,9.9,11.6,1023.5,12,0.0
2025-11-08 00:00:00,72,9.4,12.5,1023.5,0,0.0
2025-11-08 01:00:00,64,8.0,12.4,1023.3,0,0.0
2025-11-08 02:00:00,59,6.4,11.6,1023.0,0,0.0
2025-11-08 03:00:00,58,5.6,10.7,1023.4,0,0.0
2025-11-08 04:00:00,58,5.3,10.4,1023.4,0,0.0
2025-11-08 05:00:00,59,5.4,10.4,1023.4,1,0.0
2025-11-08 06:00:00,60,5.8,10.6,1023.6,1,0.0
2025-11-08 07:00:00,63,6.6,11.0,1024.1,2,3.0
2025-11-08 08:00:00,62,7.2,11.7,1024.5,5,92.0
2025-11-08 09:00:00,61,8.4,13.9,1025.0,5,252.0
2025-11-08 10:00:00,59,9.5,15.8,1024.7,5,404.0
2025-11-08 11:00:00,56,10.1,16.9,1024.0,2,533.0
2025-11-08 12:00:00,56,10.8,18.1,1023.0,98,600.0
2025-11-08 13:00:00,57,11.4,18.1,1022.0,70,558.0
2025-11-08 14:00:00,59,11.8,17.9,1020.9,89,527.0
2025-11-08 15:00:00,62,12.1,17.0,1020.0,100,198.0
2025-11-08 16:00:00,67,12.6,16.8,1020.0,100,79.0
2025-11-08 17:00:00,69,13.2,17.5,1020.0,99,22.0
2025-11-08 18:00:00,72,13.8,17.4,1019.9,91,1.0
2025-11-08 19:00:00,75,14.2,17.6,1019.7,100,0.0
2025-11-08 20:00:00,75,14.6,18.1,1019.9,100,0.0
2025-11-08 21:00:00,86,15.4,17.5,1019.5,100,0.0
2025-11-08 22:00:00,93,16.2,17.2,1019.3,100,0.0
2025-11-08 23:00:00,89,16.1,17.2,1018.4,90,0.0
2025-11-09 00:00:00,90,16.2,17.3,1017.9,100,0.0
2025-11-09 01:00:00,91,16.7,17.3,1016.8,100,0.0
2025-11-09 02:00:00,93,16.6,16.7,1015.9,100,0.0
2025-11-09 03:00:00,93,17.0,17.2,1014.9,100,0.0
2025-11-09 04:00:00,94,17.4,18.1,1014.1,100,0.0
2025-11-09 05:00:00,95,17.3,17.6,1013.3,100,0.0
2025-11-09 06:00:00,96,17.0,17.1,1012.9,100,0.0
2025-11-09 07:00:00,95,17.2,18.0,1012.4,100,1.0
2025-11-09 08:00:00,96,17.8,19.1,1012.7,100,31.0
2025-11-09 09:00:00,97,18.2,19.9,1012.8,100,83.0
2025-11-09 10:00:00,96,18.5,20.6,1012.1,100,117.0
2025-11-09 11:00:00,91,18.4,21.6,1011.7,85,212.0
2025-11-09 12:00:00,87,18.0,22.4,1011.1,99,252.0
2025-11-09 13:00:00,81,17.9,23.5,1010.5,77,374.0
2025-11-09 14:00:00,81,17.5,21.1,1010.5,100,288.0
2025-11-09 15:00:00,85,16.8,19.8,1010.7,29,177.0
2025-11-09 16:00:00,82,16.4,19.6,1011.4,39,209.0
2025-11-09 17:00:00,84,16.0,18.8,1012.1,38,63.0
2025-11-09 18:00:00,89,15.9,18.1,1012.4,98,1.0
2025-11-09 19:00:00,90,15.6,17.5,1013.2,14,0.0
2025-11-09 20:00:00,90,15.4,16.8,1013.4,63,0.0
2025-11-09 21:00:00,85,14.6,16.9,1013.4,99,0.0
2025-11-09 22:00:00,80,13.6,16.7,1013.5,100,0.0
2025-11-09 23:00:00,76,13.0,17.0,1013.4,100,0.0
2025-11-10 00:00:00,69,11.8,16.3,1013.5,73,0.0
2025-11-10 01:00:00,56,8.1,14.1,1013.6,100,0.0
2025-11-10 02:00:00,53,7.2,13.9,1013.8,98,0.0
2025-11-10 03:00:00,54,7.2,13.2,1013.8,99,0.0
2025-11-10 04:00:00,54,7.0,13.2,1014.0,38,0.0
2025-11-10 05:00:00,56,6.9,12.5,1014.2,31,0.0
2025-11-10 06:00:00,59,7.1,12.0,1014.5,4,0.0
2025-11-10 07:00:00,62,7.4,11.8,1015.1,30,2.0
2025-11-10 08:00:00,58,7.1,11.8,1016.2,7,87.0
2025-11-10 09:00:00,49,5.7,12.4,1016.6,4,258.0
2025-11-10 10:00:00,44,4.7,12.6,1016.6,0,434.0
2025-11-10 11:00:00,46,5.1,12.7,1016.6,1,565.0
2025-11-10 12:00:00,43,4.1,12.9,1016.3,1,623.0
2025-11-10 13:00:00,43,4.1,13.2,1015.8,5,623.0
2025-11-10 14:00:00,44,4.3,12.9,1015.6,2,546.0
2025-11-10 15:00:00,44,4.2,13.1,1015.5,1,429.0
2025-11-10 16:00:00,47,4.3,12.3,1015.9,0,264.0
2025-11-10 17:00:00,54,4.9,11.3,1016.5,0,89.0
2025-11-10 18:00:00,60,5.3,10.4,1017.1,0,1.0
2025-11-10 19:00:00,64,5.4,9.6,1017.6,0,0.0
2025-11-10 20:00:00,66,5.3,9.1,1017.6,0,0.0
2025-11-10 21:00:00,71,6.0,9.0,1018.0,0,0.0
2025-11-10 22:00:00,76,6.2,8.4,1018.3,0,0.0
2025-11-10 23:00:00,79,6.0,7.6,1018.2,0,0.0
2025-11-11 00:00:00,80,5.4,6.8,1018.0,0,0.0
2025-11-11 01:00:00,81,5.3,6.4,1017.7,0,0.0
2025-11-11 02:00:00,83,5.3,6.1,1017.9,0,0.0
2025-11-11 03:00:00,82,5.3,6.3,1017.8,6,0.0
2025-11-11 04:00:00,84,4.9,5.5,1018.0,2,0.0
2025-11-11 05:00:00,84,4.3,4.9,1018.7,0,0.0
2025-11-11 06:00:00,84,4.4,5.0,1019.1,38,0.0
2025-11-11 07:00:00,81,4.8,5.8,1019.2,0,2.0
2025-11-11 08:00:00,77,6.2,8.3,1019.8,16,90.0
2025-11-11 09:00:00,69,7.4,11.8,1019.7,34,245.0
2025-11-11 10:00:00,59,6.8,13.5,1019.9,94,376.0
2025-11-11 11:00:00,57,6.7,13.7,1019.3,98,303.0
2025-11-11 12:00:00,58,7.2,14.5,1019.0,46,281.0
2025-11-11 13:00:00,56,7.9,16.4,1018.8,96,609.0
2025-11-11 14:00:00,56,8.1,15.7,1018.3,70,336.0
2025-11-11 15:00:00,57,8.4,15.8,1018.3,38,316.0
2025-11-11 16:00:00,60,8.9,15.8,1018.5,2,246.0
2025-11-11 17:00:00,72,9.1,13.3,1019.1,0,83.0
2025-11-11 18:00:00,63,6.8,11.6,1019.4,0,1.0
2025-11-11 19:00:00,67,6.0,10.1,1019.9,0,0.0
2025-11-11 20:00:00,69,5.8,9.5,1020.4,0,0.0
2025-11-11 21:00:00,71,6.5,9.9,1020.7,0,0.0
2025-11-11 22:00:00,71,6.2,9.5,1021.4,0,0.0
2025-11-11 23:00:00,70,6.0,9.4,1021.8,1,0.0
2025-11-12 00:00:00,68,5.8,9.0,1021.4,0,0.0
2025-11-12 01:00:00,70,5.9,8.9,1021.3,0,0.0
2025-11-12 02:00:00,73,6.4,8.9,1021.2,0,0.0
2025-11-12 03:00:00,77,7.1,9.0,1021.5,0,0.0
2025-11-12 04:00:00,77,6.8,8.5,1021.2,10,0.0
2025-11-12 05:00:00,75,6.3,8.3,1021.4,100,0.0
2025-11-12 06:00:00,71,5.9,8.9,1021.7,100,0.0
2025-11-12 07:00:00,66,5.6,9.3,1022.1,98,1.0
2025-11-12 08:00:00,61,5.3,10.1,1021.9,70,64.0
2025-11-12 09:00:00,59,6.1,11.9,1022.4,100,225.0
2025-11-12 10:00:00,58,6.8,12.7,1022.2,100,258.0
2025-11-12 11:00:00,58,8.2,14.5,1021.4,100,458.0
2025-11-12 12:00:00,57,8.7,15.3,1021.1,100,482.0
2025-11-12 13:00:00,56,8.5,15.6,1019.9,100,311.0
2025-11-12 14:00:00,55,8.6,16.3,1019.7,100,304.0
2025-11-12 15:00:00,60,9.6,16.5,1019.2,100,208.0
2025-11-12 16:00:00,63,10.1,16.3,1019.0,100,139.0
2025-11-12 17:00:00,69,10.5,15.6,1019.4,100,31.0
2025-11-12 18:00:00,69,10.1,15.1,1019.0,100,0.0
2025-11-12 19:00:00,73,10.2,14.6,1020.1,100,0.0
2025-11-12 20:00:00,71,10.4,14.8,1019.8,100,0.0
2025-11-12 21:00:00,77,11.5,14.9,1020.0,100,0.0
2025-11-12 22:00:00,76,11.4,14.6,1020.0,100,0.0
2025-11-12 23:00:00,74,10.6,13.7,1019.4,100,0.0
2025-11-13 00:00:00,74,10.5,13.5,1018.7,100,0.0
2025-11-13 01:00:00,75,10.9,14.1,1018.7,100,0.0
2025-11-13 02:00:00,79,12.0,14.8,1018.3,100,0.0
2025-11-13 03:00:00,81,12.1,14.8,1018.1,100,0.0
2025-11-13 04:00:00,84,12.6,15.1,1017.5,100,0.0
2025-11-13 05:00:00,85,12.8,15.1,1018.0,100,0.0
2025-11-13 06:00:00,87,12.6,14.8,1018.0,100,0.0
2025-11-13 07:00:00,87,12.1,13.8,1018.0,100,0.0
2025-11-13 08:00:00,88,12.1,14.0,1017.8,100,13.0
2025-11-13 09:00:00,85,12.9,15.5,1018.3,100,102.0
2025-11-13 10:00:00,83,13.7,16.9,1017.5,100,171.0
2025-11-13 11:00:00,78,14.0,18.5,1016.9,100,272.0
2025-11-13 12:00:00,73,13.5,19.0,1015.9,100,216.0
2025-11-13 13:00:00,66,12.6,19.3,1015.3,100,253.0
2025-11-13 14:00:00,60,11.6,19.4,1014.8,100,303.0
2025-11-13 15:00:00,61,11.8,19.0,1014.4,100,181.0
2025-11-13 16:00:00,67,12.6,18.6,1014.3,100,110.0
2025-11-13 17:00:00,68,11.5,16.4,1014.5,100,40.0
2025-11-13 18:00:00,65,9.7,15.1,1015.1,97,0.0
2025-11-13 19:00:00,71,9.6,13.9,1015.4,6,0.0
2025-11-13 20:00:00,82,9.6,11.8,1015.1,39,0.0
2025-11-13 21:00:00,85,9.9,11.5,1015.6,55,0.0
2025-11-13 22:00:00,88,9.9,10.5,1015.7,7,0.0
2025-11-13 23:00:00,90,9.2,10.0,1015.6,13,0.0
2025-11-14 00:00:00,89,8.8,9.6,1015.7,9,0.0
2025-11-14 01:00:00,89,9.1,9.8,1015.6,2,0.0
2025-11-14 02:00:00,90,9.1,9.4,1015.4,0,0.0
2025-11-14 03:00:00,90,8.8,9.3,1015.6,0,0.0
2025-11-14 04:00:00,90,8.1,8.4,1015.7,1,0.0
2025-11-14 05:00:00,91,8.1,8.3,1015.8,0,0.0
2025-11-14 06:00:00,91,8.1,8.4,1016.2,0,0.0
2025-11-14 07:00:00,91,8.1,8.3,1016.4,1,1.0
2025-11-14 08:00:00,85,9.3,10.9,1017.2,0,78.0
2025-11-14 09:00:00,77,11.9,15.7,1017.5,6,235.0
2025-11-14 10:00:00,61,10.2,17.0,1017.5,15,391.0
2025-11-14 11:00:00,53,9.1,17.7,1017.4,63,514.0
2025-11-14 12:00:00,48,8.4,18.3,1016.5,95,515.0
2025-11-14 13:00:00,48,8.6,18.6,1016.0,100,505.0
2025-11-14 14:00:00,49,8.8,18.3,1016.0,89,354.0
2025-11-14 15:00:00,53,9.6,17.8,1016.5,91,371.0
2025-11-14 16:00:00,60,10.9,17.9,1016.9,13,176.0
2025-11-14 17:00:00,61,9.4,15.2,1017.4,0,76.0
2025-11-14 18:00:00,65,8.5,13.5,1018.1,2,1.0
2025-11-14 19:00:00,70,8.7,12.3,1018.7,1,0.0
2025-11-14 20:00:00,74,8.7,11.6,1019.0,4,0.0
2025-11-14 21:00:00,76,8.6,11.2,1019.3,0,0.0
2025-11-14 22:00:00,76,8.4,11.0,1019.7,3,0.0
2025-11-14 23:00:00,81,8.1,10.0,1019.8,16,0.0
2025-11-15 00:00:00,86,7.8,9.0,1020.2,16,0.0
2025-11-15 01:00:00,87,7.4,8.4,1020.6,3,0.0
2025-11-15 02:00:00,87,7.2,8.3,1020.9,2,0.0
2025-11-15 03:00:00,88,7.2,8.1,1021.3,29,0.0
2025-11-15 04:00:00,90,6.8,7.1,1021.5,16,0.0
2025-11-15 05:00:00,89,6.9,7.3,1022.1,24,0.0
2025-11-15 06:00:00,88,7.3,7.9,1022.8,16,0.0
2025-11-15 07:00:00,87,7.1,7.8,1022.9,3,1.0
2025-11-15 08:00:00,79,8.6,10.9,1023.8,5,76.0
2025-11-15 09:00:00,71,10.1,14.6,1024.9,15,239.0
2025-11-15 10:00:00,65,10.6,16.7,1025.2,3,372.0
2025-11-15 11:00:00,55,9.1,17.4,1024.9,9,498.0
2025-11-15 12:00:00,50,8.4,18.4,1024.2,37,580.0
2025-11-15 13:00:00,45,7.2,18.5,1023.8,25,541.0
2025-11-15 14:00:00,47,7.7,18.3,1023.4,9,484.0
2025-11-15 15:00:00,50,8.5,18.4,1023.1,5,389.0
2025-11-15 16:00:00,55,9.1,17.7,1023.6,0,242.0
2025-11-15 17:00:00,69,9.8,14.8,1024.1,0,76.0
2025-11-15 18:00:00,61,7.6,12.9,1024.7,0,1.0
2025-11-15 19:00:00,60,6.4,11.6,1025.2,0,0.0
2025-11-15 20:00:00,62,6.2,11.0,1025.4,0,0.0
2025-11-15 21:00:00,67,7.1,10.9,1026.3,0,0.0
2025-11-15 22:00:00,65,6.3,10.6,1026.6,0,0.0
2025-11-15 23:00:00,67,6.2,9.8,1026.4,0,0.0
2025-11-16 00:00:00,69,6.2,9.4,1026.2,0,0.0
2025-11-16 01:00:00,73,6.1,8.9,1026.0,0,0.0
2025-11-16 02:00:00,76,6.3,8.4,1025.9,0,0.0
2025-11-16 03:00:00,78,6.4,8.3,1026.0,0,0.0
2025-11-16 04:00:00,81,6.4,7.8,1026.0,0,0.0
2025-11-16 05:00:00,82,6.4,7.4,1026.2,0,0.0
2025-11-16 06:00:00,83,6.5,7.4,1026.5,2,0.0
2025-11-16 07:00:00,83,6.8,7.9,1026.6,5,1.0
2025-11-16 08:00:00,76,8.1,10.9,1026.9,10,73.0
2025-11-16 09:00:00,71,9.9,14.3,1027.1,5,227.0
2025-11-16 10:00:00,67,10.7,16.1,1026.9,3,389.0
2025-11-16 11:00:00,60,10.1,16.7,1026.4,2,514.0
2025-11-16 12:00:00,59,10.3,17.3,1025.3,0,580.0
2025-11-16 13:00:00,60,10.9,17.9,1024.5,0,582.0
2025-11-16 14:00:00,62,11.5,17.9,1024.1,0,522.0
2025-11-16 15:00:00,64,11.9,18.1,1023.9,0,401.0
2025-11-16 16:00:00,66,12.1,17.9,1023.9,2,239.0
2025-11-16 17:00:00,76,12.7,17.0,1024.0,5,73.0
2025-11-16 18:00:00,79,12.6,16.1,1024.1,5,0.0
2025-11-16 19:00:00,84,12.5,15.3,1024.3,11,0.0
2025-11-16 20:00:00,85,12.1,14.6,1024.2,10,0.0
2025-11-16 21:00:00,86,12.8,15.6,1024.7,6,0.0
2025-11-16 22:00:00,87,11.4,13.8,1024.9,0,0.0
2025-11-16 23:00:00,87,11.4,13.4,1024.4,0,0.0
2025-11-17 00:00:00,91,10.8,12.2,1023.8,0,0.0
2025-11-17 01:00:00,89,10.6,12.4,1023.4,0,0.0
2025-11-17 02:00:00,91,10.9,12.2,1023.1,13,0.0
2025-11-17 03:00:00,95,11.5,12.1,1023.1,5,0.0
2025-11-17 04:00:00,91,10.7,11.5,1022.9,10,0.0
2025-11-17 05:00:00,84,11.3,13.5,1022.8,23,0.0
2025-11-17 06:00:00,86,10.8,12.5,1022.8,3,0.0
2025-11-17 07:00:00,85,9.9,11.8,1022.7,3,0.0
2025-11-17 08:00:00,83,11.9,14.1,1023.0,20,72.0
2025-11-17 09:00:00,82,13.3,16.5,1023.3,4,229.0
2025-11-17 10:00:00,75,13.6,18.0,1022.7,51,390.0
2025-11-17 11:00:00,66,12.9,18.8,1021.5,100,489.0
2025-11-17 12:00:00,53,10.4,18.0,1020.6,98,529.0
2025-11-17 13:00:00,53,9.6,16.5,1020.1,95,306.0
2025-11-17 14:00:00,60,10.3,15.0,1020.1,85,297.0
2025-11-17 15:00:00,58,9.4,15.2,1019.7,100,290.0
2025-11-17 16:00:00,56,8.1,14.2,1019.9,100,102.0
2025-11-17 17:00:00,53,6.6,12.9,1020.0,100,31.0
2025-11-17 18:00:00,44,3.5,11.6,1020.5,100,0.0
2025-11-17 19:00:00,42,2.3,10.8,1020.7,100,0.0
2025-11-17 20:00:00,40,1.1,9.9,1020.9,100,0.0
2025-11-17 21:00:00,59,5.3,10.4,1021.0,91,0.0
2025-11-17 22:00:00,55,4.4,10.0,1021.1,99,0.0
2025-11-17 23:00:00,54,3.8,9.4,1021.1,71,0.0
2025-11-18 00:00:00,48,1.8,8.2,1021.0,100,0.0
2025-11-18 01:00:00,51,1.8,7.1,1020.9,90,0.0
2025-11-18 02:00:00,57,2.3,6.2,1020.8,19,0.0
2025-11-18 03:00:00,58,2.8,6.6,1020.6,35,0.0
2025-11-18 04:00:00,61,3.0,6.0,1020.6,9,0.0
2025-11-18 05:00:00,63,3.1,5.7,1020.9,56,0.0
2025-11-18 06:00:00,64,3.2,5.5,1021.3,83,0.0
2025-11-18 07:00:00,64,3.1,5.2,1021.6,87,0.0
2025-11-18 08:00:00,62,2.9,5.3,1022.2,98,53.0
2025-11-18 09:00:00,56,2.5,6.4,1022.6,100,141.0
2025-11-18 10:00:00,53,2.0,6.3,1022.5,100,179.0
2025-11-18 11:00:00,49,1.0,6.0,1022.9,99,216.0
2025-11-18 12:00:00,45,0.2,6.1,1022.1,80,296.0
2025-11-18 13:00:00,41,-0.8,5.9,1021.4,42,431.0
2025-11-18 14:00:00,42,-0.9,5.6,1021.2,87,416.0
2025-11-18 15:00:00,41,-1.5,5.4,1021.3,68,304.0
2025-11-18 16:00:00,39,-2.9,4.8,1021.9,83,163.0
2025-11-18 17:00:00,40,-2.8,5.0,1022.2,55,53.0
2025-11-18 18:00:00,43,-2.5,4.7,1022.4,15,0.0
2025-11-18 19:00:00,47,-1.7,4.6,1022.5,5,0.0
2025-11-18 20:00:00,50,-1.1,4.5,1022.3,3,0.0
2025-11-18 21:00:00,52,-0.5,4.8,1022.5,71,0.0
2025-11-18 22:00:00,56,0.6,5.2,1022.5,56,0.0
2025-11-18 23:00:00,55,0.6,5.1,1022.4,57,0.0
2025-11-19 00:00:00,53,0.5,5.2,1022.8,100,0.0
2025-11-19 01:00:00,54,0.8,5.4,1022.9,100,0.0
2025-11-19 02:00:00,53,0.6,5.2,1023.0,100,0.0
2025-11-19 03:00:00,59,1.9,5.4,1023.2,97,0.0
2025-11-19 04:00:00,60,1.7,5.6,1022.9,18,0.0
2025-11-19 05:00:00,67,2.2,5.1,1023.0,95,0.0
2025-11-19 06:00:00,70,2.5,5.3,1023.4,40,0.0
2025-11-19 07:00:00,73,3.0,4.7,1024.0,31,0.0
2025-11-19 08:00:00,66,2.8,5.4,1024.6,17,63.0
2025-11-19 09:00:00,56,1.5,7.1,1024.6,15,216.0
2025-11-19 10:00:00,49,1.2,8.8,1024.6,43,377.0
2025-11-19 11:00:00,43,0.3,9.1,1024.3,60,414.0
2025-11-19 12:00:00,40,-0.3,8.9,1023.7,100,408.0
2025-11-19 13:00:00,42,0.1,8.6,1022.8,100,321.0
2025-11-19 14:00:00,44,0.6,8.6,1022.4,99,314.0
2025-11-19 15:00:00,45,0.6,8.2,1022.8,100,175.0
2025-11-19 16:00:00,47,0.9,8.0,1023.0,98,115.0
2025-11-19 17:00:00,50,1.4,8.0,1023.2,100,46.0
2025-11-19 18:00:00,60,3.0,7.6,1023.4,100,0.0
2025-11-19 19:00:00,70,3.7,6.7,1023.7,100,0.0
2025-11-19 20:00:00,64,3.2,7.4,1023.7,99,0.0
2025-11-19 21:00:00,62,2.7,6.6,1023.6,55,0.0
2025-11-19 22:00:00,61,2.1,6.6,1023.8,73,0.0
2025-11-19 23:00:00,63,2.7,7.1,1023.4,54,0.0
2025-11-20 00:00:00,67,2.8,6.8,1023.3,33,0.0
2025-11-20 01:00:00,77,4.6,6.7,1022.9,56,0.0
2025-11-20 02:00:00,80,7.1,8.2,1022.7,53,0.0
2025-11-20 03:00:00,72,6.6,8.3,1022.4,100,0.0
2025-11-20 04:00:00,72,6.7,8.7,1022.3,94,0.0
2025-11-20 05:00:00,67,6.2,9.2,1022.5,98,0.0
2025-11-20 06:00:00,67,6.2,8.9,1022.7,76,0.0
2025-11-20 07:00:00,71,7.1,9.2,1022.9,99,0.0
2025-11-20 08:00:00,63,5.9,9.5,1023.3,32,52.0
2025-11-20 09:00:00,55,4.8,10.1,1023.7,91,214.0
2025-11-20 10:00:00,60,6.3,10.3,1023.8,84,319.0
2025-11-20 11:00:00,55,5.4,10.4,1023.7,86,270.0
2025-11-20 12:00:00,52,4.9,10.3,1023.3,17,415.0
2025-11-20 13:00:00,45,3.2,10.5,1022.9,8,525.0
2025-11-20 14:00:00,42,2.5,11.1,1022.4,40,480.0
2025-11-20 15:00:00,45,3.0,10.7,1021.9,33,357.0
2025-11-20 16:00:00,47,3.5,10.6,1022.0,20,212.0
2025-11-20 17:00:00,53,4.2,10.1,1022.1,5,69.0
2025-11-20 18:00:00,62,5.9,9.9,1022.5,29,0.0
2025-11-20 19:00:00,69,6.8,10.6,1022.5,10,0.0
2025-11-20 20:00:00,76,7.6,10.0,1022.4,23,0.0
2025-11-20 21:00:00,67,7.2,10.3,1022.5,25,0.0
2025-11-20 22:00:00,72,8.2,10.3,1022.5,63,0.0
2025-11-20 23:00:00,70,7.9,10.2,1022.4,24,0.0
2025-11-21 00:00:00,71,8.1,10.2,1022.1,17,0.0
2025-11-21 01:00:00,75,8.8,10.4,1022.2,36,0.0
2025-11-21 02:00:00,83,9.9,11.2,1022.0,49,0.0
2025-11-21 03:00:00,80,9.4,10.8,1022.0,88,0.0
2025-11-21 04:00:00,83,9.9,11.3,1021.7,74,0.0
2025-11-21 05:00:00,84,9.9,11.2,1021.6,52,0.0
2025-11-21 06:00:00,81,9.4,10.9,1021.9,93,0.0
2025-11-21 07:00:00,74,8.2,10.7,1022.3,75,0.0
2025-11-21 08:00:00,67,7.5,11.3,1022.7,70,54.0
2025-11-21 09:00:00,58,7.2,12.2,1022.9,28,203.0
2025-11-21 10:00:00,52,6.2,12.3,1022.7,30,360.0
2025-11-21 11:00:00,49,5.8,12.2,1022.5,35,463.0
2025-11-21 12:00:00,47,5.4,12.2,1022.0,46,461.0
2025-11-21 13:00:00,49,5.4,11.9,1021.3,43,427.0
2025-11-21 14:00:00,48,4.6,11.5,1021.5,25,454.0
2025-11-21 15:00:00,45,3.7,11.5,1021.3,3,359.0
2025-11-21 16:00:00,43,2.7,11.0,1021.7,2,224.0
2025-11-21 17:00:00,48,2.8,10.0,1022.3,11,69.0
2025-11-21 18:00:00,57,4.1,9.5,1022.8,4,0.0
2025-11-21 19:00:00,62,4.4,8.7,1023.2,3,0.0
2025-11-21 20:00:00,61,3.6,7.9,1023.4,0,0.0
2025-11-21 21:00:00,66,4.6,8.1,1023.7,3,0.0
2025-11-21 22:00:00,67,4.0,7.1,1024.3,6,0.0
2025-11-21 23:00:00,65,3.2,6.6,1024.3,7,0.0
2025-11-22 00:00:00,65,2.8,6.2,1024.4,5,0.0
2025-11-22 01:00:00,65,2.8,6.0,1024.2,3,0.0
2025-11-22 02:00:00,65,2.8,6.1,1024.1,6,0.0
2025-11-22 03:00:00,67,2.7,5.6,1024.2,0,0.0
2025-11-22 04:00:00,70,2.5,4.8,1024.0,0,0.0
2025-11-22 05:00:00,74,2.5,4.1,1024.0,0,0.0
2025-11-22 06:00:00,78,2.7,3.6,1024.3,1,0.0
2025-11-22 07:00:00,82,2.7,3.0,1025.1,0,0.0
2025-11-22 08:00:00,76,3.7,5.1,1025.6,0,61.0
2025-11-22 09:00:00,62,4.4,9.3,1025.9,0,218.0
2025-11-22 10:00:00,54,4.4,11.9,1026.1,2,383.0
2025-11-22 11:00:00,49,4.1,12.5,1026.0,4,500.0
2025-11-22 12:00:00,50,4.6,13.0,1025.5,3,551.0
2025-11-22 13:00:00,51,5.1,13.3,1024.8,2,565.0
2025-11-22 14:00:00,51,5.4,13.4,1024.2,2,498.0
2025-11-22 15:00:00,49,5.5,14.2,1023.9,0,382.0
2025-11-22 16:00:00,49,5.2,13.9,1023.7,0,229.0
2025-11-22 17:00:00,62,6.8,12.4,1023.8,0,67.0
2025-11-22 18:00:00,71,7.9,11.6,1024.2,0,0.0
2025-11-22 19:00:00,75,8.4,11.1,1024.7,0,0.0
2025-11-22 20:00:00,84,8.6,10.0,1024.8,0,0.0
2025-11-22 21:00:00,87,8.6,9.9,1024.7,2,0.0
2025-11-22 22:00:00,84,7.3,9.1,1024.8,8,0.0
2025-11-22 23:00:00,83,7.0,8.9,1024.7,53,0.0
2025-11-23 00:00:00,79,6.8,9.3,1024.3,22,0.0
2025-11-23 01:00:00,78,6.6,9.3,1024.0,18,0.0
2025-11-23 02:00:00,77,6.2,9.1,1023.6,11,0.0
2025-11-23 03:00:00,78,5.9,8.5,1023.7,8,0.0
2025-11-23 04:00:00,81,5.5,7.4,1023.5,6,0.0
2025-11-23 05:00:00,81,5.5,7.4,1023.5,14,0.0
2025-11-23 06:00:00,80,5.8,7.8,1023.9,10,0.0
2025-11-23 07:00:00,84,6.6,7.8,1024.6,21,0.0
2025-11-23 08:00:00,86,9.1,10.5,1025.0,11,59.0
2025-11-23 09:00:00,72,8.9,12.6,1024.9,5,214.0
2025-11-23 10:00:00,63,8.1,13.2,1024.7,1,365.0
2025-11-23 11:00:00,59,7.8,13.7,1024.1,0,490.0
2025-11-23 12:00:00,56,7.5,14.4,1023.0,1,563.0
2025-11-23 13:00:00,54,7.3,15.1,1022.3,5,567.0
2025-11-23 14:00:00,54,7.4,15.6,1021.9,41,486.0
2025-11-23 15:00:00,55,7.6,15.9,1021.7,13,337.0
2025-11-23 16:00:00,56,7.8,15.6,1021.8,5,215.0
2025-11-23 17:00:00,71,8.8,13.2,1021.6,5,65.0
2025-11-23 18:00:00,73,8.3,12.4,1021.4,0,0.0
2025-11-23 19:00:00,74,8.2,11.9,1021.7,0,0.0
2025-11-23 20:00:00,79,8.8,11.4,1021.6,2,0.0
2025-11-23 21:00:00,82,10.2,12.2,1021.1,86,0.0
2025-11-23 22:00:00,87,10.7,12.3,1021.2,54,0.0
2025-11-23 23:00:00,85,9.9,12.2,1021.5,15,0.0
2025-11-24 00:00:00,84,9.6,11.6,1021.4,2,0.0
2025-11-24 01:00:00,86,9.4,10.8,1020.9,19,0.0
2025-11-24 02:00:00,89,9.8,11.3,1020.8,13,0.0
2025-11-24 03:00:00,92,9.8,10.9,1020.9,80,0.0
2025-11-24 04:00:00,90,8.2,8.9,1020.9,100,0.0
2025-11-24 05:00:00,87,7.9,8.7,1020.5,99,0.0
2025-11-24 06:00:00,89,7.7,8.2,1020.4,100,0.0
2025-11-24 07:00:00,88,8.0,8.7,1020.7,81,0.0
2025-11-24 08:00:00,87,8.6,9.3,1021.0,99,41.0
2025-11-24 09:00:00,77,9.2,12.2,1020.8,90,96.0
2025-11-24 10:00:00,77,10.6,14.0,1020.4,88,223.0
2025-11-24 11:00:00,75,11.6,15.8,1019.7,38,367.0
2025-11-24 12:00:00,67,11.0,17.1,1018.6,96,484.0
2025-11-24 13:00:00,65,10.6,16.7,1018.1,59,396.0
2025-11-24 14:00:00,64,10.6,16.9,1017.3,55,381.0
2025-11-24 15:00:00,61,10.0,16.8,1016.8,92,304.0
2025-11-24 16:00:00,63,9.9,16.3,1016.7,89,142.0
2025-11-24 17:00:00,74,11.1,15.6,1017.0,100,36.0
2025-11-24 18:00:00,78,11.4,15.2,1016.7,65,0.0
2025-11-24 19:00:00,79,11.2,14.9,1016.6,23,0.0
2025-11-24 20:00:00,80,10.8,14.2,1016.6,30,0.0
2025-11-24 21:00:00,77,9.9,13.4,1016.4,100,0.0
2025-11-24 22:00:00,81,10.7,13.7,1016.0,100,0.0
2025-11-24 23:00:00,82,11.1,13.4,1015.9,99,0.0
2025-11-25 00:00:00,85,11.3,13.9,1015.2,100,0.0
2025-11-25 01:00:00,88,11.2,12.9,1014.8,100,0.0
2025-11-25 02:00:00,89,11.4,12.7,1014.3,100,0.0
2025-11-25 03:00:00,88,11.3,12.2,1013.9,100,0.0
2025-11-25 04:00:00,94,12.0,12.2,1013.5,100,0.0
2025-11-25 05:00:00,94,12.1,12.5,1013.4,100,0.0
2025-11-25 06:00:00,94,12.1,13.0,1013.2,100,0.0
2025-11-25 07:00:00,94,11.4,12.0,1012.8,80,0.0
2025-11-25 08:00:00,92,12.1,13.2,1013.1,57,42.0
2025-11-25 09:00:00,86,12.1,14.1,1013.2,18,175.0
2025-11-25 10:00:00,75,11.2,14.2,1013.2,23,327.0
2025-11-25 11:00:00,63,10.1,15.1,1012.5,36,444.0
2025-11-25 12:00:00,41,3.7,11.5,1012.2,59,445.0
2025-11-25 13:00:00,50,5.7,11.7,1012.1,99,429.0
2025-11-25 14:00:00,71,8.2,10.1,1012.3,57,200.0
2025-11-25 15:00:00,85,9.5,8.4,1012.9,100,238.0
2025-11-25 16:00:00,63,6.9,8.7,1012.7,44,80.0
2025-11-25 17:00:00,53,4.3,8.3,1013.1,41,44.0
2025-11-25 18:00:00,53,4.2,7.9,1013.6,30,0.0
2025-11-25 19:00:00,57,4.5,7.7,1014.3,36,0.0
2025-11-25 20:00:00,59,4.7,7.7,1015.0,55,0.0
2025-11-25 21:00:00,60,5.1,8.1,1015.4,52,0.0
2025-11-25 22:00:00,55,3.7,7.3,1016.1,43,0.0
2025-11-25 23:00:00,57,3.7,6.8,1016.8,23,0.0
2025-11-26 00:00:00,56,2.8,6.5,1017.5,16,0.0
2025-11-26 01:00:00,61,3.5,6.1,1018.0,6,0.0
2025-11-26 02:00:00,61,3.6,6.6,1018.3,9,0.0
2025-11-26 03:00:00,63,4.1,6.8,1018.9,40,0.0
2025-11-26 04:00:00,68,5.2,7.2,1019.1,11,0.0
2025-11-26 05:00:00,72,5.9,7.2,1019.7,25,0.0
2025-11-26 06:00:00,79,7.3,7.9,1020.3,32,0.0
2025-11-26 07:00:00,84,8.3,8.6,1020.7,27,0.0
2025-11-26 08:00:00,82,8.6,9.7,1021.6,45,52.0
2025-11-26 09:00:00,73,8.9,12.8,1022.3,11,178.0
2025-11-26 10:00:00,64,8.5,14.3,1022.5,19,347.0
2025-11-26 11:00:00,54,7.2,14.6,1022.6,36,428.0
2025-11-26 12:00:00,49,6.3,15.0,1022.0,51,458.0
2025-11-26 13:00:00,46,5.8,15.3,1021.4,48,504.0
2025-11-26 14:00:00,44,5.2,15.1,1021.2,84,464.0
2025-11-26 15:00:00,46,5.4,15.0,1021.2,23,370.0
2025-11-26 16:00:00,50,6.1,14.2,1021.3,2,216.0
2025-11-26 17:00:00,62,7.1,12.0,1021.4,0,61.0
2025-11-26 18:00:00,67,6.9,10.3,1021.8,1,0.0
2025-11-26 19:00:00,72,6.8,9.6,1022.0,0,0.0
2025-11-26 20:00:00,77,6.6,8.7,1022.2,0,0.0
2025-11-26 21:00:00,82,6.6,7.9,1022.7,0,0.0
2025-11-26 22:00:00,84,5.8,6.8,1022.8,5,0.0
2025-11-26 23:00:00,84,5.7,6.8,1022.6,12,0.0
2025-11-27 00:00:00,75,5.2,8.2,1022.2,15,0.0
2025-11-27 01:00:00,71,5.1,8.8,1021.7,13,0.0
2025-11-27 02:00:00,72,5.2,8.4,1020.9,15,0.0
2025-11-27 03:00:00,73,5.4,8.7,1021.0,24,0.0
2025-11-27 04:00:00,75,5.6,8.5,1020.8,49,0.0
2025-11-27 05:00:00,88,7.5,8.4,1020.0,35,0.0
2025-11-27 06:00:00,94,8.8,8.5,1019.9,22,0.0
2025-11-27 07:00:00,91,9.6,9.7,1019.4,26,0.0
2025-11-27 08:00:00,88,10.1,10.3,1019.2,17,49.0
2025-11-27 09:00:00,75,9.4,11.4,1018.9,99,204.0
2025-11-27 10:00:00,63,8.1,12.5,1018.2,88,335.0
2025-11-27 11:00:00,56,7.1,13.1,1018.0,58,294.0
2025-11-27 12:00:00,55,7.1,13.5,1016.2,16,430.0
2025-11-27 13:00:00,54,7.7,14.1,1014.3,21,518.0
2025-11-27 14:00:00,54,8.4,15.3,1013.4,52,442.0
2025-11-27 15:00:00,56,8.6,13.4,1012.9,45,305.0
2025-11-27 16:00:00,59,8.9,13.9,1012.7,59,168.0
2025-11-27 17:00:00,60,8.2,11.4,1013.1,29,46.0
2025-11-27 18:00:00,74,9.4,10.2,1013.7,32,0.0
2025-11-27 19:00:00,68,8.1,9.4,1013.8,24,0.0
2025-11-27 20:00:00,61,6.5,8.7,1014.1,33,0.0
2025-11-27 21:00:00,58,5.9,8.8,1014.3,30,0.0
2025-11-27 22:00:00,58,5.8,8.3,1014.4,28,0.0
2025-11-27 23:00:00,61,5.8,7.4,1015.0,21,0.0
2025-11-28 00:00:00,59,4.9,6.7,1015.2,20,0.0
2025-11-28 01:00:00,61,4.9,6.5,1015.3,15,0.0
2025-11-28 02:00:00,55,3.5,6.5,1015.5,23,0.0
2025-11-28 03:00:00,52,2.8,6.6,1015.9,9,0.0
2025-11-28 04:00:00,51,2.0,6.0,1016.0,21,0.0
2025-11-28 05:00:00,52,2.0,6.1,1016.3,27,0.0
2025-11-28 06:00:00,52,1.8,6.5,1016.5,8,0.0
2025-11-28 07:00:00,58,2.4,5.7,1017.1,1,0.0
2025-11-28 08:00:00,59,2.5,5.7,1017.8,2,52.0
2025-11-28 09:00:00,51,2.0,7.3,1018.2,93,208.0
2025-11-28 10:00:00,49,2.0,7.8,1018.6,85,320.0
2025-11-28 11:00:00,48,2.0,8.1,1018.4,84,419.0
2025-11-28 12:00:00,48,2.1,8.1,1017.9,48,475.0
2025-11-28 13:00:00,49,2.1,8.0,1017.6,59,432.0
2025-11-28 14:00:00,49,1.9,7.9,1017.7,25,401.0
2025-11-28 15:00:00,49,1.9,8.1,1017.9,13,277.0
2025-11-28 16:00:00,50,1.6,8.0,1018.1,30,202.0
2025-11-28 17:00:00,57,2.3,7.1,1018.4,2,62.0
2025-11-28 18:00:00,64,3.0,6.2,1019.0,2,0.0
2025-11-28 19:00:00,68,3.0,5.9,1019.4,9,0.0
2025-11-28 20:00:00,74,3.3,5.4,1019.5,19,0.0
2025-11-28 21:00:00,75,3.7,5.9,1020.0,13,0.0
2025-11-28 22:00:00,79,4.2,5.6,1020.2,13,0.0
2025-11-28 23:00:00,81,4.0,5.0,1020.2,12,0.0
2025-11-29 00:00:00,78,3.1,4.2,1020.3,6,0.0
2025-11-29 01:00:00,77,2.5,3.6,1020.4,2,0.0
2025-11-29 02:00:00,82,2.5,2.9,1020.0,2,0.0
2025-11-29 03:00:00,81,2.0,2.7,1019.9,0,0.0
2025-11-29 04:00:00,82,1.6,1.8,1019.4,0,0.0
2025-11-29 05:00:00,80,1.4,1.5,1019.3,0,0.0
2025-11-29 06:00:00,79,1.2,1.6,1019.7,0,0.0
2025-11-29 07:00:00,79,1.1,1.5,1019.9,0,0.0
2025-11-29 08:00:00,74,1.8,3.1,1020.1,0,48.0
2025-11-29 09:00:00,65,3.2,7.0,1020.4,3,197.0
2025-11-29 10:00:00,61,4.0,9.5,1020.3,4,347.0
2025-11-29 11:00:00,64,5.6,10.4,1020.0,3,479.0
2025-11-29 12:00:00,62,5.7,10.8,1019.1,2,552.0
2025-11-29 13:00:00,55,4.3,10.9,1018.4,0,558.0
2025-11-29 14:00:00,50,3.0,11.1,1018.1,0,501.0
2025-11-29 15:00:00,48,2.7,11.7,1017.6,0,385.0
2025-11-29 16:00:00,49,3.2,11.6,1017.6,0,227.0
2025-11-29 17:00:00,61,4.3,10.0,1017.9,0,63.0
2025-11-29 18:00:00,65,4.2,8.8,1018.4,0,0.0
2025-11-29 19:00:00,69,4.1,7.6,1018.7,0,0.0
2025-11-29 20:00:00,69,3.7,6.9,1019.0,0,0.0
2025-11-29 21:00:00,66,3.8,8.3,1019.5,2,0.0
2025-11-29 22:00:00,73,4.2,6.6,1019.6,17,0.0
2025-11-29 23:00:00,76,5.2,7.4,1019.8,31,0.0
2025-11-30 00:00:00,82,6.6,7.8,1019.5,43,0.0
2025-11-30 01:00:00,83,8.4,9.4,1019.4,16,0.0
2025-11-30 02:00:00,84,8.7,9.4,1019.3,2,0.0
2025-11-30 03:00:00,85,8.2,9.1,1019.4,0,0.0
2025-11-30 04:00:00,87,7.8,8.4,1019.0,2,0.0
2025-11-30 05:00:00,88,7.4,7.8,1019.1,7,0.0
2025-11-30 06:00:00,89,6.8,7.0,1019.4,5,0.0
2025-11-30 07:00:00,89,7.8,8.2,1019.5,13,0.0
2025-11-30 08:00:00,87,8.9,9.7,1020.0,17,41.0
2025-11-30 09:00:00,81,9.8,11.6,1020.0,21,179.0
2025-11-30 10:00:00,66,8.8,13.5,1020.0,14,342.0
2025-11-30 11:00:00,54,7.2,14.2,1019.4,5,458.0
2025-11-30 12:00:00,52,7.0,15.0,1018.4,34,532.0
2025-11-30 13:00:00,51,7.3,15.8,1017.5,27,523.0
2025-11-30 14:00:00,52,7.9,16.3,1016.9,3,455.0
2025-11-30 15:00:00,54,8.8,16.7,1016.7,30,363.0
2025-11-30 16:00:00,61,9.9,16.1,1016.7,5,209.0
2025-11-30 17:00:00,73,10.9,14.7,1016.9,8,58.0
2025-11-30 18:00:00,77,11.1,14.2,1017.5,10,0.0
2025-11-30 19:00:00,75,10.9,14.0,1017.6,26,0.0
2025-11-30 20:00:00,74,10.9,14.1,1017.6,19,0.0
2025-11-30 21:00:00,80,11.9,14.1,1017.5,18,0.0
2025-11-30 22:00:00,80,11.8,14.0,1017.5,41,0.0
2025-11-30 23:00:00,80,11.6,13.9,1017.3,80,0.0
2025-12-01 00:00:00,82,11.5,13.9,1017.3,93,0.0
2025-12-01 01:00:00,81,11.4,13.9,1017.0,8,0.0
2025-12-01 02:00:00,80,11.4,13.8,1016.7,4,0.0
2025-12-01 03:00:00,78,11.3,14.0,1016.4,6,0.0
2025-12-01 04:00:00,81,11.6,13.9,1016.0,1,0.0
2025-12-01 05:00:00,82,11.6,13.9,1015.8,3,0.0
2025-12-01 06:00:00,84,11.7,13.9,1016.2,33,0.0
2025-12-01 07:00:00,86,11.1,13.6,1016.3,57,0.0
2025-12-01 08:00:00,87,12.2,15.0,1017.0,84,36.0
2025-12-01 09:00:00,80,12.4,16.0,1017.6,100,167.0
2025-12-01 10:00:00,77,12.7,17.1,1017.9,100,186.0
2025-12-01 11:00:00,73,13.0,18.3,1017.5,73,339.0
2025-12-01 12:00:00,68,12.9,19.0,1016.4,100,488.0
2025-12-01 13:00:00,52,9.8,18.1,1015.5,100,421.0
2025-12-01 14:00:00,40,6.0,16.6,1015.5,99,400.0
2025-12-01 15:00:00,43,6.2,16.1,1015.7,100,263.0
2025-12-01 16:00:00,51,8.1,16.3,1015.9,94,154.0
2025-12-01 17:00:00,60,9.1,15.5,1016.1,100,47.0
2025-12-01 18:00:00,75,10.3,14.2,1016.4,96,0.0
2025-12-01 19:00:00,80,10.5,12.7,1016.5,22,0.0
2025-12-01 20:00:00,82,9.9,11.2,1017.0,18,0.0
2025-12-01 21:00:00,83,9.9,11.1,1016.8,90,0.0
2025-12-01 22:00:00,81,9.2,11.2,1016.7,52,0.0
2025-12-01 23:00:00,88,8.2,9.2,1016.4,34,0.0
2025-12-02 00:00:00,89,7.4,8.0,1016.2,40,0.0
2025-12-02 01:00:00,90,6.6,6.8,1015.9,0,0.0
2025-12-02 02:00:00,91,6.4,6.3,1015.4,0,0.0
2025-12-02 03:00:00,90,6.6,6.5,1015.7,5,0.0
2025-12-02 04:00:00,87,6.8,7.1,1015.7,86,0.0
2025-12-02 05:00:00,88,6.9,7.2,1015.7,97,0.0
2025-12-02 06:00:00,91,6.8,6.8,1016.0,56,0.0
2025-12-02 07:00:00,90,6.6,6.7,1016.4,87,0.0
2025-12-02 08:00:00,84,7.8,9.5,1016.9,100,35.0
2025-12-02 09:00:00,82,9.4,12.0,1017.3,45,158.0
2025-12-02 10:00:00,79,10.9,14.2,1017.1,94,320.0
2025-12-02 11:00:00,76,11.5,15.7,1016.5,75,386.0
2025-12-02 12:00:00,74,12.1,16.2,1015.2,78,414.0
2025-12-02 13:00:00,63,10.1,15.9,1014.7,58,361.0
2025-12-02 14:00:00,53,7.6,14.2,1014.8,86,432.0
2025-12-02 15:00:00,52,6.3,12.3,1014.9,77,330.0
2025-12-02 16:00:00,52,5.4,11.3,1015.3,92,195.0
2025-12-02 17:00:00,57,5.8,10.6,1016.1,98,56.0
2025-12-02 18:00:00,68,6.9,9.5,1016.7,100,0.0
2025-12-02 19:00:00,69,6.8,9.8,1016.8,100,0.0
2025-12-02 20:00:00,70,6.7,9.6,1017.3,100,0.0
2025-12-02 21:00:00,75,7.3,9.2,1017.2,100,0.0
2025-12-02 22:00:00,69,6.1,8.5,1017.2,94,0.0
2025-12-02 23:00:00,66,5.2,8.0,1017.3,89,0.0
2025-12-03 00:00:00,62,4.0,7.4,1017.3,45,0.0
2025-12-03 01:00:00,58,2.6,6.6,1017.4,8,0.0
2025-12-03 02:00:00,56,1.4,5.0,1017.6,1,0.0
2025-12-03 03:00:00,53,0.6,4.9,1017.5,3,0.0
2025-12-03 04:00:00,50,-0.6,4.2,1017.5,9,0.0
2025-12-03 05:00:00,52,-0.7,3.4,1017.9,13,0.0
2025-12-03 06:00:00,51,-0.9,2.7,1018.2,38,0.0
2025-12-03 07:00:00,53,-1.1,1.9,1018.6,98,0.0
2025-12-03 08:00:00,53,-1.0,2.0,1019.0,99,21.0
2025-12-03 09:00:00,52,-1.1,2.5,1019.5,100,75.0
2025-12-03 10:00:00,54,-0.9,1.9,1020.0,100,142.0
2025-12-03 11:00:00,54,-0.8,2.1,1019.8,85,236.0
2025-12-03 12:00:00,53,-1.6,1.2,1019.5,54,285.0
2025-12-03 13:00:00,46,-3.3,1.2,1019.0,18,447.0
2025-12-03 14:00:00,42,-4.8,0.7,1018.5,23,478.0
2025-12-03 15:00:00,41,-5.3,0.8,1018.7,36,351.0
2025-12-03 16:00:00,43,-5.6,0.2,1019.2,25,190.0
2025-12-03 17:00:00,49,-4.4,-0.0,1019.3,13,56.0
2025-12-03 18:00:00,48,-4.4,-0.0,1019.8,59,0.0
2025-12-03 19:00:00,43,-5.7,0.2,1020.1,49,0.0
2025-12-03 20:00:00,46,-4.6,0.2,1020.2,38,0.0
2025-12-03 21:00:00,45,-4.8,-0.3,1020.9,13,0.0
2025-12-03 22:00:00,47,-5.0,-1.5,1021.6,38,0.0
2025-12-03 23:00:00,52,-4.0,-1.7,1022.5,10,0.0
2025-12-04 00:00:00,53,-4.3,-2.6,1022.8,18,0.0
2025-12-04 01:00:00,55,-4.3,-2.4,1022.6,8,0.0
2025-12-04 02:00:00,53,-4.4,-1.7,1022.7,12,0.0
2025-12-04 03:00:00,54,-4.3,-1.7,1023.1,2,0.0
2025-12-04 04:00:00,53,-4.7,-1.5,1023.3,14,0.0
2025-12-04 05:00:00,53,-4.6,-1.6,1023.6,25,0.0
2025-12-04 06:00:00,53,-4.7,-1.3,1024.0,56,0.0
2025-12-04 07:00:00,51,-4.7,-0.5,1024.1,97,0.0
2025-12-04 08:00:00,51,-4.1,0.0,1024.2,100,29.0
2025-12-04 09:00:00,52,-3.1,1.3,1024.9,100,114.0
2025-12-04 10:00:00,49,-3.1,1.5,1025.0,100,185.0
2025-12-04 11:00:00,48,-3.0,1.8,1024.7,100,225.0
2025-12-04 12:00:00,47,-2.8,2.0,1024.3,100,253.0
2025-12-04 13:00:00,45,-3.3,2.1,1023.8,94,227.0
2025-12-04 14:00:00,43,-3.6,2.3,1023.3,100,238.0
2025-12-04 15:00:00,48,-2.3,2.9,1023.0,100,179.0
2025-12-04 16:00:00,44,-2.8,3.2,1022.8,100,80.0
2025-12-04 17:00:00,53,-0.7,3.5,1022.7,100,29.0
2025-12-04 18:00:00,54,-0.4,3.8,1022.9,97,0.0
2025-12-04 19:00:00,52,-1.0,3.9,1022.9,100,0.0
2025-12-04 20:00:00,52,-1.4,3.4,1022.9,99,0.0
2025-12-04 21:00:00,55,-0.3,4.3,1023.2,93,0.0
2025-12-04 22:00:00,58,0.2,3.6,1023.3,98,0.0
2025-12-04 23:00:00,53,-0.6,3.8,1023.1,100,0.0
2025-12-05 00:00:00,53,-0.2,3.0,1022.9,11,0.0
2025-12-05 01:00:00,43,-2.6,3.0,1022.1,70,0.0
2025-12-05 02:00:00,47,-1.4,3.5,1021.8,88,0.0
2025-12-05 03:00:00,50,-0.4,3.7,1022.0,98,0.0
2025-12-05 04:00:00,65,3.0,4.4,1021.0,78,0.0
2025-12-05 05:00:00,61,1.6,3.5,1021.1,93,0.0
2025-12-05 06:00:00,80,4.7,3.6,1021.5,59,0.0
2025-12-05 07:00:00,64,2.0,3.1,1021.8,25,0.0
2025-12-05 08:00:00,53,-0.7,2.5,1022.4,34,32.0
2025-12-05 09:00:00,40,-3.8,2.5,1023.8,8,182.0
2025-12-05 10:00:00,40,-4.2,2.4,1024.9,26,323.0
2025-12-05 11:00:00,37,-4.9,3.1,1024.8,0,460.0
2025-12-05 12:00:00,39,-4.4,3.3,1024.3,16,548.0
2025-12-05 13:00:00,36,-5.1,3.5,1023.8,12,536.0
2025-12-05 14:00:00,37,-4.8,3.8,1023.5,36,459.0
2025-12-05 15:00:00,38,-4.4,4.6,1023.4,3,353.0
2025-12-05 16:00:00,40,-4.2,4.4,1023.6,0,225.0
2025-12-05 17:00:00,48,-2.8,3.6,1023.7,0,63.0
2025-12-05 18:00:00,56,-1.5,3.2,1024.1,0,0.0
2025-12-05 19:00:00,65,-0.6,2.5,1024.2,0,0.0
2025-12-05 20:00:00,72,-0.1,1.7,1024.4,0,0.0
2025-12-05 21:00:00,75,0.2,1.6,1024.5,0,0.0
2025-12-05 22:00:00,76,-0.6,0.5,1024.3,0,0.0
2025-12-05 23:00:00,72,-1.3,0.5,1024.2,0,0.0
2025-12-06 00:00:00,72,-1.5,-0.1,1024.2,0,0.0
2025-12-06 01:00:00,73,-1.8,-0.9,1023.9,0,0.0
2025-12-06 02:00:00,75,-2.0,-1.3,1023.8,2,0.0
2025-12-06 03:00:00,73,-2.5,-1.7,1023.8,2,0.0
2025-12-06 04:00:00,74,-2.8,-2.1,1023.3,2,0.0
2025-12-06 05:00:00,73,-2.8,-1.5,1023.2,3,0.0
2025-12-06 06:00:00,74,-2.3,-1.1,1023.4,4,0.0
2025-12-06 07:00:00,76,-2.2,-1.3,1023.5,5,0.0
2025-12-06 08:00:00,70,-0.8,1.4,1023.7,5,36.0
2025-12-06 09:00:00,72,2.1,4.4,1024.5,13,177.0
2025-12-06 10:00:00,68,3.2,5.9,1024.6,10,340.0
2025-12-06 11:00:00,54,1.1,6.6,1024.1,1,466.0
2025-12-06 12:00:00,50,0.6,7.3,1023.0,3,543.0
2025-12-06 13:00:00,49,0.9,7.9,1022.2,0,546.0
2025-12-06 14:00:00,46,0.7,8.8,1021.6,1,486.0
2025-12-06 15:00:00,44,0.6,8.8,1021.2,19,381.0
2025-12-06 16:00:00,44,0.3,8.5,1021.2,11,209.0
2025-12-06 17:00:00,50,1.6,7.9,1021.4,27,59.0
2025-12-06 18:00:00,55,2.6,7.2,1021.9,40,0.0
2025-12-06 19:00:00,60,3.8,7.7,1022.3,45,0.0
2025-12-06 20:00:00,62,4.1,7.7,1022.7,53,0.0
2025-12-06 21:00:00,71,6.5,8.6,1022.8,80,0.0
2025-12-06 22:00:00,73,6.7,8.5,1022.6,67,0.0
2025-12-06 23:00:00,72,6.4,8.3,1022.6,99,0.0
2025-12-07 00:00:00,67,5.7,8.4,1022.3,97,0.0
2025-12-07 01:00:00,67,5.9,8.7,1022.3,70,0.0
2025-12-07 02:00:00,66,5.8,8.8,1022.2,3,0.0
2025-12-07 03:00:00,71,5.8,8.5,1022.3,26,0.0
2025-12-07 04:00:00,73,5.9,8.3,1021.9,22,0.0
2025-12-07 05:00:00,80,6.1,7.6,1021.7,44,0.0
2025-12-07 06:00:00,78,5.5,7.8,1022.0,45,0.0
2025-12-07 07:00:00,76,5.4,8.4,1022.0,31,0.0
2025-12-07 08:00:00,77,6.2,8.9,1022.4,37,30.0
2025-12-07 09:00:00,69,6.9,11.0,1022.9,18,150.0
2025-12-07 10:00:00,63,6.8,12.5,1023.1,29,306.0
2025-12-07 11:00:00,61,7.0,13.5,1022.5,30,369.0
2025-12-07 12:00:00,61,7.4,14.1,1021.7,5,409.0
2025-12-07 13:00:00,59,7.8,15.0,1021.0,23,462.0
2025-12-07 14:00:00,58,8.0,15.4,1020.9,61,406.0
2025-12-07 15:00:00,58,8.5,15.9,1020.5,27,244.0
2025-12-07 16:00:00,58,8.4,15.2,1020.6,1,187.0
2025-12-07 17:00:00,67,9.1,13.7,1020.7,8,57.0
2025-12-07 18:00:00,72,9.4,13.0,1021.1,14,0.0
2025-12-07 19:00:00,83,9.8,11.9,1021.2,30,0.0
2025-12-07 20:00:00,80,10.4,12.7,1021.3,27,0.0
2025-12-07 21:00:00,83,10.6,12.6,1021.0,18,0.0
2025-12-07 22:00:00,86,10.9,12.4,1020.9,5,0.0
2025-12-07 23:00:00,88,10.8,12.0,1020.6,13,0.0
2025-12-08 00:00:00,87,10.4,11.7,1020.3,15,0.0
2025-12-08 01:00:00,86,10.6,11.7,1020.5,30,0.0
2025-12-08 02:00:00,85,10.5,11.5,1020.1,24,0.0
2025-12-08 03:00:00,81,10.1,11.4,1020.0,26,0.0
2025-12-08 04:00:00,82,10.2,11.5,1019.8,44,0.0
2025-12-08 05:00:00,85,10.1,11.1,1019.9,40,0.0
2025-12-08 06:00:00,80,9.8,10.7,1020.2,52,0.0
2025-12-08 07:00:00,75,9.2,11.0,1020.5,42,0.0
2025-12-08 08:00:00,77,9.2,11.0,1021.1,55,32.0
2025-12-08 09:00:00,71,9.3,12.4,1021.6,45,159.0
2025-12-08 10:00:00,58,8.1,13.9,1022.1,98,277.0
2025-12-08 11:00:00,51,6.2,12.8,1021.8,100,368.0
2025-12-08 12:00:00,46,4.4,12.1,1021.2,88,414.0
2025-12-08 13:00:00,45,3.7,11.8,1021.0,67,419.0
2025-12-08 14:00:00,46,3.5,11.1,1021.2,95,445.0
2025-12-08 15:00:00,46,3.2,10.6,1021.4,100,286.0
2025-12-08 16:00:00,48,2.5,9.2,1022.0,73,161.0
2025-12-08 17:00:00,53,2.7,8.4,1022.5,25,51.0
2025-12-08 18:00:00,60,3.0,7.2,1023.0,0,0.0
2025-12-08 19:00:00,64,3.2,6.3,1023.3,5,0.0
2025-12-08 20:00:00,66,3.0,6.0,1023.7,23,0.0
2025-12-08 21:00:00,68,3.0,5.9,1023.9,15,0.0
2025-12-08 22:00:00,72,3.2,5.5,1024.1,20,0.0
2025-12-08 23:00:00,73,3.0,5.0,1024.1,29,0.0
2025-12-09 00:00:00,73,2.7,4.6,1024.0,19,0.0
2025-12-09 01:00:00,76,2.5,3.9,1024.0,9,0.0
2025-12-09 02:00:00,76,2.2,3.5,1024.1,2,0.0
2025-12-09 03:00:00,77,2.2,3.3,1024.5,5,0.0
2025-12-09 04:00:00,82,1.5,1.8,1024.1,9,0.0
2025-12-09 05:00:00,81,0.9,1.2,1024.3,7,0.0
2025-12-09 06:00:00,80,0.8,1.3,1024.6,15,0.0
2025-12-09 07:00:00,77,0.3,1.1,1024.6,2,0.0
2025-12-09 08:00:00,71,0.4,1.8,1024.8,5,34.0
2025-12-09 09:00:00,60,1.2,5.4,1025.3,1,178.0
2025-12-09 10:00:00,51,1.0,7.6,1025.3,0,336.0
2025-12-09 11:00:00,45,0.3,9.4,1024.6,6,458.0
2025-12-09 12:00:00,42,-0.1,9.7,1024.0,33,530.0
2025-12-09 13:00:00,42,0.4,9.6,1023.3,36,477.0
2025-12-09 14:00:00,44,0.9,9.4,1023.0,3,381.0
2025-12-09 15:00:00,41,0.2,9.3,1022.7,1,368.0
2025-12-09 16:00:00,39,-1.2,8.3,1023.4,0,220.0
2025-12-09 17:00:00,47,0.0,7.2,1024.0,2,62.0
2025-12-09 18:00:00,58,1.4,5.7,1024.5,5,0.0
2025-12-09 19:00:00,62,1.4,4.7,1024.6,9,0.0
2025-12-09 20:00:00,65,1.3,4.1,1025.0,4,0.0
2025-12-09 21:00:00,68,1.5,3.8,1025.2,32,0.0
2025-12-09 22:00:00,69,1.6,3.7,1025.0,27,0.0
2025-12-09 23:00:00,70,1.6,3.6,1025.1,85,0.0
2025-12-10 00:00:00,68,1.2,3.5,1025.0,96,0.0
2025-12-10 01:00:00,65,0.4,3.2,1024.9,100,0.0
2025-12-10 02:00:00,64,-0.1,3.0,1024.8,98,0.0
2025-12-10 03:00:00,65,-0.6,2.5,1025.3,100,0.0
2025-12-10 04:00:00,67,-0.6,2.0,1025.4,100,0.0
2025-12-10 05:00:00,66,-0.5,2.3,1025.5,100,0.0
2025-12-10 06:00:00,70,-0.1,2.2,1025.6,100,0.0
2025-12-10 07:00:00,74,0.9,2.6,1025.6,100,0.0
2025-12-10 08:00:00,73,1.8,3.8,1025.9,100,24.0
2025-12-10 09:00:00,64,1.9,5.9,1026.3,100,127.0
2025-12-10 10:00:00,63,3.4,8.4,1026.6,100,247.0
2025-12-10 11:00:00,58,3.7,9.4,1025.8,36,397.0
2025-12-10 12:00:00,56,3.6,9.6,1024.7,23,521.0
2025-12-10 13:00:00,57,3.9,9.6,1024.0,45,522.0
2025-12-10 14:00:00,56,3.8,9.4,1023.6,66,466.0
2025-12-10 15:00:00,54,3.0,9.1,1023.0,100,336.0
2025-12-10 16:00:00,54,2.7,8.7,1023.3,100,180.0
2025-12-10 17:00:00,63,3.4,7.9,1023.3,100,52.0
2025-12-10 18:00:00,69,4.0,8.0,1023.4,100,0.0
2025-12-10 19:00:00,71,3.9,6.8,1023.3,100,0.0
2025-12-10 20:00:00,72,3.7,5.7,1023.1,100,0.0
2025-12-10 21:00:00,71,3.0,5.0,1023.4,100,0.0
2025-12-10 22:00:00,73,2.6,4.4,1023.2,100,0.0
2025-12-10 23:00:00,75,2.7,4.3,1023.0,100,0.0
2025-12-11 00:00:00,73,2.8,4.8,1022.4,100,0.0
2025-12-11 01:00:00,71,3.0,5.2,1021.6,100,0.0
2025-12-11 02:00:00,72,3.4,5.9,1021.5,100,0.0
2025-12-11 03:00:00,72,3.8,6.1,1020.7,100,0.0
2025-12-11 04:00:00,74,5.1,7.5,1020.2,100,0.0
2025-12-11 05:00:00,80,7.0,8.7,1019.5,100,0.0
2025-12-11 06:00:00,80,7.4,8.9,1019.2,100,0.0
2025-12-11 07:00:00,77,7.4,9.2,1018.6,95,0.0
2025-12-11 08:00:00,79,7.7,9.8,1018.8,2,25.0
2025-12-11 09:00:00,73,7.8,11.1,1019.1,71,169.0
2025-12-11 10:00:00,64,7.0,11.9,1018.8,84,264.0
2025-12-11 11:00:00,56,6.1,13.1,1018.2,54,345.0
2025-12-11 12:00:00,64,8.1,13.6,1017.1,66,440.0
2025-12-11 13:00:00,65,8.4,13.6,1016.3,100,366.0
2025-12-11 14:00:00,70,8.7,13.1,1016.4,100,171.0
2025-12-11 15:00:00,62,7.8,13.9,1016.3,60,192.0
2025-12-11 16:00:00,72,9.2,13.6,1016.4,45,93.0
2025-12-11 17:00:00,80,9.6,12.8,1016.8,38,46.0
2025-12-11 18:00:00,83,9.2,11.7,1017.5,99,0.0
2025-12-11 19:00:00,93,10.9,11.6,1018.5,28,0.0
2025-12-11 20:00:00,95,10.3,10.5,1019.4,20,0.0
2025-12-11 21:00:00,88,9.9,9.8,1019.7,20,0.0
2025-12-11 22:00:00,87,9.2,9.0,1020.4,2,0.0
2025-12-11 23:00:00,80,7.5,7.6,1020.9,0,0.0
2025-12-12 00:00:00,69,5.1,6.9,1021.2,0,0.0
2025-12-12 01:00:00,58,2.3,6.5,1022.0,0,0.0
2025-12-12 02:00:00,63,2.8,6.4,1022.6,7,0.0
2025-12-12 03:00:00,65,2.9,5.9,1022.8,20,0.0
2025-12-12 04:00:00,65,2.8,6.0,1022.9,10,0.0
2025-12-12 05:00:00,69,3.9,5.5,1023.5,56,0.0
2025-12-12 06:00:00,75,4.7,4.6,1024.9,100,0.0
2025-12-12 07:00:00,71,3.3,4.0,1025.7,31,0.0
2025-12-12 08:00:00,71,2.7,3.3,1026.8,30,28.0
2025-12-12 09:00:00,64,3.0,5.3,1027.3,34,145.0
2025-12-12 10:00:00,55,1.5,5.8,1027.9,18,298.0
2025-12-12 11:00:00,53,1.4,5.8,1028.0,18,397.0
2025-12-12 12:00:00,51,0.9,5.9,1027.2,5,462.0
2025-12-12 13:00:00,49,0.6,6.0,1026.7,0,513.0
2025-12-12 14:00:00,49,0.2,5.7,1027.1,2,461.0
2025-12-12 15:00:00,49,-0.4,4.9,1027.1,1,354.0
2025-12-12 16:00:00,49,-0.8,4.2,1027.4,3,209.0
2025-12-12 17:00:00,54,-0.9,2.8,1027.8,24,62.0
2025-12-12 18:00:00,54,-1.9,1.6,1028.3,0,0.0
2025-12-12 19:00:00,52,-3.0,0.8,1029.0,6,0.0
2025-12-12 20:00:00,51,-3.7,0.4,1029.5,0,0.0
2025-12-12 21:00:00,53,-3.2,0.8,1029.7,0,0.0
2025-12-12 22:00:00,55,-3.3,0.4,1029.7,0,0.0
2025-12-12 23:00:00,57,-3.1,0.2,1029.3,0,0.0
2025-12-13 00:00:00,59,-2.9,0.1,1029.0,0,0.0
2025-12-13 01:00:00,60,-2.8,-0.0,1028.5,0,0.0
2025-12-13 02:00:00,61,-2.6,-0.0,1028.1,0,0.0
2025-12-13 03:00:00,64,-1.8,0.0,1027.8,7,0.0
2025-12-13 04:00:00,63,-2.5,-0.5,1027.2,23,0.0
2025-12-13 05:00:00,61,-3.3,-1.1,1026.8,16,0.0
2025-12-13 06:00:00,61,-3.6,-1.1,1026.6,22,0.0
2025-12-13 07:00:00,59,-3.8,-0.6,1026.6,30,0.0
2025-12-13 08:00:00,55,-3.8,0.3,1026.2,88,25.0
2025-12-13 09:00:00,50,-4.1,1.6,1025.8,99,131.0
2025-12-13 10:00:00,50,-2.7,2.9,1025.3,99,194.0
2025-12-13 11:00:00,54,0.1,5.1,1024.0,100,306.0
2025-12-13 12:00:00,58,1.8,5.9,1022.7,100,216.0
2025-12-13 13:00:00,68,3.8,5.7,1021.1,100,82.0
2025-12-13 14:00:00,82,6.3,6.3,1020.2,100,90.0
2025-12-13 15:00:00,89,7.1,5.9,1019.0,100,91.0
2025-12-13 16:00:00,86,7.2,6.3,1018.3,100,38.0
2025-12-13 17:00:00,88,8.1,6.6,1017.3,100,11.0
2025-12-13 18:00:00,90,9.1,7.4,1016.5,98,0.0
2025-12-13 19:00:00,89,9.5,8.2,1015.9,100,0.0
2025-12-13 20:00:00,93,10.4,8.8,1015.1,100,0.0
2025-12-13 21:00:00,93,10.1,8.6,1014.4,100,0.0
2025-12-13 22:00:00,95,10.8,9.1,1013.1,100,0.0
2025-12-13 23:00:00,95,11.1,9.5,1012.0,100,0.0
2025-12-14 00:00:00,95,11.1,10.0,1011.2,100,0.0
2025-12-14 01:00:00,92,10.8,8.9,1011.4,100,0.0
2025-12-14 02:00:00,94,9.9,6.4,1012.0,100,0.0
2025-12-14 03:00:00,88,9.1,7.5,1012.4,100,0.0
2025-12-14 04:00:00,80,7.6,6.7,1012.3,100,0.0
2025-12-14 05:00:00,68,4.8,5.3,1012.4,20,0.0
2025-12-14 06:00:00,63,2.8,4.3,1013.0,52,0.0
2025-12-14 07:00:00,63,2.0,3.5,1013.5,91,0.0
2025-12-14 08:00:00,61,1.5,3.3,1013.9,26,22.0
2025-12-14 09:00:00,54,0.6,3.9,1014.6,28,144.0
2025-12-14 10:00:00,51,0.2,3.9,1015.2,18,286.0
2025-12-14 11:00:00,47,-0.6,4.0,1015.2,13,405.0
2025-12-14 12:00:00,46,-0.8,3.9,1014.9,55,489.0
2025-12-14 13:00:00,46,-0.8,3.8,1014.6,64,436.0
2025-12-14 14:00:00,49,-0.2,3.8,1014.5,52,311.0
2025-12-14 15:00:00,51,0.3,4.2,1014.5,37,280.0
2025-12-14 16:00:00,55,0.8,4.1,1015.0,21,188.0
2025-12-14 17:00:00,56,0.5,3.4,1015.5,31,56.0
2025-12-14 18:00:00,58,0.3,3.0,1016.3,40,0.0
2025-12-14 19:00:00,58,0.4,3.2,1016.8,15,0.0
2025-12-14 20:00:00,56,-0.2,3.2,1017.4,24,0.0
2025-12-14 21:00:00,62,0.9,4.1,1018.0,33,0.0
2025-12-14 22:00:00,59,0.4,3.8,1018.4,20,0.0
2025-12-14 23:00:00,58,0.2,3.5,1019.1,21,0.0
2025-12-15 00:00:00,59,0.1,2.8,1019.7,20,0.0
2025-12-15 01:00:00,63,0.6,2.6,1020.1,9,0.0
2025-12-15 02:00:00,66,0.9,2.4,1020.6,37,0.0
2025-12-15 03:00:00,69,1.3,2.4,1020.9,28,0.0
2025-12-15 04:00:00,69,1.4,2.6,1021.0,20,0.0
2025-12-15 05:00:00,68,0.9,2.3,1021.3,29,0.0
2025-12-15 06:00:00,67,0.6,2.3,1022.0,46,0.0
2025-12-15 07:00:00,62,0.0,2.3,1022.5,40,0.0
2025-12-15 08:00:00,63,0.2,2.5,1023.1,69,24.0
2025-12-15 09:00:00,57,-0.1,4.1,1024.0,55,123.0
2025-12-15 10:00:00,51,-0.7,4.6,1024.4,95,281.0
2025-12-15 11:00:00,49,-0.7,5.2,1024.1,94,271.0
2025-12-15 12:00:00,47,-0.8,5.8,1023.8,84,336.0
2025-12-15 13:00:00,46,-0.8,6.2,1023.1,91,340.0
2025-12-15 14:00:00,47,-0.5,6.3,1023.3,75,348.0
2025-12-15 15:00:00,51,0.3,6.6,1023.0,63,248.0
2025-12-15 16:00:00,50,0.2,6.5,1023.0,77,143.0
2025-12-15 17:00:00,57,1.2,6.3,1023.4,61,40.0
2025-12-15 18:00:00,66,2.3,5.6,1023.8,48,0.0
2025-12-15 19:00:00,79,2.7,3.7,1024.3,1,0.0
2025-12-15 20:00:00,79,1.6,2.6,1024.2,2,0.0
2025-12-15 21:00:00,84,1.9,2.2,1024.2,15,0.0
2025-12-15 22:00:00,83,0.9,1.2,1024.4,13,0.0
2025-12-15 23:00:00,78,0.6,2.0,1024.5,23,0.0
2025-12-16 00:00:00,73,0.6,3.0,1024.4,30,0.0
2025-12-16 01:00:00,77,1.7,3.4,1024.2,48,0.0
2025-12-16 02:00:00,83,2.9,3.6,1024.3,58,0.0
2025-12-16 03:00:00,78,1.8,3.3,1023.8,25,0.0
2025-12-16 04:00:00,81,1.2,1.9,1023.6,16,0.0
2025-12-16 05:00:00,78,0.6,1.8,1023.5,37,0.0
2025-12-16 06:00:00,78,0.9,2.3,1023.6,100,0.0
2025-12-16 07:00:00,79,1.6,2.7,1023.8,32,0.0
2025-12-16 08:00:00,81,2.9,3.9,1023.9,19,22.0
2025-12-16 09:00:00,76,4.4,6.6,1024.1,46,151.0
2025-12-16 10:00:00,75,5.4,8.3,1024.5,62,266.0
2025-12-16 11:00:00,73,5.8,9.2,1024.3,54,318.0
2025-12-16 12:00:00,70,5.9,9.6,1023.4,38,387.0
2025-12-16 13:00:00,69,6.3,9.5,1022.8,83,389.0
2025-12-16 14:00:00,71,6.9,9.7,1022.7,84,286.0
2025-12-16 15:00:00,56,4.6,10.0,1022.2,69,178.0
2025-12-16 16:00:00,58,4.3,9.5,1022.4,59,194.0
2025-12-16 17:00:00,72,5.1,8.0,1022.5,35,61.0
2025-12-16 18:00:00,79,4.5,6.2,1022.8,52,0.0
2025-12-16 19:00:00,83,4.3,5.3,1022.8,1,0.0
2025-12-16 20:00:00,83,3.3,4.0,1022.9,0,0.0
2025-12-16 21:00:00,82,4.1,5.0,1022.8,93,0.0
2025-12-16 22:00:00,81,4.3,5.5,1022.4,39,0.0
2025-12-16 23:00:00,80,4.3,5.8,1022.1,9,0.0
2025-12-17 00:00:00,79,4.0,5.7,1021.8,27,0.0
2025-12-17 01:00:00,78,3.8,5.7,1021.4,31,0.0
2025-12-17 02:00:00,81,4.2,5.3,1021.0,55,0.0
2025-12-17 03:00:00,81,4.9,5.8,1020.6,96,0.0
2025-12-17 04:00:00,81,5.9,6.9,1019.9,100,0.0
2025-12-17 05:00:00,85,7.2,7.7,1019.3,99,0.0
2025-12-17 06:00:00,86,7.8,8.4,1019.2,100,0.0
2025-12-17 07:00:00,83,8.0,9.1,1019.1,85,0.0
2025-12-17 08:00:00,79,7.9,9.7,1018.9,100,11.0
2025-12-17 09:00:00,89,9.6,10.2,1019.1,100,56.0
2025-12-17 10:00:00,83,9.6,11.1,1019.1,100,134.0
2025-12-17 11:00:00,83,9.4,10.7,1018.8,99,154.0
2025-12-17 12:00:00,93,10.6,9.1,1018.2,100,86.0
2025-12-17 13:00:00,88,10.8,10.5,1017.5,100,111.0
2025-12-17 14:00:00,76,9.9,11.4,1017.4,14,164.0
2025-12-17 15:00:00,67,8.3,11.4,1017.8,27,321.0
2025-12-17 16:00:00,69,8.4,11.4,1018.3,24,188.0
2025-12-17 17:00:00,72,7.5,9.7,1018.9,24,55.0
2025-12-17 18:00:00,74,6.7,8.3,1019.8,23,0.0
2025-12-17 19:00:00,73,5.9,7.6,1020.5,20,0.0
2025-12-17 20:00:00,65,3.8,6.9,1021.2,19,0.0
2025-12-17 21:00:00,67,4.3,7.2,1021.6,25,0.0
2025-12-17 22:00:00,70,4.3,6.2,1021.8,5,0.0
2025-12-17 23:00:00,71,4.0,5.8,1022.1,0,0.0
2025-12-18 00:00:00,73,3.7,5.3,1022.1,0,0.0
2025-12-18 01:00:00,79,3.5,4.5,1022.0,0,0.0
2025-12-18 02:00:00,81,3.0,3.7,1022.1,0,0.0
2025-12-18 03:00:00,84,3.2,3.6,1022.6,2,0.0
2025-12-18 04:00:00,81,1.6,2.3,1022.6,10,0.0
2025-12-18 05:00:00,84,1.5,1.7,1022.6,8,0.0
2025-12-18 06:00:00,83,1.5,1.6,1023.2,17,0.0
2025-12-18 07:00:00,80,1.5,2.5,1023.8,12,0.0
2025-12-18 08:00:00,80,2.5,3.6,1024.5,13,23.0
2025-12-18 09:00:00,78,6.4,8.9,1024.9,44,158.0
2025-12-18 10:00:00,73,7.3,11.1,1025.4,34,302.0
2025-12-18 11:00:00,70,8.0,12.6,1025.0,44,426.0
2025-12-18 12:00:00,66,7.8,12.9,1024.4,89,415.0
2025-12-18 13:00:00,67,7.8,12.3,1023.7,100,343.0
2025-12-18 14:00:00,69,7.9,11.6,1023.7,100,305.0
2025-12-18 15:00:00,67,7.8,11.8,1023.5,49,211.0
2025-12-18 16:00:00,67,7.4,11.7,1023.5,62,150.0
2025-12-18 17:00:00,77,8.1,10.6,1023.7,52,55.0
2025-12-18 18:00:00,82,8.1,9.6,1024.2,97,0.0
2025-12-18 19:00:00,83,8.1,9.4,1024.6,29,0.0
2025-12-18 20:00:00,85,7.9,8.3,1024.9,20,0.0
2025-12-18 21:00:00,88,8.1,8.0,1025.1,0,0.0
2025-12-18 22:00:00,87,7.4,7.5,1025.1,0,0.0
2025-12-18 23:00:00,85,6.8,7.4,1025.0,0,0.0
2025-12-19 00:00:00,84,6.4,7.2,1025.0,0,0.0
2025-12-19 01:00:00,84,6.7,7.4,1024.7,10,0.0
2025-12-19 02:00:00,86,7.3,7.5,1024.6,16,0.0
2025-12-19 03:00:00,82,6.8,7.1,1024.8,12,0.0
2025-12-19 04:00:00,84,7.1,7.5,1024.5,2,0.0
2025-12-19 05:00:00,86,7.3,7.4,1024.7,1,0.0
2025-12-19 06:00:00,87,7.4,7.3,1025.0,1,0.0
2025-12-19 07:00:00,88,7.5,7.3,1025.4,9,0.0
2025-12-19 08:00:00,88,7.8,7.7,1025.5,95,23.0
2025-12-19 09:00:00,88,9.4,9.3,1025.5,95,153.0
2025-12-19 10:00:00,75,8.8,10.2,1025.7,94,292.0
2025-12-19 11:00:00,75,9.3,11.0,1025.3,97,387.0
2025-12-19 12:00:00,73,9.6,11.7,1024.2,91,405.0
2025-12-19 13:00:00,73,9.9,12.0,1023.2,78,391.0
2025-12-19 14:00:00,74,9.8,11.8,1022.7,66,379.0
2025-12-19 15:00:00,75,9.9,12.1,1022.3,11,317.0
2025-12-19 16:00:00,77,10.4,12.6,1022.2,9,207.0
2025-12-19 17:00:00,83,10.8,11.4,1022.1,0,61.0
2025-12-19 18:00:00,84,10.9,11.0,1021.9,2,0.0
2025-12-19 19:00:00,85,11.2,11.0,1022.1,5,0.0
2025-12-19 20:00:00,85,11.9,11.8,1022.1,31,0.0
2025-12-19 21:00:00,81,11.4,11.8,1022.3,100,0.0
2025-12-19 22:00:00,80,11.4,12.4,1022.5,100,0.0
2025-12-19 23:00:00,84,12.4,13.2,1022.7,100,0.0
2025-12-20 00:00:00,93,13.2,12.9,1022.4,100,0.0
2025-12-20 01:00:00,95,13.1,12.5,1022.1,100,0.0
2025-12-20 02:00:00,93,12.8,12.0,1022.0,100,0.0
2025-12-20 03:00:00,94,12.4,11.4,1022.1,100,0.0
2025-12-20 04:00:00,95,12.4,11.6,1021.8,100,0.0
2025-12-20 05:00:00,95,12.3,11.3,1021.6,100,0.0
2025-12-20 06:00:00,95,12.5,11.7,1021.6,100,0.0
2025-12-20 07:00:00,93,12.4,11.7,1021.4,81,0.0
2025-12-20 08:00:00,93,12.5,12.0,1021.3,21,12.0
2025-12-20 09:00:00,94,12.9,12.5,1022.0,43,136.0
2025-12-20 10:00:00,84,12.7,14.2,1022.3,48,246.0
2025-12-20 11:00:00,79,12.7,14.9,1021.4,20,335.0
2025-12-20 12:00:00,79,13.1,15.2,1020.1,23,459.0
2025-12-20 13:00:00,78,13.4,15.9,1019.2,15,428.0
2025-12-20 14:00:00,77,13.4,16.3,1018.6,8,443.0
2025-12-20 15:00:00,78,13.3,15.8,1018.1,17,344.0
2025-12-20 16:00:00,81,13.2,15.1,1018.3,13,202.0
2025-12-20 17:00:00,88,13.3,13.8,1018.6,95,62.0
2025-12-20 18:00:00,87,13.4,14.3,1018.8,100,0.0
2025-12-20 19:00:00,88,13.6,15.1,1018.9,86,0.0
2025-12-20 20:00:00,91,13.8,14.9,1018.9,84,0.0
2025-12-20 21:00:00,95,14.2,14.8,1018.7,89,0.0
2025-12-20 22:00:00,95,14.6,15.9,1018.1,100,0.0
2025-12-20 23:00:00,96,14.1,15.4,1017.8,100,0.0
2025-12-21 00:00:00,98,14.1,15.2,1017.9,91,0.0
2025-12-21 01:00:00,98,13.9,14.8,1017.9,100,0.0
2025-12-21 02:00:00,98,13.8,14.8,1017.5,100,0.0
2025-12-21 03:00:00,90,13.6,15.1,1017.1,100,0.0
2025-12-21 04:00:00,96,13.8,14.6,1016.8,100,0.0
2025-12-21 05:00:00,97,13.6,13.3,1017.2,100,0.0
2025-12-21 06:00:00,95,13.6,13.9,1017.3,89,0.0
2025-12-21 07:00:00,96,13.4,13.0,1017.9,100,0.0
2025-12-21 08:00:00,85,10.1,9.4,1018.6,77,8.0
2025-12-21 09:00:00,79,9.3,9.9,1019.6,100,100.0
2025-12-21 10:00:00,68,7.6,10.2,1019.8,100,57.0
2025-12-21 11:00:00,51,3.8,9.4,1019.8,99,122.0
2025-12-21 12:00:00,41,1.1,9.2,1019.6,89,349.0
2025-12-21 13:00:00,41,0.9,8.6,1020.0,2,375.0
2025-12-21 14:00:00,46,1.6,7.8,1020.5,6,450.0
2025-12-21 15:00:00,52,2.7,7.7,1020.9,49,367.0
2025-12-21 16:00:00,52,2.7,8.0,1021.0,96,207.0
2025-12-21 17:00:00,57,3.3,7.8,1021.5,100,31.0
2025-12-21 18:00:00,62,3.8,6.5,1022.4,41,0.0
2025-12-21 19:00:00,63,3.3,6.1,1022.8,18,0.0
2025-12-21 20:00:00,60,2.0,5.0,1023.0,8,0.0
2025-12-21 21:00:00,67,3.3,5.4,1023.6,32,0.0
2025-12-21 22:00:00,65,2.3,5.2,1023.9,8,0.0
2025-12-21 23:00:00,64,1.6,4.8,1024.4,2,0.0
2025-12-22 00:00:00,64,1.6,4.6,1024.6,4,0.0
2025-12-22 01:00:00,70,2.1,4.0,1024.7,5,0.0
2025-12-22 02:00:00,72,2.3,4.0,1024.8,25,0.0
2025-12-22 03:00:00,73,2.5,4.5,1025.1,16,0.0
2025-12-22 04:00:00,79,2.4,3.3,1024.9,30,0.0
2025-12-22 05:00:00,81,3.0,3.7,1025.2,52,0.0
2025-12-22 06:00:00,82,3.0,3.5,1025.6,5,0.0
2025-12-22 07:00:00,78,3.0,3.7,1026.0,38,0.0
2025-12-22 08:00:00,78,4.0,4.1,1026.3,19,19.0
2025-12-22 09:00:00,72,4.9,6.8,1026.8,20,146.0
2025-12-22 10:00:00,62,4.3,8.0,1027.6,16,289.0
2025-12-22 11:00:00,56,3.7,8.9,1027.1,50,394.0
2025-12-22 12:00:00,52,3.2,9.7,1026.2,25,421.0
2025-12-22 13:00:00,49,2.9,9.7,1025.6,56,486.0
2025-12-22 14:00:00,49,2.8,9.3,1025.4,17,401.0
2025-12-22 15:00:00,48,2.5,10.1,1024.9,63,335.0
2025-12-22 16:00:00,54,3.3,9.0,1025.4,32,208.0
2025-12-22 17:00:00,59,3.2,7.0,1025.9,23,62.0
2025-12-22 18:00:00,61,2.5,5.4,1026.2,67,0.0
2025-12-22 19:00:00,61,2.0,5.5,1026.5,89,0.0
2025-12-22 20:00:00,61,1.6,4.9,1026.8,45,0.0
2025-12-22 21:00:00,70,2.9,5.0,1027.1,81,0.0
2025-12-22 22:00:00,69,2.7,5.0,1027.5,74,0.0
2025-12-22 23:00:00,66,2.7,5.0,1027.6,56,0.0
2025-12-23 00:00:00,67,2.4,4.1,1027.6,100,0.0
2025-12-23 01:00:00,66,1.9,3.8,1027.6,5,0.0
2025-12-23 02:00:00,63,0.4,3.1,1027.3,2,0.0
2025-12-23 03:00:00,66,0.4,2.8,1027.1,2,0.0
2025-12-23 04:00:00,72,0.2,2.0,1027.0,1,0.0
2025-12-23 05:00:00,77,0.1,1.2,1027.0,0,0.0
2025-12-23 06:00:00,71,-0.1,2.0,1027.0,5,0.0
2025-12-23 07:00:00,66,0.4,2.7,1026.7,5,0.0
2025-12-23 08:00:00,67,1.1,2.7,1026.5,22,20.0
2025-12-23 09:00:00,65,1.6,3.9,1025.5,44,147.0
2025-12-23 10:00:00,64,3.3,6.5,1025.2,60,288.0
2025-12-23 11:00:00,66,5.0,8.0,1024.5,18,377.0
2025-12-23 12:00:00,68,6.3,8.1,1023.6,55,491.0
2025-12-23 13:00:00,68,7.0,8.7,1022.2,7,469.0
2025-12-23 14:00:00,69,7.4,9.4,1021.5,1,461.0
2025-12-23 15:00:00,72,8.1,9.7,1021.2,100,370.0
2025-12-23 16:00:00,76,9.0,10.4,1021.1,100,208.0
2025-12-23 17:00:00,81,9.6,10.3,1021.0,100,54.0
2025-12-23 18:00:00,83,9.5,10.1,1020.9,99,0.0
2025-12-23 19:00:00,85,9.9,9.9,1020.1,100,0.0
2025-12-23 20:00:00,85,9.6,9.8,1020.2,100,0.0
2025-12-23 21:00:00,86,9.4,9.1,1020.0,100,0.0
2025-12-23 22:00:00,83,9.0,9.0,1019.3,100,0.0
2025-12-23 23:00:00,82,9.1,9.5,1018.8,100,0.0
2025-12-24 00:00:00,82,9.3,10.1,1018.2,97,0.0
2025-12-24 01:00:00,83,9.6,10.0,1017.2,99,0.0
2025-12-24 02:00:00,84,9.8,10.0,1017.0,100,0.0
2025-12-24 03:00:00,83,9.8,10.2,1016.7,100,0.0
2025-12-24 04:00:00,82,9.6,10.2,1015.9,100,0.0
2025-12-24 05:00:00,82,9.4,10.1,1015.3,100,0.0
2025-12-24 06:00:00,85,9.7,10.2,1015.4,100,0.0
2025-12-24 07:00:00,90,10.4,10.3,1015.0,100,0.0
2025-12-24 08:00:00,94,11.1,10.6,1015.5,100,4.0
2025-12-24 09:00:00,94,11.4,10.8,1014.9,100,16.0
2025-12-24 10:00:00,96,12.1,11.3,1014.7,100,53.0
2025-12-24 11:00:00,97,12.6,11.9,1013.7,100,116.0
2025-12-24 12:00:00,95,12.4,12.5,1012.9,100,97.0
2025-12-24 13:00:00,95,12.2,12.1,1011.8,99,78.0
2025-12-24 14:00:00,88,12.3,13.4,1010.8,96,228.0
2025-12-24 15:00:00,88,12.6,14.4,1010.6,99,304.0
2025-12-24 16:00:00,87,12.2,13.7,1010.4,87,140.0
2025-12-24 17:00:00,92,12.1,13.6,1010.6,100,37.0
2025-12-24 18:00:00,92,12.1,13.5,1010.6,100,0.0
2025-12-24 19:00:00,96,12.3,13.0,1010.5,100,0.0
2025-12-24 20:00:00,97,12.4,12.8,1010.6,100,0.0
2025-12-24 21:00:00,97,12.4,12.6,1010.7,100,0.0
2025-12-24 22:00:00,97,12.5,12.2,1010.3,100,0.0
2025-12-24 23:00:00,96,12.3,12.1,1010.3,100,0.0
2025-12-25 00:00:00,94,12.1,11.8,1009.7,100,0.0
2025-12-25 01:00:00,96,11.9,12.0,1009.1,100,0.0
2025-12-25 02:00:00,96,11.8,11.7,1009.1,100,0.0
2025-12-25 03:00:00,94,11.8,12.0,1008.7,100,0.0
2025-12-25 04:00:00,95,11.7,11.2,1008.1,100,0.0
2025-12-25 05:00:00,95,11.3,10.6,1007.6,100,0.0
2025-12-25 06:00:00,94,10.9,10.2,1008.0,100,0.0
2025-12-25 07:00:00,94,10.6,9.3,1008.6,100,0.0
2025-12-25 08:00:00,93,9.8,7.9,1009.3,100,3.0
2025-12-25 09:00:00,90,9.4,8.3,1009.6,100,30.0
2025-12-25 10:00:00,88,9.5,8.7,1010.1,100,68.0
2025-12-25 11:00:00,82,8.6,8.0,1010.0,100,126.0
2025-12-25 12:00:00,61,4.2,6.7,1009.6,100,161.0
2025-12-25 13:00:00,47,0.6,5.4,1009.4,100,328.0
2025-12-25 14:00:00,48,0.0,3.9,1009.7,36,438.0
2025-12-25 15:00:00,42,-2.0,3.1,1010.1,10,376.0
2025-12-25 16:00:00,45,-1.9,2.3,1011.1,20,232.0
2025-12-25 17:00:00,45,-3.0,1.5,1012.0,17,66.0
2025-12-25 18:00:00,49,-2.7,0.5,1012.9,14,0.0
2025-12-25 19:00:00,47,-3.7,-0.2,1013.0,23,0.0
2025-12-25 20:00:00,45,-4.6,-0.9,1013.3,48,0.0
2025-12-25 21:00:00,54,-2.5,-0.7,1013.6,23,0.0
2025-12-25 22:00:00,55,-2.8,-1.4,1014.3,27,0.0
2025-12-25 23:00:00,54,-3.7,-2.1,1014.4,14,0.0
2025-12-26 00:00:00,52,-4.8,-3.2,1014.5,23,0.0
2025-12-26 01:00:00,54,-4.9,-4.2,1014.8,34,0.0
2025-12-26 02:00:00,60,-4.2,-4.9,1015.2,64,0.0
2025-12-26 03:00:00,58,-4.6,-4.8,1016.0,51,0.0
2025-12-26 04:00:00,57,-5.2,-5.2,1016.0,41,0.0
2025-12-26 05:00:00,58,-5.2,-5.3,1016.2,25,0.0
2025-12-26 06:00:00,58,-5.4,-5.7,1016.7,22,0.0
2025-12-26 07:00:00,62,-4.8,-5.9,1017.4,20,0.0
2025-12-26 08:00:00,62,-4.7,-5.5,1018.0,23,19.0
2025-12-26 09:00:00,47,-8.4,-5.4,1019.9,16,147.0
2025-12-26 10:00:00,47,-7.6,-4.1,1020.6,14,305.0
2025-12-26 11:00:00,42,-7.8,-3.1,1020.3,66,438.0
2025-12-26 12:00:00,47,-6.3,-2.9,1019.9,52,439.0
2025-12-26 13:00:00,46,-6.3,-2.6,1019.8,52,378.0
2025-12-26 14:00:00,49,-5.6,-2.3,1019.9,70,327.0
2025-12-26 15:00:00,52,-5.6,-2.9,1020.5,100,262.0
2025-12-26 16:00:00,52,-5.6,-2.5,1020.8,97,90.0
2025-12-26 17:00:00,54,-5.2,-2.4,1021.5,88,35.0
2025-12-26 18:00:00,53,-5.6,-2.2,1022.1,41,0.0
2025-12-26 19:00:00,52,-5.8,-1.8,1022.4,56,0.0
2025-12-26 20:00:00,54,-5.3,-1.8,1022.7,63,0.0
2025-12-26 21:00:00,56,-5.5,-1.8,1023.2,72,0.0
2025-12-26 22:00:00,61,-4.6,-1.9,1023.3,91,0.0
2025-12-26 23:00:00,63,-4.0,-1.6,1023.3,98,0.0
2025-12-27 00:00:00,62,-3.8,-1.3,1022.6,98,0.0
2025-12-27 01:00:00,64,-3.5,-1.4,1022.3,100,0.0
2025-12-27 02:00:00,63,-3.5,-1.3,1022.6,99,0.0
2025-12-27 03:00:00,64,-3.2,-0.9,1023.2,100,0.0
2025-12-27 04:00:00,65,-2.8,-1.0,1022.9,100,0.0
2025-12-27 05:00:00,63,-3.0,-1.1,1022.9,100,0.0
2025-12-27 06:00:00,61,-3.2,-0.8,1023.3,98,0.0
2025-12-27 07:00:00,62,-3.0,-1.1,1023.3,100,0.0
2025-12-27 08:00:00,62,-3.0,-1.2,1023.7,84,13.0
2025-12-27 09:00:00,57,-3.1,0.5,1024.2,100,124.0
2025-12-27 10:00:00,51,-3.5,1.2,1024.7,100,216.0
2025-12-27 11:00:00,48,-3.7,1.5,1024.1,99,267.0
2025-12-27 12:00:00,48,-3.5,1.7,1023.2,92,287.0
2025-12-27 13:00:00,48,-3.3,1.8,1022.6,80,330.0
2025-12-27 14:00:00,47,-3.5,1.8,1022.3,83,347.0
2025-12-27 15:00:00,49,-3.4,1.6,1022.4,100,219.0
2025-12-27 16:00:00,51,-3.0,1.8,1022.6,100,116.0
2025-12-27 17:00:00,55,-2.2,2.3,1022.9,99,29.0
2025-12-27 18:00:00,59,-1.5,2.1,1023.1,57,0.0
2025-12-27 19:00:00,66,-0.9,1.7,1023.5,68,0.0
2025-12-27 20:00:00,75,-0.3,1.0,1023.8,32,0.0
2025-12-27 21:00:00,74,0.3,1.8,1024.1,20,0.0
2025-12-27 22:00:00,77,-0.6,0.7,1024.2,58,0.0
2025-12-27 23:00:00,73,-0.8,1.3,1024.0,98,0.0
2025-12-28 00:00:00,72,-0.3,1.9,1023.8,100,0.0
2025-12-28 01:00:00,75,0.4,1.9,1023.8,70,0.0
2025-12-28 02:00:00,83,1.5,1.6,1024.1,55,0.0
2025-12-28 03:00:00,83,2.3,2.0,1024.1,88,0.0
2025-12-28 04:00:00,82,2.2,2.2,1023.6,68,0.0
2025-12-28 05:00:00,85,1.5,1.2,1023.4,92,0.0
2025-12-28 06:00:00,85,1.1,1.3,1023.6,34,0.0
2025-12-28 07:00:00,86,0.9,0.8,1023.7,44,0.0
2025-12-28 08:00:00,85,1.4,1.7,1023.7,73,16.0
2025-12-28 09:00:00,75,3.0,4.7,1024.6,77,120.0
2025-12-28 10:00:00,65,2.2,5.5,1024.8,100,221.0
2025-12-28 11:00:00,58,1.2,5.8,1024.3,85,284.0
2025-12-28 12:00:00,51,0.2,6.5,1023.3,99,423.0
2025-12-28 13:00:00,50,0.3,6.5,1022.3,91,378.0
2025-12-28 14:00:00,52,0.6,6.6,1021.6,82,255.0
2025-12-28 15:00:00,51,0.3,6.7,1021.2,99,295.0
2025-12-28 16:00:00,52,0.6,7.1,1021.3,97,118.0
2025-12-28 17:00:00,58,1.5,6.5,1021.5,96,59.0
2025-12-28 18:00:00,64,2.2,6.0,1021.9,95,1.0
2025-12-28 19:00:00,65,2.4,5.8,1022.1,88,0.0
2025-12-28 20:00:00,68,2.2,5.3,1022.2,53,0.0
2025-12-28 21:00:00,64,3.0,6.7,1022.4,95,0.0
2025-12-28 22:00:00,64,3.0,6.8,1022.4,32,0.0
2025-12-28 23:00:00,65,2.9,6.2,1022.2,41,0.0
2025-12-29 00:00:00,68,2.8,5.6,1022.1,38,0.0
2025-12-29 01:00:00,75,3.0,4.7,1021.7,38,0.0
2025-12-29 02:00:00,78,3.7,4.8,1021.3,4,0.0
2025-12-29 03:00:00,79,4.2,5.1,1021.2,34,0.0
2025-12-29 04:00:00,80,4.6,5.1,1020.5,23,0.0
2025-12-29 05:00:00,79,4.1,4.9,1020.4,11,0.0
2025-12-29 06:00:00,78,3.8,4.8,1020.4,37,0.0
2025-12-29 07:00:00,78,4.2,5.2,1020.3,100,0.0
2025-12-29 08:00:00,74,4.7,6.2,1019.9,100,6.0
2025-12-29 09:00:00,75,5.2,6.9,1020.2,100,39.0
2025-12-29 10:00:00,72,5.3,8.0,1020.6,100,79.0
2025-12-29 11:00:00,61,4.3,9.1,1020.1,100,188.0
2025-12-29 12:00:00,60,4.1,9.6,1019.0,100,171.0
2025-12-29 13:00:00,76,7.5,10.4,1018.1,68,206.0
2025-12-29 14:00:00,66,6.8,11.5,1017.7,29,337.0
2025-12-29 15:00:00,62,6.0,10.3,1017.8,53,325.0
2025-12-29 16:00:00,64,6.5,10.7,1017.5,59,174.0
2025-12-29 17:00:00,71,7.1,10.2,1017.9,23,54.0
2025-12-29 18:00:00,77,7.4,9.6,1018.2,60,1.0
2025-12-29 19:00:00,84,8.1,9.4,1018.6,53,0.0
2025-12-29 20:00:00,84,7.6,9.0,1018.6,87,0.0
2025-12-29 21:00:00,85,8.1,9.6,1018.7,71,0.0
2025-12-29 22:00:00,94,9.1,8.6,1019.4,77,0.0
2025-12-29 23:00:00,93,8.9,8.8,1018.7,80,0.0
2025-12-30 00:00:00,93,8.5,8.1,1018.3,75,0.0
2025-12-30 01:00:00,89,9.2,8.5,1018.1,83,0.0
2025-12-30 02:00:00,90,9.2,7.9,1018.2,97,0.0
2025-12-30 03:00:00,88,9.3,9.5,1017.8,91,0.0
2025-12-30 04:00:00,90,9.1,9.2,1017.9,100,0.0
2025-12-30 05:00:00,92,8.9,9.0,1018.0,100,0.0
2025-12-30 06:00:00,90,8.9,9.0,1018.2,100,0.0
2025-12-30 07:00:00,86,7.3,7.4,1018.6,100,0.0
2025-12-30 08:00:00,87,6.6,6.0,1019.1,100,14.0
2025-12-30 09:00:00,87,8.0,7.7,1019.9,100,111.0
2025-12-30 10:00:00,78,8.1,9.9,1020.3,98,213.0
2025-12-30 11:00:00,55,4.2,9.7,1019.8,65,337.0
2025-12-30 12:00:00,46,2.4,10.5,1018.8,44,492.0
2025-12-30 13:00:00,41,1.0,10.2,1018.3,49,512.0
2025-12-30 14:00:00,41,0.3,9.2,1018.2,25,479.0
2025-12-30 15:00:00,41,0.2,9.1,1018.5,14,387.0
2025-12-30 16:00:00,45,0.6,8.2,1018.8,2,241.0
2025-12-30 17:00:00,52,1.0,6.5,1019.1,43,83.0
2025-12-30 18:00:00,57,1.0,5.4,1019.7,3,1.0
2025-12-30 19:00:00,64,1.4,4.6,1020.4,0,0.0
2025-12-30 20:00:00,74,1.9,3.6,1020.8,0,0.0
2025-12-30 21:00:00,72,2.2,4.0,1021.3,5,0.0
2025-12-30 22:00:00,73,2.1,3.5,1021.2,2,0.0
2025-12-30 23:00:00,74,1.8,2.7,1021.2,16,0.0
2025-12-31 00:00:00,74,1.4,2.4,1020.9,98,0.0
2025-12-31 01:00:00,78,1.4,1.9,1020.8,98,0.0
2025-12-31 02:00:00,75,0.9,1.7,1021.0,99,0.0
2025-12-31 03:00:00,70,0.3,2.2,1020.8,98,0.0
2025-12-31 04:00:00,67,-0.2,1.7,1020.5,98,0.0
2025-12-31 05:00:00,64,-0.4,1.3,1020.7,100,0.0
2025-12-31 06:00:00,65,-0.2,1.8,1021.0,98,0.0
2025-12-31 07:00:00,65,-0.2,1.9,1021.2,100,0.0
2025-12-31 08:00:00,61,-0.6,2.0,1021.4,100,14.0
2025-12-31 09:00:00,61,0.3,3.3,1021.9,100,107.0
2025-12-31 10:00:00,50,-1.5,3.5,1022.3,100,228.0
2025-12-31 11:00:00,48,-1.5,3.8,1022.0,98,376.0
2025-12-31 12:00:00,48,-1.7,3.4,1021.2,100,427.0
2025-12-31 13:00:00,48,-1.9,3.2,1020.5,99,422.0
2025-12-31 14:00:00,48,-2.2,3.0,1020.1,91,385.0
2025-12-31 15:00:00,46,-2.8,3.0,1019.3,27,307.0
2025-12-31 16:00:00,49,-3.0,2.2,1019.6,14,236.0
2025-12-31 17:00:00,54,-2.5,1.4,1020.3,3,82.0
2025-12-31 18:00:00,60,-2.2,0.4,1020.8,4,1.0
2025-12-31 19:00:00,63,-2.0,-0.1,1021.1,5,0.0
2025-12-31 20:00:00,65,-2.0,-0.1,1021.4,11,0.0
2025-12-31 21:00:00,65,-1.7,0.2,1021.5,21,0.0
2025-12-31 22:00:00,68,-1.3,0.4,1021.6,31,0.0
2025-12-31 23:00:00,67,-1.7,0.0,1021.5,25,0.0
2026-01-01 00:00:00,62,-2.8,-0.6,1021.0,5,0.0
2026-01-01 01:00:00,62,-3.0,-1.0,1020.6,4,0.0
2026-01-01 02:00:00,63,-2.9,-1.0,1020.7,7,0.0
2026-01-01 03:00:00,65,-2.7,-1.0,1020.2,5,0.0
2026-01-01 04:00:00,66,-2.8,-1.4,1019.9,8,0.0
2026-01-01 05:00:00,67,-2.6,-1.4,1019.7,5,0.0
2026-01-01 06:00:00,69,-2.3,-1.4,1019.6,63,0.0
2026-01-01 07:00:00,68,-2.5,-1.6,1019.6,38,0.0
2026-01-01 08:00:00,65,-2.5,-0.9,1019.7,29,17.0
2026-01-01 09:00:00,64,-1.1,1.0,1019.7,60,149.0
2026-01-01 10:00:00,51,-3.0,1.6,1020.4,84,263.0
2026-01-01 11:00:00,47,-3.7,2.2,1020.0,99,313.0
2026-01-01 12:00:00,45,-4.1,2.3,1019.2,100,323.0
2026-01-01 13:00:00,44,-4.2,2.2,1018.3,100,364.0
2026-01-01 14:00:00,45,-4.1,1.7,1018.6,100,301.0
2026-01-01 15:00:00,50,-3.1,1.3,1018.6,100,150.0
2026-01-01 16:00:00,53,-3.0,0.9,1018.9,100,72.0
2026-01-01 17:00:00,55,-3.0,0.2,1019.2,100,39.0
2026-01-01 18:00:00,58,-2.8,-0.5,1019.5,100,1.0
2026-01-01 19:00:00,58,-3.5,-1.2,1020.0,57,0.0
2026-01-01 20:00:00,53,-4.9,-1.7,1019.8,22,0.0
2026-01-01 21:00:00,54,-4.8,-1.5,1019.6,38,0.0
2026-01-01 22:00:00,52,-5.6,-1.9,1019.6,29,0.0
2026-01-01 23:00:00,52,-5.6,-2.5,1019.7,63,0.0
2026-01-02 00:00:00,56,-5.0,-2.8,1019.4,63,0.0
2026-01-02 01:00:00,59,-4.4,-3.0,1019.2,95,0.0
2026-01-02 02:00:00,61,-4.1,-3.0,1019.3,59,0.0
2026-01-02 03:00:00,62,-4.0,-3.2,1019.0,49,0.0
2026-01-02 04:00:00,66,-3.5,-3.4,1018.2,70,0.0
2026-01-02 05:00:00,66,-3.4,-3.4,1017.6,54,0.0
2026-01-02 06:00:00,67,-3.5,-4.0,1017.4,68,0.0
2026-01-02 07:00:00,61,-4.5,-4.3,1017.6,98,0.0
2026-01-02 08:00:00,58,-5.2,-4.5,1017.6,73,6.0
2026-01-02 09:00:00,54,-6.6,-4.2,1018.2,91,109.0
2026-01-02 10:00:00,47,-7.7,-3.8,1018.3,59,226.0
2026-01-02 11:00:00,40,-9.1,-3.5,1018.3,50,387.0
2026-01-02 12:00:00,40,-9.1,-3.5,1017.5,60,451.0
2026-01-02 13:00:00,38,-9.1,-3.2,1017.4,29,465.0
2026-01-02 14:00:00,39,-8.8,-2.4,1017.1,25,483.0
2026-01-02 15:00:00,43,-7.9,-2.5,1017.6,2,369.0
2026-01-02 16:00:00,40,-8.6,-2.4,1018.1,2,253.0
2026-01-02 17:00:00,45,-7.7,-2.4,1018.6,5,89.0
2026-01-02 18:00:00,55,-5.5,-2.6,1019.2,18,2.0
2026-01-02 19:00:00,63,-4.0,-2.8,1019.5,29,0.0
2026-01-02 20:00:00,64,-3.0,-2.2,1019.6,9,0.0
2026-01-02 21:00:00,68,-2.5,-1.8,1020.3,45,0.0
2026-01-02 22:00:00,63,-3.5,-2.2,1020.2,30,0.0
2026-01-02 23:00:00,61,-3.7,-2.1,1020.2,47,0.0
2026-01-03 00:00:00,62,-3.5,-2.2,1020.4,43,0.0
2026-01-03 01:00:00,63,-3.4,-2.6,1020.3,42,0.0
2026-01-03 02:00:00,65,-3.2,-2.4,1020.8,77,0.0
2026-01-03 03:00:00,69,-2.9,-3.0,1021.3,52,0.0
2026-01-03 04:00:00,68,-2.8,-2.3,1021.0,42,0.0
2026-01-03 05:00:00,64,-3.2,-2.3,1021.1,52,0.0
2026-01-03 06:00:00,60,-3.7,-1.6,1021.4,66,0.0
2026-01-03 07:00:00,62,-3.5,-2.0,1022.1,49,0.0
2026-01-03 08:00:00,64,-3.0,-1.6,1022.6,43,14.0
2026-01-03 09:00:00,57,-3.0,-0.2,1023.2,37,120.0
2026-01-03 10:00:00,50,-3.7,0.2,1023.7,41,266.0
2026-01-03 11:00:00,46,-4.0,0.8,1023.7,42,369.0
2026-01-03 12:00:00,44,-4.2,1.1,1023.0,34,468.0
2026-01-03 13:00:00,43,-4.2,1.3,1022.6,28,518.0
2026-01-03 14:00:00,43,-4.6,0.9,1022.7,34,476.0
2026-01-03 15:00:00,44,-4.2,1.5,1022.6,4,385.0
2026-01-03 16:00:00,43,-4.8,1.1,1022.8,16,250.0
2026-01-03 17:00:00,49,-3.8,0.6,1023.1,9,90.0
2026-01-03 18:00:00,54,-3.3,0.2,1023.6,5,2.0
2026-01-03 19:00:00,59,-2.5,0.2,1024.0,0,0.0
2026-01-03 20:00:00,61,-2.5,0.0,1023.9,0,0.0
2026-01-03 21:00:00,65,-1.8,0.3,1023.9,3,0.0
2026-01-03 22:00:00,64,-2.1,-0.0,1024.0,21,0.0
2026-01-03 23:00:00,64,-2.1,0.1,1023.9,2,0.0
2026-01-04 00:00:00,74,-1.9,-0.7,1023.7,10,0.0
2026-01-04 01:00:00,81,-0.7,-0.7,1023.6,83,0.0
2026-01-04 02:00:00,84,1.0,1.1,1023.5,48,0.0
2026-01-04 03:00:00,87,2.8,2.4,1023.4,86,0.0
2026-01-04 04:00:00,83,2.5,2.1,1023.0,88,0.0
2026-01-04 05:00:00,72,1.4,2.0,1022.9,98,0.0
2026-01-04 06:00:00,68,0.9,2.4,1023.0,79,0.0
2026-01-04 07:00:00,71,1.5,2.4,1023.2,85,0.0
2026-01-04 08:00:00,72,1.9,2.6,1023.1,85,12.0
2026-01-04 09:00:00,66,1.4,2.8,1023.7,100,84.0
2026-01-04 10:00:00,66,2.0,3.2,1023.9,100,157.0
2026-01-04 11:00:00,67,2.7,3.9,1023.5,100,190.0
2026-01-04 12:00:00,63,2.5,3.7,1022.6,100,217.0
2026-01-04 13:00:00,59,1.6,3.5,1022.0,100,218.0
2026-01-04 14:00:00,56,1.1,3.6,1021.5,100,216.0
2026-01-04 15:00:00,58,1.6,3.9,1021.0,100,209.0
2026-01-04 16:00:00,59,2.2,5.0,1020.4,100,91.0
2026-01-04 17:00:00,59,2.2,5.1,1020.1,95,64.0
2026-01-04 18:00:00,62,2.7,5.2,1020.3,100,2.0
2026-01-04 19:00:00,63,2.9,5.6,1020.2,100,0.0
2026-01-04 20:00:00,62,2.7,5.6,1020.2,100,0.0
2026-01-04 21:00:00,71,3.8,5.3,1019.8,100,0.0
2026-01-04 22:00:00,70,3.8,5.7,1019.4,95,0.0
2026-01-04 23:00:00,75,4.3,5.4,1018.9,59,0.0
2026-01-05 00:00:00,75,4.2,5.1,1018.6,99,0.0
2026-01-05 01:00:00,72,4.1,5.6,1018.0,100,0.0
2026-01-05 02:00:00,72,4.3,5.9,1017.7,100,0.0
2026-01-05 03:00:00,74,4.4,5.8,1017.3,100,0.0
2026-01-05 04:00:00,74,5.1,6.1,1016.8,100,0.0
2026-01-05 05:00:00,67,3.8,5.2,1016.2,99,0.0
2026-01-05 06:00:00,63,3.0,4.6,1016.1,96,0.0
2026-01-05 07:00:00,66,3.0,4.8,1016.3,99,0.0
2026-01-05 08:00:00,70,3.7,5.1,1016.6,100,11.0
2026-01-05 09:00:00,69,4.1,5.5,1016.9,98,68.0
2026-01-05 10:00:00,65,3.7,6.1,1017.3,80,169.0
2026-01-05 11:00:00,52,1.5,6.2,1017.0,65,344.0
2026-01-05 12:00:00,47,0.2,5.9,1016.1,55,471.0
2026-01-05 13:00:00,45,-0.2,5.7,1015.5,23,520.0
2026-01-05 14:00:00,45,-0.7,5.3,1015.2,56,488.0
2026-01-05 15:00:00,46,-0.6,5.4,1015.1,88,371.0
2026-01-05 16:00:00,48,-0.5,4.8,1015.4,73,238.0
2026-01-05 17:00:00,51,-1.2,3.5,1016.0,73,84.0
2026-01-05 18:00:00,55,-1.2,2.6,1016.6,18,3.0
2026-01-05 19:00:00,56,-1.4,2.2,1017.4,49,0.0
2026-01-05 20:00:00,57,-1.6,1.9,1018.3,85,0.0
2026-01-05 21:00:00,62,-0.6,2.0,1018.8,34,0.0
2026-01-05 22:00:00,62,-0.6,2.3,1019.0,64,0.0
2026-01-05 23:00:00,62,-0.8,2.0,1019.0,26,0.0
2026-01-06 00:00:00,62,-1.1,1.5,1019.1,9,0.0
2026-01-06 01:00:00,63,-1.0,1.6,1019.0,27,0.0
2026-01-06 02:00:00,64,-0.8,1.8,1019.4,32,0.0
2026-01-06 03:00:00,64,-0.7,1.4,1019.6,49,0.0
2026-01-06 04:00:00,64,-0.5,1.4,1019.6,11,0.0
2026-01-06 05:00:00,66,-0.4,1.0,1019.7,3,0.0
2026-01-06 06:00:00,69,-0.3,0.6,1020.3,3,0.0
2026-01-06 07:00:00,70,-0.4,0.3,1020.8,6,0.0
2026-01-06 08:00:00,70,-0.4,0.6,1021.2,1,17.0
2026-01-06 09:00:00,64,0.4,3.2,1021.5,1,149.0
2026-01-06 10:00:00,45,-2.5,5.1,1021.9,0,315.0
2026-01-06 11:00:00,42,-2.7,6.2,1021.4,17,440.0
2026-01-06 12:00:00,39,-3.0,7.0,1020.2,47,518.0
2026-01-06 13:00:00,36,-3.5,7.1,1019.2,2,527.0
2026-01-06 14:00:00,36,-3.2,6.9,1018.9,9,504.0
2026-01-06 15:00:00,38,-2.8,6.2,1018.5,45,396.0
2026-01-06 16:00:00,47,-0.6,5.6,1019.0,7,257.0
2026-01-06 17:00:00,56,0.4,4.9,1019.2,0,97.0
2026-01-06 18:00:00,66,1.4,4.0,1019.5,4,3.0
2026-01-06 19:00:00,76,1.9,3.1,1019.5,0,0.0
2026-01-06 20:00:00,85,1.1,1.0,1019.4,16,0.0
2026-01-06 21:00:00,78,0.3,1.3,1018.8,100,0.0
2026-01-06 22:00:00,76,0.2,1.4,1019.0,100,0.0
2026-01-06 23:00:00,75,0.4,2.0,1019.2,98,0.0
2026-01-07 00:00:00,76,0.6,2.0,1018.8,98,0.0
2026-01-07 01:00:00,79,0.4,1.2,1018.1,93,0.0
2026-01-07 02:00:00,80,0.2,1.0,1018.3,100,0.0
2026-01-07 03:00:00,76,0.4,2.0,1018.4,98,0.0
2026-01-07 04:00:00,80,0.2,0.8,1017.9,98,0.0
2026-01-07 05:00:00,82,0.9,1.1,1017.4,50,0.0
2026-01-07 06:00:00,77,-0.4,0.8,1017.6,73,0.0
2026-01-07 07:00:00,75,-0.4,1.1,1017.9,61,0.0
2026-01-07 08:00:00,74,0.8,2.9,1018.0,58,16.0
2026-01-07 09:00:00,72,3.1,5.9,1018.3,22,143.0
2026-01-07 10:00:00,65,2.8,6.3,1018.7,31,297.0
2026-01-07 11:00:00,58,2.3,6.6,1018.2,16,403.0
2026-01-07 12:00:00,41,-1.5,6.7,1017.3,2,484.0
2026-01-07 13:00:00,38,-2.5,5.8,1016.7,2,551.0
2026-01-07 14:00:00,39,-1.9,5.6,1016.6,100,508.0
2026-01-07 15:00:00,45,-0.6,5.0,1016.2,58,269.0
2026-01-07 16:00:00,47,0.2,5.4,1016.1,63,179.0
2026-01-07 17:00:00,50,0.6,5.1,1016.0,15,80.0
2026-01-07 18:00:00,57,1.6,4.4,1016.5,20,3.0
2026-01-07 19:00:00,61,2.0,3.7,1016.9,33,0.0
2026-01-07 20:00:00,64,2.3,3.9,1017.2,32,0.0
2026-01-07 21:00:00,54,0.7,4.7,1017.3,55,0.0
2026-01-07 22:00:00,49,0.0,4.9,1017.2,59,0.0
2026-01-07 23:00:00,55,0.6,4.0,1017.5,74,0.0
2026-01-08 00:00:00,50,-0.6,4.1,1017.2,99,0.0
2026-01-08 01:00:00,48,-1.9,3.7,1017.4,38,0.0
2026-01-08 02:00:00,49,-2.8,1.6,1018.1,100,0.0
2026-01-08 03:00:00,47,-3.1,2.0,1018.1,100,0.0
2026-01-08 04:00:00,46,-4.2,0.9,1018.4,58,0.0
2026-01-08 05:00:00,50,-4.1,-0.2,1019.0,19,0.0
2026-01-08 06:00:00,52,-4.3,-1.1,1019.8,18,0.0
2026-01-08 07:00:00,52,-4.7,-1.6,1020.4,19,0.0
2026-01-08 08:00:00,54,-4.5,-1.8,1020.8,13,15.0
2026-01-08 09:00:00,47,-5.2,-0.6,1020.8,0,139.0
2026-01-08 10:00:00,44,-5.4,-0.3,1021.5,9,325.0
2026-01-08 11:00:00,44,-5.4,-0.3,1021.6,39,448.0
2026-01-08 12:00:00,45,-4.9,-0.3,1021.1,45,468.0
2026-01-08 13:00:00,48,-4.4,-0.5,1020.8,87,419.0
2026-01-08 14:00:00,48,-4.8,-0.6,1020.8,76,288.0
2026-01-08 15:00:00,49,-4.7,-0.3,1020.9,77,242.0
2026-01-08 16:00:00,50,-4.9,-0.5,1021.3,75,167.0
2026-01-08 17:00:00,50,-5.1,-0.7,1021.9,76,82.0
2026-01-08 18:00:00,53,-4.4,-0.4,1022.5,96,3.0
2026-01-08 19:00:00,56,-3.8,-0.3,1023.2,98,0.0
2026-01-08 20:00:00,59,-3.0,-0.0,1023.6,98,0.0
2026-01-08 21:00:00,60,-2.9,0.1,1024.0,37,0.0
2026-01-08 22:00:00,63,-2.3,0.3,1024.1,31,0.0
2026-01-08 23:00:00,66,-1.9,0.3,1024.0,16,0.0
2026-01-09 00:00:00,72,-1.4,-0.1,1024.0,21,0.0
2026-01-09 01:00:00,74,-1.1,-0.4,1023.9,45,0.0
2026-01-09 02:00:00,75,-1.3,-0.8,1024.1,45,0.0
2026-01-09 03:00:00,84,-0.9,-1.4,1023.8,83,0.0
2026-01-09 04:00:00,82,-1.4,-1.3,1023.6,34,0.0
2026-01-09 05:00:00,87,-0.6,-1.2,1023.3,50,0.0
2026-01-09 06:00:00,90,-0.4,-1.7,1023.5,34,0.0
2026-01-09 07:00:00,90,-0.2,-1.5,1023.4,30,0.0
2026-01-09 08:00:00,89,0.4,-0.4,1023.6,42,16.0
2026-01-09 09:00:00,81,2.0,2.3,1024.0,84,135.0
2026-01-09 10:00:00,62,-0.4,2.7,1024.3,80,238.0
2026-01-09 11:00:00,57,-0.9,3.1,1024.0,66,336.0
2026-01-09 12:00:00,56,-0.4,3.7,1022.8,20,417.0
2026-01-09 13:00:00,54,-0.5,3.9,1021.9,93,447.0
2026-01-09 14:00:00,51,-0.7,4.3,1021.2,100,325.0
2026-01-09 15:00:00,53,-0.2,4.6,1020.7,97,237.0
2026-01-09 16:00:00,52,-0.3,4.7,1020.5,80,174.0
2026-01-09 17:00:00,57,0.4,3.8,1020.8,83,81.0
2026-01-09 18:00:00,61,0.9,3.6,1021.1,20,3.0
2026-01-09 19:00:00,63,0.9,3.5,1020.9,67,0.0
2026-01-09 20:00:00,61,0.4,3.2,1021.0,100,0.0
2026-01-09 21:00:00,61,0.3,3.6,1020.7,75,0.0
2026-01-09 22:00:00,63,0.6,3.4,1020.7,72,0.0
2026-01-09 23:00:00,66,1.1,3.1,1020.5,92,0.0
2026-01-10 00:00:00,69,1.6,2.9,1019.8,100,0.0
2026-01-10 01:00:00,68,1.9,3.2,1019.6,75,0.0
2026-01-10 02:00:00,71,2.5,3.5,1018.9,66,0.0
2026-01-10 03:00:00,73,2.7,3.1,1018.3,22,0.0
2026-01-10 04:00:00,72,2.8,3.3,1017.5,32,0.0
2026-01-10 05:00:00,73,3.5,4.1,1016.8,21,0.0
2026-01-10 06:00:00,74,4.0,4.6,1016.5,37,0.0
2026-01-10 07:00:00,72,3.7,4.8,1016.3,38,0.0
2026-01-10 08:00:00,72,4.0,5.1,1015.5,28,14.0
2026-01-10 09:00:00,66,4.4,6.9,1016.0,24,125.0
2026-01-10 10:00:00,62,4.7,8.0,1015.6,17,270.0
2026-01-10 11:00:00,58,4.8,8.9,1015.0,35,406.0
2026-01-10 12:00:00,58,5.3,9.8,1013.7,38,455.0
2026-01-10 13:00:00,49,4.3,9.6,1012.4,47,479.0
2026-01-10 14:00:00,43,3.0,9.8,1011.9,42,363.0
2026-01-10 15:00:00,38,1.7,9.6,1011.1,84,285.0
2026-01-10 16:00:00,44,3.0,8.7,1011.3,79,180.0
2026-01-10 17:00:00,56,4.4,6.9,1011.9,98,70.0
2026-01-10 18:00:00,56,3.8,6.4,1012.8,98,4.0
2026-01-10 19:00:00,55,2.8,5.1,1013.6,87,0.0
2026-01-10 20:00:00,56,2.1,3.4,1013.8,98,0.0
2026-01-10 21:00:00,56,1.9,3.3,1014.1,100,0.0
2026-01-10 22:00:00,53,0.7,2.5,1014.5,100,0.0
2026-01-10 23:00:00,58,0.6,1.0,1015.0,100,0.0
2026-01-11 00:00:00,58,0.1,0.5,1015.1,100,0.0
2026-01-11 01:00:00,61,-0.3,-0.7,1015.2,100,0.0
2026-01-11 02:00:00,61,-0.8,-1.1,1015.5,100,0.0
2026-01-11 03:00:00,61,-1.8,-1.6,1015.8,100,0.0
2026-01-11 04:00:00,62,-2.6,-2.9,1016.3,100,0.0
2026-01-11 05:00:00,58,-3.5,-2.8,1016.2,99,0.0
2026-01-11 06:00:00,47,-6.2,-2.8,1016.3,99,0.0
2026-01-11 07:00:00,41,-8.3,-4.0,1016.7,100,0.0
2026-01-11 08:00:00,42,-8.4,-4.0,1016.7,100,11.0
2026-01-11 09:00:00,29,-12.9,-4.3,1018.5,95,98.0
2026-01-11 10:00:00,34,-11.1,-4.8,1019.2,63,230.0
2026-01-11 11:00:00,36,-10.3,-4.7,1019.4,41,371.0
2026-01-11 12:00:00,32,-11.6,-4.6,1018.9,41,484.0
2026-01-11 13:00:00,33,-11.4,-4.6,1018.6,62,536.0
2026-01-11 14:00:00,34,-11.1,-4.7,1018.7,51,451.0
2026-01-11 15:00:00,46,-7.2,-3.6,1019.4,54,387.0
2026-01-11 16:00:00,38,-10.1,-4.8,1019.9,82,232.0
2026-01-11 17:00:00,38,-9.9,-4.5,1020.3,46,76.0
2026-01-11 18:00:00,43,-9.0,-4.6,1020.9,28,5.0
2026-01-11 19:00:00,39,-10.1,-4.7,1021.2,43,0.0
2026-01-11 20:00:00,42,-9.1,-4.2,1021.7,38,0.0
2026-01-11 21:00:00,41,-9.2,-3.5,1022.4,47,0.0
2026-01-11 22:00:00,44,-8.3,-3.2,1022.7,100,0.0
2026-01-11 23:00:00,45,-7.7,-2.7,1022.9,100,0.0
2026-01-12 00:00:00,43,-8.1,-3.4,1023.0,70,0.0
2026-01-12 01:00:00,45,-8.6,-4.0,1023.1,16,0.0
2026-01-12 02:00:00,47,-8.2,-3.9,1023.2,44,0.0
2026-01-12 03:00:00,52,-7.2,-3.4,1023.4,98,0.0
2026-01-12 04:00:00,53,-6.4,-2.6,1022.8,98,0.0
2026-01-12 05:00:00,56,-5.7,-2.3,1022.9,80,0.0
2026-01-12 06:00:00,61,-4.7,-2.4,1023.2,59,0.0
2026-01-12 07:00:00,63,-4.2,-2.5,1023.2,59,0.0
2026-01-12 08:00:00,61,-4.1,-1.8,1023.3,95,16.0
2026-01-12 09:00:00,64,-2.5,0.3,1023.4,100,112.0
2026-01-12 10:00:00,57,-3.2,1.0,1023.1,100,159.0
2026-01-12 11:00:00,54,-3.0,1.3,1022.1,76,281.0
2026-01-12 12:00:00,54,-2.5,1.9,1020.9,100,380.0
2026-01-12 13:00:00,56,-1.9,1.7,1020.4,100,296.0
2026-01-12 14:00:00,60,-0.2,1.9,1019.9,100,230.0
2026-01-12 15:00:00,57,-1.0,1.8,1019.6,100,160.0
2026-01-12 16:00:00,56,-1.0,2.3,1019.1,100,111.0
2026-01-12 17:00:00,54,-1.6,2.4,1018.6,99,48.0
2026-01-12 18:00:00,60,-0.2,2.5,1018.1,100,3.0
2026-01-12 19:00:00,64,0.6,2.7,1017.5,95,0.0
2026-01-12 20:00:00,66,1.1,3.2,1016.9,96,0.0
2026-01-12 21:00:00,69,1.8,3.6,1016.4,60,0.0
2026-01-12 22:00:00,71,2.2,3.6,1015.9,80,0.0
2026-01-12 23:00:00,73,2.7,4.1,1015.7,58,0.0
2026-01-13 00:00:00,73,3.2,4.5,1014.9,47,0.0
2026-01-13 01:00:00,72,3.5,4.7,1014.0,55,0.0
2026-01-13 02:00:00,73,4.1,5.2,1013.2,73,0.0
2026-01-13 03:00:00,70,4.1,5.5,1012.4,95,0.0
2026-01-13 04:00:00,67,4.0,5.8,1011.8,56,0.0
2026-01-13 05:00:00,67,4.2,6.2,1010.9,93,0.0
2026-01-13 06:00:00,76,5.4,5.9,1010.9,66,0.0
2026-01-13 07:00:00,81,5.9,4.7,1011.5,99,0.0
2026-01-13 08:00:00,92,7.7,5.2,1011.8,100,7.0
2026-01-13 09:00:00,79,6.6,6.1,1012.6,40,72.0
2026-01-13 10:00:00,45,1.1,6.6,1012.9,8,258.0
2026-01-13 11:00:00,39,-1.1,5.8,1013.3,0,447.0
2026-01-13 12:00:00,37,-2.0,5.8,1013.0,0,549.0
2026-01-13 13:00:00,36,-2.7,5.3,1012.7,0,576.0
2026-01-13 14:00:00,34,-3.8,4.7,1012.9,0,538.0
2026-01-13 15:00:00,36,-2.9,4.8,1012.8,41,430.0
2026-01-13 16:00:00,40,-2.2,3.8,1013.4,16,241.0
2026-01-13 17:00:00,44,-1.6,3.9,1014.3,45,104.0
2026-01-13 18:00:00,46,-1.7,3.7,1015.1,49,6.0
2026-01-13 19:00:00,49,-1.2,3.2,1015.9,77,0.0
2026-01-13 20:00:00,48,-1.5,2.6,1016.3,4,0.0
2026-01-13 21:00:00,50,-1.0,3.1,1016.8,6,0.0
2026-01-13 22:00:00,44,-2.9,2.8,1017.5,2,0.0
2026-01-13 23:00:00,44,-3.8,2.0,1018.1,3,0.0
2026-01-14 00:00:00,48,-3.0,1.9,1018.4,7,0.0
2026-01-14 01:00:00,50,-2.7,1.9,1018.6,2,0.0
2026-01-14 02:00:00,52,-2.8,1.6,1019.3,0,0.0
2026-01-14 03:00:00,57,-1.5,1.6,1019.6,6,0.0
2026-01-14 04:00:00,58,-1.8,1.1,1019.9,5,0.0
2026-01-14 05:00:00,58,-1.9,0.9,1020.4,5,0.0
2026-01-14 06:00:00,54,-3.3,0.2,1021.3,0,0.0
2026-01-14 07:00:00,51,-4.4,-0.2,1022.2,4,0.0
2026-01-14 08:00:00,54,-3.7,-0.0,1022.7,1,18.0
2026-01-14 09:00:00,53,-2.3,2.5,1022.9,1,153.0
2026-01-14 10:00:00,41,-4.1,3.4,1023.3,0,322.0
2026-01-14 11:00:00,38,-4.3,4.0,1023.5,0,462.0
2026-01-14 12:00:00,37,-4.3,4.5,1022.7,0,549.0
2026-01-14 13:00:00,36,-4.4,5.0,1022.0,0,575.0
2026-01-14 14:00:00,35,-4.6,5.2,1021.9,0,537.0
2026-01-14 15:00:00,34,-5.0,5.5,1021.8,0,438.0
2026-01-14 16:00:00,35,-4.9,5.2,1022.2,0,291.0
2026-01-14 17:00:00,43,-3.2,4.9,1022.2,15,120.0
2026-01-14 18:00:00,58,-1.1,3.7,1022.6,0,7.0
2026-01-14 19:00:00,70,-0.4,1.9,1022.8,32,0.0
2026-01-14 20:00:00,67,-1.6,1.0,1022.9,20,0.0
2026-01-14 21:00:00,67,-1.8,0.7,1022.7,10,0.0
2026-01-14 22:00:00,67,-2.2,0.4,1022.6,95,0.0
2026-01-14 23:00:00,65,-2.2,0.7,1022.7,100,0.0
2026-01-15 00:00:00,64,-1.8,1.4,1022.3,97,0.0
2026-01-15 01:00:00,70,-0.6,1.4,1022.0,97,0.0
2026-01-15 02:00:00,74,0.9,2.1,1021.3,93,0.0
2026-01-15 03:00:00,75,1.5,2.4,1021.1,100,0.0
2026-01-15 04:00:00,75,1.9,3.1,1020.4,98,0.0
2026-01-15 05:00:00,80,1.9,2.5,1020.3,78,0.0
2026-01-15 06:00:00,75,2.2,3.1,1020.1,43,0.0
2026-01-15 07:00:00,76,3.1,3.9,1019.8,100,0.0
2026-01-15 08:00:00,70,2.7,4.3,1019.2,99,15.0
2026-01-15 09:00:00,72,3.8,5.5,1019.5,100,105.0
2026-01-15 10:00:00,54,1.6,7.2,1019.3,95,191.0
2026-01-15 11:00:00,49,1.7,8.8,1018.5,59,322.0
2026-01-15 12:00:00,49,3.2,11.0,1017.3,30,488.0
2026-01-15 13:00:00,50,4.2,11.9,1016.0,44,477.0
2026-01-15 14:00:00,53,5.2,12.7,1015.4,59,421.0
2026-01-15 15:00:00,54,6.2,12.9,1015.0,41,284.0
2026-01-15 16:00:00,56,6.9,13.1,1015.0,79,251.0
2026-01-15 17:00:00,63,8.0,12.4,1014.7,52,79.0
2026-01-15 18:00:00,69,8.2,11.6,1014.5,24,6.0
2026-01-15 19:00:00,70,8.1,10.7,1014.6,41,0.0
2026-01-15 20:00:00,80,8.6,10.5,1015.1,56,0.0
2026-01-15 21:00:00,86,9.3,10.6,1015.4,41,0.0
2026-01-15 22:00:00,87,8.6,9.7,1015.6,48,0.0
2026-01-15 23:00:00,85,9.9,10.2,1015.7,31,0.0
2026-01-16 00:00:00,89,10.1,10.0,1015.9,21,0.0
2026-01-16 01:00:00,89,9.8,9.9,1015.9,0,0.0
2026-01-16 02:00:00,90,9.1,9.1,1016.3,0,0.0
2026-01-16 03:00:00,93,9.4,9.1,1016.4,0,0.0
2026-01-16 04:00:00,95,9.1,8.6,1016.3,2,0.0
2026-01-16 05:00:00,96,8.2,7.1,1016.6,32,0.0
2026-01-16 06:00:00,91,6.8,5.6,1017.1,33,0.0
2026-01-16 07:00:00,90,6.3,5.3,1017.7,3,0.0
2026-01-16 08:00:00,89,6.2,5.6,1018.0,26,18.0
2026-01-16 09:00:00,94,8.0,7.8,1018.7,9,150.0
2026-01-16 10:00:00,87,9.3,10.8,1018.8,5,324.0
2026-01-16 11:00:00,79,9.1,11.7,1018.5,3,463.0
2026-01-16 12:00:00,74,8.9,12.2,1017.7,12,549.0
2026-01-16 13:00:00,66,7.9,12.9,1016.7,9,579.0
2026-01-16 14:00:00,56,6.2,13.1,1016.2,26,545.0
2026-01-16 15:00:00,53,6.0,13.7,1015.9,42,447.0
2026-01-16 16:00:00,53,5.6,13.3,1015.9,13,298.0
2026-01-16 17:00:00,71,7.6,11.7,1015.9,1,126.0
2026-01-16 18:00:00,71,6.2,10.2,1016.4,0,9.0
2026-01-16 19:00:00,78,5.9,8.2,1017.0,0,0.0
2026-01-16 20:00:00,83,5.6,6.9,1017.1,0,0.0
2026-01-16 21:00:00,90,5.7,5.8,1017.3,0,0.0
2026-01-16 22:00:00,93,5.0,4.2,1017.3,0,0.0
2026-01-16 23:00:00,93,4.2,3.6,1017.1,0,0.0
2026-01-17 00:00:00,87,3.5,3.8,1016.9,0,0.0
2026-01-17 01:00:00,83,3.3,4.2,1016.7,0,0.0
2026-01-17 02:00:00,83,3.2,4.0,1016.4,0,0.0
2026-01-17 03:00:00,86,4.0,4.2,1016.7,0,0.0
2026-01-17 04:00:00,88,2.7,2.4,1016.4,0,0.0
2026-01-17 05:00:00,89,2.5,2.0,1016.3,0,0.0
2026-01-17 06:00:00,84,2.1,2.5,1016.5,2,0.0
2026-01-17 07:00:00,87,3.2,3.4,1016.9,45,0.0
2026-01-17 08:00:00,90,5.1,5.1,1017.5,59,16.0
2026-01-17 09:00:00,91,7.3,7.4,1018.4,81,138.0
2026-01-17 10:00:00,86,8.0,9.3,1018.8,7,300.0
2026-01-17 11:00:00,78,8.3,10.9,1018.2,15,453.0
2026-01-17 12:00:00,71,8.1,12.4,1017.2,20,547.0
2026-01-17 13:00:00,64,8.2,13.5,1016.6,53,504.0
2026-01-17 14:00:00,54,6.8,14.3,1016.3,100,511.0
2026-01-17 15:00:00,51,6.2,14.0,1016.1,95,427.0
2026-01-17 16:00:00,53,5.4,12.1,1016.4,93,271.0
2026-01-17 17:00:00,63,6.3,10.8,1016.9,81,124.0
2026-01-17 18:00:00,73,6.2,8.0,1017.8,95,9.0
2026-01-17 19:00:00,74,5.6,7.0,1018.4,81,0.0
2026-01-17 20:00:00,76,5.2,6.3,1018.5,43,0.0
2026-01-17 21:00:00,80,5.2,5.7,1018.7,68,0.0
2026-01-17 22:00:00,81,4.9,5.4,1018.8,0,0.0
2026-01-17 23:00:00,83,4.8,4.8,1018.7,0,0.0
2026-01-18 00:00:00,85,4.8,4.9,1018.4,0,0.0
2026-01-18 01:00:00,85,3.8,4.1,1018.6,0,0.0
2026-01-18 02:00:00,85,3.1,3.4,1019.1,0,0.0
2026-01-18 03:00:00,90,3.5,2.7,1019.3,0,0.0
2026-01-18 04:00:00,92,2.2,1.0,1019.2,0,0.0
2026-01-18 05:00:00,90,1.8,0.7,1019.3,0,0.0
2026-01-18 06:00:00,87,1.3,0.6,1019.4,0,0.0
2026-01-18 07:00:00,82,0.8,1.0,1019.8,1,0.0
2026-01-18 08:00:00,82,2.0,2.6,1020.1,11,19.0
2026-01-18 09:00:00,75,4.6,6.5,1020.1,0,151.0
2026-01-18 10:00:00,74,6.2,8.9,1020.6,0,324.0
2026-01-18 11:00:00,68,6.0,10.2,1020.3,0,464.0
2026-01-18 12:00:00,63,6.1,11.6,1018.8,0,554.0
2026-01-18 13:00:00,60,6.2,12.2,1018.0,0,584.0
2026-01-18 14:00:00,61,6.4,11.9,1017.4,0,544.0
2026-01-18 15:00:00,64,6.9,11.9,1016.9,0,446.0
2026-01-18 16:00:00,67,6.8,10.7,1017.0,0,300.0
2026-01-18 17:00:00,76,7.2,9.4,1017.6,0,128.0
2026-01-18 18:00:00,85,6.6,8.0,1018.0,0,10.0
2026-01-18 19:00:00,87,6.1,6.7,1018.2,1,0.0
2026-01-18 20:00:00,88,4.9,5.0,1018.4,3,0.0
2026-01-18 21:00:00,87,4.8,4.9,1018.8,0,0.0
2026-01-18 22:00:00,86,4.2,4.3,1018.9,0,0.0
2026-01-18 23:00:00,83,4.0,4.5,1019.0,24,0.0
2026-01-19 00:00:00,83,4.0,4.1,1019.2,2,0.0
2026-01-19 01:00:00,86,3.8,3.6,1018.7,1,0.0
2026-01-19 02:00:00,89,3.5,2.8,1018.6,0,0.0
2026-01-19 03:00:00,91,3.0,2.2,1018.4,1,0.0
2026-01-19 04:00:00,91,1.9,1.0,1017.6,0,0.0
2026-01-19 05:00:00,89,1.6,1.2,1017.5,1,0.0
2026-01-19 06:00:00,88,1.5,1.2,1017.7,7,0.0
2026-01-19 07:00:00,88,1.6,1.4,1018.1,9,0.0
2026-01-19 08:00:00,82,2.2,3.0,1018.4,24,18.0
2026-01-19 09:00:00,78,4.5,6.4,1018.3,47,146.0
2026-01-19 10:00:00,79,6.8,9.3,1018.3,100,288.0
2026-01-19 11:00:00,81,8.1,10.2,1017.9,84,391.0
2026-01-19 12:00:00,79,8.6,10.6,1017.0,29,475.0
2026-01-19 13:00:00,74,8.7,11.4,1015.9,19,548.0
2026-01-19 14:00:00,61,7.5,12.1,1015.2,82,512.0
2026-01-19 15:00:00,58,7.2,12.1,1014.2,45,415.0
2026-01-19 16:00:00,58,6.8,11.3,1014.4,96,279.0
2026-01-19 17:00:00,64,7.2,10.9,1014.4,100,73.0
2026-01-19 18:00:00,77,8.9,9.6,1015.2,95,4.0
2026-01-19 19:00:00,80,8.2,8.4,1015.9,94,0.0
2026-01-19 20:00:00,74,6.0,6.6,1016.3,100,0.0
2026-01-19 21:00:00,74,6.7,8.0,1016.1,100,0.0
2026-01-19 22:00:00,66,4.9,7.4,1016.6,100,0.0
2026-01-19 23:00:00,65,4.0,6.7,1016.6,95,0.0
2026-01-20 00:00:00,63,3.0,5.6,1016.9,100,0.0
2026-01-20 01:00:00,58,1.1,4.2,1016.7,100,0.0
2026-01-20 02:00:00,60,0.9,3.5,1017.2,97,0.0
2026-01-20 03:00:00,58,0.6,3.8,1017.0,59,0.0
2026-01-20 04:00:00,61,0.6,3.5,1017.0,84,0.0
2026-01-20 05:00:00,61,0.8,3.4,1017.3,100,0.0
2026-01-20 06:00:00,59,0.2,2.8,1017.3,99,0.0
2026-01-20 07:00:00,58,-0.4,2.4,1018.2,97,0.0
2026-01-20 08:00:00,63,0.0,2.1,1018.7,100,16.0
2026-01-20 09:00:00,57,-0.1,3.3,1018.5,100,63.0
2026-01-20 10:00:00,53,-0.6,3.5,1018.8,96,148.0
2026-01-20 11:00:00,51,-0.9,3.7,1018.8,100,207.0
2026-01-20 12:00:00,50,-0.9,4.0,1017.9,100,195.0
2026-01-20 13:00:00,57,0.3,3.3,1017.1,100,177.0
2026-01-20 14:00:00,54,-0.6,2.8,1017.2,86,362.0
2026-01-20 15:00:00,54,-0.4,3.4,1016.5,88,374.0
2026-01-20 16:00:00,59,-0.2,2.3,1016.9,76,247.0
2026-01-20 17:00:00,60,-1.1,1.2,1017.3,90,122.0
2026-01-20 18:00:00,63,-1.5,0.0,1018.1,51,11.0
2026-01-20 19:00:00,62,-2.2,-0.6,1018.9,12,0.0
2026-01-20 20:00:00,60,-3.2,-0.7,1019.3,45,0.0
2026-01-20 21:00:00,66,-1.5,0.2,1019.1,33,0.0
2026-01-20 22:00:00,64,-2.3,-0.2,1019.0,27,0.0
2026-01-20 23:00:00,66,-2.5,-0.7,1019.2,78,0.0
2026-01-21 00:00:00,64,-2.8,-0.7,1019.2,100,0.0
2026-01-21 01:00:00,63,-3.1,-0.6,1019.1,100,0.0
2026-01-21 02:00:00,62,-3.3,-0.3,1019.3,100,0.0
2026-01-21 03:00:00,63,-2.3,0.4,1019.0,100,0.0
2026-01-21 04:00:00,68,-1.8,-0.1,1018.8,100,0.0
2026-01-21 05:00:00,74,-0.5,-0.1,1018.9,100,0.0
2026-01-21 06:00:00,86,1.1,-0.3,1019.0,100,0.0
2026-01-21 07:00:00,87,1.5,-0.1,1018.9,100,0.0
2026-01-21 08:00:00,78,0.3,-0.6,1019.2,100,6.0
2026-01-21 09:00:00,73,0.0,0.6,1018.7,100,41.0
2026-01-21 10:00:00,51,-4.3,-0.5,1019.0,97,84.0
2026-01-21 11:00:00,47,-4.9,-0.5,1019.0,84,226.0
2026-01-21 12:00:00,45,-5.6,-0.7,1018.3,93,374.0
2026-01-21 13:00:00,44,-6.3,-2.0,1018.3,100,361.0
2026-01-21 14:00:00,45,-6.9,-3.2,1018.5,96,214.0
2026-01-21 15:00:00,42,-7.8,-3.1,1018.4,81,265.0
2026-01-21 16:00:00,40,-8.4,-3.6,1018.5,89,214.0
2026-01-21 17:00:00,41,-8.9,-3.8,1019.2,48,76.0
2026-01-21 18:00:00,43,-8.8,-4.3,1019.8,17,10.0
2026-01-21 19:00:00,43,-9.2,-4.9,1020.2,19,0.0
2026-01-21 20:00:00,41,-10.0,-5.0,1020.4,34,0.0
2026-01-21 21:00:00,41,-10.2,-4.7,1021.0,29,0.0
2026-01-21 22:00:00,42,-9.9,-5.0,1021.3,42,0.0
2026-01-21 23:00:00,44,-9.4,-5.2,1020.9,51,0.0
2026-01-22 00:00:00,46,-9.2,-5.7,1021.0,23,0.0
2026-01-22 01:00:00,46,-9.4,-5.9,1020.8,14,0.0
2026-01-22 02:00:00,48,-9.1,-6.1,1020.9,37,0.0
2026-01-22 03:00:00,49,-8.9,-6.0,1021.6,29,0.0
2026-01-22 04:00:00,49,-9.1,-6.3,1021.2,22,0.0
2026-01-22 05:00:00,49,-9.1,-6.4,1021.4,35,0.0
2026-01-22 06:00:00,52,-8.4,-6.5,1021.4,16,0.0
2026-01-22 07:00:00,57,-7.4,-6.6,1021.5,34,0.0
2026-01-22 08:00:00,58,-7.2,-6.4,1021.7,30,21.0
2026-01-22 09:00:00,46,-9.2,-5.8,1022.7,90,149.0
2026-01-22 10:00:00,42,-9.8,-5.6,1023.4,70,222.0
2026-01-22 11:00:00,41,-9.8,-5.5,1023.5,49,323.0
2026-01-22 12:00:00,39,-10.0,-5.1,1023.2,41,480.0
2026-01-22 13:00:00,38,-10.4,-4.9,1022.6,11,549.0
2026-01-22 14:00:00,34,-11.4,-5.0,1022.4,39,570.0
2026-01-22 15:00:00,39,-9.8,-4.5,1022.6,72,449.0
2026-01-22 16:00:00,41,-9.6,-4.7,1022.7,66,271.0
2026-01-22 17:00:00,42,-9.8,-5.1,1022.9,56,127.0
2026-01-22 18:00:00,46,-9.0,-5.1,1023.2,17,13.0
2026-01-22 19:00:00,47,-8.9,-5.5,1023.2,20,0.0
2026-01-22 20:00:00,47,-9.1,-5.3,1023.3,37,0.0
2026-01-22 21:00:00,46,-9.1,-4.8,1023.7,91,0.0
2026-01-22 22:00:00,45,-8.7,-3.7,1023.5,99,0.0
2026-01-22 23:00:00,47,-7.8,-3.7,1023.3,96,0.0
2026-01-23 00:00:00,46,-8.1,-3.6,1023.0,66,0.0
2026-01-23 01:00:00,47,-8.1,-4.1,1023.1,83,0.0
2026-01-23 02:00:00,49,-7.7,-3.8,1023.4,100,0.0
2026-01-23 03:00:00,49,-7.1,-3.5,1023.2,88,0.0
2026-01-23 04:00:00,45,-7.6,-2.9,1023.0,100,0.0
2026-01-23 05:00:00,46,-7.2,-3.4,1023.4,77,0.0
2026-01-23 06:00:00,50,-6.8,-3.8,1024.1,42,0.0
2026-01-23 07:00:00,50,-7.6,-4.5,1024.8,31,0.0
2026-01-23 08:00:00,50,-7.4,-4.0,1025.0,27,21.0
2026-01-23 09:00:00,49,-6.5,-2.9,1025.9,90,150.0
2026-01-23 10:00:00,47,-6.6,-2.7,1026.2,95,242.0
2026-01-23 11:00:00,44,-6.8,-2.2,1025.9,66,279.0
2026-01-23 12:00:00,40,-7.7,-1.6,1025.1,77,390.0
2026-01-23 13:00:00,41,-6.9,-1.3,1024.4,100,383.0
2026-01-23 14:00:00,46,-5.6,-1.4,1024.2,100,239.0
2026-01-23 15:00:00,50,-4.4,-1.0,1023.7,99,154.0
2026-01-23 16:00:00,48,-4.5,-0.5,1023.5,87,135.0
2026-01-23 17:00:00,51,-4.0,-0.4,1023.6,98,74.0
2026-01-23 18:00:00,50,-4.2,-0.4,1023.5,99,7.0
2026-01-23 19:00:00,66,-0.9,0.2,1023.6,98,0.0
2026-01-23 20:00:00,66,-1.4,0.1,1023.4,94,0.0
2026-01-23 21:00:00,80,0.3,-0.3,1023.2,38,0.0
2026-01-23 22:00:00,85,0.6,0.1,1023.0,66,0.0
2026-01-23 23:00:00,88,0.8,-0.2,1022.7,59,0.0
2026-01-24 00:00:00,90,1.5,-0.8,1022.4,61,0.0
2026-01-24 01:00:00,89,1.8,-0.5,1021.7,99,0.0
2026-01-24 02:00:00,87,1.5,-1.0,1021.3,98,0.0
2026-01-24 03:00:00,88,0.9,-1.5,1021.3,75,0.0
2026-01-24 04:00:00,94,2.0,-1.1,1021.0,100,0.0
2026-01-24 05:00:00,93,2.0,-0.4,1020.5,98,0.0
2026-01-24 06:00:00,93,2.2,0.3,1020.5,62,0.0
2026-01-24 07:00:00,94,1.5,-0.1,1020.3,42,0.0
2026-01-24 08:00:00,85,1.4,0.8,1020.5,21,19.0
2026-01-24 09:00:00,75,1.3,0.8,1020.9,42,151.0
2026-01-24 10:00:00,48,-3.1,0.8,1020.9,27,293.0
2026-01-24 11:00:00,45,-3.7,0.9,1020.9,18,453.0
2026-01-24 12:00:00,41,-4.6,0.7,1020.5,29,512.0
2026-01-24 13:00:00,36,-6.2,0.3,1020.6,50,538.0
2026-01-24 14:00:00,42,-5.0,0.1,1020.5,22,535.0
2026-01-24 15:00:00,42,-5.1,0.6,1020.3,13,451.0
2026-01-24 16:00:00,42,-5.3,0.3,1020.5,21,297.0
2026-01-24 17:00:00,44,-5.3,0.2,1020.9,4,134.0
2026-01-24 18:00:00,49,-5.0,-0.7,1021.5,5,15.0
2026-01-24 19:00:00,54,-4.6,-1.1,1021.7,10,0.0
2026-01-24 20:00:00,54,-4.8,-1.5,1022.2,30,0.0
2026-01-24 21:00:00,57,-3.8,-1.1,1022.3,22,0.0
2026-01-24 22:00:00,57,-4.2,-1.5,1022.7,53,0.0
2026-01-24 23:00:00,55,-4.6,-1.7,1022.9,17,0.0
2026-01-25 00:00:00,51,-5.4,-1.9,1022.7,5,0.0
2026-01-25 01:00:00,47,-6.7,-2.5,1023.0,2,0.0
2026-01-25 02:00:00,49,-6.3,-2.9,1023.1,21,0.0
2026-01-25 03:00:00,51,-5.9,-3.0,1023.2,30,0.0
2026-01-25 04:00:00,54,-5.3,-3.4,1023.3,33,0.0
2026-01-25 05:00:00,52,-6.0,-3.8,1023.7,25,0.0
2026-01-25 06:00:00,51,-6.4,-4.4,1024.0,27,0.0
2026-01-25 07:00:00,53,-6.1,-4.4,1024.4,17,0.0
2026-01-25 08:00:00,51,-6.5,-4.1,1024.8,11,23.0
2026-01-25 09:00:00,44,-8.4,-3.8,1026.5,14,163.0
2026-01-25 10:00:00,39,-9.1,-3.1,1027.0,17,317.0
2026-01-25 11:00:00,35,-9.7,-2.1,1026.8,0,489.0
2026-01-25 12:00:00,35,-9.1,-0.8,1025.8,0,597.0
2026-01-25 13:00:00,37,-8.0,-0.1,1025.5,0,635.0
2026-01-25 14:00:00,39,-7.4,-0.5,1025.5,30,592.0
2026-01-25 15:00:00,38,-8.1,-0.7,1025.6,16,465.0
2026-01-25 16:00:00,41,-7.7,-0.9,1025.7,13,318.0
2026-01-25 17:00:00,46,-6.9,-1.3,1026.1,63,156.0
2026-01-25 18:00:00,55,-5.8,-2.2,1026.5,60,17.0
2026-01-25 19:00:00,62,-4.6,-2.5,1026.9,85,0.0
2026-01-25 20:00:00,65,-4.2,-2.5,1027.3,1,0.0
2026-01-25 21:00:00,66,-4.0,-2.0,1026.9,0,0.0
2026-01-25 22:00:00,68,-3.8,-2.6,1027.8,1,0.0
2026-01-25 23:00:00,69,-3.7,-2.5,1027.6,43,0.0
2026-01-26 00:00:00,71,-3.5,-2.6,1027.4,46,0.0
2026-01-26 01:00:00,76,-3.9,-3.6,1026.6,22,0.0
2026-01-26 02:00:00,76,-3.6,-3.3,1026.9,95,0.0
2026-01-26 03:00:00,73,-3.3,-2.2,1027.0,90,0.0
2026-01-26 04:00:00,74,-3.2,-1.8,1026.3,79,0.0
2026-01-26 05:00:00,73,-3.4,-1.8,1026.1,53,0.0
2026-01-26 06:00:00,67,-4.6,-2.0,1026.1,45,0.0
2026-01-26 07:00:00,66,-4.8,-2.1,1026.3,89,0.0
2026-01-26 08:00:00,69,-3.3,-1.2,1026.8,42,16.0
2026-01-26 09:00:00,69,-1.1,1.1,1027.1,58,141.0
2026-01-26 10:00:00,56,-2.7,2.5,1026.5,2,318.0
2026-01-26 11:00:00,50,-3.2,3.0,1024.8,5,501.0
2026-01-26 12:00:00,47,-3.2,4.1,1024.0,63,589.0
2026-01-26 13:00:00,57,-1.4,2.9,1023.7,3,539.0
2026-01-26 14:00:00,57,-1.4,2.8,1022.9,12,510.0
2026-01-26 15:00:00,55,-1.8,3.7,1021.9,95,462.0
2026-01-26 16:00:00,52,-2.5,3.5,1021.6,100,235.0
2026-01-26 17:00:00,60,-1.5,2.4,1021.6,100,61.0
2026-01-26 18:00:00,65,-0.9,1.7,1021.5,100,8.0
2026-01-26 19:00:00,67,-0.5,1.9,1021.2,99,0.0
2026-01-26 20:00:00,72,0.1,2.1,1020.9,99,0.0
2026-01-26 21:00:00,67,0.6,3.3,1020.6,100,0.0
2026-01-26 22:00:00,60,-0.4,3.2,1020.4,99,0.0
2026-01-26 23:00:00,53,-2.0,3.0,1020.4,100,0.0
2026-01-27 00:00:00,61,-0.2,2.8,1020.1,100,0.0
2026-01-27 01:00:00,77,2.7,2.9,1019.7,100,0.0
2026-01-27 02:00:00,86,4.2,3.1,1019.4,99,0.0
2026-01-27 03:00:00,84,4.2,3.2,1019.0,100,0.0
2026-01-27 04:00:00,84,4.7,4.1,1018.4,100,0.0
2026-01-27 05:00:00,76,3.2,4.1,1018.4,85,0.0
2026-01-27 06:00:00,62,-0.6,1.1,1018.8,39,0.0
2026-01-27 07:00:00,65,-1.4,-0.0,1019.5,48,0.0
2026-01-27 08:00:00,68,-0.9,0.3,1020.2,70,22.0
2026-01-27 09:00:00,63,0.0,2.4,1020.6,100,144.0
2026-01-27 10:00:00,62,0.3,2.4,1021.0,100,161.0
2026-01-27 11:00:00,58,-0.4,2.2,1021.1,100,205.0
2026-01-27 12:00:00,55,-1.0,2.1,1020.6,97,248.0
2026-01-27 13:00:00,53,-1.5,2.0,1020.0,98,299.0
2026-01-27 14:00:00,53,-1.6,1.9,1019.7,98,292.0
2026-01-27 15:00:00,49,-2.0,3.1,1019.1,82,299.0
2026-01-27 16:00:00,49,-2.5,2.5,1019.2,35,285.0
2026-01-27 17:00:00,53,-2.5,1.8,1019.8,4,156.0
2026-01-27 18:00:00,58,-2.5,0.6,1020.5,0,20.0
2026-01-27 19:00:00,62,-2.7,-0.4,1021.0,0,0.0
2026-01-27 20:00:00,62,-3.3,-1.0,1021.3,0,0.0
2026-01-27 21:00:00,69,-2.1,-0.7,1021.5,0,0.0
2026-01-27 22:00:00,72,-2.2,-1.2,1021.5,0,0.0
2026-01-27 23:00:00,71,-2.5,-1.4,1021.7,2,0.0
2026-01-28 00:00:00,70,-2.7,-1.3,1021.7,15,0.0
2026-01-28 01:00:00,69,-3.0,-1.5,1021.6,26,0.0
2026-01-28 02:00:00,65,-3.2,-1.6,1021.9,24,0.0
2026-01-28 03:00:00,65,-3.5,-1.9,1021.5,20,0.0
2026-01-28 04:00:00,66,-3.6,-2.3,1021.2,11,0.0
2026-01-28 05:00:00,69,-3.2,-2.5,1021.3,13,0.0
2026-01-28 06:00:00,72,-2.8,-2.6,1021.9,9,0.0
2026-01-28 07:00:00,72,-2.7,-2.4,1022.2,19,0.0
2026-01-28 08:00:00,68,-2.7,-1.8,1022.7,56,25.0
2026-01-28 09:00:00,60,-2.2,0.9,1023.1,84,169.0
2026-01-28 10:00:00,44,-4.6,2.0,1023.1,70,338.0
2026-01-28 11:00:00,39,-5.5,2.4,1022.7,65,442.0
2026-01-28 12:00:00,36,-5.9,3.1,1021.9,45,577.0
2026-01-28 13:00:00,35,-6.2,3.2,1021.2,38,608.0
2026-01-28 14:00:00,36,-5.8,2.5,1021.1,24,555.0
2026-01-28 15:00:00,43,-4.3,2.2,1021.4,26,464.0
2026-01-28 16:00:00,47,-3.8,1.7,1021.8,20,305.0
2026-01-28 17:00:00,54,-3.1,0.7,1022.5,8,156.0
2026-01-28 18:00:00,65,-2.3,-0.6,1023.4,10,20.0
2026-01-28 19:00:00,69,-1.6,-1.0,1023.7,22,0.0
2026-01-28 20:00:00,64,-2.7,-1.4,1024.1,1,0.0
2026-01-28 21:00:00,63,-3.0,-1.1,1024.2,2,0.0
2026-01-28 22:00:00,65,-3.0,-1.4,1024.7,3,0.0
2026-01-28 23:00:00,67,-2.8,-1.3,1024.8,0,0.0
2026-01-29 00:00:00,70,-2.8,-1.7,1024.7,0,0.0
2026-01-29 01:00:00,64,-3.8,-2.0,1024.5,0,0.0
2026-01-29 02:00:00,58,-4.9,-2.2,1025.0,0,0.0
2026-01-29 03:00:00,58,-5.1,-2.4,1024.7,0,0.0
2026-01-29 04:00:00,60,-4.9,-2.7,1024.8,0,0.0
2026-01-29 05:00:00,62,-4.6,-2.7,1024.9,1,0.0
2026-01-29 06:00:00,62,-4.6,-2.8,1025.2,2,0.0
2026-01-29 07:00:00,61,-4.6,-2.7,1025.6,2,0.0
2026-01-29 08:00:00,58,-4.4,-2.2,1026.1,1,26.0
2026-01-29 09:00:00,52,-4.4,-0.4,1026.7,18,174.0
2026-01-29 10:00:00,43,-5.9,-0.1,1027.0,6,320.0
2026-01-29 11:00:00,35,-7.4,0.6,1026.9,63,495.0
2026-01-29 12:00:00,35,-7.3,0.5,1026.2,16,574.0
2026-01-29 13:00:00,37,-6.7,0.3,1025.6,17,620.0
2026-01-29 14:00:00,39,-6.6,-0.5,1025.7,45,552.0
2026-01-29 15:00:00,41,-5.9,-0.3,1025.3,59,448.0
2026-01-29 16:00:00,45,-5.2,-0.8,1025.4,80,290.0
2026-01-29 17:00:00,47,-5.0,-0.6,1025.5,91,114.0
2026-01-29 18:00:00,53,-4.4,-1.0,1025.5,91,16.0
2026-01-29 19:00:00,56,-3.7,-0.6,1025.9,70,0.0
2026-01-29 20:00:00,53,-3.8,-0.6,1025.6,68,0.0
2026-01-29 21:00:00,55,-3.8,-0.8,1025.5,23,0.0
2026-01-29 22:00:00,56,-3.8,-0.9,1025.5,34,0.0
2026-01-29 23:00:00,54,-4.3,-1.1,1025.7,54,0.0
2026-01-30 00:00:00,53,-5.1,-1.4,1025.0,20,0.0
2026-01-30 01:00:00,48,-6.4,-1.8,1024.7,9,0.0
2026-01-30 02:00:00,48,-6.6,-2.2,1025.0,20,0.0
2026-01-30 03:00:00,49,-6.3,-2.3,1024.9,9,0.0
2026-01-30 04:00:00,50,-6.5,-2.6,1025.3,27,0.0
2026-01-30 05:00:00,53,-5.9,-2.7,1025.3,25,0.0
2026-01-30 06:00:00,57,-5.3,-2.7,1025.6,41,0.0
2026-01-30 07:00:00,61,-4.7,-2.7,1026.2,52,0.0
2026-01-30 08:00:00,58,-4.5,-2.0,1026.6,72,24.0
2026-01-30 09:00:00,53,-4.4,0.3,1026.5,42,135.0
2026-01-30 10:00:00,44,-5.4,0.5,1026.4,81,347.0
2026-01-30 11:00:00,41,-5.8,1.2,1026.1,56,442.0
2026-01-30 12:00:00,40,-5.6,1.6,1025.2,55,565.0
2026-01-30 13:00:00,41,-5.4,1.6,1024.4,44,591.0
2026-01-30 14:00:00,42,-5.4,1.0,1023.9,49,549.0
2026-01-30 15:00:00,43,-5.1,1.0,1024.1,88,468.0
2026-01-30 16:00:00,45,-5.1,0.2,1024.4,35,308.0
2026-01-30 17:00:00,48,-5.1,-0.3,1024.6,98,160.0
2026-01-30 18:00:00,54,-4.4,-0.9,1025.3,40,19.0
2026-01-30 19:00:00,60,-3.8,-1.6,1025.7,13,0.0
2026-01-30 20:00:00,64,-3.7,-2.1,1026.0,12,0.0
2026-01-30 21:00:00,66,-3.6,-2.3,1026.0,55,0.0
2026-01-30 22:00:00,68,-3.6,-2.6,1026.0,48,0.0
2026-01-30 23:00:00,68,-3.8,-2.6,1025.6,38,0.0
2026-01-31 00:00:00,68,-4.0,-2.7,1025.3,63,0.0
2026-01-31 01:00:00,68,-4.0,-2.9,1025.0,16,0.0
2026-01-31 02:00:00,68,-4.2,-3.1,1025.2,100,0.0
2026-01-31 03:00:00,67,-4.3,-3.0,1025.0,100,0.0
2026-01-31 04:00:00,66,-4.9,-3.4,1024.6,99,0.0
2026-01-31 05:00:00,65,-5.0,-3.3,1024.6,99,0.0
2026-01-31 06:00:00,64,-5.0,-3.2,1024.2,100,0.0
2026-01-31 07:00:00,69,-4.2,-3.0,1024.5,100,0.0
2026-01-31 08:00:00,69,-3.4,-1.9,1024.9,100,19.0
2026-01-31 09:00:00,57,-4.5,-0.2,1025.1,100,89.0
2026-01-31 10:00:00,47,-4.7,2.4,1025.3,100,246.0
2026-01-31 11:00:00,42,-5.2,3.1,1025.2,100,308.0
2026-01-31 12:00:00,37,-5.7,4.3,1024.3,100,512.0
2026-01-31 13:00:00,36,-5.3,4.6,1023.3,6,583.0
2026-01-31 14:00:00,38,-4.7,4.4,1022.5,0,598.0
2026-01-31 15:00:00,39,-4.2,3.8,1022.1,0,504.0
2026-01-31 16:00:00,42,-3.8,3.3,1022.0,0,357.0
2026-01-31 17:00:00,48,-3.2,2.3,1022.1,0,176.0
2026-01-31 18:00:00,60,-2.2,0.5,1022.6,0,25.0
2026-01-31 19:00:00,68,-1.9,-0.4,1023.0,91,0.0
2026-01-31 20:00:00,69,-2.5,-1.2,1023.3,99,0.0
2026-01-31 21:00:00,72,-2.4,-1.4,1022.9,90,0.0
2026-01-31 22:00:00,72,-3.7,-2.5,1022.9,100,0.0
2026-01-31 23:00:00,66,-4.9,-2.7,1022.9,99,0.0
2026-02-01 00:00:00,62,-5.5,-2.3,1022.8,100,0.0
2026-02-01 01:00:00,65,-4.4,-1.9,1022.6,66,0.0
2026-02-01 02:00:00,65,-3.8,-1.7,1022.8,46,0.0
2026-02-01 03:00:00,57,-4.8,-1.3,1022.9,41,0.0
2026-02-01 04:00:00,54,-5.0,-1.7,1022.7,77,0.0
2026-02-01 05:00:00,59,-4.2,-2.1,1023.1,18,0.0
2026-02-01 06:00:00,60,-4.1,-2.2,1023.5,46,0.0
2026-02-01 07:00:00,63,-3.7,-2.0,1023.7,81,0.0
2026-02-01 08:00:00,62,-3.2,-1.3,1024.0,95,23.0
2026-02-01 09:00:00,55,-3.3,0.6,1024.2,100,112.0
2026-02-01 10:00:00,47,-4.6,0.4,1024.5,99,171.0
2026-02-01 11:00:00,44,-4.8,0.7,1024.2,100,253.0
2026-02-01 12:00:00,42,-4.8,1.2,1023.4,98,338.0
2026-02-01 13:00:00,42,-4.5,1.4,1022.7,99,385.0
2026-02-01 14:00:00,41,-4.5,1.6,1022.2,96,362.0
2026-02-01 15:00:00,46,-3.1,1.6,1022.1,98,318.0
2026-02-01 16:00:00,53,-1.5,2.1,1021.9,99,126.0
2026-02-01 17:00:00,53,-1.5,2.1,1022.1,90,92.0
2026-02-01 18:00:00,56,-1.5,1.4,1022.5,100,17.0
2026-02-01 19:00:00,64,-0.3,1.7,1023.2,100,0.0
2026-02-01 20:00:00,63,-1.0,1.4,1023.3,100,0.0
2026-02-01 21:00:00,61,-1.5,1.1,1023.6,91,0.0
2026-02-01 22:00:00,61,-2.1,0.3,1024.1,27,0.0
2026-02-01 23:00:00,62,-2.2,-0.0,1024.2,70,0.0
2026-02-02 00:00:00,59,-2.8,0.1,1024.2,99,0.0
2026-02-02 01:00:00,54,-3.8,-0.1,1024.1,91,0.0
2026-02-02 02:00:00,53,-4.5,-0.5,1024.1,100,0.0
2026-02-02 03:00:00,51,-4.8,0.1,1023.8,98,0.0
2026-02-02 04:00:00,51,-5.2,-0.1,1023.4,100,0.0
2026-02-02 05:00:00,57,-4.3,0.4,1023.4,96,0.0
2026-02-02 06:00:00,60,-4.0,0.2,1023.5,71,0.0
2026-02-02 07:00:00,65,-2.7,-0.4,1023.5,23,0.0
2026-02-02 08:00:00,57,-3.8,-0.4,1023.7,55,30.0
2026-02-02 09:00:00,57,-2.2,2.9,1024.0,91,179.0
2026-02-02 10:00:00,55,-1.5,2.6,1024.1,100,298.0
2026-02-02 11:00:00,47,-3.0,3.1,1023.4,99,401.0
2026-02-02 12:00:00,48,-2.7,2.2,1022.0,100,330.0
2026-02-02 13:00:00,63,0.0,1.7,1020.9,100,129.0
2026-02-02 14:00:00,70,0.7,0.6,1020.6,100,195.0
2026-02-02 15:00:00,79,2.5,1.4,1021.0,86,112.0
2026-02-02 16:00:00,77,2.6,1.9,1021.3,100,133.0
2026-02-02 17:00:00,57,-1.9,0.8,1021.8,46,62.0
2026-02-02 18:00:00,62,-2.4,-0.5,1022.5,38,21.0
2026-02-02 19:00:00,66,-2.5,-1.5,1023.4,34,0.0
2026-02-02 20:00:00,67,-2.8,-1.8,1024.0,14,0.0
2026-02-02 21:00:00,62,-3.5,-1.6,1024.6,77,0.0
2026-02-02 22:00:00,61,-3.5,-1.3,1025.1,46,0.0
2026-02-02 23:00:00,61,-3.8,-1.3,1025.7,20,0.0
2026-02-03 00:00:00,65,-3.4,-1.3,1026.0,17,0.0
2026-02-03 01:00:00,70,-2.7,-1.4,1026.2,37,0.0
2026-02-03 02:00:00,67,-2.9,-1.6,1026.4,30,0.0
2026-02-03 03:00:00,64,-3.1,-1.6,1026.8,5,0.0
2026-02-03 04:00:00,66,-3.2,-1.9,1027.0,9,0.0
2026-02-03 05:00:00,68,-3.1,-2.0,1027.5,24,0.0
2026-02-03 06:00:00,69,-3.0,-2.1,1027.9,4,0.0
2026-02-03 07:00:00,72,-2.8,-2.4,1028.2,11,0.0
2026-02-03 08:00:00,71,-2.5,-1.5,1028.8,9,31.0
2026-02-03 09:00:00,65,-1.5,1.2,1028.9,4,192.0
2026-02-03 10:00:00,48,-4.0,2.3,1029.0,38,372.0
2026-02-03 11:00:00,41,-5.0,3.3,1028.6,3,503.0
2026-02-03 12:00:00,42,-4.2,4.0,1027.5,8,609.0
2026-02-03 13:00:00,43,-3.5,4.1,1026.5,6,649.0
2026-02-03 14:00:00,45,-2.9,3.4,1026.2,1,620.0
2026-02-03 15:00:00,43,-3.5,3.4,1025.8,0,523.0
2026-02-03 16:00:00,46,-3.2,3.1,1025.8,22,373.0
2026-02-03 17:00:00,53,-1.9,2.6,1025.4,25,189.0
2026-02-03 18:00:00,65,-0.5,1.4,1025.6,91,30.0
2026-02-03 19:00:00,74,0.8,1.2,1026.2,100,0.0
2026-02-03 20:00:00,79,1.5,1.6,1026.3,100,0.0
2026-02-03 21:00:00,77,1.8,2.2,1025.7,100,0.0
2026-02-03 22:00:00,75,1.5,2.5,1025.3,100,0.0
2026-02-03 23:00:00,71,1.0,2.6,1024.9,100,0.0
2026-02-04 00:00:00,70,0.8,2.6,1024.6,100,0.0
2026-02-04 01:00:00,70,0.9,2.4,1024.5,100,0.0
2026-02-04 02:00:00,70,1.0,2.5,1024.3,100,0.0
2026-02-04 03:00:00,70,0.7,2.4,1023.9,100,0.0
2026-02-04 04:00:00,72,0.9,2.3,1023.7,100,0.0
2026-02-04 05:00:00,74,1.5,2.3,1023.8,100,0.0
2026-02-04 06:00:00,75,1.8,2.3,1023.9,98,0.0
2026-02-04 07:00:00,77,2.2,2.5,1023.9,98,0.0
2026-02-04 08:00:00,77,2.5,2.8,1024.0,59,27.0
2026-02-04 09:00:00,74,3.0,4.6,1023.8,60,173.0
2026-02-04 10:00:00,67,2.8,5.4,1023.7,38,316.0
2026-02-04 11:00:00,61,2.5,6.3,1023.2,33,459.0
2026-02-04 12:00:00,56,2.5,7.7,1022.5,100,579.0
2026-02-04 13:00:00,46,0.9,8.4,1021.4,94,553.0
2026-02-04 14:00:00,43,0.5,8.5,1020.6,85,552.0
2026-02-04 15:00:00,44,1.1,9.2,1020.0,100,450.0
2026-02-04 16:00:00,44,1.0,8.9,1020.3,99,276.0
2026-02-04 17:00:00,64,5.1,8.5,1020.2,98,113.0
2026-02-04 18:00:00,73,5.7,7.4,1020.2,47,22.0
2026-02-04 19:00:00,76,5.4,7.0,1021.0,89,0.0
2026-02-04 20:00:00,77,5.3,6.5,1021.2,77,0.0
2026-02-04 21:00:00,83,6.3,7.1,1020.4,9,0.0
2026-02-04 22:00:00,87,5.9,6.4,1020.1,61,0.0
2026-02-04 23:00:00,90,5.6,5.4,1020.1,69,0.0
2026-02-05 00:00:00,90,6.2,5.9,1019.9,100,0.0
2026-02-05 01:00:00,92,5.3,4.7,1019.5,90,0.0
2026-02-05 02:00:00,93,4.4,3.7,1019.4,100,0.0
2026-02-05 03:00:00,91,4.7,4.0,1019.0,98,0.0
2026-02-05 04:00:00,93,4.1,3.2,1018.8,95,0.0
2026-02-05 05:00:00,97,3.8,2.5,1018.9,100,0.0
2026-02-05 06:00:00,98,3.8,2.1,1018.9,100,0.0
2026-02-05 07:00:00,95,4.1,3.0,1019.1,100,0.0
2026-02-05 08:00:00,89,3.9,3.5,1019.4,100,13.0
2026-02-05 09:00:00,89,5.2,5.1,1019.3,100,48.0
2026-02-05 10:00:00,87,5.9,6.4,1019.4,100,97.0
2026-02-05 11:00:00,77,6.5,8.9,1019.0,96,341.0
2026-02-05 12:00:00,70,6.5,10.4,1018.0,30,515.0
2026-02-05 13:00:00,65,6.2,10.7,1017.0,40,559.0
2026-02-05 14:00:00,58,5.3,11.6,1016.6,19,510.0
2026-02-05 15:00:00,53,4.2,12.0,1015.9,14,418.0
2026-02-05 16:00:00,48,3.5,12.6,1015.9,100,302.0
2026-02-05 17:00:00,51,3.8,12.0,1015.9,100,133.0
2026-02-05 18:00:00,60,5.2,11.2,1016.2,100,19.0
2026-02-05 19:00:00,66,5.7,10.4,1016.7,100,0.0
2026-02-05 20:00:00,72,6.1,9.7,1016.7,100,0.0
2026-02-05 21:00:00,74,6.7,10.2,1016.7,100,0.0
2026-02-05 22:00:00,78,6.2,8.9,1016.5,100,0.0
2026-02-05 23:00:00,79,6.1,8.5,1016.5,98,0.0
2026-02-06 00:00:00,84,6.2,7.2,1016.1,55,0.0
2026-02-06 01:00:00,89,6.4,6.7,1016.1,83,0.0
2026-02-06 02:00:00,91,6.2,6.2,1016.2,53,0.0
2026-02-06 03:00:00,94,6.2,5.5,1015.9,31,0.0
2026-02-06 04:00:00,95,4.6,3.5,1015.6,94,0.0
2026-02-06 05:00:00,92,3.1,2.2,1015.6,58,0.0
2026-02-06 06:00:00,88,2.8,2.4,1016.1,77,0.0
2026-02-06 07:00:00,78,3.0,3.4,1016.7,100,0.0
2026-02-06 08:00:00,59,0.5,3.9,1017.3,98,23.0
2026-02-06 09:00:00,57,2.1,6.7,1016.9,100,89.0
2026-02-06 10:00:00,36,-2.5,7.2,1017.3,97,237.0
2026-02-06 11:00:00,35,-2.5,7.6,1017.0,23,376.0
2026-02-06 12:00:00,36,-1.5,9.0,1016.3,13,612.0
2026-02-06 13:00:00,39,-0.2,9.5,1015.8,9,660.0
2026-02-06 14:00:00,40,-0.1,8.8,1015.4,11,600.0
2026-02-06 15:00:00,42,0.2,8.3,1015.3,12,509.0
2026-02-06 16:00:00,46,0.3,7.2,1015.6,27,366.0
2026-02-06 17:00:00,50,0.5,6.0,1016.0,70,191.0
2026-02-06 18:00:00,60,1.0,4.6,1016.2,89,31.0
2026-02-06 19:00:00,66,0.9,3.9,1017.1,96,0.0
2026-02-06 20:00:00,69,1.0,3.4,1017.0,99,0.0
2026-02-06 21:00:00,71,1.3,3.0,1016.8,100,0.0
2026-02-06 22:00:00,67,0.6,2.8,1016.7,100,0.0
2026-02-06 23:00:00,65,0.2,2.8,1016.8,100,0.0
2026-02-07 00:00:00,64,0.2,3.0,1016.7,100,0.0
2026-02-07 01:00:00,64,0.0,2.8,1016.8,100,0.0
2026-02-07 02:00:00,64,-0.1,2.5,1016.7,100,0.0
2026-02-07 03:00:00,65,0.2,2.2,1016.6,100,0.0
2026-02-07 04:00:00,67,0.4,2.2,1016.6,100,0.0
2026-02-07 05:00:00,69,0.7,2.1,1016.9,100,0.0
2026-02-07 06:00:00,71,0.7,2.2,1016.8,100,0.0
2026-02-07 07:00:00,73,0.8,1.7,1016.8,100,0.0
2026-02-07 08:00:00,76,1.4,1.6,1017.3,100,23.0
2026-02-07 09:00:00,76,2.2,3.1,1017.0,100,87.0
2026-02-07 10:00:00,68,1.5,4.0,1016.4,98,185.0
2026-02-07 11:00:00,70,2.2,3.4,1016.6,100,271.0
2026-02-07 12:00:00,91,4.0,1.5,1016.2,100,123.0
2026-02-07 13:00:00,78,3.0,2.1,1015.4,87,146.0
2026-02-07 14:00:00,44,-4.1,0.0,1014.9,91,280.0
2026-02-07 15:00:00,57,-1.1,-0.5,1014.6,76,307.0
2026-02-07 16:00:00,58,-1.6,-0.8,1015.0,100,194.0
2026-02-07 17:00:00,47,-4.9,-1.2,1015.3,50,62.0
2026-02-07 18:00:00,44,-6.1,-1.5,1015.7,50,26.0
2026-02-07 19:00:00,44,-6.7,-1.5,1016.0,8,0.0
2026-02-07 20:00:00,41,-7.8,-2.1,1016.3,15,0.0
2026-02-07 21:00:00,41,-7.8,-2.0,1017.1,61,0.0
2026-02-07 22:00:00,44,-7.2,-2.3,1017.1,82,0.0
2026-02-07 23:00:00,47,-6.8,-2.9,1017.3,59,0.0
2026-02-08 00:00:00,54,-6.0,-4.2,1017.7,93,0.0
2026-02-08 01:00:00,54,-6.5,-5.3,1018.0,35,0.0
2026-02-08 02:00:00,58,-6.4,-6.4,1018.5,73,0.0
2026-02-08 03:00:00,58,-6.6,-6.6,1018.5,59,0.0
2026-02-08 04:00:00,52,-8.4,-7.3,1018.1,64,0.0
2026-02-08 05:00:00,45,-10.8,-8.1,1018.3,59,0.0
2026-02-08 06:00:00,47,-10.7,-8.3,1018.4,73,0.0
2026-02-08 07:00:00,49,-10.1,-8.0,1018.3,72,0.0
2026-02-08 08:00:00,46,-10.5,-7.7,1018.5,44,38.0
2026-02-08 09:00:00,40,-12.6,-7.9,1019.9,51,182.0
2026-02-08 10:00:00,34,-13.9,-7.4,1020.0,65,369.0
2026-02-08 11:00:00,33,-13.6,-6.7,1020.4,43,505.0
2026-02-08 12:00:00,31,-14.2,-6.4,1020.2,65,616.0
2026-02-08 13:00:00,27,-15.4,-6.2,1019.8,35,583.0
2026-02-08 14:00:00,30,-13.6,-5.3,1019.4,27,615.0
2026-02-08 15:00:00,39,-11.2,-6.0,1020.4,81,492.0
2026-02-08 16:00:00,47,-8.8,-5.3,1021.2,92,311.0
2026-02-08 17:00:00,51,-8.2,-5.2,1022.2,74,120.0
2026-02-08 18:00:00,50,-8.5,-4.9,1023.0,36,24.0
2026-02-08 19:00:00,53,-7.8,-4.9,1023.5,22,0.0
2026-02-08 20:00:00,53,-7.7,-4.8,1023.7,0,0.0
2026-02-08 21:00:00,47,-9.4,-4.9,1024.8,7,0.0
2026-02-08 22:00:00,49,-8.6,-4.7,1025.2,7,0.0
2026-02-08 23:00:00,50,-8.1,-4.5,1025.4,1,0.0
2026-02-09 00:00:00,50,-8.0,-4.5,1025.8,0,0.0
2026-02-09 01:00:00,51,-7.7,-4.4,1025.9,7,0.0
2026-02-09 02:00:00,52,-7.3,-4.4,1026.0,3,0.0
2026-02-09 03:00:00,55,-7.1,-4.5,1025.9,50,0.0
2026-02-09 04:00:00,54,-7.5,-4.7,1025.6,14,0.0
2026-02-09 05:00:00,58,-7.2,-4.8,1025.7,8,0.0
2026-02-09 06:00:00,62,-6.6,-4.9,1026.0,31,0.0
2026-02-09 07:00:00,65,-6.0,-4.7,1026.4,37,0.0
2026-02-09 08:00:00,64,-5.1,-3.3,1027.1,48,39.0
2026-02-09 09:00:00,55,-5.3,-1.1,1028.0,100,155.0
2026-02-09 10:00:00,49,-5.6,-0.4,1028.1,100,274.0
2026-02-09 11:00:00,46,-5.4,0.4,1028.4,99,366.0
2026-02-09 12:00:00,45,-4.9,1.0,1027.5,84,482.0
2026-02-09 13:00:00,45,-4.3,1.9,1026.5,86,609.0
2026-02-09 14:00:00,45,-4.5,2.0,1025.8,28,591.0
2026-02-09 15:00:00,49,-3.2,2.3,1025.3,34,487.0
2026-02-09 16:00:00,51,-3.0,2.5,1024.8,19,370.0
2026-02-09 17:00:00,55,-2.8,2.1,1024.8,4,203.0
2026-02-09 18:00:00,72,-2.4,-1.2,1024.9,34,40.0
2026-02-09 19:00:00,78,-2.1,-1.9,1025.4,100,0.0
2026-02-09 20:00:00,81,-2.2,-2.4,1025.8,100,0.0
2026-02-09 21:00:00,83,0.4,0.2,1026.2,100,0.0
2026-02-09 22:00:00,85,0.1,-0.6,1026.2,100,0.0
2026-02-09 23:00:00,84,0.2,-0.0,1026.2,100,0.0
2026-02-10 00:00:00,86,0.2,-0.4,1026.1,89,0.0
2026-02-10 01:00:00,84,0.4,-0.0,1025.9,38,0.0
2026-02-10 02:00:00,84,-0.1,-0.7,1025.6,95,0.0
2026-02-10 03:00:00,83,-0.3,-0.7,1025.4,88,0.0
2026-02-10 04:00:00,81,-0.1,-0.1,1024.9,53,0.0
2026-02-10 05:00:00,82,0.8,0.3,1024.5,99,0.0
2026-02-10 06:00:00,84,1.3,0.3,1025.0,100,0.0
2026-02-10 07:00:00,84,1.5,0.5,1025.0,100,0.0
2026-02-10 08:00:00,81,1.9,1.5,1025.4,100,23.0
2026-02-10 09:00:00,74,2.0,2.5,1024.3,100,131.0
2026-02-10 10:00:00,61,0.6,3.8,1024.0,100,159.0
2026-02-10 11:00:00,59,0.6,4.3,1023.4,100,129.0
2026-02-10 12:00:00,69,2.5,4.3,1022.4,100,112.0
2026-02-10 13:00:00,83,4.5,3.9,1021.5,100,101.0
2026-02-10 14:00:00,95,5.7,3.5,1021.0,100,80.0
2026-02-10 15:00:00,97,5.7,3.3,1020.0,100,75.0
2026-02-10 16:00:00,96,5.8,3.9,1019.9,100,41.0
2026-02-10 17:00:00,96,5.8,3.8,1019.4,100,30.0
2026-02-10 18:00:00,96,5.4,2.7,1018.7,100,7.0
2026-02-10 19:00:00,93,5.4,3.2,1018.5,100,0.0
2026-02-10 20:00:00,93,5.9,4.2,1018.2,100,0.0
2026-02-10 21:00:00,95,6.7,5.5,1018.3,100,0.0
2026-02-10 22:00:00,96,7.0,5.8,1017.6,100,0.0
2026-02-10 23:00:00,96,6.9,6.0,1017.1,100,0.0
2026-02-11 00:00:00,96,6.8,6.0,1016.6,100,0.0
2026-02-11 01:00:00,96,6.8,6.1,1016.0,100,0.0
2026-02-11 02:00:00,97,6.6,5.6,1016.0,100,0.0
2026-02-11 03:00:00,100,5.8,3.7,1015.5,100,0.0
2026-02-11 04:00:00,97,6.3,4.5,1015.1,100,0.0
2026-02-11 05:00:00,94,6.5,4.6,1014.9,100,0.0
2026-02-11 06:00:00,92,6.4,4.5,1015.3,100,0.0
2026-02-11 07:00:00,94,6.3,4.3,1016.2,100,0.0
2026-02-11 08:00:00,93,6.1,4.4,1016.6,100,9.0
2026-02-11 09:00:00,91,6.2,4.9,1017.3,97,85.0
2026-02-11 10:00:00,74,4.9,6.2,1017.6,100,248.0
2026-02-11 11:00:00,66,3.2,5.2,1017.7,53,189.0
2026-02-11 12:00:00,49,0.6,6.1,1017.1,16,432.0
2026-02-11 13:00:00,43,-0.2,7.0,1016.8,13,632.0
2026-02-11 14:00:00,43,-0.6,6.5,1016.8,10,575.0
2026-02-11 15:00:00,48,0.4,6.1,1017.2,13,506.0
2026-02-11 16:00:00,49,0.4,5.6,1017.7,17,341.0
2026-02-11 17:00:00,53,0.6,4.8,1018.4,31,175.0
2026-02-11 18:00:00,58,0.7,4.2,1019.1,21,38.0
2026-02-11 19:00:00,63,0.9,3.6,1019.4,19,0.0
2026-02-11 20:00:00,67,1.1,3.0,1019.5,46,0.0
2026-02-11 21:00:00,72,1.9,3.7,1019.3,100,0.0
2026-02-11 22:00:00,76,2.0,3.4,1019.2,90,0.0
2026-02-11 23:00:00,80,2.8,3.7,1019.2,49,0.0
2026-02-12 00:00:00,85,3.5,3.6,1019.1,27,0.0
2026-02-12 01:00:00,92,3.8,3.2,1018.9,60,0.0
2026-02-12 02:00:00,89,4.2,3.7,1019.2,93,0.0
2026-02-12 03:00:00,81,4.2,4.9,1018.9,95,0.0
2026-02-12 04:00:00,81,4.1,4.1,1018.8,65,0.0
2026-02-12 05:00:00,85,4.6,3.9,1019.0,98,0.0
2026-02-12 06:00:00,87,4.8,4.0,1019.7,85,0.0
2026-02-12 07:00:00,90,4.9,4.1,1020.1,71,0.0
2026-02-12 08:00:00,92,5.3,4.3,1020.7,61,31.0
2026-02-12 09:00:00,85,6.0,5.9,1021.1,25,176.0
2026-02-12 10:00:00,49,0.2,6.0,1021.3,5,391.0
2026-02-12 11:00:00,42,-1.2,6.4,1021.4,1,560.0
2026-02-12 12:00:00,38,-2.2,7.1,1020.8,0,661.0
2026-02-12 13:00:00,37,-2.5,7.2,1020.3,0,697.0
2026-02-12 14:00:00,35,-3.2,6.6,1019.9,0,664.0
2026-02-12 15:00:00,40,-1.9,6.1,1019.5,0,567.0
2026-02-12 16:00:00,40,-2.2,5.8,1019.6,0,412.0
2026-02-12 17:00:00,46,-1.2,5.3,1019.6,0,224.0
2026-02-12 18:00:00,54,-0.7,4.2,1020.2,0,47.0
2026-02-12 19:00:00,63,-0.2,2.9,1021.0,0,0.0
2026-02-12 20:00:00,70,-0.3,1.5,1021.4,0,0.0
2026-02-12 21:00:00,73,-0.1,1.3,1021.0,0,0.0
2026-02-12 22:00:00,77,-0.3,0.5,1020.9,32,0.0
2026-02-12 23:00:00,84,-0.5,-0.7,1020.6,31,0.0
2026-02-13 00:00:00,86,-0.9,-1.3,1020.5,16,0.0
2026-02-13 01:00:00,84,-1.1,-1.4,1020.3,34,0.0
2026-02-13 02:00:00,77,-1.5,-0.5,1020.4,66,0.0
2026-02-13 03:00:00,76,-1.0,-0.1,1019.9,18,0.0
2026-02-13 04:00:00,76,-1.1,-0.0,1019.6,30,0.0
2026-02-13 05:00:00,75,-0.6,1.0,1020.0,22,0.0
2026-02-13 06:00:00,77,-1.1,0.2,1020.4,20,0.0
2026-02-13 07:00:00,80,-1.7,-1.3,1020.5,52,0.0
2026-02-13 08:00:00,78,-0.1,1.0,1020.7,20,46.0
2026-02-13 09:00:00,70,1.6,4.4,1021.0,3,217.0
2026-02-13 10:00:00,66,2.3,6.2,1020.8,4,402.0
2026-02-13 11:00:00,61,2.9,7.3,1020.4,2,558.0
2026-02-13 12:00:00,55,3.0,9.0,1019.6,54,657.0
2026-02-13 13:00:00,49,2.3,9.7,1018.9,87,685.0
2026-02-13 14:00:00,46,1.6,9.2,1018.5,27,634.0
2026-02-13 15:00:00,45,1.6,9.3,1018.0,43,555.0
2026-02-13 16:00:00,46,1.3,8.7,1018.1,80,408.0
2026-02-13 17:00:00,55,2.8,8.0,1018.4,29,210.0
2026-02-13 18:00:00,66,3.5,6.2,1018.9,1,47.0
2026-02-13 19:00:00,70,3.6,5.6,1019.3,0,0.0
2026-02-13 20:00:00,74,3.9,5.5,1019.8,0,0.0
2026-02-13 21:00:00,75,4.0,5.6,1019.6,0,0.0
2026-02-13 22:00:00,83,5.1,5.7,1019.9,0,0.0
2026-02-13 23:00:00,87,4.8,4.9,1020.2,2,0.0
2026-02-14 00:00:00,90,4.8,4.5,1020.4,4,0.0
2026-02-14 01:00:00,92,4.6,3.7,1020.4,1,0.0
2026-02-14 02:00:00,92,3.8,3.1,1020.4,19,0.0
2026-02-14 03:00:00,89,3.9,3.4,1020.1,9,0.0
2026-02-14 04:00:00,89,3.0,2.4,1019.7,0,0.0
2026-02-14 05:00:00,90,2.7,2.2,1019.7,3,0.0
2026-02-14 06:00:00,93,2.8,1.9,1020.1,12,0.0
2026-02-14 07:00:00,96,2.9,1.6,1020.2,34,0.0
2026-02-14 08:00:00,94,4.3,3.4,1020.6,41,48.0
2026-02-14 09:00:00,88,5.4,5.2,1020.5,28,210.0
2026-02-14 10:00:00,75,5.6,7.6,1020.2,26,402.0
2026-02-14 11:00:00,66,5.3,9.0,1019.6,95,527.0
2026-02-14 12:00:00,65,5.2,8.9,1018.5,14,357.0
2026-02-14 13:00:00,53,4.0,10.8,1017.4,64,646.0
2026-02-14 14:00:00,54,4.3,10.3,1016.6,100,577.0
2026-02-14 15:00:00,67,5.7,8.8,1016.5,100,255.0
2026-02-14 16:00:00,73,6.2,8.6,1016.5,100,71.0
2026-02-14 17:00:00,93,8.2,6.8,1016.4,100,26.0
2026-02-14 18:00:00,95,8.5,7.3,1016.6,100,7.0
2026-02-14 19:00:00,94,8.7,7.5,1016.6,100,0.0
2026-02-14 20:00:00,93,8.9,7.6,1016.4,100,0.0
2026-02-14 21:00:00,94,9.8,8.7,1016.2,86,0.0
2026-02-14 22:00:00,92,9.6,8.7,1016.1,100,0.0
2026-02-14 23:00:00,92,9.6,8.4,1016.0,100,0.0
2026-02-15 00:00:00,94,9.9,8.3,1015.1,92,0.0
2026-02-15 01:00:00,95,10.1,8.7,1015.2,100,0.0
2026-02-15 02:00:00,96,10.4,9.0,1015.1,100,0.0
2026-02-15 03:00:00,97,10.6,9.9,1015.0,100,0.0
2026-02-15 04:00:00,99,10.7,10.1,1014.7,100,0.0
2026-02-15 05:00:00,99,10.7,9.8,1015.1,100,0.0
2026-02-15 06:00:00,99,10.9,10.2,1015.3,100,0.0
2026-02-15 07:00:00,98,10.9,10.8,1015.8,100,0.0
2026-02-15 08:00:00,99,11.1,11.3,1016.3,100,13.0
2026-02-15 09:00:00,98,11.2,11.6,1016.9,99,78.0
2026-02-15 10:00:00,93,11.6,13.0,1017.2,99,186.0
2026-02-15 11:00:00,83,11.8,14.7,1017.2,97,349.0
2026-02-15 12:00:00,76,11.8,15.2,1016.6,71,472.0
2026-02-15 13:00:00,72,11.3,14.7,1015.8,25,406.0
2026-02-15 14:00:00,63,10.4,15.0,1015.3,8,531.0
2026-02-15 15:00:00,62,9.5,15.0,1015.0,0,487.0
2026-02-15 16:00:00,61,8.8,14.0,1015.0,0,410.0
2026-02-15 17:00:00,64,8.1,12.1,1015.2,2,228.0
2026-02-15 18:00:00,72,8.0,10.5,1015.7,44,52.0
2026-02-15 19:00:00,83,8.2,9.0,1015.9,100,0.0
2026-02-15 20:00:00,87,7.9,7.9,1016.6,100,0.0
2026-02-15 21:00:00,91,7.5,7.2,1016.6,100,0.0
2026-02-15 22:00:00,93,7.2,6.9,1016.7,99,0.0
2026-02-15 23:00:00,93,7.1,6.6,1016.6,100,0.0
2026-02-16 00:00:00,94,8.1,7.2,1016.6,100,0.0
2026-02-16 01:00:00,94,8.6,7.8,1016.6,9,0.0
2026-02-16 02:00:00,94,8.9,8.3,1016.3,22,0.0
2026-02-16 03:00:00,96,9.4,8.5,1016.0,5,0.0
2026-02-16 04:00:00,96,8.1,7.1,1015.7,33,0.0
2026-02-16 05:00:00,93,6.5,5.4,1016.4,18,0.0
2026-02-16 06:00:00,90,5.5,4.9,1016.8,73,0.0
2026-02-16 07:00:00,89,4.3,3.8,1017.4,97,0.0
2026-02-16 08:00:00,84,5.8,6.8,1017.4,48,53.0
2026-02-16 09:00:00,85,8.1,9.2,1017.5,98,226.0
2026-02-16 10:00:00,79,9.4,12.0,1017.6,100,366.0
2026-02-16 11:00:00,65,7.7,11.7,1017.1,100,413.0
2026-02-16 12:00:00,59,6.4,11.1,1016.5,100,423.0
2026-02-16 13:00:00,59,6.1,11.0,1015.9,100,416.0
2026-02-16 14:00:00,53,4.6,10.2,1015.9,100,463.0
2026-02-16 15:00:00,51,3.3,9.6,1016.2,100,319.0
2026-02-16 16:00:00,53,2.9,8.1,1016.6,100,239.0
2026-02-16 17:00:00,59,3.2,7.1,1016.8,100,118.0
2026-02-16 18:00:00,66,3.7,6.3,1017.4,100,29.0
2026-02-16 19:00:00,71,3.6,5.1,1018.3,100,0.0
2026-02-16 20:00:00,72,3.0,4.2,1019.1,100,0.0
2026-02-16 21:00:00,68,2.2,3.9,1019.2,100,0.0
2026-02-16 22:00:00,65,1.2,3.6,1019.9,99,0.0
2026-02-16 23:00:00,63,0.4,3.3,1020.3,100,0.0
2026-02-17 00:00:00,58,-0.8,3.2,1020.6,100,0.0
2026-02-17 01:00:00,59,-1.1,3.0,1020.7,100,0.0
2026-02-17 02:00:00,62,-0.9,2.9,1021.3,100,0.0
2026-02-17 03:00:00,56,-2.1,2.3,1021.3,100,0.0
2026-02-17 04:00:00,55,-2.8,1.5,1021.2,100,0.0
2026-02-17 05:00:00,53,-3.2,1.2,1021.3,97,0.0
2026-02-17 06:00:00,57,-3.0,0.6,1021.5,42,0.0
2026-02-17 07:00:00,61,-2.7,0.5,1021.5,1,0.0
2026-02-17 08:00:00,62,-1.9,1.6,1021.9,0,59.0
2026-02-17 09:00:00,54,-2.0,3.0,1022.2,0,240.0
2026-02-17 10:00:00,46,-2.3,5.0,1022.1,0,432.0
2026-02-17 11:00:00,42,-2.3,7.6,1021.5,77,589.0
2026-02-17 12:00:00,40,-2.3,7.9,1020.2,8,607.0
2026-02-17 13:00:00,51,0.4,7.5,1019.2,9,715.0
2026-02-17 14:00:00,53,1.2,7.5,1018.4,8,660.0
2026-02-17 15:00:00,51,1.5,7.9,1017.5,5,570.0
2026-02-17 16:00:00,41,-1.1,7.3,1017.5,20,410.0
2026-02-17 17:00:00,44,-1.5,6.0,1017.9,1,218.0
2026-02-17 18:00:00,53,-0.4,5.2,1018.3,1,56.0
2026-02-17 19:00:00,64,0.7,4.0,1018.8,5,0.0
2026-02-17 20:00:00,72,1.0,2.9,1019.0,2,0.0
2026-02-17 21:00:00,61,-0.5,4.3,1018.8,28,0.0
2026-02-17 22:00:00,60,-0.7,4.2,1018.5,36,0.0
2026-02-17 23:00:00,64,0.0,4.0,1018.2,17,0.0
2026-02-18 00:00:00,75,2.3,3.9,1018.0,27,0.0
2026-02-18 01:00:00,68,2.7,4.7,1017.8,9,0.0
2026-02-18 02:00:00,67,2.6,4.3,1018.0,3,0.0
2026-02-18 03:00:00,70,2.7,4.0,1017.4,5,0.0
2026-02-18 04:00:00,72,2.5,3.7,1016.9,5,0.0
2026-02-18 05:00:00,69,2.0,3.4,1016.9,5,0.0
2026-02-18 06:00:00,75,2.6,3.1,1017.1,30,0.0
2026-02-18 07:00:00,73,1.5,2.6,1017.7,15,0.0
2026-02-18 08:00:00,50,-2.7,2.2,1018.4,0,57.0
2026-02-18 09:00:00,46,-2.3,4.2,1018.9,0,243.0
2026-02-18 10:00:00,32,-5.9,4.1,1019.2,0,443.0
2026-02-18 11:00:00,30,-6.3,4.7,1019.5,0,600.0
2026-02-18 12:00:00,31,-5.9,5.3,1019.4,0,698.0
2026-02-18 13:00:00,33,-4.9,5.8,1019.0,0,728.0
2026-02-18 14:00:00,33,-4.6,5.7,1018.5,0,689.0
2026-02-18 15:00:00,34,-4.1,5.5,1017.8,0,588.0
2026-02-18 16:00:00,36,-3.8,5.1,1018.1,0,432.0
2026-02-18 17:00:00,38,-3.8,4.6,1018.7,4,241.0
2026-02-18 18:00:00,43,-2.8,4.2,1019.5,6,58.0
2026-02-18 19:00:00,53,-1.2,3.8,1019.8,19,0.0
2026-02-18 20:00:00,62,-0.3,3.5,1020.1,12,0.0
2026-02-18 21:00:00,65,0.7,3.9,1020.1,9,0.0
2026-02-18 22:00:00,69,1.2,3.4,1020.4,98,0.0
2026-02-18 23:00:00,60,-0.8,1.2,1020.8,23,0.0
2026-02-19 00:00:00,66,-0.4,0.9,1021.5,47,0.0
2026-02-19 01:00:00,65,-1.1,1.0,1021.9,70,0.0
2026-02-19 02:00:00,67,-1.2,0.6,1022.4,67,0.0
2026-02-19 03:00:00,65,-1.0,1.5,1022.1,23,0.0
2026-02-19 04:00:00,67,-1.3,0.9,1022.3,39,0.0
2026-02-19 05:00:00,68,-1.6,0.2,1022.6,100,0.0
2026-02-19 06:00:00,62,-2.0,0.9,1023.0,98,0.0
2026-02-19 07:00:00,60,-2.3,1.0,1023.4,100,0.0
2026-02-19 08:00:00,58,-2.5,1.4,1024.2,100,24.0
2026-02-19 09:00:00,59,-1.5,2.9,1024.2,25,119.0
2026-02-19 10:00:00,55,-0.8,5.0,1024.4,14,318.0
2026-02-19 11:00:00,49,-1.0,6.0,1024.1,13,560.0
2026-02-19 12:00:00,50,-0.6,6.1,1023.7,53,569.0
2026-02-19 13:00:00,50,-0.3,6.2,1023.1,1,516.0
2026-02-19 14:00:00,45,-0.7,8.2,1022.3,3,601.0
2026-02-19 15:00:00,41,-0.9,8.8,1021.2,5,521.0
2026-02-19 16:00:00,39,-1.4,8.7,1020.9,9,419.0
2026-02-19 17:00:00,43,-0.5,8.2,1020.5,98,243.0
2026-02-19 18:00:00,58,1.1,6.9,1020.6,100,55.0
2026-02-19 19:00:00,67,1.9,5.5,1020.8,100,0.0
2026-02-19 20:00:00,77,4.2,5.8,1021.6,100,0.0
2026-02-19 21:00:00,84,4.9,5.9,1021.5,100,0.0
2026-02-19 22:00:00,85,5.1,5.8,1021.1,100,0.0
2026-02-19 23:00:00,83,4.8,5.7,1021.0,100,0.0
2026-02-20 00:00:00,82,4.3,5.4,1021.0,100,0.0
2026-02-20 01:00:00,82,4.2,5.2,1020.9,100,0.0
2026-02-20 02:00:00,84,4.3,5.1,1020.7,100,0.0
2026-02-20 03:00:00,84,4.7,5.7,1020.4,100,0.0
2026-02-20 04:00:00,84,4.9,6.0,1020.2,100,0.0
2026-02-20 05:00:00,88,5.3,5.4,1020.3,100,0.0
2026-02-20 06:00:00,85,5.6,5.9,1020.0,100,0.0
2026-02-20 07:00:00,79,4.9,5.7,1019.9,100,0.0
2026-02-20 08:00:00,74,4.5,6.0,1019.9,100,34.0
2026-02-20 09:00:00,71,4.6,7.4,1019.9,77,102.0
2026-02-20 10:00:00,63,4.0,8.1,1019.8,94,258.0
2026-02-20 11:00:00,51,3.0,9.5,1019.5,63,561.0
2026-02-20 12:00:00,33,-2.0,10.1,1018.8,0,656.0
2026-02-20 13:00:00,27,-4.2,10.2,1017.9,0,733.0
2026-02-20 14:00:00,27,-4.5,9.4,1017.3,0,693.0
2026-02-20 15:00:00,30,-3.3,9.1,1016.8,0,594.0
2026-02-20 16:00:00,35,-2.0,8.4,1016.8,0,442.0
2026-02-20 17:00:00,39,-1.1,7.7,1016.9,0,250.0
2026-02-20 18:00:00,48,0.6,7.1,1017.4,0,64.0
2026-02-20 19:00:00,55,1.4,6.8,1017.8,0,0.0
2026-02-20 20:00:00,66,2.1,5.6,1018.2,0,0.0
2026-02-20 21:00:00,61,2.1,6.7,1018.3,1,0.0
2026-02-20 22:00:00,66,2.2,5.6,1018.5,0,0.0
2026-02-20 23:00:00,70,2.8,6.0,1018.7,0,0.0
2026-02-21 00:00:00,81,3.7,4.5,1018.7,0,0.0
2026-02-21 01:00:00,85,4.1,4.5,1018.4,0,0.0
2026-02-21 02:00:00,85,3.6,4.1,1018.2,0,0.0
2026-02-21 03:00:00,84,3.1,3.6,1018.0,0,0.0
2026-02-21 04:00:00,82,1.6,2.0,1017.8,0,0.0
2026-02-21 05:00:00,81,1.1,1.6,1017.9,1,0.0
2026-02-21 06:00:00,81,0.8,1.2,1018.1,5,0.0
2026-02-21 07:00:00,83,0.9,1.1,1018.2,13,0.0
2026-02-21 08:00:00,82,3.3,4.0,1018.5,25,66.0
2026-02-21 09:00:00,79,5.0,6.3,1019.0,5,234.0
2026-02-21 10:00:00,66,4.7,8.5,1018.7,2,429.0
2026-02-21 11:00:00,57,4.1,10.1,1018.5,1,597.0
2026-02-21 12:00:00,47,2.8,11.9,1018.0,0,699.0
2026-02-21 13:00:00,43,2.4,13.0,1016.9,0,735.0
2026-02-21 14:00:00,43,2.6,12.7,1015.8,0,700.0
2026-02-21 15:00:00,42,2.5,12.0,1015.1,0,598.0
2026-02-21 16:00:00,40,1.1,10.2,1015.0,0,440.0
2026-02-21 17:00:00,42,0.6,8.9,1015.0,0,249.0
2026-02-21 18:00:00,58,3.6,7.8,1015.1,0,65.0
2026-02-21 19:00:00,68,5.5,8.0,1015.4,0,0.0
2026-02-21 20:00:00,73,6.2,8.1,1015.1,0,0.0
2026-02-21 21:00:00,77,6.6,8.1,1015.2,0,0.0
2026-02-21 22:00:00,81,6.8,8.0,1015.4,0,0.0
2026-02-21 23:00:00,85,6.7,7.3,1015.3,0,0.0
2026-02-22 00:00:00,83,6.3,6.8,1015.0,0,0.0
2026-02-22 01:00:00,86,5.7,6.2,1015.0,0,0.0
2026-02-22 02:00:00,82,4.7,6.0,1015.2,0,0.0
2026-02-22 03:00:00,85,4.6,5.0,1014.7,0,0.0
2026-02-22 04:00:00,87,5.4,5.0,1014.1,2,0.0
2026-02-22 05:00:00,88,5.8,5.3,1014.3,6,0.0
2026-02-22 06:00:00,89,6.2,5.3,1014.1,2,0.0
2026-02-22 07:00:00,89,6.7,5.6,1013.9,8,0.0
2026-02-22 08:00:00,82,6.9,7.3,1014.4,40,66.0
2026-02-22 09:00:00,69,6.8,9.9,1014.4,37,199.0
2026-02-22 10:00:00,63,7.0,11.4,1014.0,16,359.0
2026-02-22 11:00:00,48,5.9,14.2,1012.7,0,560.0
2026-02-22 12:00:00,45,7.2,16.8,1011.4,0,681.0
2026-02-22 13:00:00,49,8.7,17.6,1010.4,23,714.0
2026-02-22 14:00:00,53,9.9,18.4,1009.9,50,583.0
2026-02-22 15:00:00,51,10.3,20.4,1009.8,36,433.0
2026-02-22 16:00:00,55,11.6,18.6,1009.8,20,364.0
2026-02-22 17:00:00,60,11.6,16.6,1009.8,23,181.0
2026-02-22 18:00:00,74,13.0,15.9,1010.6,26,57.0
2026-02-22 19:00:00,79,13.1,15.5,1012.2,28,0.0
2026-02-22 20:00:00,84,13.6,14.9,1012.7,73,0.0
2026-02-22 21:00:00,80,12.9,15.2,1012.7,55,0.0
2026-02-22 22:00:00,76,12.4,14.6,1013.3,62,0.0
2026-02-22 23:00:00,63,8.9,12.0,1014.1,0,0.0
2026-02-23 00:00:00,53,5.2,10.1,1015.3,0,0.0
2026-02-23 01:00:00,46,1.9,8.2,1017.0,0,0.0
2026-02-23 02:00:00,49,1.4,7.2,1018.7,0,0.0
2026-02-23 03:00:00,50,1.8,7.4,1018.1,0,0.0
2026-02-23 04:00:00,48,0.6,6.9,1018.4,0,0.0
2026-02-23 05:00:00,51,-0.1,5.3,1019.5,0,0.0
2026-02-23 06:00:00,50,-1.4,4.0,1020.3,0,0.0
2026-02-23 07:00:00,48,-2.5,3.1,1021.5,37,0.0
2026-02-23 08:00:00,45,-3.0,4.0,1022.9,67,77.0
2026-02-23 09:00:00,46,-0.8,6.5,1022.8,100,265.0
2026-02-23 10:00:00,40,-1.5,7.8,1023.1,99,441.0
2026-02-23 11:00:00,35,-2.2,8.7,1023.4,100,564.0
2026-02-23 12:00:00,33,-2.7,9.6,1022.9,35,619.0
2026-02-23 13:00:00,29,-3.8,10.8,1022.1,0,720.0
2026-02-23 14:00:00,27,-4.6,10.4,1021.8,0,710.0
2026-02-23 15:00:00,29,-3.0,10.7,1021.1,0,610.0
2026-02-23 16:00:00,32,-2.4,9.9,1021.3,0,452.0
2026-02-23 17:00:00,36,-1.9,8.9,1021.7,0,258.0
2026-02-23 18:00:00,42,-1.5,6.7,1022.3,0,70.0
2026-02-23 19:00:00,49,-1.3,4.8,1023.0,0,0.0
2026-02-23 20:00:00,53,-1.2,3.7,1023.5,0,0.0
2026-02-23 21:00:00,54,-1.1,3.5,1023.2,0,0.0
2026-02-23 22:00:00,55,-0.9,2.7,1022.8,0,0.0
2026-02-23 23:00:00,57,-0.6,4.0,1022.6,26,0.0
2026-02-24 00:00:00,64,-0.2,3.8,1023.2,96,0.0
2026-02-24 01:00:00,69,0.3,3.1,1022.9,100,0.0
2026-02-24 02:00:00,66,-0.4,3.1,1022.6,100,0.0
2026-02-24 03:00:00,67,-0.9,1.9,1022.2,100,0.0
2026-02-24 04:00:00,63,-2.3,1.1,1021.8,100,0.0
2026-02-24 05:00:00,55,-4.3,0.3,1021.6,100,0.0
2026-02-24 06:00:00,52,-4.9,0.1,1021.5,100,0.0
2026-02-24 07:00:00,52,-4.7,0.4,1021.6,100,0.0
2026-02-24 08:00:00,49,-3.8,2.2,1021.5,100,56.0
2026-02-24 09:00:00,52,-0.3,5.5,1021.4,100,212.0
2026-02-24 10:00:00,60,2.7,7.0,1020.8,100,256.0
2026-02-24 11:00:00,59,3.3,8.4,1020.6,100,313.0
2026-02-24 12:00:00,47,1.6,9.9,1020.8,100,361.0
2026-02-24 13:00:00,53,2.7,9.1,1019.5,100,130.0
2026-02-24 14:00:00,51,3.2,9.8,1018.5,100,261.0
2026-02-24 15:00:00,50,2.9,9.9,1018.1,100,135.0
2026-02-24 16:00:00,55,3.8,9.0,1017.6,100,144.0
2026-02-24 17:00:00,84,7.3,7.4,1017.6,100,65.0
2026-02-24 18:00:00,94,8.1,6.2,1018.1,100,18.0
2026-02-24 19:00:00,94,8.0,5.3,1018.1,100,0.0
2026-02-24 20:00:00,94,7.7,5.2,1017.8,100,0.0
2026-02-24 21:00:00,96,8.1,6.3,1017.9,100,0.0
2026-02-24 22:00:00,96,8.2,6.4,1017.3,100,0.0
2026-02-24 23:00:00,96,8.4,7.0,1016.7,100,0.0
2026-02-25 00:00:00,97,8.6,7.4,1016.3,100,0.0
2026-02-25 01:00:00,97,8.9,7.3,1015.2,100,0.0
2026-02-25 02:00:00,96,9.6,8.2,1014.5,100,0.0
2026-02-25 03:00:00,97,9.5,7.4,1013.7,100,0.0
2026-02-25 04:00:00,97,9.4,7.4,1013.3,100,0.0
2026-02-25 05:00:00,96,9.2,6.8,1013.4,100,0.0
2026-02-25 06:00:00,95,9.1,6.5,1013.8,100,0.0
2026-02-25 07:00:00,94,9.0,7.2,1013.7,100,0.0
2026-02-25 08:00:00,92,9.0,7.7,1014.2,100,15.0
2026-02-25 09:00:00,92,9.3,7.7,1014.8,100,43.0
2026-02-25 10:00:00,89,9.6,9.1,1014.9,100,107.0
2026-02-25 11:00:00,83,9.8,10.5,1015.2,100,192.0
2026-02-25 12:00:00,74,8.7,10.7,1015.0,100,212.0
2026-02-25 13:00:00,67,8.2,11.6,1014.2,100,309.0
2026-02-25 14:00:00,63,8.1,11.9,1014.0,95,314.0
2026-02-25 15:00:00,67,8.1,10.3,1014.4,92,429.0
2026-02-25 16:00:00,69,7.8,9.4,1015.1,81,301.0
2026-02-25 17:00:00,71,7.5,8.3,1015.6,84,187.0
2026-02-25 18:00:00,74,7.3,7.5,1016.1,94,45.0
2026-02-25 19:00:00,75,7.0,6.9,1016.6,91,0.0
2026-02-25 20:00:00,75,6.8,6.8,1017.0,91,0.0
2026-02-25 21:00:00,77,6.9,6.7,1017.6,31,0.0
2026-02-25 22:00:00,77,6.8,6.6,1017.9,9,0.0
2026-02-25 23:00:00,78,6.6,6.4,1017.8,27,0.0
2026-02-26 00:00:00,79,6.5,6.3,1017.8,99,0.0
2026-02-26 01:00:00,80,6.4,6.4,1017.9,98,0.0
2026-02-26 02:00:00,80,6.4,6.8,1017.8,83,0.0
2026-02-26 03:00:00,78,6.9,7.6,1017.5,76,0.0
2026-02-26 04:00:00,82,6.8,7.0,1017.0,1,0.0
2026-02-26 05:00:00,85,6.8,6.5,1017.4,9,0.0
2026-02-26 06:00:00,87,6.7,6.2,1017.4,16,0.0
2026-02-26 07:00:00,90,6.6,6.2,1018.0,22,1.0
2026-02-26 08:00:00,86,6.7,7.2,1018.4,21,78.0
2026-02-26 09:00:00,78,7.1,9.4,1018.8,13,249.0
2026-02-26 10:00:00,71,7.7,11.7,1018.3,51,412.0
2026-02-26 11:00:00,67,7.7,12.3,1017.5,38,532.0
2026-02-26 12:00:00,65,8.1,13.8,1016.7,92,682.0
2026-02-26 13:00:00,66,8.3,13.7,1015.8,98,718.0
2026-02-26 14:00:00,65,8.5,14.0,1014.9,100,669.0
2026-02-26 15:00:00,68,9.1,13.6,1014.3,100,569.0
2026-02-26 16:00:00,69,9.4,14.0,1014.0,100,399.0
2026-02-26 17:00:00,73,9.7,13.3,1013.9,100,198.0
2026-02-26 18:00:00,80,9.5,11.4,1014.0,100,57.0
2026-02-26 19:00:00,82,9.5,11.5,1014.9,100,0.0
2026-02-26 20:00:00,82,9.6,11.4,1014.8,100,0.0
2026-02-26 21:00:00,84,10.2,11.9,1015.0,100,0.0
2026-02-26 22:00:00,86,10.2,11.2,1014.3,100,0.0
2026-02-26 23:00:00,89,10.4,10.8,1014.2,100,0.0
2026-02-27 00:00:00,84,9.8,10.8,1014.3,100,0.0
2026-02-27 01:00:00,83,9.2,9.8,1013.8,98,0.0
2026-02-27 02:00:00,85,9.1,8.9,1013.1,100,0.0
2026-02-27 03:00:00,84,9.1,9.6,1012.4,100,0.0
2026-02-27 04:00:00,84,9.3,10.4,1012.6,100,0.0
2026-02-27 05:00:00,84,9.4,10.5,1012.0,100,0.0
2026-02-27 06:00:00,84,9.4,10.5,1011.5,100,0.0
2026-02-27 07:00:00,86,9.5,10.0,1011.6,100,1.0
2026-02-27 08:00:00,88,9.9,10.4,1011.8,100,21.0
2026-02-27 09:00:00,94,10.9,10.9,1012.3,100,56.0
2026-02-27 10:00:00,96,11.7,11.9,1012.2,100,77.0
2026-02-27 11:00:00,98,12.3,12.4,1011.8,100,95.0
2026-02-27 12:00:00,98,12.6,12.8,1011.5,100,78.0
2026-02-27 13:00:00,97,12.6,13.1,1010.4,100,102.0
2026-02-27 14:00:00,97,12.8,12.6,1010.0,100,94.0
2026-02-27 15:00:00,96,11.9,11.1,1010.0,100,38.0
2026-02-27 16:00:00,96,11.3,10.1,1009.9,100,30.0
2026-02-27 17:00:00,95,11.1,9.8,1009.7,100,15.0
2026-02-27 18:00:00,95,10.9,10.4,1009.6,100,9.0
2026-02-27 19:00:00,95,10.6,9.4,1010.1,100,0.0
2026-02-27 20:00:00,92,10.3,9.1,1010.4,100,0.0
2026-02-27 21:00:00,92,10.6,10.1,1011.4,100,0.0
2026-02-27 22:00:00,89,10.1,9.6,1012.0,100,0.0
2026-02-27 23:00:00,86,9.4,9.3,1012.7,44,0.0
2026-02-28 00:00:00,85,8.9,8.8,1013.4,79,0.0
2026-02-28 01:00:00,83,8.6,8.7,1014.0,98,0.0
2026-02-28 02:00:00,82,7.8,8.1,1014.3,96,0.0
2026-02-28 03:00:00,83,7.6,7.4,1014.5,73,0.0
2026-02-28 04:00:00,79,6.9,7.3,1014.5,87,0.0
2026-02-28 05:00:00,77,6.4,7.2,1015.2,64,0.0
2026-02-28 06:00:00,76,5.9,7.0,1016.2,75,0.0
2026-02-28 07:00:00,75,5.5,6.7,1017.3,70,1.0
2026-02-28 08:00:00,71,5.2,7.0,1018.0,70,64.0
2026-02-28 09:00:00,65,4.9,7.1,1018.6,45,195.0
2026-02-28 10:00:00,60,4.4,8.0,1019.4,31,413.0
2026-02-28 11:00:00,52,3.5,8.7,1019.4,47,530.0
2026-02-28 12:00:00,52,4.0,10.1,1018.8,58,664.0
2026-02-28 13:00:00,51,4.0,10.9,1018.3,41,688.0
2026-02-28 14:00:00,49,3.9,11.3,1017.9,41,650.0
2026-02-28 15:00:00,51,4.3,10.6,1017.6,36,576.0
2026-02-28 16:00:00,55,4.6,9.3,1018.0,5,403.0
2026-02-28 17:00:00,58,4.2,7.8,1018.4,6,267.0
2026-02-28 18:00:00,64,4.0,5.9,1019.0,9,81.0
2026-02-28 19:00:00,67,3.5,4.3,1019.8,5,0.0
2026-02-28 20:00:00,70,3.4,3.8,1020.5,2,0.0
2026-02-28 21:00:00,71,3.5,4.2,1020.8,5,0.0
2026-02-28 22:00:00,70,3.2,4.0,1021.3,3,0.0
2026-02-28 23:00:00,70,2.8,3.8,1021.6,0,0.0
2026-03-01 00:00:00,71,2.2,3.3,1022.0,0,0.0
2026-03-01 01:00:00,73,1.7,2.8,1022.3,0,0.0
2026-03-01 02:00:00,75,1.3,2.2,1022.5,0,0.0
2026-03-01 03:00:00,77,1.5,2.1,1022.8,0,0.0
2026-03-01 04:00:00,80,1.8,1.9,1023.0,0,0.0
2026-03-01 05:00:00,81,2.1,2.1,1023.0,0,0.0
2026-03-01 06:00:00,80,2.0,2.1,1022.8,1,0.0
2026-03-01 07:00:00,80,1.5,1.6,1022.8,38,2.0
2026-03-01 08:00:00,77,1.8,2.7,1023.3,6,95.0
2026-03-01 09:00:00,69,2.3,5.0,1023.1,10,292.0
2026-03-01 10:00:00,62,2.5,6.7,1022.8,20,482.0
2026-03-01 11:00:00,57,2.5,8.2,1022.1,48,636.0
2026-03-01 12:00:00,54,2.4,9.3,1021.1,55,727.0
2026-03-01 13:00:00,56,3.2,10.2,1020.1,27,746.0
2026-03-01 14:00:00,56,3.7,10.2,1019.6,5,726.0
2026-03-01 15:00:00,57,3.8,9.5,1020.1,15,626.0
2026-03-01 16:00:00,54,4.1,10.6,1020.1,100,467.0
2026-03-01 17:00:00,61,6.0,10.8,1020.1,100,270.0
2026-03-01 18:00:00,68,5.8,8.3,1020.4,100,75.0
2026-03-01 19:00:00,75,5.8,6.8,1020.9,100,1.0
2026-03-01 20:00:00,78,6.1,6.2,1020.8,100,0.0
2026-03-01 21:00:00,81,6.2,6.1,1020.6,100,0.0
2026-03-01 22:00:00,79,6.1,6.2,1020.7,100,0.0
2026-03-01 23:00:00,79,5.7,6.0,1020.4,100,0.0
2026-03-02 00:00:00,81,5.2,5.6,1019.9,100,0.0
2026-03-02 01:00:00,82,5.1,6.0,1019.9,100,0.0
2026-03-02 02:00:00,87,5.1,5.4,1020.0,100,0.0
2026-03-02 03:00:00,87,5.5,5.6,1019.9,100,0.0
2026-03-02 04:00:00,89,5.7,5.5,1019.5,100,0.0
2026-03-02 05:00:00,87,5.6,5.8,1019.5,100,0.0
2026-03-02 06:00:00,87,5.0,5.1,1018.9,100,0.0
2026-03-02 07:00:00,82,5.1,6.6,1019.5,100,1.0
2026-03-02 08:00:00,74,4.9,7.1,1019.2,100,39.0
2026-03-02 09:00:00,69,5.4,9.4,1018.9,100,103.0
2026-03-02 10:00:00,60,4.7,10.2,1018.2,100,317.0
2026-03-02 11:00:00,60,5.2,10.4,1017.9,100,291.0
2026-03-02 12:00:00,66,6.2,10.2,1017.8,100,186.0
2026-03-02 13:00:00,92,9.7,9.8,1016.9,100,121.0
2026-03-02 14:00:00,94,9.8,10.1,1016.1,100,84.0
2026-03-02 15:00:00,96,9.8,9.5,1015.5,100,46.0
2026-03-02 16:00:00,95,10.0,9.4,1014.2,100,44.0
2026-03-02 17:00:00,95,9.9,9.4,1013.5,100,38.0
2026-03-02 18:00:00,94,9.1,8.1,1013.0,100,6.0
2026-03-02 19:00:00,93,8.4,6.9,1012.2,100,0.0
2026-03-02 20:00:00,92,7.9,6.5,1011.8,100,0.0
2026-03-02 21:00:00,91,8.4,6.8,1011.4,100,0.0
2026-03-02 22:00:00,93,8.5,6.3,1010.4,100,0.0
2026-03-02 23:00:00,93,8.6,6.8,1009.8,100,0.0
2026-03-03 00:00:00,93,8.8,6.8,1008.7,100,0.0
2026-03-03 01:00:00,94,9.1,7.7,1009.3,100,0.0
2026-03-03 02:00:00,95,9.2,7.2,1009.2,100,0.0
2026-03-03 03:00:00,94,9.4,7.1,1008.4,100,0.0
2026-03-03 04:00:00,93,8.9,6.5,1008.3,100,0.0
2026-03-03 05:00:00,93,8.4,6.2,1008.9,100,0.0
2026-03-03 06:00:00,93,8.4,7.5,1009.0,100,0.0
2026-03-03 07:00:00,94,8.5,7.9,1009.6,95,1.0
2026-03-03 08:00:00,91,8.9,7.9,1010.0,55,58.0
2026-03-03 09:00:00,82,8.9,8.5,1011.1,79,206.0
2026-03-03 10:00:00,68,7.8,9.1,1011.4,95,354.0
2026-03-03 11:00:00,63,7.7,10.3,1011.6,100,424.0
2026-03-03 12:00:00,65,7.8,10.4,1011.9,100,383.0
2026-03-03 13:00:00,65,7.9,10.3,1012.1,99,438.0
2026-03-03 14:00:00,68,7.7,9.2,1012.1,99,334.0
2026-03-03 15:00:00,68,7.1,8.2,1013.1,94,286.0
2026-03-03 16:00:00,68,6.9,7.6,1014.0,100,267.0
2026-03-03 17:00:00,73,6.7,6.9,1015.6,100,112.0
2026-03-03 18:00:00,75,6.6,7.0,1016.8,100,37.0
2026-03-03 19:00:00,75,6.1,6.7,1017.6,100,0.0
2026-03-03 20:00:00,73,5.6,6.9,1018.3,72,0.0
2026-03-03 21:00:00,71,5.4,7.1,1019.5,100,0.0
2026-03-03 22:00:00,68,4.8,6.9,1019.8,100,0.0
2026-03-03 23:00:00,68,4.3,6.7,1019.8,87,0.0
2026-03-04 00:00:00,67,4.0,6.5,1019.7,76,0.0
2026-03-04 01:00:00,65,3.5,6.3,1020.2,100,0.0
2026-03-04 02:00:00,65,3.4,6.2,1020.4,41,0.0
2026-03-04 03:00:00,66,3.6,6.3,1020.6,98,0.0
2026-03-04 04:00:00,67,3.6,6.1,1020.6,97,0.0
2026-03-04 05:00:00,66,3.3,5.8,1020.8,98,0.0
2026-03-04 06:00:00,68,3.4,5.7,1020.7,84,0.0
2026-03-04 07:00:00,65,2.9,5.6,1021.2,98,2.0
2026-03-04 08:00:00,64,3.0,5.8,1021.8,96,46.0
2026-03-04 09:00:00,59,2.5,6.3,1022.1,82,134.0
2026-03-04 10:00:00,57,2.6,6.3,1022.1,86,223.0
2026-03-04 11:00:00,53,2.4,7.4,1021.9,100,407.0
2026-03-04 12:00:00,52,2.2,7.6,1021.8,91,381.0
2026-03-04 13:00:00,48,1.6,7.9,1021.3,80,480.0
2026-03-04 14:00:00,48,1.7,7.8,1021.1,91,493.0
2026-03-04 15:00:00,50,1.9,7.8,1020.8,57,388.0
2026-03-04 16:00:00,51,1.8,7.3,1021.0,98,298.0
2026-03-04 17:00:00,55,2.0,6.1,1021.6,83,165.0
2026-03-04 18:00:00,62,2.6,5.7,1022.0,13,53.0
2026-03-04 19:00:00,69,3.0,5.2,1022.4,35,1.0
2026-03-04 20:00:00,69,2.7,4.9,1022.8,9,0.0
2026-03-04 21:00:00,71,2.7,4.8,1023.7,16,0.0
2026-03-04 22:00:00,80,2.8,3.6,1024.0,19,0.0
2026-03-04 23:00:00,83,2.0,2.5,1024.0,28,0.0
2026-03-05 00:00:00,86,2.0,1.7,1024.1,93,0.0
2026-03-05 01:00:00,88,1.6,1.0,1024.3,95,0.0
2026-03-05 02:00:00,88,1.5,0.9,1024.6,96,0.0
2026-03-05 03:00:00,85,2.0,1.7,1023.9,27,0.0
2026-03-05 04:00:00,85,0.9,0.5,1023.5,68,0.0
2026-03-05 05:00:00,84,0.6,0.2,1023.6,41,0.0
2026-03-05 06:00:00,83,0.6,0.7,1023.8,91,0.0
2026-03-05 07:00:00,81,1.1,1.9,1024.7,78,3.0
2026-03-05 08:00:00,75,2.5,4.4,1025.3,18,110.0
2026-03-05 09:00:00,63,2.0,6.6,1026.0,100,306.0
2026-03-05 10:00:00,56,1.6,7.3,1025.6,100,467.0
2026-03-05 11:00:00,53,1.6,8.4,1025.1,95,616.0
2026-03-05 12:00:00,55,2.5,9.3,1024.6,0,728.0
2026-03-05 13:00:00,59,3.3,9.3,1024.0,1,782.0
2026-03-05 14:00:00,58,3.2,8.8,1022.7,2,744.0
2026-03-05 15:00:00,55,2.5,9.1,1022.1,0,642.0
2026-03-05 16:00:00,53,2.2,8.6,1021.8,11,483.0
2026-03-05 17:00:00,56,2.7,8.1,1021.4,7,286.0
2026-03-05 18:00:00,68,4.0,7.0,1021.8,2,91.0
2026-03-05 19:00:00,75,4.4,6.0,1022.1,93,1.0
2026-03-05 20:00:00,75,4.7,6.0,1022.0,84,0.0
2026-03-05 21:00:00,73,4.8,6.6,1022.1,88,0.0
2026-03-05 22:00:00,75,5.1,6.2,1021.7,2,0.0
2026-03-05 23:00:00,79,5.3,5.5,1020.9,91,0.0
2026-03-06 00:00:00,75,5.6,6.6,1020.0,5,0.0
2026-03-06 01:00:00,77,5.4,5.5,1019.5,86,0.0
2026-03-06 02:00:00,74,5.2,5.8,1019.0,73,0.0
2026-03-06 03:00:00,77,5.5,5.5,1018.2,95,0.0
2026-03-06 04:00:00,78,5.8,5.5,1017.3,34,0.0
2026-03-06 05:00:00,82,6.4,5.7,1017.1,100,0.0
2026-03-06 06:00:00,92,7.8,6.2,1016.9,100,0.0
2026-03-06 07:00:00,94,8.8,6.9,1016.2,100,1.0
2026-03-06 08:00:00,95,8.9,8.1,1017.2,100,11.0
2026-03-06 09:00:00,95,8.7,7.2,1018.2,100,20.0
2026-03-06 10:00:00,97,8.7,6.7,1018.2,100,43.0
2026-03-06 11:00:00,97,9.1,7.9,1018.5,100,78.0
2026-03-06 12:00:00,99,10.0,9.4,1017.9,100,102.0
2026-03-06 13:00:00,97,10.1,10.0,1017.3,100,93.0
2026-03-06 14:00:00,98,10.1,9.0,1016.7,100,109.0
2026-03-06 15:00:00,97,10.1,9.5,1016.8,100,90.0
2026-03-06 16:00:00,96,9.8,8.7,1016.8,100,87.0
2026-03-06 17:00:00,91,8.9,7.5,1017.4,100,61.0
2026-03-06 18:00:00,86,7.5,6.4,1017.6,5,31.0
2026-03-06 19:00:00,83,5.6,4.8,1018.5,3,1.0
2026-03-06 20:00:00,84,5.0,4.6,1018.5,14,0.0
2026-03-06 21:00:00,79,4.3,5.3,1018.8,55,0.0
2026-03-06 22:00:00,81,5.1,5.8,1019.1,52,0.0
2026-03-06 23:00:00,80,4.9,5.5,1019.1,57,0.0
2026-03-07 00:00:00,71,3.0,4.7,1019.1,60,0.0
2026-03-07 01:00:00,70,2.3,3.8,1019.4,70,0.0
2026-03-07 02:00:00,58,-0.4,2.5,1020.0,45,0.0
2026-03-07 03:00:00,56,-1.1,2.4,1020.0,2,0.0
2026-03-07 04:00:00,60,-0.3,2.3,1020.4,92,0.0
2026-03-07 05:00:00,61,-0.3,2.3,1020.6,71,0.0
2026-03-07 06:00:00,65,-0.1,1.9,1021.1,49,0.0
2026-03-07 07:00:00,67,-0.4,1.1,1021.2,3,4.0
2026-03-07 08:00:00,67,0.5,2.6,1022.3,100,120.0
2026-03-07 09:00:00,56,-0.6,3.2,1023.3,100,297.0
2026-03-07 10:00:00,51,-1.2,3.6,1023.7,100,306.0
2026-03-07 11:00:00,48,-1.5,4.0,1023.4,98,394.0
2026-03-07 12:00:00,44,-1.9,4.7,1023.0,76,610.0
2026-03-07 13:00:00,46,-1.5,4.7,1022.7,73,681.0
2026-03-07 14:00:00,46,-1.5,4.3,1022.2,55,646.0
2026-03-07 15:00:00,45,-2.0,3.8,1021.9,80,556.0
2026-03-07 16:00:00,47,-2.0,3.2,1021.9,57,392.0
2026-03-07 17:00:00,49,-2.0,2.8,1022.2,45,268.0
2026-03-07 18:00:00,53,-1.9,2.2,1022.7,4,86.0
2026-03-07 19:00:00,60,-1.4,1.7,1023.0,7,2.0
2026-03-07 20:00:00,66,-0.6,1.4,1023.4,5,0.0
2026-03-07 21:00:00,65,-0.4,1.6,1024.0,7,0.0
2026-03-07 22:00:00,64,-1.0,1.7,1024.6,16,0.0
2026-03-07 23:00:00,63,-1.5,1.5,1025.0,3,0.0
2026-03-08 00:00:00,67,-1.7,0.6,1024.9,5,0.0
2026-03-08 01:00:00,66,-1.6,0.7,1024.8,11,0.0
2026-03-08 02:00:00,66,-1.9,0.3,1024.8,8,0.0
2026-03-08 03:00:00,74,-0.4,1.3,1025.4,99,0.0
2026-03-08 04:00:00,74,-0.5,1.1,1025.4,84,0.0
2026-03-08 05:00:00,72,-0.1,1.3,1025.9,84,0.0
2026-03-08 06:00:00,76,0.5,1.6,1026.0,80,0.0
2026-03-08 07:00:00,81,0.9,1.5,1025.8,77,4.0
2026-03-08 08:00:00,72,1.1,3.4,1026.1,87,78.0
2026-03-08 09:00:00,66,1.0,4.1,1026.4,72,243.0
2026-03-08 10:00:00,56,0.1,5.8,1027.1,100,466.0
2026-03-08 11:00:00,52,-0.3,6.4,1026.7,100,412.0
2026-03-08 12:00:00,50,-0.4,6.7,1026.1,100,457.0
2026-03-08 13:00:00,55,1.6,7.4,1025.1,84,666.0
2026-03-08 14:00:00,61,2.4,6.2,1024.6,100,637.0
2026-03-08 15:00:00,56,2.2,7.3,1023.8,100,613.0
2026-03-08 16:00:00,53,1.6,7.3,1023.4,100,374.0
2026-03-08 17:00:00,49,0.2,6.6,1023.7,100,247.0
2026-03-08 18:00:00,55,0.2,4.7,1024.4,100,82.0
2026-03-08 19:00:00,62,0.2,3.4,1024.7,100,2.0
2026-03-08 20:00:00,65,0.1,2.5,1024.8,100,0.0
2026-03-08 21:00:00,68,0.2,2.3,1024.7,99,0.0
2026-03-08 22:00:00,69,0.1,1.9,1025.1,82,0.0
2026-03-08 23:00:00,71,-0.2,1.3,1025.5,70,0.0
2026-03-09 00:00:00,70,-0.9,0.5,1025.0,15,0.0
2026-03-09 01:00:00,69,-1.5,0.4,1025.2,18,0.0
2026-03-09 02:00:00,73,-1.6,0.0,1024.4,52,0.0
2026-03-09 03:00:00,79,-0.9,-0.2,1024.0,8,0.0
2026-03-09 04:00:00,81,-1.0,-0.7,1024.0,52,0.0
2026-03-09 05:00:00,78,-0.6,0.0,1024.1,26,0.0
2026-03-09 06:00:00,75,-1.0,-0.4,1023.9,61,0.0
2026-03-09 07:00:00,70,-1.7,-0.2,1023.6,26,6.0
2026-03-09 08:00:00,63,-0.7,2.7,1023.7,98,105.0
2026-03-09 09:00:00,69,2.2,5.1,1024.2,100,273.0
2026-03-09 10:00:00,70,3.5,6.2,1024.0,98,360.0
2026-03-09 11:00:00,65,3.7,7.7,1023.6,95,564.0
2026-03-09 12:00:00,61,3.5,8.7,1022.9,100,570.0
2026-03-09 13:00:00,53,2.4,8.1,1022.1,100,484.0
2026-03-09 14:00:00,48,1.4,7.2,1021.0,34,552.0
2026-03-09 15:00:00,47,0.3,6.4,1020.7,6,577.0
2026-03-09 16:00:00,43,-1.0,6.0,1020.6,0,457.0
2026-03-09 17:00:00,43,-1.8,4.9,1020.7,31,306.0
2026-03-09 18:00:00,53,-0.2,4.0,1021.7,78,86.0
2026-03-09 19:00:00,57,0.1,3.9,1022.2,23,2.0
2026-03-09 20:00:00,65,0.8,3.4,1022.7,41,0.0
2026-03-09 21:00:00,65,0.4,3.0,1023.2,30,0.0
2026-03-09 22:00:00,69,0.6,2.6,1023.5,9,0.0
2026-03-09 23:00:00,70,0.6,1.5,1023.7,14,0.0
2026-03-10 00:00:00,74,0.9,1.3,1023.8,29,0.0
2026-03-10 01:00:00,76,0.9,1.5,1023.5,23,0.0
2026-03-10 02:00:00,76,1.1,1.4,1023.6,13,0.0
2026-03-10 03:00:00,83,1.8,0.7,1024.1,16,0.0
2026-03-10 04:00:00,84,1.6,0.5,1024.4,4,0.0
2026-03-10 05:00:00,85,1.5,0.3,1024.8,4,0.0
2026-03-10 06:00:00,86,1.4,0.0,1024.8,5,0.0
2026-03-10 07:00:00,85,1.1,0.2,1024.9,4,7.0
2026-03-10 08:00:00,78,1.6,2.4,1025.5,7,127.0
2026-03-10 09:00:00,64,1.1,4.8,1026.2,20,329.0
2026-03-10 10:00:00,51,-0.6,5.5,1026.2,75,497.0
2026-03-10 11:00:00,44,-2.0,5.9,1026.3,98,455.0
2026-03-10 12:00:00,39,-3.0,6.1,1025.9,86,507.0
2026-03-10 13:00:00,38,-2.8,7.7,1025.1,75,669.0
2026-03-10 14:00:00,37,-2.7,8.5,1024.5,73,701.0
2026-03-10 15:00:00,42,-2.0,8.0,1024.4,74,618.0
2026-03-10 16:00:00,41,-2.2,7.5,1024.2,28,469.0
2026-03-10 17:00:00,41,-2.6,6.2,1024.2,14,288.0
2026-03-10 18:00:00,50,-1.4,4.3,1024.6,9,102.0
2026-03-10 19:00:00,57,-1.0,2.7,1024.9,3,3.0
2026-03-10 20:00:00,59,-1.6,1.5,1025.0,0,0.0
2026-03-10 21:00:00,61,-1.9,1.0,1025.0,0,0.0
2026-03-10 22:00:00,64,-2.0,0.3,1025.2,0,0.0
2026-03-10 23:00:00,71,-1.9,-0.3,1025.2,0,0.0
2026-03-11 00:00:00,73,-2.0,-1.0,1025.2,0,0.0
2026-03-11 01:00:00,74,-2.3,-1.3,1025.2,0,0.0
2026-03-11 02:00:00,71,-2.8,-1.3,1025.3,0,0.0
2026-03-11 03:00:00,65,-3.2,-0.5,1025.1,0,0.0
2026-03-11 04:00:00,60,-3.7,-0.1,1025.2,0,0.0
2026-03-11 05:00:00,61,-3.5,-0.1,1025.4,0,0.0
2026-03-11 06:00:00,64,-3.2,-0.5,1025.5,0,0.0
2026-03-11 07:00:00,64,-3.2,-0.7,1025.5,1,8.0
2026-03-11 08:00:00,60,-2.1,1.5,1025.8,5,136.0
2026-03-11 09:00:00,54,-2.0,3.3,1026.3,27,340.0
2026-03-11 10:00:00,52,-1.0,4.7,1026.2,55,517.0
2026-03-11 11:00:00,52,-0.2,6.4,1025.7,34,666.0
2026-03-11 12:00:00,50,0.0,7.6,1025.1,63,759.0
2026-03-11 13:00:00,49,-0.1,8.6,1024.1,52,797.0
2026-03-11 14:00:00,47,-0.2,8.9,1022.9,5,765.0
2026-03-11 15:00:00,47,-0.1,8.5,1022.3,10,672.0
2026-03-11 16:00:00,48,0.2,7.7,1021.9,12,501.0
2026-03-11 17:00:00,50,0.6,7.7,1022.0,16,302.0
2026-03-11 18:00:00,66,2.8,6.7,1022.3,21,104.0
2026-03-11 19:00:00,65,1.8,4.5,1022.7,27,3.0
2026-03-11 20:00:00,67,1.1,3.1,1023.0,2,0.0
2026-03-11 21:00:00,64,0.4,3.0,1023.4,100,0.0
2026-03-11 22:00:00,66,0.6,3.2,1023.6,99,0.0
2026-03-11 23:00:00,71,0.9,2.9,1023.5,23,0.0
2026-03-12 00:00:00,74,0.9,2.2,1023.4,91,0.0
2026-03-12 01:00:00,74,0.6,1.8,1023.2,100,0.0
2026-03-12 02:00:00,74,0.4,1.7,1023.2,87,0.0
2026-03-12 03:00:00,74,-0.1,0.9,1023.1,41,0.0
2026-03-12 04:00:00,73,-0.6,0.4,1022.7,0,0.0
2026-03-12 05:00:00,74,-1.1,-0.0,1022.7,0,0.0
2026-03-12 06:00:00,78,-1.5,-1.0,1022.7,0,0.0
2026-03-12 07:00:00,77,-1.5,-0.9,1022.8,0,9.0
2026-03-12 08:00:00,70,0.8,3.3,1022.9,2,135.0
2026-03-12 09:00:00,51,-1.1,5.7,1023.5,18,338.0
2026-03-12 10:00:00,46,-1.2,6.9,1023.3,4,530.0
2026-03-12 11:00:00,45,-0.8,8.2,1022.8,4,682.0
2026-03-12 12:00:00,45,-0.2,8.6,1022.0,16,763.0
2026-03-12 13:00:00,45,-0.3,8.4,1021.0,20,755.0
2026-03-12 14:00:00,47,0.6,9.1,1020.2,12,722.0
2026-03-12 15:00:00,50,1.9,10.2,1019.6,22,621.0
2026-03-12 16:00:00,43,0.0,8.3,1019.5,16,472.0
2026-03-12 17:00:00,46,0.0,5.8,1019.7,2,293.0
2026-03-12 18:00:00,53,0.4,5.0,1020.1,1,107.0
2026-03-12 19:00:00,58,0.6,3.7,1020.2,1,3.0
2026-03-12 20:00:00,62,0.6,3.0,1020.7,2,0.0
2026-03-12 21:00:00,53,-1.1,2.8,1021.5,3,0.0
2026-03-12 22:00:00,49,-2.8,1.8,1022.0,28,0.0
2026-03-12 23:00:00,47,-4.0,1.3,1022.5,4,0.0
2026-03-13 00:00:00,51,-3.6,0.9,1022.8,16,0.0
2026-03-13 01:00:00,54,-3.3,0.5,1023.1,12,0.0
2026-03-13 02:00:00,54,-3.3,0.3,1023.1,3,0.0
2026-03-13 03:00:00,53,-3.2,0.3,1022.6,2,0.0
2026-03-13 04:00:00,57,-2.2,0.3,1022.5,5,0.0
2026-03-13 05:00:00,66,-0.8,-0.2,1023.1,44,0.0
2026-03-13 06:00:00,68,-0.6,-0.3,1023.2,34,0.0
2026-03-13 07:00:00,71,0.0,0.0,1023.7,13,10.0
2026-03-13 08:00:00,67,0.2,1.8,1024.5,17,139.0
2026-03-13 09:00:00,61,0.3,3.8,1025.1,59,340.0
2026-03-13 10:00:00,51,-1.0,3.8,1025.0,43,499.0
2026-03-13 11:00:00,47,-1.2,4.8,1024.8,25,602.0
2026-03-13 12:00:00,37,-3.5,6.0,1024.2,58,765.0
2026-03-13 13:00:00,36,-4.2,4.7,1023.7,14,716.0
2026-03-13 14:00:00,34,-5.1,4.4,1023.3,20,767.0
2026-03-13 15:00:00,42,-3.4,2.6,1023.8,19,632.0
2026-03-13 16:00:00,45,-3.2,1.7,1024.0,28,505.0
2026-03-13 17:00:00,46,-3.5,1.3,1024.3,48,298.0
2026-03-13 18:00:00,54,-2.0,1.0,1024.9,23,104.0
2026-03-13 19:00:00,58,-1.6,0.9,1025.3,10,3.0
2026-03-13 20:00:00,56,-2.3,1.5,1025.8,10,0.0
2026-03-13 21:00:00,60,-1.8,0.9,1026.5,8,0.0
2026-03-13 22:00:00,59,-2.0,0.9,1026.7,73,0.0
2026-03-13 23:00:00,58,-1.8,1.0,1026.5,1,0.0
2026-03-14 00:00:00,57,-1.6,1.2,1026.0,52,0.0
2026-03-14 01:00:00,59,-1.4,0.9,1025.4,9,0.0
2026-03-14 02:00:00,59,-1.3,1.2,1025.4,17,0.0
2026-03-14 03:00:00,60,-1.4,1.4,1025.0,48,0.0
2026-03-14 04:00:00,60,-1.1,2.1,1025.1,31,0.0
2026-03-14 05:00:00,59,-1.0,2.8,1025.2,34,0.0
2026-03-14 06:00:00,62,-0.6,2.6,1025.7,34,0.0
2026-03-14 07:00:00,69,0.3,2.9,1026.4,39,10.0
2026-03-14 08:00:00,58,0.1,5.5,1026.9,100,114.0
2026-03-14 09:00:00,53,0.0,5.8,1027.4,100,201.0
2026-03-14 10:00:00,49,0.0,6.1,1027.1,88,390.0
2026-03-14 11:00:00,44,-0.1,7.3,1026.9,53,524.0
2026-03-14 12:00:00,46,0.6,8.2,1026.0,9,662.0
2026-03-14 13:00:00,47,1.4,9.4,1024.8,61,789.0
2026-03-14 14:00:00,47,1.5,9.1,1024.3,5,762.0
2026-03-14 15:00:00,48,1.8,8.7,1023.7,5,663.0
2026-03-14 16:00:00,50,1.6,7.2,1023.6,2,502.0
2026-03-14 17:00:00,55,2.0,6.3,1023.8,1,308.0
2026-03-14 18:00:00,61,2.3,5.4,1024.6,4,110.0
2026-03-14 19:00:00,66,2.3,4.8,1025.2,5,4.0
2026-03-14 20:00:00,67,2.2,4.5,1025.8,5,0.0
2026-03-14 21:00:00,70,2.6,4.5,1025.5,1,0.0
2026-03-14 22:00:00,71,2.5,4.5,1025.4,2,0.0
2026-03-14 23:00:00,72,2.5,4.1,1025.3,11,0.0
2026-03-15 00:00:00,76,2.5,3.9,1025.0,0,0.0
2026-03-15 01:00:00,79,2.5,3.3,1024.6,0,0.0
2026-03-15 02:00:00,81,2.3,2.7,1024.2,0,0.0
2026-03-15 03:00:00,83,2.3,2.3,1023.9,1,0.0
2026-03-15 04:00:00,84,2.2,1.7,1023.8,0,0.0
2026-03-15 05:00:00,83,1.8,1.4,1024.2,0,0.0
2026-03-15 06:00:00,83,1.7,1.3,1024.7,0,0.0
2026-03-15 07:00:00,82,1.9,1.8,1025.0,0,12.0
2026-03-15 08:00:00,73,2.7,4.5,1025.1,3,145.0
2026-03-15 09:00:00,57,1.8,7.1,1025.4,4,347.0
2026-03-15 10:00:00,48,0.9,8.9,1024.8,5,536.0
2026-03-15 11:00:00,45,1.2,11.2,1024.5,20,684.0
2026-03-15 12:00:00,47,2.2,11.6,1023.4,42,782.0
2026-03-15 13:00:00,52,3.7,10.7,1022.5,53,734.0
2026-03-15 14:00:00,52,3.8,10.5,1021.2,84,709.0
2026-03-15 15:00:00,57,5.1,10.2,1020.7,52,560.0
2026-03-15 16:00:00,47,3.0,10.5,1020.6,41,470.0
2026-03-15 17:00:00,51,2.8,8.8,1021.3,3,294.0
2026-03-15 18:00:00,60,3.3,7.1,1021.8,2,111.0
2026-03-15 19:00:00,68,3.8,6.1,1022.3,3,4.0
2026-03-15 20:00:00,71,3.7,5.6,1022.8,0,0.0
2026-03-15 21:00:00,73,3.6,5.5,1022.5,0,0.0
2026-03-15 22:00:00,75,3.4,4.9,1022.7,0,0.0
2026-03-15 23:00:00,76,3.2,4.5,1022.7,14,0.0
2026-03-16 00:00:00,78,3.0,4.0,1022.8,48,0.0
2026-03-16 01:00:00,84,2.8,3.0,1022.4,98,0.0
2026-03-16 02:00:00,86,2.5,2.6,1022.4,23,0.0
2026-03-16 03:00:00,88,2.9,2.5,1022.4,100,0.0
2026-03-16 04:00:00,90,2.6,2.1,1022.2,98,0.0
2026-03-16 05:00:00,86,2.5,2.3,1022.0,87,0.0
2026-03-16 06:00:00,88,2.1,1.5,1022.3,58,0.0
2026-03-16 07:00:00,85,2.5,2.0,1022.4,41,12.0
2026-03-16 08:00:00,77,3.4,4.7,1022.7,89,120.0
2026-03-16 09:00:00,70,5.1,8.6,1023.1,78,297.0
2026-03-16 10:00:00,61,4.2,9.1,1023.0,28,532.0
2026-03-16 11:00:00,56,3.6,9.5,1022.7,66,624.0
2026-03-16 12:00:00,55,3.0,8.2,1022.2,73,502.0
2026-03-16 13:00:00,53,3.0,9.5,1021.2,41,563.0
2026-03-16 14:00:00,52,3.3,11.3,1020.6,13,642.0
2026-03-16 15:00:00,51,3.5,11.0,1020.1,56,579.0
2026-03-16 16:00:00,50,3.5,10.9,1019.8,49,375.0
2026-03-16 17:00:00,54,4.4,10.6,1019.6,84,209.0
2026-03-16 18:00:00,57,3.8,8.0,1019.9,53,81.0
2026-03-16 19:00:00,64,4.0,7.1,1020.3,2,4.0
2026-03-16 20:00:00,69,4.0,6.2,1020.7,8,0.0
2026-03-16 21:00:00,70,4.1,6.4,1020.7,91,0.0
2026-03-16 22:00:00,66,3.5,6.8,1020.9,13,0.0
2026-03-16 23:00:00,69,3.0,5.9,1021.1,13,0.0
2026-03-17 00:00:00,70,2.4,5.0,1020.9,3,0.0
2026-03-17 01:00:00,75,2.1,3.7,1021.0,15,0.0
2026-03-17 02:00:00,75,1.6,3.2,1020.7,36,0.0
2026-03-17 03:00:00,71,1.4,3.4,1020.5,41,0.0
2026-03-17 04:00:00,71,1.1,3.1,1020.5,63,0.0
2026-03-17 05:00:00,70,0.9,2.9,1021.0,96,0.0
2026-03-17 06:00:00,73,0.9,2.4,1021.3,100,0.0
2026-03-17 07:00:00,72,0.9,2.6,1021.6,100,14.0
2026-03-17 08:00:00,65,1.7,5.1,1022.0,100,120.0
2026-03-17 09:00:00,67,4.4,8.4,1022.3,98,309.0
2026-03-17 10:00:00,62,4.9,10.1,1022.3,99,521.0
2026-03-17 11:00:00,61,5.3,11.3,1021.9,97,677.0
2026-03-17 12:00:00,61,5.8,12.1,1021.4,98,795.0
2026-03-17 13:00:00,57,4.9,11.8,1020.8,98,821.0
2026-03-17 14:00:00,50,3.2,11.1,1020.4,100,759.0
2026-03-17 15:00:00,47,2.5,11.0,1019.8,0,652.0
2026-03-17 16:00:00,50,4.2,11.8,1019.2,0,523.0
2026-03-17 17:00:00,54,5.6,12.8,1018.9,0,322.0
2026-03-17 18:00:00,57,4.8,10.4,1019.2,0,120.0
2026-03-17 19:00:00,57,2.3,6.5,1020.1,0,5.0
2026-03-17 20:00:00,63,2.6,5.7,1020.6,0,0.0
2026-03-17 21:00:00,65,2.8,5.9,1020.1,0,0.0
2026-03-17 22:00:00,66,2.7,5.9,1020.1,0,0.0
2026-03-17 23:00:00,75,2.7,4.5,1020.1,2,0.0
2026-03-18 00:00:00,77,2.5,4.2,1020.1,24,0.0
2026-03-18 01:00:00,82,2.3,3.2,1019.6,32,0.0
2026-03-18 02:00:00,83,2.0,2.3,1018.8,48,0.0
2026-03-18 03:00:00,75,1.5,3.0,1018.3,36,0.0
2026-03-18 04:00:00,76,2.7,3.9,1018.1,98,0.0
2026-03-18 05:00:00,88,5.7,4.9,1017.7,100,0.0
2026-03-18 06:00:00,87,6.9,6.7,1017.7,100,0.0
2026-03-18 07:00:00,80,6.2,6.8,1017.6,100,4.0
2026-03-18 08:00:00,78,6.2,6.9,1017.2,100,40.0
2026-03-18 09:00:00,89,7.8,7.0,1017.5,100,71.0
2026-03-18 10:00:00,94,8.1,5.9,1016.6,100,68.0
2026-03-18 11:00:00,95,8.8,6.6,1015.9,100,110.0
2026-03-18 12:00:00,97,9.4,7.0,1014.9,100,161.0
2026-03-18 13:00:00,97,9.6,7.2,1014.0,100,123.0
2026-03-18 14:00:00,95,10.4,8.9,1012.6,100,150.0
2026-03-18 15:00:00,91,10.8,10.3,1011.9,100,150.0
2026-03-18 16:00:00,95,11.7,10.8,1010.7,100,135.0
2026-03-18 17:00:00,96,11.8,10.7,1009.8,100,45.0
2026-03-18 18:00:00,96,11.9,12.1,1009.8,100,25.0
2026-03-18 19:00:00,96,11.7,12.3,1009.4,100,1.0
2026-03-18 20:00:00,96,11.7,11.5,1010.1,100,0.0
2026-03-18 21:00:00,98,12.2,10.8,1010.8,100,0.0
2026-03-18 22:00:00,97,12.6,11.3,1010.8,100,0.0
2026-03-18 23:00:00,97,12.4,11.0,1011.2,100,0.0
2026-03-19 00:00:00,96,11.6,10.6,1011.7,100,0.0
2026-03-19 01:00:00,96,11.2,10.6,1011.5,100,0.0
2026-03-19 02:00:00,96,10.9,10.0,1011.4,100,0.0
2026-03-19 03:00:00,97,11.0,10.1,1011.2,100,0.0
2026-03-19 04:00:00,94,10.3,9.2,1011.5,93,0.0
2026-03-19 05:00:00,93,9.9,8.9,1012.0,100,0.0
2026-03-19 06:00:00,90,9.6,9.0,1012.4,100,0.0
2026-03-19 07:00:00,89,9.2,9.0,1012.9,98,9.0
2026-03-19 08:00:00,84,9.1,9.5,1013.5,49,104.0
2026-03-19 09:00:00,75,8.4,10.2,1014.2,23,293.0
2026-03-19 10:00:00,63,6.9,10.8,1014.5,35,475.0
2026-03-19 11:00:00,56,6.1,11.7,1014.5,34,625.0
2026-03-19 12:00:00,52,5.5,12.9,1014.3,27,756.0
2026-03-19 13:00:00,48,4.6,12.9,1014.1,21,707.0
2026-03-19 14:00:00,45,4.0,13.2,1013.6,20,738.0
2026-03-19 15:00:00,49,4.1,11.5,1013.5,27,629.0
2026-03-19 16:00:00,49,3.5,10.2,1013.7,5,479.0
2026-03-19 17:00:00,50,3.0,9.2,1014.0,0,318.0
2026-03-19 18:00:00,57,3.3,8.1,1014.3,0,123.0
2026-03-19 19:00:00,62,3.1,6.6,1015.2,0,6.0
2026-03-19 20:00:00,67,3.1,5.8,1015.6,0,0.0
2026-03-19 21:00:00,71,4.0,6.2,1015.4,0,0.0
2026-03-19 22:00:00,74,3.7,5.3,1015.9,0,0.0
2026-03-19 23:00:00,77,3.6,4.6,1016.6,0,0.0
2026-03-20 00:00:00,79,3.5,4.0,1016.7,0,0.0
2026-03-20 01:00:00,76,3.0,3.8,1016.7,0,0.0
2026-03-20 02:00:00,75,2.9,3.9,1016.8,0,0.0
2026-03-20 03:00:00,78,3.5,4.2,1017.0,25,0.0
2026-03-20 04:00:00,82,3.2,3.5,1016.6,49,0.0
2026-03-20 05:00:00,87,3.0,2.6,1016.7,49,0.0
2026-03-20 06:00:00,88,2.3,2.1,1016.7,76,0.0
2026-03-20 07:00:00,83,3.1,4.0,1017.7,100,19.0
2026-03-20 08:00:00,74,4.8,7.6,1018.4,100,119.0
2026-03-20 09:00:00,75,6.3,9.6,1018.5,95,211.0
2026-03-20 10:00:00,56,4.3,10.6,1018.9,85,390.0
2026-03-20 11:00:00,34,-1.4,10.4,1018.6,81,555.0
2026-03-20 12:00:00,31,-2.0,11.0,1018.2,73,674.0
2026-03-20 13:00:00,31,-1.6,11.3,1017.9,48,716.0
2026-03-20 14:00:00,29,-2.4,11.5,1018.1,15,785.0
2026-03-20 15:00:00,28,-3.2,10.8,1017.9,92,703.0
2026-03-20 16:00:00,28,-4.0,9.3,1018.2,98,447.0
2026-03-20 17:00:00,31,-3.1,9.1,1018.4,94,302.0
2026-03-20 18:00:00,43,-0.2,8.2,1019.2,100,122.0
2026-03-20 19:00:00,52,0.9,7.0,1020.1,100,6.0
2026-03-20 20:00:00,60,1.5,6.1,1020.8,99,0.0
2026-03-20 21:00:00,76,3.5,5.5,1021.4,100,0.0
2026-03-20 22:00:00,81,2.8,3.6,1022.0,52,0.0
2026-03-20 23:00:00,81,1.6,2.2,1022.3,92,0.0
2026-03-21 00:00:00,81,0.9,1.0,1022.5,100,0.0
2026-03-21 01:00:00,77,0.0,0.4,1022.5,91,0.0
2026-03-21 02:00:00,75,-0.3,0.5,1022.4,100,0.0
2026-03-21 03:00:00,74,-0.2,1.0,1022.3,99,0.0
2026-03-21 04:00:00,76,-0.1,0.7,1022.4,99,0.0
2026-03-21 05:00:00,74,0.2,1.4,1023.0,96,0.0
2026-03-21 06:00:00,71,0.2,2.1,1023.6,94,0.0
2026-03-21 07:00:00,67,1.1,3.8,1024.0,81,22.0
2026-03-21 08:00:00,66,2.9,5.7,1024.5,0,172.0
2026-03-21 09:00:00,60,2.5,6.3,1025.0,0,393.0
2026-03-21 10:00:00,56,2.8,7.8,1025.4,0,589.0
2026-03-21 11:00:00,52,2.8,9.6,1025.3,0,744.0
2026-03-21 12:00:00,44,1.4,10.9,1024.9,0,841.0
2026-03-21 13:00:00,40,0.5,11.7,1024.0,0,871.0
2026-03-21 14:00:00,36,-0.6,11.9,1023.4,0,831.0
2026-03-21 15:00:00,33,-1.5,11.6,1022.5,0,722.0
2026-03-21 16:00:00,35,-0.7,10.9,1022.2,0,556.0
2026-03-21 17:00:00,41,0.3,10.0,1022.3,0,347.0
2026-03-21 18:00:00,53,2.2,8.6,1022.6,0,133.0
2026-03-21 19:00:00,58,1.9,7.0,1022.7,0,7.0
2026-03-21 20:00:00,62,2.0,6.0,1023.0,0,0.0
2026-03-21 21:00:00,64,2.0,5.1,1023.0,0,0.0
2026-03-21 22:00:00,63,2.0,5.5,1023.1,0,0.0
2026-03-21 23:00:00,62,1.8,5.4,1022.9,0,0.0
2026-03-22 00:00:00,58,0.9,5.1,1022.3,1,0.0
2026-03-22 01:00:00,54,0.2,5.3,1022.1,17,0.0
2026-03-22 02:00:00,56,0.8,5.4,1021.7,83,0.0
2026-03-22 03:00:00,64,2.5,5.8,1021.8,100,0.0
2026-03-22 04:00:00,68,3.6,6.0,1021.2,100,0.0
2026-03-22 05:00:00,71,4.4,6.6,1021.6,100,0.0
2026-03-22 06:00:00,73,5.1,6.7,1021.2,100,0.0
2026-03-22 07:00:00,73,5.8,7.1,1021.1,100,16.0
2026-03-22 08:00:00,71,6.4,8.5,1021.2,100,98.0
2026-03-22 09:00:00,65,5.9,9.2,1021.3,100,155.0
2026-03-22 10:00:00,58,5.4,9.8,1021.2,100,386.0
2026-03-22 11:00:00,60,6.8,10.7,1020.6,100,528.0
2026-03-22 12:00:00,60,7.2,11.2,1019.8,99,573.0
2026-03-22 13:00:00,59,7.3,11.6,1019.0,100,606.0
2026-03-22 14:00:00,61,7.3,11.2,1017.7,100,421.0
2026-03-22 15:00:00,65,7.3,11.1,1017.8,100,152.0
2026-03-22 16:00:00,85,9.6,9.5,1017.9,100,54.0
2026-03-22 17:00:00,94,10.1,8.7,1018.1,100,35.0
2026-03-22 18:00:00,95,10.0,8.5,1018.5,100,16.0
2026-03-22 19:00:00,94,9.9,8.5,1018.3,100,1.0
2026-03-22 20:00:00,94,9.8,8.0,1018.1,100,0.0
2026-03-22 21:00:00,94,9.9,8.6,1017.8,100,0.0
2026-03-22 22:00:00,95,10.4,9.1,1017.3,100,0.0
2026-03-22 23:00:00,95,10.5,8.8,1017.0,100,0.0
2026-03-23 00:00:00,92,10.1,8.7,1016.5,100,0.0
2026-03-23 01:00:00,92,10.1,9.7,1016.5,100,0.0
2026-03-23 02:00:00,92,10.0,10.0,1016.6,55,0.0
2026-03-23 03:00:00,95,10.0,10.0,1016.5,90,0.0
2026-03-23 04:00:00,94,9.1,9.2,1016.4,13,0.0
2026-03-23 05:00:00,92,8.6,9.0,1016.3,53,0.0
2026-03-23 06:00:00,91,8.3,8.5,1016.6,42,0.0
2026-03-23 07:00:00,96,7.9,7.5,1016.6,2,22.0
2026-03-23 08:00:00,99,11.1,11.2,1017.0,0,159.0
2026-03-23 09:00:00,85,10.2,12.6,1017.9,2,378.0
2026-03-23 10:00:00,73,9.9,14.5,1017.9,13,579.0
2026-03-23 11:00:00,71,10.2,15.2,1017.8,23,649.0
2026-03-23 12:00:00,72,10.8,15.7,1017.1,17,736.0
2026-03-23 13:00:00,75,11.8,16.5,1016.3,20,806.0
2026-03-23 14:00:00,71,12.1,18.3,1016.0,6,768.0
2026-03-23 15:00:00,61,10.2,17.5,1015.9,17,680.0
2026-03-23 16:00:00,42,4.7,14.7,1016.3,2,521.0
2026-03-23 17:00:00,53,6.8,13.1,1016.8,22,332.0
2026-03-23 18:00:00,70,9.1,11.9,1017.3,52,128.0
2026-03-23 19:00:00,80,9.2,10.2,1017.7,1,8.0
2026-03-23 20:00:00,84,9.1,9.3,1018.2,2,0.0
2026-03-23 21:00:00,85,9.1,9.6,1018.8,0,0.0
2026-03-23 22:00:00,85,8.9,9.3,1019.1,5,0.0
2026-03-23 23:00:00,85,8.6,8.9,1019.3,6,0.0
2026-03-24 00:00:00,87,8.4,8.4,1019.2,15,0.0
2026-03-24 01:00:00,90,7.1,7.5,1019.3,79,0.0
2026-03-24 02:00:00,91,6.7,6.9,1019.3,2,0.0
2026-03-24 03:00:00,91,6.3,6.1,1018.8,1,0.0
2026-03-24 04:00:00,87,5.6,5.5,1018.7,37,0.0
2026-03-24 05:00:00,83,4.2,4.5,1019.1,63,0.0
2026-03-24 06:00:00,80,3.7,4.1,1019.4,97,0.0
2026-03-24 07:00:00,81,5.1,6.2,1019.7,59,25.0
2026-03-24 08:00:00,80,7.2,8.9,1019.9,100,170.0
2026-03-24 09:00:00,67,5.9,9.8,1020.0,16,356.0
2026-03-24 10:00:00,53,4.2,11.1,1019.7,23,591.0
2026-03-24 11:00:00,48,3.7,12.8,1018.9,75,741.0
2026-03-24 12:00:00,48,4.1,14.0,1018.0,97,821.0
2026-03-24 13:00:00,48,4.2,13.9,1017.6,100,762.0
2026-03-24 14:00:00,48,4.0,12.4,1016.6,100,629.0
2026-03-24 15:00:00,48,4.4,12.8,1015.9,80,564.0
2026-03-24 16:00:00,49,4.7,12.6,1016.0,11,540.0
2026-03-24 17:00:00,53,4.9,12.0,1015.7,10,337.0
2026-03-24 18:00:00,61,5.8,10.8,1015.7,95,132.0
2026-03-24 19:00:00,63,5.6,10.0,1015.8,89,5.0
2026-03-24 20:00:00,68,5.8,8.8,1015.9,100,0.0
2026-03-24 21:00:00,63,5.7,9.8,1015.8,100,0.0
2026-03-24 22:00:00,61,5.3,9.8,1015.7,100,0.0
2026-03-24 23:00:00,63,6.0,9.5,1015.0,100,0.0
2026-03-25 00:00:00,69,7.5,10.1,1014.6,100,0.0
2026-03-25 01:00:00,77,9.1,10.2,1014.3,100,0.0
2026-03-25 02:00:00,80,9.6,9.9,1013.4,100,0.0
2026-03-25 03:00:00,77,9.1,10.7,1013.0,100,0.0
2026-03-25 04:00:00,82,9.2,9.9,1012.4,100,0.0
2026-03-25 05:00:00,92,9.7,9.0,1012.4,100,0.0
2026-03-25 06:00:00,93,9.4,8.5,1012.4,100,0.0
2026-03-25 07:00:00,93,9.4,8.8,1012.0,100,2.0
2026-03-25 08:00:00,93,9.6,8.5,1012.0,100,17.0
2026-03-25 09:00:00,92,9.9,9.2,1012.3,100,39.0
2026-03-25 10:00:00,94,10.1,9.2,1012.3,100,51.0
2026-03-25 11:00:00,94,10.1,8.9,1011.8,100,72.0
2026-03-25 12:00:00,94,10.8,10.3,1011.0,100,142.0
2026-03-25 13:00:00,95,11.5,12.1,1010.4,100,146.0
2026-03-25 14:00:00,97,11.9,12.3,1009.5,100,91.0
2026-03-25 15:00:00,94,11.4,12.4,1008.9,100,91.0
2026-03-25 16:00:00,96,11.8,12.0,1008.6,100,101.0
2026-03-25 17:00:00,97,12.0,11.9,1008.9,100,71.0
2026-03-25 18:00:00,95,11.2,10.6,1009.2,100,22.0
2026-03-25 19:00:00,93,10.6,9.9,1009.6,100,2.0
2026-03-25 20:00:00,92,10.4,9.6,1010.2,100,0.0
2026-03-25 21:00:00,93,10.8,10.3,1010.4,100,0.0
2026-03-25 22:00:00,93,10.6,10.6,1010.9,100,0.0
2026-03-25 23:00:00,92,10.4,10.3,1011.9,100,0.0
2026-03-26 00:00:00,91,10.0,9.6,1011.6,91,0.0
2026-03-26 01:00:00,90,9.3,8.6,1011.0,12,0.0
2026-03-26 02:00:00,88,8.4,7.7,1011.4,2,0.0
2026-03-26 03:00:00,89,8.7,7.9,1011.6,5,0.0
2026-03-26 04:00:00,89,8.8,8.0,1012.0,12,0.0
2026-03-26 05:00:00,88,8.6,8.0,1012.5,26,0.0
2026-03-26 06:00:00,87,8.6,8.2,1012.6,13,0.0
2026-03-26 07:00:00,85,8.6,8.9,1013.2,7,29.0
2026-03-26 08:00:00,76,8.8,11.2,1013.6,13,187.0
2026-03-26 09:00:00,65,7.8,11.9,1014.1,38,395.0
2026-03-26 10:00:00,54,6.7,13.1,1013.9,55,539.0
2026-03-26 11:00:00,51,6.8,15.7,1013.8,42,679.0
2026-03-26 12:00:00,48,6.8,17.7,1012.7,97,794.0
2026-03-26 13:00:00,46,6.7,18.4,1012.1,3,849.0
2026-03-26 14:00:00,43,6.1,17.6,1011.9,1,814.0
2026-03-26 15:00:00,44,5.9,16.4,1011.0,0,705.0
2026-03-26 16:00:00,47,6.1,14.3,1011.0,92,541.0
2026-03-26 17:00:00,52,6.3,12.9,1011.8,85,343.0
2026-03-26 18:00:00,63,7.2,11.3,1012.4,0,139.0
2026-03-26 19:00:00,76,7.9,9.8,1012.5,0,10.0
2026-03-26 20:00:00,82,8.1,9.3,1012.9,0,0.0
2026-03-26 21:00:00,86,7.7,8.7,1013.4,6,0.0
2026-03-26 22:00:00,88,8.4,8.6,1014.0,7,0.0
2026-03-26 23:00:00,91,7.8,8.0,1014.1,5,0.0
2026-03-27 00:00:00,92,6.9,6.7,1014.6,7,0.0
2026-03-27 01:00:00,91,6.5,6.3,1014.5,18,0.0
2026-03-27 02:00:00,87,5.0,5.2,1014.2,5,0.0
2026-03-27 03:00:00,87,5.4,5.6,1014.2,2,0.0
2026-03-27 04:00:00,85,4.7,5.1,1014.0,7,0.0
2026-03-27 05:00:00,86,4.2,4.4,1014.2,0,0.0
2026-03-27 06:00:00,89,3.8,3.5,1014.6,4,0.0
2026-03-27 07:00:00,87,4.7,4.7,1014.7,0,33.0
2026-03-27 08:00:00,80,6.3,8.0,1014.8,1,195.0
2026-03-27 09:00:00,78,8.3,11.0,1015.0,4,398.0
2026-03-27 10:00:00,72,9.2,13.6,1014.8,19,580.0
2026-03-27 11:00:00,70,10.1,15.9,1014.4,20,719.0
2026-03-27 12:00:00,76,11.9,17.4,1013.9,28,801.0
2026-03-27 13:00:00,73,12.2,18.5,1013.1,98,848.0
2026-03-27 14:00:00,53,8.6,18.4,1012.2,100,786.0
2026-03-27 15:00:00,31,2.4,17.2,1011.4,77,660.0
2026-03-27 16:00:00,31,2.0,15.9,1010.9,54,535.0
2026-03-27 17:00:00,40,4.3,15.3,1011.0,57,347.0
2026-03-27 18:00:00,51,5.8,13.4,1011.4,100,141.0
2026-03-27 19:00:00,58,5.9,11.5,1011.7,73,10.0
2026-03-27 20:00:00,65,6.5,10.6,1012.0,1,0.0
2026-03-27 21:00:00,79,7.8,10.0,1012.5,0,0.0
2026-03-27 22:00:00,78,7.6,10.1,1012.7,0,0.0
2026-03-27 23:00:00,78,7.4,10.0,1012.9,77,0.0
2026-03-28 00:00:00,77,7.0,9.9,1013.2,100,0.0
2026-03-28 01:00:00,74,6.4,9.9,1012.9,100,0.0
2026-03-28 02:00:00,75,6.2,9.2,1012.7,100,0.0
2026-03-28 03:00:00,78,6.3,8.5,1012.6,100,0.0
2026-03-28 04:00:00,80,5.6,7.1,1012.8,51,0.0
2026-03-28 05:00:00,80,5.2,6.7,1013.2,51,0.0
2026-03-28 06:00:00,81,5.1,6.5,1013.6,82,0.0
2026-03-28 07:00:00,78,5.9,8.0,1013.9,81,33.0
2026-03-28 08:00:00,80,9.0,11.8,1014.2,84,192.0
2026-03-28 09:00:00,66,8.2,13.3,1014.6,96,370.0
2026-03-28 10:00:00,61,8.6,14.5,1015.1,99,498.0
2026-03-28 11:00:00,61,9.4,16.5,1014.8,99,661.0
2026-03-28 12:00:00,56,9.6,18.1,1014.2,100,771.0
2026-03-28 13:00:00,52,9.2,18.6,1013.8,98,825.0
2026-03-28 14:00:00,54,9.9,18.4,1013.3,16,787.0
2026-03-28 15:00:00,59,10.9,18.2,1012.8,10,636.0
2026-03-28 16:00:00,54,10.1,18.2,1012.8,5,522.0
2026-03-28 17:00:00,60,10.4,16.7,1013.0,0,333.0
2026-03-28 18:00:00,69,10.4,14.2,1013.7,0,140.0
2026-03-28 19:00:00,81,10.1,11.5,1014.3,27,11.0
2026-03-28 20:00:00,89,9.9,10.4,1015.0,77,0.0
2026-03-28 21:00:00,91,9.9,10.1,1015.5,100,0.0
2026-03-28 22:00:00,92,9.7,10.0,1015.9,98,0.0
2026-03-28 23:00:00,93,8.7,8.9,1016.0,100,0.0
2026-03-29 00:00:00,92,8.0,8.3,1016.1,66,0.0
2026-03-29 01:00:00,92,7.3,7.2,1015.8,95,0.0
2026-03-29 02:00:00,90,7.3,7.2,1015.7,70,0.0
2026-03-29 03:00:00,90,7.7,7.1,1015.5,66,0.0
2026-03-29 04:00:00,89,7.8,7.6,1015.4,97,0.0
2026-03-29 05:00:00,90,7.5,7.5,1015.9,100,0.0
2026-03-29 06:00:00,90,6.8,7.0,1016.3,100,0.0
2026-03-29 07:00:00,89,7.8,8.5,1016.9,100,30.0
2026-03-29 08:00:00,81,8.2,10.4,1016.9,100,151.0
2026-03-29 09:00:00,80,8.9,11.4,1017.3,100,286.0
2026-03-29 10:00:00,72,8.8,12.6,1017.4,100,506.0
2026-03-29 11:00:00,65,8.6,14.6,1017.0,100,635.0
2026-03-29 12:00:00,62,8.8,15.9,1016.3,100,682.0
2026-03-29 13:00:00,53,7.5,16.6,1016.0,100,684.0
2026-03-29 14:00:00,43,5.2,17.4,1015.4,92,737.0
2026-03-29 15:00:00,35,3.0,17.0,1014.7,70,655.0
2026-03-29 16:00:00,46,6.2,16.6,1014.5,100,444.0
2026-03-29 17:00:00,64,9.6,15.4,1014.9,100,251.0
2026-03-29 18:00:00,75,9.9,13.1,1015.7,100,106.0
2026-03-29 19:00:00,82,9.6,12.1,1016.1,86,9.0
2026-03-29 20:00:00,84,9.1,11.3,1016.8,88,0.0
2026-03-29 21:00:00,88,9.4,10.5,1017.1,29,0.0
2026-03-29 22:00:00,78,7.2,9.4,1017.1,37,0.0
2026-03-29 23:00:00,72,5.5,8.4,1017.2,17,0.0
2026-03-30 00:00:00,67,4.6,8.4,1017.2,2,0.0
2026-03-30 01:00:00,62,4.1,8.5,1017.0,24,0.0
2026-03-30 02:00:00,65,3.9,8.0,1016.9,84,0.0
2026-03-30 03:00:00,63,3.5,8.1,1017.0,100,0.0
2026-03-30 04:00:00,66,4.2,8.0,1016.9,100,0.0
2026-03-30 05:00:00,72,5.7,8.3,1017.0,100,0.0
2026-03-30 06:00:00,77,6.8,8.5,1017.0,100,0.0
2026-03-30 07:00:00,80,8.6,10.3,1017.6,100,30.0
2026-03-30 08:00:00,79,10.2,12.5,1018.0,100,171.0
2026-03-30 09:00:00,72,10.6,13.9,1017.9,100,289.0
2026-03-30 10:00:00,68,10.9,14.8,1017.7,100,445.0
2026-03-30 11:00:00,66,11.4,16.0,1016.9,100,603.0
2026-03-30 12:00:00,66,12.4,17.3,1015.8,100,689.0
2026-03-30 13:00:00,68,13.2,18.0,1014.4,100,722.0
2026-03-30 14:00:00,71,14.1,18.0,1013.3,100,691.0
2026-03-30 15:00:00,69,13.8,17.2,1012.1,100,404.0
2026-03-30 16:00:00,73,13.2,15.8,1011.1,100,175.0
2026-03-30 17:00:00,76,13.2,14.5,1012.0,100,57.0
2026-03-30 18:00:00,92,14.4,13.0,1011.8,100,7.0
2026-03-30 19:00:00,93,14.4,12.1,1010.9,100,1.0
2026-03-30 20:00:00,91,14.1,12.1,1010.6,100,0.0
2026-03-30 21:00:00,93,13.6,10.9,1010.7,100,0.0
2026-03-30 22:00:00,92,13.7,10.5,1008.8,100,0.0
2026-03-30 23:00:00,92,14.0,10.9,1007.8,100,0.0
2026-03-31 00:00:00,94,14.6,12.7,1007.0,100,0.0
2026-03-31 01:00:00,96,15.1,14.0,1005.2,100,0.0
2026-03-31 02:00:00,95,15.4,15.3,1003.9,99,0.0
2026-03-31 03:00:00,97,15.9,14.8,1002.8,100,0.0
2026-03-31 04:00:00,95,16.1,15.5,1002.4,99,0.0
2026-03-31 05:00:00,95,15.9,16.0,1002.1,84,0.0
2026-03-31 06:00:00,95,15.4,16.3,1001.7,53,0.0
2026-03-31 07:00:00,94,15.6,16.5,1001.3,67,31.0
2026-03-31 08:00:00,92,16.5,18.0,1001.3,100,144.0
2026-03-31 09:00:00,92,16.4,17.0,1002.8,100,123.0
2026-03-31 10:00:00,84,14.9,14.9,1003.6,66,310.0
2026-03-31 11:00:00,75,13.1,13.9,1004.5,98,565.0
2026-03-31 12:00:00,69,12.0,15.2,1005.2,42,472.0
2026-03-31 13:00:00,68,12.1,16.6,1006.3,78,717.0
2026-03-31 14:00:00,65,10.4,14.2,1007.2,100,417.0
2026-03-31 15:00:00,64,9.6,13.6,1008.5,100,592.0
2026-03-31 16:00:00,64,9.2,12.8,1009.1,87,439.0
2026-03-31 17:00:00,63,8.1,11.9,1009.8,46,325.0
2026-03-31 18:00:00,68,8.3,11.0,1010.2,32,127.0
2026-03-31 19:00:00,75,8.8,10.4,1010.8,39,11.0
2026-03-31 20:00:00,79,8.8,10.4,1011.5,95,0.0
2026-03-31 21:00:00,76,8.8,11.5,1013.0,100,0.0
2026-03-31 22:00:00,78,8.9,11.4,1013.0,100,0.0
2026-03-31 23:00:00,77,8.9,11.4,1012.8,100,0.0
