timestamp,temperature_2m,precipitation,wind_speed_10m,wind_direction_10m,relative_humidity_2m,dew_point_2m,apparent_temperature,surface_pressure,cloud_cover,shortwave_radiation
2025-04-01 00:00:00,5.7,0.0,9.2,43,61,-1.4,2.0,1023.7,100,0.0
2025-04-01 01:00:00,5.7,0.0,8.5,35,61,-1.3,2.1,1023.4,100,0.0
2025-04-01 02:00:00,5.7,0.0,8.2,29,61,-1.2,2.1,1022.8,100,0.0
2025-04-01 03:00:00,5.2,0.0,6.6,22,64,-1.0,2.0,1022.7,100,0.0
2025-04-01 04:00:00,4.6,0.0,6.9,17,67,-1.0,1.3,1022.1,100,0.0
2025-04-01 05:00:00,4.2,0.0,6.8,17,68,-1.2,0.9,1022.0,100,0.0
2025-04-01 06:00:00,3.8,0.0,5.2,16,69,-1.5,0.6,1022.3,100,0.0
2025-04-01 07:00:00,4.8,0.0,4.9,17,66,-1.0,1.8,1022.7,100,37.0
2025-04-01 08:00:00,7.2,0.0,4.3,28,60,0.0,4.4,1022.5,100,161.0
2025-04-01 09:00:00,9.4,0.0,3.7,104,46,-1.6,6.5,1022.6,100,325.0
2025-04-01 10:00:00,10.4,0.0,4.8,117,44,-1.3,7.3,1023.1,100,448.0
2025-04-01 11:00:00,11.4,0.0,4.5,119,45,-0.1,8.8,1022.5,100,579.0
2025-04-01 12:00:00,12.6,0.0,6.0,143,44,0.7,10.9,1021.6,100,732.0
2025-04-01 13:00:00,12.8,0.0,8.7,158,48,1.9,10.8,1020.8,100,746.0
2025-04-01 14:00:00,12.2,0.0,9.6,163,51,2.5,9.4,1020.0,100,587.0
2025-04-01 15:00:00,11.9,0.0,5.6,147,52,2.4,9.4,1018.9,100,313.0
2025-04-01 16:00:00,12.4,0.0,3.6,153,51,2.5,10.2,1018.7,100,311.0
2025-04-01 17:00:00,12.2,0.0,4.6,149,53,2.9,9.9,1018.5,100,214.0
2025-04-01 18:00:00,11.6,0.0,5.1,157,62,4.7,9.6,1018.4,100,66.0
2025-04-01 19:00:00,10.6,0.0,1.8,180,74,6.2,9.4,1018.1,95,6.0
2025-04-01 20:00:00,9.9,0.0,1.8,204,77,6.1,8.7,1018.2,100,0.0
2025-04-01 21:00:00,9.4,0.0,1.1,261,79,6.1,8.3,1018.4,91,0.0
2025-04-01 22:00:00,9.2,0.3,0.4,153,85,6.8,8.3,1018.7,89,0.0
2025-04-01 23:00:00,8.4,2.4,4.5,214,92,7.1,6.9,1019.0,96,0.0
2025-04-02 00:00:00,8.4,2.9,0.2,180,82,5.4,7.2,1018.9,90,0.0
2025-04-02 01:00:00,8.3,0.8,0.6,162,80,5.1,7.0,1018.8,91,0.0
2025-04-02 02:00:00,8.2,0.0,3.4,25,78,4.6,6.4,1018.0,96,0.0
2025-04-02 03:00:00,8.1,0.0,6.3,7,88,6.2,6.2,1017.1,100,0.0
2025-04-02 04:00:00,8.0,0.0,5.2,340,87,6.1,6.3,1016.4,90,0.0
2025-04-02 05:00:00,7.6,0.0,4.2,320,90,6.1,5.9,1016.2,11,0.0
2025-04-02 06:00:00,5.9,0.0,5.0,330,94,5.0,4.0,1016.4,45,0.0
2025-04-02 07:00:00,6.9,0.0,7.1,351,87,4.8,4.6,1016.5,29,43.0
2025-04-02 08:00:00,9.0,0.0,5.2,331,84,6.4,7.4,1016.6,17,213.0
2025-04-02 09:00:00,11.6,0.0,5.4,323,69,6.0,9.8,1016.7,0,425.0
2025-04-02 10:00:00,13.4,0.0,6.1,317,57,5.2,11.8,1017.2,5,624.0
2025-04-02 11:00:00,15.1,0.0,4.9,287,47,3.8,14.2,1016.7,55,759.0
2025-04-02 12:00:00,15.6,0.0,5.4,255,47,4.2,15.1,1016.3,25,816.0
2025-04-02 13:00:00,16.0,0.0,6.3,255,44,3.9,15.5,1015.5,29,847.0
2025-04-02 14:00:00,16.2,0.0,11.1,307,42,3.4,14.4,1014.7,71,770.0
2025-04-02 15:00:00,15.5,0.0,17.8,340,46,4.0,12.3,1014.5,27,709.0
2025-04-02 16:00:00,14.5,0.0,17.3,343,50,4.3,10.6,1014.5,33,514.0
2025-04-02 17:00:00,13.2,0.0,16.9,348,57,4.9,9.5,1014.8,25,306.0
2025-04-02 18:00:00,11.9,0.0,13.5,352,67,5.9,8.9,1015.0,0,147.0
2025-04-02 19:00:00,10.3,0.0,14.3,343,75,6.1,7.2,1015.2,0,15.0
2025-04-02 20:00:00,9.1,0.0,11.0,330,82,6.2,6.6,1015.8,0,0.0
2025-04-02 21:00:00,8.2,0.0,7.8,328,86,6.0,6.1,1016.2,0,0.0
2025-04-02 22:00:00,8.1,0.0,6.2,330,88,6.3,6.3,1016.5,2,0.0
2025-04-02 23:00:00,7.9,0.0,9.1,322,89,6.2,5.6,1017.0,6,0.0
2025-04-03 00:00:00,8.1,0.0,11.5,320,88,6.1,5.4,1017.4,27,0.0
2025-04-03 01:00:00,8.4,0.0,11.9,326,85,6.1,5.6,1017.1,26,0.0
2025-04-03 02:00:00,7.8,0.0,9.8,336,87,5.8,5.4,1016.9,18,0.0
2025-04-03 03:00:00,7.2,0.0,8.4,340,88,5.3,4.9,1016.2,14,0.0
2025-04-03 04:00:00,6.8,0.0,6.2,327,88,4.9,4.6,1016.2,4,0.0
2025-04-03 05:00:00,5.8,0.0,4.7,317,89,4.2,3.8,1016.4,22,0.0
2025-04-03 06:00:00,6.3,0.0,6.2,316,88,4.4,4.1,1016.7,24,0.0
2025-04-03 07:00:00,7.7,0.0,7.0,296,84,5.1,5.4,1017.2,12,45.0
2025-04-03 08:00:00,10.0,0.0,7.3,279,73,5.4,7.8,1017.6,12,218.0
2025-04-03 09:00:00,11.7,0.1,13.8,334,58,3.7,8.2,1017.9,20,422.0
2025-04-03 10:00:00,13.3,0.0,17.1,335,46,1.9,9.0,1018.6,67,560.0
2025-04-03 11:00:00,13.9,0.0,17.2,334,44,1.8,10.1,1018.7,87,655.0
2025-04-03 12:00:00,13.9,0.0,19.3,336,47,2.7,9.8,1018.4,64,636.0
2025-04-03 13:00:00,14.2,0.0,19.1,340,46,2.8,10.7,1017.7,48,726.0
2025-04-03 14:00:00,14.1,0.0,19.4,347,46,2.7,10.4,1017.2,47,703.0
2025-04-03 15:00:00,13.9,0.0,20.1,351,46,2.5,9.7,1017.0,45,626.0
2025-04-03 16:00:00,13.1,0.0,20.1,354,50,2.9,8.5,1017.1,58,476.0
2025-04-03 17:00:00,12.1,0.0,17.1,356,55,3.3,8.0,1017.5,31,290.0
2025-04-03 18:00:00,11.1,0.0,14.2,356,61,3.8,7.6,1017.9,30,140.0
2025-04-03 19:00:00,9.6,0.0,13.0,350,69,4.2,6.4,1018.5,17,15.0
2025-04-03 20:00:00,8.9,0.0,12.5,355,74,4.6,5.8,1019.2,2,0.0
2025-04-03 21:00:00,8.2,0.0,11.5,357,76,4.2,5.1,1019.7,6,0.0
2025-04-03 22:00:00,8.4,0.0,12.3,357,76,4.6,5.4,1019.8,1,0.0
2025-04-03 23:00:00,7.9,0.0,10.5,356,77,4.2,5.0,1019.8,1,0.0
2025-04-04 00:00:00,6.4,0.0,5.0,341,83,3.8,4.2,1019.7,0,0.0
2025-04-04 01:00:00,6.1,0.0,1.8,336,80,3.0,4.2,1019.5,0,0.0
2025-04-04 02:00:00,5.9,0.0,0.4,270,81,2.8,4.3,1019.4,0,0.0
2025-04-04 03:00:00,5.3,0.0,1.3,278,84,2.9,3.5,1019.3,0,0.0
2025-04-04 04:00:00,4.8,0.0,4.5,310,88,3.0,2.5,1019.5,0,0.0
2025-04-04 05:00:00,5.1,0.0,8.3,336,88,3.3,2.3,1019.8,0,0.0
2025-04-04 06:00:00,4.5,0.0,8.3,344,88,2.7,1.6,1020.2,11,0.0
2025-04-04 07:00:00,5.7,0.0,9.0,2,82,2.8,2.7,1020.2,6,54.0
2025-04-04 08:00:00,8.8,0.0,6.5,13,74,4.5,6.5,1019.9,0,235.0
2025-04-04 09:00:00,11.5,0.0,5.9,358,62,4.6,9.3,1020.1,0,447.0
2025-04-04 10:00:00,13.0,0.0,1.3,164,51,3.2,11.8,1020.3,0,639.0
2025-04-04 11:00:00,13.5,0.0,7.8,206,56,4.8,12.5,1020.1,4,784.0
2025-04-04 12:00:00,13.4,0.1,10.8,204,63,6.4,12.8,1019.7,53,869.0
2025-04-04 13:00:00,13.8,0.0,11.4,196,66,7.6,12.9,1019.2,14,808.0
2025-04-04 14:00:00,14.5,0.1,7.5,207,65,8.1,14.5,1018.5,21,821.0
2025-04-04 15:00:00,14.8,0.2,5.2,239,66,8.5,14.6,1018.1,20,714.0
2025-04-04 16:00:00,15.0,0.0,6.9,323,45,3.2,12.4,1018.0,6,555.0
2025-04-04 17:00:00,14.1,0.0,10.8,356,45,2.4,10.8,1018.2,1,360.0
2025-04-04 18:00:00,12.3,0.0,11.0,354,56,3.7,9.2,1018.8,0,157.0
2025-04-04 19:00:00,10.2,0.0,11.2,355,66,4.2,7.2,1019.3,0,16.0
2025-04-04 20:00:00,9.1,0.0,12.9,16,71,4.2,5.9,1019.1,16,0.0
2025-04-04 21:00:00,8.3,0.0,7.1,6,73,3.7,5.8,1020.2,20,0.0
2025-04-04 22:00:00,8.1,0.0,8.3,20,77,4.4,5.6,1019.8,24,0.0
2025-04-04 23:00:00,6.7,0.0,4.9,33,84,4.2,4.6,1019.3,100,0.0
2025-04-05 00:00:00,6.4,0.0,0.8,207,83,3.7,4.8,1019.3,98,0.0
2025-04-05 01:00:00,6.7,0.0,0.4,243,86,4.6,5.3,1019.3,100,0.0
2025-04-05 02:00:00,6.7,0.0,7.4,43,85,4.3,4.3,1018.9,100,0.0
2025-04-05 03:00:00,6.7,0.0,9.6,56,83,4.0,3.8,1018.2,100,0.0
2025-04-05 04:00:00,7.5,0.0,9.1,63,83,4.8,4.9,1017.6,100,0.0
2025-04-05 05:00:00,8.2,0.0,10.9,78,87,6.1,5.6,1017.2,100,0.0
2025-04-05 06:00:00,8.4,0.0,10.9,83,82,5.6,5.8,1017.5,100,0.0
2025-04-05 07:00:00,9.2,0.0,12.0,103,75,5.1,6.3,1017.6,100,31.0
2025-04-05 08:00:00,10.5,0.0,12.8,110,75,6.3,7.7,1017.9,100,145.0
2025-04-05 09:00:00,11.6,0.0,14.6,110,68,5.8,8.4,1018.1,100,290.0
2025-04-05 10:00:00,12.5,0.0,18.3,112,63,5.7,8.8,1018.2,100,453.0
2025-04-05 11:00:00,13.1,0.0,18.0,108,64,6.4,9.5,1017.7,100,492.0
2025-04-05 12:00:00,14.2,0.0,15.6,109,63,7.3,11.7,1017.0,100,635.0
2025-04-05 13:00:00,15.6,0.0,15.6,107,62,8.2,14.0,1016.1,86,770.0
2025-04-05 14:00:00,15.5,0.0,16.0,114,64,8.8,13.3,1015.0,99,643.0
2025-04-05 15:00:00,14.9,0.0,13.0,115,69,9.2,12.9,1014.0,100,372.0
2025-04-05 16:00:00,15.9,0.0,11.2,127,65,9.3,14.0,1013.2,99,390.0
2025-04-05 17:00:00,15.0,0.0,9.8,121,71,9.8,13.5,1013.4,100,191.0
2025-04-05 18:00:00,14.3,0.0,8.7,112,77,10.3,13.1,1013.0,100,100.0
2025-04-05 19:00:00,12.2,1.5,4.6,252,94,11.3,11.9,1014.0,97,6.0
2025-04-05 20:00:00,12.2,0.1,9.3,151,90,10.7,11.1,1013.2,91,0.0
2025-04-05 21:00:00,12.1,0.1,8.1,185,85,9.6,10.8,1013.5,65,0.0
2025-04-05 22:00:00,12.9,0.0,17.7,171,77,8.9,10.1,1013.1,4,0.0
2025-04-05 23:00:00,12.9,0.0,16.0,183,76,8.8,10.2,1013.3,33,0.0
2025-04-06 00:00:00,12.3,0.0,13.6,195,80,8.9,10.0,1013.2,26,0.0
2025-04-06 01:00:00,11.8,0.0,10.8,218,84,9.1,9.9,1013.2,22,0.0
2025-04-06 02:00:00,11.6,0.0,10.7,234,86,9.4,9.8,1012.9,23,0.0
2025-04-06 03:00:00,11.3,0.0,9.8,257,89,9.6,9.8,1012.9,26,0.0
2025-04-06 04:00:00,11.1,0.0,11.8,264,90,9.6,9.3,1012.9,21,0.0
2025-04-06 05:00:00,11.1,0.0,13.8,264,91,9.8,9.1,1013.3,42,0.0
2025-04-06 06:00:00,11.2,0.0,15.5,269,92,9.9,8.9,1013.9,91,0.0
2025-04-06 07:00:00,11.8,0.0,16.6,268,82,8.8,9.1,1014.5,0,47.0
2025-04-06 08:00:00,12.6,0.0,19.8,268,71,7.5,9.1,1015.0,42,236.0
2025-04-06 09:00:00,13.4,0.0,18.2,278,61,5.9,9.7,1015.6,3,428.0
2025-04-06 10:00:00,15.1,0.0,18.4,279,51,5.1,11.6,1015.4,0,646.0
2025-04-06 11:00:00,15.1,0.0,21.6,285,46,3.7,11.7,1015.5,0,796.0
2025-04-06 12:00:00,15.1,0.0,23.5,283,44,3.0,11.6,1015.3,0,886.0
2025-04-06 13:00:00,15.3,0.0,22.2,282,44,3.0,12.1,1015.0,0,905.0
2025-04-06 14:00:00,15.4,0.0,21.0,279,47,4.0,12.3,1014.7,0,851.0
2025-04-06 15:00:00,15.1,0.0,21.2,282,48,4.0,11.5,1014.5,0,742.0
2025-04-06 16:00:00,14.6,0.0,19.3,286,48,3.8,10.4,1014.7,0,574.0
2025-04-06 17:00:00,13.9,0.0,17.8,286,50,3.7,9.8,1015.0,0,368.0
2025-04-06 18:00:00,12.9,0.0,14.2,285,58,4.8,9.6,1015.3,0,160.0
2025-04-06 19:00:00,11.4,0.0,13.9,287,68,5.7,8.3,1015.8,0,17.0
2025-04-06 20:00:00,10.9,0.0,14.1,289,71,5.9,7.8,1016.6,0,0.0
2025-04-06 21:00:00,10.4,0.0,11.7,293,75,6.1,7.7,1017.6,0,0.0
2025-04-06 22:00:00,10.9,0.0,12.9,291,72,6.1,8.0,1017.6,0,0.0
2025-04-06 23:00:00,10.6,0.0,12.7,288,78,7.0,8.0,1017.7,0,0.0
2025-04-07 00:00:00,10.4,0.0,10.3,285,81,7.3,8.3,1017.6,0,0.0
2025-04-07 01:00:00,9.1,0.0,5.7,283,86,6.9,7.5,1017.3,0,0.0
2025-04-07 02:00:00,8.8,0.0,5.6,295,85,6.5,7.1,1017.3,0,0.0
2025-04-07 03:00:00,8.1,0.0,5.9,284,84,5.6,6.2,1017.3,0,0.0
2025-04-07 04:00:00,8.6,0.0,6.8,281,81,5.6,6.6,1017.1,0,0.0
2025-04-07 05:00:00,8.8,0.0,6.9,290,83,6.0,6.7,1017.2,0,0.0
2025-04-07 06:00:00,9.1,0.0,8.2,296,85,6.7,7.1,1018.0,0,0.0
2025-04-07 07:00:00,10.1,0.0,9.3,292,86,7.9,8.2,1018.6,0,63.0
2025-04-07 08:00:00,12.6,0.0,8.1,275,78,8.9,11.1,1019.1,0,250.0
2025-04-07 09:00:00,14.5,0.0,11.7,266,63,7.5,12.1,1019.5,0,465.0
2025-04-07 10:00:00,15.8,0.0,14.0,269,55,6.7,13.4,1019.9,0,653.0
2025-04-07 11:00:00,17.0,0.0,14.8,273,48,5.8,15.1,1019.9,0,794.0
2025-04-07 12:00:00,17.8,0.0,16.6,266,43,5.0,15.9,1019.5,0,884.0
2025-04-07 13:00:00,18.0,0.0,19.3,266,38,3.5,15.5,1019.3,0,908.0
2025-04-07 14:00:00,17.8,0.0,18.0,270,35,2.1,14.9,1019.1,0,857.0
2025-04-07 15:00:00,17.5,0.0,15.8,272,31,0.4,14.2,1018.8,0,743.0
2025-04-07 16:00:00,16.8,0.0,15.3,279,33,0.6,12.7,1018.3,3,581.0
2025-04-07 17:00:00,15.8,0.0,13.0,287,40,2.2,12.2,1018.1,89,379.0
2025-04-07 18:00:00,14.4,0.0,10.6,300,50,4.2,11.4,1018.2,100,167.0
2025-04-07 19:00:00,12.2,0.0,6.4,308,57,3.9,9.8,1018.2,98,18.0
2025-04-07 20:00:00,10.9,0.0,6.2,311,61,3.7,8.5,1018.6,100,0.0
2025-04-07 21:00:00,10.9,0.0,7.6,306,59,3.2,8.2,1019.1,100,0.0
2025-04-07 22:00:00,12.2,0.0,10.2,279,56,3.7,9.2,1018.9,100,0.0
2025-04-07 23:00:00,11.9,0.0,8.3,264,59,4.2,9.3,1018.8,95,0.0
2025-04-08 00:00:00,10.4,0.0,5.1,266,66,4.3,8.3,1018.5,97,0.0
2025-04-08 01:00:00,10.1,0.0,1.7,252,67,4.2,8.5,1018.4,87,0.0
2025-04-08 02:00:00,9.7,0.0,1.2,141,69,4.3,8.2,1018.0,100,0.0
2025-04-08 03:00:00,9.3,0.0,1.1,108,72,4.5,7.8,1017.6,100,0.0
2025-04-08 04:00:00,9.1,0.0,1.9,112,74,4.7,7.6,1017.0,100,0.0
2025-04-08 05:00:00,8.8,0.0,2.0,100,73,4.1,7.1,1016.5,100,0.0
2025-04-08 06:00:00,8.6,0.0,3.4,106,72,3.8,6.6,1016.4,100,0.0
2025-04-08 07:00:00,10.6,0.0,3.1,93,71,5.6,9.1,1016.4,100,51.0
2025-04-08 08:00:00,13.0,0.0,3.4,84,70,7.7,11.9,1016.3,100,191.0
2025-04-08 09:00:00,14.8,0.0,2.4,126,58,6.7,13.6,1016.2,99,339.0
2025-04-08 10:00:00,16.8,0.0,4.3,165,43,4.2,15.0,1016.4,69,580.0
2025-04-08 11:00:00,19.2,0.0,9.9,224,34,3.0,17.5,1015.7,0,783.0
2025-04-08 12:00:00,20.9,0.0,18.9,243,32,3.5,18.2,1014.9,0,879.0
2025-04-08 13:00:00,21.2,0.0,18.5,246,38,6.4,19.3,1014.0,0,894.0
2025-04-08 14:00:00,21.1,0.0,19.9,265,50,10.2,19.8,1013.5,6,840.0
2025-04-08 15:00:00,20.4,0.0,28.8,279,44,7.8,16.4,1012.8,23,731.0
2025-04-08 16:00:00,19.4,0.0,26.3,277,49,8.3,15.1,1012.4,40,516.0
2025-04-08 17:00:00,18.3,0.0,26.7,277,51,8.1,13.9,1012.3,3,328.0
2025-04-08 18:00:00,17.1,0.0,28.7,277,53,7.3,12.3,1012.5,0,156.0
2025-04-08 19:00:00,16.0,0.0,24.0,278,61,8.4,12.1,1012.6,89,19.0
2025-04-08 20:00:00,15.5,0.0,19.6,277,63,8.6,12.3,1013.1,63,0.0
2025-04-08 21:00:00,15.0,0.0,15.9,276,66,8.7,12.3,1013.6,23,0.0
2025-04-08 22:00:00,15.4,0.0,13.9,297,66,9.0,13.1,1013.5,0,0.0
2025-04-08 23:00:00,14.6,0.0,15.7,312,74,10.1,12.4,1013.8,0,0.0
2025-04-09 00:00:00,13.9,0.0,14.5,298,83,11.1,12.1,1014.1,0,0.0
2025-04-09 01:00:00,13.1,0.0,11.4,307,90,11.4,11.9,1014.1,0,0.0
2025-04-09 02:00:00,12.4,0.0,8.5,335,93,11.2,11.5,1013.5,0,0.0
2025-04-09 03:00:00,11.5,0.0,5.5,347,95,10.6,10.9,1013.3,0,0.0
2025-04-09 04:00:00,10.4,0.0,4.5,355,97,9.9,9.7,1013.2,33,0.0
2025-04-09 05:00:00,9.4,0.0,5.4,354,99,9.3,8.4,1013.3,100,0.0
2025-04-09 06:00:00,8.8,0.0,2.9,360,99,8.6,8.0,1013.5,100,0.0
2025-04-09 07:00:00,9.6,0.0,3.6,45,95,8.8,8.8,1014.1,100,51.0
2025-04-09 08:00:00,11.4,0.0,4.5,88,93,10.3,10.8,1014.4,100,205.0
2025-04-09 09:00:00,13.8,0.0,4.2,144,85,11.4,13.6,1014.7,71,436.0
2025-04-09 10:00:00,16.0,0.0,5.4,166,78,12.1,16.3,1014.4,31,611.0
2025-04-09 11:00:00,17.0,0.0,5.2,182,68,11.0,17.9,1014.0,30,763.0
2025-04-09 12:00:00,18.0,0.0,3.2,183,57,9.4,19.3,1013.1,39,841.0
2025-04-09 13:00:00,19.1,0.0,2.1,165,48,8.0,20.4,1012.1,52,861.0
2025-04-09 14:00:00,19.8,0.0,1.7,167,52,9.5,21.3,1011.1,18,836.0
2025-04-09 15:00:00,19.6,0.0,6.3,182,64,12.6,20.5,1010.6,36,714.0
2025-04-09 16:00:00,18.1,0.0,10.8,179,66,11.8,17.1,1010.6,100,552.0
2025-04-09 17:00:00,17.0,0.0,8.7,174,65,10.4,15.9,1010.4,72,327.0
2025-04-09 18:00:00,16.2,0.0,4.6,149,67,10.1,15.6,1010.3,98,144.0
2025-04-09 19:00:00,14.8,0.0,8.3,96,73,9.9,13.6,1010.4,100,16.0
2025-04-09 20:00:00,14.2,0.0,10.4,76,73,9.4,12.6,1010.4,89,0.0
2025-04-09 21:00:00,13.6,0.0,12.2,89,77,9.6,11.7,1010.3,88,0.0
2025-04-09 22:00:00,12.9,0.0,3.5,69,79,9.3,12.2,1010.9,47,0.0
2025-04-09 23:00:00,12.4,0.0,2.4,81,82,9.4,11.9,1011.0,100,0.0
2025-04-10 00:00:00,13.4,0.0,0.9,37,80,9.9,13.3,1010.6,98,0.0
2025-04-10 01:00:00,13.6,0.0,2.9,150,82,10.5,13.3,1010.1,100,0.0
2025-04-10 02:00:00,13.9,0.0,7.9,131,82,10.9,13.0,1009.1,99,0.0
2025-04-10 03:00:00,13.1,1.8,2.5,352,83,10.4,12.8,1009.2,100,0.0
2025-04-10 04:00:00,12.9,4.8,4.0,120,96,12.4,13.1,1008.8,100,0.0
2025-04-10 05:00:00,12.9,0.1,4.5,95,96,12.4,13.0,1008.2,93,0.0
2025-04-10 06:00:00,13.3,0.6,4.8,127,94,12.3,13.3,1008.1,86,0.0
2025-04-10 07:00:00,14.1,0.2,5.5,144,94,13.2,14.4,1008.1,100,38.0
2025-04-10 08:00:00,15.1,0.1,4.7,94,98,14.8,16.1,1008.2,87,146.0
2025-04-10 09:00:00,15.9,0.0,7.3,97,95,15.1,16.6,1008.3,88,237.0
2025-04-10 10:00:00,19.1,0.0,9.4,119,76,14.9,19.9,1007.9,98,626.0
2025-04-10 11:00:00,19.3,0.0,12.9,118,74,14.4,18.9,1007.5,100,447.0
2025-04-10 12:00:00,17.8,0.0,15.9,100,78,13.9,16.8,1006.2,96,280.0
2025-04-10 13:00:00,16.0,4.5,9.0,61,92,14.7,16.2,1006.9,98,401.0
2025-04-10 14:00:00,18.5,0.0,5.1,73,75,13.9,19.6,1006.0,98,644.0
2025-04-10 15:00:00,18.3,0.0,7.4,94,75,13.9,18.5,1005.3,100,388.0
2025-04-10 16:00:00,16.0,1.4,6.0,5,88,14.1,16.4,1006.2,100,208.0
2025-04-10 17:00:00,16.1,0.1,8.3,106,90,14.4,16.3,1005.8,43,234.0
2025-04-10 18:00:00,15.7,0.0,8.0,106,91,14.1,15.9,1005.9,93,113.0
2025-04-10 19:00:00,14.6,0.0,9.3,122,94,13.6,14.4,1006.2,97,13.0
2025-04-10 20:00:00,13.9,0.0,12.0,116,93,12.8,13.1,1006.9,100,0.0
2025-04-10 21:00:00,13.9,0.0,8.6,102,94,12.9,13.6,1007.0,48,0.0
2025-04-10 22:00:00,12.9,0.0,1.7,32,99,12.9,13.6,1006.6,84,0.0
2025-04-10 23:00:00,13.2,0.6,5.8,309,97,12.8,13.3,1007.1,97,0.0
2025-04-11 00:00:00,13.1,0.2,4.5,344,98,12.8,13.3,1006.8,90,0.0
2025-04-11 01:00:00,12.9,0.0,7.3,312,97,12.4,12.6,1006.8,66,0.0
2025-04-11 02:00:00,12.9,0.0,9.8,293,96,12.3,12.2,1006.6,4,0.0
2025-04-11 03:00:00,12.4,0.0,8.4,301,97,11.9,11.8,1006.5,61,0.0
2025-04-11 04:00:00,11.6,0.0,8.4,313,98,11.2,10.8,1006.6,90,0.0
2025-04-11 05:00:00,11.6,0.0,7.0,302,98,11.3,10.9,1007.2,97,0.0
2025-04-11 06:00:00,11.5,0.0,8.3,311,99,11.3,10.7,1008.0,97,0.0
2025-04-11 07:00:00,11.9,0.0,9.3,316,97,11.6,11.1,1008.8,96,55.0
2025-04-11 08:00:00,13.6,0.0,10.3,306,91,12.1,12.8,1009.0,100,193.0
2025-04-11 09:00:00,15.6,0.1,11.5,316,81,12.4,14.7,1009.4,91,349.0
2025-04-11 10:00:00,17.9,0.0,9.2,317,64,11.0,17.0,1009.7,80,574.0
2025-04-11 11:00:00,19.4,0.0,9.3,317,55,10.1,19.1,1009.2,16,737.0
2025-04-11 12:00:00,20.2,0.0,10.9,322,47,8.6,20.0,1009.0,2,855.0
2025-04-11 13:00:00,20.5,0.0,13.5,331,42,7.2,19.7,1008.8,0,884.0
2025-04-11 14:00:00,20.4,0.0,14.8,327,40,6.4,18.9,1008.7,0,847.0
2025-04-11 15:00:00,19.7,0.0,16.2,329,41,5.9,17.3,1008.9,0,743.0
2025-04-11 16:00:00,18.6,0.0,15.6,336,42,5.7,15.5,1008.9,0,579.0
2025-04-11 17:00:00,17.3,0.0,13.5,337,49,6.3,14.4,1009.4,0,380.0
2025-04-11 18:00:00,15.6,0.0,12.0,332,59,7.5,13.2,1010.3,0,171.0
2025-04-11 19:00:00,13.4,0.0,10.6,316,68,7.7,11.3,1011.1,0,22.0
2025-04-11 20:00:00,12.1,0.0,9.3,307,78,8.3,10.3,1011.8,9,0.0
2025-04-11 21:00:00,11.2,0.0,9.5,309,85,8.8,9.5,1012.5,9,0.0
2025-04-11 22:00:00,11.1,0.0,7.0,312,86,8.9,9.9,1012.7,73,0.0
2025-04-11 23:00:00,10.1,0.0,4.8,312,87,8.0,8.9,1011.9,100,0.0
2025-04-12 00:00:00,10.9,0.0,6.9,287,82,8.0,9.4,1012.4,100,0.0
2025-04-12 01:00:00,10.9,0.0,11.0,267,91,9.6,9.3,1012.8,100,0.0
2025-04-12 02:00:00,9.9,0.0,6.5,336,92,8.7,8.7,1012.5,33,0.0
2025-04-12 03:00:00,8.0,0.0,3.8,19,89,6.2,6.5,1012.7,75,0.0
2025-04-12 04:00:00,7.8,0.0,5.5,49,85,5.4,5.8,1012.9,99,0.0
2025-04-12 05:00:00,8.3,0.0,7.0,61,80,5.0,6.1,1012.8,100,0.0
2025-04-12 06:00:00,8.1,0.0,3.6,81,83,5.3,6.4,1013.2,100,1.0
2025-04-12 07:00:00,10.1,0.0,7.8,64,80,6.8,8.2,1013.5,100,67.0
2025-04-12 08:00:00,12.1,0.0,7.4,84,79,8.6,10.7,1013.7,100,185.0
2025-04-12 09:00:00,14.1,0.0,11.8,102,73,9.3,12.2,1012.9,100,303.0
2025-04-12 10:00:00,14.5,0.0,14.5,115,63,7.6,11.8,1013.0,100,355.0
2025-04-12 11:00:00,15.8,0.0,17.1,124,60,7.9,12.7,1012.7,100,548.0
2025-04-12 12:00:00,16.6,0.0,18.9,122,60,8.9,14.2,1012.4,100,675.0
2025-04-12 13:00:00,17.4,0.0,18.3,120,59,9.2,15.0,1011.7,100,635.0
2025-04-12 14:00:00,17.4,0.0,18.8,113,58,9.1,14.4,1010.7,100,477.0
2025-04-12 15:00:00,16.6,0.0,18.4,108,61,9.1,13.7,1009.5,100,213.0
2025-04-12 16:00:00,16.0,0.0,18.6,110,64,9.3,13.1,1009.3,100,155.0
2025-04-12 17:00:00,15.4,0.0,18.3,96,68,9.6,12.6,1008.9,100,89.0
2025-04-12 18:00:00,15.2,0.0,19.1,88,74,10.6,12.6,1008.0,100,37.0
2025-04-12 19:00:00,15.2,0.0,16.6,93,78,11.4,13.2,1007.9,100,5.0
2025-04-12 20:00:00,14.4,0.8,12.4,103,90,12.8,13.4,1008.2,100,0.0
2025-04-12 21:00:00,14.1,3.7,15.7,120,94,13.2,12.9,1007.8,100,0.0
2025-04-12 22:00:00,14.6,0.5,30.3,141,89,12.9,11.1,1007.2,100,0.0
2025-04-12 23:00:00,14.3,1.1,29.2,123,93,13.2,11.1,1005.3,100,0.0
2025-04-13 00:00:00,14.6,2.3,32.2,121,95,13.7,11.0,1003.4,100,0.0
2025-04-13 01:00:00,14.7,2.3,31.5,120,94,13.8,11.3,1001.5,100,0.0
2025-04-13 02:00:00,14.6,1.6,32.1,126,92,13.3,10.9,999.8,100,0.0
2025-04-13 03:00:00,14.6,3.6,31.4,121,95,13.7,11.2,998.3,100,0.0
2025-04-13 04:00:00,14.6,2.8,28.5,133,93,13.4,11.5,998.2,100,0.0
2025-04-13 05:00:00,14.5,2.6,23.6,177,92,13.1,12.1,999.1,100,0.0
2025-04-13 06:00:00,10.4,2.8,27.9,255,92,9.1,6.1,1002.2,100,0.0
2025-04-13 07:00:00,10.2,1.7,26.0,264,92,8.9,6.1,1003.9,100,9.0
2025-04-13 08:00:00,10.2,0.1,25.2,270,79,6.7,5.7,1004.6,100,52.0
2025-04-13 09:00:00,11.1,0.0,30.2,275,56,2.8,5.1,1004.9,60,334.0
2025-04-13 10:00:00,12.4,0.0,33.7,279,42,-0.1,5.8,1004.7,36,683.0
2025-04-13 11:00:00,12.6,0.0,32.6,279,41,-0.3,6.8,1004.9,0,826.0
2025-04-13 12:00:00,13.0,0.0,32.6,278,38,-0.9,7.5,1004.9,0,908.0
2025-04-13 13:00:00,13.1,0.0,33.0,276,42,0.6,7.8,1004.8,0,926.0
2025-04-13 14:00:00,13.8,0.0,34.5,275,32,-2.6,7.6,1004.3,15,866.0
2025-04-13 15:00:00,14.2,0.0,35.5,273,33,-1.9,7.3,1003.5,14,708.0
2025-04-13 16:00:00,13.5,0.0,31.2,275,38,-0.6,6.7,1003.6,52,529.0
2025-04-13 17:00:00,13.6,0.0,24.7,267,36,-1.1,7.7,1003.4,39,350.0
2025-04-13 18:00:00,13.1,0.0,26.9,267,44,1.2,7.2,1003.4,17,140.0
2025-04-13 19:00:00,12.6,0.0,24.3,260,47,1.5,7.2,1004.0,38,22.0
2025-04-13 20:00:00,12.4,0.0,20.5,252,50,2.2,7.7,1004.9,38,0.0
2025-04-13 21:00:00,12.0,0.0,17.7,258,55,3.3,7.9,1005.5,15,0.0
2025-04-13 22:00:00,11.7,0.0,18.1,245,55,2.9,7.4,1006.2,20,0.0
2025-04-13 23:00:00,11.4,0.0,17.2,241,55,2.7,7.2,1006.5,8,0.0
2025-04-14 00:00:00,11.1,0.0,15.9,242,57,2.8,7.1,1006.7,72,0.0
2025-04-14 01:00:00,11.2,0.0,16.8,243,56,2.8,7.1,1006.2,34,0.0
2025-04-14 02:00:00,10.6,0.0,15.8,229,61,3.2,6.7,1005.2,9,0.0
2025-04-14 03:00:00,10.0,0.0,16.4,231,63,3.3,6.1,1004.6,0,0.0
2025-04-14 04:00:00,9.5,0.0,14.0,233,66,3.5,5.9,1004.0,0,0.0
2025-04-14 05:00:00,9.3,0.0,14.0,235,68,3.7,5.8,1004.1,21,0.0
2025-04-14 06:00:00,9.2,0.0,10.5,221,67,3.5,6.2,1004.0,46,1.0
2025-04-14 07:00:00,10.2,0.0,8.8,176,62,3.4,7.4,1003.3,99,73.0
2025-04-14 08:00:00,11.1,0.3,12.3,150,58,3.2,7.7,1003.0,100,214.0
2025-04-14 09:00:00,10.9,0.4,13.6,133,66,4.7,7.6,1002.9,99,168.0
2025-04-14 10:00:00,12.0,1.3,15.8,150,59,4.2,8.3,1002.5,97,334.0
2025-04-14 11:00:00,11.5,1.1,13.3,144,65,5.2,8.4,1002.2,100,303.0
2025-04-14 12:00:00,10.6,0.7,9.3,126,85,8.2,8.7,1001.1,57,86.0
2025-04-14 13:00:00,13.2,0.3,4.8,259,75,8.9,12.7,1000.1,56,622.0
2025-04-14 14:00:00,14.1,0.6,15.0,289,72,9.1,12.4,999.7,97,677.0
2025-04-14 15:00:00,12.8,2.3,10.1,269,83,9.9,11.3,998.7,42,259.0
2025-04-14 16:00:00,13.9,0.1,15.3,269,72,9.1,11.5,998.3,72,398.0
2025-04-14 17:00:00,13.7,0.0,18.5,281,51,3.8,9.5,998.1,100,228.0
2025-04-14 18:00:00,13.1,0.0,18.9,270,56,4.6,9.1,998.2,99,111.0
2025-04-14 19:00:00,12.6,0.0,20.6,274,61,5.3,8.4,998.0,94,15.0
2025-04-14 20:00:00,11.8,0.0,23.5,266,69,6.2,7.4,997.9,100,0.0
2025-04-14 21:00:00,10.9,0.0,23.5,259,72,6.1,6.5,998.3,100,0.0
2025-04-14 22:00:00,10.1,1.1,32.0,258,84,7.5,4.7,998.7,100,0.0
2025-04-14 23:00:00,9.1,1.4,34.0,262,88,7.2,3.4,998.9,100,0.0
2025-04-15 00:00:00,9.3,0.6,28.6,247,87,7.2,4.4,998.7,92,0.0
2025-04-15 01:00:00,8.9,0.7,31.0,269,79,5.6,3.3,998.8,31,0.0
2025-04-15 02:00:00,9.5,0.0,28.7,278,71,4.5,4.0,998.6,44,0.0
2025-04-15 03:00:00,8.4,0.0,25.5,293,71,3.3,3.1,999.2,60,0.0
2025-04-15 04:00:00,7.5,0.1,22.0,293,79,4.1,2.9,999.8,63,0.0
2025-04-15 05:00:00,7.3,0.2,20.6,306,82,4.4,3.0,1000.4,66,0.0
2025-04-15 06:00:00,7.2,0.0,20.3,300,84,4.7,3.0,1001.4,80,1.0
2025-04-15 07:00:00,7.8,0.1,18.8,294,81,4.8,3.8,1002.6,53,52.0
2025-04-15 08:00:00,8.2,0.2,20.1,298,79,4.7,4.0,1003.4,55,187.0
2025-04-15 09:00:00,8.9,0.9,17.1,296,77,5.2,5.3,1004.1,31,365.0
2025-04-15 10:00:00,11.2,0.1,23.8,300,51,1.6,6.0,1004.9,35,578.0
2025-04-15 11:00:00,11.9,0.1,28.4,299,46,0.6,6.4,1005.4,24,715.0
2025-04-15 12:00:00,12.1,0.1,30.9,290,45,0.5,6.6,1005.8,25,788.0
2025-04-15 13:00:00,12.4,0.1,28.4,292,42,-0.1,7.4,1006.1,43,825.0
2025-04-15 14:00:00,12.8,0.0,27.5,290,41,-0.3,7.8,1006.4,0,815.0
2025-04-15 15:00:00,12.8,0.0,26.9,288,39,-0.6,7.6,1006.4,0,760.0
2025-04-15 16:00:00,12.6,0.0,25.1,286,41,-0.5,6.9,1006.6,5,594.0
2025-04-15 17:00:00,12.8,0.0,22.5,285,38,-1.0,7.2,1006.7,46,372.0
2025-04-15 18:00:00,12.0,0.0,20.7,271,49,1.5,7.1,1007.0,0,164.0
2025-04-15 19:00:00,11.2,0.0,18.8,261,55,2.5,6.8,1007.4,0,25.0
2025-04-15 20:00:00,10.8,0.0,16.8,260,64,4.2,7.0,1008.3,0,0.0
2025-04-15 21:00:00,10.8,0.0,15.4,253,66,4.8,7.2,1009.1,0,0.0
2025-04-15 22:00:00,10.3,0.0,12.7,252,72,5.4,7.3,1009.1,0,0.0
2025-04-15 23:00:00,10.6,0.0,17.5,251,69,5.2,6.9,1009.4,12,0.0
2025-04-16 00:00:00,10.4,0.0,14.0,238,72,5.6,7.3,1009.6,0,0.0
2025-04-16 01:00:00,11.1,0.0,17.9,251,73,6.3,7.5,1009.7,52,0.0
2025-04-16 02:00:00,12.1,0.0,19.0,257,72,7.2,8.6,1009.5,9,0.0
2025-04-16 03:00:00,12.0,0.0,15.6,264,75,7.7,9.1,1009.5,0,0.0
2025-04-16 04:00:00,11.2,0.0,12.0,248,85,8.9,9.1,1009.7,0,0.0
2025-04-16 05:00:00,10.8,0.0,11.3,245,90,9.1,8.9,1010.0,0,0.0
2025-04-16 06:00:00,10.9,0.0,12.1,250,90,9.3,9.0,1010.6,1,2.0
2025-04-16 07:00:00,11.9,0.0,11.0,238,87,9.7,10.2,1011.4,0,84.0
2025-04-16 08:00:00,13.1,0.0,10.6,224,82,10.1,11.5,1011.7,0,271.0
2025-04-16 09:00:00,14.4,0.0,13.0,241,76,10.3,12.6,1012.1,8,475.0
2025-04-16 10:00:00,15.8,0.0,10.1,253,64,9.0,14.6,1012.1,2,646.0
2025-04-16 11:00:00,17.3,0.0,8.9,251,58,8.9,17.2,1012.1,9,796.0
2025-04-16 12:00:00,18.8,0.0,8.3,252,52,8.6,19.1,1011.8,1,875.0
2025-04-16 13:00:00,20.0,0.0,8.3,265,47,8.3,20.4,1011.4,98,889.0
2025-04-16 14:00:00,20.9,0.0,7.1,251,46,8.8,21.3,1011.2,99,835.0
2025-04-16 15:00:00,21.0,0.0,6.7,207,49,9.8,21.0,1010.9,92,720.0
2025-04-16 16:00:00,20.4,0.0,5.8,185,59,12.1,20.2,1010.7,87,552.0
2025-04-16 17:00:00,19.9,0.0,6.0,205,67,13.7,20.2,1010.9,95,356.0
2025-04-16 18:00:00,18.7,0.0,10.8,216,72,13.4,18.2,1011.4,99,161.0
2025-04-16 19:00:00,17.8,0.0,17.7,218,63,10.6,15.4,1012.0,100,21.0
2025-04-16 20:00:00,17.0,0.0,18.3,219,62,9.7,14.3,1012.7,100,0.0
2025-04-16 21:00:00,16.5,0.0,15.2,216,60,8.8,13.9,1013.6,100,0.0
2025-04-16 22:00:00,16.0,0.0,15.8,212,57,7.5,13.1,1013.6,100,0.0
2025-04-16 23:00:00,15.5,0.0,11.7,205,58,7.3,13.1,1013.7,96,0.0
2025-04-17 00:00:00,13.8,0.0,5.1,184,69,8.3,12.6,1013.9,90,0.0
2025-04-17 01:00:00,13.0,0.0,4.5,151,74,8.6,12.0,1013.9,86,0.0
2025-04-17 02:00:00,13.6,0.0,7.5,130,73,8.9,12.1,1013.3,99,0.0
2025-04-17 03:00:00,14.2,0.0,9.3,130,65,7.8,12.3,1013.0,75,0.0
2025-04-17 04:00:00,14.4,0.0,9.6,142,62,7.2,12.2,1013.1,99,0.0
2025-04-17 05:00:00,14.6,0.0,10.5,145,64,7.9,12.5,1013.3,72,0.0
2025-04-17 06:00:00,13.5,0.0,10.3,119,74,8.9,11.7,1013.3,93,2.0
2025-04-17 07:00:00,13.9,0.0,8.8,95,77,9.9,12.7,1013.8,1,78.0
2025-04-17 08:00:00,15.9,0.0,8.2,116,78,12.1,15.4,1014.0,0,275.0
2025-04-17 09:00:00,18.0,0.0,9.4,137,70,12.6,17.5,1013.8,2,479.0
2025-04-17 10:00:00,19.4,0.0,11.6,141,69,13.6,19.4,1014.3,0,658.0
2025-04-17 11:00:00,20.3,0.0,13.5,128,66,13.8,20.8,1013.9,9,782.0
2025-04-17 12:00:00,20.0,0.0,17.2,108,68,13.9,20.3,1013.1,4,847.0
2025-04-17 13:00:00,19.9,0.0,17.5,102,67,13.4,20.1,1012.2,2,874.0
2025-04-17 14:00:00,19.6,0.0,16.5,96,70,14.0,20.0,1012.0,45,821.0
2025-04-17 15:00:00,19.3,0.0,16.7,101,73,14.4,18.4,1011.5,51,566.0
2025-04-17 16:00:00,19.0,0.0,13.2,101,79,15.2,18.8,1011.1,54,423.0
2025-04-17 17:00:00,19.0,0.0,7.6,89,82,16.0,20.0,1010.8,100,337.0
2025-04-17 18:00:00,17.7,0.0,8.3,90,92,16.3,18.7,1010.8,62,145.0
2025-04-17 19:00:00,15.8,0.0,7.7,79,100,15.7,16.6,1011.1,100,23.0
2025-04-17 20:00:00,14.7,0.0,9.2,67,99,14.6,14.9,1011.8,100,0.0
2025-04-17 21:00:00,14.4,0.0,7.7,59,98,14.1,14.6,1012.6,100,0.0
2025-04-17 22:00:00,14.9,0.0,8.5,88,97,14.5,15.2,1013.0,100,0.0
2025-04-17 23:00:00,14.7,0.0,10.0,103,98,14.4,14.7,1013.0,100,0.0
2025-04-18 00:00:00,14.8,0.0,11.0,108,96,14.1,14.5,1013.1,100,0.0
2025-04-18 01:00:00,15.1,0.0,8.0,110,93,13.9,15.2,1012.7,100,0.0
2025-04-18 02:00:00,15.6,0.0,7.3,120,88,13.6,15.7,1012.5,100,0.0
2025-04-18 03:00:00,15.8,0.0,7.7,121,86,13.4,15.8,1012.3,100,0.0
2025-04-18 04:00:00,15.4,0.0,8.7,111,88,13.4,15.3,1012.2,100,0.0
2025-04-18 05:00:00,14.8,0.0,9.8,97,92,13.4,14.5,1012.1,100,0.0
2025-04-18 06:00:00,14.6,0.0,9.7,86,95,13.8,14.3,1012.6,100,1.0
2025-04-18 07:00:00,15.2,0.0,10.1,85,93,14.1,15.1,1012.9,100,41.0
2025-04-18 08:00:00,16.2,0.0,10.9,81,92,14.9,16.3,1013.3,100,145.0
2025-04-18 09:00:00,18.3,0.0,9.6,87,85,15.7,18.8,1013.5,1,360.0
2025-04-18 10:00:00,21.1,0.0,5.9,140,76,16.7,23.1,1014.3,0,631.0
2025-04-18 11:00:00,22.1,0.0,8.9,156,69,16.1,24.3,1013.9,1,781.0
2025-04-18 12:00:00,22.8,0.0,7.6,149,68,16.7,25.9,1013.1,0,855.0
2025-04-18 13:00:00,23.6,0.0,8.0,140,64,16.3,26.5,1012.5,4,873.0
2025-04-18 14:00:00,22.9,0.0,11.4,131,75,18.1,25.7,1012.3,28,814.0
2025-04-18 15:00:00,22.4,0.0,12.0,134,76,17.9,24.4,1011.9,26,705.0
2025-04-18 16:00:00,22.5,0.0,3.8,155,74,17.7,24.8,1011.7,17,529.0
2025-04-18 17:00:00,22.3,0.0,0.8,153,74,17.5,24.9,1011.8,24,343.0
2025-04-18 18:00:00,20.2,0.0,5.2,94,84,17.5,22.1,1012.0,14,155.0
2025-04-18 19:00:00,17.8,0.0,9.2,73,89,16.0,18.5,1012.7,4,25.0
2025-04-18 20:00:00,17.0,0.0,7.1,71,90,15.4,17.8,1013.6,3,0.0
2025-04-18 21:00:00,16.1,0.0,10.5,77,93,15.0,16.3,1014.1,1,0.0
2025-04-18 22:00:00,17.0,0.0,2.2,42,96,16.4,18.8,1014.1,16,0.0
2025-04-18 23:00:00,16.6,0.0,1.5,14,95,15.8,18.4,1014.2,15,0.0
2025-04-19 00:00:00,16.0,0.0,3.5,145,96,15.4,17.4,1014.2,9,0.0
2025-04-19 01:00:00,14.6,0.0,4.1,131,98,14.4,15.5,1014.1,21,0.0
2025-04-19 02:00:00,13.6,0.0,2.8,75,99,13.6,14.4,1013.7,100,0.0
2025-04-19 03:00:00,14.1,0.0,4.6,59,98,13.8,14.6,1013.6,100,0.0
2025-04-19 04:00:00,14.3,0.0,4.3,73,97,13.9,14.9,1013.2,85,0.0
2025-04-19 05:00:00,13.9,0.0,4.9,82,98,13.5,14.3,1013.2,31,0.0
2025-04-19 06:00:00,13.4,0.0,4.8,121,98,13.1,13.7,1013.7,49,3.0
2025-04-19 07:00:00,13.9,0.0,3.6,93,98,13.7,14.6,1014.3,100,83.0
2025-04-19 08:00:00,15.3,0.0,4.8,103,95,14.5,16.1,1014.6,100,233.0
2025-04-19 09:00:00,17.5,0.0,7.3,118,89,15.6,18.4,1014.2,25,427.0
2025-04-19 10:00:00,19.1,0.0,10.8,120,82,15.9,19.9,1014.2,37,593.0
2025-04-19 11:00:00,20.5,0.0,11.4,118,76,16.1,22.0,1013.8,33,730.0
2025-04-19 12:00:00,21.3,0.0,14.5,107,73,16.3,22.7,1013.0,52,802.0
2025-04-19 13:00:00,21.5,0.0,18.1,100,72,16.1,22.4,1012.1,99,834.0
2025-04-19 14:00:00,21.0,0.0,18.1,100,73,16.0,21.3,1011.5,83,728.0
2025-04-19 15:00:00,21.5,0.0,16.0,101,72,16.4,22.0,1011.3,100,661.0
2025-04-19 16:00:00,21.8,0.0,13.9,89,71,16.4,22.0,1010.6,100,498.0
2025-04-19 17:00:00,20.4,0.0,11.5,86,75,15.8,20.7,1010.5,97,308.0
2025-04-19 18:00:00,19.0,0.0,10.4,69,80,15.4,19.3,1010.6,100,149.0
2025-04-19 19:00:00,17.5,0.0,13.2,50,87,15.2,17.3,1010.5,100,25.0
2025-04-19 20:00:00,16.6,0.0,10.2,37,89,14.8,16.7,1011.5,100,0.0
2025-04-19 21:00:00,16.3,0.0,7.4,51,90,14.6,16.8,1012.0,100,0.0
2025-04-19 22:00:00,16.9,0.0,6.9,62,89,15.1,17.6,1012.0,100,0.0
2025-04-19 23:00:00,16.8,0.4,6.3,72,89,15.1,17.6,1011.9,100,0.0
2025-04-20 00:00:00,17.1,0.5,7.4,124,92,15.9,18.0,1011.9,100,0.0
2025-04-20 01:00:00,16.0,0.3,10.7,76,99,15.9,16.4,1011.3,100,0.0
2025-04-20 02:00:00,15.6,0.1,12.2,63,98,15.4,15.6,1011.0,100,0.0
2025-04-20 03:00:00,16.0,0.0,10.7,68,96,15.4,16.3,1011.2,100,0.0
2025-04-20 04:00:00,15.9,0.0,10.4,70,97,15.4,16.3,1010.9,100,0.0
2025-04-20 05:00:00,15.9,0.0,11.6,75,98,15.5,16.0,1010.6,100,0.0
2025-04-20 06:00:00,15.8,0.0,13.2,85,98,15.4,15.7,1010.8,100,1.0
2025-04-20 07:00:00,16.1,0.0,12.9,82,97,15.6,16.1,1011.1,100,38.0
2025-04-20 08:00:00,16.9,0.0,14.6,80,93,15.8,16.7,1011.3,100,121.0
2025-04-20 09:00:00,18.1,0.0,11.4,67,89,16.2,18.6,1011.7,100,182.0
2025-04-20 10:00:00,16.9,1.1,13.0,87,98,16.5,17.2,1012.8,100,89.0
2025-04-20 11:00:00,17.6,0.4,13.3,87,94,16.7,18.1,1012.9,100,171.0
2025-04-20 12:00:00,18.1,0.0,13.3,92,93,17.0,18.7,1012.6,100,225.0
2025-04-20 13:00:00,19.4,0.0,12.9,96,85,16.8,19.8,1012.6,100,319.0
2025-04-20 14:00:00,19.2,0.0,11.6,94,85,16.6,19.8,1012.2,100,245.0
2025-04-20 15:00:00,19.1,0.0,11.4,74,85,16.5,19.8,1011.9,100,255.0
2025-04-20 16:00:00,19.0,0.0,11.7,77,84,16.4,19.6,1011.7,100,260.0
2025-04-20 17:00:00,19.0,0.0,10.3,78,85,16.4,19.7,1012.2,43,197.0
2025-04-20 18:00:00,19.0,0.0,9.4,82,85,16.3,19.8,1012.4,60,131.0
2025-04-20 19:00:00,18.4,0.0,8.1,85,88,16.4,19.4,1012.6,32,18.0
2025-04-20 20:00:00,18.0,0.0,7.3,74,90,16.4,19.2,1013.1,100,0.0
2025-04-20 21:00:00,17.7,0.0,6.7,63,92,16.4,18.9,1013.5,91,0.0
2025-04-20 22:00:00,17.2,0.0,6.4,10,92,15.9,18.3,1014.3,97,0.0
2025-04-20 23:00:00,17.2,0.0,10.1,356,91,15.8,17.7,1014.8,100,0.0
2025-04-21 00:00:00,16.6,0.0,12.5,354,90,14.9,16.5,1015.2,40,0.0
2025-04-21 01:00:00,15.9,0.0,10.8,4,91,14.6,15.9,1015.2,82,0.0
2025-04-21 02:00:00,15.5,0.0,9.0,10,94,14.5,15.7,1015.0,7,0.0
2025-04-21 03:00:00,15.1,0.0,7.6,3,94,14.2,15.4,1015.0,23,0.0
2025-04-21 04:00:00,14.7,0.0,6.6,349,95,13.9,15.0,1015.0,46,0.0
2025-04-21 05:00:00,14.2,0.0,4.9,343,96,13.6,14.7,1015.1,17,0.0
2025-04-21 06:00:00,14.0,0.0,4.8,340,96,13.4,14.4,1015.6,5,4.0
2025-04-21 07:00:00,15.1,0.0,3.5,9,93,14.0,15.9,1016.1,8,95.0
2025-04-21 08:00:00,16.9,0.0,3.3,96,88,14.9,18.1,1016.6,3,290.0
2025-04-21 09:00:00,19.0,0.0,6.9,121,80,15.5,19.9,1016.4,10,493.0
2025-04-21 10:00:00,20.8,0.0,7.9,141,72,15.6,22.2,1016.6,31,676.0
2025-04-21 11:00:00,20.0,0.0,11.8,152,78,16.1,21.3,1016.5,7,700.0
2025-04-21 12:00:00,20.2,0.0,11.4,141,75,15.7,22.0,1016.2,21,804.0
2025-04-21 13:00:00,21.0,0.0,11.1,138,73,15.9,23.1,1015.7,17,867.0
2025-04-21 14:00:00,21.5,0.0,11.9,132,68,15.4,23.2,1015.1,1,838.0
2025-04-21 15:00:00,22.2,0.0,12.4,121,61,14.2,22.8,1013.9,0,739.0
2025-04-21 16:00:00,22.0,0.0,11.4,119,59,13.6,21.6,1013.8,0,577.0
2025-04-21 17:00:00,21.0,0.0,11.0,109,63,13.6,20.6,1013.7,50,381.0
2025-04-21 18:00:00,19.5,0.0,11.4,114,67,13.2,18.8,1014.0,100,179.0
2025-04-21 19:00:00,18.1,0.0,13.3,106,68,12.2,16.8,1014.3,99,29.0
2025-04-21 20:00:00,17.5,0.0,13.1,99,64,10.7,15.8,1014.6,62,0.0
2025-04-21 21:00:00,16.8,0.0,12.8,94,62,9.4,14.8,1014.8,92,0.0
2025-04-21 22:00:00,16.5,0.0,10.3,83,70,10.9,15.2,1014.9,4,0.0
2025-04-21 23:00:00,16.2,0.0,13.0,88,71,10.9,14.6,1014.5,90,0.0
2025-04-22 00:00:00,15.8,0.0,15.8,97,75,11.4,13.9,1014.0,100,0.0
2025-04-22 01:00:00,15.1,0.0,15.3,89,90,13.6,14.0,1013.4,100,0.0
2025-04-22 02:00:00,15.1,0.0,15.4,80,99,14.9,14.4,1012.7,100,0.0
2025-04-22 03:00:00,15.2,0.0,17.4,77,100,15.1,14.4,1012.1,100,0.0
2025-04-22 04:00:00,15.1,0.0,17.3,79,100,15.1,14.3,1011.7,100,0.0
2025-04-22 05:00:00,15.2,0.0,17.3,82,99,15.1,14.4,1011.5,100,0.0
2025-04-22 06:00:00,15.7,0.0,18.4,87,97,15.1,14.7,1011.6,100,2.0
2025-04-22 07:00:00,16.6,0.0,20.0,98,91,15.2,15.4,1012.0,100,42.0
2025-04-22 08:00:00,17.2,0.0,23.6,107,85,14.7,15.4,1011.7,100,85.0
2025-04-22 09:00:00,17.6,0.0,23.1,106,76,13.2,15.3,1011.4,100,184.0
2025-04-22 10:00:00,17.5,0.0,21.7,102,71,12.2,15.0,1012.0,100,177.0
2025-04-22 11:00:00,17.9,0.0,24.4,101,69,12.1,15.0,1011.0,100,262.0
2025-04-22 12:00:00,18.2,0.4,24.3,109,69,12.5,15.4,1009.9,100,289.0
2025-04-22 13:00:00,17.0,0.8,22.4,113,87,14.7,15.2,1008.8,100,120.0
2025-04-22 14:00:00,18.0,0.3,25.2,127,86,15.6,16.2,1007.4,100,177.0
2025-04-22 15:00:00,18.5,0.1,26.2,135,84,15.8,16.7,1005.9,100,256.0
2025-04-22 16:00:00,17.2,1.7,28.9,121,96,16.5,15.3,1005.2,100,67.0
2025-04-22 17:00:00,17.0,4.2,28.2,121,97,16.5,15.1,1004.6,100,59.0
2025-04-22 18:00:00,16.8,4.6,31.1,120,97,16.2,14.4,1003.9,100,18.0
2025-04-22 19:00:00,16.5,3.1,27.2,107,97,16.0,14.6,1003.8,100,3.0
2025-04-22 20:00:00,16.2,1.7,28.1,102,98,15.9,14.2,1003.5,100,0.0
2025-04-22 21:00:00,16.2,0.6,26.6,96,99,16.0,14.4,1002.9,100,0.0
2025-04-22 22:00:00,17.0,0.3,24.9,106,97,16.6,15.7,1003.2,100,0.0
2025-04-22 23:00:00,16.9,0.1,20.3,100,98,16.6,16.2,1002.6,100,0.0
2025-04-23 00:00:00,17.0,0.0,14.1,83,98,16.8,17.4,1002.2,100,0.0
2025-04-23 01:00:00,17.2,0.0,8.7,69,98,16.9,18.4,1001.6,100,0.0
2025-04-23 02:00:00,17.0,0.2,5.1,54,99,16.9,18.7,1001.3,100,0.0
2025-04-23 03:00:00,17.0,0.3,7.3,320,100,16.9,18.3,1001.2,100,0.0
2025-04-23 04:00:00,16.9,0.1,17.5,287,98,16.6,16.6,1001.4,100,0.0
2025-04-23 05:00:00,16.4,0.6,16.1,288,98,16.0,16.1,1001.6,100,0.0
2025-04-23 06:00:00,16.4,0.1,11.4,291,97,15.9,16.7,1001.9,100,2.0
2025-04-23 07:00:00,16.1,0.0,17.2,337,94,15.2,15.3,1002.6,100,50.0
2025-04-23 08:00:00,15.4,0.0,15.3,338,89,13.6,14.4,1003.2,100,122.0
2025-04-23 09:00:00,15.8,0.0,15.1,334,85,13.1,14.6,1004.0,100,142.0
2025-04-23 10:00:00,15.9,0.0,12.9,342,82,12.8,14.9,1005.3,100,168.0
2025-04-23 11:00:00,16.4,0.0,17.9,351,77,12.4,14.6,1005.3,100,305.0
2025-04-23 12:00:00,16.4,0.0,18.7,347,77,12.4,14.4,1005.0,97,386.0
2025-04-23 13:00:00,17.2,0.0,18.2,351,73,12.3,15.4,1004.6,80,569.0
2025-04-23 14:00:00,17.5,0.0,17.8,347,72,12.3,16.1,1004.2,95,648.0
2025-04-23 15:00:00,17.1,0.0,19.0,337,72,12.0,15.2,1004.1,100,593.0
2025-04-23 16:00:00,15.8,0.0,18.4,343,75,11.2,13.4,1004.1,100,374.0
2025-04-23 17:00:00,15.1,0.0,17.1,336,76,10.9,12.9,1004.3,100,281.0
2025-04-23 18:00:00,14.2,0.0,14.5,333,79,10.7,12.3,1004.8,100,114.0
2025-04-23 19:00:00,13.4,0.0,13.3,333,82,10.4,11.7,1005.2,100,17.0
2025-04-23 20:00:00,13.3,0.0,12.6,324,82,10.4,11.6,1005.9,61,0.0
2025-04-23 21:00:00,13.0,0.0,12.9,332,83,10.2,11.2,1006.1,100,0.0
2025-04-23 22:00:00,13.1,0.0,12.7,328,84,10.4,11.4,1006.9,100,0.0
2025-04-23 23:00:00,12.9,0.0,10.8,322,84,10.3,11.5,1006.6,100,0.0
2025-04-24 00:00:00,12.7,0.0,12.2,301,85,10.3,11.0,1006.9,97,0.0
2025-04-24 01:00:00,12.6,0.0,12.8,301,86,10.2,10.8,1007.0,94,0.0
2025-04-24 02:00:00,12.4,0.0,12.8,304,86,10.1,10.6,1006.7,100,0.0
2025-04-24 03:00:00,12.4,0.0,11.7,308,84,9.8,10.6,1006.8,95,0.0
2025-04-24 04:00:00,12.2,0.0,11.5,312,83,9.4,10.4,1006.9,62,0.0
2025-04-24 05:00:00,11.6,0.0,12.0,307,85,9.1,9.6,1007.3,25,0.0
2025-04-24 06:00:00,11.1,0.0,11.4,305,87,9.1,9.2,1007.9,5,6.0
2025-04-24 07:00:00,12.2,0.0,13.1,299,81,9.1,10.0,1009.2,1,111.0
2025-04-24 08:00:00,13.8,0.0,10.8,316,74,9.1,12.0,1009.2,6,306.0
2025-04-24 09:00:00,15.9,0.0,9.6,303,68,10.0,14.5,1008.8,46,510.0
2025-04-24 10:00:00,18.0,0.0,10.9,303,64,11.1,17.1,1008.8,99,613.0
2025-04-24 11:00:00,19.5,0.0,11.7,268,58,10.9,19.2,1008.1,98,759.0
2025-04-24 12:00:00,19.4,0.0,18.2,258,62,11.9,18.9,1007.7,13,862.0
2025-04-24 13:00:00,19.9,0.0,21.6,271,61,12.1,19.1,1007.5,20,910.0
2025-04-24 14:00:00,19.4,0.0,21.3,278,64,12.3,18.5,1007.3,5,854.0
2025-04-24 15:00:00,19.1,0.0,19.9,280,65,12.3,17.9,1007.1,30,746.0
2025-04-24 16:00:00,18.4,0.0,19.3,281,68,12.4,16.6,1007.0,5,589.0
2025-04-24 17:00:00,17.6,0.0,17.8,286,72,12.5,15.8,1007.1,3,397.0
2025-04-24 18:00:00,16.5,0.0,16.9,289,77,12.6,14.8,1007.4,1,192.0
2025-04-24 19:00:00,15.3,0.0,17.8,293,85,12.8,13.6,1007.9,6,34.0
2025-04-24 20:00:00,14.8,0.0,17.2,291,88,12.9,13.1,1008.6,100,0.0
2025-04-24 21:00:00,14.9,0.0,13.3,289,86,12.6,13.8,1008.7,100,0.0
2025-04-24 22:00:00,15.4,0.0,14.7,287,87,13.2,14.2,1008.5,100,0.0
2025-04-24 23:00:00,15.5,0.0,12.3,285,84,12.8,14.6,1008.3,100,0.0
2025-04-25 00:00:00,15.7,0.0,10.7,282,79,12.1,14.8,1008.4,100,0.0
2025-04-25 01:00:00,16.2,0.0,15.8,287,71,11.0,14.3,1008.4,100,0.0
2025-04-25 02:00:00,16.5,0.0,20.1,282,70,11.1,14.0,1008.5,100,0.0
2025-04-25 03:00:00,16.1,0.0,19.7,288,76,11.9,13.9,1009.3,100,0.0
2025-04-25 04:00:00,15.9,0.0,15.8,305,80,12.4,14.3,1010.2,100,0.0
2025-04-25 05:00:00,14.9,0.0,12.0,317,52,5.1,12.0,1011.1,100,0.0
2025-04-25 06:00:00,14.2,0.0,10.2,300,52,4.4,11.4,1011.8,100,3.0
2025-04-25 07:00:00,14.6,0.0,10.3,316,58,6.5,12.2,1012.6,100,74.0
2025-04-25 08:00:00,15.4,0.0,12.7,339,49,4.6,12.2,1013.3,100,242.0
2025-04-25 09:00:00,15.6,0.0,12.8,349,48,4.7,12.5,1014.1,100,325.0
2025-04-25 10:00:00,17.6,0.0,13.8,352,40,4.1,14.2,1013.9,100,546.0
2025-04-25 11:00:00,18.0,0.0,13.1,352,40,4.1,15.3,1013.9,100,657.0
2025-04-25 12:00:00,18.3,0.0,12.8,344,38,3.6,15.7,1013.5,100,694.0
2025-04-25 13:00:00,18.7,0.0,12.8,334,35,3.0,16.4,1013.3,100,756.0
2025-04-25 14:00:00,18.6,0.0,12.8,328,34,2.7,16.0,1013.0,100,713.0
2025-04-25 15:00:00,18.0,0.0,13.9,324,36,2.5,14.2,1012.8,100,514.0
2025-04-25 16:00:00,16.8,0.0,14.5,329,38,2.3,12.9,1013.0,100,364.0
2025-04-25 17:00:00,15.8,0.0,14.2,330,41,2.4,12.0,1013.5,100,267.0
2025-04-25 18:00:00,14.7,0.0,12.2,326,50,4.2,11.6,1014.0,0,142.0
2025-04-25 19:00:00,13.0,0.0,7.8,331,59,5.2,10.7,1014.4,0,38.0
2025-04-25 20:00:00,11.4,0.0,5.6,327,71,6.3,9.7,1015.2,0,0.0
2025-04-25 21:00:00,10.2,0.0,5.2,331,81,7.1,8.7,1016.0,0,0.0
2025-04-25 22:00:00,8.9,0.0,3.4,360,85,6.6,7.6,1015.7,0,0.0
2025-04-25 23:00:00,8.4,0.0,2.7,352,86,6.2,7.0,1016.1,2,0.0
2025-04-26 00:00:00,8.0,0.0,2.4,9,85,5.7,6.6,1016.2,1,0.0
2025-04-26 01:00:00,7.7,0.0,1.7,18,82,4.8,6.2,1016.1,0,0.0
2025-04-26 02:00:00,7.8,0.0,1.5,21,76,3.8,6.2,1015.6,0,0.0
2025-04-26 03:00:00,8.2,0.0,2.2,360,71,3.2,6.4,1015.7,3,0.0
2025-04-26 04:00:00,8.7,0.0,3.2,341,73,4.1,6.8,1016.2,44,0.0
2025-04-26 05:00:00,9.2,0.0,3.5,325,75,4.9,7.5,1016.4,29,0.0
2025-04-26 06:00:00,10.4,0.0,9.5,339,75,6.1,8.0,1017.3,7,7.0
2025-04-26 07:00:00,11.9,0.0,10.3,333,63,5.1,9.2,1018.2,12,118.0
2025-04-26 08:00:00,14.2,0.0,8.6,309,58,6.0,12.0,1018.8,1,322.0
2025-04-26 09:00:00,16.1,0.0,9.9,315,48,5.0,13.4,1019.4,0,533.0
2025-04-26 10:00:00,17.5,0.0,8.0,293,39,3.3,15.8,1019.6,0,717.0
2025-04-26 11:00:00,18.5,0.0,12.2,279,37,3.4,16.9,1019.5,0,850.0
2025-04-26 12:00:00,19.2,0.0,14.9,277,35,3.5,17.6,1019.1,0,929.0
2025-04-26 13:00:00,19.8,0.0,14.7,276,35,4.1,18.3,1018.7,0,944.0
2025-04-26 14:00:00,20.0,0.0,14.8,271,35,4.2,18.2,1018.1,0,894.0
2025-04-26 15:00:00,19.8,0.0,15.1,269,37,4.5,17.5,1017.6,0,781.0
2025-04-26 16:00:00,19.1,0.0,15.1,269,39,4.7,16.0,1017.4,0,614.0
2025-04-26 17:00:00,17.9,0.0,15.1,269,42,4.9,14.5,1017.5,0,413.0
2025-04-26 18:00:00,16.3,0.0,11.4,282,49,5.6,13.5,1017.8,0,202.0
2025-04-26 19:00:00,14.6,0.0,8.8,296,56,5.9,12.3,1018.4,0,38.0
2025-04-26 20:00:00,13.3,0.0,8.0,301,65,6.8,11.3,1019.0,0,0.0
2025-04-26 21:00:00,11.8,0.0,5.3,327,72,6.9,10.2,1019.3,6,0.0
2025-04-26 22:00:00,10.7,0.0,3.9,317,77,6.8,9.3,1019.2,5,0.0
2025-04-26 23:00:00,11.9,0.0,7.9,283,77,7.9,10.3,1019.6,6,0.0
2025-04-27 00:00:00,12.6,0.0,8.9,308,68,6.8,10.5,1019.8,88,0.0
2025-04-27 01:00:00,12.1,0.0,7.1,319,62,5.1,9.8,1019.6,74,0.0
2025-04-27 02:00:00,12.1,0.0,7.8,322,58,4.2,9.6,1019.0,100,0.0
2025-04-27 03:00:00,11.2,0.0,5.7,314,62,4.2,9.0,1018.4,100,0.0
2025-04-27 04:00:00,11.4,0.0,2.2,312,62,4.4,9.7,1017.9,64,0.0
2025-04-27 05:00:00,11.1,0.0,1.6,276,69,5.6,9.8,1018.0,71,0.0
2025-04-27 06:00:00,11.1,0.0,1.6,174,76,7.1,10.2,1018.2,100,8.0
2025-04-27 07:00:00,13.4,0.0,3.2,124,74,8.9,12.6,1018.4,34,94.0
2025-04-27 08:00:00,15.3,0.0,2.9,90,64,8.5,14.5,1018.4,92,319.0
2025-04-27 09:00:00,17.4,0.0,4.3,112,53,7.8,16.2,1018.2,99,497.0
2025-04-27 10:00:00,18.9,0.0,8.3,124,44,6.3,17.7,1018.5,28,701.0
2025-04-27 11:00:00,20.5,0.0,7.5,123,38,5.6,20.1,1018.1,33,848.0
2025-04-27 12:00:00,21.5,0.0,6.9,137,35,5.5,21.7,1017.4,25,924.0
2025-04-27 13:00:00,22.6,0.0,4.6,141,34,6.1,23.4,1016.4,18,938.0
2025-04-27 14:00:00,23.0,0.0,5.8,160,36,7.2,23.5,1015.9,100,881.0
2025-04-27 15:00:00,22.5,0.0,5.5,153,41,8.6,22.3,1015.0,100,718.0
2025-04-27 16:00:00,21.1,0.0,7.8,158,47,9.4,19.8,1014.4,100,525.0
2025-04-27 17:00:00,19.5,0.0,5.6,158,54,9.9,18.7,1014.4,100,315.0
2025-04-27 18:00:00,18.4,0.0,1.8,127,58,9.9,18.1,1014.3,100,138.0
2025-04-27 19:00:00,17.3,0.0,4.8,77,64,10.5,16.8,1014.3,100,14.0
2025-04-27 20:00:00,16.5,0.0,6.3,70,73,11.6,16.1,1014.8,100,0.0
2025-04-27 21:00:00,15.9,0.0,2.7,58,78,12.1,16.2,1015.1,100,0.0
2025-04-27 22:00:00,16.6,0.0,7.6,82,70,11.1,15.9,1015.3,100,0.0
2025-04-27 23:00:00,16.1,0.2,5.5,193,74,11.5,15.8,1015.3,100,0.0
2025-04-28 00:00:00,15.6,0.2,5.6,201,76,11.4,15.2,1014.3,100,0.0
2025-04-28 01:00:00,15.4,0.0,2.1,59,74,10.6,15.2,1013.3,100,0.0
2025-04-28 02:00:00,14.7,0.1,6.0,49,84,12.0,14.4,1012.5,100,0.0
2025-04-28 03:00:00,14.3,0.1,3.1,50,89,12.6,14.7,1011.8,100,0.0
2025-04-28 04:00:00,14.2,0.0,5.4,154,92,12.9,14.3,1011.3,100,0.0
2025-04-28 05:00:00,14.1,0.0,6.2,111,93,13.0,14.1,1010.6,100,0.0
2025-04-28 06:00:00,13.9,0.0,7.3,52,94,12.9,13.7,1010.4,100,2.0
2025-04-28 07:00:00,14.1,0.0,6.2,38,87,12.0,13.8,1010.4,100,21.0
2025-04-28 08:00:00,14.4,0.0,6.3,66,82,11.4,13.9,1010.1,100,50.0
2025-04-28 09:00:00,14.6,0.0,4.3,88,78,10.9,14.3,1009.8,100,88.0
2025-04-28 10:00:00,16.3,0.0,2.6,56,74,11.8,16.5,1009.4,100,266.0
2025-04-28 11:00:00,15.6,0.5,5.3,147,79,11.9,15.4,1009.2,100,124.0
2025-04-28 12:00:00,15.2,0.4,5.4,124,83,12.3,15.1,1008.4,100,151.0
2025-04-28 13:00:00,15.4,0.0,4.0,122,79,11.8,15.4,1007.6,100,223.0
2025-04-28 14:00:00,17.8,0.0,4.7,148,64,10.9,18.7,1006.8,56,760.0
2025-04-28 15:00:00,18.2,0.0,5.4,184,62,10.7,18.6,1006.0,100,709.0
2025-04-28 16:00:00,17.4,0.0,8.9,207,65,10.7,16.3,1005.4,2,424.0
2025-04-28 17:00:00,17.0,0.0,10.1,223,64,10.1,15.5,1005.1,0,371.0
2025-04-28 18:00:00,17.0,0.0,12.5,265,64,10.1,15.2,1005.1,0,195.0
2025-04-28 19:00:00,16.1,0.0,15.6,281,66,9.9,13.8,1005.5,0,38.0
2025-04-28 20:00:00,14.9,0.0,14.1,285,75,10.6,13.0,1006.1,0,0.0
2025-04-28 21:00:00,14.2,0.0,11.8,303,82,11.3,12.9,1006.7,0,0.0
2025-04-28 22:00:00,14.4,0.0,9.7,289,86,12.1,13.7,1006.9,6,0.0
2025-04-28 23:00:00,14.8,0.0,12.1,282,81,11.6,13.5,1007.0,6,0.0
2025-04-29 00:00:00,15.3,0.0,17.1,273,75,10.9,13.1,1007.0,2,0.0
2025-04-29 01:00:00,14.8,0.0,14.6,314,80,11.4,13.1,1006.7,0,0.0
2025-04-29 02:00:00,14.1,0.0,26.7,14,74,9.6,10.1,1007.1,21,0.0
2025-04-29 03:00:00,13.7,0.0,24.5,18,45,1.9,8.3,1007.5,0,0.0
2025-04-29 04:00:00,12.6,0.0,11.5,10,46,1.2,9.0,1008.8,0,0.0
2025-04-29 05:00:00,10.4,0.0,3.3,292,64,3.8,8.5,1010.0,0,0.0
2025-04-29 06:00:00,10.4,0.0,4.4,305,72,5.7,8.7,1010.8,0,9.0
2025-04-29 07:00:00,12.4,0.0,6.9,332,68,6.6,10.6,1011.8,3,127.0
2025-04-29 08:00:00,13.6,0.0,7.7,344,62,6.3,11.5,1012.3,1,324.0
2025-04-29 09:00:00,14.8,0.0,6.2,316,58,6.5,13.0,1012.7,4,530.0
2025-04-29 10:00:00,16.2,0.0,6.5,294,52,6.4,15.3,1013.0,7,700.0
2025-04-29 11:00:00,17.5,0.0,7.5,278,46,5.6,17.1,1012.9,2,844.0
2025-04-29 12:00:00,18.4,0.0,9.4,268,40,4.6,17.9,1012.7,0,926.0
2025-04-29 13:00:00,19.1,0.0,11.9,273,36,3.5,18.1,1012.7,0,943.0
2025-04-29 14:00:00,19.4,0.0,13.8,284,32,2.5,17.5,1012.6,0,893.0
2025-04-29 15:00:00,19.0,0.0,15.4,289,32,2.0,16.1,1012.8,0,782.0
2025-04-29 16:00:00,18.3,0.0,15.1,302,32,1.1,14.5,1012.7,0,618.0
2025-04-29 17:00:00,17.4,0.0,13.4,319,30,-0.6,13.2,1013.1,18,420.0
2025-04-29 18:00:00,16.0,0.0,11.1,331,35,0.6,12.4,1013.6,13,209.0
2025-04-29 19:00:00,14.1,0.0,7.7,332,49,3.7,11.5,1014.2,0,42.0
2025-04-29 20:00:00,11.9,0.0,4.3,336,66,5.8,10.2,1014.9,0,0.0
2025-04-29 21:00:00,10.4,0.0,4.3,336,80,7.2,9.1,1015.8,0,0.0
2025-04-29 22:00:00,10.5,0.0,5.0,334,77,6.7,8.9,1016.0,0,0.0
2025-04-29 23:00:00,9.7,0.0,5.4,346,80,6.4,8.0,1016.0,0,0.0
2025-04-30 00:00:00,8.6,0.0,4.2,355,81,5.4,6.8,1016.0,0,0.0
2025-04-30 01:00:00,7.8,0.0,1.7,32,82,4.9,6.4,1016.0,0,0.0
2025-04-30 02:00:00,7.6,0.0,3.1,62,85,5.2,5.9,1015.9,0,0.0
2025-04-30 03:00:00,8.4,0.0,4.1,45,76,4.4,6.5,1016.2,0,0.0
2025-04-30 04:00:00,8.6,0.0,5.6,27,63,2.1,6.1,1016.5,0,0.0
2025-04-30 05:00:00,8.6,0.0,6.8,27,56,0.3,5.5,1016.7,0,0.0
2025-04-30 06:00:00,8.8,0.0,5.7,41,55,0.3,5.9,1017.1,0,10.0
2025-04-30 07:00:00,11.1,0.0,6.7,66,52,1.6,8.3,1017.6,0,127.0
2025-04-30 08:00:00,14.1,0.0,5.3,100,51,4.2,11.9,1017.9,17,326.0
2025-04-30 09:00:00,16.1,0.0,8.8,129,53,6.4,14.0,1017.9,57,532.0
2025-04-30 10:00:00,17.4,0.0,10.5,128,51,7.2,16.1,1018.2,96,713.0
2025-04-30 11:00:00,18.5,0.0,13.5,123,46,6.8,17.3,1018.1,99,848.0
2025-04-30 12:00:00,19.4,0.0,15.5,115,43,6.3,18.1,1017.7,100,911.0
2025-04-30 13:00:00,20.4,0.0,16.1,108,39,5.9,18.9,1017.2,100,919.0
2025-04-30 14:00:00,20.6,0.0,17.3,106,37,5.3,18.3,1016.7,100,823.0
2025-04-30 15:00:00,20.3,0.0,17.6,101,35,4.5,17.0,1016.2,100,672.0
2025-04-30 16:00:00,19.8,0.0,16.9,97,39,5.6,16.2,1015.9,94,540.0
2025-04-30 17:00:00,18.6,0.0,15.7,93,50,7.9,15.8,1016.0,0,342.0
2025-04-30 18:00:00,17.6,0.0,16.2,86,60,9.8,15.2,1016.1,0,206.0
2025-04-30 19:00:00,16.2,0.0,17.6,82,72,11.2,14.1,1016.2,0,41.0
2025-04-30 20:00:00,15.8,0.0,17.5,87,83,12.8,14.1,1016.6,0,0.0
2025-04-30 21:00:00,15.7,0.0,17.3,89,86,13.4,14.3,1017.3,0,0.0
2025-04-30 22:00:00,15.4,0.0,17.3,89,83,12.6,13.7,1017.1,74,0.0
2025-04-30 23:00:00,15.1,0.0,16.0,89,84,12.5,13.5,1016.9,1,0.0
2025-05-01 00:00:00,14.7,0.0,13.9,86,86,12.3,13.4,1016.7,15,0.0
2025-05-01 01:00:00,14.3,0.0,11.7,80,86,12.1,13.2,1016.7,100,0.0
2025-05-01 02:00:00,14.1,0.0,11.7,73,87,11.9,12.9,1016.2,91,0.0
2025-05-01 03:00:00,13.9,0.0,11.7,77,88,11.9,12.8,1015.8,100,0.0
2025-05-01 04:00:00,13.9,0.0,10.6,87,89,12.1,13.0,1015.6,100,0.0
2025-05-01 05:00:00,13.8,0.0,9.0,93,90,12.1,13.1,1015.7,100,0.0
2025-05-01 06:00:00,14.1,0.0,10.0,104,89,12.3,13.3,1015.7,92,10.0
2025-05-01 07:00:00,15.6,0.0,9.7,105,83,12.8,15.0,1015.9,37,112.0
2025-05-01 08:00:00,17.5,0.0,12.4,121,75,13.1,16.7,1015.7,1,315.0
2025-05-01 09:00:00,19.2,0.0,13.8,122,67,12.9,18.2,1015.5,10,518.0
2025-05-01 10:00:00,20.2,0.0,19.4,121,65,13.6,19.2,1015.1,5,678.0
2025-05-01 11:00:00,21.6,0.0,21.5,122,60,13.4,21.0,1014.3,18,834.0
2025-05-01 12:00:00,22.1,0.1,24.9,132,57,13.2,21.0,1013.4,80,866.0
2025-05-01 13:00:00,22.0,0.0,27.4,118,59,13.8,20.1,1012.2,81,756.0
2025-05-01 14:00:00,21.9,0.0,31.2,124,59,13.6,19.1,1011.1,88,706.0
2025-05-01 15:00:00,21.6,0.0,30.2,131,60,13.4,18.5,1010.4,99,608.0
2025-05-01 16:00:00,20.9,0.0,26.9,132,62,13.4,18.1,1010.0,100,403.0
2025-05-01 17:00:00,20.1,0.0,23.4,135,65,13.4,17.8,1009.8,100,191.0
2025-05-01 18:00:00,19.8,0.0,25.7,142,66,13.2,17.0,1009.5,100,119.0
2025-05-01 19:00:00,19.1,0.0,27.6,143,67,12.8,16.0,1009.3,100,13.0
2025-05-01 20:00:00,18.0,0.4,24.6,135,75,13.6,15.5,1009.3,100,0.0
2025-05-01 21:00:00,17.8,0.0,19.1,129,75,13.2,16.0,1009.5,100,0.0
2025-05-01 22:00:00,16.2,2.0,21.6,129,96,15.6,14.9,1008.6,100,0.0
2025-05-01 23:00:00,15.8,4.7,5.7,99,98,15.6,16.9,1008.4,100,0.0
2025-05-02 00:00:00,15.8,6.9,6.2,350,99,15.6,16.7,1007.1,100,0.0
2025-05-02 01:00:00,15.7,5.6,7.8,326,97,15.3,16.4,1006.6,100,0.0
2025-05-02 02:00:00,15.4,1.8,8.2,234,97,15.0,15.9,1006.0,100,0.0
2025-05-02 03:00:00,15.7,0.0,21.1,274,93,14.6,14.1,1006.2,99,0.0
2025-05-02 04:00:00,15.4,0.0,18.9,267,92,14.1,14.0,1006.2,83,0.0
2025-05-02 05:00:00,15.3,0.0,18.8,265,92,13.9,13.8,1006.3,100,0.0
2025-05-02 06:00:00,15.4,0.3,20.2,284,92,14.1,13.9,1006.4,96,7.0
2025-05-02 07:00:00,15.8,0.0,19.0,285,90,14.2,14.4,1006.8,42,79.0
2025-05-02 08:00:00,16.3,0.2,19.0,293,82,13.2,14.6,1007.6,84,275.0
2025-05-02 09:00:00,16.4,0.1,16.8,317,67,10.1,14.0,1008.2,23,408.0
2025-05-02 10:00:00,18.2,0.0,23.8,272,53,8.4,14.8,1008.4,3,652.0
2025-05-02 11:00:00,18.1,0.0,25.1,285,50,7.4,15.1,1008.7,6,836.0
2025-05-02 12:00:00,18.4,0.0,26.5,283,41,4.9,15.1,1009.2,5,941.0
2025-05-02 13:00:00,18.5,0.0,24.8,285,43,5.6,15.7,1009.3,0,955.0
2025-05-02 14:00:00,18.6,0.0,24.2,285,42,5.4,15.7,1009.4,0,907.0
2025-05-02 15:00:00,18.2,0.0,23.2,289,44,5.8,14.9,1009.7,0,791.0
2025-05-02 16:00:00,18.0,0.0,17.4,296,44,5.6,14.8,1009.1,5,622.0
2025-05-02 17:00:00,17.5,0.0,16.0,293,47,6.0,14.2,1008.9,2,422.0
2025-05-02 18:00:00,16.4,0.0,14.9,285,58,8.1,13.7,1009.4,1,212.0
2025-05-02 19:00:00,15.1,0.0,12.9,282,67,8.9,12.9,1009.9,0,44.0
2025-05-02 20:00:00,14.4,0.0,9.3,286,72,9.4,12.9,1010.6,1,0.0
2025-05-02 21:00:00,13.6,0.0,5.4,296,78,9.9,12.8,1011.4,16,0.0
2025-05-02 22:00:00,13.4,0.0,3.8,289,81,10.1,12.9,1011.2,0,0.0
2025-05-02 23:00:00,13.2,0.0,1.0,315,80,9.9,13.1,1011.2,0,0.0
2025-05-03 00:00:00,12.4,0.0,0.8,63,82,9.4,12.1,1011.3,0,0.0
2025-05-03 01:00:00,11.2,0.0,2.6,65,86,9.0,10.6,1011.3,0,0.0
2025-05-03 02:00:00,10.9,0.0,4.1,75,87,8.8,10.0,1011.0,0,0.0
2025-05-03 03:00:00,10.7,0.0,4.5,74,86,8.4,9.6,1010.8,1,0.0
2025-05-03 04:00:00,10.5,0.0,4.2,65,84,7.9,9.4,1010.7,1,0.0
2025-05-03 05:00:00,10.9,0.0,5.4,75,81,7.8,9.6,1010.3,40,0.0
2025-05-03 06:00:00,11.6,0.0,5.1,100,82,8.6,10.4,1010.5,92,11.0
2025-05-03 07:00:00,13.6,0.0,6.0,95,82,10.6,13.0,1011.0,26,93.0
2025-05-03 08:00:00,15.4,0.0,8.5,103,73,10.6,14.3,1011.0,3,312.0
2025-05-03 09:00:00,16.6,0.0,9.4,113,64,9.8,15.2,1010.8,7,529.0
2025-05-03 10:00:00,17.0,0.0,15.1,118,59,8.9,15.4,1009.8,35,706.0
2025-05-03 11:00:00,18.0,0.0,15.3,111,54,8.6,16.8,1009.0,97,824.0
2025-05-03 12:00:00,19.0,0.0,16.1,110,52,8.9,18.3,1007.9,99,915.0
2025-05-03 13:00:00,19.5,0.0,15.1,110,54,9.9,18.9,1007.4,86,849.0
2025-05-03 14:00:00,20.1,0.0,15.5,108,54,10.5,19.6,1006.4,100,847.0
2025-05-03 15:00:00,19.8,0.0,14.2,108,58,11.4,18.7,1006.0,93,660.0
2025-05-03 16:00:00,19.4,0.0,11.5,100,65,12.6,18.5,1005.6,100,443.0
2025-05-03 17:00:00,18.5,0.0,9.3,118,76,14.1,18.5,1004.7,87,184.0
2025-05-03 18:00:00,20.4,0.0,17.2,223,56,11.1,18.2,1004.9,100,153.0
2025-05-03 19:00:00,20.1,0.0,17.2,232,54,10.6,17.8,1005.0,100,22.0
2025-05-03 20:00:00,19.5,0.0,13.7,247,62,12.1,18.2,1005.6,100,0.0
2025-05-03 21:00:00,18.8,0.0,20.5,278,75,14.4,17.2,1006.4,100,0.0
2025-05-03 22:00:00,17.4,0.9,19.3,284,93,16.3,16.8,1006.6,100,0.0
2025-05-03 23:00:00,15.9,0.2,18.6,340,93,14.8,14.8,1007.1,100,0.0
2025-05-04 00:00:00,14.6,0.1,16.4,331,90,12.9,13.1,1008.1,100,0.0
2025-05-04 01:00:00,14.1,0.0,17.1,325,87,12.1,12.2,1008.7,88,0.0
2025-05-04 02:00:00,13.1,0.0,16.2,319,88,11.1,11.1,1009.1,2,0.0
2025-05-04 03:00:00,12.4,0.0,14.9,312,86,10.1,10.3,1009.3,56,0.0
2025-05-04 04:00:00,12.2,0.0,14.3,305,84,9.6,10.0,1009.8,30,0.0
2025-05-04 05:00:00,11.9,0.0,12.9,302,83,9.1,9.8,1010.1,0,0.0
2025-05-04 06:00:00,12.0,0.0,14.4,306,82,9.1,9.7,1010.7,0,13.0
2025-05-04 07:00:00,13.4,0.0,12.4,300,76,9.1,11.3,1011.4,0,142.0
2025-05-04 08:00:00,15.0,0.0,16.1,292,60,7.2,11.9,1011.6,0,342.0
2025-05-04 09:00:00,16.1,0.0,18.2,293,55,7.0,12.7,1012.2,0,548.0
2025-05-04 10:00:00,17.9,0.0,18.5,294,44,5.6,15.0,1012.2,35,728.0
2025-05-04 11:00:00,18.6,0.0,18.8,297,41,4.9,16.2,1012.3,12,867.0
2025-05-04 12:00:00,19.2,0.0,18.4,305,37,4.1,17.1,1012.0,0,945.0
2025-05-04 13:00:00,19.6,0.0,18.4,328,29,1.2,17.1,1011.9,0,963.0
2025-05-04 14:00:00,19.9,0.0,13.9,327,26,-0.3,17.7,1011.9,0,914.0
2025-05-04 15:00:00,20.0,0.0,11.6,313,25,-0.6,17.5,1011.7,0,804.0
2025-05-04 16:00:00,19.6,0.0,10.3,306,26,-0.2,16.4,1011.9,3,637.0
2025-05-04 17:00:00,18.8,0.0,9.8,296,31,1.1,15.4,1012.3,0,434.0
2025-05-04 18:00:00,17.3,0.0,10.2,287,47,6.0,14.8,1012.6,0,222.0
2025-05-04 19:00:00,15.4,0.0,10.4,280,64,8.5,13.4,1013.3,0,49.0
2025-05-04 20:00:00,14.2,0.0,9.2,286,71,9.1,12.7,1014.2,0,0.0
2025-05-04 21:00:00,13.2,0.0,8.5,305,76,9.2,11.8,1014.9,0,0.0
2025-05-04 22:00:00,13.8,0.0,10.1,309,68,7.9,11.7,1014.8,0,0.0
2025-05-04 23:00:00,13.5,0.0,10.6,321,63,6.7,11.1,1015.1,0,0.0
2025-05-05 00:00:00,12.8,0.0,8.1,331,63,5.8,10.5,1015.3,15,0.0
2025-05-05 01:00:00,11.4,0.0,6.0,321,71,6.3,9.6,1015.3,26,0.0
2025-05-05 02:00:00,10.7,0.0,4.8,307,78,7.0,9.2,1015.1,3,0.0
2025-05-05 03:00:00,10.9,0.0,1.3,254,82,7.8,10.1,1015.0,1,0.0
2025-05-05 04:00:00,10.6,0.0,0.5,45,85,8.1,10.1,1014.7,4,0.0
2025-05-05 05:00:00,10.1,0.0,0.2,360,82,7.3,9.4,1014.5,27,0.0
2025-05-05 06:00:00,9.9,0.0,1.3,56,79,6.4,8.8,1014.7,51,14.0
2025-05-05 07:00:00,12.3,0.0,4.3,68,74,7.8,11.1,1014.6,39,140.0
2025-05-05 08:00:00,15.2,0.0,4.5,104,62,8.1,14.1,1014.2,68,340.0
2025-05-05 09:00:00,17.3,0.0,5.0,136,58,9.0,16.3,1013.6,15,540.0
2025-05-05 10:00:00,18.4,0.0,11.1,136,46,6.7,16.9,1013.4,17,717.0
2025-05-05 11:00:00,18.8,0.0,14.0,127,41,5.2,17.2,1012.9,35,851.0
2025-05-05 12:00:00,20.1,0.0,15.9,118,32,2.9,18.2,1012.1,38,943.0
2025-05-05 13:00:00,20.7,0.0,18.6,110,28,1.6,18.1,1011.3,100,950.0
2025-05-05 14:00:00,21.2,0.0,17.9,99,28,2.1,18.5,1010.3,100,863.0
2025-05-05 15:00:00,20.7,0.0,17.2,97,31,2.8,16.9,1009.9,100,616.0
2025-05-05 16:00:00,18.8,0.0,15.2,112,44,6.3,15.7,1009.7,100,288.0
2025-05-05 17:00:00,17.5,0.0,14.9,110,62,10.2,15.4,1009.3,100,88.0
2025-05-05 18:00:00,17.8,0.0,15.6,104,72,12.7,16.3,1008.8,100,43.0
2025-05-05 19:00:00,17.6,0.0,14.1,109,76,13.4,16.7,1008.7,100,7.0
2025-05-05 20:00:00,17.7,0.2,18.0,140,76,13.5,16.2,1009.0,100,0.0
2025-05-05 21:00:00,16.9,0.4,15.0,136,81,13.6,15.8,1009.1,100,0.0
2025-05-05 22:00:00,15.9,0.5,17.0,152,87,13.7,14.6,1009.2,100,0.0
2025-05-05 23:00:00,15.1,0.9,13.5,119,93,14.1,14.4,1008.3,100,0.0
2025-05-06 00:00:00,14.6,0.5,18.8,99,95,13.8,13.1,1007.2,100,0.0
2025-05-06 01:00:00,14.6,0.0,17.4,100,93,13.6,13.3,1006.2,100,0.0
2025-05-06 02:00:00,14.4,0.2,16.7,92,92,13.1,13.0,1005.2,100,0.0
2025-05-06 03:00:00,14.1,0.1,15.3,86,91,12.7,12.7,1004.3,100,0.0
2025-05-06 04:00:00,14.2,0.0,15.3,87,88,12.4,12.8,1004.3,100,0.0
2025-05-06 05:00:00,14.3,0.1,14.7,79,86,12.1,12.8,1003.7,100,0.0
2025-05-06 06:00:00,14.2,0.1,12.1,47,86,11.9,13.0,1003.4,100,6.0
2025-05-06 07:00:00,14.4,0.2,9.8,50,85,11.9,13.6,1003.5,100,33.0
2025-05-06 08:00:00,14.8,0.2,5.8,68,86,12.4,14.7,1003.6,75,74.0
2025-05-06 09:00:00,16.1,0.0,2.6,102,77,12.1,16.4,1003.7,93,261.0
2025-05-06 10:00:00,17.1,0.0,10.8,128,67,11.0,15.9,1003.7,100,531.0
2025-05-06 11:00:00,17.5,0.0,11.9,139,65,11.0,16.2,1003.6,84,560.0
2025-05-06 12:00:00,17.9,0.1,9.0,151,68,11.8,17.8,1003.6,100,669.0
2025-05-06 13:00:00,17.3,0.0,7.5,145,73,12.4,16.9,1002.9,93,408.0
2025-05-06 14:00:00,17.8,0.8,3.1,156,74,13.1,18.3,1002.3,100,506.0
2025-05-06 15:00:00,17.6,0.6,7.6,288,78,13.6,17.7,1001.8,100,238.0
2025-05-06 16:00:00,17.2,0.1,14.7,305,78,13.4,16.2,1001.6,100,168.0
2025-05-06 17:00:00,16.5,0.6,11.8,331,86,14.1,16.1,1002.0,100,124.0
2025-05-06 18:00:00,16.1,0.0,10.7,331,82,13.1,15.6,1002.7,100,98.0
2025-05-06 19:00:00,15.5,0.1,14.3,304,85,13.1,14.4,1004.1,100,13.0
2025-05-06 20:00:00,15.0,0.2,12.7,320,88,12.9,14.1,1005.2,90,0.0
2025-05-06 21:00:00,14.3,0.0,11.5,314,90,12.7,13.5,1006.1,91,0.0
2025-05-06 22:00:00,13.6,0.0,12.6,332,93,12.5,12.5,1007.1,16,0.0
2025-05-06 23:00:00,13.1,0.0,13.1,319,93,12.0,11.8,1007.8,16,0.0
2025-05-07 00:00:00,12.8,0.0,12.9,317,93,11.6,11.4,1008.3,14,0.0
2025-05-07 01:00:00,12.6,0.0,11.2,319,93,11.4,11.4,1008.6,19,0.0
2025-05-07 02:00:00,12.4,0.0,10.6,326,93,11.2,11.2,1008.8,17,0.0
2025-05-07 03:00:00,12.1,0.0,8.4,318,94,11.1,11.1,1009.2,11,0.0
2025-05-07 04:00:00,11.9,0.0,7.7,319,94,10.9,11.0,1009.4,59,0.0
2025-05-07 05:00:00,11.7,0.0,9.2,337,93,10.6,10.5,1010.0,79,0.0
2025-05-07 06:00:00,11.7,0.0,6.7,333,93,10.6,10.9,1010.8,95,15.0
2025-05-07 07:00:00,13.2,0.0,7.0,316,90,11.6,12.7,1011.8,55,138.0
2025-05-07 08:00:00,15.0,0.0,7.3,329,81,11.8,14.5,1012.5,37,339.0
2025-05-07 09:00:00,16.5,0.0,8.1,347,65,9.9,15.3,1012.6,4,543.0
2025-05-07 10:00:00,18.2,0.0,7.2,341,56,9.2,17.9,1012.8,5,713.0
2025-05-07 11:00:00,19.3,0.0,5.9,317,49,8.3,19.9,1012.7,2,850.0
2025-05-07 12:00:00,20.1,0.0,4.6,283,45,7.9,21.3,1012.3,0,926.0
2025-05-07 13:00:00,20.6,0.0,6.3,285,42,7.2,21.4,1012.0,0,945.0
2025-05-07 14:00:00,21.0,0.0,8.9,313,38,6.2,20.7,1012.0,0,895.0
2025-05-07 15:00:00,20.6,0.0,12.2,340,38,5.7,19.1,1011.7,0,785.0
2025-05-07 16:00:00,20.0,0.0,14.3,350,38,5.3,17.2,1011.9,0,626.0
2025-05-07 17:00:00,18.9,0.0,14.1,347,42,5.6,15.7,1012.4,0,430.0
2025-05-07 18:00:00,17.4,0.0,12.9,345,50,6.8,14.7,1012.7,0,222.0
2025-05-07 19:00:00,15.2,0.0,10.3,344,61,7.7,13.1,1013.6,0,52.0
2025-05-07 20:00:00,13.9,0.0,9.7,344,68,8.0,12.0,1014.5,34,0.0
2025-05-07 21:00:00,13.1,0.0,8.5,343,69,7.5,11.2,1015.1,95,0.0
2025-05-07 22:00:00,12.8,0.0,6.6,349,72,7.9,11.3,1015.6,0,0.0
2025-05-07 23:00:00,11.2,0.0,3.6,340,80,7.9,10.2,1015.8,0,0.0
2025-05-08 00:00:00,10.8,0.0,3.1,332,82,7.8,9.7,1016.3,0,0.0
2025-05-08 01:00:00,9.9,0.0,3.1,360,84,7.4,8.8,1016.2,0,0.0
2025-05-08 02:00:00,9.2,0.0,3.8,17,88,7.3,8.0,1016.3,0,0.0
2025-05-08 03:00:00,8.8,0.0,4.0,39,90,7.2,7.5,1016.5,1,0.0
2025-05-08 04:00:00,8.6,0.0,3.5,39,90,6.9,7.3,1017.0,0,0.0
2025-05-08 05:00:00,8.4,0.0,4.3,45,89,6.8,7.0,1017.6,0,0.0
2025-05-08 06:00:00,10.4,0.0,6.7,52,84,7.8,8.9,1018.1,1,16.0
2025-05-08 07:00:00,12.6,0.0,5.3,57,81,9.6,11.8,1018.6,1,143.0
2025-05-08 08:00:00,15.1,0.0,4.2,115,79,11.4,14.9,1018.9,5,336.0
2025-05-08 09:00:00,16.7,0.0,5.6,158,73,11.9,16.4,1019.1,3,541.0
2025-05-08 10:00:00,18.5,0.0,9.2,145,63,11.2,18.5,1018.9,2,720.0
2025-05-08 11:00:00,19.5,0.0,10.8,143,55,10.3,19.8,1018.7,67,859.0
2025-05-08 12:00:00,20.4,0.0,13.2,134,49,9.2,20.4,1018.2,0,933.0
2025-05-08 13:00:00,21.3,0.0,14.3,119,44,8.7,21.1,1017.8,0,954.0
2025-05-08 14:00:00,21.8,0.0,13.5,115,38,6.9,21.0,1018.3,5,911.0
2025-05-08 15:00:00,22.0,0.0,12.8,107,32,4.5,20.2,1018.0,91,797.0
2025-05-08 16:00:00,21.8,0.0,13.2,112,33,4.6,19.0,1017.6,100,631.0
2025-05-08 17:00:00,20.4,0.0,15.9,113,48,8.9,17.8,1016.9,100,430.0
2025-05-08 18:00:00,18.4,0.0,17.3,113,59,10.3,15.9,1016.6,100,191.0
2025-05-08 19:00:00,17.8,0.0,19.5,106,57,9.1,14.7,1017.5,100,48.0
2025-05-08 20:00:00,17.4,0.0,20.9,98,65,10.8,14.6,1017.7,100,0.0
2025-05-08 21:00:00,17.4,0.0,18.8,96,75,12.9,15.5,1018.6,100,0.0
2025-05-08 22:00:00,17.4,0.0,19.0,99,78,13.6,15.8,1018.1,100,0.0
2025-05-08 23:00:00,17.6,0.0,18.6,110,81,14.2,16.3,1018.5,100,0.0
2025-05-09 00:00:00,17.3,0.0,19.1,108,80,13.8,15.7,1018.1,100,0.0
2025-05-09 01:00:00,17.4,0.0,17.2,114,79,13.6,16.0,1018.3,100,0.0
2025-05-09 02:00:00,17.4,0.0,17.5,114,78,13.4,15.9,1017.7,100,0.0
2025-05-09 03:00:00,17.0,0.0,16.0,99,75,12.6,15.5,1017.6,100,0.0
2025-05-09 04:00:00,16.8,0.0,17.9,94,73,12.0,14.8,1017.2,100,0.0
2025-05-09 05:00:00,16.6,0.1,20.8,99,75,12.2,14.3,1016.2,100,0.0
2025-05-09 06:00:00,16.5,0.1,25.5,103,75,12.2,13.5,1014.8,100,2.0
2025-05-09 07:00:00,16.9,0.2,27.7,109,74,12.2,13.5,1014.6,100,31.0
2025-05-09 08:00:00,16.3,1.4,27.4,101,81,13.1,13.3,1014.4,100,60.0
2025-05-09 09:00:00,15.4,1.4,29.7,108,93,14.2,12.5,1014.5,100,83.0
2025-05-09 10:00:00,17.2,1.1,32.6,114,79,13.6,13.6,1013.1,100,233.0
2025-05-09 11:00:00,18.2,0.0,35.7,122,74,13.5,14.2,1012.3,100,275.0
2025-05-09 12:00:00,16.4,1.7,37.4,126,89,14.6,12.5,1011.5,100,153.0
2025-05-09 13:00:00,16.1,3.3,40.0,119,93,14.9,11.9,1010.2,100,64.0
2025-05-09 14:00:00,16.2,7.7,37.0,114,95,15.4,12.7,1008.8,100,62.0
2025-05-09 15:00:00,16.2,5.5,32.5,115,94,15.2,13.2,1008.2,100,89.0
2025-05-09 16:00:00,16.5,1.9,31.2,112,93,15.2,13.7,1007.0,100,42.0
2025-05-09 17:00:00,17.0,1.8,30.9,114,95,16.1,14.6,1006.0,100,55.0
2025-05-09 18:00:00,17.5,2.5,29.5,116,95,16.6,15.5,1005.6,100,25.0
2025-05-09 19:00:00,17.8,3.2,30.6,126,95,17.0,15.8,1004.5,100,6.0
2025-05-09 20:00:00,18.4,3.7,28.2,132,95,17.5,17.0,1004.3,100,0.0
2025-05-09 21:00:00,18.5,3.3,24.8,135,95,17.8,17.7,1004.1,100,0.0
2025-05-09 22:00:00,17.5,2.9,19.1,129,97,17.0,17.2,1005.6,100,0.0
2025-05-09 23:00:00,17.5,2.0,8.2,119,97,17.0,18.8,1004.9,100,0.0
2025-05-10 00:00:00,17.6,0.7,12.7,111,96,17.0,18.2,1003.8,100,0.0
2025-05-10 01:00:00,17.8,0.0,11.6,122,95,17.0,18.5,1003.2,100,0.0
2025-05-10 02:00:00,18.1,0.2,9.2,168,94,17.1,19.3,1003.1,98,0.0
2025-05-10 03:00:00,18.2,0.2,10.4,238,96,17.5,19.4,1003.2,100,0.0
2025-05-10 04:00:00,17.7,0.2,11.2,285,96,17.0,18.5,1003.1,76,0.0
2025-05-10 05:00:00,16.6,0.1,13.3,272,93,15.4,16.6,1003.3,92,0.0
2025-05-10 06:00:00,16.5,0.0,14.4,261,91,14.9,16.1,1003.4,100,15.0
2025-05-10 07:00:00,16.9,0.0,15.9,248,88,14.9,16.2,1003.9,100,82.0
2025-05-10 08:00:00,17.2,0.1,17.6,255,84,14.4,16.1,1004.3,100,167.0
2025-05-10 09:00:00,17.7,0.1,20.4,258,77,13.6,15.9,1005.0,100,269.0
2025-05-10 10:00:00,20.5,0.1,20.5,242,68,14.3,19.1,1003.8,100,586.0
2025-05-10 11:00:00,21.0,0.0,20.9,255,64,13.8,19.4,1003.6,99,596.0
2025-05-10 12:00:00,21.1,0.0,24.1,271,64,14.1,20.1,1004.1,98,800.0
2025-05-10 13:00:00,20.5,0.0,28.4,279,65,13.6,18.9,1004.1,26,872.0
2025-05-10 14:00:00,19.9,0.0,35.5,272,60,11.9,16.7,1004.3,9,892.0
2025-05-10 15:00:00,20.2,0.0,35.3,269,59,11.9,16.5,1003.7,0,757.0
2025-05-10 16:00:00,19.5,0.0,33.8,265,57,10.7,15.1,1003.8,4,615.0
2025-05-10 17:00:00,18.6,0.0,31.0,272,61,11.1,14.4,1004.2,9,426.0
2025-05-10 18:00:00,18.0,0.0,33.8,270,69,12.1,13.7,1005.0,59,206.0
2025-05-10 19:00:00,17.0,0.0,29.9,271,77,12.8,13.5,1005.9,15,51.0
2025-05-10 20:00:00,16.4,0.0,27.9,269,80,13.0,13.3,1006.6,15,0.0
2025-05-10 21:00:00,16.2,0.0,25.2,270,81,12.9,13.5,1007.4,23,0.0
2025-05-10 22:00:00,16.4,0.0,25.0,276,72,11.4,13.2,1007.9,1,0.0
2025-05-10 23:00:00,15.8,0.0,24.2,276,73,10.9,12.5,1007.9,4,0.0
2025-05-11 00:00:00,15.4,0.0,23.2,270,75,10.9,12.3,1008.1,15,0.0
2025-05-11 01:00:00,15.1,0.0,23.4,273,76,10.9,11.9,1007.7,43,0.0
2025-05-11 02:00:00,14.9,0.0,19.7,275,77,10.9,12.4,1007.4,76,0.0
2025-05-11 03:00:00,14.9,0.0,20.3,280,79,11.1,12.2,1007.1,100,0.0
2025-05-11 04:00:00,14.8,0.0,18.1,280,80,11.4,12.5,1007.4,86,0.0
2025-05-11 05:00:00,14.4,0.0,15.5,275,81,11.3,12.6,1007.9,100,0.0
2025-05-11 06:00:00,14.6,0.0,13.8,264,82,11.5,13.1,1008.2,100,13.0
2025-05-11 07:00:00,15.1,0.0,13.8,254,79,11.4,13.6,1008.8,88,70.0
2025-05-11 08:00:00,15.8,0.2,16.0,259,74,11.2,13.8,1008.8,100,216.0
2025-05-11 09:00:00,16.5,0.1,16.1,252,69,10.9,14.4,1008.9,100,317.0
2025-05-11 10:00:00,17.4,0.2,15.2,236,66,10.9,15.4,1009.2,100,410.0
2025-05-11 11:00:00,18.0,0.1,14.8,238,62,10.8,16.1,1009.3,100,379.0
2025-05-11 12:00:00,18.5,0.1,12.4,253,61,10.8,16.9,1008.7,100,389.0
2025-05-11 13:00:00,18.5,0.0,7.8,255,60,10.6,17.6,1007.5,100,328.0
2025-05-11 14:00:00,17.7,0.0,8.5,283,66,11.2,16.8,1007.0,100,180.0
2025-05-11 15:00:00,17.5,0.0,11.2,292,67,11.1,16.2,1007.2,100,230.0
2025-05-11 16:00:00,17.0,0.1,8.7,277,73,12.1,16.3,1006.5,100,122.0
2025-05-11 17:00:00,17.0,0.1,10.9,246,73,12.1,16.1,1006.5,100,182.0
2025-05-11 18:00:00,16.3,0.2,11.1,243,79,12.7,15.5,1007.1,100,50.0
2025-05-11 19:00:00,15.6,0.3,11.0,251,85,13.0,14.9,1007.7,100,16.0
2025-05-11 20:00:00,15.6,0.1,11.3,234,85,13.0,14.9,1008.2,100,0.0
2025-05-11 21:00:00,15.6,0.0,9.0,241,85,12.9,15.2,1008.7,100,0.0
2025-05-11 22:00:00,15.4,0.0,10.8,227,78,11.7,14.4,1009.0,100,0.0
2025-05-11 23:00:00,15.2,0.0,8.3,231,79,11.6,14.5,1008.6,100,0.0
2025-05-12 00:00:00,14.9,0.0,8.6,244,81,11.8,14.2,1008.7,100,0.0
2025-05-12 01:00:00,14.7,0.0,8.5,242,84,11.9,14.1,1008.6,100,0.0
2025-05-12 02:00:00,14.8,0.0,12.2,250,84,12.1,13.7,1008.4,100,0.0
2025-05-12 03:00:00,15.1,0.0,16.9,256,81,12.0,13.3,1008.7,100,0.0
2025-05-12 04:00:00,15.4,0.0,17.9,257,79,11.8,13.3,1008.7,100,0.0
2025-05-12 05:00:00,15.4,0.0,16.0,262,79,11.8,13.6,1009.2,100,0.0
2025-05-12 06:00:00,15.2,0.0,13.7,261,82,12.2,14.0,1009.9,100,16.0
2025-05-12 07:00:00,15.9,0.0,12.6,261,80,12.5,14.9,1010.5,100,124.0
2025-05-12 08:00:00,16.9,0.0,14.0,261,74,12.2,15.5,1010.7,100,243.0
2025-05-12 09:00:00,18.0,0.0,16.5,264,69,12.3,16.3,1010.9,100,469.0
2025-05-12 10:00:00,19.1,0.0,16.6,264,64,12.2,18.3,1011.2,52,721.0
2025-05-12 11:00:00,20.1,0.0,16.9,277,55,10.9,19.5,1011.4,100,852.0
2025-05-12 12:00:00,20.4,0.0,18.4,287,50,9.4,18.9,1011.5,87,825.0
2025-05-12 13:00:00,20.5,0.0,19.2,283,48,9.1,19.2,1011.4,92,888.0
2025-05-12 14:00:00,20.5,0.0,18.6,282,48,9.2,19.0,1011.4,93,828.0
2025-05-12 15:00:00,20.4,0.0,18.0,284,49,9.2,18.3,1011.5,100,700.0
2025-05-12 16:00:00,19.8,0.0,17.0,285,53,9.9,17.3,1011.6,77,505.0
2025-05-12 17:00:00,19.1,0.0,16.1,288,58,10.8,17.0,1011.9,0,413.0
2025-05-12 18:00:00,18.1,0.0,15.0,291,65,11.4,16.4,1012.1,0,230.0
2025-05-12 19:00:00,16.8,0.0,13.5,289,74,12.0,15.4,1012.8,0,59.0
2025-05-12 20:00:00,15.8,0.0,13.5,289,81,12.6,14.6,1013.5,0,0.0
2025-05-12 21:00:00,15.4,0.0,11.8,296,85,12.9,14.5,1014.4,0,0.0
2025-05-12 22:00:00,15.5,0.0,10.9,294,84,12.9,14.8,1014.6,0,0.0
2025-05-12 23:00:00,15.2,0.0,10.9,308,86,12.9,14.6,1014.8,0,0.0
2025-05-13 00:00:00,14.8,0.0,8.0,312,88,12.8,14.5,1014.9,0,0.0
2025-05-13 01:00:00,13.4,0.0,4.4,277,89,11.6,13.3,1014.8,0,0.0
2025-05-13 02:00:00,13.3,0.0,2.7,293,90,11.7,13.4,1014.7,0,0.0
2025-05-13 03:00:00,13.3,0.0,0.8,315,90,11.6,13.7,1015.4,0,0.0
2025-05-13 04:00:00,12.8,0.0,0.7,90,91,11.4,13.1,1016.0,0,0.0
2025-05-13 05:00:00,12.1,0.0,1.2,51,90,10.6,12.1,1016.2,0,0.0
2025-05-13 06:00:00,12.0,0.0,2.0,45,90,10.4,11.8,1016.9,0,20.0
2025-05-13 07:00:00,14.4,0.0,2.6,78,87,12.3,14.7,1017.5,0,153.0
2025-05-13 08:00:00,16.2,0.0,2.4,153,83,13.3,17.0,1017.9,12,352.0
2025-05-13 09:00:00,17.9,0.0,3.7,169,78,13.9,18.6,1017.9,10,552.0
2025-05-13 10:00:00,19.5,0.0,5.6,159,69,13.6,21.0,1017.9,15,741.0
2025-05-13 11:00:00,20.9,0.0,5.7,167,60,12.9,23.0,1017.9,14,874.0
2025-05-13 12:00:00,21.8,0.0,6.7,160,52,11.6,23.7,1017.6,1,950.0
2025-05-13 13:00:00,22.5,0.0,7.3,144,46,10.4,24.0,1017.1,0,964.0
2025-05-13 14:00:00,22.9,0.0,8.0,142,43,9.6,23.8,1017.1,100,913.0
2025-05-13 15:00:00,22.6,0.0,9.5,144,48,11.1,22.9,1017.0,100,783.0
2025-05-13 16:00:00,21.9,0.0,9.0,145,55,12.4,21.5,1016.9,100,576.0
2025-05-13 17:00:00,21.2,0.0,5.2,149,59,12.9,21.4,1016.8,100,384.0
2025-05-13 18:00:00,20.4,0.0,2.7,184,63,13.1,21.0,1017.1,100,205.0
2025-05-13 19:00:00,18.3,0.0,1.4,203,78,14.4,19.5,1017.3,100,56.0
2025-05-13 20:00:00,17.1,0.0,0.8,315,82,14.1,18.3,1017.7,99,0.0
2025-05-13 21:00:00,15.6,0.0,2.2,5,89,13.8,16.6,1018.2,100,0.0
2025-05-13 22:00:00,15.6,0.0,3.7,39,85,13.2,16.1,1017.9,37,0.0
2025-05-13 23:00:00,15.4,0.0,6.3,55,80,12.0,15.1,1017.9,67,0.0
2025-05-14 00:00:00,15.4,0.0,6.8,78,73,10.7,14.7,1018.0,26,0.0
2025-05-14 01:00:00,15.4,0.0,8.6,68,71,10.3,14.3,1017.5,22,0.0
2025-05-14 02:00:00,15.2,0.0,8.5,58,75,10.7,14.2,1017.6,99,0.0
2025-05-14 03:00:00,14.9,0.0,8.1,58,79,11.3,14.1,1017.7,100,0.0
2025-05-14 04:00:00,14.8,0.0,9.5,71,82,11.8,14.0,1017.9,100,0.0
2025-05-14 05:00:00,14.9,0.0,7.1,75,84,12.2,14.5,1018.5,100,0.0
2025-05-14 06:00:00,14.9,0.0,7.7,69,86,12.6,14.5,1019.2,97,20.0
2025-05-14 07:00:00,16.1,0.0,7.7,66,84,13.4,16.1,1019.3,69,148.0
2025-05-14 08:00:00,18.2,0.0,6.1,87,78,14.2,18.7,1019.8,16,344.0
2025-05-14 09:00:00,20.0,0.0,7.7,118,68,13.9,20.1,1019.8,41,543.0
2025-05-14 10:00:00,21.1,0.0,9.7,138,60,13.1,21.6,1019.7,14,715.0
2025-05-14 11:00:00,21.9,0.0,9.3,140,56,12.6,23.1,1019.8,9,845.0
2025-05-14 12:00:00,22.9,0.0,8.7,127,50,12.0,24.4,1019.7,20,920.0
2025-05-14 13:00:00,23.5,0.0,11.5,115,46,11.3,24.4,1018.9,100,940.0
2025-05-14 14:00:00,23.6,0.0,15.7,112,45,10.9,23.3,1018.1,100,858.0
2025-05-14 15:00:00,23.3,0.0,16.6,111,47,11.4,22.2,1017.4,100,725.0
2025-05-14 16:00:00,22.7,0.0,15.6,105,54,12.8,21.3,1017.2,100,549.0
2025-05-14 17:00:00,22.0,0.0,14.2,97,58,13.4,21.0,1017.0,100,352.0
2025-05-14 18:00:00,20.5,0.0,14.6,90,64,13.4,19.5,1017.1,100,181.0
2025-05-14 19:00:00,19.0,0.0,16.0,78,71,13.6,17.8,1017.1,100,43.0
2025-05-14 20:00:00,18.4,0.0,15.9,80,76,14.1,17.4,1017.3,93,0.0
2025-05-14 21:00:00,17.8,0.0,14.3,79,81,14.4,17.1,1017.8,0,0.0
2025-05-14 22:00:00,17.7,0.0,13.0,71,82,14.6,17.3,1018.1,5,0.0
2025-05-14 23:00:00,17.3,0.0,11.8,70,84,14.5,17.1,1018.4,68,0.0
2025-05-15 00:00:00,16.9,0.0,10.2,54,85,14.2,16.8,1018.6,100,0.0
2025-05-15 01:00:00,16.4,0.0,11.8,70,87,14.1,16.0,1017.8,100,0.0
2025-05-15 02:00:00,15.8,0.0,9.5,51,90,14.1,15.8,1017.7,100,0.0
2025-05-15 03:00:00,15.4,0.0,8.3,72,92,14.1,15.6,1017.6,69,0.0
2025-05-15 04:00:00,15.2,0.0,7.9,74,93,14.2,15.5,1017.5,82,0.0
2025-05-15 05:00:00,15.1,0.0,8.3,68,93,14.1,15.2,1017.7,97,0.0
2025-05-15 06:00:00,15.4,0.0,9.5,65,92,14.1,15.4,1018.2,99,21.0
2025-05-15 07:00:00,17.0,0.0,9.3,71,86,14.7,17.2,1018.5,100,129.0
2025-05-15 08:00:00,19.0,0.0,10.8,94,79,15.2,19.2,1018.7,100,278.0
2025-05-15 09:00:00,20.6,0.0,11.5,110,70,15.0,20.6,1018.7,100,515.0
2025-05-15 10:00:00,20.7,0.0,11.3,112,71,15.1,20.8,1019.4,100,502.0
2025-05-15 11:00:00,21.4,0.0,11.4,106,69,15.4,21.6,1019.2,100,518.0
2025-05-15 12:00:00,22.9,0.0,11.9,105,63,15.5,23.8,1018.8,100,694.0
2025-05-15 13:00:00,23.0,0.0,13.5,99,63,15.6,23.5,1018.3,100,650.0
2025-05-15 14:00:00,22.8,0.0,14.9,98,64,15.6,22.6,1017.7,100,558.0
2025-05-15 15:00:00,23.4,0.0,14.8,100,61,15.6,23.4,1017.5,100,612.0
2025-05-15 16:00:00,22.6,0.0,14.0,99,65,15.8,22.6,1017.3,100,392.0
2025-05-15 17:00:00,21.1,0.0,13.3,87,71,15.8,21.2,1017.0,100,144.0
2025-05-15 18:00:00,20.4,0.0,13.8,83,74,15.7,20.3,1016.9,100,84.0
2025-05-15 19:00:00,19.5,0.0,13.8,78,79,15.8,19.5,1017.2,100,29.0
2025-05-15 20:00:00,18.9,0.0,14.6,74,81,15.6,18.7,1017.6,100,0.0
2025-05-15 21:00:00,18.6,0.0,15.1,70,82,15.6,18.4,1018.3,100,0.0
2025-05-15 22:00:00,18.6,0.0,13.7,80,82,15.4,18.5,1018.7,98,0.0
2025-05-15 23:00:00,18.4,0.0,13.5,74,83,15.4,18.3,1018.8,94,0.0
2025-05-16 00:00:00,18.0,0.0,13.4,66,84,15.3,17.9,1018.7,100,0.0
2025-05-16 01:00:00,18.0,0.0,13.8,70,84,15.2,17.8,1018.4,100,0.0
2025-05-16 02:00:00,17.8,0.0,13.0,66,85,15.2,17.6,1018.1,100,0.0
2025-05-16 03:00:00,17.6,0.0,13.2,68,86,15.2,17.5,1018.0,100,0.0
2025-05-16 04:00:00,17.8,0.0,12.5,62,85,15.2,17.7,1017.8,100,0.0
2025-05-16 05:00:00,17.9,0.2,11.5,68,85,15.3,18.0,1018.0,100,0.0
2025-05-16 06:00:00,17.7,0.3,12.6,80,88,15.6,17.8,1018.1,100,10.0
2025-05-16 07:00:00,17.6,0.2,13.7,81,90,16.0,17.7,1018.1,100,34.0
2025-05-16 08:00:00,18.5,0.1,14.9,82,88,16.5,18.5,1017.9,100,145.0
2025-05-16 09:00:00,19.8,0.0,16.2,93,78,15.9,19.4,1017.7,100,282.0
2025-05-16 10:00:00,20.2,0.0,18.5,105,75,15.6,19.4,1017.6,98,320.0
2025-05-16 11:00:00,21.9,0.0,21.3,111,66,15.2,21.2,1017.3,83,704.0
2025-05-16 12:00:00,22.7,0.0,20.3,111,63,15.4,23.3,1016.8,100,897.0
2025-05-16 13:00:00,22.0,0.0,20.4,98,65,15.2,20.8,1016.4,100,534.0
2025-05-16 14:00:00,22.6,0.0,20.4,99,64,15.4,21.7,1015.9,100,606.0
2025-05-16 15:00:00,21.7,0.0,20.0,92,67,15.4,20.6,1015.2,100,314.0
2025-05-16 16:00:00,20.7,0.1,22.2,98,73,15.8,19.4,1014.2,100,147.0
2025-05-16 17:00:00,20.2,0.5,24.4,107,80,16.8,19.1,1013.4,100,61.0
2025-05-16 18:00:00,19.6,0.9,25.8,107,87,17.5,18.5,1012.8,100,49.0
2025-05-16 19:00:00,18.8,0.6,27.2,105,90,17.1,17.4,1012.6,100,11.0
2025-05-16 20:00:00,18.5,0.8,27.9,107,90,17.0,16.9,1012.3,100,0.0
2025-05-16 21:00:00,18.4,1.5,33.7,115,94,17.5,16.2,1011.3,100,0.0
2025-05-16 22:00:00,19.1,1.7,36.5,124,93,18.0,16.7,1010.7,100,0.0
2025-05-16 23:00:00,19.5,2.1,37.5,131,90,17.9,16.9,1009.4,100,0.0
2025-05-17 00:00:00,19.4,2.5,31.6,143,93,18.2,17.8,1009.0,100,0.0
2025-05-17 01:00:00,19.9,1.2,29.8,147,91,18.2,18.5,1008.0,100,0.0
2025-05-17 02:00:00,19.8,8.2,30.3,150,89,17.9,18.2,1006.8,99,0.0
2025-05-17 03:00:00,19.6,2.1,28.4,153,91,18.2,18.5,1006.1,91,0.0
2025-05-17 04:00:00,19.6,5.1,17.5,160,92,18.3,20.2,1005.8,97,0.0
2025-05-17 05:00:00,19.2,4.1,15.0,167,95,18.4,20.1,1005.3,77,0.0
2025-05-17 06:00:00,19.7,4.1,10.9,174,93,18.6,21.3,1005.4,78,11.0
2025-05-17 07:00:00,21.0,1.0,16.6,211,93,20.0,22.5,1005.7,100,83.0
2025-05-17 08:00:00,21.5,0.9,19.4,217,93,20.3,22.6,1006.0,100,158.0
2025-05-17 09:00:00,21.4,1.2,16.0,256,97,20.9,23.4,1006.2,100,114.0
2025-05-17 10:00:00,24.5,0.0,19.5,273,75,19.6,25.9,1007.1,98,668.0
2025-05-17 11:00:00,23.8,0.0,23.5,281,75,19.1,23.8,1007.2,99,513.0
2025-05-17 12:00:00,24.0,0.0,22.2,284,74,19.2,24.8,1007.2,78,661.0
2025-05-17 13:00:00,24.8,0.0,17.7,290,72,19.5,27.0,1006.9,68,789.0
2025-05-17 14:00:00,24.8,0.0,17.8,293,72,19.5,26.9,1006.6,82,780.0
2025-05-17 15:00:00,23.6,0.0,15.9,286,74,18.8,24.7,1006.6,86,576.0
2025-05-17 16:00:00,23.4,0.0,15.4,297,74,18.4,24.2,1006.4,96,548.0
2025-05-17 17:00:00,22.4,0.0,14.7,299,77,18.1,23.2,1006.7,24,351.0
2025-05-17 18:00:00,21.4,0.0,12.7,308,82,18.1,22.5,1006.7,50,190.0
2025-05-17 19:00:00,20.2,0.0,14.1,309,87,18.0,21.0,1007.1,98,55.0
2025-05-17 20:00:00,19.4,0.0,9.2,313,90,17.8,20.9,1007.5,89,0.0
2025-05-17 21:00:00,19.0,0.0,4.5,284,92,17.8,21.2,1008.1,59,0.0
2025-05-17 22:00:00,19.8,0.0,8.7,266,89,17.8,21.3,1008.4,100,0.0
2025-05-17 23:00:00,20.2,0.0,10.9,262,87,18.0,21.6,1008.6,55,0.0
2025-05-18 00:00:00,19.7,0.0,10.1,280,89,17.9,21.1,1008.4,34,0.0
2025-05-18 01:00:00,18.8,0.0,10.6,298,93,17.6,20.0,1008.6,100,0.0
2025-05-18 02:00:00,18.1,0.0,8.7,304,95,17.3,19.4,1008.7,100,0.0
2025-05-18 03:00:00,17.5,0.0,4.6,283,95,16.8,19.3,1008.5,100,0.0
2025-05-18 04:00:00,17.6,0.0,4.8,257,94,16.7,19.3,1008.4,100,0.0
2025-05-18 05:00:00,18.2,0.0,6.3,270,93,17.1,19.9,1008.6,100,0.0
2025-05-18 06:00:00,18.3,0.0,8.4,305,93,17.1,19.6,1009.1,100,14.0
2025-05-18 07:00:00,19.0,0.0,12.1,300,87,16.9,19.7,1009.6,100,98.0
2025-05-18 08:00:00,19.5,0.0,13.3,272,84,16.7,19.9,1009.5,100,208.0
2025-05-18 09:00:00,20.7,0.0,16.2,271,76,16.3,20.5,1009.7,100,434.0
2025-05-18 10:00:00,21.9,0.0,12.3,291,72,16.6,22.4,1009.7,100,545.0
2025-05-18 11:00:00,22.0,0.0,15.4,296,71,16.5,22.1,1009.6,100,527.0
2025-05-18 12:00:00,21.4,0.0,20.0,296,74,16.6,20.8,1010.1,100,376.0
2025-05-18 13:00:00,21.0,0.0,18.8,296,76,16.5,20.5,1009.7,100,375.0
2025-05-18 14:00:00,21.5,0.0,19.2,296,71,16.1,20.8,1009.0,100,531.0
2025-05-18 15:00:00,20.6,0.0,20.3,301,73,15.6,19.5,1008.9,100,381.0
2025-05-18 16:00:00,20.1,0.0,18.4,295,66,13.6,18.6,1008.9,100,297.0
2025-05-18 17:00:00,19.5,0.0,18.1,294,63,12.2,17.6,1009.1,100,257.0
2025-05-18 18:00:00,18.5,0.0,14.8,300,71,13.2,17.4,1009.2,100,123.0
2025-05-18 19:00:00,17.8,0.0,12.8,294,76,13.6,17.0,1009.5,100,35.0
2025-05-18 20:00:00,17.1,0.0,11.5,293,82,14.1,16.7,1010.1,100,0.0
2025-05-18 21:00:00,16.8,0.0,11.4,298,86,14.4,16.6,1010.9,100,0.0
2025-05-18 22:00:00,17.0,0.0,7.4,302,87,14.8,17.5,1011.0,100,0.0
2025-05-18 23:00:00,16.7,0.0,5.7,294,88,14.7,17.4,1011.3,100,0.0
2025-05-19 00:00:00,16.5,0.0,8.2,299,88,14.5,16.8,1011.5,100,0.0
2025-05-19 01:00:00,16.3,0.0,9.0,300,84,13.6,16.2,1011.5,100,0.0
2025-05-19 02:00:00,15.9,0.0,7.7,295,83,13.1,15.8,1011.4,100,0.0
2025-05-19 03:00:00,15.5,0.0,8.7,308,84,12.9,15.1,1011.3,95,0.0
2025-05-19 04:00:00,15.0,0.0,7.6,317,86,12.6,14.7,1011.3,100,0.0
2025-05-19 05:00:00,14.8,0.0,6.5,321,86,12.4,14.6,1011.4,100,0.0
2025-05-19 06:00:00,14.8,0.0,3.7,331,88,12.7,15.1,1011.5,97,24.0
2025-05-19 07:00:00,16.6,0.0,0.6,72,82,13.6,17.7,1011.4,59,156.0
2025-05-19 08:00:00,18.0,0.0,2.3,157,80,14.4,19.1,1011.3,5,352.0
2025-05-19 09:00:00,19.1,0.0,4.8,153,78,15.1,20.1,1011.2,51,517.0
2025-05-19 10:00:00,20.9,0.0,7.1,139,69,15.0,22.5,1011.4,77,722.0
2025-05-19 11:00:00,22.0,0.0,9.2,137,65,15.2,24.0,1011.1,100,824.0
2025-05-19 12:00:00,22.5,0.0,11.7,128,65,15.6,24.8,1010.3,97,902.0
2025-05-19 13:00:00,22.5,0.0,14.1,109,66,15.8,24.4,1009.5,87,909.0
2025-05-19 14:00:00,22.7,0.0,14.6,104,67,16.4,24.4,1009.1,43,845.0
2025-05-19 15:00:00,22.4,0.0,13.6,98,69,16.4,23.4,1009.2,40,698.0
2025-05-19 16:00:00,22.1,0.0,13.6,105,71,16.5,22.5,1009.0,76,566.0
2025-05-19 17:00:00,21.7,0.0,11.8,103,74,16.8,22.4,1008.8,100,398.0
2025-05-19 18:00:00,20.4,0.0,11.5,104,80,16.8,21.1,1008.6,72,202.0
2025-05-19 19:00:00,19.1,0.0,11.5,93,85,16.5,19.7,1009.0,57,61.0
2025-05-19 20:00:00,18.5,0.0,10.9,71,88,16.5,19.1,1009.0,96,1.0
2025-05-19 21:00:00,18.0,0.0,11.6,77,93,16.8,18.7,1009.6,98,0.0
2025-05-19 22:00:00,18.0,0.0,9.2,79,96,17.2,19.2,1010.1,88,0.0
2025-05-19 23:00:00,17.6,0.0,9.3,71,98,17.3,18.8,1010.2,100,0.0
2025-05-20 00:00:00,17.6,0.0,10.1,66,98,17.2,18.7,1010.2,97,0.0
2025-05-20 01:00:00,17.6,0.0,10.2,67,98,17.2,18.7,1010.2,94,0.0
2025-05-20 02:00:00,17.4,0.0,8.9,69,98,17.1,18.6,1010.2,94,0.0
2025-05-20 03:00:00,17.1,0.0,8.9,66,99,17.0,18.3,1010.4,74,0.0
2025-05-20 04:00:00,16.8,0.0,8.9,45,99,16.7,17.9,1011.0,47,0.0
2025-05-20 05:00:00,16.6,0.0,7.0,48,99,16.5,17.9,1011.5,99,0.0
2025-05-20 06:00:00,17.0,0.0,3.9,47,99,16.8,18.7,1011.8,43,24.0
2025-05-20 07:00:00,19.2,0.0,0.8,63,97,18.8,22.4,1012.2,100,139.0
2025-05-20 08:00:00,21.4,0.0,2.3,151,85,18.9,24.4,1012.3,56,257.0
2025-05-20 09:00:00,22.5,0.0,5.0,165,82,19.2,25.3,1012.3,83,463.0
2025-05-20 10:00:00,23.5,0.0,10.2,132,84,20.6,27.2,1012.8,7,714.0
2025-05-20 11:00:00,24.8,0.0,11.5,113,76,20.2,28.7,1012.3,26,826.0
2025-05-20 12:00:00,25.2,0.0,14.9,118,72,19.8,28.6,1011.5,52,891.0
2025-05-20 13:00:00,25.4,0.0,15.9,108,71,19.7,28.7,1010.9,29,917.0
2025-05-20 14:00:00,25.4,0.0,18.2,106,71,19.7,28.1,1010.3,12,874.0
2025-05-20 15:00:00,25.4,0.0,19.1,92,69,19.2,27.1,1010.1,57,765.0
2025-05-20 16:00:00,25.1,0.0,17.8,89,70,19.1,26.2,1010.0,11,609.0
2025-05-20 17:00:00,23.8,0.0,14.8,88,79,19.9,25.4,1010.1,100,422.0
2025-05-20 18:00:00,22.7,0.0,9.9,85,87,20.4,25.3,1010.5,100,217.0
2025-05-20 19:00:00,21.9,0.0,10.3,83,91,20.5,24.5,1010.9,100,50.0
2025-05-20 20:00:00,20.8,0.0,10.1,80,98,20.4,23.4,1011.1,100,1.0
2025-05-20 21:00:00,20.2,0.0,9.6,82,100,20.2,22.8,1011.6,100,0.0
2025-05-20 22:00:00,20.8,0.0,12.8,88,97,20.3,22.9,1011.8,100,0.0
2025-05-20 23:00:00,20.5,0.0,11.7,76,98,20.2,22.8,1011.2,100,0.0
2025-05-21 00:00:00,20.5,0.0,10.4,73,98,20.2,23.0,1011.3,100,0.0
2025-05-21 01:00:00,20.6,0.0,9.5,75,98,20.3,23.2,1011.2,100,0.0
2025-05-21 02:00:00,20.5,0.0,10.5,82,98,20.2,22.9,1010.6,100,0.0
2025-05-21 03:00:00,20.4,0.0,10.1,84,100,20.3,22.9,1010.4,100,0.0
2025-05-21 04:00:00,20.3,0.0,11.8,81,99,20.2,22.5,1010.0,100,0.0
2025-05-21 05:00:00,20.4,0.0,10.9,70,99,20.2,22.8,1010.0,100,0.0
2025-05-21 06:00:00,20.7,0.0,11.1,81,98,20.3,23.1,1010.1,100,12.0
2025-05-21 07:00:00,21.1,0.3,13.5,81,96,20.4,23.2,1009.8,100,66.0
2025-05-21 08:00:00,20.9,1.4,17.1,90,98,20.5,22.5,1009.6,100,100.0
2025-05-21 09:00:00,20.3,12.5,15.0,93,100,20.3,22.1,1009.6,100,193.0
2025-05-21 10:00:00,22.3,0.0,19.3,117,90,20.6,23.7,1008.8,100,478.0
2025-05-21 11:00:00,21.4,0.0,17.4,101,93,20.2,22.8,1008.3,100,240.0
2025-05-21 12:00:00,22.7,0.0,16.8,96,88,20.6,24.4,1008.0,100,420.0
2025-05-21 13:00:00,22.8,0.0,20.0,86,84,19.9,23.7,1007.1,100,361.0
2025-05-21 14:00:00,21.8,0.5,20.2,91,91,20.2,22.8,1006.9,100,267.0
2025-05-21 15:00:00,20.8,1.5,19.2,95,99,20.6,22.2,1005.8,100,131.0
2025-05-21 16:00:00,20.4,3.1,18.2,94,98,20.0,21.6,1005.2,100,87.0
2025-05-21 17:00:00,20.0,5.1,12.8,84,98,19.7,21.8,1004.0,100,23.0
2025-05-21 18:00:00,19.9,3.0,15.5,102,98,19.5,21.2,1004.0,100,29.0
2025-05-21 19:00:00,19.5,2.5,6.0,80,98,19.3,22.2,1004.3,100,5.0
2025-05-21 20:00:00,19.8,1.3,10.0,70,98,19.5,21.9,1003.5,100,0.0
2025-05-21 21:00:00,19.7,1.0,12.6,73,98,19.4,21.4,1003.7,100,0.0
2025-05-21 22:00:00,20.1,0.2,22.1,108,97,19.6,20.5,1003.1,98,0.0
2025-05-21 23:00:00,19.9,0.6,16.3,96,98,19.5,21.1,1002.5,100,0.0
2025-05-22 00:00:00,19.8,4.4,14.2,102,98,19.5,21.4,1002.3,100,0.0
2025-05-22 01:00:00,19.9,7.0,9.7,39,98,19.6,22.1,1002.3,100,0.0
2025-05-22 02:00:00,20.3,7.7,15.5,10,98,19.9,21.9,1001.2,100,0.0
2025-05-22 03:00:00,20.4,6.1,9.8,18,97,19.8,22.7,1001.2,100,0.0
2025-05-22 04:00:00,20.2,3.6,11.7,10,97,19.7,22.3,1001.0,100,0.0
2025-05-22 05:00:00,19.7,1.6,10.4,15,95,19.0,21.5,1001.2,100,0.0
2025-05-22 06:00:00,19.6,2.0,11.0,18,95,18.9,21.4,1001.5,100,6.0
2025-05-22 07:00:00,19.7,0.4,11.8,340,95,18.9,21.3,1001.9,100,32.0
2025-05-22 08:00:00,19.8,0.0,6.2,330,95,19.0,22.2,1002.5,100,197.0
2025-05-22 09:00:00,20.3,0.0,10.9,341,89,18.5,21.8,1003.6,99,260.0
2025-05-22 10:00:00,20.5,0.0,15.2,338,85,17.8,21.1,1004.8,100,343.0
2025-05-22 11:00:00,20.9,0.0,18.8,339,81,17.5,20.8,1005.5,100,540.0
2025-05-22 12:00:00,21.4,0.0,19.1,342,78,17.5,21.7,1005.2,95,633.0
2025-05-22 13:00:00,21.8,0.0,18.1,339,77,17.5,22.7,1004.8,43,724.0
2025-05-22 14:00:00,22.2,0.0,18.8,333,75,17.5,23.6,1004.8,44,815.0
2025-05-22 15:00:00,21.2,0.0,20.7,340,76,17.0,21.4,1004.9,74,707.0
2025-05-22 16:00:00,20.6,0.0,19.8,343,78,16.5,20.0,1005.1,35,547.0
2025-05-22 17:00:00,19.9,0.0,17.3,337,80,16.3,19.5,1005.9,49,361.0
2025-05-22 18:00:00,18.9,0.0,16.2,339,83,15.9,18.5,1006.6,100,168.0
2025-05-22 19:00:00,17.9,0.0,16.2,346,85,15.2,17.3,1007.4,100,43.0
2025-05-22 20:00:00,17.5,0.0,13.6,345,85,15.1,17.3,1007.9,100,0.0
2025-05-22 21:00:00,17.4,0.0,11.2,338,86,15.1,17.5,1008.4,57,0.0
2025-05-22 22:00:00,17.5,0.0,9.2,340,87,15.4,18.0,1008.8,98,0.0
2025-05-22 23:00:00,17.4,0.0,8.1,331,86,15.1,17.9,1009.0,100,0.0
2025-05-23 00:00:00,17.0,0.0,7.4,313,88,15.1,17.6,1009.2,100,0.0
2025-05-23 01:00:00,17.1,0.0,5.5,322,87,15.0,18.0,1009.1,100,0.0
2025-05-23 02:00:00,17.2,0.0,9.8,352,85,14.6,17.3,1008.8,73,0.0
2025-05-23 03:00:00,16.4,0.0,11.9,350,87,14.2,16.0,1008.5,8,0.0
2025-05-23 04:00:00,15.9,0.0,11.6,15,86,13.6,15.4,1008.4,53,0.0
2025-05-23 05:00:00,15.6,0.0,7.9,21,85,13.1,15.4,1008.7,88,0.0
2025-05-23 06:00:00,15.6,0.0,7.7,16,84,13.0,15.5,1009.7,100,28.0
2025-05-23 07:00:00,16.9,0.0,6.2,49,81,13.6,17.2,1009.7,100,165.0
2025-05-23 08:00:00,18.5,0.0,4.0,63,80,14.9,19.6,1010.1,100,348.0
2025-05-23 09:00:00,19.8,0.0,4.7,140,79,16.1,21.2,1009.8,100,551.0
2025-05-23 10:00:00,21.0,0.0,4.7,162,72,15.8,23.0,1010.3,100,671.0
2025-05-23 11:00:00,21.5,0.0,7.8,185,73,16.5,24.3,1010.1,100,830.0
2025-05-23 12:00:00,21.1,0.0,12.0,187,72,16.0,23.2,1009.9,100,853.0
2025-05-23 13:00:00,21.0,0.0,11.2,177,68,14.9,22.6,1009.8,100,839.0
2025-05-23 14:00:00,20.9,0.0,8.5,168,67,14.5,21.1,1009.3,100,533.0
2025-05-23 15:00:00,21.4,0.0,7.5,160,62,13.9,21.6,1008.8,100,477.0
2025-05-23 16:00:00,20.5,0.0,6.1,178,67,14.1,21.0,1008.8,100,165.0
2025-05-23 17:00:00,20.0,0.0,6.5,180,73,15.0,20.7,1009.3,100,87.0
2025-05-23 18:00:00,19.5,0.0,4.5,137,76,15.2,20.6,1009.6,100,58.0
2025-05-23 19:00:00,18.9,0.0,4.7,72,82,15.7,20.2,1009.9,100,24.0
2025-05-23 20:00:00,19.0,0.0,14.3,102,73,13.9,18.1,1010.1,100,0.0
2025-05-23 21:00:00,17.9,0.6,16.4,91,84,15.1,17.2,1010.3,100,0.0
2025-05-23 22:00:00,18.5,0.1,17.6,90,80,14.9,17.5,1010.8,100,0.0
2025-05-23 23:00:00,18.4,0.1,19.5,94,83,15.6,17.4,1010.1,100,0.0
2025-05-24 00:00:00,18.5,0.0,19.3,95,86,16.2,17.9,1009.6,100,0.0
2025-05-24 01:00:00,18.5,0.0,18.3,96,88,16.5,18.1,1008.8,100,0.0
2025-05-24 02:00:00,18.7,0.0,18.0,102,87,16.5,18.3,1008.3,100,0.0
2025-05-24 03:00:00,19.0,0.1,19.5,106,85,16.5,18.5,1007.8,100,0.0
2025-05-24 04:00:00,19.0,0.1,21.1,103,84,16.2,18.1,1006.9,100,0.0
2025-05-24 05:00:00,18.8,0.4,20.5,98,85,16.1,17.9,1006.7,100,0.0
2025-05-24 06:00:00,17.6,3.4,24.4,96,94,16.6,16.4,1006.2,100,2.0
2025-05-24 07:00:00,17.4,5.4,21.8,87,94,16.3,16.4,1006.2,100,11.0
2025-05-24 08:00:00,17.2,10.8,23.9,89,96,16.6,16.1,1005.7,100,19.0
2025-05-24 09:00:00,17.9,10.9,25.5,85,94,16.9,16.5,1004.6,100,15.0
2025-05-24 10:00:00,18.2,10.5,16.0,102,94,17.3,18.5,1004.9,100,66.0
2025-05-24 11:00:00,18.2,6.6,23.6,101,95,17.5,17.5,1004.3,100,105.0
2025-05-24 12:00:00,18.1,4.1,23.3,99,96,17.5,17.4,1002.8,100,79.0
2025-05-24 13:00:00,19.1,0.9,25.0,97,93,18.0,18.4,1001.9,100,200.0
2025-05-24 14:00:00,19.4,0.2,23.6,93,92,18.0,18.8,1000.3,100,145.0
2025-05-24 15:00:00,21.1,0.0,23.0,95,86,18.6,21.0,999.5,100,369.0
2025-05-24 16:00:00,20.8,3.4,22.5,92,93,19.5,21.1,998.9,100,254.0
2025-05-24 17:00:00,20.0,0.9,18.0,86,98,19.6,21.1,998.1,100,141.0
2025-05-24 18:00:00,20.8,0.4,7.9,344,94,19.8,23.4,998.3,100,56.0
2025-05-24 19:00:00,18.6,0.5,19.7,329,95,17.9,18.6,999.0,100,7.0
2025-05-24 20:00:00,18.0,0.4,20.6,324,93,16.9,17.4,1000.3,100,0.0
2025-05-24 21:00:00,17.5,0.0,17.5,309,94,16.5,17.2,1001.3,100,0.0
2025-05-24 22:00:00,17.4,0.0,17.8,317,91,15.9,16.8,1003.5,100,0.0
2025-05-24 23:00:00,17.2,0.0,16.8,312,89,15.4,16.6,1004.7,100,0.0
2025-05-25 00:00:00,16.9,0.0,16.6,307,89,15.1,16.2,1005.3,100,0.0
2025-05-25 01:00:00,16.8,0.0,16.5,306,87,14.6,15.9,1006.1,100,0.0
2025-05-25 02:00:00,16.6,0.0,17.1,310,87,14.4,15.5,1006.2,100,0.0
2025-05-25 03:00:00,16.4,0.1,16.5,315,86,14.0,15.2,1006.9,95,0.0
2025-05-25 04:00:00,16.1,0.0,16.7,317,85,13.7,14.9,1007.3,99,0.0
2025-05-25 05:00:00,15.9,0.0,16.0,314,85,13.4,14.7,1008.1,100,0.0
2025-05-25 06:00:00,15.9,0.0,16.0,321,83,13.1,14.5,1009.0,100,12.0
2025-05-25 07:00:00,15.9,0.0,15.1,322,82,12.9,14.6,1010.0,100,56.0
2025-05-25 08:00:00,16.2,0.0,16.8,332,80,12.7,14.7,1010.6,100,155.0
2025-05-25 09:00:00,17.4,0.0,17.9,339,72,12.4,15.5,1011.1,54,410.0
2025-05-25 10:00:00,18.2,0.0,18.8,342,66,11.8,16.0,1011.8,98,502.0
2025-05-25 11:00:00,18.9,0.1,19.4,339,62,11.5,17.2,1012.2,99,678.0
2025-05-25 12:00:00,18.8,0.2,20.1,345,63,11.6,16.8,1012.6,99,644.0
2025-05-25 13:00:00,19.2,0.0,18.3,342,60,11.4,17.9,1012.9,100,733.0
2025-05-25 14:00:00,19.0,0.0,17.3,345,60,10.9,16.9,1012.8,100,585.0
2025-05-25 15:00:00,19.0,0.0,15.4,344,59,10.9,17.1,1012.8,64,532.0
2025-05-25 16:00:00,19.3,0.0,14.5,341,57,10.4,17.3,1013.3,100,547.0
2025-05-25 17:00:00,18.4,0.0,13.0,346,60,10.5,16.6,1013.6,11,308.0
2025-05-25 18:00:00,17.8,0.0,9.9,350,64,10.9,16.6,1014.1,2,248.0
2025-05-25 19:00:00,16.5,0.0,8.7,354,71,11.3,15.6,1014.8,0,76.0
2025-05-25 20:00:00,15.1,0.0,5.4,346,79,11.4,14.7,1015.4,2,1.0
2025-05-25 21:00:00,13.6,0.0,4.2,335,87,11.4,13.5,1016.0,5,0.0
2025-05-25 22:00:00,13.0,0.0,4.1,331,89,11.1,12.8,1016.7,91,0.0
2025-05-25 23:00:00,12.6,0.0,4.0,321,91,11.1,12.3,1017.2,97,0.0
2025-05-26 00:00:00,13.1,0.0,5.2,335,90,11.4,12.7,1017.2,100,0.0
2025-05-26 01:00:00,13.0,0.0,8.8,337,88,11.1,12.1,1017.0,100,0.0
2025-05-26 02:00:00,12.9,0.0,9.5,335,87,10.8,11.7,1016.7,100,0.0
2025-05-26 03:00:00,12.6,0.0,9.8,343,89,10.9,11.5,1016.8,100,0.0
2025-05-26 04:00:00,12.8,0.0,10.5,347,89,10.9,11.5,1016.8,100,0.0
2025-05-26 05:00:00,12.9,0.0,9.9,348,89,11.1,11.8,1017.1,100,0.0
2025-05-26 06:00:00,13.5,0.0,8.7,354,86,11.1,12.6,1017.5,100,24.0
2025-05-26 07:00:00,15.1,0.0,5.6,335,80,11.6,14.7,1017.8,100,148.0
2025-05-26 08:00:00,16.9,0.0,1.8,264,74,12.1,17.3,1018.0,100,321.0
2025-05-26 09:00:00,18.2,0.0,3.9,196,71,12.9,18.6,1018.0,100,541.0
2025-05-26 10:00:00,18.4,0.0,3.8,211,72,13.2,19.0,1018.4,100,569.0
2025-05-26 11:00:00,18.5,0.0,5.3,208,73,13.6,18.9,1018.5,100,461.0
2025-05-26 12:00:00,19.2,0.0,6.3,193,71,13.8,19.8,1018.4,100,583.0
2025-05-26 13:00:00,19.5,0.0,7.9,193,68,13.5,19.4,1018.0,100,552.0
2025-05-26 14:00:00,19.3,0.0,8.5,197,66,12.7,18.9,1017.8,100,492.0
2025-05-26 15:00:00,19.2,0.0,8.5,204,63,12.1,18.7,1017.3,93,510.0
2025-05-26 16:00:00,19.5,0.0,8.9,194,61,11.8,19.0,1017.3,100,596.0
2025-05-26 17:00:00,18.5,0.0,6.8,177,62,10.9,17.7,1017.2,100,326.0
2025-05-26 18:00:00,17.8,0.0,2.8,145,64,11.0,17.7,1017.3,100,169.0
2025-05-26 19:00:00,16.6,0.0,1.3,16,75,12.1,17.1,1017.6,100,57.0
2025-05-26 20:00:00,15.9,0.0,3.1,21,78,12.1,16.1,1018.1,100,1.0
2025-05-26 21:00:00,15.4,0.0,3.6,37,81,12.1,15.5,1018.4,100,0.0
2025-05-26 22:00:00,14.8,0.0,3.1,31,79,11.2,14.7,1019.0,100,0.0
2025-05-26 23:00:00,14.6,0.0,3.5,51,77,10.6,14.4,1018.9,100,0.0
2025-05-27 00:00:00,14.6,0.0,3.5,55,76,10.4,14.2,1018.9,100,0.0
2025-05-27 01:00:00,14.4,0.0,4.1,52,76,10.2,13.9,1018.5,100,0.0
2025-05-27 02:00:00,14.5,0.0,5.0,41,76,10.2,13.9,1018.1,100,0.0
2025-05-27 03:00:00,13.6,0.0,4.2,31,79,10.1,13.1,1018.2,100,0.0
2025-05-27 04:00:00,13.3,0.0,4.0,32,80,9.9,12.7,1018.3,100,0.0
2025-05-27 05:00:00,13.2,0.0,4.5,47,80,9.8,12.5,1018.4,0,0.0
2025-05-27 06:00:00,14.8,0.0,4.2,40,73,9.9,14.2,1018.9,0,31.0
2025-05-27 07:00:00,16.2,0.0,4.3,45,74,11.7,16.1,1019.6,0,175.0
2025-05-27 08:00:00,18.0,0.0,4.5,95,69,12.3,18.1,1019.9,0,369.0
2025-05-27 09:00:00,19.2,0.0,6.5,118,67,12.9,19.2,1019.6,0,564.0
2025-05-27 10:00:00,20.0,0.0,7.5,140,60,12.1,20.7,1019.8,0,739.0
2025-05-27 11:00:00,20.8,0.0,8.7,137,57,12.1,22.0,1019.5,0,869.0
2025-05-27 12:00:00,21.4,0.0,8.9,128,56,12.3,23.2,1019.2,0,945.0
2025-05-27 13:00:00,21.9,0.0,8.2,122,56,12.8,24.0,1018.3,0,961.0
2025-05-27 14:00:00,22.1,0.0,7.9,129,56,12.8,24.0,1017.6,4,916.0
2025-05-27 15:00:00,22.0,0.0,8.2,147,56,12.9,23.1,1017.2,5,784.0
2025-05-27 16:00:00,21.5,0.0,7.3,169,61,13.6,22.0,1016.9,6,620.0
2025-05-27 17:00:00,21.1,0.0,4.6,198,63,13.9,21.7,1016.8,4,447.0
2025-05-27 18:00:00,20.5,0.0,4.0,180,70,14.8,21.5,1017.0,4,249.0
2025-05-27 19:00:00,18.8,0.0,0.4,207,84,16.1,20.8,1017.5,4,77.0
2025-05-27 20:00:00,16.9,0.0,4.1,360,90,15.2,18.0,1017.9,1,2.0
2025-05-27 21:00:00,16.8,0.0,6.3,20,87,14.6,17.4,1018.3,0,0.0
2025-05-27 22:00:00,16.5,0.0,8.5,18,78,12.8,16.2,1018.4,0,0.0
2025-05-27 23:00:00,15.1,0.0,4.2,31,86,12.7,15.3,1018.6,0,0.0
2025-05-28 00:00:00,14.4,0.0,2.2,76,88,12.4,14.9,1018.5,0,0.0
2025-05-28 01:00:00,14.2,0.0,5.2,44,91,12.8,14.4,1018.2,0,0.0
2025-05-28 02:00:00,14.1,0.0,6.6,49,90,12.4,13.9,1017.6,0,0.0
2025-05-28 03:00:00,14.1,0.0,5.5,41,85,11.6,13.9,1017.6,15,0.0
2025-05-28 04:00:00,13.5,0.0,3.8,25,83,10.7,13.2,1017.5,60,0.0
2025-05-28 05:00:00,13.6,0.0,4.2,31,80,10.3,13.1,1017.6,83,0.0
2025-05-28 06:00:00,14.6,0.0,6.8,37,76,10.6,13.8,1017.8,90,31.0
2025-05-28 07:00:00,16.6,0.0,6.9,59,75,12.2,16.3,1017.9,100,157.0
2025-05-28 08:00:00,18.8,0.0,5.8,92,70,13.1,18.9,1018.0,100,295.0
2025-05-28 09:00:00,19.9,0.0,6.7,126,68,13.8,20.1,1018.2,100,443.0
2025-05-28 10:00:00,20.8,0.0,7.5,138,70,15.1,22.1,1018.3,100,662.0
2025-05-28 11:00:00,21.5,0.0,7.1,161,73,16.4,24.3,1018.1,100,813.0
2025-05-28 12:00:00,22.0,0.0,5.0,154,72,16.7,24.9,1018.0,100,759.0
2025-05-28 13:00:00,22.0,0.0,3.7,166,68,15.8,23.7,1017.4,100,575.0
2025-05-28 14:00:00,22.2,0.0,5.6,186,62,14.6,22.9,1016.5,100,542.0
2025-05-28 15:00:00,21.9,0.0,6.1,185,70,16.2,23.1,1016.1,100,499.0
2025-05-28 16:00:00,21.5,0.0,6.1,192,79,17.8,23.4,1016.0,100,380.0
2025-05-28 17:00:00,21.2,0.0,5.6,178,82,18.0,23.4,1015.6,100,273.0
2025-05-28 18:00:00,20.5,0.0,3.1,159,86,18.1,23.0,1015.8,100,140.0
2025-05-28 19:00:00,19.1,0.0,0.9,169,95,18.3,22.1,1016.4,100,49.0
2025-05-28 20:00:00,18.0,0.0,1.4,360,97,17.5,20.5,1016.6,100,1.0
2025-05-28 21:00:00,17.6,0.0,5.5,17,88,15.6,18.7,1017.0,100,0.0
2025-05-28 22:00:00,18.0,0.0,6.5,46,77,13.9,18.3,1017.1,100,0.0
2025-05-28 23:00:00,17.5,0.0,7.3,42,72,12.5,17.3,1017.3,100,0.0
2025-05-29 00:00:00,17.0,0.0,7.8,44,69,11.2,16.2,1016.8,100,0.0
2025-05-29 01:00:00,16.5,0.0,7.1,52,67,10.2,15.5,1016.6,100,0.0
2025-05-29 02:00:00,16.2,0.0,7.0,46,66,9.8,15.1,1016.2,100,0.0
2025-05-29 03:00:00,16.2,0.0,7.5,53,65,9.7,15.1,1015.5,100,0.0
2025-05-29 04:00:00,16.5,0.0,6.8,55,67,10.4,15.6,1015.3,100,0.0
2025-05-29 05:00:00,16.8,0.0,8.2,64,70,11.2,16.0,1014.9,100,0.0
2025-05-29 06:00:00,17.0,0.0,6.9,60,73,12.2,16.7,1015.1,100,13.0
2025-05-29 07:00:00,17.9,0.0,8.5,69,75,13.4,17.7,1015.3,100,68.0
2025-05-29 08:00:00,18.5,0.0,10.1,89,81,15.1,18.7,1015.3,100,114.0
2025-05-29 09:00:00,19.4,0.0,9.4,98,81,16.1,20.1,1015.3,100,204.0
2025-05-29 10:00:00,20.9,0.0,11.1,113,70,15.1,21.0,1015.2,100,368.0
2025-05-29 11:00:00,21.8,0.0,8.8,113,67,15.3,22.3,1014.9,100,526.0
2025-05-29 12:00:00,22.1,0.0,7.6,126,65,15.3,23.2,1014.4,100,604.0
2025-05-29 13:00:00,22.6,0.0,9.1,129,62,15.0,24.1,1013.9,100,744.0
2025-05-29 14:00:00,22.4,0.0,10.0,131,61,14.5,22.9,1013.1,100,639.0
2025-05-29 15:00:00,21.2,0.0,10.3,136,66,14.6,21.2,1012.8,100,317.0
2025-05-29 16:00:00,20.7,0.0,8.5,126,69,14.9,21.1,1012.3,100,198.0
2025-05-29 17:00:00,20.4,0.0,7.6,94,71,15.1,21.0,1012.0,100,147.0
2025-05-29 18:00:00,19.6,0.0,8.5,84,76,15.4,20.2,1012.0,99,77.0
2025-05-29 19:00:00,19.0,0.0,5.2,61,77,14.8,19.8,1011.8,14,47.0
2025-05-29 20:00:00,17.9,0.0,4.9,10,83,14.9,18.7,1011.7,29,2.0
2025-05-29 21:00:00,17.0,0.0,5.2,360,87,14.9,17.8,1011.9,6,0.0
2025-05-29 22:00:00,16.7,0.0,3.1,360,94,15.8,18.2,1012.1,64,0.0
2025-05-29 23:00:00,16.6,0.0,7.3,349,96,15.9,17.6,1011.6,100,0.0
2025-05-30 00:00:00,16.5,0.0,7.3,344,94,15.5,17.3,1011.3,100,0.0
2025-05-30 01:00:00,16.5,0.0,6.4,8,93,15.4,17.4,1010.9,100,0.0
2025-05-30 02:00:00,16.5,0.0,4.7,16,93,15.4,17.6,1010.5,98,0.0
2025-05-30 03:00:00,16.1,0.0,4.0,342,94,15.2,17.3,1010.5,71,0.0
2025-05-30 04:00:00,15.5,0.0,2.3,247,95,14.8,16.7,1010.6,100,0.0
2025-05-30 05:00:00,16.5,0.0,7.0,273,95,15.7,17.4,1011.0,100,0.0
2025-05-30 06:00:00,16.5,0.1,8.5,318,95,15.8,17.3,1010.8,100,11.0
2025-05-30 07:00:00,17.1,0.3,9.6,334,95,16.4,17.9,1010.7,94,64.0
2025-05-30 08:00:00,18.4,0.1,13.3,357,89,16.5,18.7,1010.8,100,217.0
2025-05-30 09:00:00,20.0,0.0,12.5,7,79,16.2,20.3,1010.8,100,332.0
2025-05-30 10:00:00,19.8,0.1,10.2,350,82,16.7,20.7,1011.2,100,273.0
2025-05-30 11:00:00,21.8,0.0,11.1,352,71,16.2,22.5,1010.7,99,595.0
2025-05-30 12:00:00,22.8,0.0,9.0,340,63,15.4,24.0,1010.1,100,678.0
2025-05-30 13:00:00,23.0,0.0,11.8,348,64,15.9,24.1,1009.5,94,679.0
2025-05-30 14:00:00,22.2,0.5,14.1,5,67,15.8,23.2,1009.2,69,745.0
2025-05-30 15:00:00,22.4,0.3,17.1,356,64,15.2,21.9,1008.8,39,612.0
2025-05-30 16:00:00,21.4,0.0,18.1,355,69,15.4,20.6,1008.7,94,514.0
2025-05-30 17:00:00,20.4,0.0,18.3,354,72,15.2,19.5,1008.5,97,310.0
2025-05-30 18:00:00,19.5,0.0,13.0,342,76,15.2,19.4,1008.5,100,198.0
2025-05-30 19:00:00,18.7,0.0,12.2,336,80,15.1,18.7,1008.6,100,52.0
2025-05-30 20:00:00,18.2,0.0,10.4,330,83,15.2,18.4,1008.7,100,2.0
2025-05-30 21:00:00,17.8,0.0,7.2,321,84,15.0,18.4,1009.2,74,0.0
2025-05-30 22:00:00,17.5,0.0,9.2,312,81,14.3,17.6,1009.8,72,0.0
2025-05-30 23:00:00,17.1,0.0,8.2,308,76,12.9,16.9,1009.4,29,0.0
2025-05-31 00:00:00,16.6,0.0,8.7,288,76,12.4,16.1,1009.1,3,0.0
2025-05-31 01:00:00,16.0,0.0,8.4,289,82,13.0,15.7,1009.6,0,0.0
2025-05-31 02:00:00,15.8,0.0,9.0,317,81,12.6,15.3,1009.2,0,0.0
2025-05-31 03:00:00,15.6,0.0,6.6,334,79,12.1,15.3,1009.1,2,0.0
2025-05-31 04:00:00,14.2,0.0,4.4,305,84,11.6,14.1,1009.4,1,0.0
2025-05-31 05:00:00,15.1,0.0,6.3,283,86,12.7,15.0,1009.9,0,0.0
2025-05-31 06:00:00,15.6,0.0,11.5,295,85,13.0,14.8,1010.4,0,32.0
2025-05-31 07:00:00,16.8,0.0,10.9,309,79,13.1,16.2,1010.8,0,177.0
2025-05-31 08:00:00,18.5,0.0,10.7,311,71,13.2,17.9,1010.7,0,373.0
2025-05-31 09:00:00,20.0,0.0,9.8,313,61,12.2,19.4,1010.4,0,573.0
2025-05-31 10:00:00,21.6,0.0,13.8,296,54,11.9,21.2,1010.0,0,747.0
2025-05-31 11:00:00,22.5,0.0,14.0,303,45,10.0,22.2,1009.7,0,874.0
2025-05-31 12:00:00,22.9,0.0,17.0,307,42,9.1,22.2,1009.5,0,945.0
2025-05-31 13:00:00,22.7,0.0,17.8,317,42,9.1,22.0,1009.3,4,957.0
2025-05-31 14:00:00,22.7,0.0,16.4,327,42,9.1,21.9,1008.8,100,908.0
2025-05-31 15:00:00,22.4,0.0,16.2,323,41,8.6,20.8,1008.4,100,761.0
2025-05-31 16:00:00,21.6,0.0,16.0,315,41,7.8,18.7,1008.2,100,518.0
2025-05-31 17:00:00,20.8,0.0,14.6,303,45,8.4,18.2,1007.5,100,328.0
2025-05-31 18:00:00,19.6,0.0,13.9,295,57,10.8,17.8,1007.2,98,189.0
2025-05-31 19:00:00,18.2,0.0,13.6,292,64,11.4,16.7,1007.4,97,80.0
2025-05-31 20:00:00,17.2,0.0,12.2,294,70,11.6,15.9,1008.1,100,3.0
2025-05-31 21:00:00,16.6,0.0,11.2,282,76,12.5,15.8,1009.1,93,0.0
2025-05-31 22:00:00,16.4,0.0,9.1,295,78,12.6,15.9,1009.7,100,0.0
2025-05-31 23:00:00,16.3,0.0,11.0,293,80,12.8,15.6,1009.8,94,0.0
2025-06-01 00:00:00,16.2,0.0,12.2,295,80,12.8,15.4,1009.8,100,0.0
2025-06-01 01:00:00,16.1,0.0,10.7,311,80,12.6,15.4,1009.4,100,0.0
2025-06-01 02:00:00,15.8,0.0,8.1,313,82,12.6,15.4,1009.2,40,0.0
2025-06-01 03:00:00,15.3,0.0,8.2,303,86,12.9,15.0,1009.2,100,0.0
2025-06-01 04:00:00,15.3,0.0,9.1,304,86,13.1,14.9,1009.4,32,0.0
2025-06-01 05:00:00,15.1,0.0,9.5,309,87,12.9,14.7,1009.4,0,0.0
2025-06-01 06:00:00,15.6,0.0,10.2,307,86,13.2,15.2,1009.7,0,33.0
2025-06-01 07:00:00,17.5,0.0,10.1,294,80,14.1,17.4,1009.9,0,178.0
2025-06-01 08:00:00,19.2,0.0,12.4,300,72,14.1,18.8,1010.1,0,372.0
2025-06-01 09:00:00,20.8,0.0,12.0,292,66,14.1,20.4,1010.4,0,567.0
2025-06-01 10:00:00,21.9,0.0,12.4,273,62,14.2,22.5,1010.3,0,734.0
2025-06-01 11:00:00,22.9,0.0,13.5,267,60,14.6,24.1,1009.9,0,861.0
2025-06-01 12:00:00,23.8,0.0,14.8,265,58,15.1,25.4,1009.4,2,935.0
2025-06-01 13:00:00,24.3,0.0,16.4,268,57,15.3,25.8,1008.9,0,949.0
2025-06-01 14:00:00,24.5,0.0,16.2,273,56,15.2,25.8,1008.4,0,902.0
2025-06-01 15:00:00,24.5,0.0,16.2,274,56,15.1,25.1,1008.3,0,798.0
2025-06-01 16:00:00,23.9,0.0,14.9,278,58,15.1,23.9,1008.0,53,645.0
2025-06-01 17:00:00,23.0,0.0,12.6,279,62,15.3,22.9,1007.6,100,457.0
2025-06-01 18:00:00,22.0,0.0,10.3,286,66,15.3,22.3,1007.7,100,246.0
2025-06-01 19:00:00,20.5,0.0,9.1,291,74,15.6,21.1,1008.3,99,79.0
2025-06-01 20:00:00,19.1,0.0,8.1,291,78,15.3,19.8,1009.0,95,3.0
2025-06-01 21:00:00,18.0,0.0,5.5,308,82,14.9,18.9,1009.2,1,0.0
2025-06-01 22:00:00,17.6,0.0,3.7,321,82,14.6,18.6,1008.7,80,0.0
2025-06-01 23:00:00,17.0,0.0,3.6,303,84,14.2,17.9,1008.3,99,0.0
2025-06-02 00:00:00,16.8,0.0,3.1,315,81,13.4,17.4,1008.2,24,0.0
2025-06-02 01:00:00,15.9,0.0,2.9,300,85,13.4,16.5,1007.6,99,0.0
2025-06-02 02:00:00,15.3,0.0,3.4,357,84,12.7,15.7,1007.1,97,0.0
2025-06-02 03:00:00,14.9,0.0,3.3,77,83,12.0,15.0,1006.8,100,0.0
2025-06-02 04:00:00,15.4,0.0,7.3,59,77,11.3,14.7,1006.9,100,0.0
2025-06-02 05:00:00,15.9,0.0,6.6,64,74,11.4,15.4,1006.6,100,0.0
2025-06-02 06:00:00,16.5,0.0,6.6,64,75,12.1,16.2,1007.0,100,22.0
2025-06-02 07:00:00,17.5,0.0,7.4,94,78,13.6,17.5,1006.8,100,65.0
2025-06-02 08:00:00,18.7,0.0,6.1,118,79,15.0,19.5,1006.9,100,174.0
2025-06-02 09:00:00,18.7,0.0,7.8,112,81,15.4,19.4,1006.9,100,122.0
2025-06-02 10:00:00,19.3,0.0,9.8,116,78,15.4,19.7,1006.1,100,198.0
2025-06-02 11:00:00,20.5,0.0,12.9,113,71,15.1,20.3,1006.0,100,380.0
2025-06-02 12:00:00,20.5,0.0,13.7,106,69,14.6,20.0,1005.3,100,333.0
2025-06-02 13:00:00,20.3,0.0,13.8,102,69,14.4,19.7,1005.2,100,256.0
2025-06-02 14:00:00,20.2,0.0,13.2,95,70,14.6,19.9,1004.9,100,219.0
2025-06-02 15:00:00,19.9,0.1,14.2,94,75,15.3,19.6,1004.5,100,155.0
2025-06-02 16:00:00,19.9,0.1,18.2,90,73,14.9,18.9,1003.8,100,171.0
2025-06-02 17:00:00,19.4,0.0,19.2,85,76,15.0,18.2,1003.3,100,146.0
2025-06-02 18:00:00,18.5,0.1,19.7,94,82,15.3,17.4,1002.7,100,63.0
2025-06-02 19:00:00,18.0,0.0,19.4,91,86,15.6,17.0,1002.5,100,26.0
2025-06-02 20:00:00,18.0,0.1,22.9,98,86,15.6,16.6,1002.6,100,1.0
2025-06-02 21:00:00,18.5,0.2,25.2,107,87,16.2,16.9,1002.1,100,0.0
2025-06-02 22:00:00,17.4,2.4,26.6,105,93,16.2,15.7,1001.7,100,0.0
2025-06-02 23:00:00,16.6,3.3,29.7,108,93,15.4,14.2,1001.2,100,0.0
2025-06-03 00:00:00,16.9,1.5,27.7,102,94,16.0,14.9,1000.2,100,0.0
2025-06-03 01:00:00,17.1,2.5,26.9,102,95,16.4,15.4,999.1,100,0.0
2025-06-03 02:00:00,17.0,4.5,26.6,99,95,16.3,15.4,998.0,100,0.0
2025-06-03 03:00:00,17.1,4.6,29.7,101,95,16.3,15.0,996.6,100,0.0
2025-06-03 04:00:00,17.1,7.2,27.2,102,95,16.3,15.3,995.9,100,0.0
2025-06-03 05:00:00,17.1,5.8,23.8,103,95,16.3,15.8,995.6,100,0.0
2025-06-03 06:00:00,17.1,4.3,17.9,95,96,16.5,16.7,995.7,100,5.0
2025-06-03 07:00:00,17.4,3.2,12.6,79,96,16.8,17.9,995.7,100,26.0
2025-06-03 08:00:00,17.5,3.0,13.7,101,97,17.0,18.0,995.5,100,41.0
2025-06-03 09:00:00,18.2,0.5,5.7,77,97,17.7,20.2,995.6,100,95.0
2025-06-03 10:00:00,18.1,1.2,6.5,316,96,17.5,19.9,997.0,100,119.0
2025-06-03 11:00:00,19.4,0.7,6.9,298,92,18.0,21.2,997.1,100,194.0
2025-06-03 12:00:00,20.7,0.2,7.9,290,82,17.5,22.2,997.1,100,410.0
2025-06-03 13:00:00,21.8,0.3,12.2,287,79,17.9,22.8,997.0,100,478.0
2025-06-03 14:00:00,22.2,0.2,15.1,298,74,17.4,22.7,997.0,62,427.0
2025-06-03 15:00:00,22.6,0.0,21.0,284,69,16.6,21.9,997.2,30,552.0
2025-06-03 16:00:00,21.9,0.0,21.0,285,72,16.5,21.2,997.4,43,577.0
2025-06-03 17:00:00,21.3,0.0,18.1,283,73,16.2,20.8,997.6,9,399.0
2025-06-03 18:00:00,20.4,0.0,18.1,276,77,16.2,19.9,998.4,7,251.0
2025-06-03 19:00:00,19.1,0.0,15.4,277,85,16.5,19.2,999.6,0,85.0
2025-06-03 20:00:00,18.9,0.0,16.5,280,86,16.4,18.7,1000.3,12,3.0
2025-06-03 21:00:00,19.0,0.0,14.6,270,82,16.0,19.0,1000.8,0,0.0
2025-06-03 22:00:00,18.8,0.0,12.7,276,87,16.6,19.3,1001.4,0,0.0
2025-06-03 23:00:00,19.0,0.0,14.3,280,83,16.0,19.0,1001.7,36,0.0
2025-06-04 00:00:00,19.2,0.0,18.0,282,81,15.9,18.7,1001.6,91,0.0
2025-06-04 01:00:00,19.5,0.0,18.6,279,82,16.2,18.9,1001.7,99,0.0
2025-06-04 02:00:00,19.3,0.0,17.7,283,84,16.5,19.0,1001.9,65,0.0
2025-06-04 03:00:00,18.7,0.0,14.5,277,87,16.5,18.8,1002.0,100,0.0
2025-06-04 04:00:00,18.6,0.0,13.3,271,85,16.1,18.8,1002.7,92,0.0
2025-06-04 05:00:00,18.1,0.0,11.9,270,83,15.1,18.1,1003.3,9,0.0
2025-06-04 06:00:00,18.0,0.0,10.9,277,80,14.4,17.8,1004.2,0,35.0
2025-06-04 07:00:00,19.4,0.0,13.2,275,73,14.4,18.9,1004.9,0,186.0
2025-06-04 08:00:00,20.6,0.0,14.6,268,69,14.8,20.0,1005.5,0,386.0
2025-06-04 09:00:00,21.6,0.0,17.7,279,57,12.9,20.1,1005.8,0,584.0
2025-06-04 10:00:00,22.8,0.0,19.2,280,53,12.8,21.9,1006.0,1,752.0
2025-06-04 11:00:00,23.2,0.0,18.0,273,52,12.7,23.1,1006.3,3,879.0
2025-06-04 12:00:00,23.5,0.0,18.4,269,49,12.0,23.4,1006.2,0,954.0
2025-06-04 13:00:00,23.7,0.0,17.5,270,44,10.9,23.6,1006.1,0,969.0
2025-06-04 14:00:00,23.8,0.0,16.0,278,40,9.5,23.3,1005.7,0,920.0
2025-06-04 15:00:00,24.0,0.0,15.0,293,40,9.6,23.1,1005.3,0,816.0
2025-06-04 16:00:00,23.5,0.0,15.5,292,43,10.2,22.0,1005.1,0,660.0
2025-06-04 17:00:00,22.9,0.0,12.5,297,49,11.5,21.5,1005.1,1,474.0
2025-06-04 18:00:00,22.1,0.0,18.2,277,48,10.5,19.7,1005.2,1,267.0
2025-06-04 19:00:00,21.4,0.0,20.5,269,51,10.7,18.6,1005.6,4,91.0
2025-06-04 20:00:00,21.0,0.0,17.8,262,57,12.0,19.0,1006.2,0,3.0
2025-06-04 21:00:00,20.4,0.0,14.9,261,66,13.9,19.4,1007.0,0,0.0
2025-06-04 22:00:00,20.6,0.0,13.4,258,64,13.5,19.8,1007.2,0,0.0
2025-06-04 23:00:00,20.3,0.0,16.4,257,67,14.0,19.2,1007.5,0,0.0
2025-06-05 00:00:00,19.9,0.0,17.5,265,71,14.5,18.8,1007.8,0,0.0
2025-06-05 01:00:00,19.2,0.0,14.8,264,75,14.7,18.6,1008.0,0,0.0
2025-06-05 02:00:00,18.6,0.0,13.0,267,78,14.8,18.3,1008.3,0,0.0
2025-06-05 03:00:00,18.2,0.0,13.2,276,80,14.6,17.9,1008.5,0,0.0
2025-06-05 04:00:00,17.7,0.0,12.6,280,82,14.6,17.4,1009.1,0,0.0
2025-06-05 05:00:00,17.4,0.0,11.7,279,86,14.9,17.3,1009.7,0,0.0
2025-06-05 06:00:00,17.5,0.0,10.7,282,87,15.3,17.8,1010.4,0,35.0
2025-06-05 07:00:00,19.0,0.0,8.5,276,82,15.9,19.9,1011.2,0,185.0
2025-06-05 08:00:00,20.5,0.0,10.3,271,72,15.3,20.8,1011.6,0,383.0
2025-06-05 09:00:00,21.7,0.0,10.8,270,64,14.7,21.9,1011.6,0,580.0
2025-06-05 10:00:00,23.2,0.0,8.9,249,57,14.2,24.5,1011.6,0,749.0
2025-06-05 11:00:00,23.8,0.0,9.5,233,52,13.4,25.4,1011.6,0,875.0
2025-06-05 12:00:00,24.1,0.0,8.5,216,46,11.8,25.8,1011.5,0,948.0
2025-06-05 13:00:00,24.4,0.0,6.2,213,41,10.4,26.2,1011.3,1,964.0
2025-06-05 14:00:00,24.9,0.0,5.5,251,42,11.1,26.6,1011.1,0,911.0
2025-06-05 15:00:00,25.2,0.0,8.6,270,47,13.0,26.5,1010.9,13,817.0
2025-06-05 16:00:00,25.0,0.0,8.1,274,48,13.1,25.4,1010.5,99,663.0
2025-06-05 17:00:00,24.3,0.0,7.0,266,49,13.1,24.2,1010.3,100,474.0
2025-06-05 18:00:00,22.5,0.0,11.6,265,60,14.4,22.3,1010.6,100,244.0
2025-06-05 19:00:00,20.8,0.0,12.2,270,63,13.4,20.0,1011.1,100,73.0
2025-06-05 20:00:00,19.9,0.0,9.6,275,67,13.5,19.6,1011.6,96,3.0
2025-06-05 21:00:00,19.0,0.0,7.8,277,76,14.6,19.3,1012.0,100,0.0
2025-06-05 22:00:00,19.3,0.0,7.3,298,76,15.0,19.9,1012.1,81,0.0
2025-06-05 23:00:00,18.6,0.0,8.0,310,74,13.9,18.7,1012.1,100,0.0
2025-06-06 00:00:00,17.8,0.0,4.2,324,75,13.3,18.2,1011.9,9,0.0
2025-06-06 01:00:00,17.0,0.0,3.0,335,75,12.6,17.4,1011.5,99,0.0
2025-06-06 02:00:00,16.8,0.0,1.9,338,74,12.1,17.2,1011.4,100,0.0
2025-06-06 03:00:00,16.6,0.0,1.3,352,73,11.8,17.0,1011.2,72,0.0
2025-06-06 04:00:00,15.9,0.0,0.9,11,72,10.9,16.1,1011.3,100,0.0
2025-06-06 05:00:00,15.6,0.0,1.2,27,70,10.1,15.5,1011.6,100,0.0
2025-06-06 06:00:00,16.9,0.0,2.3,72,67,10.6,16.7,1011.9,56,25.0
2025-06-06 07:00:00,18.2,0.0,4.8,112,70,12.8,18.4,1012.1,100,163.0
2025-06-06 08:00:00,19.0,0.0,2.7,122,73,14.0,19.9,1012.2,95,202.0
2025-06-06 09:00:00,20.7,0.0,3.3,151,72,15.4,22.0,1012.2,100,481.0
2025-06-06 10:00:00,22.2,0.0,6.0,153,63,14.8,23.6,1012.0,100,671.0
2025-06-06 11:00:00,23.2,0.0,7.2,155,60,14.9,25.6,1012.1,100,830.0
2025-06-06 12:00:00,24.0,0.0,7.9,139,56,14.7,25.8,1011.5,99,798.0
2025-06-06 13:00:00,24.1,0.0,7.0,130,54,14.4,25.3,1011.0,100,667.0
2025-06-06 14:00:00,24.6,0.0,8.3,123,53,14.3,25.9,1010.4,99,742.0
2025-06-06 15:00:00,24.0,0.0,8.5,118,57,15.1,24.5,1010.5,99,477.0
2025-06-06 16:00:00,23.9,0.0,7.8,132,61,15.8,24.7,1010.3,100,494.0
2025-06-06 17:00:00,22.7,0.0,6.6,125,69,16.8,24.1,1010.4,100,246.0
2025-06-06 18:00:00,22.2,0.0,4.6,126,76,17.7,24.3,1010.5,100,161.0
2025-06-06 19:00:00,21.4,0.0,0.8,153,82,18.2,24.3,1011.1,100,33.0
2025-06-06 20:00:00,20.1,0.0,10.8,72,89,18.4,21.7,1010.7,100,2.0
2025-06-06 21:00:00,20.0,0.0,9.0,67,89,18.2,21.7,1010.8,99,0.0
2025-06-06 22:00:00,20.5,0.0,14.6,95,83,17.5,21.1,1010.9,96,0.0
2025-06-06 23:00:00,20.4,0.0,13.9,96,83,17.5,21.0,1010.8,100,0.0
2025-06-07 00:00:00,20.0,0.0,10.1,87,87,17.7,21.3,1010.8,76,0.0
2025-06-07 01:00:00,19.5,0.0,10.3,87,89,17.7,20.8,1010.5,63,0.0
2025-06-07 02:00:00,19.0,0.0,10.6,69,91,17.5,20.1,1010.2,80,0.0
2025-06-07 03:00:00,18.9,0.0,11.1,65,91,17.4,19.9,1010.2,100,0.0
2025-06-07 04:00:00,18.6,0.0,9.3,62,91,17.2,19.9,1010.2,99,0.0
2025-06-07 05:00:00,18.7,0.0,9.7,63,90,17.0,19.8,1010.2,99,0.0
2025-06-07 06:00:00,19.1,0.0,9.3,71,87,16.9,20.2,1010.6,99,30.0
2025-06-07 07:00:00,20.1,0.0,9.7,78,84,17.4,21.4,1010.6,100,131.0
2025-06-07 08:00:00,21.1,0.0,9.0,85,82,18.0,22.7,1010.7,100,222.0
2025-06-07 09:00:00,21.2,0.0,9.2,106,83,18.2,22.9,1010.9,100,203.0
2025-06-07 10:00:00,21.8,0.0,9.8,116,81,18.4,23.4,1010.6,100,279.0
2025-06-07 11:00:00,21.5,0.4,8.5,102,83,18.5,23.4,1010.9,99,254.0
2025-06-07 12:00:00,23.4,0.0,6.5,129,74,18.5,25.9,1010.6,100,599.0
2025-06-07 13:00:00,23.8,0.0,7.0,125,70,17.9,25.6,1010.4,100,438.0
2025-06-07 14:00:00,25.7,0.0,7.4,135,56,16.3,28.1,1009.8,100,761.0
2025-06-07 15:00:00,24.6,0.0,8.4,140,63,17.0,25.9,1009.6,100,368.0
2025-06-07 16:00:00,24.0,0.0,8.1,141,67,17.5,25.6,1009.1,100,335.0
2025-06-07 17:00:00,23.5,0.0,6.4,140,71,17.8,25.3,1009.2,100,250.0
2025-06-07 18:00:00,23.4,0.0,7.1,105,70,17.5,25.0,1008.9,100,207.0
2025-06-07 19:00:00,22.4,0.1,6.4,100,75,17.8,24.2,1009.2,100,41.0
2025-06-07 20:00:00,21.5,0.0,3.2,124,80,17.8,23.8,1009.5,100,2.0
2025-06-07 21:00:00,20.5,0.0,2.2,99,87,18.1,23.1,1010.3,100,0.0
2025-06-07 22:00:00,20.4,0.0,6.7,95,87,18.1,22.4,1010.1,99,0.0
2025-06-07 23:00:00,20.3,0.0,4.7,92,88,18.2,22.6,1010.2,100,0.0
2025-06-08 00:00:00,19.5,0.0,2.9,79,93,18.4,22.2,1010.4,100,0.0
2025-06-08 01:00:00,19.6,0.0,7.9,69,93,18.5,21.6,1010.0,100,0.0
2025-06-08 02:00:00,19.5,0.0,6.0,80,94,18.6,21.9,1009.3,96,0.0
2025-06-08 03:00:00,19.4,0.0,6.6,81,95,18.6,21.7,1009.0,100,0.0
2025-06-08 04:00:00,19.2,0.0,3.0,73,96,18.6,21.9,1009.2,100,0.0
2025-06-08 05:00:00,19.4,0.0,6.7,76,96,18.6,21.6,1009.2,100,0.0
2025-06-08 06:00:00,19.4,0.0,7.7,59,95,18.6,21.5,1009.1,100,13.0
2025-06-08 07:00:00,20.5,0.0,6.7,74,91,18.9,22.8,1009.1,100,94.0
2025-06-08 08:00:00,20.9,0.0,4.4,102,89,19.1,23.7,1009.7,100,124.0
2025-06-08 09:00:00,21.9,0.0,5.4,111,87,19.5,24.7,1009.8,100,222.0
2025-06-08 10:00:00,22.6,0.4,9.4,114,86,20.1,25.1,1009.7,100,331.0
2025-06-08 11:00:00,22.5,0.1,9.9,100,87,20.4,25.1,1010.1,100,221.0
2025-06-08 12:00:00,21.8,0.1,10.7,98,89,20.0,24.1,1009.4,100,126.0
2025-06-08 13:00:00,21.5,0.1,11.7,86,90,19.7,23.5,1008.9,100,131.0
2025-06-08 14:00:00,22.1,0.0,14.1,86,84,19.4,23.7,1008.8,100,269.0
2025-06-08 15:00:00,20.9,0.1,16.4,93,86,18.5,21.6,1008.7,100,118.0
2025-06-08 16:00:00,21.1,0.1,14.9,90,85,18.5,22.1,1008.0,100,207.0
2025-06-08 17:00:00,20.7,0.0,14.6,72,86,18.3,21.6,1008.6,100,107.0
2025-06-08 18:00:00,20.4,0.0,16.6,67,87,18.2,21.0,1008.5,100,90.0
2025-06-08 19:00:00,20.1,0.0,17.7,75,85,17.5,20.3,1008.9,100,47.0
2025-06-08 20:00:00,19.5,0.0,17.6,79,82,16.3,19.1,1009.4,100,2.0
2025-06-08 21:00:00,19.3,0.0,16.1,84,82,16.1,19.1,1010.3,100,0.0
2025-06-08 22:00:00,19.9,0.0,20.1,96,79,16.1,19.1,1010.6,100,0.0
2025-06-08 23:00:00,19.6,0.0,17.5,94,84,17.0,19.6,1010.7,100,0.0
2025-06-09 00:00:00,19.4,0.0,17.5,91,90,17.6,19.6,1010.5,100,0.0
2025-06-09 01:00:00,19.6,0.0,16.5,98,88,17.5,19.9,1010.2,100,0.0
2025-06-09 02:00:00,19.5,0.0,15.9,100,81,16.0,19.2,1010.1,100,0.0
2025-06-09 03:00:00,19.4,0.0,16.4,91,72,14.2,18.3,1009.5,100,0.0
2025-06-09 04:00:00,19.0,0.0,16.4,86,72,13.9,17.9,1009.2,100,0.0
2025-06-09 05:00:00,19.0,0.0,16.7,83,76,14.8,18.2,1008.7,100,0.0
2025-06-09 06:00:00,19.0,0.0,16.7,90,82,15.9,18.7,1008.8,100,27.0
2025-06-09 07:00:00,19.6,0.0,14.8,91,83,16.7,19.8,1009.1,100,109.0
2025-06-09 08:00:00,20.2,0.0,19.8,107,80,16.7,19.7,1009.1,100,239.0
2025-06-09 09:00:00,20.1,0.0,15.6,120,82,17.0,20.3,1009.2,100,194.0
2025-06-09 10:00:00,18.9,2.4,16.9,112,97,18.4,19.5,1009.4,100,87.0
2025-06-09 11:00:00,19.1,1.3,18.2,116,95,18.4,19.5,1009.2,100,133.0
2025-06-09 12:00:00,19.2,1.0,18.8,111,94,18.1,19.4,1008.6,100,131.0
2025-06-09 13:00:00,20.0,0.9,19.7,113,91,18.5,20.2,1008.3,100,265.0
2025-06-09 14:00:00,19.9,0.1,19.0,109,88,17.9,19.9,1007.8,100,227.0
2025-06-09 15:00:00,20.2,0.0,17.2,108,84,17.4,20.3,1007.4,100,278.0
2025-06-09 16:00:00,19.6,0.3,16.1,110,87,17.4,20.0,1007.0,100,103.0
2025-06-09 17:00:00,19.5,0.7,17.3,109,90,17.8,19.8,1006.7,100,74.0
2025-06-09 18:00:00,19.4,0.4,17.2,110,92,18.1,19.9,1006.5,100,57.0
2025-06-09 19:00:00,19.1,0.2,16.1,103,93,18.0,19.7,1006.6,100,21.0
2025-06-09 20:00:00,19.1,0.2,16.3,97,94,18.0,19.7,1006.7,100,2.0
2025-06-09 21:00:00,19.1,0.3,14.9,98,95,18.2,20.0,1007.0,100,0.0
2025-06-09 22:00:00,19.4,0.2,17.5,110,95,18.5,19.9,1007.4,100,0.0
2025-06-09 23:00:00,19.5,0.1,18.5,111,94,18.5,19.9,1007.2,100,0.0
2025-06-10 00:00:00,19.6,0.1,18.0,104,94,18.6,20.2,1007.0,100,0.0
2025-06-10 01:00:00,19.5,0.1,16.3,100,95,18.6,20.4,1006.9,100,0.0
2025-06-10 02:00:00,19.4,0.0,15.7,89,95,18.6,20.3,1006.6,100,0.0
2025-06-10 03:00:00,19.4,0.4,14.5,82,95,18.6,20.5,1006.4,100,0.0
2025-06-10 04:00:00,19.1,7.6,13.5,85,98,18.9,20.5,1005.9,100,0.0
2025-06-10 05:00:00,19.2,12.4,12.8,94,98,18.9,20.7,1005.8,100,0.0
2025-06-10 06:00:00,19.4,10.0,10.5,95,98,19.0,21.3,1006.3,100,3.0
2025-06-10 07:00:00,19.6,13.8,9.7,102,98,19.3,21.7,1006.8,100,15.0
2025-06-10 08:00:00,19.6,4.8,5.2,112,98,19.3,22.4,1006.7,100,16.0
2025-06-10 09:00:00,20.2,3.3,6.9,129,98,20.0,23.0,1007.0,100,135.0
2025-06-10 10:00:00,20.1,9.6,9.2,106,99,19.9,22.6,1006.4,100,36.0
2025-06-10 11:00:00,20.5,6.3,7.6,152,98,20.1,23.3,1007.7,100,128.0
2025-06-10 12:00:00,20.2,1.9,14.4,116,98,20.0,22.0,1006.4,100,123.0
2025-06-10 13:00:00,20.8,0.1,12.5,108,95,19.9,22.7,1006.6,100,197.0
2025-06-10 14:00:00,20.4,0.8,11.4,97,98,20.0,22.6,1006.1,100,160.0
2025-06-10 15:00:00,21.5,0.8,8.5,102,94,20.6,24.5,1006.0,100,199.0
2025-06-10 16:00:00,22.5,0.1,6.7,96,93,21.3,26.0,1006.1,100,203.0
2025-06-10 17:00:00,21.8,0.2,8.9,97,98,21.4,25.0,1006.0,100,57.0
2025-06-10 18:00:00,21.5,0.1,7.1,96,98,21.2,25.0,1006.2,100,52.0
2025-06-10 19:00:00,21.2,0.4,6.1,102,99,21.0,24.7,1006.7,100,15.0
2025-06-10 20:00:00,20.9,0.2,1.5,210,99,20.7,24.9,1007.4,100,1.0
2025-06-10 21:00:00,21.1,0.2,7.8,308,98,20.9,24.3,1008.0,100,0.0
2025-06-10 22:00:00,21.2,0.0,11.1,292,92,19.9,23.4,1008.6,100,0.0
2025-06-10 23:00:00,21.0,0.0,11.3,287,93,19.7,23.0,1008.4,91,0.0
2025-06-11 00:00:00,20.8,0.0,9.8,313,93,19.6,23.1,1008.5,100,0.0
2025-06-11 01:00:00,20.8,0.3,8.3,311,92,19.5,23.1,1008.7,100,0.0
2025-06-11 02:00:00,20.5,3.1,12.3,299,95,19.6,22.3,1008.4,100,0.0
2025-06-11 03:00:00,20.4,9.7,14.2,296,95,19.6,22.0,1008.3,100,0.0
2025-06-11 04:00:00,19.9,4.0,14.5,297,95,19.0,21.1,1008.0,100,0.0
2025-06-11 05:00:00,18.9,3.4,12.6,274,94,17.9,19.9,1008.5,100,0.0
2025-06-11 06:00:00,18.1,4.4,9.9,258,94,17.1,19.2,1009.6,100,2.0
2025-06-11 07:00:00,18.8,0.7,5.3,298,95,17.9,20.9,1010.2,100,28.0
2025-06-11 08:00:00,19.5,1.7,4.2,258,95,18.8,22.1,1010.9,100,56.0
2025-06-11 09:00:00,20.4,0.4,3.5,204,93,19.2,23.4,1011.0,79,148.0
2025-06-11 10:00:00,21.6,0.0,3.8,149,87,19.4,24.6,1011.1,100,280.0
2025-06-11 11:00:00,21.8,0.0,2.7,28,88,19.6,25.1,1011.5,100,267.0
2025-06-11 12:00:00,23.5,0.0,2.1,345,78,19.5,26.8,1011.3,100,528.0
2025-06-11 13:00:00,24.5,0.0,8.5,276,69,18.5,26.8,1011.3,100,609.0
2025-06-11 14:00:00,23.4,0.0,13.4,296,74,18.5,24.6,1011.6,100,309.0
2025-06-11 15:00:00,22.8,0.0,13.1,302,80,19.1,24.3,1011.3,100,208.0
2025-06-11 16:00:00,22.6,0.0,11.8,308,82,19.4,24.5,1011.3,100,179.0
2025-06-11 17:00:00,22.5,0.0,10.7,307,84,19.6,24.6,1011.3,100,161.0
2025-06-11 18:00:00,22.2,0.0,9.5,302,86,19.8,24.6,1011.6,100,121.0
2025-06-11 19:00:00,21.7,0.0,8.3,297,87,19.5,24.1,1012.0,100,54.0
2025-06-11 20:00:00,21.0,0.0,7.9,325,89,19.1,23.2,1012.3,100,4.0
2025-06-11 21:00:00,20.0,0.0,4.1,319,93,18.8,22.7,1013.0,100,0.0
2025-06-11 22:00:00,19.9,0.0,1.4,230,93,18.7,22.9,1013.5,100,0.0
2025-06-11 23:00:00,19.3,0.0,0.8,333,95,18.4,22.3,1013.5,99,0.0
2025-06-12 00:00:00,19.0,0.0,3.1,360,95,18.1,21.6,1013.6,95,0.0
2025-06-12 01:00:00,18.3,0.0,0.4,27,95,17.5,21.0,1013.7,67,0.0
2025-06-12 02:00:00,17.9,0.0,2.9,349,95,17.1,20.0,1013.7,84,0.0
2025-06-12 03:00:00,18.0,0.0,6.5,6,96,17.3,19.7,1013.9,98,0.0
2025-06-12 04:00:00,18.5,0.0,4.2,10,93,17.5,20.6,1013.9,99,0.0
2025-06-12 05:00:00,18.0,0.0,1.0,31,94,17.1,20.4,1014.0,100,0.0
2025-06-12 06:00:00,18.8,0.5,0.9,191,94,17.7,21.4,1014.8,100,7.0
2025-06-12 07:00:00,18.8,0.9,4.1,34,96,18.1,21.2,1015.1,100,23.0
2025-06-12 08:00:00,19.1,0.9,6.0,46,97,18.7,21.5,1015.8,100,68.0
2025-06-12 09:00:00,20.2,0.3,9.0,95,93,19.0,22.3,1016.0,100,156.0
2025-06-12 10:00:00,21.5,0.6,2.5,135,93,20.3,25.1,1016.3,100,285.0
2025-06-12 11:00:00,22.4,0.0,7.5,127,82,19.2,24.8,1016.1,100,429.0
2025-06-12 12:00:00,22.0,0.0,7.0,136,87,19.8,24.8,1016.0,100,280.0
2025-06-12 13:00:00,22.9,0.0,8.4,132,82,19.6,25.3,1015.5,100,425.0
2025-06-12 14:00:00,22.6,0.1,11.1,117,79,18.8,24.3,1015.0,100,441.0
2025-06-12 15:00:00,22.0,0.0,10.9,123,74,17.0,22.9,1015.2,100,301.0
2025-06-12 16:00:00,20.8,0.7,8.6,105,79,17.0,22.0,1015.3,100,136.0
2025-06-12 17:00:00,19.5,2.9,8.5,89,94,18.5,21.5,1015.2,100,51.0
2025-06-12 18:00:00,19.4,2.9,8.2,113,94,18.4,21.2,1015.4,100,31.0
2025-06-12 19:00:00,19.0,2.2,10.1,95,94,18.0,20.5,1015.3,100,15.0
2025-06-12 20:00:00,19.0,1.0,9.1,105,95,18.1,20.6,1015.9,100,1.0
2025-06-12 21:00:00,18.8,0.8,10.2,98,96,18.1,20.2,1016.4,100,0.0
2025-06-12 22:00:00,18.6,0.1,9.1,82,95,17.8,20.2,1017.0,100,0.0
2025-06-12 23:00:00,18.6,0.1,8.8,79,95,17.9,20.2,1016.7,100,0.0
2025-06-13 00:00:00,18.8,0.0,8.5,97,95,17.9,20.4,1016.5,100,0.0
2025-06-13 01:00:00,18.7,2.7,9.7,117,96,18.0,20.2,1016.4,100,0.0
2025-06-13 02:00:00,18.6,0.9,10.5,98,97,18.1,20.0,1016.1,100,0.0
2025-06-13 03:00:00,18.4,1.9,13.9,100,97,18.0,19.3,1015.5,100,0.0
2025-06-13 04:00:00,18.1,2.0,11.2,93,97,17.6,19.3,1015.5,100,0.0
2025-06-13 05:00:00,18.2,4.5,11.0,95,97,17.7,19.4,1015.8,100,0.0
2025-06-13 06:00:00,18.5,0.0,12.3,93,95,17.8,19.6,1015.8,100,7.0
2025-06-13 07:00:00,19.1,0.0,13.4,102,95,18.3,20.2,1015.9,100,47.0
2025-06-13 08:00:00,19.6,0.0,12.8,100,94,18.6,21.0,1016.0,100,84.0
2025-06-13 09:00:00,20.2,0.0,10.3,95,93,19.0,22.1,1016.1,100,153.0
2025-06-13 10:00:00,22.2,0.0,12.8,107,85,19.6,24.0,1016.0,98,485.0
2025-06-13 11:00:00,23.3,0.0,12.6,112,82,20.0,25.6,1015.7,100,598.0
2025-06-13 12:00:00,24.0,0.0,12.8,112,80,20.4,27.0,1015.2,99,688.0
2025-06-13 13:00:00,24.4,0.0,12.6,121,80,20.6,27.8,1015.0,100,748.0
2025-06-13 14:00:00,24.1,0.0,12.1,115,82,21.0,27.0,1014.3,100,600.0
2025-06-13 15:00:00,24.5,0.0,11.4,106,82,21.2,27.4,1013.8,100,553.0
2025-06-13 16:00:00,24.0,0.0,10.7,110,84,21.1,26.8,1013.2,100,317.0
2025-06-13 17:00:00,23.7,0.1,9.9,106,86,21.2,26.7,1013.0,100,277.0
2025-06-13 18:00:00,23.1,0.0,10.1,89,87,20.9,25.9,1013.0,100,149.0
2025-06-13 19:00:00,22.5,0.0,9.9,78,89,20.5,25.1,1013.2,100,47.0
2025-06-13 20:00:00,21.8,0.0,11.9,79,92,20.4,24.1,1013.0,100,1.0
2025-06-13 21:00:00,21.3,0.0,15.3,89,95,20.5,23.2,1013.1,100,0.0
2025-06-13 22:00:00,21.6,0.0,17.3,89,95,20.8,23.4,1012.7,100,0.0
2025-06-13 23:00:00,22.0,0.7,16.7,104,95,21.2,24.1,1012.3,100,0.0
2025-06-14 00:00:00,22.2,1.8,19.4,116,97,21.8,24.2,1011.7,100,0.0
2025-06-14 01:00:00,22.1,0.0,22.7,110,96,21.5,23.4,1011.1,100,0.0
2025-06-14 02:00:00,21.9,0.1,20.8,112,97,21.4,23.4,1010.2,100,0.0
2025-06-14 03:00:00,21.9,0.5,16.5,101,98,21.5,24.1,1009.6,100,0.0
2025-06-14 04:00:00,21.5,0.2,16.2,91,99,21.2,23.6,1008.9,100,0.0
2025-06-14 05:00:00,21.3,3.3,14.8,85,99,21.1,23.6,1008.9,100,0.0
2025-06-14 06:00:00,21.2,3.5,20.1,100,99,21.1,22.8,1008.2,100,5.0
2025-06-14 07:00:00,21.5,2.9,19.3,110,99,21.2,23.2,1007.8,100,15.0
2025-06-14 08:00:00,22.0,2.0,17.2,120,98,21.8,24.4,1007.5,100,68.0
2025-06-14 09:00:00,22.5,1.4,14.3,130,98,22.1,25.4,1006.7,100,85.0
2025-06-14 10:00:00,23.4,2.3,16.1,152,98,23.0,26.5,1005.9,100,95.0
2025-06-14 11:00:00,24.0,0.6,11.2,130,99,23.8,28.3,1005.3,100,160.0
2025-06-14 12:00:00,23.6,0.7,12.5,122,100,23.6,27.6,1004.9,100,120.0
2025-06-14 13:00:00,24.0,0.6,15.5,137,100,24.0,27.8,1004.0,100,176.0
2025-06-14 14:00:00,24.5,0.6,14.5,139,99,24.4,28.8,1003.3,100,248.0
2025-06-14 15:00:00,24.4,0.2,14.8,117,99,24.2,28.4,1002.3,100,174.0
2025-06-14 16:00:00,24.5,1.1,14.0,126,100,24.4,28.8,1001.4,100,193.0
2025-06-14 17:00:00,23.6,0.4,12.0,136,100,23.6,27.8,1001.1,100,111.0
2025-06-14 18:00:00,23.2,0.4,10.8,122,100,23.2,27.2,1000.7,100,53.0
2025-06-14 19:00:00,23.1,0.3,9.9,119,100,23.1,27.3,1000.6,100,23.0
2025-06-14 20:00:00,23.2,0.3,4.9,144,98,22.9,27.9,1000.7,74,2.0
2025-06-14 21:00:00,23.5,0.1,6.5,174,96,22.9,28.0,1000.9,61,0.0
2025-06-14 22:00:00,23.7,0.7,9.2,196,97,23.2,28.0,1001.2,72,0.0
2025-06-14 23:00:00,24.0,1.3,18.2,244,99,23.9,27.4,1001.5,100,0.0
2025-06-15 00:00:00,23.8,0.5,11.9,267,98,23.4,27.8,1001.4,100,0.0
2025-06-15 01:00:00,23.0,0.1,15.1,285,98,22.6,26.1,1001.3,100,0.0
2025-06-15 02:00:00,22.5,0.0,15.5,275,96,22.0,25.2,1001.4,100,0.0
2025-06-15 03:00:00,22.5,0.2,20.5,267,96,21.7,24.2,1001.6,100,0.0
2025-06-15 04:00:00,22.0,0.0,20.6,264,96,21.3,23.5,1001.8,100,0.0
2025-06-15 05:00:00,21.9,0.0,18.7,269,95,21.1,23.6,1002.3,100,0.0
2025-06-15 06:00:00,21.9,0.0,17.3,279,94,20.9,23.7,1002.8,97,12.0
2025-06-15 07:00:00,22.2,0.0,14.9,282,92,20.8,24.4,1003.2,100,82.0
2025-06-15 08:00:00,23.0,0.0,10.7,290,88,20.9,25.7,1003.3,100,180.0
2025-06-15 09:00:00,24.0,0.0,6.5,289,85,21.4,27.6,1003.3,100,317.0
2025-06-15 10:00:00,26.0,0.0,5.4,206,82,22.5,30.8,1003.1,100,622.0
2025-06-15 11:00:00,26.8,0.0,5.1,184,82,23.4,32.8,1002.6,100,709.0
2025-06-15 12:00:00,28.0,0.0,5.5,199,77,23.5,34.6,1002.4,99,807.0
2025-06-15 13:00:00,28.4,0.0,3.8,161,78,24.1,35.0,1002.0,99,711.0
2025-06-15 14:00:00,29.3,0.0,5.4,146,72,23.6,35.4,1001.5,52,704.0
2025-06-15 15:00:00,28.5,0.0,11.2,158,78,24.3,34.0,1001.4,91,704.0
2025-06-15 16:00:00,26.9,0.1,9.0,160,89,24.9,32.3,1001.5,99,562.0
2025-06-15 17:00:00,24.6,4.9,5.6,163,97,24.1,30.0,1002.1,95,299.0
2025-06-15 18:00:00,24.6,2.1,3.2,142,98,24.2,30.4,1001.9,97,117.0
2025-06-15 19:00:00,24.4,0.0,6.5,114,98,24.0,29.5,1002.1,100,64.0
2025-06-15 20:00:00,23.6,0.5,6.8,122,99,23.5,28.4,1002.2,100,2.0
2025-06-15 21:00:00,23.0,0.3,8.3,132,99,23.0,27.3,1002.5,100,0.0
2025-06-15 22:00:00,22.6,0.9,7.1,84,100,22.6,26.8,1003.4,100,0.0
2025-06-15 23:00:00,22.7,1.5,7.3,106,100,22.6,26.9,1003.1,100,0.0
2025-06-16 00:00:00,22.9,0.0,6.4,117,99,22.7,27.2,1002.7,100,0.0
2025-06-16 01:00:00,23.2,0.0,8.4,124,98,22.9,27.4,1002.2,93,0.0
2025-06-16 02:00:00,23.0,0.0,7.6,128,98,22.7,27.3,1001.9,89,0.0
2025-06-16 03:00:00,23.0,0.0,7.4,139,97,22.4,27.0,1001.8,100,0.0
2025-06-16 04:00:00,23.2,0.1,8.0,164,95,22.4,27.2,1001.6,98,0.0
2025-06-16 05:00:00,23.5,0.6,11.8,169,94,22.5,26.9,1001.7,100,0.0
2025-06-16 06:00:00,23.5,0.4,14.3,175,96,22.8,26.8,1001.9,100,13.0
2025-06-16 07:00:00,24.6,1.1,18.8,217,93,23.4,27.6,1002.1,100,42.0
2025-06-16 08:00:00,25.4,0.1,18.1,217,91,23.9,28.8,1002.3,96,128.0
2025-06-16 09:00:00,26.0,0.2,17.8,219,88,23.8,29.3,1002.4,99,229.0
2025-06-16 10:00:00,28.4,0.1,15.3,208,81,24.9,33.2,1002.6,27,623.0
2025-06-16 11:00:00,29.2,0.1,15.2,203,75,24.4,34.6,1002.6,50,782.0
2025-06-16 12:00:00,30.3,0.1,17.1,198,68,23.8,35.5,1002.1,45,877.0
2025-06-16 13:00:00,30.4,0.0,17.0,196,70,24.2,35.3,1001.6,99,791.0
2025-06-16 14:00:00,29.8,0.0,24.3,215,69,23.4,32.0,1001.3,91,561.0
2025-06-16 15:00:00,27.4,0.1,31.8,229,79,23.4,28.5,1002.0,100,400.0
2025-06-16 16:00:00,26.8,0.1,20.4,248,83,23.6,29.7,1002.1,100,322.0
2025-06-16 17:00:00,24.8,0.4,19.5,298,88,22.5,27.1,1002.7,95,253.0
2025-06-16 18:00:00,23.9,0.0,20.2,287,84,21.0,25.3,1003.2,37,227.0
2025-06-16 19:00:00,23.5,0.0,13.5,286,85,20.7,25.7,1003.8,63,85.0
2025-06-16 20:00:00,22.5,0.0,4.1,311,89,20.6,26.1,1004.5,17,5.0
2025-06-16 21:00:00,22.0,0.0,0.9,90,91,20.5,26.0,1005.3,2,0.0
2025-06-16 22:00:00,21.9,0.0,2.3,302,90,20.0,25.4,1005.7,0,0.0
2025-06-16 23:00:00,21.8,0.0,1.7,288,88,19.8,25.2,1006.2,0,0.0
2025-06-17 00:00:00,21.8,0.0,2.3,266,88,19.7,25.1,1006.4,0,0.0
2025-06-17 01:00:00,21.5,0.0,2.4,253,89,19.7,24.9,1006.6,3,0.0
2025-06-17 02:00:00,21.3,0.0,1.1,252,90,19.6,24.8,1006.5,100,0.0
2025-06-17 03:00:00,21.5,0.0,0.2,360,91,19.9,25.2,1006.7,23,0.0
2025-06-17 04:00:00,21.1,0.0,1.4,360,92,19.7,24.6,1007.2,100,0.0
2025-06-17 05:00:00,21.1,0.0,4.2,335,93,20.0,24.3,1007.9,43,0.0
2025-06-17 06:00:00,21.5,0.0,4.4,341,93,20.2,24.8,1008.4,22,31.0
2025-06-17 07:00:00,23.2,0.0,2.3,299,89,21.3,27.5,1008.6,35,169.0
2025-06-17 08:00:00,24.5,0.0,5.1,197,83,21.4,28.3,1008.5,99,342.0
2025-06-17 09:00:00,25.1,0.0,5.7,171,81,21.7,29.1,1008.3,83,463.0
2025-06-17 10:00:00,24.5,0.0,5.8,126,86,22.0,28.6,1008.6,8,358.0
2025-06-17 11:00:00,26.2,0.0,6.5,141,80,22.5,32.3,1008.5,12,836.0
2025-06-17 12:00:00,27.1,0.0,6.0,139,81,23.5,34.2,1008.0,8,897.0
2025-06-17 13:00:00,27.8,0.0,6.4,142,80,24.0,35.1,1007.4,60,904.0
2025-06-17 14:00:00,27.2,0.0,10.0,142,85,24.4,33.1,1007.3,26,732.0
2025-06-17 15:00:00,27.4,0.0,10.1,140,84,24.5,33.5,1007.5,70,748.0
2025-06-17 16:00:00,26.9,0.0,11.7,131,85,24.1,31.4,1007.5,15,564.0
2025-06-17 17:00:00,26.1,0.0,12.7,120,87,23.8,30.3,1007.7,44,431.0
2025-06-17 18:00:00,25.5,0.0,9.9,109,89,23.5,29.8,1008.0,100,246.0
2025-06-17 19:00:00,24.1,0.0,7.6,98,93,23.0,28.5,1008.7,41,34.0
2025-06-17 20:00:00,22.8,0.0,7.0,89,97,22.2,26.8,1009.2,68,5.0
2025-06-17 21:00:00,22.4,0.0,2.2,104,98,22.0,26.9,1009.8,85,0.0
2025-06-17 22:00:00,23.3,0.0,7.6,91,90,21.6,26.9,1010.0,100,0.0
2025-06-17 23:00:00,23.0,0.0,6.7,84,94,21.9,26.8,1010.2,70,0.0
2025-06-18 00:00:00,22.2,0.0,4.6,59,98,21.9,26.4,1010.3,96,0.0
2025-06-18 01:00:00,22.5,0.0,2.6,65,97,22.0,27.0,1010.4,87,0.0
2025-06-18 02:00:00,22.2,0.0,3.1,66,98,21.9,26.6,1010.2,57,0.0
2025-06-18 03:00:00,21.8,0.0,3.9,68,98,21.5,25.8,1010.5,58,0.0
2025-06-18 04:00:00,21.5,0.0,3.6,60,98,21.1,25.4,1010.3,91,0.0
2025-06-18 05:00:00,21.4,0.0,1.0,59,98,21.0,25.6,1011.0,100,0.0
2025-06-18 06:00:00,23.0,0.0,2.0,45,93,21.9,27.6,1011.3,100,26.0
2025-06-18 07:00:00,24.8,0.0,5.9,230,87,22.5,29.2,1011.6,65,145.0
2025-06-18 08:00:00,26.1,0.0,6.5,212,82,22.8,30.6,1012.0,1,356.0
2025-06-18 09:00:00,26.9,0.0,4.7,173,79,22.9,31.6,1012.1,34,546.0
2025-06-18 10:00:00,27.4,0.0,5.5,157,78,23.1,33.0,1012.1,93,691.0
2025-06-18 11:00:00,28.1,0.0,6.3,167,73,22.9,34.0,1012.1,100,778.0
2025-06-18 12:00:00,28.8,0.0,6.5,210,68,22.2,34.7,1012.0,100,838.0
2025-06-18 13:00:00,28.8,0.0,12.1,271,70,22.7,33.6,1012.0,98,785.0
2025-06-18 14:00:00,28.3,0.0,16.5,290,70,22.4,31.5,1011.9,97,650.0
2025-06-18 15:00:00,27.5,0.0,16.8,297,72,21.9,30.1,1011.9,100,596.0
2025-06-18 16:00:00,27.0,0.0,14.7,293,74,22.0,29.8,1011.9,97,533.0
2025-06-18 17:00:00,26.4,0.0,14.8,301,76,21.9,29.1,1012.1,83,406.0
2025-06-18 18:00:00,25.3,0.0,13.4,302,80,21.6,28.1,1012.3,7,207.0
2025-06-18 19:00:00,24.4,0.0,13.2,307,84,21.5,27.1,1012.6,3,92.0
2025-06-18 20:00:00,23.5,0.0,13.0,311,86,21.0,25.9,1013.0,5,6.0
2025-06-18 21:00:00,22.9,0.0,11.0,308,89,20.9,25.6,1013.5,0,0.0
2025-06-18 22:00:00,23.3,0.0,9.6,303,87,21.0,26.3,1013.6,0,0.0
2025-06-18 23:00:00,22.9,0.0,9.1,295,89,20.9,25.8,1013.8,0,0.0
2025-06-19 00:00:00,22.0,0.0,4.5,326,92,20.7,25.6,1013.5,77,0.0
2025-06-19 01:00:00,20.8,0.0,3.3,315,95,19.9,24.1,1013.6,99,0.0
2025-06-19 02:00:00,20.6,0.0,4.1,315,95,19.9,23.9,1013.8,100,0.0
2025-06-19 03:00:00,20.1,0.0,2.9,330,96,19.5,23.3,1014.1,100,0.0
2025-06-19 04:00:00,19.9,0.0,3.2,357,97,19.4,22.9,1014.3,100,0.0
2025-06-19 05:00:00,19.7,0.0,4.3,5,96,19.1,22.5,1014.5,100,0.0
2025-06-19 06:00:00,20.0,0.0,3.4,18,96,19.4,23.1,1014.6,0,33.0
2025-06-19 07:00:00,22.1,0.0,2.3,203,96,21.5,26.5,1014.8,2,178.0
2025-06-19 08:00:00,23.2,0.0,4.5,214,89,21.4,27.1,1015.5,3,370.0
2025-06-19 09:00:00,24.5,0.0,1.9,197,84,21.6,29.1,1015.3,0,561.0
2025-06-19 10:00:00,26.0,0.0,3.6,213,77,21.8,31.4,1015.2,4,721.0
2025-06-19 11:00:00,26.8,0.0,4.2,198,76,22.1,33.0,1014.9,18,843.0
2025-06-19 12:00:00,27.6,0.0,4.2,200,69,21.4,33.9,1014.5,34,917.0
2025-06-19 13:00:00,28.5,0.0,2.2,180,65,21.4,35.3,1013.9,4,935.0
2025-06-19 14:00:00,28.6,0.0,4.2,192,71,23.0,35.7,1013.2,48,896.0
2025-06-19 15:00:00,28.4,0.0,5.8,206,86,25.9,36.4,1012.9,17,792.0
2025-06-19 16:00:00,28.4,0.0,9.7,235,79,24.5,33.9,1012.9,24,646.0
2025-06-19 17:00:00,28.5,0.0,10.8,268,63,20.7,31.1,1012.6,88,462.0
2025-06-19 18:00:00,27.5,0.0,10.6,273,67,20.8,30.3,1012.5,4,267.0
2025-06-19 19:00:00,25.6,0.0,10.9,276,75,20.9,28.4,1012.9,5,99.0
2025-06-19 20:00:00,24.4,0.0,7.6,298,80,20.8,27.5,1013.2,32,6.0
2025-06-19 21:00:00,23.3,0.0,4.0,321,87,21.0,27.1,1013.5,24,0.0
2025-06-19 22:00:00,22.8,0.0,3.0,322,90,21.0,26.7,1014.2,16,0.0
2025-06-19 23:00:00,22.1,0.0,1.7,319,93,20.9,26.2,1014.1,13,0.0
2025-06-20 00:00:00,21.9,0.0,0.2,360,93,20.7,26.1,1014.0,33,0.0
2025-06-20 01:00:00,21.8,0.0,1.3,16,91,20.3,25.6,1013.5,100,0.0
2025-06-20 02:00:00,21.9,0.0,0.5,45,89,20.0,25.6,1013.3,100,0.0
2025-06-20 03:00:00,21.7,0.0,3.1,69,89,19.8,25.0,1012.9,100,0.0
2025-06-20 04:00:00,21.6,0.0,5.6,65,85,19.0,24.1,1012.7,31,0.0
2025-06-20 05:00:00,21.7,0.0,7.6,85,85,19.0,24.0,1013.0,100,0.0
2025-06-20 06:00:00,22.2,0.0,11.0,87,92,20.9,24.9,1013.1,100,29.0
2025-06-20 07:00:00,23.1,0.0,9.0,74,89,21.3,26.4,1013.2,46,157.0
2025-06-20 08:00:00,24.5,0.0,11.0,95,82,21.4,27.5,1012.8,99,352.0
2025-06-20 09:00:00,25.6,0.0,11.7,103,77,21.4,28.5,1012.7,92,528.0
2025-06-20 10:00:00,27.0,0.0,13.3,106,73,21.8,30.7,1012.3,97,703.0
2025-06-20 11:00:00,27.5,0.0,13.2,105,74,22.3,32.0,1012.0,100,804.0
2025-06-20 12:00:00,27.8,0.0,14.0,102,73,22.6,32.7,1011.9,98,863.0
2025-06-20 13:00:00,28.0,0.0,15.4,101,70,22.0,32.4,1011.4,100,868.0
2025-06-20 14:00:00,27.9,0.0,15.4,101,71,22.0,31.9,1011.0,100,811.0
2025-06-20 15:00:00,27.7,0.0,17.0,97,74,22.6,31.4,1010.2,100,725.0
2025-06-20 16:00:00,27.5,0.0,16.4,90,78,23.4,30.8,1010.1,100,552.0
2025-06-20 17:00:00,27.0,0.0,16.7,91,82,23.6,30.4,1009.6,100,389.0
2025-06-20 18:00:00,26.6,0.0,12.3,78,86,24.0,30.9,1009.9,100,209.0
2025-06-20 19:00:00,26.2,0.0,8.9,83,89,24.3,31.2,1010.4,100,88.0
2025-06-20 20:00:00,25.3,0.0,8.3,77,93,24.0,30.2,1010.6,100,5.0
2025-06-20 21:00:00,24.5,0.0,8.9,69,95,23.6,29.1,1011.0,100,0.0
2025-06-20 22:00:00,25.0,0.0,5.5,122,92,23.5,30.0,1011.6,100,0.0
2025-06-20 23:00:00,24.6,0.0,5.2,134,94,23.5,29.7,1011.5,100,0.0
2025-06-21 00:00:00,24.5,0.0,6.5,136,94,23.4,29.2,1011.2,100,0.0
2025-06-21 01:00:00,23.9,0.0,7.0,108,96,23.2,28.4,1010.8,100,0.0
2025-06-21 02:00:00,23.7,0.0,8.1,108,96,23.0,28.0,1010.3,100,0.0
2025-06-21 03:00:00,23.7,0.0,5.8,95,95,22.9,28.3,1010.6,100,0.0
2025-06-21 04:00:00,23.8,0.0,8.9,104,94,22.8,27.9,1010.3,100,0.0
2025-06-21 05:00:00,23.9,0.0,9.9,117,92,22.6,27.7,1010.0,100,0.0
2025-06-21 06:00:00,24.1,0.0,10.2,132,91,22.6,28.0,1009.9,100,19.0
2025-06-21 07:00:00,24.5,0.0,10.8,132,91,23.0,28.4,1009.8,100,59.0
2025-06-21 08:00:00,24.9,0.0,10.5,127,92,23.5,29.1,1009.8,100,88.0
2025-06-21 09:00:00,26.6,0.0,11.4,141,85,23.9,31.0,1009.7,100,350.0
2025-06-21 10:00:00,27.5,0.0,16.0,145,82,24.1,31.4,1009.3,100,355.0
2025-06-21 11:00:00,28.4,0.0,15.5,137,78,24.2,32.3,1008.8,100,508.0
2025-06-21 12:00:00,28.2,0.0,13.1,127,81,24.8,32.9,1008.4,100,452.0
2025-06-21 13:00:00,28.4,0.0,10.4,127,84,25.4,33.8,1007.9,100,476.0
2025-06-21 14:00:00,28.4,0.0,4.7,118,85,25.7,34.9,1007.4,100,387.0
2025-06-21 15:00:00,28.9,0.0,2.5,135,81,25.4,35.4,1007.0,100,333.0
2025-06-21 16:00:00,28.8,0.0,4.9,126,81,25.1,34.9,1006.5,100,324.0
2025-06-21 17:00:00,27.1,0.0,9.3,118,91,25.5,32.8,1006.3,86,175.0
2025-06-21 18:00:00,26.7,0.0,10.3,115,95,25.8,32.5,1006.4,25,216.0
2025-06-21 19:00:00,26.1,0.0,10.7,134,91,24.5,31.0,1006.6,98,92.0
2025-06-21 20:00:00,26.2,0.0,8.8,175,83,23.1,30.5,1007.0,100,6.0
2025-06-21 21:00:00,26.2,0.0,10.1,175,81,22.6,30.1,1007.4,99,0.0
2025-06-21 22:00:00,26.0,0.0,13.4,158,84,23.0,29.5,1007.8,100,0.0
2025-06-21 23:00:00,26.0,0.0,16.6,164,81,22.5,28.7,1007.5,100,0.0
2025-06-22 00:00:00,26.1,0.0,17.8,167,79,22.1,28.5,1007.0,100,0.0
2025-06-22 01:00:00,26.0,0.0,16.5,169,79,22.1,28.7,1006.4,88,0.0
2025-06-22 02:00:00,25.7,0.0,13.2,169,81,22.2,28.8,1006.3,66,0.0
2025-06-22 03:00:00,25.5,0.0,10.7,175,82,22.2,28.9,1006.3,78,0.0
2025-06-22 04:00:00,25.2,0.0,9.5,178,83,22.2,28.9,1006.1,92,0.0
2025-06-22 05:00:00,25.2,0.0,11.0,194,83,22.2,28.7,1006.5,79,0.0
2025-06-22 06:00:00,25.6,0.0,13.6,210,85,22.9,29.1,1006.9,100,22.0
2025-06-22 07:00:00,26.0,0.0,15.0,220,85,23.4,29.6,1007.1,100,59.0
2025-06-22 08:00:00,26.1,0.0,14.0,223,86,23.5,29.9,1007.3,99,69.0
2025-06-22 09:00:00,26.8,0.0,14.0,227,81,23.3,30.4,1007.2,100,186.0
2025-06-22 10:00:00,27.2,0.0,12.5,217,82,24.0,31.5,1007.1,100,281.0
2025-06-22 11:00:00,27.1,0.0,8.8,195,83,24.0,32.0,1007.0,100,247.0
2025-06-22 12:00:00,26.6,0.2,9.4,154,87,24.3,31.6,1006.5,100,208.0
2025-06-22 13:00:00,27.0,0.2,7.8,142,87,24.6,32.4,1005.8,100,315.0
2025-06-22 14:00:00,27.5,0.2,7.3,173,79,23.5,32.2,1005.5,100,206.0
2025-06-22 15:00:00,26.1,1.1,9.7,243,87,23.9,30.8,1005.7,100,200.0
2025-06-22 16:00:00,24.7,0.9,8.5,276,97,24.1,29.7,1005.8,100,99.0
2025-06-22 17:00:00,24.0,2.0,5.1,315,97,23.5,29.1,1006.0,100,90.0
2025-06-22 18:00:00,23.6,2.1,5.8,346,98,23.4,28.5,1006.0,100,47.0
2025-06-22 19:00:00,23.0,3.0,6.5,3,99,22.9,27.5,1006.7,100,11.0
2025-06-22 20:00:00,22.9,1.8,0.5,45,99,22.7,28.1,1006.6,100,1.0
2025-06-22 21:00:00,22.7,3.3,5.6,27,100,22.7,27.2,1007.2,100,0.0
2025-06-22 22:00:00,23.2,0.5,1.5,263,98,23.0,28.5,1007.2,100,0.0
2025-06-22 23:00:00,22.9,0.3,2.3,241,99,22.7,27.9,1007.1,100,0.0
2025-06-23 00:00:00,22.9,0.1,2.8,310,99,22.8,27.8,1006.8,100,0.0
2025-06-23 01:00:00,23.0,0.3,4.8,304,99,22.9,27.7,1006.8,100,0.0
2025-06-23 02:00:00,23.0,0.6,5.6,329,98,22.8,27.5,1006.5,100,0.0
2025-06-23 03:00:00,22.4,1.5,6.0,311,99,22.3,26.6,1007.2,100,0.0
2025-06-23 04:00:00,21.8,0.4,12.3,356,94,20.8,24.3,1006.9,100,0.0
2025-06-23 05:00:00,21.3,6.6,4.2,306,95,20.4,24.7,1006.9,100,0.0
2025-06-23 06:00:00,21.0,2.6,5.9,290,96,20.4,24.2,1007.3,100,5.0
2025-06-23 07:00:00,21.5,0.1,3.6,267,94,20.5,25.1,1007.6,100,32.0
2025-06-23 08:00:00,22.1,0.0,5.0,226,87,19.8,25.2,1007.7,99,112.0
2025-06-23 09:00:00,22.9,0.0,2.9,281,81,19.5,26.0,1007.6,100,218.0
2025-06-23 10:00:00,25.5,0.0,2.2,171,79,21.6,30.7,1007.8,5,674.0
2025-06-23 11:00:00,26.4,0.0,4.5,182,75,21.7,32.0,1007.7,69,792.0
2025-06-23 12:00:00,27.4,0.0,4.9,163,73,22.1,33.2,1007.3,98,788.0
2025-06-23 13:00:00,27.0,0.0,10.9,146,73,21.9,31.3,1007.0,39,729.0
2025-06-23 14:00:00,26.6,0.1,14.3,155,76,22.1,30.4,1006.9,100,726.0
2025-06-23 15:00:00,26.5,0.1,9.1,162,78,22.4,30.3,1006.4,100,556.0
2025-06-23 16:00:00,26.1,0.4,6.2,202,82,22.8,30.6,1006.3,100,509.0
2025-06-23 17:00:00,24.9,0.7,4.4,153,89,23.0,29.7,1006.3,100,214.0
2025-06-23 18:00:00,24.1,0.1,6.4,112,93,22.9,28.6,1006.5,99,130.0
2025-06-23 19:00:00,23.9,0.0,7.0,100,93,22.6,28.1,1007.1,83,66.0
2025-06-23 20:00:00,23.5,0.1,5.8,99,95,22.6,27.9,1007.5,100,5.0
2025-06-23 21:00:00,23.3,0.1,2.5,120,96,22.6,28.2,1008.1,100,0.0
2025-06-23 22:00:00,23.5,1.4,5.7,32,99,23.2,28.3,1007.9,100,0.0
2025-06-23 23:00:00,23.4,2.1,5.3,100,99,23.1,28.2,1008.0,100,0.0
2025-06-24 00:00:00,23.2,2.9,8.8,73,98,23.0,27.4,1008.2,100,0.0
2025-06-24 01:00:00,23.1,2.4,9.0,90,99,22.9,27.2,1008.5,100,0.0
2025-06-24 02:00:00,23.2,1.5,10.7,95,99,23.0,27.1,1008.0,100,0.0
2025-06-24 03:00:00,23.4,0.3,12.6,103,98,23.0,27.1,1008.0,100,0.0
2025-06-24 04:00:00,23.5,1.2,11.1,107,98,23.1,27.4,1007.9,100,0.0
2025-06-24 05:00:00,23.5,2.8,9.3,105,98,23.0,27.6,1008.4,100,0.0
2025-06-24 06:00:00,23.5,2.0,11.1,106,98,23.1,27.5,1008.6,100,4.0
2025-06-24 07:00:00,23.9,1.1,11.8,115,98,23.5,28.0,1009.1,100,64.0
2025-06-24 08:00:00,23.9,0.6,11.6,86,99,23.6,28.0,1009.4,100,66.0
2025-06-24 09:00:00,25.1,0.2,15.0,94,92,23.7,28.9,1009.5,100,286.0
2025-06-24 10:00:00,24.6,1.2,13.6,101,94,23.7,28.6,1009.8,99,189.0
2025-06-24 11:00:00,26.1,0.2,17.6,101,89,24.1,29.7,1009.6,100,552.0
2025-06-24 12:00:00,26.6,0.0,15.6,111,85,23.9,30.4,1009.6,100,517.0
2025-06-24 13:00:00,25.8,0.0,13.8,99,89,23.9,29.8,1009.2,100,278.0
2025-06-24 14:00:00,25.9,0.3,15.8,98,90,24.0,29.7,1008.9,100,367.0
2025-06-24 15:00:00,25.2,1.7,17.9,103,93,24.0,28.7,1008.6,100,266.0
2025-06-24 16:00:00,24.6,2.1,16.5,101,97,24.0,28.3,1008.2,100,167.0
2025-06-24 17:00:00,24.3,2.8,17.3,104,98,23.9,27.8,1008.1,100,73.0
2025-06-24 18:00:00,24.2,6.5,17.6,104,98,23.8,27.6,1008.2,100,25.0
2025-06-24 19:00:00,24.2,6.1,22.1,111,97,23.7,26.9,1008.0,100,10.0
2025-06-24 20:00:00,24.5,3.8,21.5,146,96,23.9,27.3,1008.7,100,1.0
2025-06-24 21:00:00,24.2,1.9,13.5,138,96,23.5,28.0,1009.5,100,0.0
2025-06-24 22:00:00,24.3,1.4,14.9,111,98,24.0,28.2,1010.3,100,0.0
2025-06-24 23:00:00,24.1,1.8,16.1,106,98,23.8,27.7,1010.3,100,0.0
2025-06-25 00:00:00,24.1,0.5,18.4,116,97,23.6,27.3,1009.9,100,0.0
2025-06-25 01:00:00,24.0,0.0,19.4,112,97,23.5,26.9,1009.6,97,0.0
2025-06-25 02:00:00,24.0,0.0,17.0,114,97,23.5,27.3,1009.5,100,0.0
2025-06-25 03:00:00,24.1,0.0,16.1,119,97,23.5,27.6,1009.3,100,0.0
2025-06-25 04:00:00,24.0,0.0,13.0,118,97,23.5,27.9,1009.3,99,0.0
2025-06-25 05:00:00,23.8,0.0,13.9,115,97,23.3,27.4,1009.2,99,0.0
2025-06-25 06:00:00,24.0,0.1,13.2,119,97,23.5,27.8,1009.4,97,21.0
2025-06-25 07:00:00,24.7,0.0,13.5,121,94,23.7,28.7,1009.6,100,126.0
2025-06-25 08:00:00,25.6,0.0,11.7,126,89,23.6,29.8,1010.2,92,288.0
2025-06-25 09:00:00,26.4,0.0,11.9,132,89,24.5,31.1,1010.1,100,430.0
2025-06-25 10:00:00,26.5,0.4,7.7,156,88,24.4,31.8,1010.4,100,245.0
2025-06-25 11:00:00,26.9,0.2,6.3,141,92,25.4,32.9,1009.8,95,394.0
2025-06-25 12:00:00,28.2,0.5,10.9,149,88,26.0,34.6,1009.4,97,639.0
2025-06-25 13:00:00,26.9,2.0,14.4,193,91,25.4,31.8,1009.3,100,510.0
2025-06-25 14:00:00,27.0,0.2,2.2,261,91,25.5,33.8,1009.5,99,337.0
2025-06-25 15:00:00,26.0,4.0,3.2,286,88,24.0,31.6,1009.5,100,296.0
2025-06-25 16:00:00,26.8,0.0,8.4,121,87,24.5,32.0,1009.1,99,444.0
2025-06-25 17:00:00,26.5,0.4,7.3,200,87,24.1,31.7,1008.9,90,281.0
2025-06-25 18:00:00,26.1,0.1,2.9,227,86,23.6,31.6,1008.7,56,165.0
2025-06-25 19:00:00,25.1,0.1,7.2,297,89,23.1,29.6,1008.8,73,81.0
2025-06-25 20:00:00,23.8,0.1,9.5,289,91,22.2,27.4,1009.2,90,4.0
2025-06-25 21:00:00,23.0,1.1,9.7,289,92,21.6,26.4,1009.6,99,0.0
2025-06-25 22:00:00,22.6,0.8,12.0,291,93,21.5,25.6,1009.9,100,0.0
2025-06-25 23:00:00,22.1,1.6,9.2,301,96,21.5,25.4,1009.7,99,0.0
2025-06-26 00:00:00,21.9,2.9,5.2,331,96,21.3,25.7,1009.5,100,0.0
2025-06-26 01:00:00,22.0,1.1,5.0,316,96,21.4,25.8,1009.5,100,0.0
2025-06-26 02:00:00,22.5,0.4,11.7,311,95,21.6,25.5,1009.7,100,0.0
2025-06-26 03:00:00,22.5,0.2,14.7,292,94,21.5,24.9,1009.5,100,0.0
2025-06-26 04:00:00,22.4,0.0,14.0,288,92,21.0,24.7,1009.7,100,0.0
2025-06-26 05:00:00,22.0,0.0,13.7,293,91,20.5,24.2,1009.9,100,0.0
2025-06-26 06:00:00,22.0,0.0,12.9,289,90,20.4,24.2,1010.2,100,25.0
2025-06-26 07:00:00,22.9,0.0,13.0,280,86,20.5,25.1,1010.1,100,135.0
2025-06-26 08:00:00,23.8,0.0,11.4,281,82,20.4,26.2,1010.1,100,291.0
2025-06-26 09:00:00,24.7,0.0,9.3,278,77,20.5,27.4,1010.5,100,493.0
2025-06-26 10:00:00,26.0,0.0,8.7,264,73,20.8,29.9,1010.2,100,687.0
2025-06-26 11:00:00,26.8,0.0,7.8,255,68,20.3,31.0,1009.8,100,764.0
2025-06-26 12:00:00,27.4,0.0,9.1,249,63,19.6,31.3,1009.6,100,815.0
2025-06-26 13:00:00,28.0,0.0,10.5,266,57,18.6,32.0,1009.3,80,937.0
2025-06-26 14:00:00,28.1,0.0,10.9,290,56,18.5,31.6,1008.8,100,900.0
2025-06-26 15:00:00,27.8,0.0,12.1,295,58,18.9,30.5,1008.8,100,748.0
2025-06-26 16:00:00,27.3,0.0,13.6,294,61,19.1,29.0,1008.2,99,598.0
2025-06-26 17:00:00,26.6,0.0,13.2,292,62,18.8,27.9,1008.0,97,464.0
2025-06-26 18:00:00,25.4,0.0,13.2,292,66,18.6,26.7,1008.3,98,234.0
2025-06-26 19:00:00,24.2,0.0,12.1,298,70,18.4,25.6,1008.5,99,97.0
2025-06-26 20:00:00,23.4,0.0,10.8,302,75,18.7,25.1,1008.8,100,6.0
2025-06-26 21:00:00,23.0,0.0,10.1,310,80,19.4,25.1,1009.2,100,0.0
2025-06-26 22:00:00,23.3,0.0,10.7,307,79,19.5,25.3,1009.6,99,0.0
2025-06-26 23:00:00,22.9,0.0,10.4,300,81,19.5,25.0,1009.6,95,0.0
2025-06-27 00:00:00,22.7,0.0,10.4,293,83,19.6,24.9,1009.5,53,0.0
2025-06-27 01:00:00,22.4,0.0,9.5,299,86,20.0,24.9,1008.9,74,0.0
2025-06-27 02:00:00,22.1,0.0,9.0,305,88,20.1,24.7,1008.6,16,0.0
2025-06-27 03:00:00,21.9,0.0,8.8,309,91,20.3,24.6,1008.5,8,0.0
2025-06-27 04:00:00,21.9,0.0,10.1,301,91,20.4,24.4,1008.7,96,0.0
2025-06-27 05:00:00,21.9,0.0,9.7,298,91,20.2,24.4,1008.8,98,0.0
2025-06-27 06:00:00,22.2,0.0,9.3,299,89,20.3,24.9,1009.2,64,30.0
2025-06-27 07:00:00,23.4,0.0,9.1,291,84,20.5,26.2,1009.4,92,164.0
2025-06-27 08:00:00,24.4,0.0,9.0,276,79,20.4,27.1,1009.4,61,353.0
2025-06-27 09:00:00,25.4,0.0,8.8,272,73,20.1,28.0,1009.4,97,540.0
2025-06-27 10:00:00,26.6,0.0,9.4,271,68,20.1,30.1,1009.6,63,707.0
2025-06-27 11:00:00,27.5,0.0,9.4,273,61,19.4,31.3,1009.3,25,837.0
2025-06-27 12:00:00,28.2,0.0,11.1,278,57,19.0,32.0,1008.9,25,910.0
2025-06-27 13:00:00,28.8,0.0,13.6,281,51,17.8,31.6,1008.3,69,925.0
2025-06-27 14:00:00,28.6,0.0,14.6,288,49,17.0,30.7,1008.0,100,881.0
2025-06-27 15:00:00,28.3,0.0,14.2,291,51,17.1,30.0,1007.8,96,781.0
2025-06-27 16:00:00,27.7,0.0,13.6,292,53,17.3,28.4,1007.7,35,560.0
2025-06-27 17:00:00,27.0,0.0,13.8,297,57,17.8,27.8,1007.4,4,456.0
2025-06-27 18:00:00,26.0,0.0,14.8,300,64,18.7,27.0,1007.4,43,278.0
2025-06-27 19:00:00,24.8,0.0,13.9,309,69,18.6,26.0,1007.7,7,103.0
2025-06-27 20:00:00,23.9,0.0,12.4,310,71,18.3,25.1,1008.0,24,7.0
2025-06-27 21:00:00,23.1,0.0,10.0,300,75,18.5,24.8,1008.7,2,0.0
2025-06-27 22:00:00,23.4,0.0,9.8,300,78,19.2,25.5,1009.1,17,0.0
2025-06-27 23:00:00,23.2,0.0,11.3,295,80,19.6,25.3,1009.2,2,0.0
2025-06-28 00:00:00,23.0,0.0,11.3,301,85,20.4,25.4,1009.3,0,0.0
2025-06-28 01:00:00,23.0,0.0,10.6,302,90,21.2,25.9,1008.9,9,0.0
2025-06-28 02:00:00,22.9,0.0,9.5,309,93,21.8,26.3,1008.5,63,0.0
2025-06-28 03:00:00,23.0,0.0,10.2,314,95,22.1,26.4,1008.6,87,0.0
2025-06-28 04:00:00,23.3,0.0,9.6,317,96,22.6,27.2,1008.7,100,0.0
2025-06-28 05:00:00,23.7,0.0,7.6,315,96,23.0,28.1,1008.7,98,0.0
2025-06-28 06:00:00,23.9,0.0,6.9,329,96,23.2,28.5,1008.8,88,12.0
2025-06-28 07:00:00,24.6,0.0,7.5,318,94,23.5,29.3,1008.9,87,65.0
2025-06-28 08:00:00,25.5,0.0,9.4,294,90,23.6,30.0,1008.7,40,182.0
2025-06-28 09:00:00,26.5,0.0,11.1,277,84,23.7,30.9,1008.6,57,403.0
2025-06-28 10:00:00,27.7,0.0,12.7,285,77,23.2,31.9,1008.6,26,618.0
2025-06-28 11:00:00,28.5,0.0,14.2,279,72,22.9,33.1,1008.4,17,798.0
2025-06-28 12:00:00,28.7,0.0,15.5,278,71,22.9,33.5,1008.2,25,865.0
2025-06-28 13:00:00,28.8,0.0,15.2,281,72,23.2,33.8,1007.9,12,857.0
2025-06-28 14:00:00,28.9,0.0,16.9,277,72,23.2,33.7,1007.4,17,859.0
2025-06-28 15:00:00,28.9,0.0,16.1,276,74,23.6,33.6,1007.2,39,775.0
2025-06-28 16:00:00,28.8,0.0,14.9,279,75,24.0,33.2,1006.7,2,638.0
2025-06-28 17:00:00,28.4,0.0,14.0,279,77,24.0,32.4,1006.6,1,464.0
2025-06-28 18:00:00,27.5,0.0,13.3,273,81,23.9,31.5,1006.7,0,276.0
2025-06-28 19:00:00,26.2,0.0,13.5,275,86,23.8,30.3,1006.9,0,103.0
2025-06-28 20:00:00,25.2,0.0,11.9,288,91,23.6,29.4,1007.4,0,7.0
2025-06-28 21:00:00,24.8,0.0,9.9,299,93,23.6,29.2,1008.0,0,0.0
2025-06-28 22:00:00,25.2,0.0,8.5,291,95,24.3,30.3,1008.1,22,0.0
2025-06-28 23:00:00,24.9,0.0,7.9,294,96,24.2,30.0,1008.1,59,0.0
2025-06-29 00:00:00,24.6,0.0,7.5,303,97,24.2,29.8,1008.1,100,0.0
2025-06-29 01:00:00,24.5,0.0,6.9,313,99,24.2,29.8,1007.8,100,0.0
2025-06-29 02:00:00,24.3,0.0,6.0,311,99,24.1,29.6,1007.6,100,0.0
2025-06-29 03:00:00,24.1,0.0,4.9,309,100,24.0,29.5,1007.7,100,0.0
2025-06-29 04:00:00,24.0,0.0,4.8,307,100,24.0,29.3,1007.9,100,0.0
2025-06-29 05:00:00,23.9,0.0,4.1,319,100,23.9,29.3,1008.0,100,0.0
2025-06-29 06:00:00,24.0,0.0,4.7,313,99,23.8,29.2,1008.4,100,19.0
2025-06-29 07:00:00,24.5,0.0,4.7,286,95,23.8,29.8,1008.6,100,112.0
2025-06-29 08:00:00,25.6,0.1,4.8,257,90,23.8,30.8,1008.8,100,267.0
2025-06-29 09:00:00,26.5,0.0,6.0,243,86,23.9,31.6,1009.2,94,421.0
2025-06-29 10:00:00,28.0,0.0,7.0,252,79,24.0,33.5,1009.7,54,608.0
2025-06-29 11:00:00,28.6,0.0,5.7,238,79,24.5,35.6,1009.6,1,782.0
2025-06-29 12:00:00,29.3,0.0,5.5,226,76,24.7,37.0,1009.4,0,854.0
2025-06-29 13:00:00,30.2,0.0,5.4,249,73,24.8,38.3,1008.9,0,908.0
2025-06-29 14:00:00,30.7,0.0,7.0,244,69,24.4,38.0,1008.5,0,880.0
2025-06-29 15:00:00,30.6,0.0,8.8,244,65,23.2,36.3,1008.3,0,782.0
2025-06-29 16:00:00,30.4,0.0,9.1,255,59,21.5,34.2,1008.2,0,636.0
2025-06-29 17:00:00,29.8,0.0,9.4,269,60,21.1,32.9,1008.3,1,455.0
2025-06-29 18:00:00,28.5,0.0,7.6,273,68,22.0,32.3,1008.3,4,263.0
2025-06-29 19:00:00,27.0,0.0,4.9,276,79,23.1,31.8,1008.5,7,99.0
2025-06-29 20:00:00,25.5,0.0,0.5,270,91,23.8,31.3,1008.7,1,6.0
2025-06-29 21:00:00,24.5,0.0,1.9,61,95,23.6,30.2,1009.5,6,0.0
2025-06-29 22:00:00,25.0,0.0,1.6,276,96,24.4,31.1,1010.0,0,0.0
2025-06-29 23:00:00,24.6,0.0,2.6,51,98,24.2,30.5,1010.1,7,0.0
2025-06-30 00:00:00,24.4,0.0,6.5,62,99,24.1,29.6,1010.2,42,0.0
2025-06-30 01:00:00,24.2,0.0,7.7,62,98,23.9,29.1,1010.2,94,0.0
2025-06-30 02:00:00,24.2,0.0,6.8,73,96,23.6,29.1,1010.3,37,0.0
2025-06-30 03:00:00,24.4,0.0,6.3,75,95,23.5,29.2,1010.5,20,0.0
2025-06-30 04:00:00,24.4,0.0,7.6,75,94,23.4,29.0,1010.4,10,0.0
2025-06-30 05:00:00,24.4,0.0,7.9,78,94,23.5,29.0,1010.8,5,0.0
2025-06-30 06:00:00,24.6,0.0,9.0,80,95,23.8,29.3,1011.3,3,27.0
2025-06-30 07:00:00,25.6,0.0,11.3,88,91,24.0,30.1,1011.7,52,157.0
2025-06-30 08:00:00,26.7,0.0,11.0,100,87,24.4,31.4,1011.9,59,328.0
2025-06-30 09:00:00,27.5,0.0,9.4,110,86,24.9,32.8,1011.8,20,491.0
2025-06-30 10:00:00,28.4,0.0,10.3,121,84,25.4,34.3,1012.3,0,630.0
2025-06-30 11:00:00,28.8,0.0,10.7,126,83,25.5,35.4,1012.3,0,749.0
2025-06-30 12:00:00,29.4,0.0,11.3,126,79,25.2,36.4,1012.0,2,868.0
2025-06-30 13:00:00,29.5,0.0,11.6,123,78,25.4,36.8,1011.6,5,896.0
2025-06-30 14:00:00,29.6,0.0,11.6,122,78,25.5,36.7,1011.3,4,853.0
2025-06-30 15:00:00,29.6,0.0,8.4,121,79,25.6,36.8,1011.1,6,767.0
2025-06-30 16:00:00,29.6,0.0,7.0,134,79,25.6,36.0,1011.0,11,601.0
2025-06-30 17:00:00,29.1,0.0,7.3,136,82,25.8,35.3,1010.9,9,432.0
2025-06-30 18:00:00,28.0,0.0,6.6,127,86,25.5,34.2,1011.2,14,247.0
2025-06-30 19:00:00,27.0,0.0,7.0,113,88,24.9,32.6,1011.6,5,90.0
2025-06-30 20:00:00,26.1,0.0,7.7,89,91,24.5,31.4,1011.9,16,6.0
2025-06-30 21:00:00,25.8,0.0,8.0,85,91,24.1,30.8,1012.6,96,0.0
2025-06-30 22:00:00,25.6,0.0,6.7,84,95,24.7,31.2,1012.6,7,0.0
2025-06-30 23:00:00,25.5,0.0,5.6,86,94,24.4,31.0,1012.8,3,0.0
2025-07-01 00:00:00,25.2,0.0,6.2,82,94,24.2,30.6,1012.7,0,0.0
2025-07-01 01:00:00,25.1,0.0,5.6,92,93,24.0,30.4,1012.8,0,0.0
2025-07-01 02:00:00,24.9,0.0,6.3,88,94,23.8,30.0,1012.7,0,0.0
2025-07-01 03:00:00,24.8,0.0,5.1,80,94,23.7,29.9,1013.2,0,0.0
2025-07-01 04:00:00,24.6,0.0,5.2,90,94,23.6,29.7,1013.5,0,0.0
2025-07-01 05:00:00,24.5,0.0,5.8,90,95,23.6,29.5,1013.7,0,0.0
2025-07-01 06:00:00,24.8,0.0,7.1,84,95,23.9,29.7,1014.0,0,27.0
2025-07-01 07:00:00,25.6,0.0,7.0,89,93,24.4,30.9,1014.3,15,157.0
2025-07-01 08:00:00,26.8,0.0,6.6,101,90,25.0,32.5,1014.4,6,337.0
2025-07-01 09:00:00,28.0,0.0,5.7,122,86,25.4,34.1,1014.5,7,521.0
2025-07-01 10:00:00,28.8,0.0,6.5,161,85,25.9,36.0,1014.7,72,689.0
2025-07-01 11:00:00,29.2,0.0,6.3,167,83,26.0,37.3,1014.6,100,811.0
2025-07-01 12:00:00,30.0,0.0,4.6,171,79,26.0,38.7,1014.2,100,844.0
2025-07-01 13:00:00,30.5,0.0,7.6,207,75,25.6,38.1,1013.7,100,820.0
2025-07-01 14:00:00,31.1,0.0,10.5,246,68,24.5,37.5,1013.2,100,818.0
2025-07-01 15:00:00,31.4,0.0,13.2,273,65,24.0,36.4,1012.9,100,710.0
2025-07-01 16:00:00,30.8,0.0,15.2,280,67,24.0,34.7,1012.5,100,556.0
2025-07-01 17:00:00,29.9,0.0,13.1,282,74,24.8,34.5,1012.3,100,382.0
2025-07-01 18:00:00,29.0,0.0,11.0,295,79,25.0,34.1,1012.1,100,208.0
2025-07-01 19:00:00,28.2,0.0,9.0,300,83,25.0,33.7,1012.3,100,82.0
2025-07-01 20:00:00,27.3,0.0,6.5,289,87,24.9,33.0,1012.5,100,6.0
2025-07-01 21:00:00,26.6,0.0,5.5,281,91,25.0,32.5,1013.2,96,0.0
2025-07-01 22:00:00,26.2,0.0,2.2,279,94,25.2,32.8,1013.6,68,0.0
2025-07-01 23:00:00,25.7,0.0,3.6,252,98,25.4,32.2,1013.3,7,0.0
2025-07-02 00:00:00,25.4,0.0,4.1,285,100,25.3,31.7,1013.4,1,0.0
2025-07-02 01:00:00,24.9,0.0,3.2,322,100,24.9,31.1,1013.2,96,0.0
2025-07-02 02:00:00,24.6,0.0,4.3,327,99,24.5,30.5,1013.4,80,0.0
2025-07-02 03:00:00,24.6,0.0,7.1,315,98,24.2,29.8,1013.6,23,0.0
2025-07-02 04:00:00,24.9,0.0,8.2,306,94,24.0,29.8,1013.5,17,0.0
2025-07-02 05:00:00,24.9,0.0,7.0,302,96,24.1,30.1,1013.9,21,0.0
2025-07-02 06:00:00,25.2,0.0,7.8,299,96,24.5,30.5,1014.3,63,25.0
2025-07-02 07:00:00,26.2,0.0,11.7,290,92,24.9,31.2,1014.2,88,139.0
2025-07-02 08:00:00,27.1,0.0,10.9,290,85,24.5,31.9,1014.1,44,296.0
2025-07-02 09:00:00,28.1,0.0,10.1,292,81,24.5,33.1,1014.3,21,501.0
2025-07-02 10:00:00,29.5,0.0,8.2,279,74,24.2,35.3,1014.1,4,683.0
2025-07-02 11:00:00,30.5,0.0,9.0,283,69,24.0,36.8,1013.9,97,817.0
2025-07-02 12:00:00,31.5,0.0,11.2,281,59,22.4,37.0,1013.4,100,897.0
2025-07-02 13:00:00,32.0,0.0,12.8,280,54,21.5,36.8,1012.8,100,918.0
2025-07-02 14:00:00,32.1,0.0,12.5,277,55,21.9,36.9,1012.4,100,877.0
2025-07-02 15:00:00,31.9,0.0,12.4,269,57,22.3,36.5,1011.9,100,783.0
2025-07-02 16:00:00,31.5,0.0,12.4,270,59,22.5,35.5,1011.3,100,638.0
2025-07-02 17:00:00,30.9,0.0,10.5,276,62,22.8,34.7,1011.2,100,460.0
2025-07-02 18:00:00,29.9,0.0,10.1,269,68,23.4,34.1,1011.5,99,260.0
2025-07-02 19:00:00,28.5,0.0,11.8,264,75,23.6,32.6,1011.8,99,97.0
2025-07-02 20:00:00,27.1,0.0,10.6,267,81,23.5,31.4,1011.8,21,7.0
2025-07-02 21:00:00,26.3,0.0,7.7,281,85,23.5,31.0,1011.9,16,0.0
2025-07-02 22:00:00,26.1,0.0,6.3,305,92,24.8,31.8,1012.2,98,0.0
2025-07-02 23:00:00,25.5,0.0,6.6,323,93,24.4,30.9,1011.9,30,0.0
2025-07-03 00:00:00,25.4,0.0,7.0,342,90,23.6,30.2,1011.8,93,0.0
2025-07-03 01:00:00,25.1,0.0,4.4,339,87,22.8,29.8,1011.7,98,0.0
2025-07-03 02:00:00,25.0,0.0,4.3,303,86,22.5,29.6,1011.7,100,0.0
2025-07-03 03:00:00,24.9,0.0,8.4,298,91,23.2,29.3,1011.8,94,0.0
2025-07-03 04:00:00,24.9,0.0,8.8,301,94,23.9,29.6,1011.6,88,0.0
2025-07-03 05:00:00,24.8,0.0,7.8,302,96,24.1,29.8,1011.8,97,0.0
2025-07-03 06:00:00,25.0,0.0,9.4,293,96,24.2,29.9,1012.3,97,21.0
2025-07-03 07:00:00,26.1,0.0,10.4,287,88,24.0,30.7,1012.6,55,114.0
2025-07-03 08:00:00,27.2,0.0,9.6,278,81,23.7,31.8,1012.6,54,285.0
2025-07-03 09:00:00,28.3,0.0,8.4,285,79,24.3,33.4,1012.6,100,514.0
2025-07-03 10:00:00,29.8,0.0,8.8,281,71,23.9,35.4,1012.6,58,698.0
2025-07-03 11:00:00,30.6,0.0,11.5,278,65,23.4,36.2,1012.4,26,821.0
2025-07-03 12:00:00,31.5,0.0,12.8,281,61,23.0,37.0,1011.6,64,899.0
2025-07-03 13:00:00,32.2,0.0,13.4,290,56,22.2,37.3,1011.0,43,923.0
2025-07-03 14:00:00,32.6,0.0,12.6,292,53,21.8,37.4,1010.2,100,879.0
2025-07-03 15:00:00,32.5,0.0,14.1,295,52,21.5,36.2,1009.9,94,763.0
2025-07-03 16:00:00,31.7,0.0,12.8,292,55,21.6,35.0,1009.5,26,630.0
2025-07-03 17:00:00,31.0,0.0,12.0,300,58,21.8,34.0,1009.3,1,469.0
2025-07-03 18:00:00,30.1,0.0,10.1,303,62,22.1,33.7,1009.3,3,279.0
2025-07-03 19:00:00,29.1,0.0,8.5,291,67,22.5,33.1,1009.6,8,104.0
2025-07-03 20:00:00,28.1,0.0,8.5,272,71,22.5,32.0,1009.8,8,7.0
2025-07-03 21:00:00,27.2,0.0,9.5,289,76,22.8,31.2,1010.2,1,0.0
2025-07-03 22:00:00,27.2,0.0,7.8,285,83,24.1,32.3,1010.1,72,0.0
2025-07-03 23:00:00,26.9,0.0,9.3,299,86,24.3,31.8,1009.9,100,0.0
2025-07-04 00:00:00,26.8,0.0,11.0,300,88,24.5,31.6,1010.1,97,0.0
2025-07-04 01:00:00,26.6,0.0,11.9,302,88,24.5,31.3,1009.8,98,0.0
2025-07-04 02:00:00,26.6,0.0,13.0,298,88,24.5,31.1,1009.6,90,0.0
2025-07-04 03:00:00,26.5,0.0,13.0,295,90,24.6,31.1,1009.7,100,0.0
2025-07-04 04:00:00,26.4,0.0,11.9,290,91,24.8,31.2,1009.5,20,0.0
2025-07-04 05:00:00,26.0,0.0,10.2,288,92,24.6,30.9,1009.1,35,0.0
2025-07-04 06:00:00,26.1,0.0,9.5,295,91,24.5,31.2,1009.0,32,26.0
2025-07-04 07:00:00,27.1,0.0,10.7,295,85,24.4,31.9,1009.3,8,158.0
2025-07-04 08:00:00,28.0,0.0,13.0,287,80,24.1,32.3,1009.6,23,340.0
2025-07-04 09:00:00,28.9,0.0,12.9,278,75,23.9,33.0,1009.7,24,525.0
2025-07-04 10:00:00,30.0,0.0,9.7,274,68,23.5,35.2,1010.1,7,693.0
2025-07-04 11:00:00,30.8,0.0,8.8,274,65,23.4,36.8,1009.9,100,819.0
2025-07-04 12:00:00,31.8,0.0,10.0,279,60,23.0,37.8,1009.4,98,891.0
2025-07-04 13:00:00,32.3,0.0,14.0,294,57,22.9,37.7,1008.6,93,913.0
2025-07-04 14:00:00,32.2,0.0,17.8,294,59,23.0,36.7,1008.2,93,879.0
2025-07-04 15:00:00,31.8,0.0,18.5,295,61,23.2,35.7,1007.8,92,766.0
2025-07-04 16:00:00,31.0,0.0,18.9,300,63,23.2,34.3,1007.3,80,636.0
2025-07-04 17:00:00,30.3,0.0,17.3,301,66,23.4,33.5,1007.1,100,466.0
2025-07-04 18:00:00,29.4,0.0,15.0,299,71,23.6,33.1,1007.3,99,276.0
2025-07-04 19:00:00,28.2,0.0,13.0,299,76,23.7,32.3,1007.2,64,104.0
2025-07-04 20:00:00,27.2,0.0,11.0,295,81,23.8,31.6,1007.1,21,7.0
2025-07-04 21:00:00,27.0,0.0,10.7,300,83,23.8,31.4,1007.3,57,0.0
2025-07-04 22:00:00,27.2,0.0,12.9,307,88,25.1,32.1,1007.6,100,0.0
2025-07-04 23:00:00,27.1,0.0,12.6,296,89,25.0,32.0,1007.5,100,0.0
2025-07-05 00:00:00,27.0,0.0,12.5,290,89,25.0,31.9,1007.3,100,0.0
2025-07-05 01:00:00,27.0,0.0,14.2,288,90,25.1,31.7,1007.2,99,0.0
2025-07-05 02:00:00,26.9,0.0,14.9,278,90,25.0,31.4,1007.3,100,0.0
2025-07-05 03:00:00,26.6,0.0,13.7,279,91,25.0,31.3,1007.6,100,0.0
2025-07-05 04:00:00,26.5,0.0,13.5,275,91,24.9,31.2,1007.3,96,0.0
2025-07-05 05:00:00,26.4,0.0,13.3,270,91,24.8,31.1,1007.3,91,0.0
2025-07-05 06:00:00,26.6,0.0,12.3,273,90,24.9,31.5,1007.5,63,20.0
2025-07-05 07:00:00,27.3,0.0,12.4,268,85,24.5,31.9,1007.7,12,145.0
2025-07-05 08:00:00,28.1,0.0,14.2,263,79,24.1,32.3,1007.6,26,327.0
2025-07-05 09:00:00,29.0,0.0,14.3,266,73,23.8,32.9,1007.6,25,502.0
2025-07-05 10:00:00,30.4,0.1,16.4,274,66,23.4,34.2,1007.5,75,659.0
2025-07-05 11:00:00,31.0,0.0,16.6,283,65,23.7,35.6,1007.2,14,757.0
2025-07-05 12:00:00,31.6,0.0,17.8,293,63,23.6,36.6,1006.9,14,878.0
2025-07-05 13:00:00,31.5,0.0,21.1,299,63,23.6,36.0,1006.6,6,914.0
2025-07-05 14:00:00,31.2,0.0,20.2,294,66,24.0,35.9,1006.2,2,870.0
2025-07-05 15:00:00,31.0,0.0,19.5,291,67,24.1,35.5,1005.8,98,787.0
2025-07-05 16:00:00,30.5,0.0,18.3,296,69,24.2,34.5,1005.2,93,644.0
2025-07-05 17:00:00,29.7,0.0,18.0,299,72,24.0,33.2,1004.8,87,464.0
2025-07-05 18:00:00,28.9,0.0,17.1,306,74,23.8,32.3,1004.8,96,279.0
2025-07-05 19:00:00,28.0,0.0,16.8,311,77,23.6,31.4,1005.2,100,103.0
2025-07-05 20:00:00,27.5,0.0,16.2,301,80,23.7,31.1,1005.4,99,7.0
2025-07-05 21:00:00,27.5,0.0,16.0,294,81,23.9,31.2,1005.8,100,0.0
2025-07-05 22:00:00,27.5,0.0,13.9,290,80,23.9,31.5,1006.0,25,0.0
2025-07-05 23:00:00,27.5,0.0,14.0,278,81,23.9,31.5,1006.0,95,0.0
2025-07-06 00:00:00,27.4,0.0,13.5,272,81,24.0,31.5,1006.0,21,0.0
2025-07-06 01:00:00,27.2,0.0,13.0,272,81,23.8,31.3,1006.1,2,0.0
2025-07-06 02:00:00,27.1,0.0,12.2,262,83,24.0,31.4,1006.1,33,0.0
2025-07-06 03:00:00,26.9,0.0,11.7,259,86,24.3,31.5,1006.1,59,0.0
2025-07-06 04:00:00,26.6,0.0,12.3,262,89,24.5,31.2,1005.8,59,0.0
2025-07-06 05:00:00,26.5,0.0,13.0,264,89,24.6,31.1,1005.8,39,0.0
2025-07-06 06:00:00,26.5,0.0,12.7,263,89,24.5,31.1,1006.1,94,22.0
2025-07-06 07:00:00,27.1,0.1,14.0,263,85,24.4,31.4,1006.3,99,137.0
2025-07-06 08:00:00,27.9,0.1,15.7,270,80,24.0,31.7,1006.2,69,317.0
2025-07-06 09:00:00,28.7,0.4,18.5,276,73,23.4,31.7,1006.2,58,484.0
2025-07-06 10:00:00,30.0,0.0,20.1,280,66,23.0,33.1,1006.1,100,656.0
2025-07-06 11:00:00,30.6,0.0,22.0,281,63,22.9,33.9,1006.1,100,774.0
2025-07-06 12:00:00,30.6,0.0,23.3,287,64,23.0,33.9,1006.0,100,803.0
2025-07-06 13:00:00,30.6,0.0,24.2,288,63,22.9,33.7,1005.5,100,801.0
2025-07-06 14:00:00,30.1,0.0,23.3,292,65,22.9,33.1,1004.8,100,734.0
2025-07-06 15:00:00,30.3,0.0,22.1,293,63,22.5,33.1,1004.2,100,734.0
2025-07-06 16:00:00,29.9,0.0,20.6,294,66,22.9,32.5,1003.6,100,590.0
2025-07-06 17:00:00,29.5,0.0,19.8,300,70,23.4,32.3,1003.4,100,445.0
2025-07-06 18:00:00,28.8,0.0,18.1,305,74,23.6,32.0,1003.6,100,266.0
2025-07-06 19:00:00,28.0,0.0,18.3,307,77,23.6,31.2,1004.1,100,101.0
2025-07-06 20:00:00,27.4,0.0,18.4,301,81,23.8,30.7,1004.6,99,7.0
2025-07-06 21:00:00,27.1,0.0,18.2,293,82,23.7,30.4,1005.3,100,0.0
2025-07-06 22:00:00,27.1,0.0,16.9,294,83,24.0,30.8,1005.4,97,0.0
2025-07-06 23:00:00,26.9,0.0,17.3,287,87,24.6,30.9,1005.4,100,0.0
2025-07-07 00:00:00,26.7,0.0,15.9,282,91,25.0,31.2,1005.6,100,0.0
2025-07-07 01:00:00,26.5,0.0,14.6,279,91,25.0,31.2,1005.5,72,0.0
2025-07-07 02:00:00,26.6,0.0,13.4,276,90,24.9,31.3,1005.3,99,0.0
2025-07-07 03:00:00,26.5,0.0,11.5,272,90,24.8,31.4,1005.2,99,0.0
2025-07-07 04:00:00,26.3,0.0,9.9,267,89,24.4,31.2,1005.0,99,0.0
2025-07-07 05:00:00,26.2,0.0,8.7,266,89,24.2,31.2,1005.2,100,0.0
2025-07-07 06:00:00,26.5,0.0,9.9,270,87,24.2,31.3,1005.4,100,22.0
2025-07-07 07:00:00,27.3,0.0,13.0,260,83,24.2,31.6,1005.5,100,114.0
2025-07-07 08:00:00,27.8,0.0,13.3,260,81,24.2,32.0,1005.6,100,193.0
2025-07-07 09:00:00,28.6,0.0,14.0,269,76,24.0,32.7,1005.5,100,338.0
2025-07-07 10:00:00,29.6,0.0,11.9,281,73,24.2,34.1,1005.4,100,464.0
2025-07-07 11:00:00,31.1,0.0,12.3,284,66,24.0,36.3,1005.2,100,707.0
2025-07-07 12:00:00,31.6,0.0,15.6,281,64,24.0,36.3,1005.0,100,719.0
2025-07-07 13:00:00,31.5,0.0,13.9,276,65,24.1,36.4,1004.7,100,694.0
2025-07-07 14:00:00,31.6,0.0,12.7,262,66,24.5,36.6,1004.1,26,620.0
2025-07-07 15:00:00,32.2,0.0,13.2,263,66,25.0,37.9,1003.7,44,719.0
2025-07-07 16:00:00,32.0,0.0,13.4,265,68,25.2,37.1,1003.6,7,587.0
2025-07-07 17:00:00,31.5,0.0,11.2,272,70,25.5,36.9,1003.3,34,400.0
2025-07-07 18:00:00,31.2,0.0,7.5,287,72,25.6,37.3,1003.6,97,222.0
2025-07-07 19:00:00,30.8,0.0,6.7,306,74,25.6,36.9,1003.8,91,94.0
2025-07-07 20:00:00,30.0,0.0,7.5,333,74,25.0,35.6,1004.4,92,6.0
2025-07-07 21:00:00,29.2,0.0,5.5,319,74,24.1,34.6,1005.0,63,0.0
2025-07-07 22:00:00,28.5,0.0,5.5,306,78,24.3,33.9,1005.3,32,0.0
2025-07-07 23:00:00,27.8,0.0,7.9,274,84,24.8,33.2,1005.6,97,0.0
2025-07-08 00:00:00,27.1,0.0,9.0,282,91,25.5,32.8,1005.5,43,0.0
2025-07-08 01:00:00,26.8,0.0,7.2,302,92,25.4,32.7,1005.3,53,0.0
2025-07-08 02:00:00,26.6,0.0,5.1,306,91,25.0,32.6,1005.2,50,0.0
2025-07-08 03:00:00,26.2,0.0,2.2,312,93,24.9,32.6,1005.5,34,0.0
2025-07-08 04:00:00,26.0,0.0,2.9,4,93,24.8,32.2,1005.9,24,0.0
2025-07-08 05:00:00,26.1,0.0,5.5,38,91,24.6,31.8,1005.8,26,0.0
2025-07-08 06:00:00,26.5,0.0,7.0,64,90,24.8,32.1,1005.8,1,24.0
2025-07-08 07:00:00,27.6,0.0,4.9,94,87,25.2,33.8,1006.1,1,152.0
2025-07-08 08:00:00,28.7,0.0,8.2,122,84,25.7,34.7,1006.5,0,333.0
2025-07-08 09:00:00,29.6,0.0,9.2,137,78,25.2,35.2,1006.6,2,519.0
2025-07-08 10:00:00,30.5,0.0,6.9,147,74,25.3,37.2,1006.8,74,669.0
2025-07-08 11:00:00,31.0,0.0,6.2,134,70,25.0,38.2,1006.7,79,786.0
2025-07-08 12:00:00,30.9,0.0,5.4,124,70,24.6,37.4,1006.4,25,685.0
2025-07-08 13:00:00,32.0,0.0,9.2,116,64,24.4,38.6,1006.1,27,844.0
2025-07-08 14:00:00,32.1,0.0,10.3,112,61,23.8,37.9,1005.8,95,778.0
2025-07-08 15:00:00,32.5,0.0,10.2,104,60,23.5,37.9,1005.5,66,752.0
2025-07-08 16:00:00,31.7,0.0,11.9,95,62,23.5,35.7,1005.3,84,517.0
2025-07-08 17:00:00,31.1,0.0,12.1,108,64,23.4,35.1,1005.3,16,358.0
2025-07-08 18:00:00,30.4,0.0,11.7,108,64,22.8,34.0,1005.8,44,262.0
2025-07-08 19:00:00,29.0,0.0,12.1,91,73,23.7,33.2,1005.9,62,86.0
2025-07-08 20:00:00,28.3,0.0,12.8,80,78,24.1,32.6,1006.2,43,6.0
2025-07-08 21:00:00,28.0,0.0,14.5,85,80,24.1,32.1,1006.8,17,0.0
2025-07-08 22:00:00,28.5,0.0,13.2,68,78,24.2,32.8,1007.0,13,0.0
2025-07-08 23:00:00,28.1,0.0,14.8,84,81,24.5,32.3,1007.3,23,0.0
2025-07-09 00:00:00,27.9,0.0,12.6,119,83,24.6,32.5,1007.6,14,0.0
2025-07-09 01:00:00,27.2,0.0,11.3,104,84,24.4,31.9,1007.2,6,0.0
2025-07-09 02:00:00,26.7,0.0,11.9,93,88,24.5,31.4,1006.9,7,0.0
2025-07-09 03:00:00,26.5,0.0,11.7,81,90,24.7,31.3,1006.9,10,0.0
2025-07-09 04:00:00,26.2,0.0,12.2,82,91,24.7,31.0,1007.1,4,0.0
2025-07-09 05:00:00,26.0,0.0,12.9,84,91,24.5,30.6,1007.3,5,0.0
2025-07-09 06:00:00,26.5,0.0,14.3,97,89,24.5,30.7,1008.0,27,23.0
2025-07-09 07:00:00,27.2,0.0,15.9,105,86,24.6,31.4,1008.4,39,138.0
2025-07-09 08:00:00,27.8,0.0,17.0,114,83,24.6,31.7,1008.5,20,292.0
2025-07-09 09:00:00,28.5,0.0,17.4,118,79,24.5,32.4,1008.5,15,481.0
2025-07-09 10:00:00,30.0,0.0,16.1,115,69,23.6,34.2,1008.8,3,683.0
2025-07-09 11:00:00,30.9,0.0,16.8,119,64,23.3,35.5,1008.8,0,815.0
2025-07-09 12:00:00,31.5,0.0,17.2,118,61,22.9,36.2,1008.5,1,895.0
2025-07-09 13:00:00,31.7,0.0,16.6,112,59,22.6,36.4,1007.9,1,907.0
2025-07-09 14:00:00,31.8,0.0,16.2,111,57,22.4,36.3,1007.4,11,881.0
2025-07-09 15:00:00,31.5,0.0,16.5,104,58,22.3,35.4,1007.2,3,792.0
2025-07-09 16:00:00,30.8,0.0,16.8,102,63,22.8,34.2,1007.0,14,650.0
2025-07-09 17:00:00,30.0,0.0,15.9,95,67,23.3,33.4,1007.2,9,472.0
2025-07-09 18:00:00,29.1,0.0,15.0,84,71,23.5,32.7,1007.3,18,264.0
2025-07-09 19:00:00,28.6,0.0,14.1,83,74,23.6,32.5,1007.6,5,95.0
2025-07-09 20:00:00,28.2,0.0,13.3,89,77,23.8,32.3,1007.9,6,6.0
2025-07-09 21:00:00,28.0,0.0,12.8,94,78,23.9,32.1,1008.6,2,0.0
2025-07-09 22:00:00,28.2,0.0,11.8,64,71,22.6,31.8,1008.9,7,0.0
2025-07-09 23:00:00,28.0,0.0,11.7,61,72,22.5,31.5,1009.2,8,0.0
2025-07-10 00:00:00,27.8,0.0,10.9,70,74,22.7,31.5,1009.4,13,0.0
2025-07-10 01:00:00,27.2,0.0,9.8,72,77,23.0,31.3,1008.9,5,0.0
2025-07-10 02:00:00,26.9,0.0,9.7,61,80,23.1,31.0,1008.5,3,0.0
2025-07-10 03:00:00,26.5,0.0,9.1,49,82,23.1,30.7,1008.3,1,0.0
2025-07-10 04:00:00,26.2,0.0,8.4,70,83,23.2,30.6,1008.3,0,0.0
2025-07-10 05:00:00,26.1,0.0,8.3,88,86,23.6,30.8,1008.4,14,0.0
2025-07-10 06:00:00,26.3,0.0,7.0,78,89,24.2,31.5,1008.8,35,22.0
2025-07-10 07:00:00,27.0,0.0,6.5,60,86,24.5,32.5,1008.3,3,130.0
2025-07-10 08:00:00,28.2,0.0,5.7,66,80,24.5,33.9,1008.1,1,332.0
2025-07-10 09:00:00,29.8,0.0,7.0,100,71,23.9,34.8,1008.2,0,522.0
2025-07-10 10:00:00,31.1,0.0,9.0,123,63,23.3,36.2,1008.8,11,667.0
2025-07-10 11:00:00,31.2,0.0,9.8,134,64,23.5,37.0,1008.4,8,787.0
2025-07-10 12:00:00,31.7,0.0,10.3,151,63,23.8,38.0,1007.9,3,872.0
2025-07-10 13:00:00,31.4,0.0,13.1,157,65,24.0,37.5,1007.7,5,890.0
2025-07-10 14:00:00,31.8,0.0,10.8,127,62,23.5,37.5,1007.2,10,826.0
2025-07-10 15:00:00,32.2,0.0,12.7,111,55,22.1,36.3,1007.1,20,713.0
2025-07-10 16:00:00,31.2,0.0,17.0,126,59,22.2,33.8,1007.1,64,516.0
2025-07-10 17:00:00,31.2,0.0,9.9,135,59,22.4,34.9,1006.5,49,388.0
2025-07-10 18:00:00,30.1,0.0,7.9,145,67,23.4,34.6,1007.1,74,258.0
2025-07-10 19:00:00,29.5,0.0,6.7,88,69,23.2,34.1,1007.5,34,87.0
2025-07-10 20:00:00,28.9,0.0,7.6,76,71,23.1,33.3,1007.5,12,6.0
2025-07-10 21:00:00,28.3,0.0,8.9,82,74,23.2,32.6,1008.2,5,0.0
2025-07-10 22:00:00,28.8,0.0,2.0,95,80,25.1,35.3,1008.6,15,0.0
2025-07-10 23:00:00,28.3,0.0,2.0,90,82,24.9,34.6,1008.4,12,0.0
2025-07-11 00:00:00,27.8,0.0,2.7,70,82,24.5,33.8,1008.6,20,0.0
2025-07-11 01:00:00,27.6,0.0,5.4,82,82,24.3,33.1,1008.5,84,0.0
2025-07-11 02:00:00,27.4,0.0,8.1,66,84,24.5,32.6,1008.1,99,0.0
2025-07-11 03:00:00,27.0,0.0,10.6,75,86,24.5,31.9,1008.1,100,0.0
2025-07-11 04:00:00,26.9,0.0,10.8,75,86,24.4,31.6,1008.3,75,0.0
2025-07-11 05:00:00,26.6,0.0,10.5,83,87,24.3,31.4,1008.5,96,0.0
2025-07-11 06:00:00,26.8,0.0,9.9,71,87,24.5,31.7,1008.6,95,20.0
2025-07-11 07:00:00,27.6,0.0,11.5,87,83,24.4,32.3,1008.7,100,130.0
2025-07-11 08:00:00,28.3,0.0,10.5,97,78,24.1,33.0,1009.0,100,245.0
2025-07-11 09:00:00,29.0,0.0,9.5,119,75,24.2,33.8,1009.1,100,402.0
2025-07-11 10:00:00,31.0,0.0,9.1,115,64,23.5,35.7,1009.2,100,601.0
2025-07-11 11:00:00,31.0,0.0,15.2,134,65,23.8,35.7,1009.3,100,732.0
2025-07-11 12:00:00,30.3,0.0,17.8,133,71,24.4,34.8,1009.4,100,700.0
2025-07-11 13:00:00,31.0,0.1,12.6,123,65,23.8,36.2,1009.1,99,727.0
2025-07-11 14:00:00,31.1,0.1,12.0,127,65,23.6,36.1,1008.9,100,702.0
2025-07-11 15:00:00,30.8,0.1,12.7,111,66,23.8,35.0,1008.8,100,572.0
2025-07-11 16:00:00,30.6,0.0,11.9,92,66,23.6,34.7,1008.5,100,459.0
2025-07-11 17:00:00,30.5,0.0,10.2,103,66,23.4,34.7,1008.2,100,301.0
2025-07-11 18:00:00,30.0,0.0,10.7,102,68,23.5,34.2,1008.4,100,183.0
2025-07-11 19:00:00,28.5,0.0,16.4,91,78,24.2,32.3,1009.3,100,67.0
2025-07-11 20:00:00,27.7,0.0,12.3,97,81,24.0,32.0,1009.4,24,4.0
2025-07-11 21:00:00,27.2,0.0,11.7,81,82,24.0,31.6,1009.7,53,0.0
2025-07-11 22:00:00,27.8,0.0,8.5,38,83,24.5,33.0,1010.3,100,0.0
2025-07-11 23:00:00,27.4,0.0,9.4,55,85,24.6,32.5,1010.0,100,0.0
2025-07-12 00:00:00,27.1,0.0,9.3,68,86,24.5,32.2,1009.8,100,0.0
2025-07-12 01:00:00,26.8,0.0,9.1,69,86,24.4,31.8,1009.7,100,0.0
2025-07-12 02:00:00,26.5,0.0,8.9,62,88,24.3,31.4,1009.1,93,0.0
2025-07-12 03:00:00,26.1,0.0,9.1,60,90,24.3,31.1,1009.0,66,0.0
2025-07-12 04:00:00,26.0,0.0,8.8,70,90,24.3,31.0,1009.0,52,0.0
2025-07-12 05:00:00,25.9,0.0,8.9,77,91,24.4,30.9,1008.9,76,0.0
2025-07-12 06:00:00,26.1,0.0,8.8,78,90,24.4,31.2,1008.8,97,19.0
2025-07-12 07:00:00,27.0,0.0,8.9,82,86,24.5,32.1,1009.0,97,125.0
2025-07-12 08:00:00,28.1,0.0,13.6,98,79,24.1,32.3,1009.0,99,285.0
2025-07-12 09:00:00,28.8,0.0,13.0,107,75,24.0,33.0,1008.7,100,410.0
2025-07-12 10:00:00,30.2,0.0,9.9,109,72,24.6,35.7,1008.5,91,625.0
2025-07-12 11:00:00,31.0,0.0,9.9,122,68,24.5,37.1,1008.1,100,754.0
2025-07-12 12:00:00,31.4,0.0,14.2,139,65,24.1,37.3,1007.5,100,882.0
2025-07-12 13:00:00,32.1,0.0,13.7,118,60,23.4,37.7,1007.3,98,887.0
2025-07-12 14:00:00,32.2,0.0,13.3,115,58,22.8,36.8,1006.7,100,764.0
2025-07-12 15:00:00,31.6,0.0,15.1,115,61,23.2,36.0,1006.4,100,720.0
2025-07-12 16:00:00,31.3,0.0,14.2,125,63,23.3,35.0,1006.1,86,563.0
2025-07-12 17:00:00,31.0,0.1,11.8,117,65,23.5,35.0,1005.7,44,423.0
2025-07-12 18:00:00,30.2,0.0,11.6,108,69,24.0,34.7,1005.7,14,236.0
2025-07-12 19:00:00,29.4,0.0,11.9,105,75,24.5,34.1,1006.0,21,95.0
2025-07-12 20:00:00,28.9,0.0,11.6,102,76,24.2,33.4,1006.1,91,5.0
2025-07-12 21:00:00,28.5,0.0,11.6,105,77,24.1,33.0,1006.2,100,0.0
2025-07-12 22:00:00,28.6,0.0,9.5,79,77,24.1,33.5,1006.2,100,0.0
2025-07-12 23:00:00,28.4,0.0,11.0,89,80,24.5,33.2,1005.9,63,0.0
2025-07-13 00:00:00,28.1,0.0,11.0,104,81,24.6,33.1,1005.7,79,0.0
2025-07-13 01:00:00,27.8,0.0,10.9,114,83,24.6,32.7,1005.4,80,0.0
2025-07-13 02:00:00,27.4,0.0,11.1,110,85,24.5,32.2,1004.8,58,0.0
2025-07-13 03:00:00,27.1,0.0,12.2,106,86,24.5,31.7,1004.7,19,0.0
2025-07-13 04:00:00,27.0,0.0,13.4,116,86,24.4,31.4,1004.6,41,0.0
2025-07-13 05:00:00,27.0,0.0,14.2,122,85,24.2,31.2,1004.5,28,0.0
2025-07-13 06:00:00,27.2,0.0,15.6,119,83,24.1,31.1,1004.4,25,18.0
2025-07-13 07:00:00,27.6,0.1,16.2,124,82,24.2,31.5,1004.4,27,130.0
2025-07-13 08:00:00,28.1,0.1,17.9,119,79,24.2,31.8,1004.0,30,302.0
2025-07-13 09:00:00,28.6,0.0,20.1,122,77,24.2,31.9,1003.6,6,471.0
2025-07-13 10:00:00,29.8,0.0,19.9,125,73,24.4,33.7,1003.3,100,649.0
2025-07-13 11:00:00,30.2,0.0,23.6,122,69,24.0,33.9,1002.5,100,777.0
2025-07-13 12:00:00,30.2,0.0,24.4,120,70,24.1,34.2,1002.1,100,846.0
2025-07-13 13:00:00,30.5,0.0,24.6,118,69,24.2,34.2,1001.3,100,775.0
2025-07-13 14:00:00,30.7,0.0,26.6,121,68,24.1,33.8,1000.6,86,740.0
2025-07-13 15:00:00,30.6,0.0,23.6,123,68,24.0,33.5,1000.2,99,598.0
2025-07-13 16:00:00,30.2,0.0,23.0,120,69,23.9,32.9,999.4,100,371.0
2025-07-13 17:00:00,29.4,0.0,21.8,122,74,24.1,32.4,999.2,100,221.0
2025-07-13 18:00:00,28.8,0.0,21.7,119,76,24.0,31.8,998.6,100,90.0
2025-07-13 19:00:00,28.5,0.0,19.2,116,78,24.3,31.9,998.5,100,41.0
2025-07-13 20:00:00,27.9,0.0,19.7,117,81,24.4,31.3,998.6,100,3.0
2025-07-13 21:00:00,27.4,0.0,21.4,118,84,24.4,30.6,998.6,100,0.0
2025-07-13 22:00:00,26.6,0.6,20.5,119,87,24.3,29.9,998.5,100,0.0
2025-07-13 23:00:00,26.1,1.4,20.6,116,91,24.6,29.6,998.0,100,0.0
2025-07-14 00:00:00,26.0,0.2,23.5,122,91,24.4,28.9,996.7,100,0.0
2025-07-14 01:00:00,26.1,0.1,25.3,126,89,24.2,28.6,995.6,100,0.0
2025-07-14 02:00:00,26.4,0.0,22.0,129,87,24.1,29.4,994.8,100,0.0
2025-07-14 03:00:00,26.1,0.6,20.7,123,90,24.4,29.4,994.3,100,0.0
2025-07-14 04:00:00,26.0,0.0,18.5,128,91,24.5,29.7,993.4,100,0.0
2025-07-14 05:00:00,26.0,0.0,18.0,117,90,24.2,29.7,992.8,100,0.0
2025-07-14 06:00:00,26.2,0.0,18.8,120,89,24.2,29.7,991.7,100,17.0
2025-07-14 07:00:00,26.2,0.6,19.7,164,88,24.1,29.5,992.2,100,96.0
2025-07-14 08:00:00,25.8,1.2,18.1,142,92,24.4,29.5,991.3,100,59.0
2025-07-14 09:00:00,26.1,4.1,12.5,148,94,25.1,31.1,991.1,100,178.0
2025-07-14 10:00:00,26.1,3.9,10.3,153,90,24.3,30.9,991.3,100,272.0
2025-07-14 11:00:00,26.2,1.4,3.7,145,90,24.4,32.1,990.8,98,215.0
2025-07-14 12:00:00,26.8,0.9,11.5,266,86,24.2,31.3,990.6,88,480.0
2025-07-14 13:00:00,26.2,0.4,23.2,296,84,23.4,28.6,990.7,100,467.0
2025-07-14 14:00:00,25.5,0.0,22.8,289,82,22.1,27.1,991.3,32,263.0
2025-07-14 15:00:00,26.5,0.0,27.3,290,73,21.1,27.5,991.4,41,683.0
2025-07-14 16:00:00,26.2,0.0,27.5,295,69,20.1,26.3,991.4,28,581.0
2025-07-14 17:00:00,26.1,0.0,26.0,294,68,19.8,26.0,992.1,34,439.0
2025-07-14 18:00:00,25.5,0.0,23.3,287,72,20.2,26.1,992.7,50,267.0
2025-07-14 19:00:00,25.0,0.0,17.2,286,77,20.6,26.7,993.5,12,92.0
2025-07-14 20:00:00,24.6,0.0,12.8,292,79,20.7,26.9,994.1,19,5.0
2025-07-14 21:00:00,24.7,0.0,9.0,267,80,21.0,27.7,994.2,14,0.0
2025-07-14 22:00:00,23.1,0.0,2.9,353,90,21.4,27.3,994.7,0,0.0
2025-07-14 23:00:00,22.8,0.0,1.4,40,90,21.1,27.0,994.7,2,0.0
2025-07-15 00:00:00,22.5,0.0,3.5,165,91,21.0,26.4,994.8,7,0.0
2025-07-15 01:00:00,24.4,0.0,10.5,213,82,21.1,27.3,994.8,21,0.0
2025-07-15 02:00:00,24.9,0.0,9.3,212,78,20.8,27.8,994.6,33,0.0
2025-07-15 03:00:00,25.0,0.0,9.4,192,79,21.0,28.0,994.8,24,0.0
2025-07-15 04:00:00,24.9,0.0,8.5,182,79,21.1,28.1,995.1,10,0.0
2025-07-15 05:00:00,24.6,0.0,8.3,185,82,21.2,27.9,995.7,17,0.0
2025-07-15 06:00:00,25.0,0.0,10.9,173,80,21.5,28.1,996.1,26,19.0
2025-07-15 07:00:00,25.2,0.0,10.0,194,80,21.5,28.4,996.8,43,132.0
2025-07-15 08:00:00,25.9,0.0,12.1,177,75,21.2,28.6,997.0,49,267.0
2025-07-15 09:00:00,26.8,0.0,14.3,187,70,20.8,28.9,997.2,40,495.0
2025-07-15 10:00:00,27.9,0.0,14.0,179,63,20.3,30.2,997.7,20,608.0
2025-07-15 11:00:00,28.5,0.1,14.9,195,59,19.9,31.5,997.7,21,794.0
2025-07-15 12:00:00,29.6,0.0,13.6,200,54,19.2,32.7,997.7,12,842.0
2025-07-15 13:00:00,30.1,0.0,13.6,197,53,19.4,33.5,997.8,9,882.0
2025-07-15 14:00:00,30.3,0.0,14.0,192,52,19.2,33.3,997.8,11,835.0
2025-07-15 15:00:00,30.2,0.1,13.8,215,52,19.2,32.6,998.1,43,711.0
2025-07-15 16:00:00,29.9,0.1,13.2,238,55,19.8,31.7,998.2,25,561.0
2025-07-15 17:00:00,29.5,0.0,13.4,253,60,21.0,31.9,998.6,38,386.0
2025-07-15 18:00:00,28.6,0.0,13.6,255,65,21.4,31.3,999.1,20,246.0
2025-07-15 19:00:00,27.6,0.0,11.4,254,71,22.0,30.8,999.7,26,94.0
2025-07-15 20:00:00,27.3,0.0,10.9,236,71,21.5,30.4,1000.5,23,5.0
2025-07-15 21:00:00,27.2,0.0,15.6,232,69,21.0,29.3,1001.7,32,0.0
2025-07-15 22:00:00,26.4,0.0,9.6,237,79,22.5,30.2,1002.6,4,0.0
2025-07-15 23:00:00,26.2,0.0,8.6,219,73,20.9,29.3,1002.6,1,0.0
2025-07-16 00:00:00,25.8,0.0,6.2,226,75,20.9,29.2,1002.9,4,0.0
2025-07-16 01:00:00,25.5,0.0,6.1,236,77,21.1,29.0,1003.1,4,0.0
2025-07-16 02:00:00,24.7,0.0,4.6,228,82,21.4,28.6,1003.6,75,0.0
2025-07-16 03:00:00,24.7,0.0,1.3,172,82,21.4,29.1,1003.9,21,0.0
2025-07-16 04:00:00,24.1,0.0,3.3,119,84,21.4,28.2,1004.3,100,0.0
2025-07-16 05:00:00,24.6,0.0,5.2,106,83,21.5,28.5,1004.6,95,0.0
2025-07-16 06:00:00,25.1,0.0,8.7,117,81,21.5,28.5,1005.3,60,17.0
2025-07-16 07:00:00,25.9,0.0,10.5,141,79,22.0,29.3,1005.6,1,137.0
2025-07-16 08:00:00,26.8,0.0,13.7,147,69,20.6,29.0,1006.1,0,342.0
2025-07-16 09:00:00,27.1,0.0,16.0,129,73,22.0,29.7,1006.6,0,543.0
2025-07-16 10:00:00,28.2,0.0,14.6,130,71,22.5,32.0,1006.7,96,687.0
2025-07-16 11:00:00,29.0,0.0,13.8,129,65,21.7,33.0,1006.6,9,781.0
2025-07-16 12:00:00,30.2,0.0,12.7,126,56,20.4,34.3,1007.0,6,890.0
2025-07-16 13:00:00,30.8,0.0,13.2,112,55,20.7,35.3,1006.9,72,955.0
2025-07-16 14:00:00,30.9,0.0,12.8,92,60,22.1,35.8,1006.4,15,880.0
2025-07-16 15:00:00,30.5,0.0,18.2,110,64,22.8,34.2,1006.1,62,746.0
2025-07-16 16:00:00,30.5,0.0,18.7,123,66,23.5,34.0,1005.6,27,631.0
2025-07-16 17:00:00,29.6,0.0,17.7,131,74,24.6,33.5,1005.4,52,440.0
2025-07-16 18:00:00,28.9,0.0,17.3,159,77,24.5,32.8,1006.0,94,228.0
2025-07-16 19:00:00,27.9,0.0,12.9,148,80,24.1,32.2,1006.3,24,70.0
2025-07-16 20:00:00,27.5,0.0,15.1,123,83,24.4,31.7,1006.5,19,5.0
2025-07-16 21:00:00,27.4,0.0,14.9,128,83,24.4,31.5,1006.9,41,0.0
2025-07-16 22:00:00,27.9,0.0,20.4,141,79,23.9,31.0,1007.2,97,0.0
2025-07-16 23:00:00,27.8,0.0,19.7,148,76,23.1,30.5,1007.4,97,0.0
2025-07-17 00:00:00,27.6,0.0,17.1,141,77,23.2,30.8,1007.6,98,0.0
2025-07-17 01:00:00,27.2,0.0,16.3,123,80,23.5,30.7,1007.6,92,0.0
2025-07-17 02:00:00,26.8,0.0,16.4,115,84,23.8,30.3,1007.5,52,0.0
2025-07-17 03:00:00,26.4,0.0,13.8,116,87,24.0,30.4,1007.1,24,0.0
2025-07-17 04:00:00,26.2,0.0,10.8,123,89,24.2,30.9,1007.5,90,0.0
2025-07-17 05:00:00,26.2,0.0,9.7,124,89,24.2,31.0,1008.0,96,0.0
2025-07-17 06:00:00,26.4,0.0,13.7,113,88,24.2,30.6,1008.9,94,16.0
2025-07-17 07:00:00,26.9,0.0,13.4,119,86,24.4,31.3,1008.7,85,127.0
2025-07-17 08:00:00,27.7,0.0,13.1,119,83,24.6,32.3,1008.6,43,333.0
2025-07-17 09:00:00,28.3,0.0,16.7,108,81,24.6,32.4,1008.6,85,526.0
2025-07-17 10:00:00,29.8,0.0,12.3,119,76,25.2,35.7,1009.0,0,702.0
2025-07-17 11:00:00,30.8,0.0,10.2,126,72,25.1,37.7,1009.2,11,826.0
2025-07-17 12:00:00,30.9,0.0,14.7,117,71,25.0,37.3,1008.5,26,875.0
2025-07-17 13:00:00,30.7,0.0,17.4,116,73,25.3,36.7,1008.4,43,869.0
2025-07-17 14:00:00,30.9,0.0,19.6,118,72,25.1,36.3,1008.1,79,858.0
2025-07-17 15:00:00,30.4,0.0,20.0,123,74,25.1,35.4,1007.9,34,772.0
2025-07-17 16:00:00,29.1,0.0,24.7,111,78,24.9,32.4,1008.2,75,585.0
2025-07-17 17:00:00,28.2,0.3,26.2,108,81,24.7,30.9,1008.0,46,416.0
2025-07-17 18:00:00,26.9,0.1,24.7,93,85,24.2,29.5,1008.3,67,209.0
2025-07-17 19:00:00,26.2,0.1,23.2,92,88,24.0,29.0,1008.9,100,79.0
2025-07-17 20:00:00,26.0,0.0,21.5,109,89,24.1,29.1,1008.9,97,4.0
2025-07-17 21:00:00,25.9,3.3,20.2,129,91,24.3,29.2,1010.0,86,0.0
2025-07-17 22:00:00,25.9,4.0,12.5,102,95,25.1,30.9,1009.3,51,0.0
2025-07-17 23:00:00,25.9,0.1,13.3,113,95,25.0,30.7,1009.5,98,0.0
2025-07-18 00:00:00,25.9,0.1,10.0,108,94,24.8,31.0,1009.4,19,0.0
2025-07-18 01:00:00,25.6,0.0,12.6,104,94,24.5,30.2,1009.0,94,0.0
2025-07-18 02:00:00,25.7,0.0,13.6,130,93,24.4,30.1,1008.7,82,0.0
2025-07-18 03:00:00,25.9,0.0,15.1,131,91,24.3,30.0,1008.7,95,0.0
2025-07-18 04:00:00,25.9,0.0,21.9,132,89,23.9,28.7,1008.3,100,0.0
2025-07-18 05:00:00,25.6,0.0,21.8,117,90,23.9,28.4,1009.0,100,0.0
2025-07-18 06:00:00,25.9,0.0,21.4,119,89,23.9,28.8,1009.3,100,10.0
2025-07-18 07:00:00,26.5,0.0,22.4,121,84,23.6,29.2,1010.1,100,79.0
2025-07-18 08:00:00,27.1,0.0,23.6,120,82,23.8,29.6,1010.3,100,234.0
2025-07-18 09:00:00,27.4,0.0,24.8,123,81,23.8,29.8,1010.5,100,400.0
2025-07-18 10:00:00,26.0,1.0,23.3,124,88,23.9,28.7,1011.3,100,89.0
2025-07-18 11:00:00,25.6,3.2,23.5,120,94,24.5,28.6,1011.2,100,184.0
2025-07-18 12:00:00,25.5,2.1,23.4,125,95,24.6,28.6,1011.0,100,205.0
2025-07-18 13:00:00,25.2,4.3,22.8,129,94,24.3,28.2,1010.7,100,145.0
2025-07-18 14:00:00,25.8,2.5,24.0,125,94,24.7,28.8,1010.4,100,238.0
2025-07-18 15:00:00,25.5,1.9,26.2,127,94,24.5,28.1,1010.2,100,175.0
2025-07-18 16:00:00,25.6,2.0,20.8,133,94,24.6,29.1,1010.3,100,174.0
2025-07-18 17:00:00,25.3,3.1,22.2,127,95,24.5,28.4,1010.0,100,75.0
2025-07-18 18:00:00,25.1,1.7,18.9,119,95,24.3,28.6,1010.0,100,43.0
2025-07-18 19:00:00,25.2,1.8,15.7,112,95,24.3,29.2,1010.4,100,16.0
2025-07-18 20:00:00,25.5,0.6,16.9,119,92,24.1,29.2,1010.7,100,2.0
2025-07-18 21:00:00,26.0,0.1,19.9,130,88,23.9,29.1,1011.0,100,0.0
2025-07-18 22:00:00,26.3,0.0,22.7,136,85,23.6,28.9,1011.6,100,0.0
2025-07-18 23:00:00,26.2,0.0,20.1,126,86,23.8,29.3,1011.5,100,0.0
2025-07-19 00:00:00,26.4,0.0,20.1,129,84,23.4,29.2,1011.6,98,0.0
2025-07-19 01:00:00,26.2,0.0,18.2,125,85,23.5,29.4,1011.7,24,0.0
2025-07-19 02:00:00,26.0,0.0,18.1,121,88,23.8,29.3,1011.7,67,0.0
2025-07-19 03:00:00,25.6,0.0,17.6,116,90,23.8,29.1,1011.4,67,0.0
2025-07-19 04:00:00,25.5,0.0,17.3,114,89,23.6,28.8,1011.3,76,0.0
2025-07-19 05:00:00,25.5,0.0,18.0,114,87,23.3,28.6,1011.5,67,0.0
2025-07-19 06:00:00,25.6,0.0,19.2,112,87,23.4,28.6,1011.9,100,13.0
2025-07-19 07:00:00,26.1,0.0,20.3,112,86,23.5,29.0,1012.2,100,91.0
2025-07-19 08:00:00,26.5,0.0,20.9,114,85,23.8,29.4,1012.4,100,169.0
2025-07-19 09:00:00,27.0,0.0,22.3,109,83,23.9,29.7,1012.6,100,361.0
2025-07-19 10:00:00,28.8,0.0,23.3,118,77,24.3,32.2,1012.4,99,656.0
2025-07-19 11:00:00,29.2,0.0,25.1,120,74,24.1,32.8,1012.4,100,779.0
2025-07-19 12:00:00,29.5,0.0,24.2,116,73,24.1,32.9,1012.2,100,730.0
2025-07-19 13:00:00,30.1,0.0,23.1,116,69,23.9,34.3,1012.2,100,877.0
2025-07-19 14:00:00,30.2,0.0,22.0,115,69,23.9,34.3,1011.8,98,811.0
2025-07-19 15:00:00,30.3,0.0,20.1,113,69,24.0,34.3,1011.7,54,717.0
2025-07-19 16:00:00,29.5,0.0,17.7,123,73,24.1,33.2,1011.8,96,474.0
2025-07-19 17:00:00,28.9,0.1,14.5,120,77,24.5,33.1,1012.1,100,278.0
2025-07-19 18:00:00,28.2,0.2,10.9,135,82,24.8,33.2,1012.5,98,158.0
2025-07-19 19:00:00,27.8,0.1,14.6,119,82,24.3,31.9,1012.6,99,55.0
2025-07-19 20:00:00,27.6,0.0,20.7,131,79,23.6,30.4,1012.6,78,3.0
2025-07-19 21:00:00,27.2,0.0,22.3,133,78,23.1,29.6,1013.6,59,0.0
2025-07-19 22:00:00,27.4,0.0,21.0,135,75,22.5,29.5,1013.7,66,0.0
2025-07-19 23:00:00,27.0,0.0,20.0,132,77,22.7,29.4,1013.8,95,0.0
2025-07-20 00:00:00,26.8,0.0,19.0,128,79,22.8,29.4,1013.8,84,0.0
2025-07-20 01:00:00,26.7,0.0,18.0,126,80,23.0,29.5,1013.5,48,0.0
2025-07-20 02:00:00,26.6,0.0,19.0,127,80,23.0,29.4,1013.1,28,0.0
2025-07-20 03:00:00,26.4,0.0,18.3,121,82,23.1,29.3,1012.8,74,0.0
2025-07-20 04:00:00,26.0,0.0,16.9,114,86,23.5,29.4,1013.0,99,0.0
2025-07-20 05:00:00,25.9,0.0,16.4,111,88,23.8,29.5,1013.3,100,0.0
2025-07-20 06:00:00,26.0,0.0,16.3,111,88,23.9,29.7,1013.8,100,14.0
2025-07-20 07:00:00,26.5,0.0,16.4,113,86,23.9,30.1,1014.2,100,100.0
2025-07-20 08:00:00,26.9,0.0,17.9,115,83,23.7,30.2,1014.7,100,215.0
2025-07-20 09:00:00,27.1,0.0,19.6,108,82,23.9,30.2,1014.7,97,337.0
2025-07-20 10:00:00,28.6,0.0,20.1,112,77,24.1,32.4,1015.1,7,647.0
2025-07-20 11:00:00,29.0,0.0,20.9,109,76,24.2,33.4,1014.8,15,791.0
2025-07-20 12:00:00,29.2,0.0,21.4,107,75,24.4,33.9,1014.3,4,854.0
2025-07-20 13:00:00,29.6,0.0,20.9,108,75,24.7,34.9,1013.9,7,904.0
2025-07-20 14:00:00,29.8,0.0,20.3,103,75,24.8,35.0,1013.5,2,869.0
2025-07-20 15:00:00,29.5,0.0,21.5,99,76,24.9,34.1,1013.3,9,775.0
2025-07-20 16:00:00,29.5,0.0,21.3,102,76,24.8,33.4,1012.6,6,630.0
2025-07-20 17:00:00,29.4,0.0,20.2,111,76,24.6,33.0,1012.6,14,459.0
2025-07-20 18:00:00,29.0,0.0,18.4,110,77,24.5,32.7,1013.0,15,266.0
2025-07-20 19:00:00,28.2,0.0,19.0,110,78,24.0,31.6,1013.4,29,92.0
2025-07-20 20:00:00,27.7,0.0,19.2,109,80,23.9,30.9,1013.8,14,4.0
2025-07-20 21:00:00,27.5,0.0,19.6,116,80,23.8,30.5,1014.3,91,0.0
2025-07-20 22:00:00,27.6,0.0,17.9,121,80,24.0,31.1,1014.9,85,0.0
2025-07-20 23:00:00,27.2,0.0,15.9,113,81,23.8,30.8,1015.2,68,0.0
2025-07-21 00:00:00,26.8,0.0,14.7,108,84,23.9,30.7,1015.4,91,0.0
2025-07-21 01:00:00,26.6,0.0,13.3,108,86,24.0,30.8,1015.4,47,0.0
2025-07-21 02:00:00,26.4,0.0,11.4,108,87,24.1,30.9,1015.3,18,0.0
2025-07-21 03:00:00,26.0,0.0,9.3,105,91,24.4,31.0,1015.5,18,0.0
2025-07-21 04:00:00,25.8,0.0,10.0,97,93,24.5,30.8,1015.4,8,0.0
2025-07-21 05:00:00,25.6,0.0,11.4,94,94,24.5,30.4,1015.4,2,0.0
2025-07-21 06:00:00,25.8,0.0,11.9,100,93,24.6,30.5,1015.8,0,16.0
2025-07-21 07:00:00,26.6,0.0,12.6,107,89,24.6,31.3,1015.9,2,140.0
2025-07-21 08:00:00,27.3,0.0,13.5,99,85,24.6,31.8,1015.8,0,319.0
2025-07-21 09:00:00,28.0,0.0,16.1,103,82,24.6,32.1,1015.7,0,514.0
2025-07-21 10:00:00,29.0,0.0,18.7,103,78,24.8,33.5,1015.6,0,684.0
2025-07-21 11:00:00,29.6,0.0,18.7,108,74,24.6,34.7,1015.5,1,815.0
2025-07-21 12:00:00,29.9,0.0,19.1,101,75,25.0,35.5,1015.4,2,884.0
2025-07-21 13:00:00,30.2,0.0,19.5,102,73,24.9,35.7,1015.2,4,894.0
2025-07-21 14:00:00,30.5,0.0,17.8,102,72,24.9,36.0,1014.9,14,848.0
2025-07-21 15:00:00,30.2,0.0,17.0,95,73,24.8,35.4,1014.6,24,759.0
2025-07-21 16:00:00,29.7,0.0,15.2,84,75,24.9,34.5,1014.3,28,617.0
2025-07-21 17:00:00,29.1,0.0,14.5,85,76,24.5,33.4,1013.9,31,431.0
2025-07-21 18:00:00,28.2,0.0,13.7,79,79,24.2,32.5,1014.0,23,245.0
2025-07-21 19:00:00,27.4,0.0,14.2,75,81,23.9,31.3,1014.2,11,88.0
2025-07-21 20:00:00,26.9,0.0,14.7,72,82,23.5,30.5,1014.3,8,4.0
2025-07-21 21:00:00,26.6,0.0,14.4,77,84,23.6,30.4,1014.8,1,0.0
2025-07-21 22:00:00,26.7,0.0,10.5,77,85,23.9,31.2,1015.3,0,0.0
2025-07-21 23:00:00,26.3,0.0,12.2,70,86,23.7,30.4,1015.2,0,0.0
2025-07-22 00:00:00,26.1,0.0,14.4,78,83,23.0,29.5,1014.9,0,0.0
2025-07-22 01:00:00,26.1,0.0,14.9,91,80,22.5,29.2,1014.5,0,0.0
2025-07-22 02:00:00,26.2,0.0,15.2,106,80,22.4,29.1,1014.2,0,0.0
2025-07-22 03:00:00,26.1,0.0,14.0,110,82,22.9,29.5,1014.2,0,0.0
2025-07-22 04:00:00,25.8,0.0,13.0,104,86,23.4,29.6,1014.4,0,0.0
2025-07-22 05:00:00,25.5,0.0,13.9,96,90,23.8,29.4,1014.4,0,0.0
2025-07-22 06:00:00,25.6,0.0,13.8,97,91,24.0,29.7,1014.8,0,16.0
2025-07-22 07:00:00,26.5,0.0,12.2,98,87,24.1,30.9,1015.2,0,141.0
2025-07-22 08:00:00,27.4,0.0,12.7,106,81,23.9,31.6,1015.4,0,328.0
2025-07-22 09:00:00,28.2,0.0,13.6,107,77,23.8,32.2,1015.4,0,522.0
2025-07-22 10:00:00,29.2,0.0,13.9,114,73,23.9,34.0,1015.6,0,691.0
2025-07-22 11:00:00,29.8,0.0,14.6,112,70,23.6,34.9,1015.4,0,821.0
2025-07-22 12:00:00,30.2,0.0,14.9,113,67,23.4,35.6,1015.0,0,898.0
2025-07-22 13:00:00,30.5,0.0,14.7,110,65,23.2,36.0,1014.6,0,939.0
2025-07-22 14:00:00,30.6,0.0,13.9,107,62,22.5,35.8,1014.1,0,904.0
2025-07-22 15:00:00,30.8,0.0,13.5,104,58,21.6,34.9,1013.4,0,804.0
2025-07-22 16:00:00,30.6,0.0,12.7,96,57,21.3,33.9,1013.0,0,660.0
2025-07-22 17:00:00,29.6,0.0,13.3,92,64,22.0,32.6,1012.6,3,480.0
2025-07-22 18:00:00,28.0,0.0,13.7,85,72,22.5,31.3,1012.6,0,281.0
2025-07-22 19:00:00,27.0,0.0,14.9,75,78,22.8,30.1,1013.2,0,98.0
2025-07-22 20:00:00,26.6,0.0,14.7,70,80,22.9,29.9,1013.2,0,4.0
2025-07-22 21:00:00,26.6,0.0,14.1,71,79,22.8,29.9,1013.7,0,0.0
2025-07-22 22:00:00,26.9,0.0,11.2,84,81,23.3,30.9,1014.0,0,0.0
2025-07-22 23:00:00,26.6,0.0,10.4,89,82,23.4,30.8,1014.0,1,0.0
2025-07-23 00:00:00,26.5,0.0,10.1,91,82,23.1,30.6,1013.8,3,0.0
2025-07-23 01:00:00,26.4,0.0,9.7,92,81,22.8,30.3,1013.5,4,0.0
2025-07-23 02:00:00,26.1,0.0,10.1,86,81,22.6,29.9,1013.0,3,0.0
2025-07-23 03:00:00,25.8,0.0,11.6,77,84,22.8,29.5,1012.8,1,0.0
2025-07-23 04:00:00,25.5,0.0,12.6,79,87,23.1,29.2,1012.6,0,0.0
2025-07-23 05:00:00,25.2,0.0,12.8,79,89,23.3,29.1,1012.9,0,0.0
2025-07-23 06:00:00,25.3,0.0,13.9,86,89,23.4,29.0,1013.1,0,16.0
2025-07-23 07:00:00,26.4,0.0,14.2,99,87,24.0,30.3,1013.7,0,143.0
2025-07-23 08:00:00,27.3,0.0,15.3,107,82,23.9,31.1,1014.0,0,334.0
2025-07-23 09:00:00,28.0,0.0,14.9,105,78,23.8,31.8,1014.0,0,528.0
2025-07-23 10:00:00,29.1,0.0,17.1,108,70,23.1,33.0,1014.2,0,701.0
2025-07-23 11:00:00,29.6,0.0,17.2,111,68,23.0,34.1,1014.0,0,834.0
2025-07-23 12:00:00,30.2,0.0,16.2,113,66,23.0,35.3,1013.5,0,915.0
2025-07-23 13:00:00,30.8,0.0,15.6,112,63,22.9,35.9,1012.8,0,937.0
2025-07-23 14:00:00,31.4,0.0,15.0,110,59,22.4,36.1,1012.2,0,901.0
2025-07-23 15:00:00,31.5,0.0,14.5,105,56,21.6,35.4,1011.4,0,807.0
2025-07-23 16:00:00,31.2,0.0,13.4,98,55,21.0,34.3,1010.8,0,664.0
2025-07-23 17:00:00,30.5,0.0,12.4,93,58,21.4,33.3,1010.4,0,481.0
2025-07-23 18:00:00,29.2,0.0,13.8,97,65,22.0,32.1,1010.4,0,281.0
2025-07-23 19:00:00,27.9,0.0,15.4,96,72,22.4,30.8,1010.7,0,96.0
2025-07-23 20:00:00,27.4,0.0,15.7,96,76,22.8,30.5,1011.1,0,4.0
2025-07-23 21:00:00,27.2,0.0,14.7,101,79,23.4,30.8,1011.6,0,0.0
2025-07-23 22:00:00,27.9,0.0,13.9,121,77,23.5,31.7,1011.9,1,0.0
2025-07-23 23:00:00,27.8,0.0,12.8,125,77,23.3,31.6,1012.2,3,0.0
2025-07-24 00:00:00,27.4,0.0,12.9,122,80,23.6,31.3,1012.1,1,0.0
2025-07-24 01:00:00,26.9,0.0,13.5,113,84,23.9,30.9,1011.6,0,0.0
2025-07-24 02:00:00,26.6,0.0,13.9,114,85,23.8,30.5,1011.4,0,0.0
2025-07-24 03:00:00,26.4,0.0,12.3,105,86,23.9,30.6,1011.4,0,0.0
2025-07-24 04:00:00,26.1,0.0,12.4,104,88,24.0,30.4,1011.3,3,0.0
2025-07-24 05:00:00,26.1,0.0,13.7,107,89,24.0,30.2,1011.5,5,0.0
2025-07-24 06:00:00,26.2,0.0,14.3,104,89,24.1,30.3,1011.7,7,15.0
2025-07-24 07:00:00,27.0,0.0,14.1,103,85,24.2,31.2,1012.0,12,136.0
2025-07-24 08:00:00,27.7,0.0,15.0,110,81,24.2,31.7,1011.8,7,313.0
2025-07-24 09:00:00,28.4,0.0,16.4,113,78,24.1,32.2,1011.7,6,499.0
2025-07-24 10:00:00,29.5,0.0,17.0,114,73,24.1,33.9,1011.9,1,686.0
2025-07-24 11:00:00,30.4,0.0,18.2,117,66,23.4,34.8,1011.6,0,822.0
2025-07-24 12:00:00,31.1,0.0,18.6,116,61,22.6,35.5,1011.1,0,905.0
2025-07-24 13:00:00,31.7,0.0,18.3,113,57,22.1,35.9,1010.5,0,928.0
2025-07-24 14:00:00,32.0,0.0,18.6,112,55,21.9,35.8,1009.9,1,890.0
2025-07-24 15:00:00,31.9,0.0,18.7,111,56,22.0,35.3,1009.5,1,792.0
2025-07-24 16:00:00,31.2,0.0,19.6,107,61,22.8,34.2,1009.1,0,645.0
2025-07-24 17:00:00,30.2,0.0,20.1,105,66,23.2,32.9,1008.7,0,464.0
2025-07-24 18:00:00,29.2,0.0,18.1,100,71,23.5,32.4,1008.8,2,268.0
2025-07-24 19:00:00,28.5,0.0,16.6,92,76,23.9,32.1,1009.2,3,90.0
2025-07-24 20:00:00,28.5,0.0,16.1,108,74,23.5,32.0,1009.7,7,3.0
2025-07-24 21:00:00,28.5,0.0,16.8,123,73,23.3,31.7,1010.2,4,0.0
2025-07-24 22:00:00,28.8,0.0,15.0,127,74,23.6,32.4,1010.6,1,0.0
2025-07-24 23:00:00,28.3,0.0,15.5,132,76,23.8,32.0,1010.8,1,0.0
2025-07-25 00:00:00,27.9,0.0,15.1,123,79,24.0,31.8,1010.5,1,0.0
2025-07-25 01:00:00,27.5,0.0,15.6,119,81,24.0,31.4,1009.9,3,0.0
2025-07-25 02:00:00,27.2,0.0,15.7,118,82,24.0,31.0,1009.5,9,0.0
2025-07-25 03:00:00,27.1,0.0,16.4,115,82,23.8,30.7,1009.3,12,0.0
2025-07-25 04:00:00,27.0,0.0,16.9,110,83,23.8,30.5,1009.2,22,0.0
2025-07-25 05:00:00,26.7,0.0,17.3,106,85,24.0,30.3,1009.2,12,0.0
2025-07-25 06:00:00,26.8,0.0,17.6,105,84,23.9,30.3,1009.5,5,14.0
2025-07-25 07:00:00,27.4,0.0,17.6,106,81,23.9,30.8,1009.8,2,133.0
2025-07-25 08:00:00,28.0,0.0,17.8,106,78,23.7,31.3,1009.8,0,322.0
2025-07-25 09:00:00,29.1,0.0,20.8,111,71,23.2,31.7,1009.8,0,517.0
2025-07-25 10:00:00,31.0,0.0,22.8,109,57,21.4,32.9,1010.3,2,686.0
2025-07-25 11:00:00,31.5,0.0,22.3,115,56,21.7,34.2,1009.9,7,815.0
2025-07-25 12:00:00,31.8,0.0,23.5,120,55,21.7,34.7,1009.6,7,887.0
2025-07-25 13:00:00,32.1,0.0,22.9,119,54,21.8,35.3,1009.0,8,920.0
2025-07-25 14:00:00,32.2,0.0,21.7,119,55,22.0,35.4,1008.5,14,872.0
2025-07-25 15:00:00,31.9,0.0,22.4,119,57,22.2,34.8,1008.4,2,779.0
2025-07-25 16:00:00,30.9,0.0,21.7,114,62,22.9,33.6,1008.1,5,642.0
2025-07-25 17:00:00,30.0,0.0,20.7,115,68,23.5,32.8,1007.8,1,454.0
2025-07-25 18:00:00,29.4,0.0,19.3,124,70,23.5,32.3,1007.8,2,265.0
2025-07-25 19:00:00,28.5,0.0,17.2,127,74,23.4,31.7,1008.2,1,89.0
2025-07-25 20:00:00,28.3,0.0,16.2,126,75,23.5,31.7,1008.6,1,3.0
2025-07-25 21:00:00,28.1,0.0,16.6,120,75,23.3,31.4,1009.1,3,0.0
2025-07-25 22:00:00,28.4,0.0,15.7,133,76,23.9,32.1,1010.0,14,0.0
2025-07-25 23:00:00,27.4,0.0,16.4,136,79,23.4,30.7,1010.0,4,0.0
2025-07-26 00:00:00,26.8,0.0,16.1,130,82,23.5,30.2,1009.7,4,0.0
2025-07-26 01:00:00,26.6,0.0,16.4,122,83,23.6,30.1,1008.9,5,0.0
2025-07-26 02:00:00,26.5,0.0,16.7,118,83,23.5,29.8,1008.3,6,0.0
2025-07-26 03:00:00,26.6,0.0,16.4,116,82,23.3,29.9,1007.9,1,0.0
2025-07-26 04:00:00,26.9,0.0,19.0,121,81,23.3,29.8,1007.7,14,0.0
2025-07-26 05:00:00,26.9,0.0,18.7,115,80,23.2,29.8,1007.6,10,0.0
2025-07-26 06:00:00,26.9,0.0,17.8,110,81,23.4,30.0,1007.8,13,13.0
2025-07-26 07:00:00,27.5,0.0,19.6,110,79,23.6,30.5,1008.2,17,124.0
2025-07-26 08:00:00,28.2,0.0,20.4,108,75,23.4,31.0,1008.4,19,290.0
2025-07-26 09:00:00,29.1,0.0,22.8,111,70,23.1,31.4,1008.4,34,471.0
2025-07-26 10:00:00,30.9,0.0,24.1,114,62,22.6,33.2,1008.6,22,665.0
2025-07-26 11:00:00,30.9,0.0,26.3,119,63,23.0,33.3,1008.6,27,732.0
2025-07-26 12:00:00,31.0,0.0,24.1,118,63,23.1,34.3,1008.5,14,809.0
2025-07-26 13:00:00,31.3,0.0,24.4,116,61,22.8,34.4,1008.1,20,837.0
2025-07-26 14:00:00,31.2,0.0,25.1,115,61,22.9,34.2,1007.4,19,819.0
2025-07-26 15:00:00,31.2,0.0,25.3,121,61,23.0,33.8,1006.9,10,719.0
2025-07-26 16:00:00,31.1,0.0,23.7,120,62,23.0,33.4,1006.4,5,615.0
2025-07-26 17:00:00,30.6,0.0,21.1,116,64,23.0,33.1,1006.2,2,452.0
2025-07-26 18:00:00,30.0,0.0,18.6,113,67,23.1,32.8,1006.2,1,262.0
2025-07-26 19:00:00,29.0,0.0,18.0,117,72,23.4,32.2,1006.3,3,87.0
2025-07-26 20:00:00,28.8,0.0,21.7,117,72,23.3,31.3,1006.9,2,3.0
2025-07-26 21:00:00,28.4,0.0,24.3,118,74,23.4,30.6,1007.3,7,0.0
2025-07-26 22:00:00,28.3,0.0,21.3,133,74,23.2,30.8,1007.7,2,0.0
2025-07-26 23:00:00,28.4,0.0,27.5,122,75,23.4,30.1,1007.9,1,0.0
2025-07-27 00:00:00,27.9,0.0,24.8,120,77,23.5,30.1,1008.0,16,0.0
2025-07-27 01:00:00,27.5,0.0,22.3,120,80,23.8,30.1,1007.5,5,0.0
2025-07-27 02:00:00,27.1,0.0,21.3,116,81,23.5,29.8,1007.0,5,0.0
2025-07-27 03:00:00,27.0,0.0,22.1,112,79,23.1,29.4,1006.9,11,0.0
2025-07-27 04:00:00,26.9,0.0,22.3,112,80,23.1,29.2,1006.6,12,0.0
2025-07-27 05:00:00,26.9,0.0,22.3,112,80,23.2,29.3,1006.4,16,0.0
2025-07-27 06:00:00,27.2,0.0,22.8,112,78,23.0,29.4,1006.6,11,12.0
2025-07-27 07:00:00,27.9,0.0,22.2,114,74,22.8,30.0,1006.5,6,129.0
2025-07-27 08:00:00,28.7,0.0,24.5,110,68,22.2,30.2,1006.6,2,319.0
2025-07-27 09:00:00,29.5,0.0,26.1,110,64,22.0,30.6,1006.6,5,511.0
2025-07-27 10:00:00,31.0,0.0,26.1,111,56,21.3,32.3,1006.7,5,679.0
2025-07-27 11:00:00,31.5,0.0,25.5,111,55,21.5,33.7,1006.3,2,813.0
2025-07-27 12:00:00,32.1,0.0,25.3,113,54,21.6,34.7,1006.1,0,898.0
2025-07-27 13:00:00,32.4,0.0,26.0,116,53,21.6,35.0,1005.9,3,924.0
2025-07-27 14:00:00,32.5,0.0,24.2,117,54,21.9,35.3,1005.5,4,877.0
2025-07-27 15:00:00,32.0,0.0,24.0,121,55,21.9,34.4,1005.4,8,779.0
2025-07-27 16:00:00,31.3,0.0,24.1,120,59,22.4,33.3,1005.3,7,628.0
2025-07-27 17:00:00,30.5,0.0,22.0,116,64,23.0,32.8,1005.1,0,453.0
2025-07-27 18:00:00,30.0,0.0,20.0,121,67,23.1,32.7,1004.9,0,265.0
2025-07-27 19:00:00,29.3,0.0,20.1,132,70,23.1,31.9,1005.0,0,88.0
2025-07-27 20:00:00,28.7,0.0,22.6,139,73,23.4,31.1,1005.2,0,2.0
2025-07-27 21:00:00,28.4,0.0,22.5,139,74,23.4,30.8,1005.5,0,0.0
2025-07-27 22:00:00,28.4,0.0,16.5,134,75,23.5,31.8,1005.7,0,0.0
2025-07-27 23:00:00,28.2,0.0,16.7,128,75,23.4,31.5,1005.9,0,0.0
2025-07-28 00:00:00,27.8,0.0,14.8,114,77,23.4,31.3,1005.9,1,0.0
2025-07-28 01:00:00,27.4,0.0,14.4,110,80,23.5,31.0,1005.7,4,0.0
2025-07-28 02:00:00,27.1,0.0,14.1,111,82,23.7,31.0,1005.7,12,0.0
2025-07-28 03:00:00,27.0,0.0,13.8,108,82,23.7,30.8,1005.8,12,0.0
2025-07-28 04:00:00,26.8,0.0,14.3,111,83,23.6,30.6,1005.4,5,0.0
2025-07-28 05:00:00,26.6,0.0,15.4,116,83,23.6,30.3,1005.1,3,0.0
2025-07-28 06:00:00,26.6,0.0,14.9,112,83,23.5,30.2,1004.8,0,13.0
2025-07-28 07:00:00,27.4,0.0,15.3,112,79,23.5,30.9,1005.0,0,135.0
2025-07-28 08:00:00,28.1,0.0,15.2,114,75,23.2,31.6,1005.1,0,321.0
2025-07-28 09:00:00,29.0,0.0,15.9,121,70,22.9,32.1,1005.4,5,521.0
2025-07-28 10:00:00,30.1,0.0,16.1,118,61,21.9,33.4,1004.9,0,699.0
2025-07-28 11:00:00,30.9,0.0,17.4,122,56,21.2,34.3,1004.5,0,833.0
2025-07-28 12:00:00,31.7,0.0,18.4,124,52,20.6,35.0,1003.9,0,916.0
2025-07-28 13:00:00,32.2,0.0,18.6,125,49,20.3,35.5,1003.3,0,940.0
2025-07-28 14:00:00,32.6,0.0,18.7,131,47,19.9,35.4,1002.9,0,901.0
2025-07-28 15:00:00,33.0,0.0,17.2,130,45,19.5,35.3,1002.4,0,803.0
2025-07-28 16:00:00,32.9,0.0,16.1,127,45,19.5,34.7,1001.6,0,656.0
2025-07-28 17:00:00,32.2,0.0,16.0,125,49,20.1,33.8,1001.0,1,472.0
2025-07-28 18:00:00,31.0,0.0,16.5,129,58,21.7,33.4,1000.8,0,272.0
2025-07-28 19:00:00,29.8,0.0,13.7,123,67,22.9,33.2,1000.9,0,90.0
2025-07-28 20:00:00,29.3,0.0,11.7,121,70,23.2,33.2,1001.3,0,2.0
2025-07-28 21:00:00,29.0,0.0,10.7,131,72,23.4,33.1,1002.0,0,0.0
2025-07-28 22:00:00,28.3,0.0,9.2,94,76,23.6,32.8,1002.3,0,0.0
2025-07-28 23:00:00,27.9,0.0,9.1,99,77,23.6,32.4,1002.5,0,0.0
2025-07-29 00:00:00,27.5,0.0,9.2,94,79,23.5,32.0,1002.4,0,0.0
2025-07-29 01:00:00,27.2,0.0,10.1,85,80,23.5,31.5,1002.1,0,0.0
2025-07-29 02:00:00,26.8,0.0,11.0,87,82,23.5,31.0,1001.9,0,0.0
2025-07-29 03:00:00,26.4,0.0,12.3,97,86,24.0,30.7,1002.1,0,0.0
2025-07-29 04:00:00,26.3,0.0,12.8,101,88,24.1,30.6,1002.1,4,0.0
2025-07-29 05:00:00,26.0,0.0,12.5,98,90,24.2,30.4,1002.1,1,0.0
2025-07-29 06:00:00,26.1,0.0,12.9,97,89,24.2,30.4,1002.5,5,12.0
2025-07-29 07:00:00,27.1,0.0,14.1,101,83,24.0,31.1,1002.6,5,130.0
2025-07-29 08:00:00,28.0,0.0,15.5,108,78,23.9,31.7,1002.5,16,315.0
2025-07-29 09:00:00,28.8,0.0,15.9,110,74,23.7,32.4,1002.3,9,509.0
2025-07-29 10:00:00,29.8,0.0,16.9,112,69,23.5,33.8,1002.3,0,694.0
2025-07-29 11:00:00,30.6,0.0,17.8,117,64,23.0,35.0,1002.0,0,834.0
2025-07-29 12:00:00,31.5,0.0,18.9,118,57,21.9,35.4,1001.7,0,918.0
2025-07-29 13:00:00,32.2,0.0,18.5,119,52,21.0,35.8,1001.1,0,943.0
2025-07-29 14:00:00,32.5,0.0,18.3,119,49,20.3,35.7,1000.6,0,908.0
2025-07-29 15:00:00,33.0,0.0,17.7,119,42,18.5,34.8,1000.3,0,811.0
2025-07-29 16:00:00,33.1,0.0,16.1,118,40,17.7,34.1,999.9,0,661.0
2025-07-29 17:00:00,32.3,0.0,17.3,109,48,20.0,33.7,999.8,0,477.0
2025-07-29 18:00:00,30.6,0.0,16.5,100,61,22.2,33.3,999.7,0,274.0
2025-07-29 19:00:00,29.1,0.0,14.9,89,71,23.4,32.7,1000.0,0,89.0
2025-07-29 20:00:00,28.4,0.0,14.3,84,75,23.5,32.1,1000.5,0,2.0
2025-07-29 21:00:00,28.1,0.0,13.3,81,75,23.2,31.8,1001.4,0,0.0
2025-07-29 22:00:00,28.0,0.0,11.9,80,79,23.9,32.3,1001.3,0,0.0
2025-07-29 23:00:00,27.9,0.0,11.3,90,77,23.5,32.0,1001.5,0,0.0
2025-07-30 00:00:00,27.7,0.0,10.1,90,74,22.8,31.6,1001.7,0,0.0
2025-07-30 01:00:00,27.5,0.0,9.6,85,73,22.1,31.1,1001.4,0,0.0
2025-07-30 02:00:00,27.0,0.0,11.0,88,74,22.0,30.3,1001.2,0,0.0
2025-07-30 03:00:00,26.5,0.0,13.6,82,77,22.1,29.4,1001.0,0,0.0
2025-07-30 04:00:00,25.8,0.0,14.3,83,83,22.7,29.0,1001.0,0,0.0
2025-07-30 05:00:00,25.4,0.0,13.9,86,88,23.2,29.0,1001.3,0,0.0
2025-07-30 06:00:00,25.5,0.0,13.8,83,89,23.5,29.2,1001.7,1,12.0
2025-07-30 07:00:00,26.6,0.0,15.0,93,82,23.2,30.1,1002.1,2,133.0
2025-07-30 08:00:00,27.7,0.0,16.5,104,73,22.4,30.4,1001.7,3,322.0
2025-07-30 09:00:00,28.5,0.0,17.2,108,68,22.0,30.9,1001.5,1,526.0
2025-07-30 10:00:00,29.4,0.0,16.9,115,63,21.6,32.4,1002.1,22,705.0
2025-07-30 11:00:00,30.1,0.0,19.5,116,60,21.4,33.3,1001.7,14,842.0
2025-07-30 12:00:00,31.0,0.0,21.1,116,54,20.7,33.9,1001.6,42,924.0
2025-07-30 13:00:00,31.7,0.0,22.1,116,49,19.8,34.1,1001.2,55,947.0
2025-07-30 14:00:00,32.5,0.0,21.5,116,43,18.2,34.1,1001.0,85,910.0
2025-07-30 15:00:00,32.5,0.0,21.1,114,44,18.5,33.8,1000.5,79,810.0
2025-07-30 16:00:00,31.9,0.0,21.5,109,50,20.3,33.2,1000.4,6,658.0
2025-07-30 17:00:00,31.0,0.0,20.9,105,55,21.0,32.3,1000.2,5,474.0
2025-07-30 18:00:00,29.9,0.0,19.1,102,60,21.2,31.6,1000.3,5,272.0
2025-07-30 19:00:00,28.7,0.0,16.4,91,67,21.9,31.2,1000.9,0,88.0
2025-07-30 20:00:00,28.3,0.0,14.5,83,66,21.3,30.7,1001.5,0,2.0
2025-07-30 21:00:00,28.2,0.0,13.6,84,65,21.0,30.6,1002.3,19,0.0
2025-07-30 22:00:00,28.0,0.0,14.1,80,68,21.6,30.7,1002.5,15,0.0
2025-07-30 23:00:00,27.9,0.0,11.9,80,68,21.4,30.8,1002.6,31,0.0
2025-07-31 00:00:00,27.5,0.0,11.3,77,68,21.2,30.4,1002.7,43,0.0
2025-07-31 01:00:00,27.2,0.0,10.8,79,70,21.2,30.1,1002.4,92,0.0
2025-07-31 02:00:00,27.0,0.0,11.2,91,72,21.5,30.0,1002.3,87,0.0
2025-07-31 03:00:00,26.9,0.0,11.9,95,73,21.5,29.8,1002.4,20,0.0
2025-07-31 04:00:00,26.7,0.0,10.8,94,74,21.6,29.8,1002.4,37,0.0
2025-07-31 05:00:00,26.4,0.0,10.4,90,77,22.1,29.9,1002.7,80,0.0
2025-07-31 06:00:00,26.4,0.0,10.8,90,80,22.6,30.1,1003.1,62,11.0
2025-07-31 07:00:00,27.4,0.0,11.3,108,77,23.0,31.2,1003.3,95,131.0
2025-07-31 08:00:00,28.2,0.0,12.2,118,73,22.8,31.8,1003.6,99,316.0
2025-07-31 09:00:00,29.0,0.0,13.0,112,69,22.8,32.4,1003.5,97,511.0
2025-07-31 10:00:00,30.5,0.0,13.7,118,60,21.9,34.2,1003.6,100,691.0
2025-07-31 11:00:00,31.6,0.0,14.9,121,54,21.0,35.3,1003.5,100,822.0
2025-07-31 12:00:00,32.3,0.0,13.6,114,48,20.0,36.1,1003.1,100,901.0
2025-07-31 13:00:00,32.9,0.0,11.8,115,44,18.9,36.7,1002.6,100,944.0
2025-07-31 14:00:00,33.6,0.0,11.9,122,38,17.2,36.4,1002.1,72,911.0
2025-07-31 15:00:00,33.8,0.0,12.3,129,36,16.5,35.7,1001.6,22,808.0
2025-07-31 16:00:00,33.7,0.0,13.3,131,39,17.7,35.1,1001.0,23,653.0
2025-07-31 17:00:00,33.2,0.0,12.3,117,43,19.0,34.8,1001.0,12,466.0
2025-07-31 18:00:00,32.2,0.0,12.1,101,50,20.5,34.5,1001.2,10,263.0
2025-07-31 19:00:00,31.1,0.0,10.8,93,56,21.2,34.1,1001.4,3,83.0
2025-07-31 20:00:00,30.3,0.0,10.4,82,61,22.0,33.7,1001.9,2,2.0
2025-07-31 21:00:00,29.6,0.0,10.3,74,66,22.7,33.5,1002.4,1,0.0
2025-07-31 22:00:00,29.4,0.0,8.3,63,65,22.0,33.1,1002.7,0,0.0
2025-07-31 23:00:00,28.9,0.0,7.9,66,68,22.4,32.9,1003.0,1,0.0
2025-08-01 00:00:00,28.5,0.0,7.8,64,71,22.8,32.7,1002.9,4,0.0
2025-08-01 01:00:00,28.0,0.0,8.2,64,74,23.0,32.3,1002.6,3,0.0
2025-08-01 02:00:00,27.6,0.0,9.1,69,76,23.0,31.7,1002.0,2,0.0
2025-08-01 03:00:00,27.1,0.0,9.0,67,78,23.0,31.3,1001.6,0,0.0
2025-08-01 04:00:00,26.7,0.0,8.9,63,80,23.0,30.9,1001.6,0,0.0
2025-08-01 05:00:00,26.2,0.0,8.9,58,81,22.8,30.3,1001.5,0,0.0
2025-08-01 06:00:00,26.1,0.0,9.1,60,81,22.6,30.1,1001.9,0,11.0
2025-08-01 07:00:00,27.4,0.0,8.5,63,77,23.0,31.7,1002.1,0,131.0
2025-08-01 08:00:00,29.2,0.0,7.8,82,70,23.3,33.8,1002.0,0,323.0
2025-08-01 09:00:00,30.8,0.0,7.3,113,64,23.1,35.3,1002.1,0,520.0
2025-08-01 10:00:00,31.8,0.0,6.5,138,59,22.8,37.0,1002.5,0,695.0
2025-08-01 11:00:00,32.3,0.0,6.7,156,56,22.5,38.3,1002.3,0,827.0
2025-08-01 12:00:00,32.8,0.0,8.3,167,53,22.0,38.6,1001.9,4,905.0
2025-08-01 13:00:00,32.8,0.0,10.3,173,53,21.9,38.0,1001.4,16,870.0
2025-08-01 14:00:00,32.9,0.0,10.6,195,54,22.4,37.8,1000.8,7,789.0
2025-08-01 15:00:00,33.2,0.0,12.6,205,51,21.9,37.4,1000.3,7,750.0
2025-08-01 16:00:00,33.1,0.0,10.3,202,54,22.6,37.2,1000.1,9,609.0
2025-08-01 17:00:00,33.0,0.0,4.8,217,58,23.5,38.1,999.9,10,431.0
2025-08-01 18:00:00,32.5,0.0,6.2,311,59,23.5,37.5,1000.0,8,245.0
2025-08-01 19:00:00,31.5,0.0,11.4,353,63,23.5,35.5,1000.4,1,79.0
2025-08-01 20:00:00,30.1,0.0,11.9,11,68,23.5,34.1,1000.9,1,1.0
2025-08-01 21:00:00,29.2,0.0,10.2,17,72,23.6,33.6,1001.5,1,0.0
2025-08-01 22:00:00,27.9,0.0,7.6,360,79,24.0,32.8,1001.4,0,0.0
2025-08-01 23:00:00,27.2,0.0,5.5,328,82,24.0,32.5,1001.8,0,0.0
2025-08-02 00:00:00,26.8,0.0,6.4,299,86,24.2,32.1,1002.1,0,0.0
2025-08-02 01:00:00,26.4,0.0,8.4,304,90,24.5,31.5,1002.0,1,0.0
2025-08-02 02:00:00,25.9,0.0,10.3,314,92,24.5,30.8,1001.9,0,0.0
2025-08-02 03:00:00,25.9,0.0,11.8,343,91,24.2,30.4,1001.4,5,0.0
2025-08-02 04:00:00,25.9,0.0,9.7,349,90,24.1,30.7,1001.1,6,0.0
2025-08-02 05:00:00,25.8,0.0,6.5,332,91,24.2,31.0,1001.3,1,0.0
2025-08-02 06:00:00,25.8,0.0,6.0,314,91,24.2,31.2,1001.6,0,10.0
2025-08-02 07:00:00,27.1,0.0,7.7,309,84,24.1,32.2,1001.9,3,130.0
2025-08-02 08:00:00,29.0,0.0,9.4,317,74,23.9,33.6,1002.0,3,322.0
2025-08-02 09:00:00,31.1,0.0,8.7,330,60,22.5,35.1,1001.7,1,520.0
2025-08-02 10:00:00,32.8,0.0,6.7,284,54,22.4,37.8,1002.0,1,694.0
2025-08-02 11:00:00,34.2,0.0,7.4,271,48,21.5,39.5,1001.6,0,830.0
2025-08-02 12:00:00,35.1,0.0,9.4,266,44,21.2,40.3,1001.2,0,911.0
2025-08-02 13:00:00,35.2,0.0,11.3,268,47,22.0,40.6,1000.7,0,931.0
2025-08-02 14:00:00,35.3,0.0,11.9,275,48,22.7,40.8,1000.4,0,888.0
2025-08-02 15:00:00,35.5,0.0,11.4,288,45,21.6,39.9,1000.2,0,788.0
2025-08-02 16:00:00,35.2,0.0,11.1,312,40,19.7,37.9,999.8,0,644.0
2025-08-02 17:00:00,33.7,0.0,12.2,336,45,20.1,35.8,999.7,0,465.0
2025-08-02 18:00:00,32.0,0.0,11.6,342,52,20.8,34.5,999.9,14,266.0
2025-08-02 19:00:00,30.0,0.0,11.1,340,60,21.4,32.9,1000.3,17,82.0
2025-08-02 20:00:00,28.5,0.0,8.7,333,67,21.9,32.1,1000.6,0,1.0
2025-08-02 21:00:00,27.9,0.0,8.2,308,69,21.8,31.5,1001.2,99,0.0
2025-08-02 22:00:00,27.8,0.0,7.6,292,70,21.8,31.4,1001.4,56,0.0
2025-08-02 23:00:00,27.4,0.0,8.7,283,75,22.5,31.3,1001.9,54,0.0
2025-08-03 00:00:00,26.9,0.0,9.5,284,80,23.2,31.1,1002.0,0,0.0
2025-08-03 01:00:00,26.4,0.0,9.3,286,85,23.5,30.8,1001.9,94,0.0
2025-08-03 02:00:00,25.9,0.0,8.5,283,88,23.9,30.7,1001.7,51,0.0
2025-08-03 03:00:00,25.5,0.0,10.3,285,94,24.4,30.3,1001.6,65,0.0
2025-08-03 04:00:00,25.1,0.0,11.0,293,94,24.1,29.7,1001.8,96,0.0
2025-08-03 05:00:00,25.0,0.0,9.9,305,91,23.5,29.3,1002.0,98,0.0
2025-08-03 06:00:00,25.0,0.0,8.4,304,90,23.3,29.4,1002.5,100,9.0
2025-08-03 07:00:00,26.4,0.0,6.7,294,86,23.9,31.4,1002.8,82,115.0
2025-08-03 08:00:00,28.1,0.0,5.2,286,77,23.7,33.3,1002.7,28,300.0
2025-08-03 09:00:00,29.8,0.0,5.4,256,69,23.5,34.8,1002.6,94,511.0
2025-08-03 10:00:00,30.6,0.0,9.4,257,66,23.5,35.5,1003.1,100,638.0
2025-08-03 11:00:00,31.9,0.0,8.6,231,60,23.0,37.5,1002.6,100,767.0
2025-08-03 12:00:00,32.7,0.0,9.5,216,55,22.4,37.9,1002.3,100,807.0
2025-08-03 13:00:00,33.6,0.0,6.8,215,49,21.5,39.1,1001.9,99,858.0
2025-08-03 14:00:00,34.6,0.0,5.3,198,45,20.9,40.1,1001.6,0,869.0
2025-08-03 15:00:00,35.0,0.0,9.1,240,41,19.6,38.8,1001.6,22,787.0
2025-08-03 16:00:00,34.3,0.0,12.9,249,41,19.4,36.4,1001.5,57,631.0
2025-08-03 17:00:00,33.5,0.0,12.3,249,42,19.0,35.1,1001.3,33,384.0
2025-08-03 18:00:00,33.0,0.0,11.8,258,43,18.6,34.5,1001.6,10,251.0
2025-08-03 19:00:00,31.8,0.0,11.2,267,44,18.1,33.1,1002.3,80,75.0
2025-08-03 20:00:00,30.9,0.0,8.3,270,49,18.8,33.0,1002.8,59,1.0
2025-08-03 21:00:00,30.2,0.0,8.3,269,54,20.0,32.8,1003.4,99,0.0
2025-08-03 22:00:00,30.0,0.0,5.2,282,59,21.1,33.7,1003.5,90,0.0
2025-08-03 23:00:00,29.3,0.0,2.8,285,63,21.6,33.6,1004.1,89,0.0
2025-08-04 00:00:00,28.6,0.0,1.2,51,72,23.1,34.1,1004.2,91,0.0
2025-08-04 01:00:00,28.0,0.0,2.8,165,72,22.5,32.8,1004.0,93,0.0
2025-08-04 02:00:00,28.0,0.0,6.5,186,73,22.7,32.4,1003.5,71,0.0
2025-08-04 03:00:00,27.9,0.0,4.0,183,76,23.1,32.9,1003.5,30,0.0
2025-08-04 04:00:00,28.1,0.0,8.5,126,80,24.3,33.1,1003.8,25,0.0
2025-08-04 05:00:00,27.9,0.0,9.6,139,84,24.8,33.1,1004.0,100,0.0
2025-08-04 06:00:00,28.3,0.0,11.9,151,74,23.2,32.2,1004.0,100,5.0
2025-08-04 07:00:00,29.0,0.0,14.9,148,69,22.8,32.1,1004.2,84,89.0
2025-08-04 08:00:00,29.8,0.1,15.2,153,69,23.5,33.3,1004.2,85,278.0
2025-08-04 09:00:00,28.2,2.0,12.8,165,78,24.0,32.5,1004.5,96,292.0
2025-08-04 10:00:00,27.0,0.3,14.4,162,86,24.5,31.3,1005.3,100,169.0
2025-08-04 11:00:00,27.8,0.3,13.6,163,81,24.2,32.0,1005.1,99,270.0
2025-08-04 12:00:00,29.5,0.1,11.8,157,73,24.1,33.9,1004.8,100,514.0
2025-08-04 13:00:00,30.2,0.2,15.1,181,71,24.2,34.4,1004.8,100,575.0
2025-08-04 14:00:00,30.6,0.0,11.2,182,70,24.5,35.4,1004.4,100,500.0
2025-08-04 15:00:00,31.5,0.0,10.0,163,67,24.6,37.0,1004.2,99,632.0
2025-08-04 16:00:00,28.5,2.7,12.3,124,86,26.0,34.2,1004.6,99,417.0
2025-08-04 17:00:00,28.4,0.2,12.3,98,86,25.8,33.8,1004.6,99,236.0
2025-08-04 18:00:00,28.0,0.2,11.4,101,87,25.6,33.5,1004.7,99,93.0
2025-08-04 19:00:00,28.2,0.1,9.4,113,86,25.8,34.1,1005.3,92,41.0
2025-08-04 20:00:00,28.6,0.0,9.0,164,83,25.4,34.3,1005.6,43,1.0
2025-08-04 21:00:00,28.5,0.0,6.5,156,85,25.7,34.8,1006.5,100,0.0
2025-08-04 22:00:00,28.5,0.0,5.8,124,90,26.8,35.6,1006.4,17,0.0
2025-08-04 23:00:00,28.5,0.0,4.4,125,90,26.7,35.7,1006.8,10,0.0
2025-08-05 00:00:00,28.8,0.0,8.4,161,86,26.1,35.0,1007.0,19,0.0
2025-08-05 01:00:00,28.8,0.0,10.6,171,79,24.8,33.9,1006.7,18,0.0
2025-08-05 02:00:00,28.8,0.0,9.0,180,79,24.7,34.0,1006.6,68,0.0
2025-08-05 03:00:00,28.7,0.0,9.0,167,78,24.5,33.8,1006.9,35,0.0
2025-08-05 04:00:00,28.4,0.0,6.8,162,79,24.5,33.7,1006.9,59,0.0
2025-08-05 05:00:00,28.2,0.0,8.3,166,80,24.5,33.4,1006.9,27,0.0
2025-08-05 06:00:00,28.4,0.0,9.5,194,78,24.0,33.1,1007.2,15,7.0
2025-08-05 07:00:00,29.1,0.0,8.2,203,73,23.9,33.9,1007.3,25,110.0
2025-08-05 08:00:00,29.8,0.0,8.1,215,71,23.9,34.6,1007.7,37,296.0
2025-08-05 09:00:00,30.6,0.0,7.5,207,69,24.2,35.8,1007.7,31,478.0
2025-08-05 10:00:00,31.7,0.0,7.6,194,64,24.1,37.2,1007.8,26,627.0
2025-08-05 11:00:00,32.7,0.0,8.8,181,60,23.8,38.4,1007.5,21,733.0
2025-08-05 12:00:00,33.5,0.1,9.2,200,56,23.5,39.4,1007.2,19,811.0
2025-08-05 13:00:00,34.1,0.0,8.6,200,53,23.2,40.2,1006.6,13,841.0
2025-08-05 14:00:00,33.8,0.1,8.3,210,55,23.6,39.7,1006.3,62,772.0
2025-08-05 15:00:00,33.2,0.1,4.0,260,58,23.8,39.1,1006.0,15,629.0
2025-08-05 16:00:00,33.1,0.2,11.2,274,57,23.4,37.2,1006.1,57,561.0
2025-08-05 17:00:00,30.6,0.9,9.9,285,71,24.9,35.8,1006.5,46,223.0
2025-08-05 18:00:00,30.9,0.0,12.0,282,69,24.6,35.7,1006.5,44,196.0
2025-08-05 19:00:00,30.7,0.0,13.7,286,68,24.2,34.9,1006.9,83,60.0
2025-08-05 20:00:00,30.0,0.0,13.6,288,72,24.5,34.4,1007.2,80,1.0
2025-08-05 21:00:00,29.4,0.0,12.1,293,76,24.8,34.2,1007.9,4,0.0
2025-08-05 22:00:00,29.2,0.0,8.5,275,77,24.9,34.6,1007.9,2,0.0
2025-08-05 23:00:00,28.4,0.0,3.1,239,84,25.5,35.0,1008.1,6,0.0
2025-08-06 00:00:00,28.3,0.0,1.1,189,86,25.8,35.4,1007.7,8,0.0
2025-08-06 01:00:00,28.1,0.0,0.6,162,87,25.9,35.4,1007.5,10,0.0
2025-08-06 02:00:00,28.0,0.0,1.2,207,88,25.9,35.2,1007.5,10,0.0
2025-08-06 03:00:00,27.6,0.0,3.6,221,88,25.5,34.2,1007.1,1,0.0
2025-08-06 04:00:00,27.8,0.0,4.6,222,84,24.8,33.7,1007.1,4,0.0
2025-08-06 05:00:00,27.4,0.0,3.6,243,85,24.6,33.3,1007.2,9,0.0
2025-08-06 06:00:00,28.0,0.0,6.3,250,81,24.5,33.5,1007.7,20,7.0
2025-08-06 07:00:00,28.9,0.0,12.0,223,77,24.5,33.6,1007.6,78,106.0
2025-08-06 08:00:00,29.4,0.0,16.2,220,77,25.0,33.7,1007.6,100,272.0
2025-08-06 09:00:00,30.4,0.0,18.2,219,73,25.0,34.5,1007.2,81,463.0
2025-08-06 10:00:00,31.6,0.0,12.8,219,69,25.1,37.0,1006.9,39,628.0
2025-08-06 11:00:00,33.0,0.1,14.6,238,60,24.1,38.3,1006.8,100,780.0
2025-08-06 12:00:00,34.2,0.0,14.6,238,53,23.3,39.0,1006.0,32,771.0
2025-08-06 13:00:00,32.5,0.8,13.8,244,62,24.3,38.3,1005.9,11,842.0
2025-08-06 14:00:00,34.0,0.1,16.5,229,54,23.5,38.9,1005.2,84,841.0
2025-08-06 15:00:00,34.0,0.1,17.8,227,54,23.3,37.0,1004.5,80,482.0
2025-08-06 16:00:00,34.3,0.0,20.8,230,52,22.9,36.7,1004.0,19,555.0
2025-08-06 17:00:00,33.4,0.0,18.4,233,55,23.0,36.2,1003.7,16,391.0
2025-08-06 18:00:00,32.5,0.0,18.1,238,57,23.0,35.4,1003.7,19,201.0
2025-08-06 19:00:00,31.6,0.0,18.8,225,63,23.6,34.8,1003.9,100,63.0
2025-08-06 20:00:00,30.9,0.0,18.2,226,67,24.0,34.3,1004.0,100,0.0
2025-08-06 21:00:00,30.2,0.0,18.8,223,71,24.4,33.8,1004.5,100,0.0
2025-08-06 22:00:00,30.0,0.0,20.6,216,74,24.7,33.5,1004.1,98,0.0
2025-08-06 23:00:00,29.4,0.0,19.0,222,77,25.0,33.3,1003.8,100,0.0
2025-08-07 00:00:00,29.4,0.0,19.7,233,77,24.9,33.2,1003.5,99,0.0
2025-08-07 01:00:00,28.6,0.2,19.7,242,79,24.6,32.2,1003.2,90,0.0
2025-08-07 02:00:00,26.9,2.5,17.7,258,88,24.7,30.9,1003.2,95,0.0
2025-08-07 03:00:00,26.1,7.5,19.1,262,95,25.2,30.2,1003.0,100,0.0
2025-08-07 04:00:00,26.5,6.4,23.1,256,90,24.7,29.6,1003.1,100,0.0
2025-08-07 05:00:00,25.8,2.7,20.4,254,93,24.6,29.3,1002.8,100,0.0
2025-08-07 06:00:00,26.0,4.8,23.5,254,93,24.8,29.1,1003.0,100,2.0
2025-08-07 07:00:00,26.2,1.0,24.5,251,92,24.9,29.3,1003.2,100,34.0
2025-08-07 08:00:00,26.1,0.3,21.3,256,93,24.8,29.6,1003.4,100,96.0
2025-08-07 09:00:00,26.7,0.3,21.8,257,89,24.8,30.1,1003.8,99,188.0
2025-08-07 10:00:00,26.9,3.0,16.8,279,90,25.1,31.3,1003.5,100,228.0
2025-08-07 11:00:00,27.7,0.4,14.2,283,88,25.5,32.7,1003.0,95,302.0
2025-08-07 12:00:00,29.1,0.0,9.3,257,82,25.8,35.1,1003.0,100,397.0
2025-08-07 13:00:00,30.0,0.1,11.4,237,78,25.8,35.6,1002.6,100,478.0
2025-08-07 14:00:00,30.3,0.0,11.3,277,74,25.1,35.5,1002.0,48,358.0
2025-08-07 15:00:00,31.0,0.0,16.7,271,69,24.5,35.3,1001.9,100,616.0
2025-08-07 16:00:00,29.7,0.0,16.5,281,76,25.0,34.0,1001.7,100,201.0
2025-08-07 17:00:00,29.0,0.0,14.9,281,82,25.6,34.0,1001.9,100,89.0
2025-08-07 18:00:00,29.4,0.0,17.8,262,79,25.3,33.7,1001.8,100,186.0
2025-08-07 19:00:00,28.8,0.1,17.8,262,82,25.4,33.2,1002.2,100,32.0
2025-08-07 20:00:00,28.3,0.3,19.8,263,85,25.5,32.4,1002.6,100,0.0
2025-08-07 21:00:00,27.9,0.1,21.2,257,88,25.6,31.9,1003.0,100,0.0
2025-08-07 22:00:00,28.2,0.0,13.1,270,80,24.5,32.7,1003.9,100,0.0
2025-08-07 23:00:00,26.8,0.3,13.1,293,90,25.0,31.5,1003.6,85,0.0
2025-08-08 00:00:00,26.8,0.1,5.4,300,90,25.0,32.7,1003.2,82,0.0
2025-08-08 01:00:00,25.5,0.8,11.8,313,95,24.7,30.3,1003.1,100,0.0
2025-08-08 02:00:00,24.3,1.2,12.5,298,99,24.0,28.6,1003.3,96,0.0
2025-08-08 03:00:00,24.8,1.0,8.3,268,93,23.6,29.4,1003.1,30,0.0
2025-08-08 04:00:00,25.5,0.0,7.5,278,94,24.4,30.7,1002.9,100,0.0
2025-08-08 05:00:00,25.8,0.4,8.9,257,94,24.7,31.0,1002.9,92,0.0
2025-08-08 06:00:00,25.8,0.4,12.4,249,95,24.9,30.6,1003.3,100,5.0
2025-08-08 07:00:00,26.5,0.3,13.6,252,92,25.0,31.2,1003.6,100,55.0
2025-08-08 08:00:00,27.0,0.0,15.1,258,92,25.5,31.9,1003.7,100,146.0
2025-08-08 09:00:00,27.4,0.2,15.4,253,88,25.2,32.0,1004.1,100,250.0
2025-08-08 10:00:00,29.2,0.1,20.3,239,75,24.4,32.6,1004.5,99,539.0
2025-08-08 11:00:00,29.4,0.1,20.7,240,69,23.1,32.8,1004.7,79,728.0
2025-08-08 12:00:00,30.5,0.0,19.6,260,62,22.2,33.6,1004.5,87,737.0
2025-08-08 13:00:00,30.9,0.0,22.2,274,55,20.8,33.1,1004.2,85,803.0
2025-08-08 14:00:00,30.5,0.0,22.6,280,55,20.5,32.6,1004.0,100,826.0
2025-08-08 15:00:00,30.1,0.0,20.7,284,58,21.0,31.8,1004.0,100,619.0
2025-08-08 16:00:00,29.4,0.0,20.4,282,62,21.4,31.0,1003.9,100,477.0
2025-08-08 17:00:00,28.5,0.0,17.8,288,70,22.5,31.1,1004.3,100,217.0
2025-08-08 18:00:00,28.0,0.0,15.7,288,75,23.1,31.3,1004.6,100,81.0
2025-08-08 19:00:00,27.5,0.0,16.4,266,79,23.4,30.8,1005.2,100,25.0
2025-08-08 20:00:00,26.4,0.0,17.7,276,84,23.5,29.6,1005.7,100,0.0
2025-08-08 21:00:00,25.6,0.3,12.2,253,87,23.4,29.5,1006.4,99,0.0
2025-08-08 22:00:00,26.9,0.0,7.7,273,85,24.1,31.9,1006.1,100,0.0
2025-08-08 23:00:00,26.4,0.0,7.3,300,88,24.3,31.6,1006.2,96,0.0
2025-08-09 00:00:00,25.6,0.0,1.3,360,91,24.1,31.6,1006.1,100,0.0
2025-08-09 01:00:00,26.0,0.0,1.8,323,91,24.4,32.0,1005.8,100,0.0
2025-08-09 02:00:00,25.5,0.0,2.3,342,93,24.2,31.5,1005.6,89,0.0
2025-08-09 03:00:00,25.4,0.0,0.6,146,92,24.0,31.4,1005.3,100,0.0
2025-08-09 04:00:00,25.6,0.0,0.7,346,92,24.2,31.7,1005.2,100,0.0
2025-08-09 05:00:00,25.6,0.0,0.5,90,92,24.2,31.7,1005.5,100,0.0
2025-08-09 06:00:00,25.6,0.1,1.6,117,91,24.0,31.5,1005.9,100,3.0
2025-08-09 07:00:00,26.8,0.0,2.7,148,86,24.4,32.7,1006.1,100,68.0
2025-08-09 08:00:00,27.7,0.5,5.6,184,75,23.0,32.3,1006.1,100,149.0
2025-08-09 09:00:00,27.9,0.0,8.2,199,75,23.1,32.3,1006.4,100,218.0
2025-08-09 10:00:00,27.5,0.2,6.6,202,79,23.5,32.2,1006.6,100,222.0
2025-08-09 11:00:00,27.0,0.6,11.0,206,79,23.1,30.9,1006.4,100,250.0
2025-08-09 12:00:00,26.1,2.5,12.2,202,86,23.5,30.1,1006.4,100,176.0
2025-08-09 13:00:00,25.9,0.2,17.1,226,79,22.0,28.4,1006.5,100,265.0
2025-08-09 14:00:00,23.9,6.9,6.3,183,89,22.0,27.8,1006.0,100,172.0
2025-08-09 15:00:00,23.8,4.3,4.0,108,93,22.5,28.5,1005.6,100,94.0
2025-08-09 16:00:00,24.0,1.1,12.1,96,92,22.8,27.6,1005.0,100,122.0
2025-08-09 17:00:00,24.7,0.3,17.3,105,89,22.9,27.6,1004.4,100,176.0
2025-08-09 18:00:00,24.8,1.2,17.0,117,94,23.7,28.2,1004.0,100,67.0
2025-08-09 19:00:00,25.5,0.6,12.3,128,93,24.4,30.1,1003.9,100,15.0
2025-08-09 20:00:00,25.9,1.1,8.8,160,95,24.9,31.2,1004.0,100,0.0
2025-08-09 21:00:00,26.1,1.1,10.8,183,95,25.2,31.4,1004.2,100,0.0
2025-08-09 22:00:00,26.8,0.4,12.7,149,93,25.5,32.0,1003.8,100,0.0
2025-08-09 23:00:00,26.5,0.5,8.4,155,95,25.5,32.3,1003.7,100,0.0
2025-08-10 00:00:00,26.4,1.5,16.2,190,93,25.2,30.9,1003.1,100,0.0
2025-08-10 01:00:00,25.7,3.4,12.0,217,94,24.6,30.4,1003.1,100,0.0
2025-08-10 02:00:00,25.8,2.4,16.2,204,94,24.8,30.0,1003.0,100,0.0
2025-08-10 03:00:00,25.6,3.5,13.6,223,94,24.6,30.1,1002.7,100,0.0
2025-08-10 04:00:00,25.5,3.1,13.4,221,95,24.6,30.1,1002.1,100,0.0
2025-08-10 05:00:00,25.7,2.5,14.4,227,93,24.5,30.0,1002.1,100,0.0
2025-08-10 06:00:00,25.6,2.0,11.6,215,94,24.5,30.4,1001.9,100,1.0
2025-08-10 07:00:00,25.8,1.8,10.6,227,95,24.9,30.9,1002.9,100,31.0
2025-08-10 08:00:00,25.6,3.8,14.3,233,95,24.9,30.2,1002.9,100,45.0
2025-08-10 09:00:00,26.6,2.6,17.0,212,93,25.4,31.1,1003.1,100,49.0
2025-08-10 10:00:00,27.5,1.6,17.1,204,89,25.5,32.2,1002.6,100,298.0
2025-08-10 11:00:00,27.5,3.0,17.3,203,90,25.7,32.1,1003.1,100,140.0
2025-08-10 12:00:00,26.6,4.9,15.6,218,93,25.4,31.3,1002.8,100,71.0
2025-08-10 13:00:00,26.5,4.1,19.6,212,93,25.3,30.5,1002.2,100,40.0
2025-08-10 14:00:00,26.4,4.5,20.8,215,93,25.1,30.2,1001.8,100,62.0
2025-08-10 15:00:00,26.4,3.5,15.3,205,94,25.3,31.1,1001.5,100,72.0
2025-08-10 16:00:00,26.5,3.8,19.1,201,93,25.3,30.6,1000.7,100,35.0
2025-08-10 17:00:00,26.8,4.1,22.4,212,91,25.2,30.4,1000.7,100,89.0
2025-08-10 18:00:00,26.2,5.0,22.1,244,94,25.2,29.9,1000.5,100,27.0
2025-08-10 19:00:00,26.2,3.8,27.8,253,94,25.1,29.0,1001.4,100,7.0
2025-08-10 20:00:00,26.0,6.7,20.6,264,95,25.1,29.9,1002.1,100,0.0
2025-08-10 21:00:00,26.0,11.0,16.7,270,95,25.1,30.4,1002.9,100,0.0
2025-08-10 22:00:00,26.9,0.0,11.9,239,92,25.5,32.1,1002.8,98,0.0
2025-08-10 23:00:00,27.0,0.0,13.0,237,92,25.5,32.2,1003.0,100,0.0
2025-08-11 00:00:00,26.9,0.0,12.5,266,93,25.5,32.1,1003.0,100,0.0
2025-08-11 01:00:00,26.5,0.0,14.4,270,91,25.0,31.1,1002.9,100,0.0
2025-08-11 02:00:00,26.5,0.0,17.8,254,89,24.6,30.4,1002.9,100,0.0
2025-08-11 03:00:00,26.5,0.1,15.0,264,88,24.4,30.6,1003.2,100,0.0
2025-08-11 04:00:00,26.1,0.0,12.8,253,91,24.5,30.6,1003.1,100,0.0
2025-08-11 05:00:00,25.5,2.7,7.8,266,95,24.8,31.0,1003.2,100,0.0
2025-08-11 06:00:00,25.5,2.5,7.5,255,96,25.0,31.2,1003.4,100,1.0
2025-08-11 07:00:00,25.3,3.1,7.4,267,96,24.7,30.8,1003.8,100,14.0
2025-08-11 08:00:00,25.8,2.1,6.5,257,95,24.9,31.5,1004.0,100,45.0
2025-08-11 09:00:00,26.0,2.7,7.5,280,95,25.2,31.8,1004.3,100,104.0
2025-08-11 10:00:00,25.8,13.7,11.8,236,97,25.2,30.9,1004.9,100,75.0
2025-08-11 11:00:00,26.4,3.2,13.0,250,94,25.3,31.4,1005.2,100,131.0
2025-08-11 12:00:00,27.4,0.7,15.0,260,87,25.0,32.0,1005.4,100,333.0
2025-08-11 13:00:00,27.4,2.3,9.0,254,89,25.4,33.1,1005.3,100,416.0
2025-08-11 14:00:00,26.8,5.1,6.1,220,93,25.5,32.9,1005.5,100,290.0
2025-08-11 15:00:00,26.4,3.9,11.1,253,93,25.1,31.6,1005.8,100,94.0
2025-08-11 16:00:00,25.9,4.1,4.4,258,95,25.0,31.9,1005.5,100,146.0
2025-08-11 17:00:00,25.1,2.8,2.1,195,96,24.5,31.2,1005.5,100,47.0
2025-08-11 18:00:00,24.9,2.6,3.3,112,96,24.2,30.6,1005.7,100,23.0
2025-08-11 19:00:00,24.8,1.6,4.5,40,98,24.4,30.4,1006.3,100,16.0
2025-08-11 20:00:00,24.9,1.2,9.6,86,96,24.2,29.8,1006.1,100,0.0
2025-08-11 21:00:00,25.9,0.0,10.4,105,94,24.8,30.9,1006.7,99,0.0
2025-08-11 22:00:00,27.5,0.0,12.7,155,89,25.5,32.7,1006.9,100,0.0
2025-08-11 23:00:00,27.6,0.0,7.9,177,85,24.9,33.1,1007.3,100,0.0
2025-08-12 00:00:00,27.5,0.0,10.1,178,85,24.8,32.7,1007.2,100,0.0
2025-08-12 01:00:00,27.5,0.0,9.8,175,84,24.6,32.6,1007.5,100,0.0
2025-08-12 02:00:00,27.5,0.2,10.6,198,84,24.5,32.4,1007.3,100,0.0
2025-08-12 03:00:00,27.5,0.1,11.8,200,84,24.5,32.1,1007.6,100,0.0
2025-08-12 04:00:00,27.6,0.0,11.7,193,83,24.5,32.3,1007.8,100,0.0
2025-08-12 05:00:00,27.3,0.1,13.9,214,86,24.7,31.8,1008.3,100,0.0
2025-08-12 06:00:00,27.4,0.0,15.3,221,86,24.9,31.8,1008.8,100,2.0
2025-08-12 07:00:00,27.4,0.1,16.7,233,85,24.6,31.4,1009.8,100,58.0
2025-08-12 08:00:00,27.5,0.0,15.3,236,85,24.9,32.0,1010.3,99,120.0
2025-08-12 09:00:00,28.3,0.0,12.7,237,83,25.0,33.2,1010.6,100,300.0
2025-08-12 10:00:00,27.5,3.2,12.4,251,86,24.9,32.3,1011.5,100,455.0
2025-08-12 11:00:00,28.3,0.2,3.8,225,84,25.4,34.7,1011.4,99,405.0
2025-08-12 12:00:00,26.8,2.4,1.9,22,89,24.9,33.6,1011.8,100,621.0
2025-08-12 13:00:00,27.8,0.2,7.1,319,86,25.1,33.6,1011.9,99,478.0
2025-08-12 14:00:00,27.1,0.3,8.3,346,85,24.5,32.3,1011.9,100,320.0
2025-08-12 15:00:00,29.0,0.0,4.9,327,79,25.1,35.7,1012.1,100,640.0
2025-08-12 16:00:00,29.0,0.1,1.5,291,80,25.1,35.5,1011.9,100,328.0
2025-08-12 17:00:00,29.0,0.1,1.7,252,81,25.5,35.8,1012.1,100,248.0
2025-08-12 18:00:00,26.4,1.6,15.1,273,87,24.1,30.3,1013.3,100,127.0
2025-08-12 19:00:00,25.4,0.8,1.8,315,92,24.0,31.2,1013.1,100,10.0
2025-08-12 20:00:00,25.2,0.0,3.6,45,95,24.5,31.1,1013.6,100,0.0
2025-08-12 21:00:00,25.4,0.0,6.2,75,96,24.6,31.0,1014.2,100,0.0
2025-08-12 22:00:00,26.1,0.0,6.7,36,89,24.2,31.4,1014.1,79,0.0
2025-08-12 23:00:00,26.1,0.0,3.5,51,90,24.4,32.0,1014.4,77,0.0
2025-08-13 00:00:00,26.4,0.0,3.7,67,90,24.5,32.3,1014.2,90,0.0
2025-08-13 01:00:00,26.4,0.0,4.8,77,92,25.0,32.4,1014.0,99,0.0
2025-08-13 02:00:00,26.4,0.0,5.9,50,94,25.4,32.5,1014.3,100,0.0
2025-08-13 03:00:00,26.1,0.0,6.0,44,96,25.5,32.3,1014.5,99,0.0
2025-08-13 04:00:00,25.9,0.0,5.5,41,97,25.4,32.1,1014.4,84,0.0
2025-08-13 05:00:00,25.6,0.0,5.4,37,97,25.0,31.6,1014.4,23,0.0
2025-08-13 06:00:00,25.5,0.0,7.0,40,97,25.0,31.2,1014.8,13,5.0
2025-08-13 07:00:00,26.8,0.0,6.9,49,94,25.8,33.1,1015.2,6,101.0
2025-08-13 08:00:00,28.3,0.0,4.9,92,88,26.1,35.1,1015.5,16,279.0
2025-08-13 09:00:00,29.1,0.1,6.9,135,81,25.5,35.2,1015.7,99,455.0
2025-08-13 10:00:00,29.6,0.5,7.5,140,80,25.9,35.9,1016.1,98,564.0
2025-08-13 11:00:00,30.4,0.2,4.4,148,76,25.6,38.1,1016.0,100,731.0
2025-08-13 12:00:00,31.0,0.1,5.3,147,73,25.7,39.3,1015.5,100,839.0
2025-08-13 13:00:00,31.5,0.0,5.9,142,71,25.6,39.6,1014.9,100,852.0
2025-08-13 14:00:00,31.7,0.0,4.7,152,69,25.2,39.6,1014.7,100,817.0
2025-08-13 15:00:00,31.5,0.0,3.6,177,70,25.3,38.6,1014.2,83,661.0
2025-08-13 16:00:00,31.2,0.0,4.8,225,71,25.2,37.4,1014.2,48,556.0
2025-08-13 17:00:00,30.6,0.0,3.4,254,72,24.9,36.8,1014.4,40,376.0
2025-08-13 18:00:00,30.1,0.0,2.3,328,74,24.9,36.4,1014.7,27,186.0
2025-08-13 19:00:00,28.7,0.0,1.9,292,86,26.1,35.9,1015.0,76,51.0
2025-08-13 20:00:00,28.0,0.0,1.5,306,91,26.5,35.5,1015.4,78,0.0
2025-08-13 21:00:00,27.6,0.0,0.6,34,93,26.4,35.2,1016.0,14,0.0
2025-08-13 22:00:00,27.2,0.0,2.4,351,96,26.6,34.7,1016.1,82,0.0
2025-08-13 23:00:00,26.6,0.0,2.0,5,98,26.4,34.0,1016.1,90,0.0
2025-08-14 00:00:00,26.1,0.0,0.9,37,99,26.0,33.4,1016.0,100,0.0
2025-08-14 01:00:00,25.9,0.0,1.7,41,99,25.6,32.7,1015.6,100,0.0
2025-08-14 02:00:00,25.8,0.0,1.9,61,97,25.3,32.4,1015.5,100,0.0
2025-08-14 03:00:00,25.6,0.0,2.4,63,97,25.1,32.1,1015.5,100,0.0
2025-08-14 04:00:00,25.9,0.0,3.3,29,96,25.1,32.2,1015.5,100,0.0
2025-08-14 05:00:00,25.6,0.0,4.0,36,96,25.0,31.8,1015.7,100,0.0
2025-08-14 06:00:00,25.5,0.0,3.6,41,96,24.9,31.7,1016.0,99,4.0
2025-08-14 07:00:00,26.5,0.0,3.4,65,93,25.4,33.0,1016.2,100,97.0
2025-08-14 08:00:00,27.7,0.0,3.4,90,89,25.8,34.4,1016.3,100,258.0
2025-08-14 09:00:00,28.9,0.0,3.8,131,83,25.7,35.5,1016.2,94,460.0
2025-08-14 10:00:00,30.1,0.0,4.8,214,76,25.3,36.9,1016.8,9,639.0
2025-08-14 11:00:00,30.4,0.0,6.7,211,75,25.5,37.9,1016.6,75,771.0
2025-08-14 12:00:00,30.7,0.0,7.5,207,75,25.9,38.8,1016.2,98,866.0
2025-08-14 13:00:00,31.0,0.0,7.7,213,75,25.9,38.9,1015.8,100,837.0
2025-08-14 14:00:00,31.5,0.0,8.6,234,68,25.0,38.6,1015.6,58,812.0
2025-08-14 15:00:00,31.9,0.0,12.2,262,60,23.2,36.8,1015.2,38,735.0
2025-08-14 16:00:00,31.5,0.0,13.1,283,59,22.6,35.1,1015.0,18,592.0
2025-08-14 17:00:00,30.6,0.0,12.0,282,66,23.5,34.7,1015.1,3,424.0
2025-08-14 18:00:00,29.2,0.0,11.5,273,77,24.8,34.2,1015.0,25,228.0
2025-08-14 19:00:00,28.1,0.0,9.6,276,83,25.0,33.5,1015.1,100,55.0
2025-08-14 20:00:00,27.5,0.0,7.3,280,89,25.5,33.4,1015.3,90,0.0
2025-08-14 21:00:00,26.9,0.0,4.7,286,94,25.8,33.4,1015.8,4,0.0
2025-08-14 22:00:00,27.4,0.0,6.1,317,92,25.9,33.8,1015.5,22,0.0
2025-08-14 23:00:00,27.0,0.0,5.7,328,93,25.8,33.4,1015.5,8,0.0
2025-08-15 00:00:00,26.5,0.0,3.3,331,95,25.7,33.2,1015.4,42,0.0
2025-08-15 01:00:00,26.4,0.0,4.1,315,95,25.5,32.9,1015.0,45,0.0
2025-08-15 02:00:00,25.9,0.8,5.2,319,94,24.8,31.7,1014.8,84,0.0
2025-08-15 03:00:00,25.8,0.0,1.5,7,95,25.0,32.2,1014.9,61,0.0
2025-08-15 04:00:00,25.8,0.0,3.9,336,96,25.0,31.9,1014.6,55,0.0
2025-08-15 05:00:00,25.8,0.0,7.1,322,97,25.4,31.7,1014.9,66,0.0
2025-08-15 06:00:00,26.0,0.0,6.0,321,97,25.5,32.1,1015.1,67,3.0
2025-08-15 07:00:00,26.6,0.0,7.3,310,95,25.8,32.8,1015.4,70,73.0
2025-08-15 08:00:00,27.9,0.0,7.4,293,87,25.5,33.9,1015.2,89,258.0
2025-08-15 09:00:00,29.1,0.0,6.5,272,81,25.5,35.2,1015.1,23,456.0
2025-08-15 10:00:00,30.2,0.1,7.8,257,78,25.9,36.9,1015.5,24,633.0
2025-08-15 11:00:00,31.0,0.3,8.9,263,73,25.6,38.0,1015.0,29,752.0
2025-08-15 12:00:00,31.6,0.3,11.0,270,69,25.3,38.6,1014.4,21,843.0
2025-08-15 13:00:00,32.1,0.1,12.5,277,67,25.2,38.7,1014.0,21,838.0
2025-08-15 14:00:00,32.2,0.0,13.2,281,66,25.1,38.3,1013.7,18,766.0
2025-08-15 15:00:00,32.2,0.1,12.1,285,66,25.0,38.0,1013.2,18,692.0
2025-08-15 16:00:00,32.1,0.0,10.0,290,66,24.9,37.3,1013.0,10,553.0
2025-08-15 17:00:00,31.8,0.0,8.3,292,67,24.9,37.2,1012.9,4,409.0
2025-08-15 18:00:00,30.5,0.0,8.4,293,80,26.5,37.0,1012.8,5,220.0
2025-08-15 19:00:00,29.1,0.0,7.1,315,83,26.0,35.5,1013.1,3,53.0
2025-08-15 20:00:00,28.0,0.0,6.1,328,86,25.4,34.1,1013.5,1,0.0
2025-08-15 21:00:00,27.0,0.0,5.0,341,88,24.9,33.0,1013.8,0,0.0
2025-08-15 22:00:00,26.6,0.0,4.0,333,90,25.0,32.8,1013.4,0,0.0
2025-08-15 23:00:00,26.4,0.0,5.4,326,92,25.0,32.3,1013.3,0,0.0
2025-08-16 00:00:00,26.0,0.0,5.2,335,94,25.0,32.0,1013.3,0,0.0
2025-08-16 01:00:00,25.8,0.0,5.0,339,94,24.6,31.5,1013.0,0,0.0
2025-08-16 02:00:00,25.5,0.0,5.4,330,93,24.4,31.1,1012.8,0,0.0
2025-08-16 03:00:00,25.4,0.0,5.0,334,93,24.1,30.8,1013.0,0,0.0
2025-08-16 04:00:00,25.0,0.0,3.9,332,94,24.0,30.5,1013.1,11,0.0
2025-08-16 05:00:00,24.6,0.0,1.7,328,94,23.6,30.3,1013.1,0,0.0
2025-08-16 06:00:00,24.6,0.0,1.8,354,94,23.7,30.3,1013.2,0,4.0
2025-08-16 07:00:00,26.0,0.0,3.1,28,93,24.8,32.2,1013.6,2,103.0
2025-08-16 08:00:00,27.5,0.0,1.9,68,88,25.2,34.0,1013.9,0,290.0
2025-08-16 09:00:00,28.6,0.0,0.9,169,82,25.3,35.4,1014.1,0,488.0
2025-08-16 10:00:00,29.8,0.0,2.5,184,75,24.9,36.9,1014.1,0,663.0
2025-08-16 11:00:00,30.5,0.0,4.8,195,71,24.8,38.0,1014.0,0,796.0
2025-08-16 12:00:00,31.1,0.0,7.0,201,69,24.7,38.6,1013.5,2,874.0
2025-08-16 13:00:00,31.7,0.0,8.1,223,63,23.7,38.3,1012.8,4,867.0
2025-08-16 14:00:00,32.4,0.0,9.6,242,57,22.9,38.1,1012.3,11,830.0
2025-08-16 15:00:00,32.8,0.0,11.9,267,59,23.6,37.8,1012.0,12,725.0
2025-08-16 16:00:00,32.5,0.0,11.8,278,62,24.3,37.1,1012.0,8,557.0
2025-08-16 17:00:00,31.6,0.0,10.1,276,69,25.1,36.9,1012.3,4,401.0
2025-08-16 18:00:00,30.5,0.0,9.5,285,76,25.8,36.3,1012.2,2,213.0
2025-08-16 19:00:00,29.5,0.0,9.0,301,78,25.3,35.1,1012.4,2,49.0
2025-08-16 20:00:00,28.5,0.0,7.0,325,82,25.2,34.4,1012.8,1,0.0
2025-08-16 21:00:00,27.8,0.0,6.0,9,83,24.5,33.4,1013.1,0,0.0
2025-08-16 22:00:00,27.0,0.0,2.9,330,89,24.9,33.2,1012.8,0,0.0
2025-08-16 23:00:00,26.5,0.0,0.9,307,91,25.0,33.1,1013.3,3,0.0
2025-08-17 00:00:00,26.0,0.0,2.1,340,95,25.0,32.4,1013.5,1,0.0
2025-08-17 01:00:00,25.8,0.0,2.3,32,95,24.9,32.1,1013.6,1,0.0
2025-08-17 02:00:00,25.5,0.0,3.3,45,95,24.6,31.5,1013.5,0,0.0
2025-08-17 03:00:00,25.2,0.0,2.3,45,93,24.0,31.0,1013.5,0,0.0
2025-08-17 04:00:00,25.1,0.0,2.4,36,93,23.9,30.8,1013.5,0,0.0
2025-08-17 05:00:00,25.0,0.0,3.2,56,93,23.9,30.6,1013.7,0,0.0
2025-08-17 06:00:00,25.5,0.0,3.9,62,93,24.1,31.1,1014.1,3,4.0
2025-08-17 07:00:00,26.7,0.0,4.8,61,92,25.2,32.9,1014.3,7,100.0
2025-08-17 08:00:00,28.0,0.0,1.9,68,87,25.7,35.0,1014.5,15,280.0
2025-08-17 09:00:00,29.0,0.0,4.8,233,81,25.4,35.4,1014.8,21,458.0
2025-08-17 10:00:00,30.2,0.1,8.0,236,75,25.2,36.2,1015.4,27,609.0
2025-08-17 11:00:00,30.5,0.1,8.8,237,74,25.3,37.0,1015.5,80,705.0
2025-08-17 12:00:00,31.2,0.0,8.6,250,71,25.4,38.6,1015.1,94,829.0
2025-08-17 13:00:00,32.0,0.0,12.7,277,61,23.4,37.5,1014.7,93,848.0
2025-08-17 14:00:00,32.4,0.0,15.7,283,52,21.3,36.1,1014.3,92,820.0
2025-08-17 15:00:00,31.8,0.0,14.4,282,56,22.0,35.4,1014.1,89,708.0
2025-08-17 16:00:00,31.0,0.0,13.2,275,61,22.7,34.5,1014.3,35,578.0
2025-08-17 17:00:00,30.5,0.0,10.6,273,65,23.1,34.5,1014.1,6,406.0
2025-08-17 18:00:00,29.5,0.0,8.8,281,70,23.6,34.1,1014.3,7,215.0
2025-08-17 19:00:00,28.1,0.0,4.5,277,77,23.8,33.5,1014.5,1,49.0
2025-08-17 20:00:00,27.3,0.0,1.4,270,83,24.2,33.3,1014.7,1,0.0
2025-08-17 21:00:00,27.1,0.0,0.4,333,84,24.2,33.3,1015.0,4,0.0
2025-08-17 22:00:00,26.2,0.0,4.4,339,85,23.5,31.4,1014.7,0,0.0
2025-08-17 23:00:00,25.8,0.0,4.0,333,87,23.5,31.0,1015.0,23,0.0
2025-08-18 00:00:00,25.9,0.0,5.3,336,85,23.2,30.7,1015.3,1,0.0
2025-08-18 01:00:00,25.9,0.0,5.6,339,84,23.0,30.6,1015.1,0,0.0
2025-08-18 02:00:00,25.8,0.0,5.2,340,86,23.1,30.6,1015.1,2,0.0
2025-08-18 03:00:00,24.9,0.0,2.9,4,90,23.2,30.1,1015.1,0,0.0
2025-08-18 04:00:00,24.5,0.0,3.1,360,91,23.0,29.6,1015.1,1,0.0
2025-08-18 05:00:00,24.5,0.0,4.6,21,89,22.5,29.0,1015.3,19,0.0
2025-08-18 06:00:00,24.4,0.0,4.2,40,89,22.5,28.9,1015.5,3,3.0
2025-08-18 07:00:00,26.2,0.0,4.0,90,84,23.2,31.3,1015.8,2,97.0
2025-08-18 08:00:00,28.0,0.0,3.6,162,81,24.4,33.8,1016.1,23,281.0
2025-08-18 09:00:00,28.9,0.0,7.5,200,79,24.9,34.4,1016.1,89,467.0
2025-08-18 10:00:00,29.6,0.0,5.4,206,78,25.4,36.2,1016.3,93,602.0
2025-08-18 11:00:00,30.4,0.0,5.1,197,74,25.1,37.5,1015.9,99,724.0
2025-08-18 12:00:00,31.1,0.0,6.8,212,69,24.6,38.5,1015.4,96,852.0
2025-08-18 13:00:00,31.4,0.0,6.6,209,66,24.2,38.3,1014.9,99,821.0
2025-08-18 14:00:00,32.2,0.0,7.2,219,58,22.9,38.3,1014.1,100,847.0
2025-08-18 15:00:00,32.3,0.0,7.5,230,56,22.4,37.6,1013.6,93,749.0
2025-08-18 16:00:00,32.2,0.0,9.8,226,57,22.5,36.1,1013.5,100,574.0
2025-08-18 17:00:00,31.5,0.0,7.0,209,62,23.3,36.1,1013.5,91,393.0
2025-08-18 18:00:00,30.2,0.0,6.9,185,72,24.6,35.7,1013.5,62,170.0
2025-08-18 19:00:00,29.4,0.0,6.0,155,78,25.1,35.3,1013.8,18,45.0
2025-08-18 20:00:00,28.9,0.0,7.1,135,81,25.4,34.9,1014.3,2,0.0
2025-08-18 21:00:00,28.5,0.0,5.3,123,84,25.5,34.8,1014.7,1,0.0
2025-08-18 22:00:00,28.3,0.0,4.5,320,87,25.9,35.0,1014.8,99,0.0
2025-08-18 23:00:00,28.0,0.0,2.9,263,89,26.0,34.9,1014.7,86,0.0
2025-08-19 00:00:00,27.8,0.0,8.3,270,90,26.0,34.0,1014.4,84,0.0
2025-08-19 01:00:00,27.5,0.0,7.1,286,86,24.9,33.2,1013.7,5,0.0
2025-08-19 02:00:00,27.0,0.0,4.0,291,85,24.4,32.8,1013.3,2,0.0
2025-08-19 03:00:00,26.5,0.0,1.4,310,89,24.5,32.7,1013.0,5,0.0
2025-08-19 04:00:00,26.2,0.0,0.8,333,90,24.5,32.5,1012.9,14,0.0
2025-08-19 05:00:00,25.6,0.0,2.3,4,94,24.5,31.7,1013.4,19,0.0
2025-08-19 06:00:00,25.6,0.0,4.2,50,93,24.4,31.4,1013.8,11,3.0
2025-08-19 07:00:00,26.5,0.0,3.3,49,87,24.3,32.4,1014.5,26,92.0
2025-08-19 08:00:00,27.8,0.0,0.9,169,81,24.2,33.9,1014.8,32,266.0
2025-08-19 09:00:00,28.9,0.0,6.0,221,76,24.1,34.2,1014.6,25,457.0
2025-08-19 10:00:00,30.2,0.0,7.1,195,70,24.1,35.5,1014.5,17,569.0
2025-08-19 11:00:00,30.7,0.0,7.4,187,69,24.2,37.0,1014.2,17,742.0
2025-08-19 12:00:00,31.1,0.0,7.2,181,66,24.0,37.5,1013.6,19,762.0
2025-08-19 13:00:00,31.8,0.0,6.1,185,62,23.7,38.6,1012.9,10,850.0
2025-08-19 14:00:00,32.2,0.0,5.7,204,59,23.2,38.7,1012.1,14,813.0
2025-08-19 15:00:00,32.3,0.0,6.2,224,59,23.3,38.1,1011.6,45,715.0
2025-08-19 16:00:00,31.5,0.0,8.4,239,63,23.6,36.1,1011.6,47,547.0
2025-08-19 17:00:00,30.5,0.0,11.4,242,68,23.9,34.9,1011.6,66,330.0
2025-08-19 18:00:00,29.9,0.0,7.8,232,70,23.8,34.7,1011.4,46,171.0
2025-08-19 19:00:00,29.5,0.0,7.9,177,73,24.0,34.4,1012.0,40,41.0
2025-08-19 20:00:00,29.3,0.0,6.0,153,74,24.1,34.6,1012.4,38,0.0
2025-08-19 21:00:00,29.0,0.0,3.4,137,76,24.3,34.8,1012.6,17,0.0
2025-08-19 22:00:00,29.4,0.0,2.3,315,75,24.6,35.5,1012.4,100,0.0
2025-08-19 23:00:00,28.5,0.0,2.4,347,81,24.9,34.9,1012.1,83,0.0
2025-08-20 00:00:00,28.1,0.2,5.2,268,83,25.0,34.0,1012.0,36,0.0
2025-08-20 01:00:00,27.8,0.0,1.3,254,89,25.8,34.8,1011.5,19,0.0
2025-08-20 02:00:00,27.1,0.0,1.8,53,91,25.5,34.0,1011.2,25,0.0
2025-08-20 03:00:00,26.5,0.0,1.9,41,93,25.4,33.2,1011.1,22,0.0
2025-08-20 04:00:00,26.1,0.0,2.3,32,95,25.3,32.7,1011.2,17,0.0
2025-08-20 05:00:00,26.1,0.0,1.5,30,94,25.1,32.7,1011.5,21,0.0
2025-08-20 06:00:00,26.0,0.3,1.2,39,93,24.8,32.4,1012.1,50,3.0
2025-08-20 07:00:00,27.1,0.0,2.2,66,88,24.9,33.5,1012.1,16,82.0
2025-08-20 08:00:00,28.2,0.0,0.6,18,81,24.6,34.7,1011.8,9,260.0
2025-08-20 09:00:00,29.4,0.0,3.1,187,74,24.1,35.1,1012.0,5,458.0
2025-08-20 10:00:00,30.8,0.0,6.4,172,67,24.0,36.4,1012.2,11,627.0
2025-08-20 11:00:00,31.5,0.0,8.1,175,64,23.9,37.5,1011.8,12,754.0
2025-08-20 12:00:00,31.8,0.0,12.1,165,63,23.9,37.7,1011.5,15,836.0
2025-08-20 13:00:00,31.8,0.0,10.3,155,62,23.5,37.9,1010.8,15,857.0
2025-08-20 14:00:00,32.3,0.0,12.3,146,58,23.0,37.6,1010.5,17,844.0
2025-08-20 15:00:00,31.8,0.0,11.6,125,64,24.1,37.2,1010.5,19,729.0
2025-08-20 16:00:00,30.8,0.3,11.8,154,65,23.5,34.9,1010.3,68,516.0
2025-08-20 17:00:00,29.3,0.1,6.7,185,74,24.2,34.6,1010.2,55,305.0
2025-08-20 18:00:00,29.2,0.0,4.7,164,74,24.0,34.7,1010.2,26,149.0
2025-08-20 19:00:00,29.0,0.0,5.1,141,73,23.8,34.2,1010.1,15,39.0
2025-08-20 20:00:00,28.8,0.0,6.0,123,75,23.9,33.9,1010.4,25,0.0
2025-08-20 21:00:00,28.5,0.0,7.1,117,80,24.7,34.0,1010.7,28,0.0
2025-08-20 22:00:00,27.9,0.0,9.7,88,89,25.9,33.7,1010.8,14,0.0
2025-08-20 23:00:00,27.5,0.0,7.9,66,90,25.8,33.6,1011.0,25,0.0
2025-08-21 00:00:00,27.1,0.0,8.5,42,91,25.5,33.0,1011.2,43,0.0
2025-08-21 01:00:00,26.8,0.0,10.2,42,92,25.2,32.2,1010.9,92,0.0
2025-08-21 02:00:00,26.5,0.0,11.6,47,93,25.2,31.7,1010.8,6,0.0
2025-08-21 03:00:00,26.4,0.0,12.4,49,92,25.0,31.4,1010.8,12,0.0
2025-08-21 04:00:00,26.4,0.0,12.0,51,90,24.6,31.2,1010.7,17,0.0
2025-08-21 05:00:00,26.5,0.0,12.2,54,89,24.5,31.0,1010.9,5,0.0
2025-08-21 06:00:00,26.4,0.0,12.3,58,89,24.4,31.0,1011.1,5,2.0
2025-08-21 07:00:00,27.4,0.0,14.1,71,85,24.6,31.8,1011.0,19,89.0
2025-08-21 08:00:00,28.6,0.0,15.2,94,79,24.6,32.9,1010.5,9,270.0
2025-08-21 09:00:00,29.2,0.0,15.8,107,76,24.6,33.4,1010.8,2,462.0
2025-08-21 10:00:00,30.0,0.1,16.8,115,71,24.1,34.1,1011.5,29,627.0
2025-08-21 11:00:00,30.0,0.0,19.0,102,73,24.7,34.3,1011.1,19,665.0
2025-08-21 12:00:00,30.2,0.0,20.6,102,73,24.8,35.0,1010.7,14,811.0
2025-08-21 13:00:00,30.2,0.0,20.1,96,72,24.7,35.1,1010.0,13,814.0
2025-08-21 14:00:00,30.5,0.0,20.7,103,71,24.6,35.3,1009.2,21,812.0
2025-08-21 15:00:00,30.4,0.0,21.2,103,73,25.0,34.8,1008.8,17,703.0
2025-08-21 16:00:00,30.0,0.0,20.1,100,76,25.3,34.0,1008.6,25,549.0
2025-08-21 17:00:00,29.6,0.0,19.5,96,78,25.3,33.7,1008.5,5,365.0
2025-08-21 18:00:00,29.5,0.0,17.1,94,77,25.1,33.8,1008.1,3,194.0
2025-08-21 19:00:00,28.8,0.0,18.4,94,79,24.9,32.8,1008.2,16,39.0
2025-08-21 20:00:00,28.4,0.0,18.6,95,82,25.0,32.4,1008.5,38,0.0
2025-08-21 21:00:00,28.3,0.0,19.8,91,81,24.8,32.0,1008.9,2,0.0
2025-08-21 22:00:00,28.7,0.0,19.4,113,69,22.5,31.1,1009.4,92,0.0
2025-08-21 23:00:00,28.1,0.0,19.9,119,73,22.8,30.6,1009.3,80,0.0
2025-08-22 00:00:00,28.0,0.0,21.3,126,73,22.6,30.2,1009.5,90,0.0
2025-08-22 01:00:00,27.5,0.0,18.5,124,76,23.0,30.3,1009.2,37,0.0
2025-08-22 02:00:00,27.1,0.0,16.9,123,80,23.4,30.4,1009.1,98,0.0
2025-08-22 03:00:00,27.0,0.0,14.2,112,81,23.5,30.7,1009.1,99,0.0
2025-08-22 04:00:00,27.0,0.0,13.3,106,81,23.5,30.9,1008.9,29,0.0
2025-08-22 05:00:00,26.9,0.0,11.1,98,82,23.5,31.1,1008.9,25,0.0
2025-08-22 06:00:00,26.9,0.0,11.7,105,82,23.5,31.0,1009.0,66,2.0
2025-08-22 07:00:00,27.5,0.0,11.7,115,78,23.4,31.5,1009.3,57,81.0
2025-08-22 08:00:00,28.3,0.0,12.7,126,74,23.2,32.1,1009.0,35,248.0
2025-08-22 09:00:00,29.0,0.1,12.4,137,71,23.2,32.8,1009.1,38,422.0
2025-08-22 10:00:00,30.0,0.0,14.4,124,66,23.0,33.9,1009.5,7,628.0
2025-08-22 11:00:00,30.6,0.0,14.1,127,64,23.0,35.2,1009.2,23,746.0
2025-08-22 12:00:00,31.2,0.0,12.4,132,62,23.1,36.7,1009.0,100,865.0
2025-08-22 13:00:00,31.5,0.0,12.3,140,61,23.0,37.0,1008.6,100,871.0
2025-08-22 14:00:00,31.6,0.0,12.7,144,60,22.9,36.7,1008.2,100,809.0
2025-08-22 15:00:00,31.6,0.0,11.2,145,60,23.0,36.3,1008.0,32,698.0
2025-08-22 16:00:00,31.5,0.0,7.5,153,61,23.0,36.1,1008.0,40,581.0
2025-08-22 17:00:00,31.0,0.0,4.0,183,63,23.1,36.0,1007.9,32,400.0
2025-08-22 18:00:00,30.5,0.0,3.7,231,65,23.1,35.6,1008.0,14,190.0
2025-08-22 19:00:00,30.2,0.0,6.9,265,64,22.8,34.6,1008.3,80,36.0
2025-08-22 20:00:00,29.9,0.0,8.8,282,67,23.0,34.1,1009.1,99,0.0
2025-08-22 21:00:00,29.3,0.0,8.9,297,70,23.4,33.7,1009.7,98,0.0
2025-08-22 22:00:00,28.8,0.0,4.7,317,75,23.9,34.1,1009.9,99,0.0
2025-08-22 23:00:00,28.2,0.0,2.6,321,80,24.4,34.2,1010.0,32,0.0
2025-08-23 00:00:00,27.9,0.0,3.2,304,84,24.8,34.0,1010.0,18,0.0
2025-08-23 01:00:00,27.7,0.0,5.8,290,86,25.2,33.7,1009.6,57,0.0
2025-08-23 02:00:00,27.6,0.0,9.1,285,88,25.5,33.3,1009.5,29,0.0
2025-08-23 03:00:00,27.5,0.0,9.6,273,87,25.2,33.0,1009.5,44,0.0
2025-08-23 04:00:00,27.5,0.1,10.1,268,85,24.8,32.6,1009.8,96,0.0
2025-08-23 05:00:00,27.4,0.1,10.3,268,85,24.6,32.4,1009.8,42,0.0
2025-08-23 06:00:00,27.4,0.0,10.1,270,86,24.8,32.5,1010.1,17,2.0
2025-08-23 07:00:00,28.0,0.0,10.3,263,83,24.8,33.1,1010.6,27,81.0
2025-08-23 08:00:00,28.8,0.0,12.1,265,78,24.5,33.4,1010.8,37,234.0
2025-08-23 09:00:00,29.6,0.0,11.7,273,75,24.6,34.4,1010.9,13,410.0
2025-08-23 10:00:00,30.5,0.1,13.7,279,71,24.6,35.0,1011.3,1,569.0
2025-08-23 11:00:00,31.5,0.1,13.6,277,66,24.4,36.7,1011.2,96,728.0
2025-08-23 12:00:00,32.0,0.1,13.6,278,63,24.0,37.2,1010.7,100,749.0
2025-08-23 13:00:00,32.2,0.0,13.7,279,61,23.9,37.3,1010.3,99,735.0
2025-08-23 14:00:00,32.3,0.0,15.8,289,59,23.4,36.7,1010.1,100,736.0
2025-08-23 15:00:00,32.3,0.0,16.2,294,56,22.5,35.2,1009.7,79,540.0
2025-08-23 16:00:00,32.0,0.0,14.3,295,57,22.4,35.0,1009.5,38,496.0
2025-08-23 17:00:00,31.4,0.0,13.6,298,59,22.5,34.6,1009.7,29,384.0
2025-08-23 18:00:00,30.5,0.0,12.6,297,65,23.1,34.3,1010.1,17,188.0
2025-08-23 19:00:00,29.6,0.0,10.7,303,73,24.3,34.3,1010.4,13,33.0
2025-08-23 20:00:00,29.0,0.0,8.0,312,80,25.1,34.7,1010.8,15,0.0
2025-08-23 21:00:00,28.8,0.0,6.3,301,83,25.5,34.9,1011.3,20,0.0
2025-08-23 22:00:00,28.7,0.0,5.9,310,83,25.5,34.9,1011.6,99,0.0
2025-08-23 23:00:00,28.6,0.0,5.9,305,84,25.6,34.9,1012.0,100,0.0
2025-08-24 00:00:00,28.2,0.0,4.8,301,87,25.8,34.8,1012.2,100,0.0
2025-08-24 01:00:00,28.2,0.0,6.2,278,87,25.9,34.6,1011.8,99,0.0
2025-08-24 02:00:00,28.0,0.0,4.9,268,87,25.7,34.5,1011.6,100,0.0
2025-08-24 03:00:00,27.6,0.0,3.3,276,89,25.6,34.3,1011.7,100,0.0
2025-08-24 04:00:00,27.1,0.0,2.8,320,91,25.5,33.7,1011.5,98,0.0
2025-08-24 05:00:00,26.8,0.0,3.8,341,92,25.3,33.2,1012.0,99,0.0
2025-08-24 06:00:00,26.7,0.0,4.0,342,92,25.2,33.0,1012.4,100,2.0
2025-08-24 07:00:00,28.0,0.0,3.4,313,85,25.2,34.3,1012.9,24,83.0
2025-08-24 08:00:00,29.4,0.0,6.5,267,76,24.6,34.9,1012.9,17,261.0
2025-08-24 09:00:00,30.2,0.0,7.1,240,71,24.4,35.5,1012.9,10,448.0
2025-08-24 10:00:00,31.4,0.0,9.2,250,65,24.0,36.5,1013.1,20,620.0
2025-08-24 11:00:00,32.2,0.0,9.8,257,60,23.5,37.8,1013.0,35,757.0
2025-08-24 12:00:00,32.8,0.0,13.4,265,55,22.6,37.7,1012.6,11,835.0
2025-08-24 13:00:00,33.5,0.0,15.6,277,51,21.9,37.6,1012.1,3,847.0
2025-08-24 14:00:00,33.5,0.0,14.1,284,50,21.6,37.6,1011.5,11,810.0
2025-08-24 15:00:00,33.1,0.0,14.5,281,52,21.8,36.7,1011.2,23,728.0
2025-08-24 16:00:00,32.6,0.0,14.0,277,55,22.4,35.7,1011.0,56,561.0
2025-08-24 17:00:00,31.9,0.0,13.0,280,59,22.8,35.4,1011.1,11,349.0
2025-08-24 18:00:00,31.0,0.0,12.3,284,62,22.9,34.7,1011.1,53,188.0
2025-08-24 19:00:00,30.2,0.0,11.7,284,66,23.2,34.1,1011.3,73,33.0
2025-08-24 20:00:00,29.5,0.0,10.5,303,72,24.0,34.1,1011.9,3,0.0
2025-08-24 21:00:00,29.0,0.0,8.8,321,76,24.4,34.0,1012.4,12,0.0
2025-08-24 22:00:00,28.5,0.0,7.5,307,85,25.8,34.7,1012.4,34,0.0
2025-08-24 23:00:00,28.4,0.0,8.4,301,87,26.0,34.5,1012.5,8,0.0
2025-08-25 00:00:00,28.2,0.0,7.6,298,88,26.0,34.5,1012.6,18,0.0
2025-08-25 01:00:00,27.9,0.0,6.5,294,90,26.0,34.4,1012.4,25,0.0
2025-08-25 02:00:00,27.6,0.0,5.0,305,91,26.0,34.4,1012.2,40,0.0
2025-08-25 03:00:00,27.2,0.0,4.0,333,92,25.9,34.0,1012.3,54,0.0
2025-08-25 04:00:00,26.8,0.0,3.8,352,94,25.7,33.4,1012.0,75,0.0
2025-08-25 05:00:00,26.5,0.0,3.0,327,95,25.6,33.2,1012.2,83,0.0
2025-08-25 06:00:00,26.5,0.0,2.2,346,95,25.6,33.4,1012.5,96,2.0
2025-08-25 07:00:00,28.0,0.0,1.6,333,89,26.0,35.1,1012.8,93,80.0
2025-08-25 08:00:00,29.2,0.0,3.9,257,79,25.3,35.6,1012.9,92,256.0
2025-08-25 09:00:00,30.1,0.0,4.5,230,73,24.8,36.1,1012.8,82,434.0
2025-08-25 10:00:00,31.5,0.0,6.5,231,66,24.4,37.4,1013.2,94,636.0
2025-08-25 11:00:00,32.2,0.0,6.9,219,62,24.0,38.6,1012.9,92,751.0
2025-08-25 12:00:00,32.8,0.0,8.7,214,59,23.6,38.9,1012.3,97,821.0
2025-08-25 13:00:00,33.0,0.0,9.3,217,57,23.3,39.0,1011.9,63,833.0
2025-08-25 14:00:00,32.9,0.0,11.3,248,57,23.2,38.1,1011.4,40,776.0
2025-08-25 15:00:00,32.8,0.0,14.8,261,55,22.5,36.5,1011.1,98,673.0
2025-08-25 16:00:00,32.5,0.0,14.4,270,55,22.3,35.6,1010.8,97,561.0
2025-08-25 17:00:00,31.4,0.0,14.0,257,61,23.0,34.8,1011.0,67,338.0
2025-08-25 18:00:00,30.5,0.0,8.5,242,66,23.5,35.1,1011.3,47,177.0
2025-08-25 19:00:00,30.0,0.0,6.4,202,70,23.9,35.1,1011.7,34,28.0
2025-08-25 20:00:00,29.5,0.0,7.4,179,73,24.2,34.6,1012.1,54,0.0
2025-08-25 21:00:00,29.1,0.0,6.6,189,76,24.5,34.6,1012.5,31,0.0
2025-08-25 22:00:00,29.5,0.0,4.0,207,76,24.8,35.4,1011.8,30,0.0
2025-08-25 23:00:00,29.2,0.0,5.2,221,77,24.9,35.1,1012.0,65,0.0
2025-08-26 00:00:00,29.0,0.0,6.4,218,79,24.9,34.7,1011.7,17,0.0
2025-08-26 01:00:00,28.7,0.0,6.2,216,80,25.0,34.5,1011.3,2,0.0
2025-08-26 02:00:00,28.5,0.0,5.9,218,81,24.9,34.4,1011.0,2,0.0
2025-08-26 03:00:00,28.3,0.0,5.7,212,81,24.8,34.1,1010.9,1,0.0
2025-08-26 04:00:00,28.0,0.0,5.0,224,82,24.7,33.9,1010.9,4,0.0
2025-08-26 05:00:00,27.7,0.0,4.0,243,83,24.6,33.6,1011.3,15,0.0
2025-08-26 06:00:00,27.4,0.0,3.2,243,85,24.6,33.4,1011.5,24,1.0
2025-08-26 07:00:00,28.5,0.0,5.2,236,79,24.4,34.0,1011.8,12,79.0
2025-08-26 08:00:00,29.1,0.0,7.6,225,75,24.2,34.3,1011.9,11,258.0
2025-08-26 09:00:00,29.8,0.1,8.7,223,72,24.1,34.6,1012.1,5,432.0
2025-08-26 10:00:00,31.0,0.0,8.6,202,65,23.8,36.1,1012.3,11,624.0
2025-08-26 11:00:00,31.8,0.0,8.4,189,60,23.0,37.3,1011.8,6,747.0
2025-08-26 12:00:00,32.1,0.0,9.1,219,59,23.2,38.1,1011.7,44,838.0
2025-08-26 13:00:00,30.9,1.9,5.7,215,64,23.4,36.4,1011.3,18,651.0
2025-08-26 14:00:00,32.0,0.0,6.9,195,58,22.7,37.6,1010.8,26,762.0
2025-08-26 15:00:00,32.3,0.0,6.1,182,57,22.7,37.3,1009.7,17,651.0
2025-08-26 16:00:00,32.0,0.0,7.5,204,59,23.0,36.3,1009.2,27,525.0
2025-08-26 17:00:00,31.5,0.0,6.6,196,61,23.2,36.2,1009.1,32,323.0
2025-08-26 18:00:00,31.2,0.0,6.9,200,62,23.1,35.7,1009.3,44,159.0
2025-08-26 19:00:00,30.9,0.0,4.2,223,63,23.0,35.7,1009.4,33,25.0
2025-08-26 20:00:00,30.2,0.0,1.1,189,68,23.7,36.0,1010.0,8,0.0
2025-08-26 21:00:00,29.6,0.0,1.5,346,71,23.7,35.3,1010.8,28,0.0
2025-08-26 22:00:00,27.9,1.1,3.3,347,83,24.6,33.9,1011.2,61,0.0
2025-08-26 23:00:00,27.4,1.6,4.6,11,85,24.8,33.3,1011.4,65,0.0
2025-08-27 00:00:00,26.2,1.3,2.1,70,94,25.1,32.8,1011.3,69,0.0
2025-08-27 01:00:00,26.1,0.0,3.1,21,97,25.5,32.8,1010.7,63,0.0
2025-08-27 02:00:00,26.0,0.0,2.2,48,98,25.7,32.9,1010.3,87,0.0
2025-08-27 03:00:00,25.8,0.4,6.9,265,95,24.9,31.4,1010.7,100,0.0
2025-08-27 04:00:00,25.5,0.2,8.5,269,94,24.6,30.8,1010.7,100,0.0
2025-08-27 05:00:00,25.2,0.2,9.3,304,94,24.3,30.2,1011.0,100,0.0
2025-08-27 06:00:00,25.3,0.0,5.2,268,94,24.2,30.8,1010.6,100,1.0
2025-08-27 07:00:00,25.8,0.0,4.0,8,92,24.5,31.6,1011.2,100,30.0
2025-08-27 08:00:00,26.7,0.0,2.1,232,89,24.8,33.0,1011.0,97,149.0
2025-08-27 09:00:00,28.5,0.0,6.7,234,79,24.4,33.8,1010.9,97,433.0
2025-08-27 10:00:00,27.0,0.1,6.3,297,85,24.1,32.2,1011.0,100,270.0
2025-08-27 11:00:00,29.2,0.1,6.9,298,74,24.2,35.1,1010.9,100,662.0
2025-08-27 12:00:00,31.0,0.0,7.4,274,66,24.0,37.6,1010.7,26,823.0
2025-08-27 13:00:00,31.2,0.0,11.7,272,66,24.2,36.8,1010.5,35,725.0
2025-08-27 14:00:00,30.7,0.1,14.2,290,68,24.0,35.6,1010.3,34,707.0
2025-08-27 15:00:00,30.5,0.1,15.3,282,69,24.3,34.8,1010.1,65,580.0
2025-08-27 16:00:00,29.0,1.8,14.8,284,78,24.8,33.4,1010.3,50,421.0
2025-08-27 17:00:00,28.0,2.5,11.9,265,82,24.6,32.8,1011.2,76,338.0
2025-08-27 18:00:00,27.1,0.8,6.7,294,87,24.8,32.7,1011.4,40,126.0
2025-08-27 19:00:00,26.6,0.7,6.2,248,89,24.6,32.2,1011.9,86,23.0
2025-08-27 20:00:00,26.6,0.1,0.8,225,91,25.1,33.4,1012.4,29,0.0
2025-08-27 21:00:00,26.2,0.1,1.8,246,91,24.6,32.5,1012.7,50,0.0
2025-08-27 22:00:00,26.8,0.0,5.8,300,96,26.1,33.4,1012.5,5,0.0
2025-08-27 23:00:00,26.3,0.0,6.1,330,96,25.6,32.6,1012.3,1,0.0
2025-08-28 00:00:00,26.0,0.0,5.5,316,96,25.2,32.1,1012.5,13,0.0
2025-08-28 01:00:00,25.6,0.0,7.3,324,96,25.0,31.3,1012.4,11,0.0
2025-08-28 02:00:00,25.5,0.0,5.9,322,95,24.6,31.1,1012.2,1,0.0
2025-08-28 03:00:00,25.4,0.0,6.0,333,94,24.5,30.9,1011.9,3,0.0
2025-08-28 04:00:00,25.1,0.0,4.8,338,94,24.2,30.7,1011.8,17,0.0
2025-08-28 05:00:00,24.9,0.0,4.3,2,93,23.8,30.2,1011.9,16,0.0
2025-08-28 06:00:00,24.8,0.0,5.1,17,92,23.3,29.7,1012.4,11,1.0
2025-08-28 07:00:00,25.5,0.0,4.6,18,91,23.9,30.9,1012.7,7,79.0
2025-08-28 08:00:00,27.4,0.0,2.4,17,85,24.6,33.5,1012.7,91,253.0
2025-08-28 09:00:00,28.8,0.0,2.2,325,77,24.3,34.8,1012.8,93,449.0
2025-08-28 10:00:00,30.3,0.0,2.5,249,70,24.2,36.4,1013.3,100,579.0
2025-08-28 11:00:00,31.1,0.0,5.4,233,64,23.5,37.0,1013.0,100,691.0
2025-08-28 12:00:00,31.7,0.0,6.5,231,60,23.0,37.6,1012.3,40,766.0
2025-08-28 13:00:00,32.2,0.0,8.3,224,58,23.0,38.2,1011.9,11,838.0
2025-08-28 14:00:00,32.3,0.0,8.3,240,57,22.8,37.8,1011.5,12,765.0
2025-08-28 15:00:00,32.5,0.0,9.0,255,56,22.6,37.3,1011.2,24,683.0
2025-08-28 16:00:00,32.3,0.0,10.2,260,57,22.8,36.2,1011.1,98,539.0
2025-08-28 17:00:00,31.8,0.0,12.6,273,60,23.0,35.4,1011.3,73,337.0
2025-08-28 18:00:00,30.5,0.0,11.5,299,68,24.0,35.0,1011.5,78,173.0
2025-08-28 19:00:00,29.2,0.0,9.7,331,73,23.8,33.7,1012.0,98,24.0
2025-08-28 20:00:00,28.0,0.0,7.9,343,77,23.5,32.6,1012.7,95,0.0
2025-08-28 21:00:00,27.0,0.0,3.8,341,83,23.8,32.3,1013.2,94,0.0
2025-08-28 22:00:00,26.6,0.0,5.2,344,85,23.9,31.9,1013.4,87,0.0
2025-08-28 23:00:00,25.7,0.0,3.0,295,92,24.2,31.5,1013.7,44,0.0
2025-08-29 00:00:00,25.2,0.0,2.3,309,96,24.5,31.3,1013.7,99,0.0
2025-08-29 01:00:00,24.9,0.0,1.8,349,97,24.4,31.0,1013.4,80,0.0
2025-08-29 02:00:00,25.0,0.0,1.8,6,94,23.9,30.7,1013.4,59,0.0
2025-08-29 03:00:00,25.0,0.0,1.5,36,91,23.4,30.6,1013.2,39,0.0
2025-08-29 04:00:00,25.1,0.0,2.8,27,87,22.8,30.1,1013.1,6,0.0
2025-08-29 05:00:00,24.9,0.0,4.3,33,87,22.5,29.5,1013.5,10,0.0
2025-08-29 06:00:00,24.7,0.0,4.6,39,88,22.5,29.2,1013.8,55,1.0
2025-08-29 07:00:00,26.2,0.0,5.6,68,84,23.4,31.1,1014.6,27,79.0
2025-08-29 08:00:00,28.0,0.0,4.7,97,81,24.4,33.7,1014.9,60,259.0
2025-08-29 09:00:00,29.2,0.0,4.1,151,77,24.8,35.2,1015.1,79,456.0
2025-08-29 10:00:00,30.1,0.0,6.8,205,74,25.0,36.3,1015.3,76,619.0
2025-08-29 11:00:00,30.5,0.0,7.7,205,73,25.1,37.3,1015.2,91,737.0
2025-08-29 12:00:00,31.3,0.0,5.2,226,69,25.0,38.9,1014.7,23,807.0
2025-08-29 13:00:00,32.2,0.0,6.1,240,64,24.5,39.3,1014.4,18,812.0
2025-08-29 14:00:00,32.8,0.0,8.3,231,58,23.3,38.7,1013.8,7,805.0
2025-08-29 15:00:00,32.8,0.0,8.3,250,55,22.6,37.4,1013.3,5,647.0
2025-08-29 16:00:00,32.7,0.0,7.1,240,55,22.4,36.8,1013.2,6,532.0
2025-08-29 17:00:00,32.2,0.0,6.5,228,56,22.5,36.5,1013.4,5,358.0
2025-08-29 18:00:00,31.0,0.0,6.4,227,65,23.6,35.9,1013.6,3,168.0
2025-08-29 19:00:00,29.5,0.0,3.5,235,77,25.0,35.8,1014.0,13,23.0
2025-08-29 20:00:00,28.6,0.0,2.7,332,83,25.5,35.4,1014.5,15,0.0
2025-08-29 21:00:00,28.0,0.0,5.1,8,86,25.5,34.4,1015.0,8,0.0
2025-08-29 22:00:00,28.0,0.0,4.2,329,85,25.1,34.2,1015.2,4,0.0
2025-08-29 23:00:00,27.5,0.0,5.6,335,88,25.4,33.7,1015.6,2,0.0
2025-08-30 00:00:00,26.9,0.0,3.1,24,92,25.5,33.5,1015.3,1,0.0
2025-08-30 01:00:00,26.5,0.0,4.9,33,93,25.4,32.8,1014.9,4,0.0
2025-08-30 02:00:00,26.1,0.0,3.1,36,95,25.2,32.6,1014.9,0,0.0
2025-08-30 03:00:00,26.0,0.0,3.2,56,95,25.0,32.2,1015.1,3,0.0
2025-08-30 04:00:00,26.0,0.0,4.4,69,93,24.9,32.1,1014.9,3,0.0
2025-08-30 05:00:00,26.0,0.0,4.0,51,93,24.8,32.0,1015.2,37,0.0
2025-08-30 06:00:00,25.5,0.0,2.6,65,95,24.7,31.7,1015.1,33,1.0
2025-08-30 07:00:00,26.8,0.0,4.3,62,89,24.9,32.9,1015.3,9,73.0
2025-08-30 08:00:00,28.4,0.0,3.3,96,85,25.5,35.0,1015.3,2,247.0
2025-08-30 09:00:00,29.6,0.0,4.1,157,78,25.4,36.0,1015.2,8,433.0
2025-08-30 10:00:00,31.0,0.0,4.1,178,72,25.2,37.6,1015.6,4,611.0
2025-08-30 11:00:00,31.5,0.0,6.9,189,70,25.2,38.5,1014.9,16,740.0
2025-08-30 12:00:00,31.8,0.0,8.5,186,69,25.5,39.2,1014.2,13,818.0
2025-08-30 13:00:00,32.1,0.0,8.6,192,67,25.1,39.3,1013.7,21,836.0
2025-08-30 14:00:00,32.7,0.0,5.7,193,61,24.2,39.6,1013.3,13,797.0
2025-08-30 15:00:00,32.8,0.0,9.2,197,57,23.2,37.7,1012.9,100,658.0
2025-08-30 16:00:00,32.2,0.0,8.0,208,59,23.2,36.7,1012.9,100,413.0
2025-08-30 17:00:00,31.8,0.0,6.9,240,62,23.6,36.7,1013.0,100,257.0
2025-08-30 18:00:00,31.1,0.0,4.3,253,64,23.5,36.3,1013.0,100,123.0
2025-08-30 19:00:00,30.3,0.0,1.8,264,70,24.1,36.2,1013.1,85,17.0
2025-08-30 20:00:00,29.5,0.0,0.7,256,77,25.0,36.0,1013.5,81,0.0
2025-08-30 21:00:00,29.0,0.0,0.4,117,79,25.0,35.7,1013.9,35,0.0
2025-08-30 22:00:00,29.0,0.0,4.7,261,83,25.9,35.7,1013.8,82,0.0
2025-08-30 23:00:00,28.7,0.0,2.9,270,85,25.9,35.6,1013.9,56,0.0
2025-08-31 00:00:00,28.2,0.0,2.2,318,87,25.8,35.2,1013.7,8,0.0
2025-08-31 01:00:00,27.6,0.0,2.3,39,90,26.0,34.7,1013.1,6,0.0
2025-08-31 02:00:00,27.4,0.0,2.5,60,92,26.0,34.4,1012.9,7,0.0
2025-08-31 03:00:00,27.1,0.0,2.8,45,94,26.0,34.2,1012.9,25,0.0
2025-08-31 04:00:00,27.0,0.0,4.6,42,94,25.9,33.7,1013.0,94,0.0
2025-08-31 05:00:00,26.6,0.0,5.9,52,93,25.5,32.8,1012.8,84,0.0
2025-08-31 06:00:00,26.4,0.0,6.5,56,92,25.0,32.2,1012.9,60,1.0
2025-08-31 07:00:00,27.3,0.0,8.4,67,88,25.1,32.9,1012.4,39,71.0
2025-08-31 08:00:00,28.9,0.0,6.7,90,82,25.5,35.0,1012.4,100,252.0
2025-08-31 09:00:00,29.9,0.1,6.0,127,75,25.0,35.8,1012.5,100,418.0
2025-08-31 10:00:00,30.6,0.1,9.1,144,72,25.0,36.1,1012.7,35,572.0
2025-08-31 11:00:00,31.0,0.3,11.7,143,71,25.0,36.9,1012.4,98,704.0
2025-08-31 12:00:00,31.5,0.3,10.3,145,68,24.9,38.1,1012.1,96,804.0
2025-08-31 13:00:00,32.2,0.0,7.0,130,65,24.7,39.3,1011.4,99,812.0
2025-08-31 14:00:00,32.3,0.1,7.6,146,64,24.6,38.8,1011.4,100,732.0
2025-08-31 15:00:00,28.0,11.5,14.4,212,80,24.4,32.3,1012.1,100,367.0
2025-08-31 16:00:00,26.9,3.2,0.6,146,89,25.0,33.5,1011.7,100,101.0
2025-08-31 17:00:00,27.1,0.1,3.8,73,90,25.2,33.5,1010.9,100,120.0
2025-08-31 18:00:00,27.0,0.0,5.1,96,90,25.3,33.2,1010.5,100,72.0
2025-08-31 19:00:00,26.9,0.0,4.1,105,92,25.5,33.3,1010.7,100,16.0
2025-08-31 20:00:00,26.8,0.0,5.6,83,93,25.5,33.0,1010.8,100,0.0
2025-08-31 21:00:00,26.9,0.0,7.9,86,92,25.4,32.7,1011.1,100,0.0
2025-08-31 22:00:00,28.5,0.0,7.4,116,88,26.2,35.0,1010.1,100,0.0
2025-08-31 23:00:00,28.6,0.0,8.7,112,85,26.0,34.8,1010.0,100,0.0
2025-09-01 00:00:00,26.5,4.3,16.9,230,87,24.0,30.1,1011.2,100,0.0
2025-09-01 01:00:00,25.5,3.2,5.4,222,96,24.8,31.3,1010.6,83,0.0
2025-09-01 02:00:00,26.0,0.1,2.0,180,93,24.7,32.2,1010.3,72,0.0
2025-09-01 03:00:00,26.6,0.0,4.9,216,87,24.3,32.2,1010.0,29,0.0
2025-09-01 04:00:00,26.9,0.0,5.7,198,87,24.6,32.5,1009.7,23,0.0
2025-09-01 05:00:00,26.1,0.0,3.3,135,91,24.6,32.1,1009.6,27,0.0
2025-09-01 06:00:00,26.2,0.0,5.5,122,93,25.0,32.2,1010.2,36,1.0
2025-09-01 07:00:00,26.9,0.0,9.6,113,93,25.5,32.6,1010.4,24,69.0
2025-09-01 08:00:00,27.9,0.3,11.2,112,86,25.2,33.1,1010.4,28,236.0
2025-09-01 09:00:00,29.1,0.1,11.3,127,77,24.8,34.1,1010.2,24,403.0
2025-09-01 10:00:00,30.5,0.1,11.0,148,68,23.9,34.9,1011.0,79,381.0
2025-09-01 11:00:00,31.2,0.1,13.2,128,68,24.5,36.1,1010.8,12,631.0
2025-09-01 12:00:00,32.2,0.1,11.9,149,62,24.0,37.9,1010.4,34,789.0
2025-09-01 13:00:00,31.9,0.2,7.5,191,63,24.0,37.4,1010.4,60,634.0
2025-09-01 14:00:00,30.4,4.5,6.6,127,73,24.9,36.8,1009.6,27,667.0
2025-09-01 15:00:00,31.2,0.0,8.7,138,67,24.4,36.5,1009.2,42,583.0
2025-09-01 16:00:00,30.8,0.0,12.3,146,69,24.5,35.3,1008.6,37,431.0
2025-09-01 17:00:00,30.2,0.0,9.5,155,72,24.5,35.2,1008.8,27,310.0
2025-09-01 18:00:00,29.8,0.0,5.4,132,75,24.8,35.6,1008.3,18,145.0
2025-09-01 19:00:00,29.0,0.0,5.0,145,81,25.5,35.3,1008.7,7,18.0
2025-09-01 20:00:00,28.9,0.0,4.0,162,84,25.9,35.6,1009.4,9,0.0
2025-09-01 21:00:00,28.8,0.0,3.8,180,85,26.0,35.6,1009.6,8,0.0
2025-09-01 22:00:00,28.9,0.1,4.0,85,85,26.0,35.8,1009.3,20,0.0
2025-09-01 23:00:00,28.0,0.0,8.5,72,88,25.8,34.1,1009.8,15,0.0
2025-09-02 00:00:00,26.9,0.8,6.1,114,88,24.8,32.6,1010.5,82,0.0
2025-09-02 01:00:00,26.2,0.2,15.2,106,94,25.2,30.9,1009.6,40,0.0
2025-09-02 02:00:00,25.8,0.0,10.5,110,94,24.8,30.8,1009.7,72,0.0
2025-09-02 03:00:00,26.1,0.0,8.0,115,91,24.6,31.5,1009.4,39,0.0
2025-09-02 04:00:00,25.6,0.0,3.6,60,93,24.5,31.5,1009.6,29,0.0
2025-09-02 05:00:00,25.9,0.0,4.8,63,92,24.4,31.5,1009.5,17,0.0
2025-09-02 06:00:00,25.3,0.0,2.7,90,93,24.1,31.1,1009.9,21,0.0
2025-09-02 07:00:00,26.6,0.0,0.4,333,90,24.8,33.1,1010.5,31,67.0
2025-09-02 08:00:00,27.6,0.1,1.5,201,84,24.8,34.0,1010.3,100,205.0
2025-09-02 09:00:00,29.2,0.0,9.8,194,74,24.1,34.0,1010.4,100,397.0
2025-09-02 10:00:00,29.6,0.0,7.7,211,66,22.5,33.7,1010.8,100,379.0
2025-09-02 11:00:00,30.2,0.0,7.3,216,65,22.9,34.5,1010.9,100,502.0
2025-09-02 12:00:00,30.5,0.0,5.4,214,64,23.0,35.2,1010.6,100,536.0
2025-09-02 13:00:00,30.6,0.0,3.1,170,64,23.0,35.7,1009.8,100,494.0
2025-09-02 14:00:00,31.2,0.0,1.3,214,61,22.9,36.4,1009.0,100,513.0
2025-09-02 15:00:00,31.8,0.0,5.3,308,59,22.6,36.3,1008.9,80,488.0
2025-09-02 16:00:00,32.3,0.0,9.7,309,54,21.9,35.7,1009.1,22,489.0
2025-09-02 17:00:00,31.5,0.0,9.9,295,57,21.9,35.0,1009.1,35,322.0
2025-09-02 18:00:00,30.5,0.0,8.8,296,61,22.3,34.4,1009.2,30,145.0
2025-09-02 19:00:00,29.8,0.0,6.3,301,67,23.1,34.4,1009.5,39,16.0
2025-09-02 20:00:00,29.1,0.0,2.5,300,72,23.5,34.6,1009.8,10,0.0
2025-09-02 21:00:00,28.3,0.0,2.1,285,79,24.3,34.3,1010.1,2,0.0
2025-09-02 22:00:00,27.7,0.0,6.7,3,70,21.8,31.5,1010.7,1,0.0
2025-09-02 23:00:00,27.0,0.0,7.8,5,71,21.4,30.5,1010.8,2,0.0
2025-09-03 00:00:00,26.6,0.0,9.5,2,72,21.2,29.7,1010.8,18,0.0
2025-09-03 01:00:00,26.6,0.0,8.3,14,72,21.1,29.9,1010.8,81,0.0
2025-09-03 02:00:00,26.5,0.0,6.2,17,73,21.2,30.1,1010.8,79,0.0
2025-09-03 03:00:00,26.1,0.0,6.5,8,74,21.1,29.6,1010.4,22,0.0
2025-09-03 04:00:00,25.6,0.0,3.6,20,78,21.5,29.7,1010.4,27,0.0
2025-09-03 05:00:00,25.5,0.0,5.9,360,79,21.6,29.4,1010.4,11,0.0
2025-09-03 06:00:00,25.4,0.0,6.3,20,82,22.0,29.3,1010.5,16,0.0
2025-09-03 07:00:00,26.7,0.0,7.1,52,79,22.7,31.0,1010.9,3,71.0
2025-09-03 08:00:00,28.6,0.0,8.5,69,75,23.9,33.4,1010.7,9,250.0
2025-09-03 09:00:00,30.0,0.0,9.1,83,71,24.2,35.0,1010.8,6,448.0
2025-09-03 10:00:00,31.5,0.0,10.5,115,63,23.5,36.3,1011.1,52,624.0
2025-09-03 11:00:00,31.8,0.0,13.8,127,61,23.4,36.6,1010.8,99,755.0
2025-09-03 12:00:00,32.1,0.0,13.0,131,57,22.5,36.9,1010.3,100,815.0
2025-09-03 13:00:00,32.7,0.0,11.2,134,53,21.9,37.3,1009.9,100,798.0
2025-09-03 14:00:00,33.0,0.0,9.8,131,51,21.7,37.3,1009.4,100,718.0
2025-09-03 15:00:00,33.1,0.0,9.8,116,51,21.7,36.7,1008.9,100,599.0
2025-09-03 16:00:00,32.8,0.0,7.9,107,53,21.9,36.6,1008.5,100,445.0
2025-09-03 17:00:00,32.6,0.0,8.0,118,53,21.9,36.3,1008.4,17,312.0
2025-09-03 18:00:00,31.6,0.0,10.7,121,57,22.0,35.0,1008.7,17,147.0
2025-09-03 19:00:00,30.7,0.0,12.4,120,61,22.3,34.0,1009.3,93,16.0
2025-09-03 20:00:00,30.0,0.0,12.8,129,69,23.6,34.0,1009.9,100,0.0
2025-09-03 21:00:00,29.4,0.0,10.8,120,72,23.9,33.9,1010.0,100,0.0
2025-09-03 22:00:00,29.6,0.0,12.1,140,70,23.6,33.8,1010.3,85,0.0
2025-09-03 23:00:00,28.9,0.0,12.9,137,77,24.5,33.4,1010.4,94,0.0
2025-09-04 00:00:00,28.2,0.0,13.1,113,79,24.4,32.7,1010.4,99,0.0
2025-09-04 01:00:00,27.7,0.0,14.0,97,82,24.2,31.9,1009.9,64,0.0
2025-09-04 02:00:00,27.0,0.0,13.1,99,86,24.4,31.4,1009.8,27,0.0
2025-09-04 03:00:00,26.6,0.0,12.3,95,87,24.3,31.1,1009.3,67,0.0
2025-09-04 04:00:00,26.6,0.0,12.7,97,87,24.2,31.0,1008.9,41,0.0
2025-09-04 05:00:00,26.7,0.0,14.7,110,86,24.2,30.8,1008.9,100,0.0
2025-09-04 06:00:00,26.6,0.0,13.1,90,87,24.4,31.1,1008.7,100,0.0
2025-09-04 07:00:00,27.6,0.0,14.8,93,79,23.7,31.4,1008.7,100,66.0
2025-09-04 08:00:00,28.0,0.0,23.2,104,76,23.4,30.4,1008.8,100,194.0
2025-09-04 09:00:00,26.8,0.7,22.2,85,83,23.6,29.4,1009.3,100,265.0
2025-09-04 10:00:00,29.5,0.0,18.4,99,66,22.5,32.1,1009.1,100,326.0
2025-09-04 11:00:00,30.0,0.0,21.6,117,63,22.2,31.9,1008.9,100,402.0
2025-09-04 12:00:00,30.1,0.0,21.2,112,64,22.6,32.3,1008.3,100,476.0
2025-09-04 13:00:00,30.7,0.0,21.0,110,61,22.4,32.7,1007.6,100,548.0
2025-09-04 14:00:00,30.5,0.0,20.3,107,61,22.1,32.5,1007.4,100,348.0
2025-09-04 15:00:00,29.4,0.2,16.9,99,67,22.6,32.2,1006.9,100,154.0
2025-09-04 16:00:00,28.1,1.1,12.6,89,80,24.3,32.6,1006.0,100,83.0
2025-09-04 17:00:00,26.9,2.4,9.6,81,94,25.9,32.8,1005.5,100,46.0
2025-09-04 18:00:00,26.5,1.4,11.2,72,95,25.5,31.9,1005.6,100,25.0
2025-09-04 19:00:00,26.2,1.7,7.8,46,94,25.1,31.9,1005.6,100,3.0
2025-09-04 20:00:00,26.0,2.5,9.9,44,93,24.9,31.2,1006.0,100,0.0
2025-09-04 21:00:00,25.9,0.9,11.8,23,93,24.7,30.7,1005.9,100,0.0
2025-09-04 22:00:00,26.2,0.2,9.4,5,91,24.5,31.3,1005.7,100,0.0
2025-09-04 23:00:00,26.0,0.1,12.2,332,93,24.8,30.8,1005.2,100,0.0
2025-09-05 00:00:00,26.1,0.1,11.1,330,92,24.7,31.0,1004.8,98,0.0
2025-09-05 01:00:00,26.0,0.0,12.6,326,93,24.6,30.6,1003.9,100,0.0
2025-09-05 02:00:00,25.8,0.0,10.9,343,93,24.5,30.6,1003.6,100,0.0
2025-09-05 03:00:00,25.6,0.0,11.5,325,93,24.5,30.4,1003.7,99,0.0
2025-09-05 04:00:00,25.7,0.0,13.2,320,92,24.4,30.1,1004.4,97,0.0
2025-09-05 05:00:00,25.8,0.0,12.7,316,91,24.3,30.2,1005.2,76,0.0
2025-09-05 06:00:00,25.9,0.0,12.2,301,92,24.5,30.5,1006.1,46,0.0
2025-09-05 07:00:00,26.9,0.0,14.5,304,88,24.8,31.4,1006.8,8,68.0
2025-09-05 08:00:00,28.2,0.0,14.2,310,81,24.6,32.6,1007.3,15,244.0
2025-09-05 09:00:00,29.2,0.0,15.3,313,75,24.3,33.3,1008.0,17,409.0
2025-09-05 10:00:00,30.0,0.1,14.2,328,71,24.2,34.3,1008.6,22,562.0
2025-09-05 11:00:00,30.9,0.1,12.6,326,67,24.0,35.8,1008.4,18,675.0
2025-09-05 12:00:00,31.9,0.0,11.6,327,62,23.6,37.4,1008.0,19,793.0
2025-09-05 13:00:00,32.2,0.1,11.9,329,60,23.5,37.6,1007.7,24,796.0
2025-09-05 14:00:00,31.7,0.1,12.5,337,63,23.9,36.9,1007.9,26,734.0
2025-09-05 15:00:00,31.5,0.1,12.6,343,64,23.9,36.3,1007.8,8,659.0
2025-09-05 16:00:00,30.8,0.0,13.3,347,67,24.0,34.9,1008.0,17,506.0
2025-09-05 17:00:00,29.9,0.0,13.8,348,71,24.0,33.9,1008.4,6,329.0
2025-09-05 18:00:00,28.9,0.0,12.9,347,76,24.1,33.2,1009.0,4,144.0
2025-09-05 19:00:00,27.9,0.0,12.9,353,80,24.0,32.1,1009.5,3,13.0
2025-09-05 20:00:00,27.2,0.0,11.2,355,83,24.2,31.8,1010.0,0,0.0
2025-09-05 21:00:00,26.8,0.0,11.0,358,85,24.1,31.4,1010.4,0,0.0
2025-09-05 22:00:00,27.0,0.0,10.0,354,86,24.4,31.8,1010.9,0,0.0
2025-09-05 23:00:00,26.5,0.0,6.4,350,87,24.1,31.7,1010.7,0,0.0
2025-09-06 00:00:00,25.9,0.0,5.1,324,90,24.0,31.3,1010.5,0,0.0
2025-09-06 01:00:00,25.6,0.0,7.1,315,91,24.1,30.8,1010.3,0,0.0
2025-09-06 02:00:00,25.5,0.0,7.9,313,91,24.0,30.5,1010.3,0,0.0
2025-09-06 03:00:00,25.4,0.0,6.4,317,91,23.9,30.5,1010.4,0,0.0
2025-09-06 04:00:00,25.3,0.0,5.7,314,92,23.9,30.5,1010.5,0,0.0
2025-09-06 05:00:00,25.0,0.0,6.2,324,93,23.8,30.1,1010.6,0,0.0
2025-09-06 06:00:00,24.7,0.0,5.2,333,93,23.5,29.7,1010.6,2,0.0
2025-09-06 07:00:00,25.6,0.0,5.2,333,90,23.9,30.9,1010.5,0,69.0
2025-09-06 08:00:00,27.3,0.0,2.9,300,83,24.2,33.1,1010.7,0,251.0
2025-09-06 09:00:00,28.5,0.0,2.5,249,77,24.0,34.3,1010.7,0,451.0
2025-09-06 10:00:00,29.8,0.0,4.5,230,71,24.0,35.7,1010.9,0,627.0
2025-09-06 11:00:00,30.4,0.0,7.3,222,69,24.1,36.7,1010.7,0,760.0
2025-09-06 12:00:00,30.8,0.0,8.3,226,66,23.8,37.2,1010.2,1,832.0
2025-09-06 13:00:00,31.2,0.0,8.1,238,60,22.6,36.9,1009.5,5,811.0
2025-09-06 14:00:00,31.9,0.0,11.7,265,56,22.0,36.4,1009.2,4,784.0
2025-09-06 15:00:00,31.9,0.0,13.9,280,56,22.0,35.5,1009.1,5,682.0
2025-09-06 16:00:00,31.4,0.0,12.7,283,58,22.1,34.5,1009.0,4,522.0
2025-09-06 17:00:00,30.4,0.0,10.5,278,65,23.0,34.3,1009.1,5,335.0
2025-09-06 18:00:00,29.1,0.0,11.0,275,72,23.5,33.3,1009.1,9,140.0
2025-09-06 19:00:00,28.2,0.0,10.2,288,77,23.9,32.8,1009.2,6,12.0
2025-09-06 20:00:00,28.0,0.0,9.6,291,82,24.5,33.0,1009.9,1,0.0
2025-09-06 21:00:00,27.8,0.0,9.1,278,85,25.0,33.1,1010.3,0,0.0
2025-09-06 22:00:00,27.7,0.0,6.5,268,86,25.1,33.6,1010.4,0,0.0
2025-09-06 23:00:00,27.4,0.0,5.9,268,88,25.1,33.3,1010.2,0,0.0
2025-09-07 00:00:00,26.6,0.0,4.1,255,91,25.0,32.7,1009.7,1,0.0
2025-09-07 01:00:00,26.6,0.0,2.7,217,89,24.6,32.7,1009.3,1,0.0
2025-09-07 02:00:00,26.5,0.0,4.3,204,89,24.5,32.3,1009.0,0,0.0
2025-09-07 03:00:00,27.0,0.0,6.9,227,86,24.4,32.3,1008.9,1,0.0
2025-09-07 04:00:00,26.8,0.0,8.0,234,86,24.3,31.9,1008.6,1,0.0
2025-09-07 05:00:00,26.8,0.0,8.2,237,87,24.5,31.9,1008.6,0,0.0
2025-09-07 06:00:00,26.6,0.0,8.0,239,89,24.6,31.9,1008.8,65,0.0
2025-09-07 07:00:00,27.3,0.0,8.2,248,88,25.0,32.9,1009.3,99,68.0
2025-09-07 08:00:00,28.2,0.0,9.0,237,81,24.7,33.4,1009.5,96,248.0
2025-09-07 09:00:00,28.9,0.0,8.6,233,79,24.8,34.2,1009.6,66,447.0
2025-09-07 10:00:00,30.2,0.0,10.0,237,71,24.4,35.5,1010.0,99,618.0
2025-09-07 11:00:00,31.0,0.1,10.2,240,64,23.5,36.0,1009.8,98,657.0
2025-09-07 12:00:00,32.2,0.0,10.0,242,58,23.0,37.3,1009.3,16,753.0
2025-09-07 13:00:00,32.7,0.0,11.6,262,56,22.8,37.9,1008.8,14,819.0
2025-09-07 14:00:00,32.6,0.0,15.3,273,56,22.8,36.8,1008.4,25,757.0
2025-09-07 15:00:00,31.4,0.0,20.3,280,64,23.9,34.8,1008.2,41,624.0
2025-09-07 16:00:00,31.1,0.0,15.7,275,68,24.5,35.2,1008.0,84,458.0
2025-09-07 17:00:00,30.4,0.0,9.9,279,71,24.5,35.4,1008.3,99,280.0
2025-09-07 18:00:00,29.9,0.0,10.8,288,76,25.3,35.3,1008.7,99,109.0
2025-09-07 19:00:00,29.2,0.0,10.4,253,79,25.3,34.7,1008.8,100,8.0
2025-09-07 20:00:00,28.9,0.0,6.8,259,82,25.5,35.0,1009.2,91,0.0
2025-09-07 21:00:00,28.5,0.0,7.4,276,85,25.8,34.7,1009.7,7,0.0
2025-09-07 22:00:00,28.5,0.0,4.2,216,86,26.0,35.3,1009.8,32,0.0
2025-09-07 23:00:00,28.5,0.0,5.3,192,86,26.0,35.0,1009.8,77,0.0
2025-09-08 00:00:00,28.5,0.0,7.2,207,83,25.4,34.4,1009.6,53,0.0
2025-09-08 01:00:00,28.5,0.0,10.2,217,81,25.0,33.7,1009.2,3,0.0
2025-09-08 02:00:00,28.3,0.0,10.2,234,82,25.0,33.5,1009.5,52,0.0
2025-09-08 03:00:00,26.0,3.9,14.8,309,86,23.4,29.6,1010.6,100,0.0
2025-09-08 04:00:00,25.5,1.4,7.7,307,93,24.3,30.7,1010.0,99,0.0
2025-09-08 05:00:00,26.1,0.0,8.5,270,93,24.9,31.5,1010.1,99,0.0
2025-09-08 06:00:00,26.0,0.1,9.4,293,94,24.9,31.3,1010.5,100,0.0
2025-09-08 07:00:00,26.2,0.1,7.9,287,93,25.0,31.8,1010.6,98,29.0
2025-09-08 08:00:00,27.5,0.0,10.0,249,86,25.0,32.8,1010.5,100,204.0
2025-09-08 09:00:00,28.2,0.2,10.8,255,82,24.9,33.3,1010.8,100,297.0
2025-09-08 10:00:00,27.8,0.0,3.6,311,86,25.2,34.2,1011.3,100,356.0
2025-09-08 11:00:00,29.0,0.0,3.6,250,81,25.4,35.4,1010.9,100,474.0
2025-09-08 12:00:00,29.7,0.0,3.6,264,78,25.5,36.4,1010.1,100,575.0
2025-09-08 13:00:00,30.8,0.2,5.5,257,73,25.5,38.1,1009.7,99,729.0
2025-09-08 14:00:00,31.5,0.1,8.5,266,69,25.0,38.2,1009.4,97,739.0
2025-09-08 15:00:00,31.4,0.0,12.6,274,66,24.2,35.8,1009.0,93,544.0
2025-09-08 16:00:00,30.9,0.0,15.8,297,70,24.6,35.1,1009.2,100,448.0
2025-09-08 17:00:00,28.5,1.1,13.5,245,80,24.9,33.2,1010.1,100,293.0
2025-09-08 18:00:00,27.6,0.1,7.4,238,85,24.9,33.2,1010.0,95,95.0
2025-09-08 19:00:00,27.2,0.0,3.6,252,88,25.0,33.5,1009.9,98,9.0
2025-09-08 20:00:00,27.0,0.0,2.5,270,90,25.4,33.7,1010.6,99,0.0
2025-09-08 21:00:00,26.9,0.0,2.3,293,92,25.5,33.6,1010.9,100,0.0
2025-09-08 22:00:00,28.0,0.0,9.2,220,83,24.9,33.2,1010.9,91,0.0
2025-09-08 23:00:00,27.8,0.0,5.9,227,83,24.6,33.4,1011.0,71,0.0
2025-09-09 00:00:00,27.2,0.0,2.9,223,87,24.9,33.5,1010.7,55,0.0
2025-09-09 01:00:00,27.4,0.0,0.4,270,86,24.9,34.0,1010.8,49,0.0
2025-09-09 02:00:00,26.6,0.0,2.2,360,90,24.8,32.9,1010.9,48,0.0
2025-09-09 03:00:00,25.6,0.0,13.5,333,92,24.2,29.9,1011.2,32,0.0
2025-09-09 04:00:00,25.2,0.0,6.8,335,92,23.9,30.3,1010.8,15,0.0
2025-09-09 05:00:00,25.0,0.2,9.5,331,94,24.0,29.7,1010.9,62,0.0
2025-09-09 06:00:00,24.2,0.3,4.4,341,94,23.3,29.3,1010.9,72,0.0
2025-09-09 07:00:00,25.3,0.0,4.1,2,91,23.8,30.7,1011.1,28,56.0
2025-09-09 08:00:00,26.6,0.0,3.4,16,89,24.6,32.7,1011.3,89,227.0
2025-09-09 09:00:00,28.2,0.0,6.5,268,82,24.9,33.9,1011.8,55,392.0
2025-09-09 10:00:00,30.6,0.0,6.5,268,71,24.9,36.5,1011.7,39,579.0
2025-09-09 11:00:00,29.8,0.4,13.4,305,72,24.1,34.9,1011.7,22,722.0
2025-09-09 12:00:00,30.5,0.0,13.9,287,67,23.8,35.8,1010.9,50,789.0
2025-09-09 13:00:00,30.6,0.0,10.8,294,67,23.9,35.8,1010.1,8,665.0
2025-09-09 14:00:00,31.8,0.0,9.8,288,61,23.4,37.3,1009.5,17,757.0
2025-09-09 15:00:00,32.0,0.0,7.6,278,59,22.9,36.8,1009.1,34,627.0
2025-09-09 16:00:00,31.7,0.0,5.6,295,59,22.8,36.3,1009.3,57,462.0
2025-09-09 17:00:00,31.0,0.0,7.1,344,64,23.2,35.5,1009.7,34,281.0
2025-09-09 18:00:00,29.8,0.0,7.6,18,70,23.8,34.7,1009.9,27,113.0
2025-09-09 19:00:00,28.8,0.0,9.0,23,75,23.9,33.4,1010.0,22,8.0
2025-09-09 20:00:00,27.8,0.0,10.4,8,78,23.6,32.1,1010.6,25,0.0
2025-09-09 21:00:00,27.4,0.0,7.0,26,80,23.6,32.2,1010.6,10,0.0
2025-09-09 22:00:00,28.0,0.0,6.7,180,82,24.5,33.4,1010.9,100,0.0
2025-09-09 23:00:00,27.2,0.0,14.9,182,81,23.8,31.0,1011.2,100,0.0
2025-09-10 00:00:00,27.0,0.0,5.0,167,84,24.1,32.5,1010.6,100,0.0
2025-09-10 01:00:00,26.9,0.0,9.0,102,85,24.2,31.8,1010.1,100,0.0
2025-09-10 02:00:00,26.6,0.0,9.7,94,87,24.4,31.5,1009.3,92,0.0
2025-09-10 03:00:00,26.4,1.4,8.7,96,91,24.9,31.8,1009.5,57,0.0
2025-09-10 04:00:00,26.5,0.0,9.2,97,92,25.1,32.0,1009.1,100,0.0
2025-09-10 05:00:00,26.5,0.0,12.3,105,92,25.0,31.5,1008.9,100,0.0
2025-09-10 06:00:00,26.4,0.4,10.2,127,90,24.6,31.3,1009.5,100,0.0
2025-09-10 07:00:00,25.6,1.4,5.8,194,96,25.0,31.5,1009.6,100,9.0
2025-09-10 08:00:00,25.5,2.5,4.5,265,92,24.1,31.1,1010.6,100,58.0
2025-09-10 09:00:00,25.1,3.4,5.9,315,97,24.6,30.7,1010.8,100,48.0
2025-09-10 10:00:00,25.5,6.5,3.6,252,96,24.8,31.6,1011.2,100,59.0
2025-09-10 11:00:00,25.7,2.2,1.9,326,96,25.0,32.2,1010.7,100,76.0
2025-09-10 12:00:00,26.0,2.4,3.5,282,93,24.8,32.1,1010.3,100,183.0
2025-09-10 13:00:00,26.9,0.2,5.2,248,85,24.2,32.4,1010.2,100,259.0
2025-09-10 14:00:00,27.4,0.3,7.1,260,82,24.1,32.5,1010.0,100,359.0
2025-09-10 15:00:00,28.1,0.1,8.4,259,77,23.8,32.9,1009.7,100,362.0
2025-09-10 16:00:00,28.3,0.4,9.1,280,72,22.8,32.3,1009.5,100,299.0
2025-09-10 17:00:00,27.7,0.1,9.4,282,79,23.8,32.3,1009.9,97,207.0
2025-09-10 18:00:00,27.0,0.0,6.3,288,85,24.3,32.4,1009.9,32,96.0
2025-09-10 19:00:00,26.0,0.0,2.7,293,91,24.4,32.0,1010.1,48,7.0
2025-09-10 20:00:00,25.7,0.0,2.3,337,92,24.2,31.6,1010.7,31,0.0
2025-09-10 21:00:00,25.2,0.0,4.0,350,93,23.9,30.7,1011.0,12,0.0
2025-09-10 22:00:00,25.3,0.3,6.9,23,94,24.2,30.5,1011.0,42,0.0
2025-09-10 23:00:00,25.2,0.1,4.0,18,95,24.3,30.9,1011.2,42,0.0
2025-09-11 00:00:00,25.0,0.1,6.5,28,96,24.2,30.3,1011.2,28,0.0
2025-09-11 01:00:00,24.9,0.1,8.3,77,95,24.0,29.7,1011.2,23,0.0
2025-09-11 02:00:00,24.5,0.1,10.1,96,94,23.5,28.9,1011.4,24,0.0
2025-09-11 03:00:00,24.3,0.0,8.3,63,94,23.2,28.7,1011.3,18,0.0
2025-09-11 04:00:00,24.1,0.0,7.8,53,93,23.0,28.5,1011.5,47,0.0
2025-09-11 05:00:00,24.0,0.0,9.6,52,92,22.7,28.0,1011.8,55,0.0
2025-09-11 06:00:00,24.2,0.0,7.5,53,91,22.6,28.4,1012.6,25,0.0
2025-09-11 07:00:00,24.6,0.0,9.7,39,90,22.9,28.7,1012.8,22,45.0
2025-09-11 08:00:00,25.8,0.0,7.8,38,85,23.1,30.2,1013.2,12,200.0
2025-09-11 09:00:00,27.0,0.0,7.2,77,79,23.0,31.5,1013.5,58,373.0
2025-09-11 10:00:00,28.1,0.0,8.7,107,75,23.3,32.5,1013.6,16,550.0
2025-09-11 11:00:00,29.0,0.0,9.3,122,72,23.5,34.3,1013.5,26,696.0
2025-09-11 12:00:00,29.4,0.1,8.0,121,72,23.7,35.0,1013.3,19,704.0
2025-09-11 13:00:00,29.2,0.0,11.7,110,74,24.2,35.0,1012.7,12,766.0
2025-09-11 14:00:00,29.5,0.0,7.6,78,75,24.5,36.1,1012.0,31,773.0
2025-09-11 15:00:00,29.5,0.0,6.4,68,74,24.4,35.0,1011.5,10,576.0
2025-09-11 16:00:00,29.8,0.0,4.7,74,72,24.1,35.3,1011.1,8,476.0
2025-09-11 17:00:00,29.1,0.4,6.9,105,73,23.8,34.1,1011.2,21,303.0
2025-09-11 18:00:00,27.0,0.9,10.5,121,87,24.8,32.1,1011.5,60,112.0
2025-09-11 19:00:00,26.8,0.1,8.4,79,89,24.8,32.2,1011.5,28,5.0
2025-09-11 20:00:00,25.2,0.8,12.7,83,91,23.6,29.2,1012.7,69,0.0
2025-09-11 21:00:00,25.5,0.1,12.7,97,91,23.8,29.6,1013.1,47,0.0
2025-09-11 22:00:00,25.2,0.0,8.3,44,87,23.0,29.5,1012.8,71,0.0
2025-09-11 23:00:00,25.2,0.0,12.9,78,91,23.6,29.3,1012.8,82,0.0
2025-09-12 00:00:00,25.4,0.0,17.3,86,91,23.9,28.8,1013.0,37,0.0
2025-09-12 01:00:00,25.3,0.0,17.1,89,91,23.6,28.7,1012.9,58,0.0
2025-09-12 02:00:00,25.6,0.5,11.0,113,89,23.6,29.9,1013.0,77,0.0
2025-09-12 03:00:00,25.5,0.2,13.4,125,90,23.8,29.4,1012.8,90,0.0
2025-09-12 04:00:00,25.4,0.1,8.4,137,93,24.1,30.4,1012.8,68,0.0
2025-09-12 05:00:00,25.4,0.0,8.5,118,93,24.1,30.3,1012.7,52,0.0
2025-09-12 06:00:00,25.4,0.0,13.0,124,91,23.9,29.5,1013.0,63,0.0
2025-09-12 07:00:00,25.8,0.7,13.6,125,89,23.8,29.8,1013.2,77,47.0
2025-09-12 08:00:00,26.0,1.8,14.1,113,89,24.0,30.0,1013.5,91,168.0
2025-09-12 09:00:00,26.9,0.3,14.9,111,84,24.0,30.8,1013.5,99,282.0
2025-09-12 10:00:00,28.6,0.0,16.1,118,78,24.5,32.7,1013.7,100,397.0
2025-09-12 11:00:00,28.7,0.2,15.0,110,79,24.7,33.1,1013.3,99,367.0
2025-09-12 12:00:00,29.5,0.2,14.3,109,79,25.4,34.6,1012.7,95,591.0
2025-09-12 13:00:00,29.3,0.2,14.3,102,80,25.5,34.4,1012.7,99,571.0
2025-09-12 14:00:00,28.6,0.2,13.7,93,83,25.5,33.7,1012.2,81,397.0
2025-09-12 15:00:00,28.6,0.3,8.9,104,83,25.5,34.4,1012.0,87,263.0
2025-09-12 16:00:00,28.2,2.3,10.5,114,83,25.0,33.5,1012.1,74,360.0
2025-09-12 17:00:00,28.1,0.0,9.5,127,86,25.5,33.8,1012.2,82,232.0
2025-09-12 18:00:00,27.5,0.0,7.0,89,89,25.5,33.6,1012.2,94,79.0
2025-09-12 19:00:00,26.0,0.1,13.6,84,93,24.9,30.7,1012.3,98,4.0
2025-09-12 20:00:00,25.6,0.0,11.4,71,93,24.4,30.3,1012.5,75,0.0
2025-09-12 21:00:00,26.1,0.0,7.8,83,91,24.5,31.4,1012.8,100,0.0
2025-09-12 22:00:00,27.0,0.4,7.4,90,92,25.5,32.9,1011.9,55,0.0
2025-09-12 23:00:00,26.5,0.0,3.5,99,93,25.2,32.9,1011.8,90,0.0
2025-09-13 00:00:00,26.9,0.0,6.3,129,92,25.5,33.0,1011.0,97,0.0
2025-09-13 01:00:00,26.9,0.0,7.7,127,92,25.5,32.8,1010.8,63,0.0
2025-09-13 02:00:00,26.7,0.0,7.7,152,93,25.4,32.6,1010.3,95,0.0
2025-09-13 03:00:00,26.7,0.0,8.7,162,93,25.5,32.5,1010.4,98,0.0
2025-09-13 04:00:00,26.7,0.0,6.2,173,92,25.4,32.8,1010.1,81,0.0
2025-09-13 05:00:00,26.2,0.0,3.6,174,93,24.9,32.3,1010.3,96,0.0
2025-09-13 06:00:00,26.5,0.0,5.2,166,90,24.9,32.4,1010.3,96,0.0
2025-09-13 07:00:00,27.2,0.0,8.9,166,90,25.5,33.0,1010.1,99,51.0
2025-09-13 08:00:00,27.8,0.1,9.9,179,85,25.0,33.1,1010.2,100,156.0
2025-09-13 09:00:00,28.6,0.0,11.4,175,73,23.2,32.6,1010.4,100,331.0
2025-09-13 10:00:00,29.5,0.0,13.1,171,69,23.1,33.1,1010.5,100,350.0
2025-09-13 11:00:00,30.0,0.0,14.4,190,70,23.9,33.9,1010.4,100,521.0
2025-09-13 12:00:00,30.3,0.0,14.7,199,69,24.0,34.5,1010.1,100,593.0
2025-09-13 13:00:00,30.5,0.0,14.1,203,69,24.2,34.9,1009.9,100,599.0
2025-09-13 14:00:00,30.7,0.0,14.1,217,68,24.0,34.7,1009.3,100,370.0
2025-09-13 15:00:00,30.7,0.0,18.5,226,67,23.8,33.9,1009.0,100,330.0
2025-09-13 16:00:00,30.0,0.0,15.4,221,70,24.0,33.9,1009.1,100,265.0
2025-09-13 17:00:00,29.8,0.0,15.3,219,73,24.4,33.8,1009.4,100,176.0
2025-09-13 18:00:00,29.1,0.0,13.9,219,75,24.2,33.3,1009.3,100,74.0
2025-09-13 19:00:00,28.8,0.0,15.3,225,76,24.1,32.7,1009.6,100,5.0
2025-09-13 20:00:00,28.4,0.0,14.2,219,78,24.2,32.5,1010.2,96,0.0
2025-09-13 21:00:00,28.1,0.0,14.7,217,80,24.2,32.2,1010.4,100,0.0
2025-09-13 22:00:00,27.6,0.0,4.8,281,87,25.3,33.8,1010.4,100,0.0
2025-09-13 23:00:00,27.5,0.0,6.3,217,87,25.2,33.4,1010.3,100,0.0
2025-09-14 00:00:00,28.0,0.0,10.6,230,83,24.8,33.0,1010.2,100,0.0
2025-09-14 01:00:00,27.8,0.0,12.4,239,83,24.5,32.4,1009.9,100,0.0
2025-09-14 02:00:00,27.7,0.2,13.5,254,83,24.5,32.1,1010.2,100,0.0
2025-09-14 03:00:00,25.7,1.5,14.6,261,92,24.4,29.9,1010.5,100,0.0
2025-09-14 04:00:00,26.1,0.6,10.6,260,93,24.9,31.2,1010.4,100,0.0
2025-09-14 05:00:00,25.8,1.8,13.7,259,93,24.5,30.2,1011.0,100,0.0
2025-09-14 06:00:00,25.9,1.0,13.7,265,93,24.6,30.4,1010.7,100,0.0
2025-09-14 07:00:00,25.6,0.5,12.3,255,94,24.6,30.3,1011.5,100,15.0
2025-09-14 08:00:00,26.5,0.2,11.1,238,93,25.4,31.9,1011.7,100,107.0
2025-09-14 09:00:00,27.4,0.1,11.3,237,87,24.9,32.4,1011.8,82,189.0
2025-09-14 10:00:00,26.6,0.7,5.3,232,89,24.8,32.5,1012.6,100,192.0
2025-09-14 11:00:00,27.6,0.1,3.2,214,85,24.9,33.8,1012.5,100,338.0
2025-09-14 12:00:00,28.5,0.3,7.6,265,81,25.0,34.2,1011.9,100,566.0
2025-09-14 13:00:00,28.5,0.2,8.7,248,81,25.0,34.0,1011.5,99,404.0
2025-09-14 14:00:00,29.3,0.1,9.5,251,78,25.0,34.7,1011.1,100,559.0
2025-09-14 15:00:00,29.5,0.1,11.1,253,76,24.8,34.5,1010.9,100,523.0
2025-09-14 16:00:00,29.8,0.1,12.2,269,75,24.8,34.5,1010.7,100,441.0
2025-09-14 17:00:00,28.9,0.2,13.9,283,79,24.9,33.5,1011.1,36,258.0
2025-09-14 18:00:00,27.9,0.0,11.4,288,85,25.2,33.1,1011.5,54,96.0
2025-09-14 19:00:00,26.8,1.2,12.3,273,90,25.0,31.7,1012.5,96,4.0
2025-09-14 20:00:00,26.6,0.4,10.4,281,91,25.1,31.9,1013.0,42,0.0
2025-09-14 21:00:00,26.5,0.0,9.3,289,92,25.1,32.0,1013.3,32,0.0
2025-09-14 22:00:00,26.3,0.3,8.6,296,93,25.1,31.8,1013.6,76,0.0
2025-09-14 23:00:00,25.6,0.3,9.6,300,94,24.6,30.7,1013.7,59,0.0
2025-09-15 00:00:00,25.4,0.0,4.8,315,94,24.4,31.0,1013.8,18,0.0
2025-09-15 01:00:00,25.3,0.3,8.0,326,94,24.2,30.4,1013.9,98,0.0
2025-09-15 02:00:00,25.0,0.4,5.3,322,95,24.1,30.5,1014.1,96,0.0
2025-09-15 03:00:00,24.9,0.0,3.2,313,96,24.1,30.6,1014.2,96,0.0
2025-09-15 04:00:00,25.4,0.0,4.5,313,94,24.4,31.0,1014.0,76,0.0
2025-09-15 05:00:00,25.5,0.0,5.5,302,94,24.4,31.1,1014.2,83,0.0
2025-09-15 06:00:00,25.7,0.0,6.1,298,93,24.5,31.2,1014.4,47,0.0
2025-09-15 07:00:00,26.1,0.0,6.1,317,93,25.0,32.0,1015.0,30,48.0
2025-09-15 08:00:00,27.1,0.0,6.2,282,88,24.9,32.9,1015.4,26,212.0
2025-09-15 09:00:00,28.0,0.0,6.0,267,82,24.7,33.7,1015.5,41,375.0
2025-09-15 10:00:00,30.0,0.0,4.3,202,77,25.5,36.4,1015.8,87,559.0
2025-09-15 11:00:00,30.6,0.0,5.9,198,74,25.5,37.5,1015.4,83,640.0
2025-09-15 12:00:00,31.0,0.1,6.2,213,73,25.5,38.2,1015.3,98,730.0
2025-09-15 13:00:00,31.5,0.0,6.5,231,69,25.1,38.8,1014.4,97,772.0
2025-09-15 14:00:00,30.8,0.6,10.1,276,69,24.5,36.4,1014.3,99,674.0
2025-09-15 15:00:00,30.2,0.0,9.6,276,74,25.1,35.7,1014.1,98,386.0
2025-09-15 16:00:00,30.2,0.0,7.6,266,73,24.8,35.7,1014.2,100,327.0
2025-09-15 17:00:00,29.5,0.0,8.7,256,77,25.1,35.1,1014.3,98,177.0
2025-09-15 18:00:00,28.8,0.0,8.3,250,83,25.5,34.7,1014.8,100,87.0
2025-09-15 19:00:00,28.1,0.0,8.5,245,86,25.5,33.9,1014.9,96,4.0
2025-09-15 20:00:00,27.6,0.0,6.6,254,88,25.5,33.7,1015.1,87,0.0
2025-09-15 21:00:00,27.0,0.0,3.6,276,92,25.5,33.5,1015.1,3,0.0
2025-09-15 22:00:00,27.0,0.0,3.3,279,95,26.1,34.1,1015.2,97,0.0
2025-09-15 23:00:00,26.8,0.0,2.9,292,95,26.0,33.8,1015.3,65,0.0
2025-09-16 00:00:00,26.5,0.0,2.6,335,95,25.8,33.4,1015.2,8,0.0
2025-09-16 01:00:00,26.5,0.0,3.8,352,95,25.5,33.0,1015.1,4,0.0
2025-09-16 02:00:00,26.0,0.0,4.9,356,95,25.0,32.1,1014.8,12,0.0
2025-09-16 03:00:00,25.8,0.0,5.1,354,94,24.7,31.6,1014.7,9,0.0
2025-09-16 04:00:00,25.5,0.0,0.4,90,94,24.5,31.8,1014.5,21,0.0
2025-09-16 05:00:00,25.4,0.0,4.1,90,95,24.5,31.2,1014.8,29,0.0
2025-09-16 06:00:00,25.1,0.5,4.2,245,95,24.4,30.9,1015.3,98,0.0
2025-09-16 07:00:00,25.6,0.3,7.8,279,94,24.6,30.9,1015.4,75,28.0
2025-09-16 08:00:00,26.3,0.0,5.1,287,91,24.7,32.1,1014.9,36,171.0
2025-09-16 09:00:00,27.7,0.0,5.1,252,83,24.5,33.4,1015.0,48,392.0
2025-09-16 10:00:00,29.9,0.0,5.2,202,72,24.4,35.4,1014.8,99,520.0
2025-09-16 11:00:00,30.5,0.0,7.1,201,70,24.3,36.6,1014.4,99,699.0
2025-09-16 12:00:00,30.8,0.0,7.3,205,70,24.8,37.7,1013.9,92,785.0
2025-09-16 13:00:00,30.9,0.0,7.3,205,70,24.6,37.6,1013.1,98,768.0
2025-09-16 14:00:00,31.4,0.0,5.8,202,63,23.4,37.2,1012.5,98,717.0
2025-09-16 15:00:00,31.6,0.0,7.8,222,61,23.3,36.6,1012.2,47,614.0
2025-09-16 16:00:00,30.1,0.0,12.4,244,70,24.1,34.5,1012.6,33,376.0
2025-09-16 17:00:00,29.4,0.0,6.8,235,77,24.9,35.0,1012.5,80,231.0
2025-09-16 18:00:00,28.5,0.0,9.6,185,80,24.9,33.8,1012.8,67,79.0
2025-09-16 19:00:00,28.0,0.0,5.7,162,82,24.6,33.6,1012.6,100,3.0
2025-09-16 20:00:00,27.8,0.0,5.6,180,84,24.9,33.7,1013.2,73,0.0
2025-09-16 21:00:00,27.7,0.0,5.1,186,86,25.1,33.8,1013.3,11,0.0
2025-09-16 22:00:00,27.6,0.0,8.1,205,82,24.4,32.8,1013.2,94,0.0
2025-09-16 23:00:00,27.5,0.0,5.3,190,83,24.4,33.0,1013.1,94,0.0
2025-09-17 00:00:00,26.9,0.0,2.2,256,88,24.8,33.1,1012.8,93,0.0
2025-09-17 01:00:00,26.5,0.0,4.0,309,91,25.0,32.7,1012.8,52,0.0
2025-09-17 02:00:00,25.9,0.0,2.7,352,94,24.9,32.1,1012.5,22,0.0
2025-09-17 03:00:00,25.6,0.0,2.0,5,94,24.5,31.7,1012.1,8,0.0
2025-09-17 04:00:00,25.7,0.0,0.4,27,92,24.3,31.9,1011.9,10,0.0
2025-09-17 05:00:00,25.5,0.0,1.1,180,93,24.3,31.7,1011.7,6,0.0
2025-09-17 06:00:00,25.4,0.0,3.0,213,94,24.4,31.3,1012.0,6,0.0
2025-09-17 07:00:00,27.0,0.0,3.2,227,91,25.4,33.5,1012.1,7,51.0
2025-09-17 08:00:00,28.2,0.0,4.7,227,83,25.0,34.3,1012.2,7,220.0
2025-09-17 09:00:00,29.0,0.0,7.9,219,78,24.8,34.4,1012.3,3,404.0
2025-09-17 10:00:00,28.5,0.8,3.1,246,81,24.9,34.7,1012.9,96,381.0
2025-09-17 11:00:00,29.8,0.1,5.8,202,76,25.1,36.0,1012.3,100,589.0
2025-09-17 12:00:00,30.1,0.1,6.1,220,75,25.2,37.1,1011.9,99,708.0
2025-09-17 13:00:00,30.0,1.7,9.8,235,74,24.8,35.5,1011.4,100,606.0
2025-09-17 14:00:00,28.4,2.4,8.8,261,79,24.3,33.4,1010.8,100,441.0
2025-09-17 15:00:00,29.1,0.0,12.6,256,74,24.0,33.4,1010.8,100,405.0
2025-09-17 16:00:00,28.5,0.8,11.9,267,79,24.5,33.2,1010.9,100,363.0
2025-09-17 17:00:00,28.0,1.0,9.4,277,80,24.2,32.9,1011.1,100,188.0
2025-09-17 18:00:00,27.3,0.0,10.3,263,86,24.7,32.3,1011.2,100,63.0
2025-09-17 19:00:00,26.8,0.0,4.2,252,88,24.6,32.7,1010.9,85,2.0
2025-09-17 20:00:00,26.6,0.0,5.8,240,89,24.5,32.2,1011.3,63,0.0
2025-09-17 21:00:00,26.7,0.0,8.7,246,87,24.5,31.8,1011.0,93,0.0
2025-09-17 22:00:00,27.8,0.0,9.0,237,85,25.0,33.2,1010.9,100,0.0
2025-09-17 23:00:00,27.5,0.0,15.2,226,84,24.5,31.7,1010.5,100,0.0
2025-09-18 00:00:00,27.0,0.0,12.1,228,85,24.3,31.5,1010.8,100,0.0
2025-09-18 01:00:00,26.5,0.0,11.1,245,86,23.9,30.9,1010.6,100,0.0
2025-09-18 02:00:00,26.0,0.0,13.3,243,87,23.7,30.0,1010.6,100,0.0
2025-09-18 03:00:00,25.2,0.5,7.8,265,91,23.7,30.0,1010.7,100,0.0
2025-09-18 04:00:00,24.2,2.4,17.5,251,94,23.3,27.4,1011.8,100,0.0
2025-09-18 05:00:00,24.4,2.1,14.5,253,95,23.5,28.0,1011.7,100,0.0
2025-09-18 06:00:00,24.5,0.3,13.4,276,93,23.2,28.2,1011.9,100,0.0
2025-09-18 07:00:00,24.5,0.2,10.6,279,92,23.1,28.5,1011.9,100,14.0
2025-09-18 08:00:00,25.0,0.2,18.4,278,89,23.1,27.9,1012.5,100,145.0
2025-09-18 09:00:00,25.1,0.4,15.1,293,88,23.1,28.5,1012.7,100,154.0
2025-09-18 10:00:00,24.1,1.1,13.1,288,96,23.5,28.0,1013.2,100,142.0
2025-09-18 11:00:00,25.4,0.8,15.0,309,88,23.2,28.8,1012.9,100,303.0
2025-09-18 12:00:00,26.8,0.1,12.6,326,80,23.0,30.5,1012.7,100,383.0
2025-09-18 13:00:00,27.9,0.0,10.1,336,72,22.4,31.5,1012.1,100,424.0
2025-09-18 14:00:00,28.1,0.1,8.2,334,71,22.4,32.0,1011.8,100,432.0
2025-09-18 15:00:00,28.2,0.1,10.7,354,70,22.1,31.7,1011.6,99,440.0
2025-09-18 16:00:00,27.5,0.1,13.8,7,69,21.5,30.2,1011.7,89,294.0
2025-09-18 17:00:00,25.8,0.6,14.9,9,81,22.2,28.7,1012.3,96,136.0
2025-09-18 18:00:00,25.0,0.1,14.5,14,82,21.6,27.6,1012.4,98,33.0
2025-09-18 19:00:00,24.5,0.1,15.3,20,80,20.9,26.5,1012.6,100,2.0
2025-09-18 20:00:00,23.5,0.9,16.4,21,86,21.0,25.6,1013.7,100,0.0
2025-09-18 21:00:00,23.0,4.5,15.8,15,89,21.1,25.2,1014.4,100,0.0
2025-09-18 22:00:00,24.6,0.0,12.2,20,77,20.2,26.9,1015.0,64,0.0
2025-09-18 23:00:00,24.2,0.0,14.2,18,77,19.9,25.9,1015.0,40,0.0
2025-09-19 00:00:00,23.9,0.0,13.8,33,75,19.1,25.3,1014.9,26,0.0
2025-09-19 01:00:00,23.4,0.0,13.9,25,73,18.3,24.4,1014.9,97,0.0
2025-09-19 02:00:00,23.1,0.0,14.8,24,68,16.9,23.4,1014.9,100,0.0
2025-09-19 03:00:00,23.2,0.0,13.0,24,61,15.4,23.1,1014.9,98,0.0
2025-09-19 04:00:00,23.0,0.0,12.7,13,59,14.6,22.6,1015.0,100,0.0
2025-09-19 05:00:00,22.8,0.0,12.5,16,59,14.5,22.5,1015.2,96,0.0
2025-09-19 06:00:00,22.7,0.0,11.6,22,60,14.6,22.5,1015.6,100,0.0
2025-09-19 07:00:00,22.6,0.0,9.1,30,64,15.4,23.1,1015.8,100,21.0
2025-09-19 08:00:00,23.5,0.0,7.9,27,65,16.6,24.6,1016.3,51,145.0
2025-09-19 09:00:00,25.2,0.0,5.3,52,59,16.7,26.8,1016.0,7,351.0
2025-09-19 10:00:00,27.0,0.0,6.4,79,55,17.3,28.7,1016.3,79,521.0
2025-09-19 11:00:00,28.0,0.0,5.2,96,53,17.4,30.6,1015.9,100,670.0
2025-09-19 12:00:00,28.2,0.0,3.9,146,52,17.6,30.6,1015.3,58,582.0
2025-09-19 13:00:00,28.5,0.0,6.3,183,53,18.0,31.0,1014.5,21,638.0
2025-09-19 14:00:00,28.5,0.0,9.3,199,55,18.5,31.3,1013.7,10,737.0
2025-09-19 15:00:00,27.8,0.0,11.0,204,57,18.6,29.6,1013.3,64,598.0
2025-09-19 16:00:00,27.7,0.0,5.5,216,59,18.9,30.2,1012.9,100,467.0
2025-09-19 17:00:00,27.3,0.0,1.9,253,63,19.5,30.7,1013.0,50,244.0
2025-09-19 18:00:00,25.8,0.0,2.1,308,78,21.7,30.2,1013.2,100,89.0
2025-09-19 19:00:00,24.5,0.0,2.9,356,84,21.6,28.8,1013.0,100,2.0
2025-09-19 20:00:00,24.5,0.0,3.9,28,83,21.5,28.7,1013.4,100,0.0
2025-09-19 21:00:00,24.8,0.0,4.2,59,80,21.1,28.6,1013.2,100,0.0
2025-09-19 22:00:00,26.5,0.0,11.0,114,73,21.3,29.4,1013.1,99,0.0
2025-09-19 23:00:00,25.9,0.0,12.1,101,80,22.1,29.1,1012.7,92,0.0
2025-09-20 00:00:00,25.5,0.0,11.4,106,83,22.5,29.0,1012.1,98,0.0
2025-09-20 01:00:00,25.5,0.0,13.9,117,81,22.1,28.5,1011.9,97,0.0
2025-09-20 02:00:00,25.5,0.0,13.7,118,80,21.8,28.4,1010.9,81,0.0
2025-09-20 03:00:00,25.6,0.0,10.9,144,83,22.5,29.2,1010.4,92,0.0
2025-09-20 04:00:00,25.9,0.0,11.4,151,84,23.0,29.8,1009.9,96,0.0
2025-09-20 05:00:00,26.2,0.0,10.1,161,83,23.1,30.4,1009.8,100,0.0
2025-09-20 06:00:00,26.3,0.0,9.5,161,83,23.1,30.5,1009.6,100,0.0
2025-09-20 07:00:00,26.7,0.0,10.7,171,83,23.6,31.0,1009.6,100,37.0
2025-09-20 08:00:00,27.5,0.0,10.0,167,78,23.4,31.7,1009.4,100,155.0
2025-09-20 09:00:00,28.0,0.1,10.4,182,74,22.9,32.0,1009.6,100,275.0
2025-09-20 10:00:00,24.6,5.7,3.2,360,95,23.9,30.2,1010.8,100,220.0
2025-09-20 11:00:00,25.8,4.9,7.8,187,88,23.7,30.6,1010.3,100,337.0
2025-09-20 12:00:00,28.0,0.0,12.5,212,77,23.5,32.0,1009.8,100,416.0
2025-09-20 13:00:00,27.9,0.2,13.4,215,77,23.5,31.8,1008.9,100,275.0
2025-09-20 14:00:00,27.7,0.3,18.2,222,79,23.8,31.0,1008.3,100,254.0
2025-09-20 15:00:00,27.0,0.7,14.8,238,85,24.4,31.2,1007.8,100,189.0
2025-09-20 16:00:00,27.0,0.4,14.3,243,85,24.1,31.1,1007.6,100,231.0
2025-09-20 17:00:00,26.6,0.4,15.1,253,85,23.8,30.4,1007.8,100,133.0
2025-09-20 18:00:00,25.0,1.4,16.9,270,91,23.5,28.4,1008.6,100,39.0
2025-09-20 19:00:00,24.1,1.5,20.3,280,94,23.1,26.8,1008.9,99,1.0
2025-09-20 20:00:00,24.5,0.3,20.6,276,93,23.4,27.2,1009.6,100,0.0
2025-09-20 21:00:00,25.0,0.1,14.6,279,92,23.6,28.7,1009.8,28,0.0
2025-09-20 22:00:00,25.5,0.1,15.8,271,92,24.0,29.2,1009.4,98,0.0
2025-09-20 23:00:00,24.8,0.2,15.0,315,91,23.2,28.2,1010.0,60,0.0
2025-09-21 00:00:00,23.9,0.1,9.7,358,91,22.4,27.6,1010.3,88,0.0
2025-09-21 01:00:00,23.6,0.1,8.2,327,92,22.1,27.4,1010.1,100,0.0
2025-09-21 02:00:00,23.4,0.0,6.9,321,92,22.0,27.3,1010.0,100,0.0
2025-09-21 03:00:00,23.4,0.0,8.6,338,90,21.6,26.8,1010.5,100,0.0
2025-09-21 04:00:00,23.3,0.0,8.8,337,89,21.4,26.6,1010.7,100,0.0
2025-09-21 05:00:00,22.8,0.0,10.0,337,90,21.0,25.7,1011.1,14,0.0
2025-09-21 06:00:00,22.3,0.0,10.3,348,90,20.5,24.9,1011.7,16,0.0
2025-09-21 07:00:00,22.6,0.0,9.3,347,88,20.6,25.4,1012.4,19,45.0
2025-09-21 08:00:00,24.0,0.0,9.5,350,82,20.6,26.8,1012.8,67,202.0
2025-09-21 09:00:00,25.2,0.0,10.6,356,74,20.2,27.7,1013.0,14,409.0
2025-09-21 10:00:00,27.0,0.0,11.3,342,63,19.2,29.0,1013.3,96,579.0
2025-09-21 11:00:00,27.8,0.0,11.7,339,58,18.7,30.2,1013.0,97,712.0
2025-09-21 12:00:00,28.2,0.0,12.2,343,56,18.6,30.9,1012.7,61,766.0
2025-09-21 13:00:00,28.6,0.0,12.4,351,54,18.4,31.3,1012.1,100,804.0
2025-09-21 14:00:00,28.4,0.0,14.2,359,52,17.5,29.3,1011.4,100,597.0
2025-09-21 15:00:00,27.5,0.0,17.6,1,58,18.5,28.0,1011.8,100,382.0
2025-09-21 16:00:00,26.6,0.0,18.0,9,63,19.0,27.3,1012.3,100,312.0
2025-09-21 17:00:00,25.5,0.0,17.7,19,67,19.0,26.3,1012.6,100,207.0
2025-09-21 18:00:00,24.7,0.0,19.0,27,68,18.4,25.0,1013.1,51,68.0
2025-09-21 19:00:00,24.2,0.0,20.4,27,68,17.9,24.1,1013.5,20,1.0
2025-09-21 20:00:00,23.8,0.0,18.8,25,68,17.6,23.7,1014.3,91,0.0
2025-09-21 21:00:00,23.7,0.0,16.9,28,67,17.2,23.8,1015.2,100,0.0
2025-09-21 22:00:00,23.4,0.0,15.1,26,68,17.1,23.7,1015.5,70,0.0
2025-09-21 23:00:00,22.9,0.0,12.4,24,69,16.8,23.4,1016.0,100,0.0
2025-09-22 00:00:00,22.4,0.0,9.3,16,70,16.6,23.3,1016.8,35,0.0
2025-09-22 01:00:00,22.0,0.0,10.1,16,71,16.4,22.7,1016.8,23,0.0
2025-09-22 02:00:00,21.5,0.0,11.5,10,72,16.1,21.9,1016.9,20,0.0
2025-09-22 03:00:00,21.1,0.0,9.7,24,73,16.1,21.8,1016.9,90,0.0
2025-09-22 04:00:00,20.9,0.0,8.6,31,74,15.9,21.6,1016.8,21,0.0
2025-09-22 05:00:00,20.5,0.0,6.6,22,75,15.8,21.5,1017.2,37,0.0
2025-09-22 06:00:00,20.2,0.0,6.2,15,75,15.7,21.2,1017.6,100,0.0
2025-09-22 07:00:00,21.0,0.0,7.2,19,73,16.0,22.0,1017.9,100,43.0
2025-09-22 08:00:00,22.8,0.0,7.0,46,64,15.6,23.6,1018.1,0,196.0
2025-09-22 09:00:00,24.1,0.0,9.8,62,56,14.9,24.4,1018.2,1,424.0
2025-09-22 10:00:00,25.4,0.0,9.9,86,55,15.6,26.1,1018.8,0,600.0
2025-09-22 11:00:00,26.5,0.0,11.0,89,52,15.8,27.8,1018.3,48,723.0
2025-09-22 12:00:00,27.1,0.0,12.5,98,48,15.1,28.2,1017.6,47,762.0
2025-09-22 13:00:00,27.4,0.0,11.5,104,47,14.9,28.3,1017.1,21,733.0
2025-09-22 14:00:00,27.6,0.0,11.7,105,46,14.9,28.6,1016.4,67,738.0
2025-09-22 15:00:00,27.2,0.0,12.5,117,47,14.9,27.0,1016.2,100,493.0
2025-09-22 16:00:00,27.0,0.0,13.4,119,49,15.4,26.9,1016.1,100,337.0
2025-09-22 17:00:00,26.4,0.0,10.2,104,56,17.0,27.4,1016.3,100,197.0
2025-09-22 18:00:00,25.9,0.0,10.7,99,58,17.0,26.8,1016.5,100,46.0
2025-09-22 19:00:00,25.5,0.0,13.5,94,59,16.9,25.9,1016.9,99,0.0
2025-09-22 20:00:00,25.2,0.0,15.0,86,61,17.1,25.6,1017.1,100,0.0
2025-09-22 21:00:00,25.2,0.0,11.4,93,67,18.7,26.8,1017.4,97,0.0
2025-09-22 22:00:00,24.7,0.0,12.5,78,69,18.6,26.1,1017.1,77,0.0
2025-09-22 23:00:00,24.5,0.0,11.4,105,76,20.0,26.8,1017.4,100,0.0
2025-09-23 00:00:00,23.3,1.3,7.3,107,91,21.8,27.0,1017.8,100,0.0
2025-09-23 01:00:00,23.3,0.4,13.1,92,92,22.0,26.3,1017.8,73,0.0
2025-09-23 02:00:00,23.1,0.0,15.0,93,91,21.6,25.6,1017.3,86,0.0
2025-09-23 03:00:00,22.9,0.2,15.9,96,91,21.4,25.2,1017.1,100,0.0
2025-09-23 04:00:00,22.6,0.6,15.3,93,93,21.4,25.0,1017.1,100,0.0
2025-09-23 05:00:00,22.4,1.4,13.5,93,96,21.7,25.1,1017.2,100,0.0
2025-09-23 06:00:00,22.2,0.6,13.4,75,93,21.0,24.7,1017.3,100,0.0
2025-09-23 07:00:00,21.8,0.1,16.3,72,91,20.2,23.4,1017.7,70,15.0
2025-09-23 08:00:00,21.8,1.1,15.7,72,90,20.1,23.4,1018.0,100,94.0
2025-09-23 09:00:00,22.0,0.7,16.6,77,91,20.5,23.7,1018.0,71,138.0
2025-09-23 10:00:00,23.5,0.0,14.4,70,76,19.0,24.8,1018.6,100,183.0
2025-09-23 11:00:00,23.1,0.3,13.6,78,83,20.0,25.0,1018.4,100,178.0
2025-09-23 12:00:00,23.6,1.1,14.8,94,84,20.8,25.8,1018.1,100,270.0
2025-09-23 13:00:00,23.3,1.7,16.3,96,90,21.5,25.6,1017.6,99,235.0
2025-09-23 14:00:00,24.5,1.2,19.4,103,81,21.0,26.0,1016.7,54,517.0
2025-09-23 15:00:00,24.8,0.0,19.9,104,78,20.8,26.1,1016.4,50,477.0
2025-09-23 16:00:00,25.0,0.0,18.6,110,78,20.9,26.6,1016.2,77,324.0
2025-09-23 17:00:00,25.0,0.0,18.1,109,77,20.8,26.7,1016.2,88,188.0
2025-09-23 18:00:00,24.8,0.0,16.7,108,79,20.9,26.7,1016.2,92,50.0
2025-09-23 19:00:00,24.6,0.0,16.4,105,81,21.1,26.6,1016.3,100,0.0
2025-09-23 20:00:00,24.5,0.0,18.0,102,81,21.1,26.4,1016.8,97,0.0
2025-09-23 21:00:00,24.6,0.0,19.0,105,81,21.1,26.3,1017.0,100,0.0
2025-09-23 22:00:00,24.5,0.0,18.7,97,81,21.0,26.1,1017.3,42,0.0
2025-09-23 23:00:00,24.0,0.0,18.5,92,82,20.8,25.6,1017.1,72,0.0
2025-09-24 00:00:00,24.0,0.0,18.3,95,83,21.0,25.6,1017.2,98,0.0
2025-09-24 01:00:00,24.1,0.0,18.1,97,83,21.1,26.0,1016.9,65,0.0
2025-09-24 02:00:00,24.1,0.0,18.4,100,84,21.2,25.9,1016.5,81,0.0
2025-09-24 03:00:00,24.1,0.0,19.3,104,84,21.3,25.9,1016.2,73,0.0
2025-09-24 04:00:00,24.3,0.0,20.0,111,84,21.5,26.0,1016.0,87,0.0
2025-09-24 05:00:00,24.2,0.0,18.6,110,85,21.6,26.2,1015.8,99,0.0
2025-09-24 06:00:00,24.4,0.0,18.6,109,85,21.6,26.4,1015.8,98,0.0
2025-09-24 07:00:00,24.7,0.0,20.9,109,83,21.7,26.4,1015.8,87,37.0
2025-09-24 08:00:00,25.5,0.0,25.6,117,79,21.6,26.5,1016.4,100,191.0
2025-09-24 09:00:00,25.8,0.0,23.9,107,78,21.8,27.1,1016.4,99,274.0
2025-09-24 10:00:00,26.5,0.0,23.2,104,75,21.6,27.9,1016.5,60,483.0
2025-09-24 11:00:00,27.1,0.0,23.3,109,74,22.0,28.9,1016.1,94,606.0
2025-09-24 12:00:00,27.7,0.0,23.3,117,73,22.4,30.0,1015.8,47,665.0
2025-09-24 13:00:00,28.1,0.0,23.9,114,72,22.7,30.6,1015.1,67,686.0
2025-09-24 14:00:00,28.0,0.2,18.9,108,75,23.2,30.9,1014.9,100,569.0
2025-09-24 15:00:00,26.2,2.2,18.8,136,90,24.4,29.8,1015.0,98,280.0
2025-09-24 16:00:00,26.2,0.7,18.7,119,87,24.0,29.6,1014.9,93,244.0
2025-09-24 17:00:00,25.8,1.7,18.3,130,89,23.8,29.1,1015.3,100,152.0
2025-09-24 18:00:00,24.6,5.2,12.9,141,95,23.9,28.8,1016.1,100,31.0
2025-09-24 19:00:00,24.6,2.0,13.4,110,94,23.6,28.5,1016.2,100,0.0
2025-09-24 20:00:00,24.8,0.2,15.4,111,94,23.8,28.4,1016.7,100,0.0
2025-09-24 21:00:00,25.0,0.1,12.7,115,93,23.8,29.1,1016.8,100,0.0
2025-09-24 22:00:00,24.8,2.4,9.9,138,95,23.9,29.4,1017.5,99,0.0
2025-09-24 23:00:00,24.7,0.8,11.2,140,94,23.8,29.0,1017.3,100,0.0
2025-09-25 00:00:00,24.6,0.1,12.0,159,92,23.3,28.5,1016.9,99,0.0
2025-09-25 01:00:00,24.5,0.0,8.1,107,93,23.4,29.0,1017.2,100,0.0
2025-09-25 02:00:00,24.8,0.0,13.6,114,94,23.6,28.7,1016.8,100,0.0
2025-09-25 03:00:00,24.7,0.1,10.5,121,93,23.5,29.0,1016.4,99,0.0
2025-09-25 04:00:00,24.5,0.1,11.6,95,94,23.5,28.6,1016.6,78,0.0
2025-09-25 05:00:00,24.5,0.0,15.0,103,94,23.5,28.1,1016.7,65,0.0
2025-09-25 06:00:00,24.5,0.0,14.5,107,93,23.3,28.0,1016.7,89,0.0
2025-09-25 07:00:00,24.9,0.0,14.3,110,92,23.5,28.6,1017.1,98,38.0
2025-09-25 08:00:00,25.7,0.0,16.7,115,87,23.4,29.0,1017.4,77,183.0
2025-09-25 09:00:00,26.8,0.0,13.5,117,81,23.2,30.4,1017.7,100,365.0
2025-09-25 10:00:00,27.9,0.0,9.3,106,78,23.8,32.5,1018.5,88,457.0
2025-09-25 11:00:00,28.4,0.0,10.3,105,78,24.2,33.4,1018.0,78,591.0
2025-09-25 12:00:00,29.0,0.0,10.2,113,77,24.5,35.0,1017.7,71,752.0
2025-09-25 13:00:00,29.0,0.0,12.3,108,76,24.4,34.4,1016.9,28,719.0
2025-09-25 14:00:00,27.2,1.0,9.5,53,82,24.0,32.1,1017.2,100,579.0
2025-09-25 15:00:00,27.2,0.2,8.7,84,83,24.1,32.1,1016.9,100,321.0
2025-09-25 16:00:00,27.5,0.1,10.9,81,80,23.8,31.9,1016.9,100,323.0
2025-09-25 17:00:00,26.9,0.0,8.3,86,83,23.9,31.7,1017.2,100,128.0
2025-09-25 18:00:00,26.1,0.0,7.6,76,88,24.0,31.1,1017.3,100,52.0
2025-09-25 19:00:00,25.5,0.0,8.5,72,91,24.0,30.4,1017.4,97,0.0
2025-09-25 20:00:00,25.2,0.0,8.7,77,92,23.9,29.9,1017.9,94,0.0
2025-09-25 21:00:00,25.0,0.0,8.8,73,93,23.8,29.6,1017.9,72,0.0
2025-09-25 22:00:00,25.1,0.0,5.5,107,93,24.0,30.4,1018.2,100,0.0
2025-09-25 23:00:00,25.0,0.0,5.1,54,94,24.1,30.5,1018.0,100,0.0
2025-09-26 00:00:00,24.8,0.0,7.4,49,95,24.0,29.8,1017.6,68,0.0
2025-09-26 01:00:00,24.6,0.0,6.4,61,96,23.9,29.7,1017.4,100,0.0
2025-09-26 02:00:00,24.5,0.0,6.2,54,96,23.8,29.5,1017.3,98,0.0
2025-09-26 03:00:00,24.4,0.0,5.5,52,96,23.8,29.5,1017.1,88,0.0
2025-09-26 04:00:00,24.1,0.0,5.5,32,96,23.5,29.1,1017.0,98,0.0
2025-09-26 05:00:00,23.9,0.0,4.4,21,96,23.3,28.9,1017.1,98,0.0
2025-09-26 06:00:00,23.7,0.0,3.8,25,97,23.2,28.8,1017.5,100,0.0
2025-09-26 07:00:00,24.0,0.0,4.1,13,96,23.3,29.1,1017.8,87,21.0
2025-09-26 08:00:00,25.8,0.0,1.9,292,91,24.3,31.8,1018.0,78,184.0
2025-09-26 09:00:00,27.0,0.0,7.9,273,84,24.1,32.0,1018.2,84,358.0
2025-09-26 10:00:00,25.9,0.0,5.2,282,86,23.4,30.9,1018.3,100,217.0
2025-09-26 11:00:00,27.4,0.0,5.6,270,80,23.6,32.4,1017.8,39,500.0
2025-09-26 12:00:00,28.4,0.1,7.2,252,73,23.0,33.8,1017.1,61,706.0
2025-09-26 13:00:00,28.7,0.1,10.1,260,71,23.0,33.7,1016.4,51,713.0
2025-09-26 14:00:00,29.4,0.2,12.9,283,67,22.5,33.1,1015.8,29,631.0
2025-09-26 15:00:00,29.6,0.0,14.2,299,64,22.0,32.5,1015.7,13,537.0
2025-09-26 16:00:00,29.0,0.0,13.6,299,65,21.8,31.8,1015.7,35,415.0
2025-09-26 17:00:00,28.1,0.0,11.8,298,68,21.5,31.0,1015.7,99,222.0
2025-09-26 18:00:00,26.8,0.0,11.5,309,72,21.3,29.7,1016.0,100,52.0
2025-09-26 19:00:00,25.8,0.0,9.9,322,75,20.9,28.6,1016.3,100,0.0
2025-09-26 20:00:00,24.9,0.0,8.6,327,78,20.9,28.0,1016.8,100,0.0
2025-09-26 21:00:00,24.4,0.0,8.1,335,81,21.0,27.6,1017.3,99,0.0
2025-09-26 22:00:00,24.8,0.0,6.6,331,84,21.9,28.7,1017.2,100,0.0
2025-09-26 23:00:00,24.6,0.0,7.4,331,84,21.8,28.4,1017.4,100,0.0
2025-09-27 00:00:00,24.5,0.0,5.6,343,84,21.6,28.4,1016.9,100,0.0
2025-09-27 01:00:00,24.1,0.0,5.7,336,86,21.6,28.0,1016.7,98,0.0
2025-09-27 02:00:00,23.9,0.0,6.4,342,86,21.4,27.6,1016.6,25,0.0
2025-09-27 03:00:00,23.5,0.0,9.3,352,86,21.0,26.6,1016.4,70,0.0
2025-09-27 04:00:00,23.2,0.0,11.6,22,81,19.8,25.2,1016.5,93,0.0
2025-09-27 05:00:00,22.8,0.0,10.4,36,78,18.7,24.5,1016.7,99,0.0
2025-09-27 06:00:00,22.7,0.0,9.1,41,76,18.2,24.4,1016.8,20,0.0
2025-09-27 07:00:00,22.6,0.0,9.4,31,76,18.1,24.3,1017.0,18,31.0
2025-09-27 08:00:00,24.0,0.0,6.4,32,70,18.4,26.2,1017.2,83,201.0
2025-09-27 09:00:00,25.0,0.0,4.8,27,67,18.6,27.5,1017.2,81,260.0
2025-09-27 10:00:00,25.4,0.0,2.5,60,66,18.5,28.2,1017.1,100,189.0
2025-09-27 11:00:00,25.8,0.0,1.7,288,68,19.4,29.0,1017.0,100,232.0
2025-09-27 12:00:00,26.1,0.0,3.9,257,66,19.1,29.0,1017.1,100,275.0
2025-09-27 13:00:00,25.6,0.0,2.8,297,68,19.4,28.8,1016.3,100,135.0
2025-09-27 14:00:00,26.5,0.0,2.1,255,65,19.4,29.8,1015.5,100,369.0
2025-09-27 15:00:00,26.6,0.0,3.3,221,64,19.4,29.7,1014.8,94,371.0
2025-09-27 16:00:00,26.8,0.0,3.7,194,64,19.5,29.8,1014.9,24,424.0
2025-09-27 17:00:00,26.0,0.0,5.1,170,67,19.4,28.8,1015.0,29,226.0
2025-09-27 18:00:00,24.6,0.0,4.0,153,74,19.8,27.8,1015.1,4,61.0
2025-09-27 19:00:00,23.5,0.0,3.6,135,81,20.0,26.8,1015.3,6,0.0
2025-09-27 20:00:00,23.9,0.0,5.2,121,77,19.5,26.8,1015.4,0,0.0
2025-09-27 21:00:00,24.1,0.0,7.6,121,73,19.1,26.5,1015.4,0,0.0
2025-09-27 22:00:00,24.1,0.0,7.1,96,80,20.5,27.2,1015.2,39,0.0
2025-09-27 23:00:00,24.0,0.0,7.9,86,78,20.0,26.7,1014.9,94,0.0
2025-09-28 00:00:00,23.1,0.0,7.1,66,83,20.1,26.0,1014.6,44,0.0
2025-09-28 01:00:00,22.7,0.0,8.2,57,84,19.9,25.3,1014.3,4,0.0
2025-09-28 02:00:00,22.3,0.0,10.2,53,80,18.7,24.1,1014.0,19,0.0
2025-09-28 03:00:00,22.2,0.0,9.3,54,75,17.5,23.6,1013.9,16,0.0
2025-09-28 04:00:00,22.1,0.0,9.9,75,73,17.0,23.2,1013.3,17,0.0
2025-09-28 05:00:00,22.2,0.0,10.4,89,77,18.0,23.6,1013.1,100,0.0
2025-09-28 06:00:00,22.5,0.0,12.1,88,79,18.7,24.0,1013.1,100,0.0
2025-09-28 07:00:00,22.9,0.0,13.3,93,79,19.0,24.3,1013.3,100,23.0
2025-09-28 08:00:00,22.6,1.4,16.0,99,89,20.8,24.5,1013.1,100,55.0
2025-09-28 09:00:00,22.6,0.5,14.3,104,94,21.5,25.2,1013.2,100,36.0
2025-09-28 10:00:00,25.4,0.1,17.2,128,81,21.8,27.7,1013.0,100,369.0
2025-09-28 11:00:00,25.7,0.1,12.5,136,76,21.0,28.3,1012.1,100,309.0
2025-09-28 12:00:00,26.9,0.1,11.3,158,72,21.4,30.2,1011.5,43,616.0
2025-09-28 13:00:00,26.9,0.0,10.3,155,73,21.8,30.3,1010.9,59,574.0
2025-09-28 14:00:00,26.2,1.1,8.7,163,82,22.9,30.4,1010.2,49,504.0
2025-09-28 15:00:00,26.9,0.2,5.7,152,78,22.7,31.3,1009.6,53,454.0
2025-09-28 16:00:00,26.2,0.9,11.5,230,81,22.7,29.8,1010.0,81,278.0
2025-09-28 17:00:00,25.6,0.1,7.0,260,85,22.9,30.1,1010.0,52,123.0
2025-09-28 18:00:00,25.5,0.0,5.1,203,87,23.1,30.3,1009.9,51,49.0
2025-09-28 19:00:00,25.3,0.2,13.4,242,87,23.0,28.9,1010.1,82,0.0
2025-09-28 20:00:00,25.4,0.1,16.2,234,87,23.1,28.5,1010.1,56,0.0
2025-09-28 21:00:00,25.2,0.0,16.3,239,87,23.0,28.3,1010.1,49,0.0
2025-09-28 22:00:00,25.5,0.0,10.8,238,91,23.9,30.0,1009.7,93,0.0
2025-09-28 23:00:00,23.8,6.4,16.9,261,93,22.6,26.6,1010.0,100,0.0
2025-09-29 00:00:00,23.5,2.8,17.8,244,96,23.0,26.4,1009.9,93,0.0
2025-09-29 01:00:00,24.0,0.2,18.7,241,93,22.8,26.7,1009.6,88,0.0
2025-09-29 02:00:00,23.9,0.1,15.5,265,93,22.7,27.0,1009.1,100,0.0
2025-09-29 03:00:00,23.9,0.5,19.8,277,94,22.8,26.3,1009.3,87,0.0
2025-09-29 04:00:00,23.8,0.4,20.0,268,94,22.9,26.3,1008.8,51,0.0
2025-09-29 05:00:00,23.6,0.5,18.4,280,94,22.6,26.2,1008.9,99,0.0
2025-09-29 06:00:00,23.4,0.3,13.8,309,94,22.3,26.4,1009.3,83,0.0
2025-09-29 07:00:00,23.3,0.0,9.3,307,94,22.2,27.0,1009.9,93,24.0
2025-09-29 08:00:00,24.1,0.0,9.6,313,88,22.0,27.7,1010.7,89,158.0
2025-09-29 09:00:00,24.9,0.0,11.9,321,80,21.2,27.6,1010.8,95,311.0
2025-09-29 10:00:00,25.6,0.0,12.1,335,73,20.4,28.0,1010.9,66,482.0
2025-09-29 11:00:00,26.4,0.1,13.7,320,67,19.8,28.2,1010.6,28,557.0
2025-09-29 12:00:00,26.9,0.2,15.0,325,65,19.7,28.9,1009.7,42,646.0
2025-09-29 13:00:00,27.3,0.1,15.3,332,62,19.4,29.5,1009.3,16,711.0
2025-09-29 14:00:00,27.2,0.0,15.9,335,59,18.5,28.4,1009.0,34,613.0
2025-09-29 15:00:00,27.0,0.0,17.1,341,58,17.9,27.3,1009.2,32,539.0
2025-09-29 16:00:00,25.8,0.0,16.3,352,61,17.7,26.1,1009.3,43,410.0
2025-09-29 17:00:00,24.8,0.0,13.8,351,65,17.7,25.6,1009.7,18,222.0
2025-09-29 18:00:00,23.4,0.0,13.4,348,71,17.9,24.2,1010.3,19,54.0
2025-09-29 19:00:00,22.3,0.0,11.3,347,77,18.0,23.6,1010.7,27,0.0
2025-09-29 20:00:00,21.8,0.0,9.2,353,79,18.0,23.4,1011.6,91,0.0
2025-09-29 21:00:00,21.8,0.0,6.4,349,80,18.0,23.7,1011.9,6,0.0
2025-09-29 22:00:00,22.5,0.0,9.2,16,74,17.6,23.9,1012.1,41,0.0
2025-09-29 23:00:00,21.6,0.0,5.8,2,78,17.5,23.5,1012.1,4,0.0
2025-09-30 00:00:00,20.6,0.0,5.2,358,82,17.4,22.5,1012.2,1,0.0
2025-09-30 01:00:00,20.0,0.0,4.9,358,84,17.1,21.8,1012.2,0,0.0
2025-09-30 02:00:00,19.1,0.0,4.0,352,87,16.9,20.9,1012.1,1,0.0
2025-09-30 03:00:00,18.7,0.0,3.8,341,88,16.6,20.5,1012.1,2,0.0
2025-09-30 04:00:00,18.5,0.0,4.3,338,89,16.8,20.3,1012.2,2,0.0
2025-09-30 05:00:00,18.3,0.0,4.3,355,89,16.5,19.9,1012.3,12,0.0
2025-09-30 06:00:00,18.0,0.0,3.8,25,88,16.0,19.5,1012.5,6,0.0
2025-09-30 07:00:00,19.5,0.0,3.1,80,84,16.7,21.3,1012.6,66,36.0
2025-09-30 08:00:00,21.4,0.0,1.8,114,77,17.2,23.7,1013.4,1,186.0
2025-09-30 09:00:00,23.0,0.0,2.7,152,69,16.9,25.0,1013.2,7,403.0
2025-09-30 10:00:00,24.5,0.0,1.0,158,63,16.9,26.9,1013.4,90,569.0
2025-09-30 11:00:00,25.3,0.0,1.3,270,57,16.1,27.3,1013.1,6,563.0
2025-09-30 12:00:00,26.5,0.0,3.4,238,51,15.6,29.2,1012.1,21,762.0
2025-09-30 13:00:00,26.8,0.0,8.8,231,50,15.4,28.4,1011.3,46,747.0
2025-09-30 14:00:00,25.7,0.0,13.3,220,59,17.1,26.6,1010.9,39,601.0
2025-09-30 15:00:00,25.8,0.0,10.0,216,59,17.2,26.8,1010.5,43,518.0
2025-09-30 16:00:00,25.8,0.0,9.7,214,59,17.0,26.8,1010.3,51,406.0
2025-09-30 17:00:00,25.4,0.0,4.6,252,63,17.7,27.5,1010.4,77,227.0
2025-09-30 18:00:00,23.9,0.0,10.1,4,66,17.2,25.0,1010.4,96,48.0
2025-09-30 19:00:00,22.5,0.0,12.5,15,63,15.2,22.5,1010.6,13,0.0
2025-09-30 20:00:00,21.8,0.0,10.0,13,65,15.0,22.0,1011.1,93,0.0
2025-09-30 21:00:00,21.2,0.0,6.5,14,67,14.8,21.9,1011.3,8,0.0
2025-09-30 22:00:00,20.4,0.0,5.2,20,71,14.9,21.2,1011.5,35,0.0
2025-09-30 23:00:00,19.7,0.0,4.9,6,75,15.2,20.7,1011.5,1,0.0
2025-10-01 00:00:00,19.2,0.0,4.2,5,78,15.2,20.4,1011.6,3,0.0
2025-10-01 01:00:00,18.6,0.0,3.9,13,82,15.4,19.9,1011.5,7,0.0
2025-10-01 02:00:00,18.5,0.0,4.2,20,83,15.6,19.8,1011.1,11,0.0
2025-10-01 03:00:00,18.8,0.0,5.8,30,81,15.4,19.8,1011.0,5,0.0
2025-10-01 04:00:00,19.2,0.0,6.9,37,76,15.0,19.9,1010.9,4,0.0
2025-10-01 05:00:00,19.2,0.0,7.8,26,74,14.5,19.6,1011.1,7,0.0
2025-10-01 06:00:00,18.9,0.0,9.5,22,75,14.4,18.9,1011.2,8,0.0
2025-10-01 07:00:00,19.4,0.0,9.4,24,76,15.1,19.8,1011.6,1,33.0
2025-10-01 08:00:00,22.0,0.0,6.9,39,74,17.2,23.6,1011.9,3,194.0
2025-10-01 09:00:00,23.9,0.0,2.0,45,64,16.6,25.9,1012.6,5,385.0
2025-10-01 10:00:00,25.2,0.0,2.8,165,62,17.3,27.4,1012.4,5,553.0
2025-10-01 11:00:00,25.9,0.0,5.4,220,59,17.4,28.5,1012.3,13,678.0
2025-10-01 12:00:00,26.3,0.0,6.2,234,58,17.5,29.0,1011.8,5,709.0
2025-10-01 13:00:00,26.9,0.0,7.3,253,56,17.4,29.4,1011.1,5,706.0
2025-10-01 14:00:00,27.3,0.0,10.2,262,53,16.8,28.8,1010.8,5,647.0
2025-10-01 15:00:00,27.6,0.0,8.3,259,47,15.2,28.2,1010.6,6,534.0
2025-10-01 16:00:00,27.1,0.0,10.0,278,49,15.4,27.5,1010.7,41,387.0
2025-10-01 17:00:00,26.2,0.0,11.2,298,57,17.0,27.0,1011.3,22,214.0
2025-10-01 18:00:00,24.6,0.0,7.9,333,65,17.7,26.2,1011.9,13,51.0
2025-10-01 19:00:00,23.0,0.0,10.4,9,70,17.2,24.1,1012.7,23,0.0
2025-10-01 20:00:00,22.0,0.0,9.1,9,72,16.7,23.0,1013.5,13,0.0
2025-10-01 21:00:00,21.6,0.0,8.9,6,78,17.6,23.1,1013.7,17,0.0
2025-10-01 22:00:00,21.3,0.0,8.7,354,79,17.5,22.7,1013.9,2,0.0
2025-10-01 23:00:00,21.2,0.0,8.5,347,80,17.5,22.7,1014.4,99,0.0
2025-10-02 00:00:00,20.9,0.0,8.5,353,81,17.5,22.3,1014.4,100,0.0
2025-10-02 01:00:00,20.6,0.0,8.0,355,81,17.2,22.1,1014.3,84,0.0
2025-10-02 02:00:00,20.4,0.0,6.2,350,81,17.0,22.0,1014.1,59,0.0
2025-10-02 03:00:00,20.1,0.0,7.6,342,83,17.1,21.6,1014.3,20,0.0
2025-10-02 04:00:00,19.7,0.0,7.4,342,85,17.0,21.1,1014.5,16,0.0
2025-10-02 05:00:00,19.4,0.0,8.1,348,85,16.8,20.6,1014.8,31,0.0
2025-10-02 06:00:00,19.4,0.0,8.5,358,83,16.5,20.4,1015.3,95,0.0
2025-10-02 07:00:00,20.3,0.0,8.6,360,79,16.6,21.3,1016.0,16,32.0
2025-10-02 08:00:00,22.4,0.0,6.3,357,74,17.5,24.2,1016.7,45,200.0
2025-10-02 09:00:00,24.6,0.0,6.6,17,65,17.5,26.3,1016.7,55,365.0
2025-10-02 10:00:00,26.2,0.0,6.2,60,52,15.6,27.3,1016.5,100,555.0
2025-10-02 11:00:00,26.8,0.0,5.5,117,48,15.0,27.9,1016.3,100,592.0
2025-10-02 12:00:00,26.9,0.0,6.9,163,51,15.9,28.3,1016.1,99,615.0
2025-10-02 13:00:00,26.4,0.0,9.2,174,58,17.5,28.0,1015.6,98,596.0
2025-10-02 14:00:00,26.7,0.0,9.4,183,55,16.8,28.4,1015.5,99,660.0
2025-10-02 15:00:00,26.4,0.0,9.0,186,55,16.6,27.4,1015.6,63,305.0
2025-10-02 16:00:00,26.0,0.0,5.7,198,56,16.5,27.5,1016.0,100,275.0
2025-10-02 17:00:00,25.4,0.0,2.7,312,59,16.9,27.4,1016.4,100,89.0
2025-10-02 18:00:00,24.4,0.0,7.7,351,65,17.3,25.8,1016.5,100,32.0
2025-10-02 19:00:00,23.4,0.0,13.0,6,66,16.7,23.8,1016.9,100,0.0
2025-10-02 20:00:00,22.8,0.0,13.0,25,67,16.2,23.0,1017.4,88,0.0
2025-10-02 21:00:00,22.9,0.0,9.7,34,66,16.0,23.5,1017.6,100,0.0
2025-10-02 22:00:00,22.5,0.0,10.6,24,65,15.6,22.9,1017.6,100,0.0
2025-10-02 23:00:00,22.5,0.0,10.1,35,63,15.1,22.8,1017.3,100,0.0
2025-10-03 00:00:00,21.8,0.0,9.7,42,67,15.5,22.2,1017.1,100,0.0
2025-10-03 01:00:00,22.0,0.0,8.0,20,69,16.1,23.0,1017.5,100,0.0
2025-10-03 02:00:00,21.6,0.4,9.7,24,74,16.7,22.5,1017.5,100,0.0
2025-10-03 03:00:00,21.5,0.8,8.0,18,78,17.6,23.1,1016.7,98,0.0
2025-10-03 04:00:00,21.0,0.0,8.9,24,81,17.6,22.4,1016.9,100,0.0
2025-10-03 05:00:00,21.9,0.0,9.3,50,75,17.2,23.1,1017.2,100,0.0
2025-10-03 06:00:00,22.0,0.3,7.8,48,75,17.4,23.4,1018.3,100,0.0
2025-10-03 07:00:00,21.1,1.1,13.3,67,84,18.2,22.2,1018.3,100,6.0
2025-10-03 08:00:00,20.5,1.5,11.8,62,92,19.1,22.2,1019.1,100,24.0
2025-10-03 09:00:00,20.4,1.5,9.4,58,93,19.1,22.4,1019.8,100,39.0
2025-10-03 10:00:00,20.5,2.1,12.0,81,94,19.5,22.4,1019.4,100,44.0
2025-10-03 11:00:00,22.0,0.7,16.8,92,90,20.1,23.4,1018.7,100,181.0
2025-10-03 12:00:00,22.4,0.2,18.6,99,83,19.4,23.2,1017.9,100,197.0
2025-10-03 13:00:00,22.3,0.8,20.0,105,85,19.7,23.1,1017.4,100,117.0
2025-10-03 14:00:00,22.4,0.6,23.8,108,88,20.2,22.8,1016.1,100,126.0
2025-10-03 15:00:00,22.1,0.4,25.3,114,85,19.5,22.1,1016.1,100,72.0
2025-10-03 16:00:00,22.2,0.9,27.4,116,86,19.8,22.0,1015.8,100,59.0
2025-10-03 17:00:00,21.5,3.2,30.4,116,94,20.5,21.1,1015.6,100,30.0
2025-10-03 18:00:00,21.8,2.2,27.0,119,93,20.6,22.1,1015.9,100,8.0
2025-10-03 19:00:00,22.4,0.4,26.9,122,90,20.6,22.6,1016.2,100,0.0
2025-10-03 20:00:00,23.0,0.3,27.9,129,88,21.0,23.3,1016.0,100,0.0
2025-10-03 21:00:00,22.9,3.5,24.6,123,92,21.5,23.9,1016.6,100,0.0
2025-10-03 22:00:00,22.9,6.2,23.7,131,95,22.0,24.3,1016.5,100,0.0
2025-10-03 23:00:00,23.1,4.3,23.8,135,95,22.2,24.7,1015.8,100,0.0
2025-10-04 00:00:00,23.4,0.7,21.6,134,93,22.1,25.3,1015.4,100,0.0
2025-10-04 01:00:00,23.5,0.3,19.2,130,93,22.3,25.8,1014.9,100,0.0
2025-10-04 02:00:00,23.7,0.2,19.9,131,92,22.4,25.9,1013.9,100,0.0
2025-10-04 03:00:00,23.7,0.8,15.8,135,94,22.7,26.7,1014.4,100,0.0
2025-10-04 04:00:00,23.5,1.8,13.2,137,95,22.6,26.9,1013.7,100,0.0
2025-10-04 05:00:00,23.6,10.2,13.5,142,96,22.9,27.0,1013.5,100,0.0
2025-10-04 06:00:00,23.5,1.1,9.0,127,96,22.9,27.6,1014.1,100,0.0
2025-10-04 07:00:00,23.2,7.0,8.8,123,97,22.7,27.3,1014.4,100,9.0
2025-10-04 08:00:00,23.8,1.5,6.0,123,97,23.3,28.6,1014.7,100,76.0
2025-10-04 09:00:00,25.0,0.7,6.6,131,93,23.6,29.9,1014.6,100,135.0
2025-10-04 10:00:00,25.3,0.4,8.3,106,91,23.7,30.0,1014.6,100,238.0
2025-10-04 11:00:00,24.7,0.9,7.3,128,91,23.1,29.2,1014.3,97,260.0
2025-10-04 12:00:00,25.5,0.3,4.6,132,86,22.9,30.2,1013.6,98,334.0
2025-10-04 13:00:00,25.9,0.1,6.3,125,86,23.4,30.7,1012.5,73,292.0
2025-10-04 14:00:00,26.4,0.2,2.2,125,86,23.8,32.0,1012.3,95,400.0
2025-10-04 15:00:00,26.0,0.3,8.5,270,86,23.4,30.4,1012.0,92,273.0
2025-10-04 16:00:00,25.9,0.2,12.0,262,85,23.1,29.7,1011.9,78,227.0
2025-10-04 17:00:00,25.6,0.0,9.5,255,85,22.9,29.7,1012.2,46,162.0
2025-10-04 18:00:00,25.1,0.0,8.0,250,88,23.0,29.5,1012.4,91,29.0
2025-10-04 19:00:00,24.6,0.1,5.4,268,91,23.0,29.4,1012.8,89,0.0
2025-10-04 20:00:00,24.4,0.0,3.8,287,92,23.0,29.4,1013.2,100,0.0
2025-10-04 21:00:00,24.2,0.0,5.4,278,95,23.4,29.1,1013.3,100,0.0
2025-10-04 22:00:00,24.1,0.0,4.2,288,96,23.5,29.3,1013.2,88,0.0
2025-10-04 23:00:00,23.6,0.0,4.4,328,97,23.1,28.6,1013.3,33,0.0
2025-10-05 00:00:00,23.2,0.0,6.2,350,97,22.7,27.7,1013.3,22,0.0
2025-10-05 01:00:00,22.8,0.0,5.1,6,97,22.2,27.1,1012.9,47,0.0
2025-10-05 02:00:00,22.4,0.0,4.0,352,96,21.8,26.6,1012.8,75,0.0
2025-10-05 03:00:00,22.1,0.0,5.1,352,97,21.6,26.1,1012.7,100,0.0
2025-10-05 04:00:00,22.0,0.0,5.7,347,96,21.4,25.7,1012.7,79,0.0
2025-10-05 05:00:00,21.9,0.0,5.7,342,97,21.3,25.6,1013.0,40,0.0
2025-10-05 06:00:00,21.6,0.0,5.1,352,97,21.1,25.3,1013.1,41,0.0
2025-10-05 07:00:00,21.8,0.0,6.7,354,97,21.2,25.3,1013.4,44,27.0
2025-10-05 08:00:00,23.1,0.0,5.9,348,95,22.2,27.3,1013.7,80,177.0
2025-10-05 09:00:00,25.0,0.0,5.0,2,89,23.0,29.8,1014.0,27,288.0
2025-10-05 10:00:00,26.9,0.0,3.9,332,73,21.6,31.0,1013.9,17,518.0
2025-10-05 11:00:00,27.9,0.0,6.5,284,67,21.1,31.9,1013.7,22,635.0
2025-10-05 12:00:00,28.5,0.0,10.7,284,62,20.5,31.8,1013.2,15,666.0
2025-10-05 13:00:00,29.0,0.0,12.8,289,58,20.0,31.7,1012.5,13,674.0
2025-10-05 14:00:00,29.0,0.0,12.2,303,58,19.8,31.4,1011.7,22,626.0
2025-10-05 15:00:00,28.8,0.0,9.4,290,57,19.4,30.9,1011.0,27,509.0
2025-10-05 16:00:00,28.1,0.0,8.6,301,59,19.5,30.5,1010.9,81,367.0
2025-10-05 17:00:00,26.9,0.0,9.7,329,69,20.6,29.6,1011.1,70,186.0
2025-10-05 18:00:00,25.1,0.0,12.2,352,74,20.1,27.3,1011.7,95,39.0
2025-10-05 19:00:00,23.6,0.0,11.7,356,82,20.3,26.0,1012.5,91,0.0
2025-10-05 20:00:00,23.1,0.0,11.2,356,85,20.5,25.6,1012.9,63,0.0
2025-10-05 21:00:00,23.3,0.0,9.4,5,86,20.9,26.2,1013.0,16,0.0
2025-10-05 22:00:00,23.1,0.0,8.3,358,86,20.6,26.1,1013.1,2,0.0
2025-10-05 23:00:00,22.9,0.0,9.9,350,86,20.5,25.5,1013.3,4,0.0
2025-10-06 00:00:00,22.5,0.0,8.9,352,87,20.4,25.3,1013.1,3,0.0
2025-10-06 01:00:00,22.4,0.0,9.0,357,88,20.2,25.0,1013.2,7,0.0
2025-10-06 02:00:00,22.1,0.0,8.7,354,88,20.1,24.8,1013.0,22,0.0
2025-10-06 03:00:00,22.3,0.0,9.4,358,88,20.2,24.9,1012.8,63,0.0
2025-10-06 04:00:00,22.2,0.0,9.2,6,88,20.1,24.8,1012.7,90,0.0
2025-10-06 05:00:00,22.0,0.0,8.2,9,87,19.9,24.6,1013.0,88,0.0
2025-10-06 06:00:00,22.1,0.0,8.0,18,86,19.7,24.7,1013.2,20,0.0
2025-10-06 07:00:00,22.5,0.0,6.1,3,84,19.7,25.3,1014.0,48,21.0
2025-10-06 08:00:00,23.5,0.0,4.5,7,79,19.6,26.6,1014.3,27,129.0
2025-10-06 09:00:00,25.2,0.0,6.7,44,72,19.9,28.1,1014.3,6,333.0
2025-10-06 10:00:00,26.4,0.0,5.1,86,68,20.0,29.5,1014.4,4,521.0
2025-10-06 11:00:00,27.0,0.0,5.4,143,67,20.3,30.7,1014.1,14,637.0
2025-10-06 12:00:00,26.9,0.0,10.2,171,67,20.4,30.2,1013.6,97,680.0
2025-10-06 13:00:00,26.0,0.0,11.9,190,68,19.6,28.0,1012.9,16,525.0
2025-10-06 14:00:00,26.5,0.0,9.3,204,65,19.4,28.8,1012.4,23,586.0
2025-10-06 15:00:00,26.5,0.0,8.0,203,66,19.5,28.9,1012.1,14,490.0
2025-10-06 16:00:00,26.6,0.0,5.5,207,66,19.8,29.5,1012.3,18,351.0
2025-10-06 17:00:00,26.3,0.0,4.2,310,70,20.5,29.8,1012.8,20,188.0
2025-10-06 18:00:00,25.0,0.0,14.1,347,73,19.9,26.7,1013.2,9,36.0
2025-10-06 19:00:00,23.9,0.0,14.2,3,76,19.5,25.4,1013.5,1,0.0
2025-10-06 20:00:00,23.5,0.0,11.5,8,78,19.4,25.4,1014.2,2,0.0
2025-10-06 21:00:00,23.1,0.0,8.2,23,78,19.1,25.4,1014.5,0,0.0
2025-10-06 22:00:00,22.3,0.0,4.3,22,82,19.1,25.1,1014.2,0,0.0
2025-10-06 23:00:00,21.5,0.0,3.1,10,87,19.2,24.6,1014.4,2,0.0
2025-10-07 00:00:00,21.8,0.0,4.9,51,86,19.2,24.5,1014.2,0,0.0
2025-10-07 01:00:00,22.1,0.0,4.3,48,85,19.5,25.1,1013.9,2,0.0
2025-10-07 02:00:00,22.4,0.0,4.9,84,88,20.3,25.7,1013.9,6,0.0
2025-10-07 03:00:00,22.7,0.0,4.8,110,92,21.3,26.5,1013.8,23,0.0
2025-10-07 04:00:00,23.5,0.0,12.8,112,86,20.9,25.9,1013.9,23,0.0
2025-10-07 05:00:00,23.0,0.0,12.7,101,78,18.9,24.4,1014.0,52,0.0
2025-10-07 06:00:00,22.5,0.0,8.7,97,78,18.5,24.4,1014.5,23,0.0
2025-10-07 07:00:00,22.7,0.0,12.2,107,78,18.6,24.1,1014.9,15,25.0
2025-10-07 08:00:00,23.5,0.0,13.3,106,72,18.1,24.6,1015.4,1,173.0
2025-10-07 09:00:00,24.5,0.0,13.3,111,68,18.3,25.6,1015.8,1,359.0
2025-10-07 10:00:00,25.5,0.0,13.3,120,66,18.7,26.7,1015.9,0,523.0
2025-10-07 11:00:00,26.1,0.0,14.8,126,65,19.0,27.8,1015.2,0,649.0
2025-10-07 12:00:00,26.5,0.0,15.6,125,66,19.6,28.7,1014.4,0,718.0
2025-10-07 13:00:00,26.8,0.0,14.3,121,67,20.1,29.6,1013.5,0,721.0
2025-10-07 14:00:00,27.2,0.0,12.7,113,66,20.3,30.0,1012.7,0,662.0
2025-10-07 15:00:00,27.4,0.0,7.8,112,66,20.5,30.4,1012.5,21,545.0
2025-10-07 16:00:00,26.8,0.0,8.3,106,68,20.4,29.6,1012.4,100,293.0
2025-10-07 17:00:00,25.9,0.0,6.7,109,75,21.1,29.4,1012.5,26,117.0
2025-10-07 18:00:00,24.6,0.0,4.0,100,82,21.5,28.7,1012.7,23,31.0
2025-10-07 19:00:00,24.2,0.0,6.2,60,84,21.4,27.9,1013.0,26,0.0
2025-10-07 20:00:00,24.1,0.0,9.3,49,84,21.3,27.3,1013.3,95,0.0
2025-10-07 21:00:00,24.3,0.0,11.6,71,85,21.6,27.3,1013.5,51,0.0
2025-10-07 22:00:00,24.4,0.1,11.3,90,86,21.9,27.6,1013.5,70,0.0
2025-10-07 23:00:00,24.2,0.0,9.6,124,89,22.4,28.0,1013.2,69,0.0
2025-10-08 00:00:00,24.0,0.1,10.5,117,91,22.4,27.6,1013.2,45,0.0
2025-10-08 01:00:00,23.7,0.1,9.6,110,93,22.5,27.5,1012.8,54,0.0
2025-10-08 02:00:00,23.6,0.2,7.9,103,93,22.5,27.7,1012.6,63,0.0
2025-10-08 03:00:00,23.3,0.1,5.6,63,95,22.5,27.7,1012.2,53,0.0
2025-10-08 04:00:00,23.5,0.0,6.6,49,94,22.4,27.6,1011.9,12,0.0
2025-10-08 05:00:00,23.0,0.5,4.6,69,95,22.0,27.2,1012.2,77,0.0
2025-10-08 06:00:00,23.0,0.1,5.0,49,94,22.0,27.2,1012.6,41,0.0
2025-10-08 07:00:00,23.3,0.0,8.3,44,94,22.4,27.2,1012.8,47,20.0
2025-10-08 08:00:00,24.2,0.0,8.8,57,92,22.9,28.3,1013.2,52,118.0
2025-10-08 09:00:00,25.1,0.1,8.7,82,86,22.6,29.1,1013.8,31,239.0
2025-10-08 10:00:00,26.0,0.1,6.3,83,80,22.3,30.2,1013.6,75,319.0
2025-10-08 11:00:00,26.6,0.2,3.4,72,76,22.0,31.0,1013.0,23,416.0
2025-10-08 12:00:00,27.5,0.3,4.0,357,71,21.7,32.2,1012.4,66,639.0
2025-10-08 13:00:00,27.8,0.4,6.5,337,68,21.4,31.5,1011.7,59,560.0
2025-10-08 14:00:00,28.0,0.5,11.1,347,68,21.5,31.2,1011.0,45,572.0
2025-10-08 15:00:00,27.6,0.1,18.5,1,67,21.0,29.3,1010.6,11,490.0
2025-10-08 16:00:00,26.8,0.0,20.4,8,68,20.4,27.9,1010.8,8,354.0
2025-10-08 17:00:00,25.7,0.0,21.3,15,71,20.0,26.5,1011.1,7,182.0
2025-10-08 18:00:00,24.4,0.0,20.3,18,74,19.4,25.0,1011.5,2,31.0
2025-10-08 19:00:00,23.6,0.0,18.1,22,73,18.5,24.1,1011.8,18,0.0
2025-10-08 20:00:00,23.2,0.0,15.9,25,71,17.8,23.7,1012.3,20,0.0
2025-10-08 21:00:00,23.5,0.0,12.5,11,79,19.6,25.4,1012.9,20,0.0
2025-10-08 22:00:00,23.5,0.0,13.8,13,76,19.0,24.8,1013.0,13,0.0
2025-10-08 23:00:00,23.2,0.0,15.7,27,75,18.5,24.1,1013.5,14,0.0
2025-10-09 00:00:00,22.9,0.0,16.8,27,74,18.0,23.3,1013.6,20,0.0
2025-10-09 01:00:00,22.5,0.0,17.6,29,74,17.6,22.7,1013.6,24,0.0
2025-10-09 02:00:00,22.2,0.0,17.6,31,73,17.1,22.2,1013.8,16,0.0
2025-10-09 03:00:00,22.4,0.0,17.8,32,65,15.4,21.6,1014.0,8,0.0
2025-10-09 04:00:00,22.2,0.0,16.3,33,66,15.5,21.7,1014.2,0,0.0
2025-10-09 05:00:00,22.0,0.0,14.4,38,69,16.0,22.0,1014.3,1,0.0
2025-10-09 06:00:00,21.6,0.0,12.7,31,73,16.6,22.0,1014.6,2,0.0
2025-10-09 07:00:00,21.5,0.0,14.9,36,75,17.0,21.8,1015.1,6,24.0
2025-10-09 08:00:00,22.6,0.0,13.6,43,70,16.9,23.0,1015.9,15,171.0
2025-10-09 09:00:00,24.1,0.0,11.6,35,65,17.0,24.9,1015.9,16,346.0
2025-10-09 10:00:00,25.3,0.0,11.5,39,59,16.6,25.9,1016.0,20,491.0
2025-10-09 11:00:00,26.4,0.0,10.1,33,55,16.5,27.6,1015.5,8,635.0
2025-10-09 12:00:00,27.4,0.0,10.1,27,51,16.5,29.2,1015.0,48,723.0
2025-10-09 13:00:00,27.6,0.0,12.8,16,49,15.8,28.6,1014.5,56,704.0
2025-10-09 14:00:00,27.1,0.0,15.1,15,50,15.6,27.3,1014.4,26,648.0
2025-10-09 15:00:00,26.9,0.0,13.8,16,48,14.9,26.5,1013.9,10,540.0
2025-10-09 16:00:00,26.0,0.0,15.0,14,51,15.2,25.6,1014.2,16,379.0
2025-10-09 17:00:00,24.5,0.0,17.1,9,58,15.7,23.9,1014.8,0,187.0
2025-10-09 18:00:00,22.9,0.0,18.3,15,60,14.9,21.8,1015.6,0,31.0
2025-10-09 19:00:00,22.2,0.0,16.2,21,61,14.3,21.2,1016.1,0,0.0
2025-10-09 20:00:00,21.7,0.0,18.4,27,61,13.9,20.3,1016.7,7,0.0
2025-10-09 21:00:00,21.4,0.0,16.1,24,63,14.0,20.3,1017.0,2,0.0
2025-10-09 22:00:00,20.8,0.0,15.1,28,64,13.8,19.8,1017.4,0,0.0
2025-10-09 23:00:00,20.2,0.0,14.0,28,66,13.7,19.4,1017.5,0,0.0
2025-10-10 00:00:00,19.7,0.0,12.7,21,69,13.9,19.1,1017.5,0,0.0
2025-10-10 01:00:00,19.3,0.0,11.7,18,72,14.1,18.9,1017.5,10,0.0
2025-10-10 02:00:00,19.0,0.0,10.0,21,73,14.1,18.8,1017.4,3,0.0
2025-10-10 03:00:00,18.7,0.0,8.9,19,77,14.5,18.9,1017.3,0,0.0
2025-10-10 04:00:00,18.2,0.0,7.9,13,78,14.3,18.5,1017.2,0,0.0
2025-10-10 05:00:00,17.8,0.0,5.6,21,79,14.1,18.3,1017.4,0,0.0
2025-10-10 06:00:00,17.0,0.0,4.1,29,83,14.1,17.8,1017.7,0,0.0
2025-10-10 07:00:00,18.2,0.0,4.0,32,79,14.5,19.1,1017.8,0,24.0
2025-10-10 08:00:00,20.5,0.0,6.0,73,67,14.3,21.1,1017.8,0,175.0
2025-10-10 09:00:00,22.0,0.0,8.9,83,62,14.4,22.1,1017.4,0,368.0
2025-10-10 10:00:00,23.4,0.0,6.9,99,61,15.3,24.1,1017.2,0,536.0
2025-10-10 11:00:00,24.5,0.0,7.7,118,59,16.0,26.1,1016.9,0,664.0
2025-10-10 12:00:00,25.1,0.0,9.6,124,58,16.2,26.9,1016.4,0,729.0
2025-10-10 13:00:00,25.5,0.0,9.2,123,56,16.1,27.3,1016.0,0,731.0
2025-10-10 14:00:00,25.6,0.0,9.3,131,57,16.4,27.2,1015.5,0,667.0
2025-10-10 15:00:00,25.3,0.0,11.9,120,60,17.0,26.1,1015.2,0,546.0
2025-10-10 16:00:00,24.9,0.0,11.8,116,63,17.3,25.8,1015.2,0,378.0
2025-10-10 17:00:00,24.4,0.0,8.6,106,68,18.0,26.0,1015.1,0,186.0
2025-10-10 18:00:00,23.5,0.0,6.7,87,72,18.2,25.6,1015.0,0,30.0
2025-10-10 19:00:00,23.2,0.0,7.5,80,71,17.8,25.0,1015.3,0,0.0
2025-10-10 20:00:00,22.3,0.0,6.6,49,75,17.5,24.0,1015.8,0,0.0
2025-10-10 21:00:00,22.1,0.0,7.2,53,79,18.2,24.1,1015.6,0,0.0
2025-10-10 22:00:00,21.2,0.0,5.6,57,82,18.1,23.4,1016.0,0,0.0
2025-10-10 23:00:00,21.2,0.0,7.8,48,81,17.9,22.9,1016.1,0,0.0
2025-10-11 00:00:00,20.9,0.0,7.7,41,80,17.4,22.4,1015.6,0,0.0
2025-10-11 01:00:00,20.8,0.0,6.6,41,78,16.9,22.2,1015.1,0,0.0
2025-10-11 02:00:00,20.8,0.0,6.6,43,76,16.3,22.0,1014.7,0,0.0
2025-10-11 03:00:00,19.4,0.0,4.4,38,83,16.4,21.0,1013.8,0,0.0
2025-10-11 04:00:00,20.2,0.0,5.9,55,76,15.9,21.4,1013.6,0,0.0
2025-10-11 05:00:00,20.7,0.0,8.3,66,73,15.6,21.4,1013.7,0,0.0
2025-10-11 06:00:00,21.1,0.0,9.4,77,73,16.1,21.8,1013.8,0,0.0
2025-10-11 07:00:00,21.2,0.0,9.9,81,76,16.8,22.2,1013.9,0,22.0
2025-10-11 08:00:00,22.4,0.0,8.0,74,75,17.6,23.9,1014.0,0,166.0
2025-10-11 09:00:00,24.0,0.0,9.1,99,71,18.4,25.7,1014.0,2,341.0
2025-10-11 10:00:00,25.1,0.0,11.7,119,70,19.2,26.9,1013.6,0,514.0
2025-10-11 11:00:00,26.1,0.0,14.6,122,67,19.5,28.0,1013.2,4,638.0
2025-10-11 12:00:00,26.9,0.0,13.1,124,65,19.6,29.4,1011.9,5,689.0
2025-10-11 13:00:00,27.5,0.0,9.7,115,64,20.1,30.8,1010.9,7,695.0
2025-10-11 14:00:00,27.5,0.0,11.4,119,65,20.4,30.4,1010.6,16,651.0
2025-10-11 15:00:00,27.3,0.0,12.9,110,67,20.5,29.6,1010.1,17,529.0
2025-10-11 16:00:00,26.9,0.0,10.3,83,70,20.9,29.7,1010.1,15,357.0
2025-10-11 17:00:00,26.0,0.0,9.2,88,75,21.2,29.1,1010.3,3,170.0
2025-10-11 18:00:00,24.5,0.0,7.4,84,83,21.5,28.0,1010.4,2,26.0
2025-10-11 19:00:00,24.4,0.0,9.0,110,84,21.5,27.7,1011.3,9,0.0
2025-10-11 20:00:00,24.4,0.0,6.7,87,84,21.5,28.0,1011.2,0,0.0
2025-10-11 21:00:00,24.2,0.0,7.6,78,87,21.9,28.0,1010.8,0,0.0
2025-10-11 22:00:00,24.0,0.0,6.5,77,89,22.0,28.0,1010.7,2,0.0
2025-10-11 23:00:00,24.0,0.0,5.8,83,91,22.4,28.3,1010.7,4,0.0
2025-10-12 00:00:00,23.5,0.0,3.7,76,93,22.2,27.9,1010.4,1,0.0
2025-10-12 01:00:00,23.5,0.0,4.1,67,93,22.3,28.0,1010.0,0,0.0
2025-10-12 02:00:00,22.7,0.0,3.1,36,94,21.6,27.0,1009.9,0,0.0
2025-10-12 03:00:00,22.9,0.0,5.1,48,93,21.6,26.8,1009.8,2,0.0
2025-10-12 04:00:00,22.9,0.0,5.6,63,92,21.6,26.8,1009.7,1,0.0
2025-10-12 05:00:00,22.8,0.0,5.7,37,92,21.4,26.5,1009.8,2,0.0
2025-10-12 06:00:00,21.9,0.0,7.0,4,93,20.8,25.1,1010.0,2,0.0
2025-10-12 07:00:00,22.0,0.0,7.6,357,92,20.7,25.2,1010.5,5,21.0
2025-10-12 08:00:00,24.1,0.0,5.2,360,87,21.8,28.1,1011.0,1,163.0
2025-10-12 09:00:00,25.9,0.0,2.3,337,81,22.4,30.6,1011.2,11,348.0
2025-10-12 10:00:00,27.5,0.0,3.4,252,75,22.6,32.2,1011.2,59,485.0
2025-10-12 11:00:00,27.8,0.1,6.7,239,75,22.9,32.2,1011.2,33,511.0
2025-10-12 12:00:00,28.4,0.3,7.3,250,74,23.2,33.6,1010.7,22,647.0
2025-10-12 13:00:00,29.1,0.2,7.9,286,68,22.7,34.0,1010.0,8,657.0
2025-10-12 14:00:00,29.1,0.0,15.4,342,59,20.1,31.1,1009.6,12,613.0
2025-10-12 15:00:00,28.5,0.0,15.8,349,60,20.0,30.0,1009.8,3,528.0
2025-10-12 16:00:00,27.4,0.0,15.6,353,65,20.1,29.0,1010.0,0,362.0
2025-10-12 17:00:00,26.2,0.0,13.9,350,71,20.5,28.3,1010.6,11,172.0
2025-10-12 18:00:00,24.9,0.0,12.7,349,79,20.9,27.3,1011.0,7,23.0
2025-10-12 19:00:00,23.9,0.0,12.6,347,85,21.1,26.4,1011.5,13,0.0
2025-10-12 20:00:00,23.5,0.0,11.1,333,86,20.9,26.2,1012.0,4,0.0
2025-10-12 21:00:00,23.6,0.0,12.7,325,85,21.0,26.2,1012.4,8,0.0
2025-10-12 22:00:00,23.5,0.0,12.4,329,85,20.8,26.0,1012.6,14,0.0
2025-10-12 23:00:00,23.1,0.0,12.0,330,85,20.5,25.4,1012.8,34,0.0
2025-10-13 00:00:00,22.9,0.0,9.7,332,85,20.1,25.4,1012.7,5,0.0
2025-10-13 01:00:00,22.5,0.0,7.5,323,86,20.0,25.4,1012.6,4,0.0
2025-10-13 02:00:00,22.2,0.0,7.0,318,87,20.0,25.0,1012.7,6,0.0
2025-10-13 03:00:00,22.6,0.0,8.2,311,87,20.2,25.4,1012.6,26,0.0
2025-10-13 04:00:00,22.5,0.0,7.1,317,86,20.1,25.4,1012.6,2,0.0
2025-10-13 05:00:00,22.1,0.0,7.7,321,87,19.9,24.8,1013.1,5,0.0
2025-10-13 06:00:00,21.9,0.0,8.0,314,88,19.9,24.5,1013.7,27,0.0
2025-10-13 07:00:00,22.1,0.0,6.4,324,88,20.0,25.0,1014.1,1,18.0
2025-10-13 08:00:00,23.4,0.0,6.0,319,82,20.1,26.5,1014.8,2,159.0
2025-10-13 09:00:00,25.0,0.0,7.2,297,77,20.8,28.3,1014.8,16,345.0
2025-10-13 10:00:00,26.4,0.0,8.7,283,69,20.4,29.2,1014.7,62,464.0
2025-10-13 11:00:00,27.4,0.0,9.6,278,65,20.2,30.0,1014.5,75,567.0
2025-10-13 12:00:00,28.0,0.0,10.9,278,62,20.0,30.5,1013.9,59,587.0
2025-10-13 13:00:00,28.4,0.0,12.3,277,60,20.0,30.5,1013.4,75,560.0
2025-10-13 14:00:00,28.5,0.0,12.0,277,60,20.0,30.5,1013.1,10,454.0
2025-10-13 15:00:00,28.6,0.0,12.2,253,60,20.2,30.8,1012.8,7,480.0
2025-10-13 16:00:00,28.3,0.0,12.0,258,59,19.6,30.2,1012.9,0,353.0
2025-10-13 17:00:00,27.3,0.0,12.2,278,63,19.6,29.2,1013.2,0,169.0
2025-10-13 18:00:00,25.5,0.0,13.3,306,73,20.3,27.5,1013.7,0,23.0
2025-10-13 19:00:00,24.2,0.0,11.0,342,80,20.6,26.8,1014.1,0,0.0
2025-10-13 20:00:00,23.1,0.0,10.1,357,86,20.6,25.8,1014.4,0,0.0
2025-10-13 21:00:00,22.9,0.0,7.8,5,86,20.4,25.8,1014.7,5,0.0
2025-10-13 22:00:00,22.5,0.0,3.9,24,86,20.0,25.8,1014.7,1,0.0
2025-10-13 23:00:00,21.9,0.0,3.2,360,90,20.0,25.3,1014.8,8,0.0
2025-10-14 00:00:00,21.5,0.0,1.6,6,91,19.9,25.0,1014.5,1,0.0
2025-10-14 01:00:00,21.0,0.0,1.8,349,93,19.8,24.5,1014.6,17,0.0
2025-10-14 02:00:00,20.9,0.0,0.4,27,92,19.6,24.5,1014.4,0,0.0
2025-10-14 03:00:00,21.6,0.0,1.3,8,91,20.1,25.4,1014.1,3,0.0
2025-10-14 04:00:00,21.4,0.0,1.8,37,90,19.6,24.8,1013.8,2,0.0
2025-10-14 05:00:00,21.3,0.0,3.1,31,89,19.5,24.5,1014.1,9,0.0
2025-10-14 06:00:00,21.2,0.0,1.3,74,89,19.4,24.6,1014.3,7,0.0
2025-10-14 07:00:00,22.2,0.0,4.1,142,87,20.0,25.5,1014.8,45,17.0
2025-10-14 08:00:00,23.6,0.0,5.3,147,90,21.8,27.6,1015.1,52,135.0
2025-10-14 09:00:00,25.2,0.0,8.7,137,82,21.9,28.8,1014.6,49,316.0
2025-10-14 10:00:00,26.5,0.0,9.6,150,75,21.8,29.9,1014.8,34,486.0
2025-10-14 11:00:00,27.4,0.0,8.8,165,68,21.0,30.7,1014.7,28,579.0
2025-10-14 12:00:00,28.1,0.0,8.6,150,65,20.9,31.7,1014.0,28,637.0
2025-10-14 13:00:00,28.5,0.0,7.8,136,64,21.2,32.6,1012.9,99,667.0
2025-10-14 14:00:00,24.1,11.7,13.7,265,90,22.3,27.2,1014.2,50,257.0
2025-10-14 15:00:00,24.6,0.2,11.1,283,83,21.6,27.8,1014.0,99,369.0
2025-10-14 16:00:00,25.0,0.0,15.4,284,82,21.7,27.5,1014.4,86,132.0
2025-10-14 17:00:00,24.6,0.0,13.7,291,84,21.8,27.4,1014.6,51,97.0
2025-10-14 18:00:00,23.9,0.0,11.3,307,86,21.4,26.8,1015.1,76,19.0
2025-10-14 19:00:00,23.4,0.0,9.4,318,87,21.1,26.5,1015.4,100,0.0
2025-10-14 20:00:00,23.2,0.0,7.4,315,87,20.9,26.5,1015.9,100,0.0
2025-10-14 21:00:00,24.0,0.0,12.3,275,87,21.7,27.0,1016.1,92,0.0
2025-10-14 22:00:00,23.1,0.1,12.0,279,87,20.9,25.6,1016.2,100,0.0
2025-10-14 23:00:00,22.6,0.3,10.3,303,91,21.1,25.6,1016.4,67,0.0
2025-10-15 00:00:00,22.5,0.1,9.5,303,94,21.5,25.7,1016.4,63,0.0
2025-10-15 01:00:00,22.4,0.0,8.3,318,94,21.4,25.7,1016.5,47,0.0
2025-10-15 02:00:00,21.9,0.0,8.4,340,95,21.0,25.0,1016.4,24,0.0
2025-10-15 03:00:00,22.0,0.0,16.1,11,93,20.8,23.9,1016.2,24,0.0
2025-10-15 04:00:00,21.5,0.0,15.0,16,90,19.8,23.1,1016.1,9,0.0
2025-10-15 05:00:00,21.2,0.0,12.2,14,86,18.8,22.7,1016.4,6,0.0
2025-10-15 06:00:00,21.0,0.0,12.8,15,83,18.0,22.1,1016.8,10,0.0
2025-10-15 07:00:00,21.1,0.0,10.7,7,82,18.0,22.5,1017.6,32,17.0
2025-10-15 08:00:00,22.5,0.0,9.3,8,78,18.5,24.3,1018.2,12,140.0
2025-10-15 09:00:00,24.2,0.0,8.3,20,78,20.2,27.0,1018.4,30,319.0
2025-10-15 10:00:00,25.9,0.0,4.2,65,70,20.0,29.1,1018.3,43,480.0
2025-10-15 11:00:00,26.7,0.1,5.6,123,65,19.6,29.9,1017.9,56,598.0
2025-10-15 12:00:00,26.6,0.0,9.1,142,66,19.8,29.0,1017.3,97,515.0
2025-10-15 13:00:00,25.9,0.0,10.4,148,71,20.4,28.4,1016.8,52,414.0
2025-10-15 14:00:00,26.4,0.0,8.5,152,68,20.1,29.1,1016.5,66,514.0
2025-10-15 15:00:00,26.5,0.0,5.2,121,68,20.2,29.7,1016.3,9,406.0
2025-10-15 16:00:00,26.5,0.0,5.1,129,68,20.1,29.7,1016.3,9,324.0
2025-10-15 17:00:00,26.0,0.0,5.3,118,70,20.0,29.1,1016.3,5,141.0
2025-10-15 18:00:00,25.0,0.0,4.5,97,77,20.5,28.4,1016.3,7,18.0
2025-10-15 19:00:00,24.0,0.0,3.5,69,83,20.9,27.8,1016.8,1,0.0
2025-10-15 20:00:00,23.6,0.0,5.2,76,85,20.9,27.1,1016.9,8,0.0
2025-10-15 21:00:00,23.5,0.0,6.5,82,85,20.9,26.8,1016.9,1,0.0
2025-10-15 22:00:00,23.6,0.0,7.9,94,85,21.0,26.8,1016.4,1,0.0
2025-10-15 23:00:00,23.6,0.0,8.8,99,86,21.1,26.8,1016.2,9,0.0
2025-10-16 00:00:00,23.6,0.0,12.1,101,86,21.1,26.3,1015.9,16,0.0
2025-10-16 01:00:00,23.5,0.0,12.7,98,86,21.0,26.1,1015.7,19,0.0
2025-10-16 02:00:00,23.5,0.1,11.9,94,88,21.4,26.3,1015.7,61,0.0
2025-10-16 03:00:00,23.2,0.0,9.4,90,91,21.6,26.5,1015.2,58,0.0
2025-10-16 04:00:00,23.0,0.0,8.4,83,93,21.8,26.6,1015.0,100,0.0
2025-10-16 05:00:00,23.2,0.0,8.3,101,92,21.8,26.9,1014.9,98,0.0
2025-10-16 06:00:00,23.3,0.0,8.5,134,93,22.1,27.1,1015.1,100,0.0
2025-10-16 07:00:00,23.6,0.0,6.1,156,93,22.5,28.0,1015.7,100,15.0
2025-10-16 08:00:00,24.6,0.0,6.3,177,89,22.7,29.1,1015.8,100,89.0
2025-10-16 09:00:00,26.1,0.0,9.6,192,79,22.1,29.8,1016.0,100,209.0
2025-10-16 10:00:00,24.3,7.3,13.8,249,88,22.2,27.3,1016.3,100,229.0
2025-10-16 11:00:00,25.6,1.6,9.8,230,85,22.9,29.6,1016.1,100,182.0
2025-10-16 12:00:00,25.8,0.2,13.3,268,81,22.4,29.0,1015.5,100,293.0
2025-10-16 13:00:00,26.0,0.1,9.2,273,80,22.3,29.7,1014.8,100,276.0
2025-10-16 14:00:00,25.2,0.5,14.4,272,86,22.7,28.5,1014.5,100,238.0
2025-10-16 15:00:00,25.1,1.1,18.5,285,85,22.4,27.6,1014.6,100,153.0
2025-10-16 16:00:00,23.8,0.7,19.4,291,91,22.2,26.0,1015.0,100,117.0
2025-10-16 17:00:00,23.8,0.1,12.7,299,90,22.0,26.8,1015.3,100,36.0
2025-10-16 18:00:00,23.6,0.0,11.5,338,90,22.0,26.9,1016.1,100,5.0
2025-10-16 19:00:00,23.2,0.0,14.0,353,90,21.5,25.8,1016.6,99,0.0
2025-10-16 20:00:00,22.8,0.0,16.2,1,88,20.6,24.6,1017.5,98,0.0
2025-10-16 21:00:00,22.1,0.0,16.4,1,87,19.9,23.5,1018.3,88,0.0
2025-10-16 22:00:00,22.1,0.0,13.9,360,86,19.8,23.9,1019.0,100,0.0
2025-10-16 23:00:00,21.9,0.0,13.5,13,84,19.0,23.3,1019.5,100,0.0
2025-10-17 00:00:00,21.6,0.0,12.3,21,83,18.5,22.9,1019.6,37,0.0
2025-10-17 01:00:00,21.0,0.0,9.7,35,83,18.0,22.5,1020.0,2,0.0
2025-10-17 02:00:00,20.4,0.0,8.8,44,84,17.6,21.9,1020.0,1,0.0
2025-10-17 03:00:00,20.9,0.0,13.6,35,82,17.6,21.6,1019.8,2,0.0
2025-10-17 04:00:00,20.5,0.0,13.7,28,82,17.2,21.0,1020.0,1,0.0
2025-10-17 05:00:00,20.0,0.0,13.1,16,81,16.6,20.5,1020.5,1,0.0
2025-10-17 06:00:00,19.6,0.0,11.5,11,79,15.9,19.9,1020.9,37,0.0
2025-10-17 07:00:00,19.5,0.0,10.0,9,77,15.3,19.8,1021.4,38,17.0
2025-10-17 08:00:00,21.0,0.0,7.4,18,72,15.8,21.9,1021.6,2,152.0
2025-10-17 09:00:00,23.1,0.0,5.3,78,69,17.0,24.9,1022.0,17,339.0
2025-10-17 10:00:00,24.5,0.0,9.4,88,57,15.4,24.9,1021.5,0,515.0
2025-10-17 11:00:00,25.3,0.0,8.6,102,54,15.3,26.3,1020.9,85,638.0
2025-10-17 12:00:00,25.9,0.0,9.4,114,54,15.9,27.4,1020.1,44,694.0
2025-10-17 13:00:00,26.0,0.0,11.1,136,54,16.0,27.3,1019.0,2,705.0
2025-10-17 14:00:00,25.8,0.0,12.4,137,55,16.0,26.6,1018.1,16,648.0
2025-10-17 15:00:00,25.6,0.0,12.2,133,56,16.1,26.0,1018.0,14,516.0
2025-10-17 16:00:00,25.1,0.0,12.1,127,57,16.1,25.5,1017.9,2,350.0
2025-10-17 17:00:00,24.2,0.0,11.9,122,62,16.6,24.8,1018.2,0,161.0
2025-10-17 18:00:00,23.5,0.0,14.1,115,66,16.9,23.9,1018.2,0,18.0
2025-10-17 19:00:00,23.5,0.0,13.8,103,68,17.2,24.0,1018.7,0,0.0
2025-10-17 20:00:00,22.9,0.0,14.1,92,73,17.8,23.6,1018.9,1,0.0
2025-10-17 21:00:00,23.1,0.0,15.2,103,79,19.2,24.4,1019.0,17,0.0
2025-10-17 22:00:00,23.8,0.0,19.5,130,77,19.6,24.6,1018.7,27,0.0
2025-10-17 23:00:00,24.1,0.0,20.8,143,78,20.0,24.9,1018.2,67,0.0
2025-10-18 00:00:00,24.3,0.0,21.0,149,77,20.0,25.1,1017.8,35,0.0
2025-10-18 01:00:00,24.4,0.0,22.0,154,75,19.7,24.9,1017.4,39,0.0
2025-10-18 02:00:00,24.4,0.0,21.1,156,74,19.5,24.9,1016.8,34,0.0
2025-10-18 03:00:00,24.1,0.0,16.7,154,77,19.8,25.5,1016.4,19,0.0
2025-10-18 04:00:00,24.0,0.0,14.0,151,78,20.0,25.8,1015.9,23,0.0
2025-10-18 05:00:00,23.9,0.0,13.4,143,79,20.0,25.8,1015.9,62,0.0
2025-10-18 06:00:00,23.5,0.0,10.6,125,82,20.2,25.9,1016.1,31,0.0
2025-10-18 07:00:00,23.5,0.0,10.2,114,84,20.6,26.3,1016.3,41,15.0
2025-10-18 08:00:00,24.7,0.0,11.4,121,78,20.5,27.2,1016.3,24,112.0
2025-10-18 09:00:00,24.9,0.0,7.9,129,78,20.8,28.0,1017.0,98,299.0
2025-10-18 10:00:00,25.0,0.2,5.7,114,77,20.6,28.3,1016.7,95,167.0
2025-10-18 11:00:00,25.4,0.1,5.8,146,73,20.1,28.4,1016.5,98,237.0
2025-10-18 12:00:00,24.0,0.1,11.2,174,79,20.2,26.4,1016.1,66,175.0
2025-10-18 13:00:00,25.4,0.3,7.7,177,75,20.6,28.4,1015.3,64,482.0
2025-10-18 14:00:00,25.8,0.7,7.7,183,77,21.4,29.3,1014.8,80,466.0
2025-10-18 15:00:00,25.3,0.4,14.4,266,76,20.8,27.5,1015.6,75,265.0
2025-10-18 16:00:00,24.1,0.9,13.0,287,89,22.1,27.2,1016.0,42,231.0
2025-10-18 17:00:00,24.0,0.1,11.1,347,86,21.5,27.0,1016.4,36,114.0
2025-10-18 18:00:00,22.6,0.0,13.8,9,88,20.5,24.7,1016.7,23,14.0
2025-10-18 19:00:00,22.0,0.0,13.2,10,87,19.8,23.8,1017.1,100,0.0
2025-10-18 20:00:00,22.1,0.0,13.8,22,85,19.5,23.7,1017.4,100,0.0
2025-10-18 21:00:00,22.6,0.0,12.8,10,84,19.8,24.5,1017.9,99,0.0
2025-10-18 22:00:00,22.6,0.0,14.1,10,83,19.6,24.2,1017.9,100,0.0
2025-10-18 23:00:00,22.0,0.1,16.3,16,83,19.0,23.0,1018.2,100,0.0
2025-10-19 00:00:00,21.6,0.2,17.7,20,83,18.5,22.2,1018.5,100,0.0
2025-10-19 01:00:00,21.1,0.3,19.6,27,84,18.4,21.3,1018.5,100,0.0
2025-10-19 02:00:00,20.3,1.6,18.6,34,88,18.3,20.6,1018.4,70,0.0
2025-10-19 03:00:00,20.2,0.2,17.9,30,89,18.2,20.6,1018.6,100,0.0
2025-10-19 04:00:00,20.3,0.1,17.3,28,82,17.2,20.3,1018.6,100,0.0
2025-10-19 05:00:00,19.6,1.1,15.7,25,86,17.1,19.9,1018.7,100,0.0
2025-10-19 06:00:00,19.3,0.5,13.1,18,85,16.8,19.8,1019.0,99,0.0
2025-10-19 07:00:00,19.5,0.0,12.6,27,82,16.4,19.9,1019.3,100,8.0
2025-10-19 08:00:00,20.2,0.0,11.3,33,77,16.1,20.6,1019.7,72,70.0
2025-10-19 09:00:00,21.1,0.0,6.1,2,80,17.5,22.9,1020.0,100,248.0
2025-10-19 10:00:00,21.9,0.1,4.6,51,76,17.5,23.9,1019.7,92,195.0
2025-10-19 11:00:00,23.2,0.0,4.1,124,68,17.0,25.1,1019.9,100,422.0
2025-10-19 12:00:00,23.1,0.1,2.7,37,70,17.3,25.4,1018.7,93,222.0
2025-10-19 13:00:00,24.8,0.0,2.7,152,65,17.7,27.1,1017.7,98,526.0
2025-10-19 14:00:00,24.8,0.0,0.8,207,64,17.6,27.4,1017.2,100,393.0
2025-10-19 15:00:00,23.3,0.0,3.9,208,74,18.4,25.8,1017.4,100,336.0
2025-10-19 16:00:00,23.1,0.0,3.3,241,74,18.2,25.6,1017.6,100,97.0
2025-10-19 17:00:00,23.0,0.0,6.3,329,73,17.9,24.9,1017.6,100,54.0
2025-10-19 18:00:00,22.0,0.0,11.4,345,75,17.4,23.0,1018.4,100,8.0
2025-10-19 19:00:00,21.0,0.4,15.2,5,80,17.5,21.5,1018.9,100,0.0
2025-10-19 20:00:00,20.5,1.2,14.6,1,85,17.9,21.3,1019.5,100,0.0
2025-10-19 21:00:00,20.6,0.4,12.8,6,84,17.9,21.6,1019.9,100,0.0
2025-10-19 22:00:00,20.2,0.3,12.8,3,86,17.9,21.3,1019.8,100,0.0
2025-10-19 23:00:00,19.5,1.1,10.0,20,92,18.2,21.1,1019.5,100,0.0
2025-10-20 00:00:00,19.6,0.2,9.4,36,90,18.0,21.1,1019.0,100,0.0
2025-10-20 01:00:00,19.5,0.0,8.7,7,90,17.8,21.0,1019.1,99,0.0
2025-10-20 02:00:00,19.5,0.0,10.0,13,88,17.5,20.7,1018.8,100,0.0
2025-10-20 03:00:00,19.6,0.0,10.9,351,89,17.8,20.8,1019.1,99,0.0
2025-10-20 04:00:00,19.6,0.0,7.7,357,88,17.6,21.2,1019.0,100,0.0
2025-10-20 05:00:00,20.0,0.0,8.5,348,85,17.5,21.5,1019.3,99,0.0
2025-10-20 06:00:00,20.1,0.0,13.2,354,77,16.0,20.2,1019.7,84,0.0
2025-10-20 07:00:00,20.1,0.0,13.7,359,68,14.0,19.4,1020.4,100,10.0
2025-10-20 08:00:00,20.6,0.0,13.5,10,65,13.9,19.9,1020.5,100,52.0
2025-10-20 09:00:00,20.9,0.0,10.4,10,69,15.0,21.1,1021.3,100,225.0
2025-10-20 10:00:00,22.2,0.0,13.3,21,60,14.1,21.6,1020.8,8,289.0
2025-10-20 11:00:00,23.3,0.0,13.9,17,56,13.9,22.6,1020.4,5,558.0
2025-10-20 12:00:00,24.2,0.0,13.3,10,51,13.6,24.1,1020.2,9,679.0
2025-10-20 13:00:00,24.5,0.0,12.6,9,49,13.1,24.3,1019.5,97,657.0
2025-10-20 14:00:00,24.0,0.0,13.3,358,50,12.9,22.9,1019.2,68,412.0
2025-10-20 15:00:00,23.4,0.0,15.8,359,55,13.9,22.3,1019.6,15,371.0
2025-10-20 16:00:00,21.8,0.0,19.5,356,64,14.6,20.4,1019.9,9,310.0
2025-10-20 17:00:00,20.4,0.0,17.8,2,69,14.6,19.3,1020.1,32,142.0
2025-10-20 18:00:00,19.2,0.0,18.0,7,74,14.5,18.1,1020.3,65,13.0
2025-10-20 19:00:00,18.6,0.0,18.5,19,75,14.1,17.3,1020.7,12,0.0
2025-10-20 20:00:00,18.0,0.0,19.0,26,75,13.5,16.4,1020.9,63,0.0
2025-10-20 21:00:00,18.4,0.0,22.9,21,75,13.8,16.3,1021.6,84,0.0
2025-10-20 22:00:00,18.1,0.0,21.8,22,73,13.1,15.9,1021.6,98,0.0
2025-10-20 23:00:00,17.6,0.0,19.8,24,73,12.6,15.5,1021.8,98,0.0
2025-10-21 00:00:00,17.0,0.0,18.2,23,73,12.1,14.9,1021.9,98,0.0
2025-10-21 01:00:00,16.5,0.0,14.8,30,74,11.8,15.0,1022.1,100,0.0
2025-10-21 02:00:00,16.4,0.0,11.2,21,73,11.6,15.2,1022.4,96,0.0
2025-10-21 03:00:00,16.9,0.0,15.3,22,71,11.6,15.1,1022.6,100,0.0
2025-10-21 04:00:00,17.2,0.0,14.4,22,68,11.3,15.6,1022.5,100,0.0
2025-10-21 05:00:00,17.2,0.0,13.6,20,67,11.1,15.5,1022.4,100,0.0
2025-10-21 06:00:00,17.1,0.0,11.4,21,68,11.1,15.8,1022.8,100,0.0
2025-10-21 07:00:00,17.2,0.0,10.3,25,67,11.1,16.0,1023.0,100,3.0
2025-10-21 08:00:00,17.9,0.0,8.0,50,64,10.9,16.9,1023.5,100,59.0
2025-10-21 09:00:00,19.0,0.0,10.9,68,58,10.4,17.5,1024.1,99,107.0
2025-10-21 10:00:00,19.8,0.0,10.0,75,54,10.1,18.3,1024.3,100,360.0
2025-10-21 11:00:00,19.4,0.0,10.0,72,56,10.3,18.0,1024.2,96,145.0
2025-10-21 12:00:00,20.8,0.0,12.2,82,50,10.1,19.1,1023.1,55,480.0
2025-10-21 13:00:00,21.5,0.0,10.8,88,49,10.1,19.9,1022.1,96,521.0
2025-10-21 14:00:00,21.5,0.0,9.9,87,47,9.9,20.1,1021.7,98,419.0
2025-10-21 15:00:00,21.1,0.0,6.8,87,52,10.9,20.4,1021.8,100,240.0
2025-10-21 16:00:00,21.0,0.0,6.8,53,55,11.6,20.4,1022.5,100,88.0
2025-10-21 17:00:00,20.4,0.0,8.1,43,59,12.0,19.8,1022.8,85,91.0
2025-10-21 18:00:00,19.2,0.0,9.8,67,64,12.2,18.5,1022.9,100,9.0
2025-10-21 19:00:00,19.0,0.0,14.6,90,59,10.9,17.2,1023.5,68,0.0
2025-10-21 20:00:00,18.3,0.0,16.0,89,60,10.4,16.1,1023.6,97,0.0
2025-10-21 21:00:00,18.4,0.0,15.3,87,56,9.6,16.0,1023.6,99,0.0
2025-10-21 22:00:00,17.9,0.0,13.7,79,55,8.9,15.6,1023.8,70,0.0
2025-10-21 23:00:00,17.4,0.0,10.3,68,56,8.5,15.5,1023.9,92,0.0
2025-10-22 00:00:00,16.9,0.0,7.9,57,60,9.0,15.5,1023.8,100,0.0
2025-10-22 01:00:00,16.8,0.0,10.1,51,61,9.3,15.1,1023.2,100,0.0
2025-10-22 02:00:00,17.2,0.0,11.0,55,57,8.7,15.3,1023.1,100,0.0
2025-10-22 03:00:00,17.0,0.0,11.6,58,55,7.9,14.8,1022.9,100,0.0
2025-10-22 04:00:00,16.8,0.0,11.4,61,57,8.1,14.7,1022.8,100,0.0
2025-10-22 05:00:00,16.9,0.0,12.6,71,56,7.9,14.5,1023.1,100,0.0
2025-10-22 06:00:00,16.9,0.0,13.2,73,54,7.5,14.3,1023.5,100,0.0
2025-10-22 07:00:00,16.7,0.0,13.0,64,55,7.7,14.2,1023.7,100,2.0
2025-10-22 08:00:00,15.9,0.5,12.4,62,65,9.4,13.9,1024.2,100,24.0
2025-10-22 09:00:00,17.1,0.5,15.4,76,56,8.4,14.4,1024.7,100,48.0
2025-10-22 10:00:00,17.3,0.0,14.6,81,56,8.6,14.8,1024.6,100,124.0
2025-10-22 11:00:00,17.5,0.0,15.9,85,55,8.4,14.7,1024.2,100,156.0
2025-10-22 12:00:00,17.6,0.0,15.2,83,53,7.9,14.9,1024.0,100,179.0
2025-10-22 13:00:00,17.5,0.0,14.0,83,51,7.4,14.8,1023.6,100,170.0
2025-10-22 14:00:00,18.1,0.0,12.5,74,50,7.4,15.6,1023.2,100,202.0
2025-10-22 15:00:00,18.0,0.0,12.5,79,50,7.5,15.5,1023.4,100,186.0
2025-10-22 16:00:00,17.9,0.0,14.0,82,51,7.7,15.2,1023.5,99,141.0
2025-10-22 17:00:00,17.4,0.0,13.3,81,53,7.8,14.8,1023.7,100,69.0
2025-10-22 18:00:00,17.3,0.0,13.2,92,54,7.9,14.8,1023.9,100,9.0
2025-10-22 19:00:00,17.0,0.0,10.8,75,58,8.8,15.2,1024.2,97,0.0
2025-10-22 20:00:00,16.4,0.0,9.2,62,63,9.4,14.9,1024.2,100,0.0
2025-10-22 21:00:00,15.8,0.0,11.2,41,63,8.9,13.9,1024.4,69,0.0
2025-10-22 22:00:00,14.5,0.0,5.8,16,70,9.0,13.4,1024.6,59,0.0
2025-10-22 23:00:00,14.2,0.0,8.2,10,70,8.9,12.8,1024.6,0,0.0
2025-10-23 00:00:00,14.1,0.0,10.9,13,71,8.8,12.1,1024.3,0,0.0
2025-10-23 01:00:00,13.9,0.0,10.5,13,70,8.4,12.0,1024.2,3,0.0
2025-10-23 02:00:00,13.8,0.0,11.4,16,68,8.1,11.6,1024.1,4,0.0
2025-10-23 03:00:00,14.1,0.0,12.8,15,67,8.0,11.7,1023.9,0,0.0
2025-10-23 04:00:00,13.9,0.0,11.7,21,66,7.7,11.5,1023.9,0,0.0
2025-10-23 05:00:00,13.6,0.0,11.3,17,67,7.5,11.3,1024.3,1,0.0
2025-10-23 06:00:00,13.4,0.0,10.7,17,67,7.4,11.2,1024.4,1,0.0
2025-10-23 07:00:00,13.5,0.0,9.7,16,68,7.7,11.5,1024.3,1,12.0
2025-10-23 08:00:00,15.6,0.0,8.6,23,63,8.6,13.9,1024.6,0,143.0
2025-10-23 09:00:00,17.8,0.0,12.9,71,55,8.8,15.6,1024.6,1,336.0
2025-10-23 10:00:00,19.5,0.0,12.9,74,51,9.0,17.4,1024.1,0,502.0
2025-10-23 11:00:00,20.9,0.0,13.0,84,47,9.1,19.2,1023.5,0,631.0
2025-10-23 12:00:00,21.6,0.0,14.1,100,44,9.0,20.1,1022.7,0,693.0
2025-10-23 13:00:00,22.0,0.0,13.2,105,43,9.0,20.6,1021.9,0,692.0
2025-10-23 14:00:00,22.4,0.0,12.9,109,42,8.9,20.6,1021.4,0,624.0
2025-10-23 15:00:00,22.0,0.0,10.2,121,45,9.4,20.4,1021.3,2,495.0
2025-10-23 16:00:00,21.8,0.0,9.4,133,46,9.7,20.4,1021.8,20,321.0
2025-10-23 17:00:00,21.0,0.0,4.8,119,54,11.3,20.7,1022.0,67,127.0
2025-10-23 18:00:00,19.4,0.0,5.1,32,62,11.9,19.2,1022.2,43,9.0
2025-10-23 19:00:00,18.6,0.0,5.7,35,64,11.8,18.4,1022.3,66,0.0
2025-10-23 20:00:00,17.3,0.0,4.0,32,71,12.1,17.3,1022.5,9,0.0
2025-10-23 21:00:00,17.5,0.0,7.2,12,72,12.4,17.2,1023.1,49,0.0
2025-10-23 22:00:00,17.4,0.0,8.8,5,73,12.6,16.9,1023.4,94,0.0
2025-10-23 23:00:00,18.2,0.0,8.4,11,68,12.1,17.6,1023.2,96,0.0
2025-10-24 00:00:00,18.3,0.0,10.3,25,65,11.6,17.3,1022.7,100,0.0
2025-10-24 01:00:00,18.4,0.0,8.4,42,63,11.3,17.6,1022.8,100,0.0
2025-10-24 02:00:00,18.1,0.0,8.8,51,64,11.2,17.2,1022.8,89,0.0
2025-10-24 03:00:00,18.2,0.0,9.0,57,63,11.1,17.3,1022.5,5,0.0
2025-10-24 04:00:00,17.4,0.0,10.3,49,60,9.5,15.7,1022.5,16,0.0
2025-10-24 05:00:00,16.9,0.0,11.4,57,54,7.6,14.6,1022.5,0,0.0
2025-10-24 06:00:00,16.4,0.0,11.8,62,54,7.0,13.9,1022.5,1,0.0
2025-10-24 07:00:00,16.0,0.0,12.6,56,55,6.9,13.4,1022.9,0,11.0
2025-10-24 08:00:00,17.1,0.0,12.1,58,52,7.3,14.7,1023.4,0,138.0
2025-10-24 09:00:00,18.6,0.0,7.8,67,50,8.1,17.0,1023.7,0,324.0
2025-10-24 10:00:00,20.2,0.0,10.1,87,48,8.9,18.5,1023.3,0,490.0
2025-10-24 11:00:00,21.7,0.0,10.8,94,42,8.2,20.0,1022.8,0,612.0
2025-10-24 12:00:00,22.4,0.0,8.3,90,40,8.1,21.4,1022.2,0,676.0
2025-10-24 13:00:00,22.8,0.0,8.6,110,38,7.9,21.7,1021.2,0,675.0
2025-10-24 14:00:00,23.0,0.0,11.9,120,37,7.4,20.9,1020.5,0,609.0
2025-10-24 15:00:00,21.8,0.0,13.8,141,46,9.6,19.6,1020.3,1,487.0
2025-10-24 16:00:00,21.5,0.0,12.7,129,45,9.1,19.4,1020.3,0,317.0
2025-10-24 17:00:00,21.1,0.0,10.1,117,46,8.9,19.4,1020.2,0,132.0
2025-10-24 18:00:00,20.5,0.0,9.5,91,49,9.5,19.0,1020.6,0,9.0
2025-10-24 19:00:00,19.5,0.0,9.7,62,57,10.8,18.3,1020.7,0,0.0
2025-10-24 20:00:00,18.9,0.0,9.6,57,60,10.9,17.8,1021.2,0,0.0
2025-10-24 21:00:00,17.4,0.0,7.6,28,78,13.6,17.5,1021.3,0,0.0
2025-10-24 22:00:00,17.8,0.0,10.7,40,70,12.2,16.9,1021.4,0,0.0
2025-10-24 23:00:00,17.9,0.0,11.5,48,63,10.8,16.4,1020.9,1,0.0
2025-10-25 00:00:00,17.8,0.0,12.4,54,61,10.2,16.0,1020.5,4,0.0
2025-10-25 01:00:00,17.6,0.0,13.7,57,60,9.8,15.6,1020.3,11,0.0
2025-10-25 02:00:00,17.3,0.0,14.1,56,61,9.6,15.1,1020.0,20,0.0
2025-10-25 03:00:00,17.2,0.0,13.5,63,61,9.6,15.2,1019.7,36,0.0
2025-10-25 04:00:00,17.3,0.0,12.6,66,62,9.9,15.4,1019.3,99,0.0
2025-10-25 05:00:00,17.8,0.0,12.2,71,61,10.1,16.0,1019.1,100,0.0
2025-10-25 06:00:00,18.0,0.0,12.1,83,62,10.6,16.4,1019.0,50,0.0
2025-10-25 07:00:00,17.9,0.0,13.9,88,67,11.6,16.4,1019.3,100,8.0
2025-10-25 08:00:00,18.4,0.0,15.3,82,64,11.5,16.6,1019.4,100,50.0
2025-10-25 09:00:00,18.1,0.0,6.5,66,73,13.2,18.2,1020.1,100,105.0
2025-10-25 10:00:00,18.8,0.1,5.9,102,73,13.9,19.2,1020.0,100,156.0
2025-10-25 11:00:00,19.0,0.5,4.2,97,76,14.7,20.0,1019.3,100,168.0
2025-10-25 12:00:00,19.4,0.0,3.6,87,76,15.0,20.5,1018.4,100,174.0
2025-10-25 13:00:00,20.6,0.0,2.2,90,70,15.1,22.0,1017.8,100,315.0
2025-10-25 14:00:00,20.6,0.0,2.4,13,70,15.0,22.0,1017.1,100,183.0
2025-10-25 15:00:00,19.0,0.0,3.6,357,83,16.0,20.6,1017.1,100,189.0
2025-10-25 16:00:00,19.2,0.1,3.6,6,82,16.1,20.8,1016.9,100,61.0
2025-10-25 17:00:00,19.2,0.0,3.9,338,83,16.3,20.8,1016.8,28,54.0
2025-10-25 18:00:00,17.7,0.0,3.4,342,92,16.4,19.4,1016.6,28,8.0
2025-10-25 19:00:00,17.4,0.0,3.8,17,93,16.1,18.9,1016.8,100,0.0
2025-10-25 20:00:00,17.6,0.0,4.3,22,89,15.8,19.0,1017.1,96,0.0
2025-10-25 21:00:00,19.0,0.0,5.8,358,85,16.4,20.3,1016.8,95,0.0
2025-10-25 22:00:00,18.8,0.0,6.0,21,82,15.7,19.8,1016.3,95,0.0
2025-10-25 23:00:00,18.4,0.0,4.9,4,82,15.3,19.4,1016.0,73,0.0
2025-10-26 00:00:00,18.0,0.0,4.2,7,82,14.8,19.0,1015.5,62,0.0
2025-10-26 01:00:00,17.7,0.0,5.0,360,81,14.4,18.4,1015.0,100,0.0
2025-10-26 02:00:00,17.6,0.0,6.2,350,79,13.9,18.0,1014.7,100,0.0
2025-10-26 03:00:00,18.0,0.0,9.4,352,76,13.7,17.8,1014.4,100,0.0
2025-10-26 04:00:00,18.0,0.0,11.7,356,76,13.8,17.5,1014.1,100,0.0
2025-10-26 05:00:00,18.1,0.0,11.7,359,76,13.9,17.7,1013.8,100,0.0
2025-10-26 06:00:00,18.1,0.0,9.7,350,77,14.1,18.0,1013.9,99,0.0
2025-10-26 07:00:00,17.6,0.0,8.0,350,81,14.4,17.9,1014.2,75,7.0
2025-10-26 08:00:00,18.8,0.0,6.7,354,77,14.7,19.4,1014.1,96,102.0
2025-10-26 09:00:00,20.0,0.0,5.8,340,73,14.9,20.7,1013.8,27,223.0
2025-10-26 10:00:00,21.5,0.0,8.6,329,65,14.6,21.8,1013.9,91,447.0
2025-10-26 11:00:00,22.6,0.0,10.5,336,57,13.6,22.3,1013.3,77,527.0
2025-10-26 12:00:00,23.2,0.0,12.8,332,51,12.7,22.5,1012.6,54,602.0
2025-10-26 13:00:00,23.0,0.0,16.6,329,50,12.2,21.4,1011.9,71,563.0
2025-10-26 14:00:00,21.8,0.0,15.7,330,58,13.2,20.5,1012.0,93,449.0
2025-10-26 15:00:00,20.2,0.0,14.2,342,66,13.6,19.3,1012.2,41,235.0
2025-10-26 16:00:00,19.8,0.0,14.7,338,69,13.9,18.9,1012.5,59,227.0
2025-10-26 17:00:00,19.0,0.0,14.9,340,73,14.1,18.1,1013.1,100,94.0
2025-10-26 18:00:00,18.2,0.0,15.0,337,79,14.4,17.5,1013.7,48,4.0
2025-10-26 19:00:00,17.6,0.0,15.0,355,80,14.1,16.8,1013.9,41,0.0
2025-10-26 20:00:00,17.5,0.0,14.0,359,80,14.0,16.7,1014.4,58,0.0
2025-10-26 21:00:00,16.9,0.0,11.3,351,85,14.4,16.6,1014.2,63,0.0
2025-10-26 22:00:00,16.8,0.0,12.0,332,84,14.1,16.3,1014.7,41,0.0
2025-10-26 23:00:00,16.4,0.0,10.8,314,86,14.1,16.1,1015.1,31,0.0
2025-10-27 00:00:00,16.4,0.0,11.1,330,82,13.4,15.9,1015.0,57,0.0
2025-10-27 01:00:00,16.1,0.0,8.5,318,83,13.3,16.0,1015.0,16,0.0
2025-10-27 02:00:00,15.8,0.0,9.3,316,85,13.3,15.4,1015.0,20,0.0
2025-10-27 03:00:00,15.5,0.0,8.0,318,85,13.0,15.3,1015.0,15,0.0
2025-10-27 04:00:00,15.3,0.0,8.1,325,86,12.9,15.0,1014.9,19,0.0
2025-10-27 05:00:00,15.9,0.0,15.1,322,77,11.8,14.3,1015.5,44,0.0
2025-10-27 06:00:00,15.9,0.0,12.7,314,74,11.4,14.5,1015.8,9,0.0
2025-10-27 07:00:00,15.9,0.0,13.9,319,69,10.3,14.0,1016.0,4,9.0
2025-10-27 08:00:00,17.4,0.0,13.8,313,62,10.1,15.4,1016.8,20,127.0
2025-10-27 09:00:00,18.6,0.0,17.7,309,56,9.6,16.0,1017.4,19,284.0
2025-10-27 10:00:00,19.4,0.0,19.7,309,52,9.2,16.3,1017.5,9,440.0
2025-10-27 11:00:00,19.7,0.0,21.3,308,49,8.6,16.3,1017.1,18,570.0
2025-10-27 12:00:00,19.4,0.0,21.9,309,49,8.4,16.1,1017.0,9,627.0
2025-10-27 13:00:00,18.8,0.0,22.0,313,51,8.4,15.5,1017.1,23,622.0
2025-10-27 14:00:00,18.0,0.0,22.0,310,46,6.1,13.9,1017.2,5,567.0
2025-10-27 15:00:00,19.8,0.0,19.8,296,41,6.3,16.0,1016.2,11,483.0
2025-10-27 16:00:00,19.0,0.0,19.5,300,42,5.8,15.1,1016.8,0,296.0
2025-10-27 17:00:00,17.7,0.0,18.0,311,48,6.6,14.2,1017.2,19,121.0
2025-10-27 18:00:00,16.4,0.0,16.1,320,52,6.6,13.2,1018.1,19,7.0
2025-10-27 19:00:00,15.4,0.0,13.6,326,53,5.8,12.4,1018.8,2,0.0
2025-10-27 20:00:00,14.5,0.0,12.3,329,52,4.8,11.5,1019.2,0,0.0
2025-10-27 21:00:00,14.1,0.0,12.4,338,51,4.2,10.8,1019.4,0,0.0
2025-10-27 22:00:00,13.7,0.0,12.9,340,51,3.7,10.3,1019.8,2,0.0
2025-10-27 23:00:00,13.8,0.0,17.1,333,49,3.2,9.7,1020.4,8,0.0
2025-10-28 00:00:00,13.5,0.0,15.9,331,50,3.3,9.6,1020.8,10,0.0
2025-10-28 01:00:00,13.1,0.0,15.0,325,54,4.0,9.5,1021.0,9,0.0
2025-10-28 02:00:00,12.9,0.0,15.6,320,56,4.2,9.2,1021.2,2,0.0
2025-10-28 03:00:00,12.9,0.0,15.0,322,58,4.9,9.5,1021.4,9,0.0
2025-10-28 04:00:00,12.6,0.0,13.5,322,60,5.0,9.4,1021.7,26,0.0
2025-10-28 05:00:00,12.4,0.0,12.5,317,62,5.2,9.4,1022.3,34,0.0
2025-10-28 06:00:00,12.4,0.0,14.2,319,61,5.2,9.2,1023.2,13,0.0
2025-10-28 07:00:00,12.5,0.0,14.6,320,59,4.8,9.1,1023.7,23,8.0
2025-10-28 08:00:00,13.6,0.0,13.1,322,51,3.7,10.2,1024.6,27,116.0
2025-10-28 09:00:00,15.1,0.0,14.9,328,43,2.5,11.3,1024.9,50,293.0
2025-10-28 10:00:00,16.2,0.0,13.0,326,38,1.9,12.5,1024.7,9,458.0
2025-10-28 11:00:00,17.3,0.0,11.7,311,36,2.0,14.1,1024.5,4,607.0
2025-10-28 12:00:00,18.1,0.0,12.9,313,32,1.1,15.0,1023.8,56,665.0
2025-10-28 13:00:00,18.2,0.0,13.3,325,31,1.0,14.6,1023.0,28,602.0
2025-10-28 14:00:00,18.2,0.0,12.6,331,32,1.0,14.6,1022.8,30,577.0
2025-10-28 15:00:00,18.1,0.0,11.7,349,33,1.5,14.5,1023.1,64,436.0
2025-10-28 16:00:00,16.9,0.0,14.8,2,37,2.0,12.9,1023.7,80,306.0
2025-10-28 17:00:00,15.6,0.0,14.8,3,41,2.3,11.7,1024.4,45,115.0
2025-10-28 18:00:00,14.4,0.0,14.8,1,48,3.5,10.8,1025.1,88,7.0
2025-10-28 19:00:00,13.9,0.0,13.7,360,50,3.7,10.4,1025.4,0,0.0
2025-10-28 20:00:00,12.8,0.0,9.6,354,54,3.8,9.9,1026.0,0,0.0
2025-10-28 21:00:00,12.1,0.0,10.3,349,63,5.2,9.4,1026.7,0,0.0
2025-10-28 22:00:00,11.6,0.0,8.0,8,61,4.3,9.1,1026.9,0,0.0
2025-10-28 23:00:00,11.3,0.0,8.3,5,59,3.5,8.6,1026.9,0,0.0
2025-10-29 00:00:00,11.4,0.0,9.3,16,57,3.1,8.4,1026.8,0,0.0
2025-10-29 01:00:00,11.4,0.0,11.4,24,58,3.5,8.2,1026.6,0,0.0
2025-10-29 02:00:00,11.4,0.0,12.0,26,59,3.6,8.2,1026.8,0,0.0
2025-10-29 03:00:00,11.4,0.0,14.4,23,59,3.7,7.8,1027.0,0,0.0
2025-10-29 04:00:00,11.0,0.0,14.4,28,60,3.5,7.4,1027.1,0,0.0
2025-10-29 05:00:00,10.8,0.0,14.2,30,60,3.2,7.1,1027.2,0,0.0
2025-10-29 06:00:00,10.5,0.0,13.8,32,61,3.2,6.9,1027.5,0,0.0
2025-10-29 07:00:00,10.4,0.0,12.4,33,61,3.3,7.1,1028.0,0,8.0
2025-10-29 08:00:00,12.1,0.0,10.6,30,56,3.5,9.0,1028.2,0,125.0
2025-10-29 09:00:00,14.4,0.0,8.4,48,45,2.5,11.5,1028.6,0,315.0
2025-10-29 10:00:00,16.1,0.0,10.4,70,36,1.1,12.7,1028.5,0,488.0
2025-10-29 11:00:00,17.2,0.0,8.0,72,35,1.5,14.5,1027.8,0,612.0
2025-10-29 12:00:00,18.0,0.0,6.1,71,34,2.0,16.1,1026.7,0,676.0
2025-10-29 13:00:00,18.8,0.0,4.0,85,33,2.2,17.2,1025.6,0,675.0
2025-10-29 14:00:00,19.2,0.0,3.1,118,32,2.2,17.4,1025.1,0,608.0
2025-10-29 15:00:00,18.9,0.0,5.8,141,33,2.2,16.3,1025.1,0,481.0
2025-10-29 16:00:00,18.5,0.0,5.0,139,34,2.4,16.1,1025.2,0,309.0
2025-10-29 17:00:00,17.2,0.0,0.3,135,51,7.0,16.4,1025.4,0,121.0
2025-10-29 18:00:00,15.7,0.0,7.9,336,48,4.8,13.3,1025.5,0,6.0
2025-10-29 19:00:00,14.5,0.0,14.9,12,56,5.8,11.3,1025.5,0,0.0
2025-10-29 20:00:00,13.6,0.0,12.0,26,58,5.4,10.7,1026.0,0,0.0
2025-10-29 21:00:00,13.1,0.0,11.9,23,63,6.2,10.3,1026.3,0,0.0
2025-10-29 22:00:00,12.6,0.0,11.8,23,64,6.1,9.9,1026.5,0,0.0
2025-10-29 23:00:00,12.9,0.0,11.2,22,61,5.7,10.2,1026.1,2,0.0
2025-10-30 00:00:00,12.8,0.0,10.2,23,60,5.2,10.1,1025.6,0,0.0
2025-10-30 01:00:00,12.4,0.0,10.2,23,59,4.7,9.6,1025.4,0,0.0
2025-10-30 02:00:00,12.4,0.0,10.2,34,59,4.5,9.6,1025.3,13,0.0
2025-10-30 03:00:00,11.7,0.0,8.9,27,62,4.8,9.1,1025.3,0,0.0
2025-10-30 04:00:00,10.6,0.0,10.2,30,67,4.7,7.9,1025.2,84,0.0
2025-10-30 05:00:00,10.6,0.0,8.2,33,65,4.4,8.1,1025.7,100,0.0
2025-10-30 06:00:00,10.9,0.0,12.6,37,64,4.4,7.7,1025.6,100,0.0
2025-10-30 07:00:00,11.1,0.0,9.8,36,63,4.4,8.3,1025.9,100,7.0
2025-10-30 08:00:00,13.1,0.0,11.2,44,59,5.2,10.2,1026.1,96,113.0
2025-10-30 09:00:00,16.1,0.0,11.5,56,55,7.1,13.7,1026.1,99,280.0
2025-10-30 10:00:00,17.6,0.0,9.5,88,58,9.1,16.0,1026.1,87,421.0
2025-10-30 11:00:00,18.5,0.0,10.7,98,60,10.6,17.2,1025.1,100,524.0
2025-10-30 12:00:00,19.2,0.0,10.2,111,59,10.9,18.3,1024.2,23,600.0
2025-10-30 13:00:00,19.8,0.0,8.5,111,56,10.8,19.3,1023.1,98,633.0
2025-10-30 14:00:00,19.8,0.0,6.7,109,55,10.6,19.0,1022.4,100,519.0
2025-10-30 15:00:00,19.8,0.0,8.6,98,57,11.0,18.9,1021.9,99,340.0
2025-10-30 16:00:00,19.6,0.0,8.3,89,56,10.6,18.6,1021.8,100,235.0
2025-10-30 17:00:00,18.6,0.0,6.3,97,60,10.8,18.0,1022.0,100,97.0
2025-10-30 18:00:00,18.3,0.0,6.9,110,64,11.3,17.7,1022.1,100,4.0
2025-10-30 19:00:00,18.5,0.0,6.3,72,64,11.5,18.0,1022.2,100,0.0
2025-10-30 20:00:00,17.6,0.0,7.9,45,69,11.8,17.0,1021.8,100,0.0
2025-10-30 21:00:00,18.1,0.0,9.1,54,66,11.7,17.3,1021.8,100,0.0
2025-10-30 22:00:00,17.4,0.0,10.3,44,65,10.9,16.2,1021.7,100,0.0
2025-10-30 23:00:00,17.0,0.0,10.7,46,59,9.1,15.2,1021.2,100,0.0
2025-10-31 00:00:00,17.0,0.0,9.8,43,56,8.1,15.1,1020.9,100,0.0
2025-10-31 01:00:00,16.8,0.0,10.3,33,55,7.8,14.7,1020.1,100,0.0
2025-10-31 02:00:00,17.0,0.0,8.1,62,54,7.7,15.3,1019.9,100,0.0
2025-10-31 03:00:00,17.1,0.0,10.1,49,55,8.1,15.2,1018.9,100,0.0
2025-10-31 04:00:00,17.0,0.0,7.9,39,55,7.8,15.2,1018.1,100,0.0
2025-10-31 05:00:00,16.5,0.0,7.8,37,57,7.9,14.9,1018.1,100,0.0
2025-10-31 06:00:00,16.4,0.2,8.5,61,59,8.4,14.7,1018.6,100,0.0
2025-10-31 07:00:00,15.6,0.3,9.8,59,71,10.3,14.2,1017.7,100,1.0
2025-10-31 08:00:00,14.4,1.1,6.5,66,88,12.5,14.3,1018.0,100,14.0
2025-10-31 09:00:00,15.2,1.6,16.0,99,93,14.1,14.3,1018.1,100,33.0
2025-10-31 10:00:00,15.1,1.2,17.2,85,93,14.1,14.0,1018.0,100,38.0
2025-10-31 11:00:00,15.1,1.3,17.1,89,93,13.9,13.8,1016.7,100,56.0
2025-10-31 12:00:00,15.1,1.6,19.2,85,93,14.0,13.6,1015.6,100,97.0
2025-10-31 13:00:00,14.9,1.4,15.9,76,94,13.9,13.9,1014.1,100,94.0
2025-10-31 14:00:00,14.9,0.6,11.7,65,94,13.9,14.5,1012.9,100,90.0
2025-10-31 15:00:00,15.6,0.2,11.6,69,92,14.2,15.3,1012.3,100,86.0
2025-10-31 16:00:00,15.9,0.0,11.8,73,85,13.2,15.2,1012.2,100,122.0
2025-10-31 17:00:00,15.6,0.0,8.2,50,85,13.0,15.3,1011.9,100,47.0
2025-10-31 18:00:00,15.0,0.0,7.3,350,90,13.3,15.0,1012.0,21,3.0
2025-10-31 19:00:00,14.6,0.0,8.1,331,92,13.4,14.5,1012.1,16,0.0
2025-10-31 20:00:00,14.0,0.0,5.1,324,93,12.9,14.2,1011.8,20,0.0
2025-10-31 21:00:00,14.8,0.0,4.9,278,94,13.9,15.3,1011.8,34,0.0
2025-10-31 22:00:00,15.4,0.0,7.1,291,90,13.9,15.7,1011.6,52,0.0
2025-10-31 23:00:00,15.1,0.0,8.4,304,91,13.7,15.1,1011.1,30,0.0
2025-11-01 00:00:00,15.1,0.1,11.8,295,91,13.6,14.5,1010.9,76,0.0
2025-11-01 01:00:00,15.1,0.0,10.8,313,92,13.8,14.7,1010.0,14,0.0
2025-11-01 02:00:00,14.6,0.0,9.8,317,93,13.4,14.2,1009.7,42,0.0
2025-11-01 03:00:00,15.0,0.1,13.2,287,95,14.1,14.4,1009.5,45,0.0
2025-11-01 04:00:00,15.1,0.0,17.5,280,95,14.3,14.0,1009.5,52,0.0
2025-11-01 05:00:00,15.1,0.0,13.4,277,92,13.9,14.5,1009.6,74,0.0
2025-11-01 06:00:00,15.4,0.0,17.1,268,92,14.2,14.3,1010.1,67,0.0
2025-11-01 07:00:00,15.5,0.0,14.8,271,93,14.4,14.8,1010.2,83,5.0
2025-11-01 08:00:00,15.7,0.1,20.4,282,80,12.2,13.4,1010.6,29,73.0
2025-11-01 09:00:00,17.8,0.0,17.3,262,75,13.2,16.3,1011.1,11,271.0
2025-11-01 10:00:00,19.7,0.0,19.9,282,52,9.6,16.7,1010.7,9,436.0
2025-11-01 11:00:00,20.3,0.0,25.4,292,47,8.8,16.3,1010.8,15,536.0
2025-11-01 12:00:00,20.2,0.0,25.5,295,47,8.4,16.3,1010.7,18,596.0
2025-11-01 13:00:00,19.9,0.0,25.4,297,49,9.0,16.0,1010.3,26,574.0
2025-11-01 14:00:00,19.6,0.0,24.2,296,51,9.2,15.9,1010.4,19,531.0
2025-11-01 15:00:00,19.6,0.0,23.2,290,50,9.0,15.9,1010.6,19,422.0
2025-11-01 16:00:00,19.0,0.0,21.0,291,51,8.6,15.6,1011.3,9,273.0
2025-11-01 17:00:00,17.9,0.0,18.0,295,52,7.8,14.6,1012.0,7,107.0
2025-11-01 18:00:00,16.8,0.0,14.6,296,59,8.6,14.3,1012.8,17,4.0
2025-11-01 19:00:00,16.0,0.0,11.4,309,65,9.4,14.2,1013.3,33,0.0
2025-11-01 20:00:00,14.4,0.0,2.9,330,75,9.9,13.9,1013.3,54,0.0
2025-11-01 21:00:00,16.8,0.0,12.5,229,68,10.8,15.2,1014.1,100,0.0
2025-11-01 22:00:00,17.1,0.0,17.7,229,65,10.4,14.7,1014.4,50,0.0
2025-11-01 23:00:00,17.0,0.0,18.4,229,67,10.8,14.6,1014.6,40,0.0
2025-11-02 00:00:00,16.9,0.0,16.5,237,67,10.8,14.7,1014.7,100,0.0
2025-11-02 01:00:00,16.4,0.0,13.4,239,71,11.1,14.7,1014.5,100,0.0
2025-11-02 02:00:00,16.3,0.0,13.3,260,75,11.8,14.9,1014.7,100,0.0
2025-11-02 03:00:00,16.5,0.0,15.7,276,70,11.1,14.5,1014.7,100,0.0
2025-11-02 04:00:00,16.6,0.0,14.4,279,65,9.9,14.5,1014.7,100,0.0
2025-11-02 05:00:00,16.6,0.0,14.7,288,63,9.4,14.3,1014.9,100,0.0
2025-11-02 06:00:00,16.5,0.0,16.8,289,61,9.0,13.8,1015.2,100,0.0
2025-11-02 07:00:00,16.2,0.0,16.7,295,61,8.8,13.5,1015.6,99,5.0
2025-11-02 08:00:00,17.0,0.0,15.5,295,56,8.2,14.3,1016.2,99,92.0
2025-11-02 09:00:00,18.5,0.0,17.0,287,52,8.4,15.6,1016.9,43,240.0
2025-11-02 10:00:00,19.2,0.0,25.2,279,46,7.3,14.9,1016.7,29,318.0
2025-11-02 11:00:00,19.7,0.0,24.9,278,45,7.4,15.4,1016.4,30,528.0
2025-11-02 12:00:00,20.1,0.0,23.5,274,42,6.8,15.9,1015.7,50,510.0
2025-11-02 13:00:00,19.5,0.0,23.4,295,46,7.6,15.4,1015.1,43,496.0
2025-11-02 14:00:00,19.1,0.0,27.8,278,49,8.0,14.5,1014.9,41,421.0
2025-11-02 15:00:00,19.1,0.0,24.7,271,48,7.8,15.0,1014.6,9,313.0
2025-11-02 16:00:00,19.0,0.0,22.8,280,45,6.8,14.8,1014.7,1,265.0
2025-11-02 17:00:00,17.9,0.0,23.0,282,49,6.9,13.7,1015.2,4,106.0
2025-11-02 18:00:00,17.1,0.0,21.0,282,55,8.1,13.5,1015.7,23,4.0
2025-11-02 19:00:00,17.0,0.0,20.8,282,56,8.1,13.5,1016.3,46,0.0
2025-11-02 20:00:00,16.7,0.0,20.2,287,58,8.3,13.3,1016.7,31,0.0
2025-11-02 21:00:00,17.2,0.0,21.8,269,52,7.2,13.4,1017.1,41,0.0
2025-11-02 22:00:00,17.0,0.0,23.2,272,53,7.3,13.0,1017.6,40,0.0
2025-11-02 23:00:00,16.8,0.0,23.4,292,53,7.2,12.7,1017.8,28,0.0
2025-11-03 00:00:00,15.8,0.0,21.9,302,51,5.5,11.4,1018.3,13,0.0
2025-11-03 01:00:00,14.9,0.0,18.2,309,55,5.9,11.2,1018.7,27,0.0
2025-11-03 02:00:00,13.5,0.0,22.8,327,59,5.6,9.1,1019.7,35,0.0
2025-11-03 03:00:00,13.4,0.0,22.9,323,60,5.8,9.0,1020.4,46,0.0
2025-11-03 04:00:00,12.9,0.0,22.7,322,58,4.8,8.3,1020.9,35,0.0
2025-11-03 05:00:00,11.8,0.0,20.9,326,56,3.3,7.2,1021.9,1,0.0
2025-11-03 06:00:00,11.1,0.0,11.7,308,60,3.5,7.8,1022.4,28,0.0
2025-11-03 07:00:00,11.5,0.0,14.9,329,61,4.2,7.9,1023.1,16,5.0
2025-11-03 08:00:00,13.1,0.0,12.9,313,60,5.6,10.2,1023.7,6,95.0
2025-11-03 09:00:00,14.1,0.0,8.7,346,62,6.9,12.0,1024.8,33,273.0
2025-11-03 10:00:00,15.6,0.0,15.8,19,54,6.2,12.3,1025.0,7,411.0
2025-11-03 11:00:00,16.7,0.0,14.8,26,46,4.9,13.3,1025.1,10,545.0
2025-11-03 12:00:00,17.3,0.0,17.9,24,43,4.5,13.6,1024.8,36,602.0
2025-11-03 13:00:00,17.2,0.0,18.2,23,42,4.3,13.2,1024.2,23,515.0
2025-11-03 14:00:00,17.5,0.0,17.4,23,39,3.5,13.4,1023.8,57,545.0
2025-11-03 15:00:00,16.6,0.0,17.8,30,42,3.8,12.6,1024.2,25,427.0
2025-11-03 16:00:00,16.2,0.0,15.7,28,43,3.7,12.4,1024.5,1,261.0
2025-11-03 17:00:00,15.0,0.0,16.5,22,49,4.4,11.2,1024.7,16,103.0
2025-11-03 18:00:00,14.1,0.0,17.3,20,50,4.0,10.2,1025.0,45,3.0
2025-11-03 19:00:00,13.3,0.0,18.8,29,52,3.7,9.1,1025.3,14,0.0
2025-11-03 20:00:00,12.9,0.0,19.0,35,53,3.5,8.5,1025.8,49,0.0
2025-11-03 21:00:00,12.1,0.0,15.8,35,59,4.3,8.4,1026.4,0,0.0
2025-11-03 22:00:00,11.6,0.0,14.4,34,60,4.1,8.0,1026.5,48,0.0
2025-11-03 23:00:00,11.1,0.0,12.9,39,60,3.7,7.8,1026.5,6,0.0
2025-11-04 00:00:00,11.0,0.0,12.1,40,58,3.1,7.6,1026.5,0,0.0
2025-11-04 01:00:00,11.1,0.0,12.7,44,53,2.0,7.4,1026.1,1,0.0
2025-11-04 02:00:00,11.1,0.0,11.6,43,51,1.5,7.6,1026.2,23,0.0
2025-11-04 03:00:00,10.8,0.0,11.7,32,53,1.6,7.2,1026.4,16,0.0
2025-11-04 04:00:00,10.5,0.0,11.6,39,54,1.5,6.9,1026.3,63,0.0
2025-11-04 05:00:00,10.4,0.0,11.2,48,54,1.5,6.9,1026.2,0,0.0
2025-11-04 06:00:00,10.2,0.0,10.3,47,56,1.8,6.9,1026.3,5,0.0
2025-11-04 07:00:00,10.1,0.0,10.1,41,58,2.2,6.9,1026.3,100,4.0
2025-11-04 08:00:00,11.6,0.0,9.4,45,58,3.5,8.8,1026.6,95,96.0
2025-11-04 09:00:00,13.7,0.0,10.8,62,57,5.2,11.0,1027.0,99,215.0
2025-11-04 10:00:00,15.0,0.0,11.4,74,58,6.8,12.5,1026.7,100,262.0
2025-11-04 11:00:00,15.8,0.0,9.9,87,57,7.3,13.7,1026.2,100,235.0
2025-11-04 12:00:00,16.5,0.0,8.6,102,57,7.9,14.7,1025.3,100,309.0
2025-11-04 13:00:00,17.4,0.0,8.5,111,55,8.4,15.7,1024.5,100,430.0
2025-11-04 14:00:00,17.4,0.0,7.4,113,57,8.8,16.0,1024.1,100,291.0
2025-11-04 15:00:00,17.2,0.0,7.1,100,63,10.0,16.2,1024.0,100,228.0
2025-11-04 16:00:00,17.0,0.0,6.8,87,64,10.1,16.1,1023.8,100,151.0
2025-11-04 17:00:00,16.6,0.0,5.2,56,68,10.8,16.1,1023.9,100,32.0
2025-11-04 18:00:00,16.4,0.0,6.6,41,71,11.1,15.7,1023.9,100,1.0
2025-11-04 19:00:00,16.0,0.0,9.9,22,69,10.4,14.7,1024.1,100,0.0
2025-11-04 20:00:00,15.5,0.0,12.1,15,63,8.5,13.3,1024.2,100,0.0
2025-11-04 21:00:00,15.7,0.0,10.9,39,69,10.1,14.1,1024.3,100,0.0
2025-11-04 22:00:00,15.5,0.0,13.3,35,66,9.2,13.3,1024.1,100,0.0
2025-11-04 23:00:00,15.4,0.0,13.0,39,65,8.9,13.2,1024.0,100,0.0
2025-11-05 00:00:00,14.9,0.0,13.0,37,67,8.7,12.6,1023.6,100,0.0
2025-11-05 01:00:00,14.7,0.0,11.7,27,68,8.8,12.7,1023.3,100,0.0
2025-11-05 02:00:00,14.8,0.0,11.0,19,67,8.8,12.9,1023.2,100,0.0
2025-11-05 03:00:00,14.9,0.0,10.5,13,67,8.8,13.1,1022.6,100,0.0
2025-11-05 04:00:00,14.9,0.0,10.2,10,68,8.9,13.1,1022.6,100,0.0
2025-11-05 05:00:00,14.8,0.0,10.3,12,69,9.1,13.0,1022.1,100,0.0
2025-11-05 06:00:00,14.4,0.0,9.8,17,72,9.3,12.7,1022.3,100,0.0
2025-11-05 07:00:00,14.6,0.0,7.9,20,72,9.6,13.3,1022.6,99,2.0
2025-11-05 08:00:00,15.4,0.0,7.9,27,71,10.2,14.3,1022.5,95,67.0
2025-11-05 09:00:00,16.8,0.0,6.5,44,68,10.8,16.1,1022.9,98,223.0
2025-11-05 10:00:00,17.8,0.0,6.2,60,66,11.4,17.3,1022.4,100,223.0
2025-11-05 11:00:00,19.4,0.0,4.5,104,62,11.9,19.4,1021.8,82,483.0
2025-11-05 12:00:00,20.0,0.0,5.7,131,61,12.2,19.8,1020.9,88,534.0
2025-11-05 13:00:00,19.9,0.0,6.5,166,62,12.3,19.7,1019.8,100,455.0
2025-11-05 14:00:00,19.3,0.0,9.6,168,63,12.1,18.6,1019.3,100,372.0
2025-11-05 15:00:00,19.4,0.0,7.3,173,65,12.5,19.1,1019.1,55,371.0
2025-11-05 16:00:00,19.1,0.0,3.2,183,65,12.4,19.4,1018.8,13,258.0
2025-11-05 17:00:00,18.0,0.0,0.4,243,76,13.7,19.1,1019.2,22,90.0
2025-11-05 18:00:00,16.9,0.0,8.0,332,79,13.3,16.8,1019.5,10,2.0
2025-11-05 19:00:00,16.0,0.0,10.6,345,77,11.9,15.0,1019.8,11,0.0
2025-11-05 20:00:00,15.4,0.0,11.0,4,76,11.2,14.1,1019.9,21,0.0
2025-11-05 21:00:00,15.4,0.0,10.0,8,77,11.4,14.4,1020.3,100,0.0
2025-11-05 22:00:00,15.4,0.0,9.8,13,77,11.3,14.4,1020.3,43,0.0
2025-11-05 23:00:00,14.9,0.0,11.1,8,79,11.1,13.6,1020.3,16,0.0
2025-11-06 00:00:00,14.4,0.0,12.1,3,79,10.9,13.0,1020.0,7,0.0
2025-11-06 01:00:00,14.2,0.0,9.7,11,79,10.7,13.1,1019.8,34,0.0
2025-11-06 02:00:00,13.9,0.0,10.2,13,80,10.6,12.6,1019.6,12,0.0
2025-11-06 03:00:00,13.2,0.0,8.8,9,82,10.2,12.0,1019.8,5,0.0
2025-11-06 04:00:00,12.8,0.0,9.2,11,82,9.9,11.4,1019.7,0,0.0
2025-11-06 05:00:00,13.1,0.0,11.2,12,79,9.6,11.3,1019.8,0,0.0
2025-11-06 06:00:00,13.2,0.0,11.4,11,78,9.6,11.5,1020.2,0,0.0
2025-11-06 07:00:00,13.2,0.0,10.1,5,79,9.8,11.7,1020.5,1,3.0
2025-11-06 08:00:00,14.9,0.0,10.4,8,76,10.6,13.5,1020.9,1,105.0
2025-11-06 09:00:00,17.4,0.0,7.6,18,69,11.6,16.8,1021.0,0,285.0
2025-11-06 10:00:00,19.1,0.0,11.7,17,61,11.4,17.9,1021.0,5,448.0
2025-11-06 11:00:00,20.4,0.0,13.0,19,52,10.1,18.6,1020.6,6,562.0
2025-11-06 12:00:00,20.9,0.0,14.3,10,47,9.2,19.0,1019.9,23,612.0
2025-11-06 13:00:00,21.1,0.0,14.5,11,45,8.8,19.0,1019.1,13,614.0
2025-11-06 14:00:00,21.0,0.0,15.0,4,43,8.0,18.2,1019.0,0,549.0
2025-11-06 15:00:00,20.5,0.0,16.2,359,44,7.8,17.5,1019.0,2,437.0
2025-11-06 16:00:00,19.3,0.0,17.7,2,48,8.0,16.2,1019.3,1,274.0
2025-11-06 17:00:00,17.8,0.0,18.8,5,55,8.6,14.7,1019.8,0,97.0
2025-11-06 18:00:00,16.6,0.0,17.5,14,60,8.9,13.8,1020.0,3,2.0
2025-11-06 19:00:00,15.9,0.0,15.8,21,64,9.2,13.4,1020.5,13,0.0
2025-11-06 20:00:00,15.3,0.0,15.7,19,67,9.3,12.8,1020.7,33,0.0
2025-11-06 21:00:00,14.9,0.0,12.4,14,71,9.6,12.9,1021.3,67,0.0
2025-11-06 22:00:00,14.6,0.0,10.2,18,71,9.5,13.0,1021.8,100,0.0
2025-11-06 23:00:00,14.8,0.0,10.0,26,70,9.4,13.1,1021.7,26,0.0
2025-11-07 00:00:00,14.4,0.0,11.7,29,71,9.1,12.5,1021.6,95,0.0
2025-11-07 01:00:00,14.4,0.0,11.9,32,70,8.9,12.3,1021.5,97,0.0
2025-11-07 02:00:00,14.0,0.0,10.3,33,71,8.9,12.2,1021.7,8,0.0
2025-11-07 03:00:00,13.4,0.0,10.4,30,73,8.6,11.5,1022.0,18,0.0
2025-11-07 04:00:00,12.9,0.0,9.6,21,75,8.6,11.1,1022.4,2,0.0
2025-11-07 05:00:00,12.8,0.0,9.7,24,76,8.6,11.0,1022.8,0,0.0
2025-11-07 06:00:00,12.8,0.0,8.6,37,75,8.5,11.1,1022.9,1,0.0
2025-11-07 07:00:00,12.7,0.0,10.3,40,74,8.2,10.7,1023.2,0,3.0
2025-11-07 08:00:00,14.2,0.0,12.1,40,68,8.4,12.0,1023.8,0,102.0
2025-11-07 09:00:00,16.8,0.0,9.4,48,60,9.0,15.1,1024.4,5,281.0
2025-11-07 10:00:00,18.5,0.0,4.7,106,52,8.4,17.3,1024.3,4,442.0
2025-11-07 11:00:00,19.0,0.0,5.2,192,54,9.6,18.3,1024.2,5,561.0
2025-11-07 12:00:00,19.4,0.0,7.6,211,58,10.8,18.9,1023.4,2,622.0
2025-11-07 13:00:00,19.5,0.0,9.5,212,58,11.1,18.9,1022.4,2,623.0
2025-11-07 14:00:00,19.3,0.0,11.8,211,55,10.1,17.7,1021.7,2,555.0
2025-11-07 15:00:00,19.1,0.0,11.4,199,47,7.6,16.8,1021.6,2,427.0
2025-11-07 16:00:00,18.6,0.0,8.3,204,50,8.1,17.0,1021.7,3,263.0
2025-11-07 17:00:00,17.0,0.0,4.0,231,62,9.7,16.3,1021.8,1,90.0
2025-11-07 18:00:00,15.4,0.0,4.8,297,70,9.9,14.7,1022.1,2,2.0
2025-11-07 19:00:00,15.4,0.0,10.8,356,72,10.4,13.9,1022.2,0,0.0
2025-11-07 20:00:00,14.8,0.0,12.7,23,74,10.1,12.9,1022.7,0,0.0
2025-11-07 21:00:00,14.2,0.0,10.8,21,79,10.6,12.8,1023.0,0,0.0
2025-11-07 22:00:00,13.4,0.0,9.5,33,81,10.2,12.2,1023.3,0,0.0
2025-11-07 23:00:00,13.2,0.0,11.0,26,80,9.9,11.6,1023.5,12,0.0
2025-11-08 00:00:00,14.4,0.0,12.1,52,72,9.4,12.5,1023.5,0,0.0
2025-11-08 01:00:00,14.6,0.0,12.1,73,64,8.0,12.4,1023.3,0,0.0
2025-11-08 02:00:00,14.4,0.0,12.9,75,59,6.4,11.6,1023.0,0,0.0
2025-11-08 03:00:00,13.7,0.0,12.9,62,58,5.6,10.7,1023.4,0,0.0
2025-11-08 04:00:00,13.4,0.0,12.4,64,58,5.3,10.4,1023.4,0,0.0
2025-11-08 05:00:00,13.3,0.0,12.0,64,59,5.4,10.4,1023.4,1,0.0
2025-11-08 06:00:00,13.4,0.0,12.0,69,60,5.8,10.6,1023.6,1,0.0
2025-11-08 07:00:00,13.6,0.0,11.6,71,63,6.6,11.0,1024.1,2,3.0
2025-11-08 08:00:00,14.4,0.0,13.4,66,62,7.2,11.7,1024.5,5,92.0
2025-11-08 09:00:00,15.9,0.0,11.3,77,61,8.4,13.9,1025.0,5,252.0
2025-11-08 10:00:00,17.7,0.0,11.9,95,59,9.5,15.8,1024.7,5,404.0
2025-11-08 11:00:00,19.0,0.0,14.7,110,56,10.1,16.9,1024.0,2,533.0
2025-11-08 12:00:00,19.8,0.0,15.2,114,56,10.8,18.1,1023.0,98,600.0
2025-11-08 13:00:00,20.0,0.0,16.2,119,57,11.4,18.1,1022.0,70,558.0
2025-11-08 14:00:00,20.0,0.0,18.3,115,59,11.8,17.9,1020.9,89,527.0
2025-11-08 15:00:00,19.5,0.0,21.9,113,62,12.1,17.0,1020.0,100,198.0
2025-11-08 16:00:00,18.9,0.0,20.2,104,67,12.6,16.8,1020.0,100,79.0
2025-11-08 17:00:00,19.0,0.0,17.4,107,69,13.2,17.5,1020.0,99,22.0
2025-11-08 18:00:00,19.0,0.0,19.0,107,72,13.8,17.4,1019.9,91,1.0
2025-11-08 19:00:00,18.8,0.0,17.5,105,75,14.2,17.6,1019.7,100,0.0
2025-11-08 20:00:00,19.0,0.0,16.3,107,75,14.6,18.1,1019.9,100,0.0
2025-11-08 21:00:00,17.9,0.0,14.8,96,86,15.4,17.5,1019.5,100,0.0
2025-11-08 22:00:00,17.4,0.9,16.3,97,93,16.2,17.2,1019.3,100,0.0
2025-11-08 23:00:00,18.0,0.6,19.6,113,89,16.1,17.2,1018.4,90,0.0
2025-11-09 00:00:00,18.0,0.2,19.4,112,90,16.2,17.3,1017.9,100,0.0
2025-11-09 01:00:00,18.2,0.4,22.7,104,91,16.7,17.3,1016.8,100,0.0
2025-11-09 02:00:00,17.9,1.3,23.6,101,93,16.6,16.7,1015.9,100,0.0
2025-11-09 03:00:00,18.2,3.9,24.7,113,93,17.0,17.2,1014.9,100,0.0
2025-11-09 04:00:00,18.3,2.7,19.5,119,94,17.4,18.1,1014.1,100,0.0
2025-11-09 05:00:00,18.1,1.4,21.8,100,95,17.3,17.6,1013.3,100,0.0
2025-11-09 06:00:00,17.8,0.9,21.8,100,96,17.0,17.1,1012.9,100,0.0
2025-11-09 07:00:00,18.0,1.7,17.5,107,95,17.2,18.0,1012.4,100,1.0
2025-11-09 08:00:00,18.4,0.6,14.4,105,96,17.8,19.1,1012.7,100,31.0
2025-11-09 09:00:00,18.7,0.5,12.9,108,97,18.2,19.9,1012.8,100,83.0
2025-11-09 10:00:00,19.2,0.7,12.2,127,96,18.5,20.6,1012.1,100,117.0
2025-11-09 11:00:00,19.9,0.2,9.4,132,91,18.4,21.6,1011.7,85,212.0
2025-11-09 12:00:00,20.3,0.2,6.0,119,87,18.0,22.4,1011.1,99,252.0
2025-11-09 13:00:00,21.3,0.0,4.3,178,81,17.9,23.5,1010.5,77,374.0
2025-11-09 14:00:00,20.8,0.4,16.5,338,81,17.5,21.1,1010.5,100,288.0
2025-11-09 15:00:00,19.4,0.0,13.0,343,85,16.8,19.8,1010.7,29,177.0
2025-11-09 16:00:00,19.5,0.0,14.8,324,82,16.4,19.6,1011.4,39,209.0
2025-11-09 17:00:00,18.8,0.0,14.0,329,84,16.0,18.8,1012.1,38,63.0
2025-11-09 18:00:00,17.6,0.0,10.9,333,89,15.9,18.1,1012.4,98,1.0
2025-11-09 19:00:00,17.4,0.0,12.0,317,90,15.6,17.5,1013.2,14,0.0
2025-11-09 20:00:00,17.0,0.0,13.9,320,90,15.4,16.8,1013.4,63,0.0
2025-11-09 21:00:00,17.0,0.0,11.6,305,85,14.6,16.9,1013.4,99,0.0
2025-11-09 22:00:00,17.1,0.0,10.7,316,80,13.6,16.7,1013.5,100,0.0
2025-11-09 23:00:00,17.2,0.0,8.5,331,76,13.0,17.0,1013.4,100,0.0
2025-11-10 00:00:00,17.5,0.0,12.7,328,69,11.8,16.3,1013.5,73,0.0
2025-11-10 01:00:00,17.0,0.0,16.3,333,56,8.1,14.1,1013.6,100,0.0
2025-11-10 02:00:00,17.0,0.0,16.2,330,53,7.2,13.9,1013.8,98,0.0
2025-11-10 03:00:00,16.4,0.0,17.2,333,54,7.2,13.2,1013.8,99,0.0
2025-11-10 04:00:00,16.5,0.0,16.7,330,54,7.0,13.2,1014.0,38,0.0
2025-11-10 05:00:00,15.6,0.0,15.7,330,56,6.9,12.5,1014.2,31,0.0
2025-11-10 06:00:00,14.9,0.0,14.8,318,59,7.1,12.0,1014.5,4,0.0
2025-11-10 07:00:00,14.7,0.0,15.3,315,62,7.4,11.8,1015.1,30,2.0
2025-11-10 08:00:00,15.3,0.0,19.2,328,58,7.1,11.8,1016.2,7,87.0
2025-11-10 09:00:00,16.4,0.0,20.3,324,49,5.7,12.4,1016.6,4,258.0
2025-11-10 10:00:00,17.0,0.0,20.8,318,44,4.7,12.6,1016.6,0,434.0
2025-11-10 11:00:00,16.9,0.0,21.3,316,46,5.1,12.7,1016.6,1,565.0
2025-11-10 12:00:00,16.8,0.0,19.9,318,43,4.1,12.9,1016.3,1,623.0
2025-11-10 13:00:00,16.7,0.0,17.2,319,43,4.1,13.2,1015.8,5,623.0
2025-11-10 14:00:00,16.5,0.0,15.1,321,44,4.3,12.9,1015.6,2,546.0
2025-11-10 15:00:00,16.4,0.0,13.1,318,44,4.2,13.1,1015.5,1,429.0
2025-11-10 16:00:00,15.6,0.0,13.5,329,47,4.3,12.3,1015.9,0,264.0
2025-11-10 17:00:00,14.2,0.0,11.4,335,54,4.9,11.3,1016.5,0,89.0
2025-11-10 18:00:00,12.9,0.0,9.2,337,60,5.3,10.4,1017.1,0,1.0
2025-11-10 19:00:00,12.1,0.0,9.0,334,64,5.4,9.6,1017.6,0,0.0
2025-11-10 20:00:00,11.6,0.0,9.0,329,66,5.3,9.1,1017.6,0,0.0
2025-11-10 21:00:00,11.1,0.0,7.8,331,71,6.0,9.0,1018.0,0,0.0
2025-11-10 22:00:00,10.2,0.0,6.2,338,76,6.2,8.4,1018.3,0,0.0
2025-11-10 23:00:00,9.5,0.0,6.3,357,79,6.0,7.6,1018.2,0,0.0
2025-11-11 00:00:00,8.6,0.0,5.2,14,80,5.4,6.8,1018.0,0,0.0
2025-11-11 01:00:00,8.4,0.0,5.9,11,81,5.3,6.4,1017.7,0,0.0
2025-11-11 02:00:00,8.0,0.0,5.5,11,83,5.3,6.1,1017.9,0,0.0
2025-11-11 03:00:00,8.1,0.0,5.1,6,82,5.3,6.3,1017.8,6,0.0
2025-11-11 04:00:00,7.4,0.0,4.7,7,84,4.9,5.5,1018.0,2,0.0
2025-11-11 05:00:00,6.8,0.0,3.7,14,84,4.3,4.9,1018.7,0,0.0
2025-11-11 06:00:00,6.9,0.0,4.3,24,84,4.4,5.0,1019.1,38,0.0
2025-11-11 07:00:00,7.8,0.0,4.9,36,81,4.8,5.8,1019.2,0,2.0
2025-11-11 08:00:00,10.1,0.0,6.0,44,77,6.2,8.3,1019.8,16,90.0
2025-11-11 09:00:00,13.1,0.0,4.2,65,69,7.4,11.8,1019.7,34,245.0
2025-11-11 10:00:00,14.7,0.0,2.9,97,59,6.8,13.5,1019.9,94,376.0
2025-11-11 11:00:00,15.1,0.0,3.6,90,57,6.7,13.7,1019.3,98,303.0
2025-11-11 12:00:00,15.4,0.0,1.2,117,58,7.2,14.5,1019.0,46,281.0
2025-11-11 13:00:00,16.9,0.0,2.1,239,56,7.9,16.4,1018.8,96,609.0
2025-11-11 14:00:00,17.0,0.0,4.9,234,56,8.1,15.7,1018.3,70,336.0
2025-11-11 15:00:00,17.0,0.0,6.0,224,57,8.4,15.8,1018.3,38,316.0
2025-11-11 16:00:00,16.7,0.0,4.3,255,60,8.9,15.8,1018.5,2,246.0
2025-11-11 17:00:00,14.2,0.0,4.8,333,72,9.1,13.3,1019.1,0,83.0
2025-11-11 18:00:00,13.7,0.0,8.8,5,63,6.8,11.6,1019.4,0,1.0
2025-11-11 19:00:00,11.9,0.0,5.4,21,67,6.0,10.1,1019.9,0,0.0
2025-11-11 20:00:00,11.3,0.0,5.2,41,69,5.8,9.5,1020.4,0,0.0
2025-11-11 21:00:00,11.6,0.0,4.9,28,71,6.5,9.9,1020.7,0,0.0
2025-11-11 22:00:00,11.3,0.0,5.6,358,71,6.2,9.5,1021.4,0,0.0
2025-11-11 23:00:00,11.4,0.0,6.8,3,70,6.0,9.4,1021.8,1,0.0
2025-11-12 00:00:00,11.4,0.0,9.6,17,68,5.8,9.0,1021.4,0,0.0
2025-11-12 01:00:00,11.2,0.0,9.5,15,70,5.9,8.9,1021.3,0,0.0
2025-11-12 02:00:00,11.0,0.0,8.1,18,73,6.4,8.9,1021.2,0,0.0
2025-11-12 03:00:00,10.9,0.0,7.6,14,77,7.1,9.0,1021.5,0,0.0
2025-11-12 04:00:00,10.8,0.0,10.3,23,77,6.8,8.5,1021.2,10,0.0
2025-11-12 05:00:00,10.6,0.0,9.2,20,75,6.3,8.3,1021.4,100,0.0
2025-11-12 06:00:00,11.1,0.0,7.6,28,71,5.9,8.9,1021.7,100,0.0
2025-11-12 07:00:00,11.7,0.0,9.2,43,66,5.6,9.3,1022.1,98,1.0
2025-11-12 08:00:00,12.8,0.0,10.9,52,61,5.3,10.1,1021.9,70,64.0
2025-11-12 09:00:00,14.1,0.0,8.4,55,59,6.1,11.9,1022.4,100,225.0
2025-11-12 10:00:00,15.1,0.0,10.5,77,58,6.8,12.7,1022.2,100,258.0
2025-11-12 11:00:00,16.5,0.0,11.0,94,58,8.2,14.5,1021.4,100,458.0
2025-11-12 12:00:00,17.2,0.0,10.8,114,57,8.7,15.3,1021.1,100,482.0
2025-11-12 13:00:00,17.3,0.0,8.9,99,56,8.5,15.6,1019.9,100,311.0
2025-11-12 14:00:00,17.6,0.0,6.4,106,55,8.6,16.3,1019.7,100,304.0
2025-11-12 15:00:00,17.5,0.0,6.0,99,60,9.6,16.5,1019.2,100,208.0
2025-11-12 16:00:00,17.1,0.0,6.3,85,63,10.1,16.3,1019.0,100,139.0
2025-11-12 17:00:00,16.2,0.0,4.9,66,69,10.5,15.6,1019.4,100,31.0
2025-11-12 18:00:00,15.9,0.0,5.5,46,69,10.1,15.1,1019.0,100,0.0
2025-11-12 19:00:00,15.0,0.0,3.3,54,73,10.2,14.6,1020.1,100,0.0
2025-11-12 20:00:00,15.6,0.0,6.3,66,71,10.4,14.8,1019.8,100,0.0
2025-11-12 21:00:00,15.6,0.0,8.2,75,77,11.5,14.9,1020.0,100,0.0
2025-11-12 22:00:00,15.6,0.0,9.4,60,76,11.4,14.6,1020.0,100,0.0
2025-11-12 23:00:00,15.1,0.0,10.2,48,74,10.6,13.7,1019.4,100,0.0
2025-11-13 00:00:00,15.0,0.0,11.1,53,74,10.5,13.5,1018.7,100,0.0
2025-11-13 01:00:00,15.3,0.0,10.2,64,75,10.9,14.1,1018.7,100,0.0
2025-11-13 02:00:00,15.6,0.0,9.7,72,79,12.0,14.8,1018.3,100,0.0
2025-11-13 03:00:00,15.3,0.0,7.6,47,81,12.1,14.8,1018.1,100,0.0
2025-11-13 04:00:00,15.3,0.0,7.1,45,84,12.6,15.1,1017.5,100,0.0
2025-11-13 05:00:00,15.2,0.0,6.5,42,85,12.8,15.1,1018.0,100,0.0
2025-11-13 06:00:00,14.7,0.0,4.8,20,87,12.6,14.8,1018.0,100,0.0
2025-11-13 07:00:00,14.2,0.0,7.4,4,87,12.1,13.8,1018.0,100,0.0
2025-11-13 08:00:00,14.1,0.0,5.0,15,88,12.1,14.0,1017.8,100,13.0
2025-11-13 09:00:00,15.6,0.0,6.9,31,85,12.9,15.5,1018.3,100,102.0
2025-11-13 10:00:00,16.6,0.0,6.8,22,83,13.7,16.9,1017.5,100,171.0
2025-11-13 11:00:00,17.9,0.0,4.8,15,78,14.0,18.5,1016.9,100,272.0
2025-11-13 12:00:00,18.5,0.0,3.8,349,73,13.5,19.0,1015.9,100,216.0
2025-11-13 13:00:00,19.1,0.0,4.4,308,66,12.6,19.3,1015.3,100,253.0
2025-11-13 14:00:00,19.7,0.0,5.5,281,60,11.6,19.4,1014.8,100,303.0
2025-11-13 15:00:00,19.4,0.0,6.4,286,61,11.8,19.0,1014.4,100,181.0
2025-11-13 16:00:00,18.9,0.0,7.3,320,67,12.6,18.6,1014.3,100,110.0
2025-11-13 17:00:00,17.5,0.0,11.0,346,68,11.5,16.4,1014.5,100,40.0
2025-11-13 18:00:00,16.3,0.0,8.0,340,65,9.7,15.1,1015.1,97,0.0
2025-11-13 19:00:00,14.9,0.0,5.8,340,71,9.6,13.9,1015.4,6,0.0
2025-11-13 20:00:00,12.6,0.0,5.2,338,82,9.6,11.8,1015.1,39,0.0
2025-11-13 21:00:00,12.4,0.0,5.7,347,85,9.9,11.5,1015.6,55,0.0
2025-11-13 22:00:00,11.7,0.0,7.7,348,88,9.9,10.5,1015.7,7,0.0
2025-11-13 23:00:00,10.8,0.0,4.1,347,90,9.2,10.0,1015.6,13,0.0
2025-11-14 00:00:00,10.5,0.0,4.0,355,89,8.8,9.6,1015.7,9,0.0
2025-11-14 01:00:00,10.9,0.0,6.3,3,89,9.1,9.8,1015.6,2,0.0
2025-11-14 02:00:00,10.6,0.0,6.8,358,90,9.1,9.4,1015.4,0,0.0
2025-11-14 03:00:00,10.4,0.0,5.8,5,90,8.8,9.3,1015.6,0,0.0
2025-11-14 04:00:00,9.6,0.0,4.7,16,90,8.1,8.4,1015.7,1,0.0
2025-11-14 05:00:00,9.5,0.0,4.7,23,91,8.1,8.3,1015.8,0,0.0
2025-11-14 06:00:00,9.6,0.0,4.7,16,91,8.1,8.4,1016.2,0,0.0
2025-11-14 07:00:00,9.4,0.0,4.3,15,91,8.1,8.3,1016.4,1,1.0
2025-11-14 08:00:00,11.8,0.0,4.7,4,85,9.3,10.9,1017.2,0,78.0
2025-11-14 09:00:00,15.9,0.0,5.3,332,77,11.9,15.7,1017.5,6,235.0
2025-11-14 10:00:00,17.8,0.0,6.1,12,61,10.2,17.0,1017.5,15,391.0
2025-11-14 11:00:00,19.0,0.0,7.1,16,53,9.1,17.7,1017.4,63,514.0
2025-11-14 12:00:00,19.5,0.0,5.6,2,48,8.4,18.3,1016.5,95,515.0
2025-11-14 13:00:00,19.9,0.0,6.5,316,48,8.6,18.6,1016.0,100,505.0
2025-11-14 14:00:00,19.7,0.0,7.4,296,49,8.8,18.3,1016.0,89,354.0
2025-11-14 15:00:00,19.4,0.0,10.2,262,53,9.6,17.8,1016.5,91,371.0
2025-11-14 16:00:00,18.9,0.0,8.9,298,60,10.9,17.9,1016.9,13,176.0
2025-11-14 17:00:00,17.0,0.0,11.6,345,61,9.4,15.2,1017.4,0,76.0
2025-11-14 18:00:00,15.1,0.0,7.9,356,65,8.5,13.5,1018.1,2,1.0
2025-11-14 19:00:00,14.0,0.0,9.2,4,70,8.7,12.3,1018.7,1,0.0
2025-11-14 20:00:00,13.2,0.0,8.7,13,74,8.7,11.6,1019.0,4,0.0
2025-11-14 21:00:00,12.8,0.0,8.5,25,76,8.6,11.2,1019.3,0,0.0
2025-11-14 22:00:00,12.4,0.0,7.3,28,76,8.4,11.0,1019.7,3,0.0
2025-11-14 23:00:00,11.3,0.0,5.3,24,81,8.1,10.0,1019.8,16,0.0
2025-11-15 00:00:00,10.1,0.0,4.3,17,86,7.8,9.0,1020.2,16,0.0
2025-11-15 01:00:00,9.4,0.0,2.9,22,87,7.4,8.4,1020.6,3,0.0
2025-11-15 02:00:00,9.2,0.0,1.3,16,87,7.2,8.3,1020.9,2,0.0
2025-11-15 03:00:00,9.1,0.0,2.1,31,88,7.2,8.1,1021.3,29,0.0
2025-11-15 04:00:00,8.4,0.0,2.8,15,90,6.8,7.1,1021.5,16,0.0
2025-11-15 05:00:00,8.6,0.0,3.8,3,89,6.9,7.3,1022.1,24,0.0
2025-11-15 06:00:00,9.2,0.0,4.3,5,88,7.3,7.9,1022.8,16,0.0
2025-11-15 07:00:00,9.1,0.0,4.0,3,87,7.1,7.8,1022.9,3,1.0
2025-11-15 08:00:00,12.1,0.0,5.6,358,79,8.6,10.9,1023.8,5,76.0
2025-11-15 09:00:00,15.3,0.0,4.9,17,71,10.1,14.6,1024.9,15,239.0
2025-11-15 10:00:00,17.2,0.0,4.9,8,65,10.6,16.7,1025.2,3,372.0
2025-11-15 11:00:00,18.4,0.0,5.2,14,55,9.1,17.4,1024.9,9,498.0
2025-11-15 12:00:00,19.0,0.0,2.8,342,50,8.4,18.4,1024.2,37,580.0
2025-11-15 13:00:00,19.5,0.0,2.3,270,45,7.2,18.5,1023.8,25,541.0
2025-11-15 14:00:00,19.4,0.0,3.3,248,47,7.7,18.3,1023.4,9,484.0
2025-11-15 15:00:00,19.1,0.0,2.0,243,50,8.5,18.4,1023.1,5,389.0
2025-11-15 16:00:00,18.4,0.0,2.9,266,55,9.1,17.7,1023.6,0,242.0
2025-11-15 17:00:00,15.5,0.0,4.2,317,69,9.8,14.8,1024.1,0,76.0
2025-11-15 18:00:00,14.9,0.0,9.5,349,61,7.6,12.9,1024.7,0,1.0
2025-11-15 19:00:00,14.0,0.0,10.5,6,60,6.4,11.6,1025.2,0,0.0
2025-11-15 20:00:00,13.4,0.0,9.2,7,62,6.2,11.0,1025.4,0,0.0
2025-11-15 21:00:00,13.0,0.0,9.4,3,67,7.1,10.9,1026.3,0,0.0
2025-11-15 22:00:00,12.7,0.0,8.4,15,65,6.3,10.6,1026.6,0,0.0
2025-11-15 23:00:00,12.1,0.0,9.5,14,67,6.2,9.8,1026.4,0,0.0
2025-11-16 00:00:00,11.6,0.0,8.2,19,69,6.2,9.4,1026.2,0,0.0
2025-11-16 01:00:00,10.8,0.0,6.5,32,73,6.1,8.9,1026.0,0,0.0
2025-11-16 02:00:00,10.3,0.0,6.5,34,76,6.3,8.4,1025.9,0,0.0
2025-11-16 03:00:00,10.2,0.0,7.2,32,78,6.4,8.3,1026.0,0,0.0
2025-11-16 04:00:00,9.6,0.0,6.5,28,81,6.4,7.8,1026.0,0,0.0
2025-11-16 05:00:00,9.3,0.0,6.7,24,82,6.4,7.4,1026.2,0,0.0
2025-11-16 06:00:00,9.3,0.0,6.8,27,83,6.5,7.4,1026.5,2,0.0
2025-11-16 07:00:00,9.4,0.0,5.1,32,83,6.8,7.9,1026.6,5,1.0
2025-11-16 08:00:00,12.1,0.0,5.2,59,76,8.1,10.9,1026.9,10,73.0
2025-11-16 09:00:00,15.1,0.0,4.9,84,71,9.9,14.3,1027.1,5,227.0
2025-11-16 10:00:00,16.9,0.0,6.4,101,67,10.7,16.1,1026.9,3,389.0
2025-11-16 11:00:00,18.0,0.0,9.4,121,60,10.1,16.7,1026.4,2,514.0
2025-11-16 12:00:00,18.5,0.0,10.6,122,59,10.3,17.3,1025.3,0,580.0
2025-11-16 13:00:00,19.0,0.0,10.7,120,60,10.9,17.9,1024.5,0,582.0
2025-11-16 14:00:00,19.0,0.0,10.8,120,62,11.5,17.9,1024.1,0,522.0
2025-11-16 15:00:00,18.9,0.0,9.6,116,64,11.9,18.1,1023.9,0,401.0
2025-11-16 16:00:00,18.5,0.0,7.9,107,66,12.1,17.9,1023.9,2,239.0
2025-11-16 17:00:00,17.0,0.0,5.7,114,76,12.7,17.0,1024.0,5,73.0
2025-11-16 18:00:00,16.2,0.0,6.2,105,79,12.6,16.1,1024.1,5,0.0
2025-11-16 19:00:00,15.2,0.0,5.3,80,84,12.5,15.3,1024.3,11,0.0
2025-11-16 20:00:00,14.6,0.0,4.7,58,85,12.1,14.6,1024.2,10,0.0
2025-11-16 21:00:00,15.1,0.0,1.9,61,86,12.8,15.6,1024.7,6,0.0
2025-11-16 22:00:00,13.6,0.0,2.0,10,87,11.4,13.8,1024.9,0,0.0
2025-11-16 23:00:00,13.6,0.0,4.0,3,87,11.4,13.4,1024.4,0,0.0
2025-11-17 00:00:00,12.2,0.0,1.5,30,91,10.8,12.2,1023.8,0,0.0
2025-11-17 01:00:00,12.4,0.0,1.4,360,89,10.6,12.4,1023.4,0,0.0
2025-11-17 02:00:00,12.3,0.0,2.4,318,91,10.9,12.2,1023.1,13,0.0
2025-11-17 03:00:00,12.4,0.0,4.8,299,95,11.5,12.1,1023.1,5,0.0
2025-11-17 04:00:00,12.1,0.0,6.1,284,91,10.7,11.5,1022.9,10,0.0
2025-11-17 05:00:00,14.1,0.0,6.8,268,84,11.3,13.5,1022.8,23,0.0
2025-11-17 06:00:00,13.1,0.0,5.4,278,86,10.8,12.5,1022.8,3,0.0
2025-11-17 07:00:00,12.4,0.0,4.1,272,85,9.9,11.8,1022.7,3,0.0
2025-11-17 08:00:00,14.8,0.0,8.2,280,83,11.9,14.1,1023.0,20,72.0
2025-11-17 09:00:00,16.4,0.0,6.3,268,82,13.3,16.5,1023.3,4,229.0
2025-11-17 10:00:00,18.1,0.0,8.4,230,75,13.6,18.0,1022.7,51,390.0
2025-11-17 11:00:00,19.5,0.0,10.9,239,66,12.9,18.8,1021.5,100,489.0
2025-11-17 12:00:00,20.2,0.0,16.4,274,53,10.4,18.0,1020.6,98,529.0
2025-11-17 13:00:00,19.5,0.0,20.5,291,53,9.6,16.5,1020.1,95,306.0
2025-11-17 14:00:00,18.1,0.0,21.8,322,60,10.3,15.0,1020.1,85,297.0
2025-11-17 15:00:00,17.9,0.0,17.5,333,58,9.4,15.2,1019.7,100,290.0
2025-11-17 16:00:00,17.0,0.0,15.6,333,56,8.1,14.2,1019.9,100,102.0
2025-11-17 17:00:00,16.1,0.0,16.1,330,53,6.6,12.9,1020.0,100,31.0
2025-11-17 18:00:00,15.6,0.0,16.3,326,44,3.5,11.6,1020.5,100,0.0
2025-11-17 19:00:00,15.1,0.0,17.3,322,42,2.3,10.8,1020.7,100,0.0
2025-11-17 20:00:00,14.4,0.0,18.0,319,40,1.1,9.9,1020.9,100,0.0
2025-11-17 21:00:00,13.2,0.0,11.6,318,59,5.3,10.4,1021.0,91,0.0
2025-11-17 22:00:00,13.2,0.0,13.5,322,55,4.4,10.0,1021.1,99,0.0
2025-11-17 23:00:00,13.0,0.0,14.9,324,54,3.8,9.4,1021.1,71,0.0
2025-11-18 00:00:00,12.4,0.0,16.1,321,48,1.8,8.2,1021.0,100,0.0
2025-11-18 01:00:00,11.5,0.0,17.5,323,51,1.8,7.1,1020.9,90,0.0
2025-11-18 02:00:00,10.6,0.0,18.2,321,57,2.3,6.2,1020.8,19,0.0
2025-11-18 03:00:00,10.6,0.0,16.8,325,58,2.8,6.6,1020.6,35,0.0
2025-11-18 04:00:00,10.1,0.0,17.2,320,61,3.0,6.0,1020.6,9,0.0
2025-11-18 05:00:00,9.8,0.0,17.5,312,63,3.1,5.7,1020.9,56,0.0
2025-11-18 06:00:00,9.8,0.0,18.9,310,64,3.2,5.5,1021.3,83,0.0
2025-11-18 07:00:00,9.6,0.0,19.6,311,64,3.1,5.2,1021.6,87,0.0
2025-11-18 08:00:00,9.9,0.0,20.1,309,62,2.9,5.3,1022.2,98,53.0
2025-11-18 09:00:00,11.1,0.0,20.6,307,56,2.5,6.4,1022.6,100,141.0
2025-11-18 10:00:00,11.2,0.0,21.4,305,53,2.0,6.3,1022.5,100,179.0
2025-11-18 11:00:00,11.3,0.0,23.0,303,49,1.0,6.0,1022.9,99,216.0
2025-11-18 12:00:00,11.6,0.0,23.6,301,45,0.2,6.1,1022.1,80,296.0
2025-11-18 13:00:00,12.1,0.0,26.5,302,41,-0.8,5.9,1021.4,42,431.0
2025-11-18 14:00:00,11.6,0.0,25.7,306,42,-0.9,5.6,1021.2,87,416.0
2025-11-18 15:00:00,11.1,0.0,22.8,309,41,-1.5,5.4,1021.3,68,304.0
2025-11-18 16:00:00,10.5,0.0,21.5,313,39,-2.9,4.8,1021.9,83,163.0
2025-11-18 17:00:00,10.1,0.0,17.3,312,40,-2.8,5.0,1022.2,55,53.0
2025-11-18 18:00:00,9.4,0.0,15.0,322,43,-2.5,4.7,1022.4,15,0.0
2025-11-18 19:00:00,9.1,0.0,14.0,313,47,-1.7,4.6,1022.5,5,0.0
2025-11-18 20:00:00,8.8,0.0,13.6,324,50,-1.1,4.5,1022.3,3,0.0
2025-11-18 21:00:00,8.9,0.0,12.7,317,52,-0.5,4.8,1022.5,71,0.0
2025-11-18 22:00:00,8.9,0.0,11.1,318,56,0.6,5.2,1022.5,56,0.0
2025-11-18 23:00:00,9.2,0.0,13.9,318,55,0.6,5.1,1022.4,57,0.0
2025-11-19 00:00:00,9.6,0.0,16.0,313,53,0.5,5.2,1022.8,100,0.0
2025-11-19 01:00:00,9.8,0.0,16.1,310,54,0.8,5.4,1022.9,100,0.0
2025-11-19 02:00:00,9.8,0.0,16.9,314,53,0.6,5.2,1023.0,100,0.0
2025-11-19 03:00:00,9.4,0.0,14.8,315,59,1.9,5.4,1023.2,97,0.0
2025-11-19 04:00:00,9.1,0.0,11.0,334,60,1.7,5.6,1022.9,18,0.0
2025-11-19 05:00:00,7.9,0.0,7.2,347,67,2.2,5.1,1023.0,95,0.0
2025-11-19 06:00:00,7.8,0.0,4.9,336,70,2.5,5.3,1023.4,40,0.0
2025-11-19 07:00:00,7.4,0.0,7.4,326,73,3.0,4.7,1024.0,31,0.0
2025-11-19 08:00:00,8.6,0.0,10.8,328,66,2.8,5.4,1024.6,17,63.0
2025-11-19 09:00:00,10.1,0.0,7.1,339,56,1.5,7.1,1024.6,15,216.0
2025-11-19 10:00:00,11.5,0.0,5.4,304,49,1.2,8.8,1024.6,43,377.0
2025-11-19 11:00:00,12.5,0.0,9.1,285,43,0.3,9.1,1024.3,60,414.0
2025-11-19 12:00:00,12.9,0.0,12.6,279,40,-0.3,8.9,1023.7,100,408.0
2025-11-19 13:00:00,12.7,0.0,13.5,289,42,0.1,8.6,1022.8,100,321.0
2025-11-19 14:00:00,12.6,0.0,13.7,289,44,0.6,8.6,1022.4,99,314.0
2025-11-19 15:00:00,12.1,0.0,13.6,287,45,0.6,8.2,1022.8,100,175.0
2025-11-19 16:00:00,11.8,0.0,12.6,294,47,0.9,8.0,1023.0,98,115.0
2025-11-19 17:00:00,11.4,0.0,9.8,296,50,1.4,8.0,1023.2,100,46.0
2025-11-19 18:00:00,10.4,0.0,8.0,310,60,3.0,7.6,1023.4,100,0.0
2025-11-19 19:00:00,8.9,0.0,4.3,355,70,3.7,6.7,1023.7,100,0.0
2025-11-19 20:00:00,9.8,0.0,6.0,21,64,3.2,7.4,1023.7,99,0.0
2025-11-19 21:00:00,9.6,0.0,8.8,41,62,2.7,6.6,1023.6,55,0.0
2025-11-19 22:00:00,9.2,0.0,6.0,57,61,2.1,6.6,1023.8,73,0.0
2025-11-19 23:00:00,9.4,0.0,4.0,72,63,2.7,7.1,1023.4,54,0.0
2025-11-20 00:00:00,8.6,0.0,1.1,360,67,2.8,6.8,1023.3,33,0.0
2025-11-20 01:00:00,8.4,0.0,2.8,281,77,4.6,6.7,1022.9,56,0.0
2025-11-20 02:00:00,10.4,0.0,10.2,256,80,7.1,8.2,1022.7,53,0.0
2025-11-20 03:00:00,11.4,0.0,15.3,238,72,6.6,8.3,1022.4,100,0.0
2025-11-20 04:00:00,11.4,0.0,13.2,224,72,6.7,8.7,1022.3,94,0.0
2025-11-20 05:00:00,12.1,0.0,12.7,240,67,6.2,9.2,1022.5,98,0.0
2025-11-20 06:00:00,12.2,0.0,15.9,245,67,6.2,8.9,1022.7,76,0.0
2025-11-20 07:00:00,12.1,0.0,15.3,252,71,7.1,9.2,1022.9,99,0.0
2025-11-20 08:00:00,12.8,0.0,15.1,273,63,5.9,9.5,1023.3,32,52.0
2025-11-20 09:00:00,13.8,0.0,16.7,246,55,4.8,10.1,1023.7,91,214.0
2025-11-20 10:00:00,14.1,0.0,19.0,239,60,6.3,10.3,1023.8,84,319.0
2025-11-20 11:00:00,14.4,0.0,19.3,271,55,5.4,10.4,1023.7,86,270.0
2025-11-20 12:00:00,14.6,0.0,21.3,287,52,4.9,10.3,1023.3,17,415.0
2025-11-20 13:00:00,15.0,0.0,20.1,277,45,3.2,10.5,1022.9,8,525.0
2025-11-20 14:00:00,15.5,0.0,18.8,277,42,2.5,11.1,1022.4,40,480.0
2025-11-20 15:00:00,15.0,0.0,18.2,279,45,3.0,10.7,1021.9,33,357.0
2025-11-20 16:00:00,14.6,0.0,17.3,283,47,3.5,10.6,1022.0,20,212.0
2025-11-20 17:00:00,13.8,0.0,15.4,264,53,4.2,10.1,1022.1,5,69.0
2025-11-20 18:00:00,13.0,0.0,14.2,263,62,5.9,9.9,1022.5,29,0.0
2025-11-20 19:00:00,12.4,0.0,7.0,252,69,6.8,10.6,1022.5,10,0.0
2025-11-20 20:00:00,11.6,0.0,7.1,255,76,7.6,10.0,1022.4,23,0.0
2025-11-20 21:00:00,13.1,0.0,13.7,240,67,7.2,10.3,1022.5,25,0.0
2025-11-20 22:00:00,13.1,0.0,16.1,238,72,8.2,10.3,1022.5,63,0.0
2025-11-20 23:00:00,13.4,0.0,18.2,231,70,7.9,10.2,1022.4,24,0.0
2025-11-21 00:00:00,13.2,0.0,17.2,244,71,8.1,10.2,1022.1,17,0.0
2025-11-21 01:00:00,13.1,0.0,16.4,247,75,8.8,10.4,1022.2,36,0.0
2025-11-21 02:00:00,12.7,0.0,10.4,260,83,9.9,11.2,1022.0,49,0.0
2025-11-21 03:00:00,12.8,0.0,12.7,254,80,9.4,10.8,1022.0,88,0.0
2025-11-21 04:00:00,12.7,0.0,9.6,261,83,9.9,11.3,1021.7,74,0.0
2025-11-21 05:00:00,12.4,0.0,8.6,271,84,9.9,11.2,1021.6,52,0.0
2025-11-21 06:00:00,12.5,0.0,9.8,276,81,9.4,10.9,1021.9,93,0.0
2025-11-21 07:00:00,12.8,0.0,11.0,280,74,8.2,10.7,1022.3,75,0.0
2025-11-21 08:00:00,13.6,0.0,11.7,283,67,7.5,11.3,1022.7,70,54.0
2025-11-21 09:00:00,15.4,0.0,16.8,264,58,7.2,12.2,1022.9,28,203.0
2025-11-21 10:00:00,16.1,0.0,19.7,265,52,6.2,12.3,1022.7,30,360.0
2025-11-21 11:00:00,16.6,0.0,23.0,280,49,5.8,12.2,1022.5,35,463.0
2025-11-21 12:00:00,16.6,0.0,23.0,282,47,5.4,12.2,1022.0,46,461.0
2025-11-21 13:00:00,16.1,0.0,21.6,293,49,5.4,11.9,1021.3,43,427.0
2025-11-21 14:00:00,15.7,0.0,20.2,303,48,4.6,11.5,1021.5,25,454.0
2025-11-21 15:00:00,15.6,0.0,18.2,300,45,3.7,11.5,1021.3,3,359.0
2025-11-21 16:00:00,15.1,0.0,16.5,300,43,2.7,11.0,1021.7,2,224.0
2025-11-21 17:00:00,13.7,0.0,14.3,307,48,2.8,10.0,1022.3,11,69.0
2025-11-21 18:00:00,12.4,0.0,10.7,319,57,4.1,9.5,1022.8,4,0.0
2025-11-21 19:00:00,11.4,0.0,9.9,333,62,4.4,8.7,1023.2,3,0.0
2025-11-21 20:00:00,10.9,0.0,10.3,337,61,3.6,7.9,1023.4,0,0.0
2025-11-21 21:00:00,10.8,0.0,9.3,335,66,4.6,8.1,1023.7,3,0.0
2025-11-21 22:00:00,9.9,0.0,9.3,352,67,4.0,7.1,1024.3,6,0.0
2025-11-21 23:00:00,9.4,0.0,8.6,2,65,3.2,6.6,1024.3,7,0.0
2025-11-22 00:00:00,9.1,0.0,8.5,6,65,2.8,6.2,1024.4,5,0.0
2025-11-22 01:00:00,8.9,0.0,8.7,8,65,2.8,6.0,1024.2,3,0.0
2025-11-22 02:00:00,8.9,0.0,8.3,2,65,2.8,6.1,1024.1,6,0.0
2025-11-22 03:00:00,8.5,0.0,8.3,356,67,2.7,5.6,1024.2,0,0.0
2025-11-22 04:00:00,7.7,0.0,8.5,4,70,2.5,4.8,1024.0,0,0.0
2025-11-22 05:00:00,6.9,0.0,7.6,15,74,2.5,4.1,1024.0,0,0.0
2025-11-22 06:00:00,6.2,0.0,6.3,27,78,2.7,3.6,1024.3,1,0.0
2025-11-22 07:00:00,5.4,0.0,5.1,39,82,2.7,3.0,1025.1,0,0.0
2025-11-22 08:00:00,7.6,0.0,6.5,44,76,3.7,5.1,1025.6,0,61.0
2025-11-22 09:00:00,11.4,0.0,5.1,45,62,4.4,9.3,1025.9,0,218.0
2025-11-22 10:00:00,13.6,0.0,2.3,90,54,4.4,11.9,1026.1,2,383.0
2025-11-22 11:00:00,14.6,0.0,4.7,184,49,4.1,12.5,1026.0,4,500.0
2025-11-22 12:00:00,15.0,0.0,4.9,216,50,4.6,13.0,1025.5,3,551.0
2025-11-22 13:00:00,15.2,0.0,6.1,230,51,5.1,13.3,1024.8,2,565.0
2025-11-22 14:00:00,15.5,0.0,6.8,220,51,5.4,13.4,1024.2,2,498.0
2025-11-22 15:00:00,16.1,0.0,5.3,252,49,5.5,14.2,1023.9,0,382.0
2025-11-22 16:00:00,15.9,0.0,6.1,284,49,5.2,13.9,1023.7,0,229.0
2025-11-22 17:00:00,13.9,0.0,5.0,285,62,6.8,12.4,1023.8,0,67.0
2025-11-22 18:00:00,13.0,0.0,6.2,300,71,7.9,11.6,1024.2,0,0.0
2025-11-22 19:00:00,12.8,0.0,8.6,307,75,8.4,11.1,1024.7,0,0.0
2025-11-22 20:00:00,11.1,0.0,5.0,316,84,8.6,10.0,1024.8,0,0.0
2025-11-22 21:00:00,10.7,0.0,2.8,333,87,8.6,9.9,1024.7,2,0.0
2025-11-22 22:00:00,9.9,0.0,0.7,360,84,7.3,9.1,1024.8,8,0.0
2025-11-22 23:00:00,9.8,0.0,0.7,346,83,7.0,8.9,1024.7,53,0.0
2025-11-23 00:00:00,10.2,0.0,0.4,27,79,6.8,9.3,1024.3,22,0.0
2025-11-23 01:00:00,10.3,0.0,0.7,90,78,6.6,9.3,1024.0,18,0.0
2025-11-23 02:00:00,10.1,0.0,0.6,72,77,6.2,9.1,1023.6,11,0.0
2025-11-23 03:00:00,9.6,0.0,0.5,45,78,5.9,8.5,1023.7,8,0.0
2025-11-23 04:00:00,8.6,0.0,1.0,22,81,5.5,7.4,1023.5,6,0.0
2025-11-23 05:00:00,8.6,0.0,0.4,27,81,5.5,7.4,1023.5,14,0.0
2025-11-23 06:00:00,9.0,0.0,1.2,117,80,5.8,7.8,1023.9,10,0.0
2025-11-23 07:00:00,9.1,0.0,2.5,201,84,6.6,7.8,1024.6,21,0.0
2025-11-23 08:00:00,11.4,0.0,5.0,215,86,9.1,10.5,1025.0,11,59.0
2025-11-23 09:00:00,13.8,0.0,6.6,189,72,8.9,12.6,1024.9,5,214.0
2025-11-23 10:00:00,15.0,0.0,8.7,186,63,8.1,13.2,1024.7,1,365.0
2025-11-23 11:00:00,15.7,0.0,9.5,178,59,7.8,13.7,1024.1,0,490.0
2025-11-23 12:00:00,16.2,0.0,8.3,174,56,7.5,14.4,1023.0,1,563.0
2025-11-23 13:00:00,16.6,0.0,6.3,175,54,7.3,15.1,1022.3,5,567.0
2025-11-23 14:00:00,16.8,0.0,3.3,167,54,7.4,15.6,1021.9,41,486.0
2025-11-23 15:00:00,16.6,0.0,1.2,153,55,7.6,15.9,1021.7,13,337.0
2025-11-23 16:00:00,16.5,0.0,1.5,135,56,7.8,15.6,1021.8,5,215.0
2025-11-23 17:00:00,13.9,0.0,2.7,138,71,8.8,13.2,1021.6,5,65.0
2025-11-23 18:00:00,13.1,0.0,1.7,122,73,8.3,12.4,1021.4,0,0.0
2025-11-23 19:00:00,12.7,0.0,2.0,117,74,8.2,11.9,1021.7,0,0.0
2025-11-23 20:00:00,12.4,0.0,4.6,141,79,8.8,11.4,1021.6,2,0.0
2025-11-23 21:00:00,13.3,0.0,8.0,118,82,10.2,12.2,1021.1,86,0.0
2025-11-23 22:00:00,12.9,0.0,5.5,134,87,10.7,12.3,1021.2,54,0.0
2025-11-23 23:00:00,12.4,0.0,2.0,175,85,9.9,12.2,1021.5,15,0.0
2025-11-24 00:00:00,12.2,0.0,3.6,160,84,9.6,11.6,1021.4,2,0.0
2025-11-24 01:00:00,11.6,0.0,4.4,148,86,9.4,10.8,1020.9,19,0.0
2025-11-24 02:00:00,11.6,0.0,2.1,160,89,9.8,11.3,1020.8,13,0.0
2025-11-24 03:00:00,11.0,0.0,0.6,18,92,9.8,10.9,1020.9,80,0.0
2025-11-24 04:00:00,9.8,0.0,2.8,11,90,8.2,8.9,1020.9,100,0.0
2025-11-24 05:00:00,9.9,0.0,4.3,17,87,7.9,8.7,1020.5,99,0.0
2025-11-24 06:00:00,9.4,0.0,3.9,24,89,7.7,8.2,1020.4,100,0.0
2025-11-24 07:00:00,9.9,0.0,4.8,13,88,8.0,8.7,1020.7,81,0.0
2025-11-24 08:00:00,10.8,0.0,8.2,9,87,8.6,9.3,1021.0,99,41.0
2025-11-24 09:00:00,13.1,0.0,5.1,58,77,9.2,12.2,1020.8,90,96.0
2025-11-24 10:00:00,14.6,0.3,5.4,90,77,10.6,14.0,1020.4,88,223.0
2025-11-24 11:00:00,16.0,0.0,4.5,97,75,11.6,15.8,1019.7,38,367.0
2025-11-24 12:00:00,17.2,0.0,2.8,135,67,11.0,17.1,1018.6,96,484.0
2025-11-24 13:00:00,17.2,0.1,5.2,209,65,10.6,16.7,1018.1,59,396.0
2025-11-24 14:00:00,17.4,0.0,4.5,203,64,10.6,16.9,1017.3,55,381.0
2025-11-24 15:00:00,17.6,0.0,5.4,174,61,10.0,16.8,1016.8,92,304.0
2025-11-24 16:00:00,17.1,0.0,5.4,172,63,9.9,16.3,1016.7,89,142.0
2025-11-24 17:00:00,15.8,0.0,3.3,158,74,11.1,15.6,1017.0,100,36.0
2025-11-24 18:00:00,15.2,0.0,3.5,165,78,11.4,15.2,1016.7,65,0.0
2025-11-24 19:00:00,14.8,0.0,1.8,191,79,11.2,14.9,1016.6,23,0.0
2025-11-24 20:00:00,14.1,0.0,1.7,221,80,10.8,14.2,1016.6,30,0.0
2025-11-24 21:00:00,14.0,0.0,3.8,101,77,9.9,13.4,1016.4,100,0.0
2025-11-24 22:00:00,14.0,0.0,3.8,109,81,10.7,13.7,1016.0,100,0.0
2025-11-24 23:00:00,14.1,0.2,6.6,248,82,11.1,13.4,1015.9,99,0.0
2025-11-25 00:00:00,13.8,0.2,1.9,139,85,11.3,13.9,1015.2,100,0.0
2025-11-25 01:00:00,13.1,0.3,4.3,298,88,11.2,12.9,1014.8,100,0.0
2025-11-25 02:00:00,13.2,0.7,6.7,278,89,11.4,12.7,1014.3,100,0.0
2025-11-25 03:00:00,13.2,1.3,9.9,295,88,11.3,12.2,1013.9,100,0.0
2025-11-25 04:00:00,13.0,1.3,9.4,283,94,12.0,12.2,1013.5,100,0.0
2025-11-25 05:00:00,13.1,1.3,9.2,253,94,12.1,12.5,1013.4,100,0.0
2025-11-25 06:00:00,12.9,0.5,4.1,285,94,12.1,13.0,1013.2,100,0.0
2025-11-25 07:00:00,12.3,0.1,4.9,253,94,11.4,12.0,1012.8,80,0.0
2025-11-25 08:00:00,13.5,0.0,6.8,270,92,12.1,13.2,1013.1,57,42.0
2025-11-25 09:00:00,14.4,0.0,7.1,243,86,12.1,14.1,1013.2,18,175.0
2025-11-25 10:00:00,15.7,0.0,12.9,231,75,11.2,14.2,1013.2,23,327.0
2025-11-25 11:00:00,17.4,0.0,15.5,250,63,10.1,15.1,1012.5,36,444.0
2025-11-25 12:00:00,17.1,0.0,28.4,290,41,3.7,11.5,1012.2,59,445.0
2025-11-25 13:00:00,16.2,0.0,23.8,277,50,5.7,11.7,1012.1,99,429.0
2025-11-25 14:00:00,13.4,0.3,19.6,269,71,8.2,10.1,1012.3,57,200.0
2025-11-25 15:00:00,11.9,0.3,23.6,272,85,9.5,8.4,1012.9,100,238.0
2025-11-25 16:00:00,13.9,0.2,29.8,278,63,6.9,8.7,1012.7,44,80.0
2025-11-25 17:00:00,13.9,0.0,29.1,278,53,4.3,8.3,1013.1,41,44.0
2025-11-25 18:00:00,13.6,0.0,29.1,284,53,4.2,7.9,1013.6,30,0.0
2025-11-25 19:00:00,12.9,0.0,26.8,294,57,4.5,7.7,1014.3,36,0.0
2025-11-25 20:00:00,12.4,0.0,24.0,297,59,4.7,7.7,1015.0,55,0.0
2025-11-25 21:00:00,12.6,0.0,22.7,283,60,5.1,8.1,1015.4,52,0.0
2025-11-25 22:00:00,12.4,0.0,24.8,290,55,3.7,7.3,1016.1,43,0.0
2025-11-25 23:00:00,12.0,0.0,25.2,299,57,3.7,6.8,1016.8,23,0.0
2025-11-26 00:00:00,11.4,0.0,22.5,305,56,2.8,6.5,1017.5,16,0.0
2025-11-26 01:00:00,10.8,0.0,21.2,310,61,3.5,6.1,1018.0,6,0.0
2025-11-26 02:00:00,10.8,0.0,18.4,303,61,3.6,6.6,1018.3,9,0.0
2025-11-26 03:00:00,10.8,0.0,17.2,305,63,4.1,6.8,1018.9,40,0.0
2025-11-26 04:00:00,11.0,0.0,17.9,309,68,5.2,7.2,1019.1,11,0.0
2025-11-26 05:00:00,10.9,0.0,17.9,315,72,5.9,7.2,1019.7,25,0.0
2025-11-26 06:00:00,10.8,0.0,14.9,311,79,7.3,7.9,1020.3,32,0.0
2025-11-26 07:00:00,10.9,0.1,12.7,317,84,8.3,8.6,1020.7,27,0.0
2025-11-26 08:00:00,11.6,0.0,10.3,308,82,8.6,9.7,1021.6,45,52.0
2025-11-26 09:00:00,13.7,0.0,4.4,305,73,8.9,12.8,1022.3,11,178.0
2025-11-26 10:00:00,15.3,0.0,3.8,352,64,8.5,14.3,1022.5,19,347.0
2025-11-26 11:00:00,16.5,0.0,7.8,5,54,7.2,14.6,1022.6,36,428.0
2025-11-26 12:00:00,17.0,0.0,7.6,338,49,6.3,15.0,1022.0,51,458.0
2025-11-26 13:00:00,17.6,0.0,8.3,330,46,5.8,15.3,1021.4,48,504.0
2025-11-26 14:00:00,17.7,0.0,9.8,342,44,5.2,15.1,1021.2,84,464.0
2025-11-26 15:00:00,17.1,0.0,7.1,345,46,5.4,15.0,1021.2,23,370.0
2025-11-26 16:00:00,16.5,0.0,9.0,355,50,6.1,14.2,1021.3,2,216.0
2025-11-26 17:00:00,14.4,0.0,11.0,355,62,7.1,12.0,1021.4,0,61.0
2025-11-26 18:00:00,12.8,0.0,11.5,357,67,6.9,10.3,1021.8,1,0.0
2025-11-26 19:00:00,11.7,0.0,9.0,3,72,6.8,9.6,1022.0,0,0.0
2025-11-26 20:00:00,10.4,0.0,5.5,9,77,6.6,8.7,1022.2,0,0.0
2025-11-26 21:00:00,9.5,0.0,5.0,15,82,6.6,7.9,1022.7,0,0.0
2025-11-26 22:00:00,8.4,0.0,3.7,23,84,5.8,6.8,1022.8,5,0.0
2025-11-26 23:00:00,8.1,0.0,1.8,11,84,5.7,6.8,1022.6,12,0.0
2025-11-27 00:00:00,9.4,0.0,0.0,270,75,5.2,8.2,1022.2,15,0.0
2025-11-27 01:00:00,10.1,0.0,0.8,63,71,5.1,8.8,1021.7,13,0.0
2025-11-27 02:00:00,9.9,0.0,1.8,79,72,5.2,8.4,1020.9,15,0.0
2025-11-27 03:00:00,10.0,0.0,0.9,37,73,5.4,8.7,1021.0,24,0.0
2025-11-27 04:00:00,9.8,0.0,1.1,198,75,5.6,8.5,1020.8,49,0.0
2025-11-27 05:00:00,9.4,0.0,2.8,169,88,7.5,8.4,1020.0,35,0.0
2025-11-27 06:00:00,9.6,0.0,5.0,193,94,8.8,8.5,1019.9,22,0.0
2025-11-27 07:00:00,11.1,0.0,8.7,172,91,9.6,9.7,1019.4,26,0.0
2025-11-27 08:00:00,12.0,0.0,11.7,162,88,10.1,10.3,1019.2,17,49.0
2025-11-27 09:00:00,13.6,0.0,13.8,165,75,9.4,11.4,1018.9,99,204.0
2025-11-27 10:00:00,15.1,0.0,14.2,176,63,8.1,12.5,1018.2,88,335.0
2025-11-27 11:00:00,15.7,0.0,12.6,218,56,7.1,13.1,1018.0,58,294.0
2025-11-27 12:00:00,16.1,0.0,13.4,185,55,7.1,13.5,1016.2,16,430.0
2025-11-27 13:00:00,17.0,0.0,15.7,170,54,7.7,14.1,1014.3,21,518.0
2025-11-27 14:00:00,17.6,0.0,13.4,173,54,8.4,15.3,1013.4,52,442.0
2025-11-27 15:00:00,17.5,0.0,25.2,228,56,8.6,13.4,1012.9,45,305.0
2025-11-27 16:00:00,17.0,0.0,19.1,262,59,8.9,13.9,1012.7,59,168.0
2025-11-27 17:00:00,16.0,0.0,28.6,267,60,8.2,11.4,1013.1,29,46.0
2025-11-27 18:00:00,14.1,0.0,25.7,270,74,9.4,10.2,1013.7,32,0.0
2025-11-27 19:00:00,13.9,0.1,27.6,278,68,8.1,9.4,1013.8,24,0.0
2025-11-27 20:00:00,13.9,0.0,29.2,279,61,6.5,8.7,1014.1,33,0.0
2025-11-27 21:00:00,14.1,0.1,29.4,278,58,5.9,8.8,1014.3,30,0.0
2025-11-27 22:00:00,13.8,0.0,30.8,277,58,5.8,8.3,1014.4,28,0.0
2025-11-27 23:00:00,13.1,0.1,31.9,279,61,5.8,7.4,1015.0,21,0.0
2025-11-28 00:00:00,12.6,0.1,31.7,284,59,4.9,6.7,1015.2,20,0.0
2025-11-28 01:00:00,12.2,0.0,30.4,289,61,4.9,6.5,1015.3,15,0.0
2025-11-28 02:00:00,12.4,0.0,30.0,293,55,3.5,6.5,1015.5,23,0.0
2025-11-28 03:00:00,12.4,0.0,28.3,289,52,2.8,6.6,1015.9,9,0.0
2025-11-28 04:00:00,11.9,0.0,28.0,290,51,2.0,6.0,1016.0,21,0.0
2025-11-28 05:00:00,11.4,0.0,24.6,292,52,2.0,6.1,1016.3,27,0.0
2025-11-28 06:00:00,11.2,0.0,19.6,295,52,1.8,6.5,1016.5,8,0.0
2025-11-28 07:00:00,10.4,0.0,20.2,323,58,2.4,5.7,1017.1,1,0.0
2025-11-28 08:00:00,10.2,0.0,19.0,323,59,2.5,5.7,1017.8,2,52.0
2025-11-28 09:00:00,11.8,0.0,18.8,304,51,2.0,7.3,1018.2,93,208.0
2025-11-28 10:00:00,12.4,0.0,19.4,304,49,2.0,7.8,1018.6,85,320.0
2025-11-28 11:00:00,12.7,0.0,19.3,302,48,2.0,8.1,1018.4,84,419.0
2025-11-28 12:00:00,12.7,0.0,19.7,300,48,2.1,8.1,1017.9,48,475.0
2025-11-28 13:00:00,12.5,0.0,19.0,300,49,2.1,8.0,1017.6,59,432.0
2025-11-28 14:00:00,12.4,0.0,18.2,302,49,1.9,7.9,1017.7,25,401.0
2025-11-28 15:00:00,12.2,0.0,15.4,300,49,1.9,8.1,1017.9,13,277.0
2025-11-28 16:00:00,11.8,0.0,12.8,308,50,1.6,8.0,1018.1,30,202.0
2025-11-28 17:00:00,10.4,0.0,11.1,323,57,2.3,7.1,1018.4,2,62.0
2025-11-28 18:00:00,9.4,0.0,11.4,337,64,3.0,6.2,1019.0,2,0.0
2025-11-28 19:00:00,8.6,0.0,8.0,344,68,3.0,5.9,1019.4,9,0.0
2025-11-28 20:00:00,7.7,0.0,4.4,348,74,3.3,5.4,1019.5,19,0.0
2025-11-28 21:00:00,7.8,0.0,3.4,354,75,3.7,5.9,1020.0,13,0.0
2025-11-28 22:00:00,7.6,0.0,4.2,350,79,4.2,5.6,1020.2,13,0.0
2025-11-28 23:00:00,7.1,0.0,4.5,2,81,4.0,5.0,1020.2,12,0.0
2025-11-29 00:00:00,6.7,0.0,5.9,12,78,3.1,4.2,1020.3,6,0.0
2025-11-29 01:00:00,6.2,0.0,6.5,23,77,2.5,3.6,1020.4,2,0.0
2025-11-29 02:00:00,5.2,0.0,4.0,32,82,2.5,2.9,1020.0,2,0.0
2025-11-29 03:00:00,5.1,0.0,4.1,29,81,2.0,2.7,1019.9,0,0.0
2025-11-29 04:00:00,4.4,0.0,5.3,33,82,1.6,1.8,1019.4,0,0.0
2025-11-29 05:00:00,4.5,0.0,7.3,28,80,1.4,1.5,1019.3,0,0.0
2025-11-29 06:00:00,4.6,0.0,7.5,30,79,1.2,1.6,1019.7,0,0.0
2025-11-29 07:00:00,4.5,0.0,7.4,29,79,1.1,1.5,1019.9,0,0.0
2025-11-29 08:00:00,6.1,0.0,7.7,25,74,1.8,3.1,1020.1,0,48.0
2025-11-29 09:00:00,9.4,0.0,5.1,51,65,3.2,7.0,1020.4,3,197.0
2025-11-29 10:00:00,11.2,0.0,2.2,132,61,4.0,9.5,1020.3,4,347.0
2025-11-29 11:00:00,12.1,0.0,4.1,203,64,5.6,10.4,1020.0,3,479.0
2025-11-29 12:00:00,12.7,0.0,5.5,216,62,5.7,10.8,1019.1,2,552.0
2025-11-29 13:00:00,13.1,0.0,6.1,214,55,4.3,10.9,1018.4,0,558.0
2025-11-29 14:00:00,13.2,0.0,3.6,225,50,3.0,11.1,1018.1,0,501.0
2025-11-29 15:00:00,13.6,0.0,1.4,310,48,2.7,11.7,1017.6,0,385.0
2025-11-29 16:00:00,13.6,0.0,2.8,342,49,3.2,11.6,1017.6,0,227.0
2025-11-29 17:00:00,11.4,0.0,0.9,349,61,4.3,10.0,1017.9,0,63.0
2025-11-29 18:00:00,10.4,0.0,1.9,17,65,4.2,8.8,1018.4,0,0.0
2025-11-29 19:00:00,9.4,0.0,3.1,50,69,4.1,7.6,1018.7,0,0.0
2025-11-29 20:00:00,9.0,0.0,4.1,67,69,3.7,6.9,1019.0,0,0.0
2025-11-29 21:00:00,9.9,0.0,0.9,101,66,3.8,8.3,1019.5,2,0.0
2025-11-29 22:00:00,8.6,0.0,4.5,119,73,4.2,6.6,1019.6,17,0.0
2025-11-29 23:00:00,9.2,0.0,4.2,144,76,5.2,7.4,1019.8,31,0.0
2025-11-30 00:00:00,9.6,0.0,6.3,175,82,6.6,7.8,1019.5,43,0.0
2025-11-30 01:00:00,11.3,0.0,10.2,171,83,8.4,9.4,1019.4,16,0.0
2025-11-30 02:00:00,11.2,0.0,10.5,158,84,8.7,9.4,1019.3,2,0.0
2025-11-30 03:00:00,10.8,0.0,8.2,122,85,8.2,9.1,1019.4,0,0.0
2025-11-30 04:00:00,9.9,0.0,6.2,105,87,7.8,8.4,1019.0,2,0.0
2025-11-30 05:00:00,9.3,0.0,5.4,96,88,7.4,7.8,1019.1,7,0.0
2025-11-30 06:00:00,8.6,0.0,5.1,82,89,6.8,7.0,1019.4,5,0.0
2025-11-30 07:00:00,9.6,0.0,5.8,86,89,7.8,8.2,1019.5,13,0.0
2025-11-30 08:00:00,11.0,0.0,6.8,72,87,8.9,9.7,1020.0,17,41.0
2025-11-30 09:00:00,13.0,0.0,9.3,103,81,9.8,11.6,1020.0,21,179.0
2025-11-30 10:00:00,15.2,0.0,9.4,128,66,8.8,13.5,1020.0,14,342.0
2025-11-30 11:00:00,16.4,0.0,9.6,146,54,7.2,14.2,1019.4,5,458.0
2025-11-30 12:00:00,17.0,0.0,8.6,147,52,7.0,15.0,1018.4,34,532.0
2025-11-30 13:00:00,17.8,0.0,8.4,138,51,7.3,15.8,1017.5,27,523.0
2025-11-30 14:00:00,18.0,0.0,8.5,128,52,7.9,16.3,1016.9,3,455.0
2025-11-30 15:00:00,18.1,0.0,8.0,134,54,8.8,16.7,1016.7,30,363.0
2025-11-30 16:00:00,17.4,0.0,8.9,119,61,9.9,16.1,1016.7,5,209.0
2025-11-30 17:00:00,15.7,0.0,9.0,110,73,10.9,14.7,1016.9,8,58.0
2025-11-30 18:00:00,15.2,0.0,9.0,125,77,11.1,14.2,1017.5,10,0.0
2025-11-30 19:00:00,15.4,0.0,11.1,148,75,10.9,14.0,1017.6,26,0.0
2025-11-30 20:00:00,15.4,0.0,11.1,150,74,10.9,14.1,1017.6,19,0.0
2025-11-30 21:00:00,15.4,0.0,12.9,155,80,11.9,14.1,1017.5,18,0.0
2025-11-30 22:00:00,15.2,0.0,12.4,163,80,11.8,14.0,1017.5,41,0.0
2025-11-30 23:00:00,14.9,0.0,10.7,173,80,11.6,13.9,1017.3,80,0.0
2025-12-01 00:00:00,14.6,0.0,7.7,179,82,11.5,13.9,1017.3,93,0.0
2025-12-01 01:00:00,14.6,0.0,8.1,176,81,11.4,13.9,1017.0,8,0.0
2025-12-01 02:00:00,14.9,0.0,9.9,185,80,11.4,13.8,1016.7,4,0.0
2025-12-01 03:00:00,15.1,0.0,10.7,187,78,11.3,14.0,1016.4,6,0.0
2025-12-01 04:00:00,14.8,0.0,9.2,192,81,11.6,13.9,1016.0,1,0.0
2025-12-01 05:00:00,14.7,0.0,8.9,193,82,11.6,13.9,1015.8,3,0.0
2025-12-01 06:00:00,14.4,0.0,7.2,208,84,11.7,13.9,1016.2,33,0.0
2025-12-01 07:00:00,13.5,0.0,1.8,264,86,11.1,13.6,1016.3,57,0.0
2025-12-01 08:00:00,14.4,0.0,1.1,90,87,12.2,15.0,1017.0,84,36.0
2025-12-01 09:00:00,15.9,0.1,4.4,351,80,12.4,16.0,1017.6,100,167.0
2025-12-01 10:00:00,16.8,0.0,3.6,323,77,12.7,17.1,1017.9,100,186.0
2025-12-01 11:00:00,17.9,0.0,3.2,199,73,13.0,18.3,1017.5,73,339.0
2025-12-01 12:00:00,19.0,0.0,5.9,239,68,12.9,19.0,1016.4,100,488.0
2025-12-01 13:00:00,19.9,0.0,11.7,267,52,9.8,18.1,1015.5,100,421.0
2025-12-01 14:00:00,20.0,0.0,15.9,279,40,6.0,16.6,1015.5,99,400.0
2025-12-01 15:00:00,19.2,0.0,14.8,283,43,6.2,16.1,1015.7,100,263.0
2025-12-01 16:00:00,18.5,0.0,11.8,276,51,8.1,16.3,1015.9,94,154.0
2025-12-01 17:00:00,16.9,0.0,8.0,276,60,9.1,15.5,1016.1,100,47.0
2025-12-01 18:00:00,14.8,0.0,4.7,310,75,10.3,14.2,1016.4,96,0.0
2025-12-01 19:00:00,13.9,0.0,9.2,340,80,10.5,12.7,1016.5,22,0.0
2025-12-01 20:00:00,12.9,0.0,11.9,358,82,9.9,11.2,1017.0,18,0.0
2025-12-01 21:00:00,12.7,0.0,10.8,357,83,9.9,11.1,1016.8,90,0.0
2025-12-01 22:00:00,12.4,0.0,7.1,7,81,9.2,11.2,1016.7,52,0.0
2025-12-01 23:00:00,10.1,0.0,3.6,18,88,8.2,9.2,1016.4,34,0.0
2025-12-02 00:00:00,9.1,0.0,2.9,4,89,7.4,8.0,1016.2,40,0.0
2025-12-02 01:00:00,8.1,0.0,2.8,15,90,6.6,6.8,1015.9,0,0.0
2025-12-02 02:00:00,7.8,0.0,3.5,24,91,6.4,6.3,1015.4,0,0.0
2025-12-02 03:00:00,8.2,0.0,5.8,9,90,6.6,6.5,1015.7,5,0.0
2025-12-02 04:00:00,8.8,0.0,6.3,360,87,6.8,7.1,1015.7,86,0.0
2025-12-02 05:00:00,8.8,0.0,5.4,2,88,6.9,7.2,1015.7,97,0.0
2025-12-02 06:00:00,8.2,0.0,4.3,358,91,6.8,6.8,1016.0,56,0.0
2025-12-02 07:00:00,8.1,0.0,3.6,340,90,6.6,6.7,1016.4,87,0.0
2025-12-02 08:00:00,10.4,0.0,2.3,309,84,7.8,9.5,1016.9,100,35.0
2025-12-02 09:00:00,12.4,0.0,1.7,311,82,9.4,12.0,1017.3,45,158.0
2025-12-02 10:00:00,14.4,0.0,3.0,194,79,10.9,14.2,1017.1,94,320.0
2025-12-02 11:00:00,15.6,0.0,2.8,243,76,11.5,15.7,1016.5,75,386.0
2025-12-02 12:00:00,16.6,0.0,7.3,250,74,12.1,16.2,1015.2,78,414.0
2025-12-02 13:00:00,17.1,0.1,8.7,304,63,10.1,15.9,1014.7,58,361.0
2025-12-02 14:00:00,17.4,0.0,17.6,347,53,7.6,14.2,1014.8,86,432.0
2025-12-02 15:00:00,16.1,0.0,20.1,354,52,6.3,12.3,1014.9,77,330.0
2025-12-02 16:00:00,15.3,0.0,19.7,351,52,5.4,11.3,1015.3,92,195.0
2025-12-02 17:00:00,14.1,0.0,16.5,337,57,5.8,10.6,1016.1,98,56.0
2025-12-02 18:00:00,12.8,0.0,17.0,356,68,6.9,9.5,1016.7,100,0.0
2025-12-02 19:00:00,12.4,0.0,12.2,359,69,6.8,9.8,1016.8,100,0.0
2025-12-02 20:00:00,12.0,0.0,10.7,337,70,6.7,9.6,1017.3,100,0.0
2025-12-02 21:00:00,11.6,0.0,11.9,326,75,7.3,9.2,1017.2,100,0.0
2025-12-02 22:00:00,11.5,0.0,14.0,327,69,6.1,8.5,1017.2,94,0.0
2025-12-02 23:00:00,11.3,0.0,14.6,325,66,5.2,8.0,1017.3,89,0.0
2025-12-03 00:00:00,10.9,0.0,14.4,322,62,4.0,7.4,1017.3,45,0.0
2025-12-03 01:00:00,10.4,0.0,14.7,319,58,2.6,6.6,1017.4,8,0.0
2025-12-03 02:00:00,9.8,0.0,19.9,319,56,1.4,5.0,1017.6,1,0.0
2025-12-03 03:00:00,9.8,0.0,19.5,321,53,0.6,4.9,1017.5,3,0.0
2025-12-03 04:00:00,9.2,0.0,19.0,319,50,-0.6,4.2,1017.5,9,0.0
2025-12-03 05:00:00,8.7,0.0,20.8,314,52,-0.7,3.4,1017.9,13,0.0
2025-12-03 06:00:00,8.5,0.0,24.1,312,51,-0.9,2.7,1018.2,38,0.0
2025-12-03 07:00:00,7.9,0.0,25.2,315,53,-1.1,1.9,1018.6,98,0.0
2025-12-03 08:00:00,7.9,0.0,25.1,318,53,-1.0,2.0,1019.0,99,21.0
2025-12-03 09:00:00,8.1,0.0,22.9,321,52,-1.1,2.5,1019.5,100,75.0
2025-12-03 10:00:00,7.9,0.0,25.7,319,54,-0.9,1.9,1020.0,100,142.0
2025-12-03 11:00:00,7.9,0.0,25.0,320,54,-0.8,2.1,1019.8,85,236.0
2025-12-03 12:00:00,7.2,0.0,25.3,326,53,-1.6,1.2,1019.5,54,285.0
2025-12-03 13:00:00,7.4,0.0,25.0,322,46,-3.3,1.2,1019.0,18,447.0
2025-12-03 14:00:00,7.3,0.0,26.2,322,42,-4.8,0.7,1018.5,23,478.0
2025-12-03 15:00:00,6.9,0.0,22.9,323,41,-5.3,0.8,1018.7,36,351.0
2025-12-03 16:00:00,6.2,0.0,21.9,318,43,-5.6,0.2,1019.2,25,190.0
2025-12-03 17:00:00,5.6,0.0,19.7,316,49,-4.4,-0.0,1019.3,13,56.0
2025-12-03 18:00:00,5.8,0.0,21.5,306,48,-4.4,-0.0,1019.8,59,0.0
2025-12-03 19:00:00,6.0,0.0,20.1,310,43,-5.7,0.2,1020.1,49,0.0
2025-12-03 20:00:00,6.3,0.0,23.0,305,46,-4.6,0.2,1020.2,38,0.0
2025-12-03 21:00:00,6.2,0.0,25.6,312,45,-4.8,-0.3,1020.9,13,0.0
2025-12-03 22:00:00,5.6,0.0,29.5,322,47,-5.0,-1.5,1021.6,38,0.0
2025-12-03 23:00:00,5.2,0.0,28.9,323,52,-4.0,-1.7,1022.5,10,0.0
2025-12-04 00:00:00,4.3,0.0,29.4,321,53,-4.3,-2.6,1022.8,18,0.0
2025-12-04 01:00:00,4.1,0.0,26.0,317,55,-4.3,-2.4,1022.6,8,0.0
2025-12-04 02:00:00,4.3,0.0,22.9,317,53,-4.4,-1.7,1022.7,12,0.0
2025-12-04 03:00:00,4.2,0.0,21.9,319,54,-4.3,-1.7,1023.1,2,0.0
2025-12-04 04:00:00,4.2,0.0,20.0,318,53,-4.7,-1.5,1023.3,14,0.0
2025-12-04 05:00:00,4.1,0.0,20.6,315,53,-4.6,-1.6,1023.6,25,0.0
2025-12-04 06:00:00,4.1,0.0,18.1,316,53,-4.7,-1.3,1024.0,56,0.0
2025-12-04 07:00:00,4.7,0.0,16.3,317,51,-4.7,-0.5,1024.1,97,0.0
2025-12-04 08:00:00,5.2,0.0,16.7,312,51,-4.1,0.0,1024.2,100,29.0
2025-12-04 09:00:00,6.1,0.0,15.3,317,52,-3.1,1.3,1024.9,100,114.0
2025-12-04 10:00:00,6.9,0.0,19.3,306,49,-3.1,1.5,1025.0,100,185.0
2025-12-04 11:00:00,7.3,0.0,20.3,300,48,-3.0,1.8,1024.7,100,225.0
2025-12-04 12:00:00,7.8,0.1,21.9,294,47,-2.8,2.0,1024.3,100,253.0
2025-12-04 13:00:00,8.0,0.0,22.7,291,45,-3.3,2.1,1023.8,94,227.0
2025-12-04 14:00:00,8.3,0.0,22.9,292,43,-3.6,2.3,1023.3,100,238.0
2025-12-04 15:00:00,8.2,0.0,19.6,281,48,-2.3,2.9,1023.0,100,179.0
2025-12-04 16:00:00,8.6,0.0,19.8,278,44,-2.8,3.2,1022.8,100,80.0
2025-12-04 17:00:00,8.3,0.0,17.4,286,53,-0.7,3.5,1022.7,100,29.0
2025-12-04 18:00:00,8.2,0.0,15.2,293,54,-0.4,3.8,1022.9,97,0.0
2025-12-04 19:00:00,8.2,0.0,14.0,308,52,-1.0,3.9,1022.9,100,0.0
2025-12-04 20:00:00,7.8,0.0,14.1,320,52,-1.4,3.4,1022.9,99,0.0
2025-12-04 21:00:00,8.1,0.0,10.8,300,55,-0.3,4.3,1023.2,93,0.0
2025-12-04 22:00:00,8.1,0.0,16.8,303,58,0.2,3.6,1023.3,98,0.0
2025-12-04 23:00:00,8.5,0.0,17.0,297,53,-0.6,3.8,1023.1,100,0.0
2025-12-05 00:00:00,8.8,0.0,24.4,298,53,-0.2,3.0,1022.9,11,0.0
2025-12-05 01:00:00,9.2,0.0,25.4,298,43,-2.6,3.0,1022.1,70,0.0
2025-12-05 02:00:00,9.2,0.0,23.1,294,47,-1.4,3.5,1021.8,88,0.0
2025-12-05 03:00:00,9.4,0.0,23.7,292,50,-0.4,3.7,1022.0,98,0.0
2025-12-05 04:00:00,9.2,0.3,21.9,284,65,3.0,4.4,1021.0,78,0.0
2025-12-05 05:00:00,8.7,0.1,22.6,301,61,1.6,3.5,1021.1,93,0.0
2025-12-05 06:00:00,7.9,1.2,21.1,306,80,4.7,3.6,1021.5,59,0.0
2025-12-05 07:00:00,8.4,0.0,23.7,308,64,2.0,3.1,1021.8,25,0.0
2025-12-05 08:00:00,8.4,0.0,25.5,310,53,-0.7,2.5,1022.4,34,32.0
2025-12-05 09:00:00,9.0,0.0,26.5,314,40,-3.8,2.5,1023.8,8,182.0
2025-12-05 10:00:00,8.9,0.0,25.5,317,40,-4.2,2.4,1024.9,26,323.0
2025-12-05 11:00:00,8.9,0.0,21.0,315,37,-4.9,3.1,1024.8,0,460.0
2025-12-05 12:00:00,9.0,0.0,20.7,319,39,-4.4,3.3,1024.3,16,548.0
2025-12-05 13:00:00,9.1,0.0,19.5,314,36,-5.1,3.5,1023.8,12,536.0
2025-12-05 14:00:00,9.3,0.0,18.9,320,37,-4.8,3.8,1023.5,36,459.0
2025-12-05 15:00:00,9.3,0.0,13.4,318,38,-4.4,4.6,1023.4,3,353.0
2025-12-05 16:00:00,8.8,0.0,11.4,327,40,-4.2,4.4,1023.6,0,225.0
2025-12-05 17:00:00,7.4,0.0,9.0,340,48,-2.8,3.6,1023.7,0,63.0
2025-12-05 18:00:00,6.7,0.0,7.3,335,56,-1.5,3.2,1024.1,0,0.0
2025-12-05 19:00:00,5.5,0.0,5.3,327,65,-0.6,2.5,1024.2,0,0.0
2025-12-05 20:00:00,4.6,0.0,4.9,327,72,-0.1,1.7,1024.4,0,0.0
2025-12-05 21:00:00,4.2,0.0,3.1,7,75,0.2,1.6,1024.5,0,0.0
2025-12-05 22:00:00,3.1,0.0,2.8,27,76,-0.6,0.5,1024.3,0,0.0
2025-12-05 23:00:00,3.3,0.0,4.0,30,72,-1.3,0.5,1024.2,0,0.0
2025-12-06 00:00:00,3.0,0.0,5.6,29,72,-1.5,-0.1,1024.2,0,0.0
2025-12-06 01:00:00,2.5,0.0,7.1,30,73,-1.8,-0.9,1023.9,0,0.0
2025-12-06 02:00:00,2.1,0.0,6.7,27,75,-2.0,-1.3,1023.8,2,0.0
2025-12-06 03:00:00,1.8,0.0,6.7,24,73,-2.5,-1.7,1023.8,2,0.0
2025-12-06 04:00:00,1.4,0.0,6.2,21,74,-2.8,-2.1,1023.3,2,0.0
2025-12-06 05:00:00,1.6,0.0,4.7,28,73,-2.8,-1.5,1023.2,3,0.0
2025-12-06 06:00:00,1.9,0.0,3.2,34,74,-2.3,-1.1,1023.4,4,0.0
2025-12-06 07:00:00,1.5,0.0,2.7,48,76,-2.2,-1.3,1023.5,5,0.0
2025-12-06 08:00:00,4.2,0.0,3.5,69,70,-0.8,1.4,1023.7,5,36.0
2025-12-06 09:00:00,6.8,0.0,4.9,126,72,2.1,4.4,1024.5,13,177.0
2025-12-06 10:00:00,8.8,0.0,8.9,166,68,3.2,5.9,1024.6,10,340.0
2025-12-06 11:00:00,10.0,0.0,9.7,177,54,1.1,6.6,1024.1,1,466.0
2025-12-06 12:00:00,10.8,0.0,9.6,185,50,0.6,7.3,1023.0,3,543.0
2025-12-06 13:00:00,11.3,0.0,9.4,200,49,0.9,7.9,1022.2,0,546.0
2025-12-06 14:00:00,12.1,0.0,8.2,221,46,0.7,8.8,1021.6,1,486.0
2025-12-06 15:00:00,12.6,0.0,12.1,242,44,0.6,8.8,1021.2,19,381.0
2025-12-06 16:00:00,12.4,0.0,11.9,232,44,0.3,8.5,1021.2,11,209.0
2025-12-06 17:00:00,11.6,0.0,12.5,219,50,1.6,7.9,1021.4,27,59.0
2025-12-06 18:00:00,11.4,0.0,17.4,230,55,2.6,7.2,1021.9,40,0.0
2025-12-06 19:00:00,11.3,0.0,14.5,238,60,3.8,7.7,1022.3,45,0.0
2025-12-06 20:00:00,11.0,0.0,13.0,253,62,4.1,7.7,1022.7,53,0.0
2025-12-06 21:00:00,11.6,0.0,14.3,229,71,6.5,8.6,1022.8,80,0.0
2025-12-06 22:00:00,11.4,0.0,13.6,222,73,6.7,8.5,1022.6,67,0.0
2025-12-06 23:00:00,11.4,0.0,14.8,217,72,6.4,8.3,1022.6,99,0.0
2025-12-07 00:00:00,11.7,0.0,15.0,218,67,5.7,8.4,1022.3,97,0.0
2025-12-07 01:00:00,11.9,0.0,14.5,212,67,5.9,8.7,1022.3,70,0.0
2025-12-07 02:00:00,11.9,0.0,14.0,204,66,5.8,8.8,1022.2,3,0.0
2025-12-07 03:00:00,10.9,0.0,9.0,218,71,5.8,8.5,1022.3,26,0.0
2025-12-07 04:00:00,10.4,0.0,7.7,191,73,5.9,8.3,1021.9,22,0.0
2025-12-07 05:00:00,9.3,0.0,5.2,178,80,6.1,7.6,1021.7,44,0.0
2025-12-07 06:00:00,9.1,0.0,1.6,180,78,5.5,7.8,1022.0,45,0.0
2025-12-07 07:00:00,9.6,0.0,0.5,315,76,5.4,8.4,1022.0,31,0.0
2025-12-07 08:00:00,10.0,0.0,1.1,9,77,6.2,8.9,1022.4,37,30.0
2025-12-07 09:00:00,12.4,0.0,4.3,73,69,6.9,11.0,1022.9,18,150.0
2025-12-07 10:00:00,13.7,0.0,3.0,115,63,6.8,12.5,1023.1,29,306.0
2025-12-07 11:00:00,14.5,0.0,1.6,153,61,7.0,13.5,1022.5,30,369.0
2025-12-07 12:00:00,14.9,0.0,1.2,141,61,7.4,14.1,1021.7,5,409.0
2025-12-07 13:00:00,15.8,0.0,1.2,117,59,7.8,15.0,1021.0,23,462.0
2025-12-07 14:00:00,16.2,0.0,1.9,68,58,8.0,15.4,1020.9,61,406.0
2025-12-07 15:00:00,16.9,0.0,4.4,305,58,8.5,15.9,1020.5,27,244.0
2025-12-07 16:00:00,16.8,0.0,8.4,298,58,8.4,15.2,1020.6,1,187.0
2025-12-07 17:00:00,15.1,0.0,8.5,291,67,9.1,13.7,1020.7,8,57.0
2025-12-07 18:00:00,14.3,0.0,7.9,266,72,9.4,13.0,1021.1,14,0.0
2025-12-07 19:00:00,12.7,0.0,4.9,242,83,9.8,11.9,1021.2,30,0.0
2025-12-07 20:00:00,13.6,0.0,7.3,213,80,10.4,12.7,1021.3,27,0.0
2025-12-07 21:00:00,13.4,0.0,7.4,212,83,10.6,12.6,1021.0,18,0.0
2025-12-07 22:00:00,13.1,0.0,7.2,205,86,10.9,12.4,1020.9,5,0.0
2025-12-07 23:00:00,12.8,0.0,6.6,189,88,10.8,12.0,1020.6,13,0.0
2025-12-08 00:00:00,12.6,0.0,6.6,193,87,10.4,11.7,1020.3,15,0.0
2025-12-08 01:00:00,12.9,0.0,9.7,199,86,10.6,11.7,1020.5,30,0.0
2025-12-08 02:00:00,12.9,0.0,11.1,210,85,10.5,11.5,1020.1,24,0.0
2025-12-08 03:00:00,13.3,0.0,13.5,217,81,10.1,11.4,1020.0,26,0.0
2025-12-08 04:00:00,13.1,0.0,11.8,243,82,10.2,11.5,1019.8,44,0.0
2025-12-08 05:00:00,12.6,0.0,10.5,274,85,10.1,11.1,1019.9,40,0.0
2025-12-08 06:00:00,13.1,0.0,16.2,267,80,9.8,10.7,1020.2,52,0.0
2025-12-08 07:00:00,13.6,0.0,16.5,286,75,9.2,11.0,1020.5,42,0.0
2025-12-08 08:00:00,13.1,0.0,12.3,301,77,9.2,11.0,1021.1,55,32.0
2025-12-08 09:00:00,14.6,0.0,13.5,293,71,9.3,12.4,1021.6,45,159.0
2025-12-08 10:00:00,16.2,0.0,12.4,298,58,8.1,13.9,1022.1,98,277.0
2025-12-08 11:00:00,16.3,0.0,17.1,323,51,6.2,12.8,1021.8,100,368.0
2025-12-08 12:00:00,16.0,0.0,17.3,326,46,4.4,12.1,1021.2,88,414.0
2025-12-08 13:00:00,15.6,0.0,16.5,328,45,3.7,11.8,1021.0,67,419.0
2025-12-08 14:00:00,15.2,0.0,17.6,333,46,3.5,11.1,1021.2,95,445.0
2025-12-08 15:00:00,14.6,0.0,16.8,336,46,3.2,10.6,1021.4,100,286.0
2025-12-08 16:00:00,13.2,0.0,16.2,343,48,2.5,9.2,1022.0,73,161.0
2025-12-08 17:00:00,12.0,0.0,13.2,336,53,2.7,8.4,1022.5,25,51.0
2025-12-08 18:00:00,10.6,0.0,12.0,324,60,3.0,7.2,1023.0,0,0.0
2025-12-08 19:00:00,9.6,0.0,11.7,335,64,3.2,6.3,1023.3,5,0.0
2025-12-08 20:00:00,9.0,0.0,9.6,348,66,3.0,6.0,1023.7,23,0.0
2025-12-08 21:00:00,8.7,0.0,8.1,348,68,3.0,5.9,1023.9,15,0.0
2025-12-08 22:00:00,7.8,0.0,5.3,350,72,3.2,5.5,1024.1,20,0.0
2025-12-08 23:00:00,7.5,0.0,5.8,351,73,3.0,5.0,1024.1,29,0.0
2025-12-09 00:00:00,7.1,0.0,6.0,355,73,2.7,4.6,1024.0,19,0.0
2025-12-09 01:00:00,6.4,0.0,5.5,349,76,2.5,3.9,1024.0,9,0.0
2025-12-09 02:00:00,6.1,0.0,5.9,348,76,2.2,3.5,1024.1,2,0.0
2025-12-09 03:00:00,5.8,0.0,5.7,349,77,2.2,3.3,1024.5,5,0.0
2025-12-09 04:00:00,4.4,0.0,5.1,350,82,1.5,1.8,1024.1,9,0.0
2025-12-09 05:00:00,4.0,0.0,5.5,333,81,0.9,1.2,1024.3,7,0.0
2025-12-09 06:00:00,4.0,0.0,4.8,338,80,0.8,1.3,1024.6,15,0.0
2025-12-09 07:00:00,4.0,0.0,5.6,25,77,0.3,1.1,1024.6,2,0.0
2025-12-09 08:00:00,5.2,0.0,9.3,53,71,0.4,1.8,1024.8,5,34.0
2025-12-09 09:00:00,8.5,0.0,7.9,77,60,1.2,5.4,1025.3,1,178.0
2025-12-09 10:00:00,10.7,0.0,7.6,97,51,1.0,7.6,1025.3,0,336.0
2025-12-09 11:00:00,11.9,0.0,2.6,106,45,0.3,9.4,1024.6,6,458.0
2025-12-09 12:00:00,12.5,0.0,4.3,268,42,-0.1,9.7,1024.0,33,530.0
2025-12-09 13:00:00,12.9,0.0,8.7,256,42,0.4,9.6,1023.3,36,477.0
2025-12-09 14:00:00,12.9,0.0,10.9,258,44,0.9,9.4,1023.0,3,381.0
2025-12-09 15:00:00,13.2,0.0,12.6,275,41,0.2,9.3,1022.7,1,368.0
2025-12-09 16:00:00,12.5,0.0,13.2,292,39,-1.2,8.3,1023.4,0,220.0
2025-12-09 17:00:00,10.9,0.0,11.3,303,47,0.0,7.2,1024.0,2,62.0
2025-12-09 18:00:00,9.4,0.0,11.7,326,58,1.4,5.7,1024.5,5,0.0
2025-12-09 19:00:00,8.2,0.0,10.9,343,62,1.4,4.7,1024.6,9,0.0
2025-12-09 20:00:00,7.3,0.0,9.5,346,65,1.3,4.1,1025.0,4,0.0
2025-12-09 21:00:00,7.0,0.0,9.2,4,68,1.5,3.8,1025.2,32,0.0
2025-12-09 22:00:00,6.8,0.0,8.8,9,69,1.6,3.7,1025.0,27,0.0
2025-12-09 23:00:00,6.7,0.0,8.7,4,70,1.6,3.6,1025.1,85,0.0
2025-12-10 00:00:00,6.7,0.0,9.0,2,68,1.2,3.5,1025.0,96,0.0
2025-12-10 01:00:00,6.6,0.0,8.9,6,65,0.4,3.2,1024.9,100,0.0
2025-12-10 02:00:00,6.2,0.0,7.6,7,64,-0.1,3.0,1024.8,98,0.0
2025-12-10 03:00:00,5.6,0.0,6.0,357,65,-0.6,2.5,1025.3,100,0.0
2025-12-10 04:00:00,5.1,0.0,6.2,8,67,-0.6,2.0,1025.4,100,0.0
2025-12-10 05:00:00,5.3,0.0,6.0,5,66,-0.5,2.3,1025.5,100,0.0
2025-12-10 06:00:00,4.9,0.0,4.5,346,70,-0.1,2.2,1025.6,100,0.0
2025-12-10 07:00:00,5.1,0.0,3.0,346,74,0.9,2.6,1025.6,100,0.0
2025-12-10 08:00:00,6.2,0.0,4.0,350,73,1.8,3.8,1025.9,100,24.0
2025-12-10 09:00:00,8.4,0.0,4.6,349,64,1.9,5.9,1026.3,100,127.0
2025-12-10 10:00:00,10.2,0.0,1.5,249,63,3.4,8.4,1026.6,100,247.0
2025-12-10 11:00:00,11.6,0.0,4.4,201,58,3.7,9.4,1025.8,36,397.0
2025-12-10 12:00:00,12.1,0.0,7.1,207,56,3.6,9.6,1024.7,23,521.0
2025-12-10 13:00:00,12.3,0.0,8.6,211,57,3.9,9.6,1024.0,45,522.0
2025-12-10 14:00:00,12.3,0.0,9.6,214,56,3.8,9.4,1023.6,66,466.0
2025-12-10 15:00:00,12.1,0.0,9.8,216,54,3.0,9.1,1023.0,100,336.0
2025-12-10 16:00:00,11.6,0.0,9.0,213,54,2.7,8.7,1023.3,100,180.0
2025-12-10 17:00:00,10.1,0.0,4.4,207,63,3.4,7.9,1023.3,100,52.0
2025-12-10 18:00:00,9.5,0.0,0.6,342,69,4.0,8.0,1023.4,100,0.0
2025-12-10 19:00:00,8.9,0.0,4.1,13,71,3.9,6.8,1023.3,100,0.0
2025-12-10 20:00:00,8.4,0.0,8.6,16,72,3.7,5.7,1023.1,100,0.0
2025-12-10 21:00:00,7.8,0.0,8.7,30,71,3.0,5.0,1023.4,100,0.0
2025-12-10 22:00:00,7.2,0.0,7.6,31,73,2.6,4.4,1023.2,100,0.0
2025-12-10 23:00:00,6.8,0.0,5.8,39,75,2.7,4.3,1023.0,100,0.0
2025-12-11 00:00:00,7.3,0.0,5.9,45,73,2.8,4.8,1022.4,100,0.0
2025-12-11 01:00:00,8.0,0.0,7.9,49,71,3.0,5.2,1021.6,100,0.0
2025-12-11 02:00:00,8.2,0.0,5.0,49,72,3.4,5.9,1021.5,100,0.0
2025-12-11 03:00:00,8.6,0.0,7.0,69,72,3.8,6.1,1020.7,100,0.0
2025-12-11 04:00:00,9.6,0.0,6.1,104,74,5.1,7.5,1020.2,100,0.0
2025-12-11 05:00:00,10.4,0.0,6.4,119,80,7.0,8.7,1019.5,100,0.0
2025-12-11 06:00:00,10.7,0.0,8.0,121,80,7.4,8.9,1019.2,100,0.0
2025-12-11 07:00:00,11.3,0.0,9.8,140,77,7.4,9.2,1018.6,95,0.0
2025-12-11 08:00:00,11.2,0.0,5.4,143,79,7.7,9.8,1018.8,2,25.0
2025-12-11 09:00:00,12.6,0.0,6.2,144,73,7.8,11.1,1019.1,71,169.0
2025-12-11 10:00:00,13.6,0.0,6.8,143,64,7.0,11.9,1018.8,84,264.0
2025-12-11 11:00:00,14.8,0.0,4.8,143,56,6.1,13.1,1018.2,54,345.0
2025-12-11 12:00:00,14.7,5.4,4.1,128,64,8.1,13.6,1017.1,66,440.0
2025-12-11 13:00:00,14.9,2.8,5.9,50,65,8.4,13.6,1016.3,100,366.0
2025-12-11 14:00:00,14.1,0.0,4.2,5,70,8.7,13.1,1016.4,100,171.0
2025-12-11 15:00:00,15.2,0.1,5.2,331,62,7.8,13.9,1016.3,60,192.0
2025-12-11 16:00:00,14.2,0.6,3.3,22,72,9.2,13.6,1016.4,45,93.0
2025-12-11 17:00:00,12.9,0.0,0.6,146,80,9.6,12.8,1016.8,38,46.0
2025-12-11 18:00:00,12.1,0.1,0.9,307,83,9.2,11.7,1017.5,99,0.0
2025-12-11 19:00:00,11.9,0.7,4.2,282,93,10.9,11.6,1018.5,28,0.0
2025-12-11 20:00:00,11.1,0.0,4.9,298,95,10.3,10.5,1019.4,20,0.0
2025-12-11 21:00:00,11.8,0.0,13.3,344,88,9.9,9.8,1019.7,20,0.0
2025-12-11 22:00:00,11.3,0.0,14.7,335,87,9.2,9.0,1020.4,2,0.0
2025-12-11 23:00:00,10.8,0.0,17.5,335,80,7.5,7.6,1020.9,0,0.0
2025-12-12 00:00:00,10.4,0.0,15.9,331,69,5.1,6.9,1021.2,0,0.0
2025-12-12 01:00:00,10.3,0.0,14.0,327,58,2.3,6.5,1022.0,0,0.0
2025-12-12 02:00:00,9.6,0.0,10.8,313,63,2.8,6.4,1022.6,7,0.0
2025-12-12 03:00:00,9.1,0.0,10.8,317,65,2.9,5.9,1022.8,20,0.0
2025-12-12 04:00:00,9.1,0.0,10.5,333,65,2.8,6.0,1022.9,10,0.0
2025-12-12 05:00:00,9.3,0.0,16.3,6,69,3.9,5.5,1023.5,56,0.0
2025-12-12 06:00:00,8.8,0.0,19.3,27,75,4.7,4.6,1024.9,100,0.0
2025-12-12 07:00:00,8.4,0.0,19.0,35,71,3.3,4.0,1025.7,31,0.0
2025-12-12 08:00:00,7.6,0.0,17.9,30,71,2.7,3.3,1026.8,30,28.0
2025-12-12 09:00:00,9.4,0.0,16.7,26,64,3.0,5.3,1027.3,34,145.0
2025-12-12 10:00:00,10.2,0.0,17.6,42,55,1.5,5.8,1027.9,18,298.0
2025-12-12 11:00:00,10.4,0.0,18.2,38,53,1.4,5.8,1028.0,18,397.0
2025-12-12 12:00:00,10.6,0.0,19.0,35,51,0.9,5.9,1027.2,5,462.0
2025-12-12 13:00:00,10.8,0.0,18.7,32,49,0.6,6.0,1026.7,0,513.0
2025-12-12 14:00:00,10.6,0.0,18.6,30,49,0.2,5.7,1027.1,2,461.0
2025-12-12 15:00:00,9.9,0.0,19.6,22,49,-0.4,4.9,1027.1,1,354.0
2025-12-12 16:00:00,9.4,0.0,19.9,27,49,-0.8,4.2,1027.4,3,209.0
2025-12-12 17:00:00,7.8,0.0,18.9,31,54,-0.9,2.8,1027.8,24,62.0
2025-12-12 18:00:00,6.9,0.0,20.2,30,54,-1.9,1.6,1028.3,0,0.0
2025-12-12 19:00:00,6.2,0.0,20.2,32,52,-3.0,0.8,1029.0,6,0.0
2025-12-12 20:00:00,5.6,0.0,17.0,33,51,-3.7,0.4,1029.5,0,0.0
2025-12-12 21:00:00,5.6,0.0,15.5,35,53,-3.2,0.8,1029.7,0,0.0
2025-12-12 22:00:00,5.1,0.0,14.4,47,55,-3.3,0.4,1029.7,0,0.0
2025-12-12 23:00:00,4.7,0.0,13.0,61,57,-3.1,0.2,1029.3,0,0.0
2025-12-13 00:00:00,4.4,0.0,12.3,59,59,-2.9,0.1,1029.0,0,0.0
2025-12-13 01:00:00,4.3,0.0,12.9,57,60,-2.8,-0.0,1028.5,0,0.0
2025-12-13 02:00:00,4.3,0.0,12.6,64,61,-2.6,-0.0,1028.1,0,0.0
2025-12-13 03:00:00,4.5,0.0,14.5,69,64,-1.8,0.0,1027.8,7,0.0
2025-12-13 04:00:00,4.0,0.0,14.1,56,63,-2.5,-0.5,1027.2,23,0.0
2025-12-13 05:00:00,3.5,0.0,13.2,43,61,-3.3,-1.1,1026.8,16,0.0
2025-12-13 06:00:00,3.2,0.0,11.0,41,61,-3.6,-1.1,1026.6,22,0.0
2025-12-13 07:00:00,3.3,0.0,8.8,46,59,-3.8,-0.6,1026.6,30,0.0
2025-12-13 08:00:00,4.4,0.0,10.5,61,55,-3.8,0.3,1026.2,88,25.0
2025-12-13 09:00:00,5.4,0.0,8.0,72,50,-4.1,1.6,1025.8,99,131.0
2025-12-13 10:00:00,7.0,0.0,11.0,89,50,-2.7,2.9,1025.3,99,194.0
2025-12-13 11:00:00,8.9,0.0,11.8,99,54,0.1,5.1,1024.0,100,306.0
2025-12-13 12:00:00,9.7,0.0,13.5,121,58,1.8,5.9,1022.7,100,216.0
2025-12-13 13:00:00,9.3,0.1,14.5,113,68,3.8,5.7,1021.1,100,82.0
2025-12-13 14:00:00,9.1,0.6,13.4,95,82,6.3,6.3,1020.2,100,90.0
2025-12-13 15:00:00,8.8,0.2,14.8,88,89,7.1,5.9,1019.0,100,91.0
2025-12-13 16:00:00,9.4,0.1,16.1,94,86,7.2,6.3,1018.3,100,38.0
2025-12-13 17:00:00,9.9,0.2,19.3,104,88,8.1,6.6,1017.3,100,11.0
2025-12-13 18:00:00,10.6,0.9,20.3,110,90,9.1,7.4,1016.5,98,0.0
2025-12-13 19:00:00,11.2,0.9,19.4,107,89,9.5,8.2,1015.9,100,0.0
2025-12-13 20:00:00,11.5,1.1,19.7,117,93,10.4,8.8,1015.1,100,0.0
2025-12-13 21:00:00,11.2,2.1,18.5,120,93,10.1,8.6,1014.4,100,0.0
2025-12-13 22:00:00,11.6,3.7,18.8,136,95,10.8,9.1,1013.1,100,0.0
2025-12-13 23:00:00,11.8,2.5,18.0,134,95,11.1,9.5,1012.0,100,0.0
2025-12-14 00:00:00,11.8,2.1,14.4,146,95,11.1,10.0,1011.2,100,0.0
2025-12-14 01:00:00,12.1,1.4,23.6,237,92,10.8,8.9,1011.4,100,0.0
2025-12-14 02:00:00,10.9,0.9,31.4,305,94,9.9,6.4,1012.0,100,0.0
2025-12-14 03:00:00,10.9,0.4,21.4,294,88,9.1,7.5,1012.4,100,0.0
2025-12-14 04:00:00,10.8,0.0,24.1,299,80,7.6,6.7,1012.3,100,0.0
2025-12-14 05:00:00,10.4,0.0,27.0,309,68,4.8,5.3,1012.4,20,0.0
2025-12-14 06:00:00,9.6,0.0,25.8,308,63,2.8,4.3,1013.0,52,0.0
2025-12-14 07:00:00,8.7,0.0,23.0,314,63,2.0,3.5,1013.5,91,0.0
2025-12-14 08:00:00,8.8,0.0,24.7,314,61,1.5,3.3,1013.9,26,22.0
2025-12-14 09:00:00,9.4,0.0,24.0,304,54,0.6,3.9,1014.6,28,144.0
2025-12-14 10:00:00,9.9,0.0,26.9,308,51,0.2,3.9,1015.2,18,286.0
2025-12-14 11:00:00,10.1,0.0,27.3,306,47,-0.6,4.0,1015.2,13,405.0
2025-12-14 12:00:00,10.4,0.0,28.7,301,46,-0.8,3.9,1014.9,55,489.0
2025-12-14 13:00:00,10.4,0.0,30.3,295,46,-0.8,3.8,1014.6,64,436.0
2025-12-14 14:00:00,10.0,0.0,27.6,294,49,-0.2,3.8,1014.5,52,311.0
2025-12-14 15:00:00,10.1,0.0,25.8,293,51,0.3,4.2,1014.5,37,280.0
2025-12-14 16:00:00,9.4,0.0,23.0,302,55,0.8,4.1,1015.0,21,188.0
2025-12-14 17:00:00,8.8,0.0,22.8,302,56,0.5,3.4,1015.5,31,56.0
2025-12-14 18:00:00,8.1,0.0,20.9,302,58,0.3,3.0,1016.3,40,0.0
2025-12-14 19:00:00,8.2,0.0,19.8,309,58,0.4,3.2,1016.8,15,0.0
2025-12-14 20:00:00,7.9,0.0,17.6,311,56,-0.2,3.2,1017.4,24,0.0
2025-12-14 21:00:00,7.8,0.0,11.5,310,62,0.9,4.1,1018.0,33,0.0
2025-12-14 22:00:00,7.9,0.0,14.3,315,59,0.4,3.8,1018.4,20,0.0
2025-12-14 23:00:00,7.9,0.0,15.8,314,58,0.2,3.5,1019.1,21,0.0
2025-12-15 00:00:00,7.6,0.0,17.9,315,59,0.1,2.8,1019.7,20,0.0
2025-12-15 01:00:00,7.2,0.0,17.6,316,63,0.6,2.6,1020.1,9,0.0
2025-12-15 02:00:00,6.8,0.0,16.2,310,66,0.9,2.4,1020.6,37,0.0
2025-12-15 03:00:00,6.6,0.0,15.9,313,69,1.3,2.4,1020.9,28,0.0
2025-12-15 04:00:00,6.6,0.0,14.1,316,69,1.4,2.6,1021.0,20,0.0
2025-12-15 05:00:00,6.3,0.0,14.0,317,68,0.9,2.3,1021.3,29,0.0
2025-12-15 06:00:00,6.2,0.0,13.3,318,67,0.6,2.3,1022.0,46,0.0
2025-12-15 07:00:00,6.7,0.0,15.6,327,62,0.0,2.3,1022.5,40,0.0
2025-12-15 08:00:00,6.8,0.0,14.5,326,63,0.2,2.5,1023.1,69,24.0
2025-12-15 09:00:00,7.9,0.0,12.1,323,57,-0.1,4.1,1024.0,55,123.0
2025-12-15 10:00:00,9.0,0.0,15.0,316,51,-0.7,4.6,1024.4,95,281.0
2025-12-15 11:00:00,9.4,0.0,13.5,312,49,-0.7,5.2,1024.1,94,271.0
2025-12-15 12:00:00,9.9,0.0,13.2,310,47,-0.8,5.8,1023.8,84,336.0
2025-12-15 13:00:00,10.2,0.0,12.6,308,46,-0.8,6.2,1023.1,91,340.0
2025-12-15 14:00:00,10.4,0.0,12.7,305,47,-0.5,6.3,1023.3,75,348.0
2025-12-15 15:00:00,10.1,0.0,10.3,292,51,0.3,6.6,1023.0,63,248.0
2025-12-15 16:00:00,10.0,0.0,9.4,290,50,0.2,6.5,1023.0,77,143.0
2025-12-15 17:00:00,9.3,0.0,7.3,293,57,1.2,6.3,1023.4,61,40.0
2025-12-15 18:00:00,8.2,0.0,6.1,310,66,2.3,5.6,1023.8,48,0.0
2025-12-15 19:00:00,6.0,0.0,4.4,341,79,2.7,3.7,1024.3,1,0.0
2025-12-15 20:00:00,4.9,0.0,3.5,12,79,1.6,2.6,1024.2,2,0.0
2025-12-15 21:00:00,4.4,0.0,2.9,356,84,1.9,2.2,1024.2,15,0.0
2025-12-15 22:00:00,3.5,0.0,2.5,356,83,0.9,1.2,1024.4,13,0.0
2025-12-15 23:00:00,4.2,0.0,0.7,360,78,0.6,2.0,1024.5,23,0.0
2025-12-16 00:00:00,5.1,0.0,0.6,326,73,0.6,3.0,1024.4,30,0.0
2025-12-16 01:00:00,5.5,0.0,1.8,186,77,1.7,3.4,1024.2,48,0.0
2025-12-16 02:00:00,5.6,0.0,2.8,220,83,2.9,3.6,1024.3,58,0.0
2025-12-16 03:00:00,5.2,0.0,0.8,117,78,1.8,3.3,1023.8,25,0.0
2025-12-16 04:00:00,4.2,0.0,2.8,101,81,1.2,1.9,1023.6,16,0.0
2025-12-16 05:00:00,4.1,0.0,1.5,60,78,0.6,1.8,1023.5,37,0.0
2025-12-16 06:00:00,4.4,0.0,1.4,50,78,0.9,2.3,1023.6,100,0.0
2025-12-16 07:00:00,4.9,0.0,2.4,73,79,1.6,2.7,1023.8,32,0.0
2025-12-16 08:00:00,5.8,0.0,2.4,81,81,2.9,3.9,1023.9,19,22.0
2025-12-16 09:00:00,8.4,0.0,3.5,81,76,4.4,6.6,1024.1,46,151.0
2025-12-16 10:00:00,9.8,0.0,2.2,55,75,5.4,8.3,1024.5,62,266.0
2025-12-16 11:00:00,10.5,0.0,2.1,20,73,5.8,9.2,1024.3,54,318.0
2025-12-16 12:00:00,11.3,0.0,4.4,249,70,5.9,9.6,1023.4,38,387.0
2025-12-16 13:00:00,11.9,0.0,10.2,257,69,6.3,9.5,1022.8,83,389.0
2025-12-16 14:00:00,12.1,0.0,10.9,278,71,6.9,9.7,1022.7,84,286.0
2025-12-16 15:00:00,13.0,0.0,11.8,298,56,4.6,10.0,1022.2,69,178.0
2025-12-16 16:00:00,12.4,0.0,10.6,305,58,4.3,9.5,1022.4,59,194.0
2025-12-16 17:00:00,9.9,0.0,4.4,302,72,5.1,8.0,1022.5,35,61.0
2025-12-16 18:00:00,7.9,0.0,2.5,356,79,4.5,6.2,1022.8,52,0.0
2025-12-16 19:00:00,7.1,0.0,3.1,31,83,4.3,5.3,1022.8,1,0.0
2025-12-16 20:00:00,6.1,0.0,4.0,51,83,3.3,4.0,1022.9,0,0.0
2025-12-16 21:00:00,6.9,0.0,3.6,33,82,4.1,5.0,1022.8,93,0.0
2025-12-16 22:00:00,7.3,0.0,2.8,45,81,4.3,5.5,1022.4,39,0.0
2025-12-16 23:00:00,7.6,0.0,2.8,40,80,4.3,5.8,1022.1,9,0.0
2025-12-17 00:00:00,7.3,0.0,1.8,45,79,4.0,5.7,1021.8,27,0.0
2025-12-17 01:00:00,7.4,0.0,2.2,85,78,3.8,5.7,1021.4,31,0.0
2025-12-17 02:00:00,7.3,0.0,4.0,82,81,4.2,5.3,1021.0,55,0.0
2025-12-17 03:00:00,8.1,0.0,7.2,86,81,4.9,5.8,1020.6,96,0.0
2025-12-17 04:00:00,8.9,0.0,6.9,97,81,5.9,6.9,1019.9,100,0.0
2025-12-17 05:00:00,9.6,0.0,8.2,119,85,7.2,7.7,1019.3,99,0.0
2025-12-17 06:00:00,10.1,0.0,8.2,139,86,7.8,8.4,1019.2,100,0.0
2025-12-17 07:00:00,10.7,0.0,7.7,147,83,8.0,9.1,1019.1,85,0.0
2025-12-17 08:00:00,11.4,0.0,7.8,171,79,7.9,9.7,1018.9,100,11.0
2025-12-17 09:00:00,11.3,0.0,7.1,142,89,9.6,10.2,1019.1,100,56.0
2025-12-17 10:00:00,12.4,0.2,7.9,197,83,9.6,11.1,1019.1,100,134.0
2025-12-17 11:00:00,12.3,0.3,10.0,250,83,9.4,10.7,1018.8,99,154.0
2025-12-17 12:00:00,11.7,1.8,19.3,272,93,10.6,9.1,1018.2,100,86.0
2025-12-17 13:00:00,12.7,0.6,16.6,269,88,10.8,10.5,1017.5,100,111.0
2025-12-17 14:00:00,14.1,0.0,18.1,293,76,9.9,11.4,1017.4,14,164.0
2025-12-17 15:00:00,14.4,0.0,17.2,311,67,8.3,11.4,1017.8,27,321.0
2025-12-17 16:00:00,14.0,0.1,14.9,314,69,8.4,11.4,1018.3,24,188.0
2025-12-17 17:00:00,12.4,0.0,13.7,328,72,7.5,9.7,1018.9,24,55.0
2025-12-17 18:00:00,11.2,0.0,14.4,323,74,6.7,8.3,1019.8,23,0.0
2025-12-17 19:00:00,10.6,0.0,13.5,326,73,5.9,7.6,1020.5,20,0.0
2025-12-17 20:00:00,10.1,0.0,12.2,333,65,3.8,6.9,1021.2,19,0.0
2025-12-17 21:00:00,10.1,0.0,11.2,344,67,4.3,7.2,1021.6,25,0.0
2025-12-17 22:00:00,9.4,0.0,12.7,349,70,4.3,6.2,1021.8,5,0.0
2025-12-17 23:00:00,8.9,0.0,11.6,347,71,4.0,5.8,1022.1,0,0.0
2025-12-18 00:00:00,8.3,0.0,10.4,340,73,3.7,5.3,1022.1,0,0.0
2025-12-18 01:00:00,6.9,0.0,5.7,319,79,3.5,4.5,1022.0,0,0.0
2025-12-18 02:00:00,6.0,0.0,4.8,307,81,3.0,3.7,1022.1,0,0.0
2025-12-18 03:00:00,5.7,0.0,3.1,360,84,3.2,3.6,1022.6,2,0.0
2025-12-18 04:00:00,4.5,0.0,2.3,29,81,1.6,2.3,1022.6,10,0.0
2025-12-18 05:00:00,4.1,0.0,3.0,33,84,1.5,1.7,1022.6,8,0.0
2025-12-18 06:00:00,4.1,0.0,3.7,14,83,1.5,1.6,1023.2,17,0.0
2025-12-18 07:00:00,4.7,0.0,2.4,13,80,1.5,2.5,1023.8,12,0.0
2025-12-18 08:00:00,5.7,0.0,2.8,50,80,2.5,3.6,1024.5,13,23.0
2025-12-18 09:00:00,10.1,0.0,1.9,22,78,6.4,8.9,1024.9,44,158.0
2025-12-18 10:00:00,12.1,0.0,1.7,103,73,7.3,11.1,1025.4,34,302.0
2025-12-18 11:00:00,13.3,0.0,0.9,180,70,8.0,12.6,1025.0,44,426.0
2025-12-18 12:00:00,13.9,0.0,3.1,187,66,7.8,12.9,1024.4,89,415.0
2025-12-18 13:00:00,13.9,0.0,7.2,186,67,7.8,12.3,1023.7,100,343.0
2025-12-18 14:00:00,13.6,0.0,10.2,187,69,7.9,11.6,1023.7,100,305.0
2025-12-18 15:00:00,13.8,0.0,9.4,167,67,7.8,11.8,1023.5,49,211.0
2025-12-18 16:00:00,13.4,0.0,7.0,136,67,7.4,11.7,1023.5,62,150.0
2025-12-18 17:00:00,12.0,0.0,6.1,114,77,8.1,10.6,1023.7,52,55.0
2025-12-18 18:00:00,11.0,0.0,6.1,113,82,8.1,9.6,1024.2,97,0.0
2025-12-18 19:00:00,10.9,0.0,7.3,80,83,8.1,9.4,1024.6,29,0.0
2025-12-18 20:00:00,10.4,0.0,10.3,59,85,7.9,8.3,1024.9,20,0.0
2025-12-18 21:00:00,9.9,0.0,9.2,57,88,8.1,8.0,1025.1,0,0.0
2025-12-18 22:00:00,9.4,0.0,8.1,59,87,7.4,7.5,1025.1,0,0.0
2025-12-18 23:00:00,9.2,0.0,6.8,72,85,6.8,7.4,1025.0,0,0.0
2025-12-19 00:00:00,8.9,0.0,5.5,71,84,6.4,7.2,1025.0,0,0.0
2025-12-19 01:00:00,9.3,0.0,7.1,75,84,6.7,7.4,1024.7,10,0.0
2025-12-19 02:00:00,9.6,0.0,9.4,79,86,7.3,7.5,1024.6,16,0.0
2025-12-19 03:00:00,9.6,0.0,11.2,93,82,6.8,7.1,1024.8,12,0.0
2025-12-19 04:00:00,9.6,0.0,9.6,94,84,7.1,7.5,1024.5,2,0.0
2025-12-19 05:00:00,9.6,0.0,9.8,103,86,7.3,7.4,1024.7,1,0.0
2025-12-19 06:00:00,9.5,0.0,10.7,96,87,7.4,7.3,1025.0,1,0.0
2025-12-19 07:00:00,9.4,0.0,10.4,91,88,7.5,7.3,1025.4,9,0.0
2025-12-19 08:00:00,9.8,0.0,10.8,91,88,7.8,7.7,1025.5,95,23.0
2025-12-19 09:00:00,11.3,0.0,12.3,101,88,9.4,9.3,1025.5,95,153.0
2025-12-19 10:00:00,13.1,0.0,17.7,121,75,8.8,10.2,1025.7,94,292.0
2025-12-19 11:00:00,13.8,0.0,17.9,128,75,9.3,11.0,1025.3,97,387.0
2025-12-19 12:00:00,14.3,0.0,17.3,123,73,9.6,11.7,1024.2,91,405.0
2025-12-19 13:00:00,14.6,0.0,17.6,117,73,9.9,12.0,1023.2,78,391.0
2025-12-19 14:00:00,14.4,0.0,17.7,96,74,9.8,11.8,1022.7,66,379.0
2025-12-19 15:00:00,14.3,0.0,14.9,91,75,9.9,12.1,1022.3,11,317.0
2025-12-19 16:00:00,14.4,0.0,13.4,98,77,10.4,12.6,1022.2,9,207.0
2025-12-19 17:00:00,13.6,0.0,17.1,102,83,10.8,11.4,1022.1,0,61.0
2025-12-19 18:00:00,13.6,0.0,19.6,108,84,10.9,11.0,1021.9,2,0.0
2025-12-19 19:00:00,13.7,0.0,21.0,102,85,11.2,11.0,1022.1,5,0.0
2025-12-19 20:00:00,14.4,0.0,22.3,109,85,11.9,11.8,1022.1,31,0.0
2025-12-19 21:00:00,14.6,0.0,22.1,106,81,11.4,11.8,1022.3,100,0.0
2025-12-19 22:00:00,14.9,0.0,20.4,104,80,11.4,12.4,1022.5,100,0.0
2025-12-19 23:00:00,15.1,0.2,18.0,106,84,12.4,13.2,1022.7,100,0.0
2025-12-20 00:00:00,14.3,0.7,16.8,107,93,13.2,12.9,1022.4,100,0.0
2025-12-20 01:00:00,13.9,0.9,16.7,104,95,13.1,12.5,1022.1,100,0.0
2025-12-20 02:00:00,13.9,0.2,19.4,97,93,12.8,12.0,1022.0,100,0.0
2025-12-20 03:00:00,13.4,0.1,19.0,97,94,12.4,11.4,1022.1,100,0.0
2025-12-20 04:00:00,13.2,0.5,16.0,92,95,12.4,11.6,1021.8,100,0.0
2025-12-20 05:00:00,13.1,0.5,17.3,94,95,12.3,11.3,1021.6,100,0.0
2025-12-20 06:00:00,13.3,0.2,16.5,104,95,12.5,11.7,1021.6,100,0.0
2025-12-20 07:00:00,13.4,0.2,16.6,99,93,12.4,11.7,1021.4,81,0.0
2025-12-20 08:00:00,13.6,0.0,15.8,98,93,12.5,12.0,1021.3,21,12.0
2025-12-20 09:00:00,13.9,0.0,15.7,89,94,12.9,12.5,1022.0,43,136.0
2025-12-20 10:00:00,15.4,0.0,13.9,91,84,12.7,14.2,1022.3,48,246.0
2025-12-20 11:00:00,16.3,0.0,15.5,103,79,12.7,14.9,1021.4,20,335.0
2025-12-20 12:00:00,16.9,0.0,18.3,105,79,13.1,15.2,1020.1,23,459.0
2025-12-20 13:00:00,17.2,0.0,16.9,99,78,13.4,15.9,1019.2,15,428.0
2025-12-20 14:00:00,17.5,0.0,16.5,96,77,13.4,16.3,1018.6,8,443.0
2025-12-20 15:00:00,17.2,0.0,16.7,101,78,13.3,15.8,1018.1,17,344.0
2025-12-20 16:00:00,16.5,0.0,16.5,97,81,13.2,15.1,1018.3,13,202.0
2025-12-20 17:00:00,15.4,0.0,17.5,95,88,13.3,13.8,1018.6,95,62.0
2025-12-20 18:00:00,15.6,0.0,16.2,91,87,13.4,14.3,1018.8,100,0.0
2025-12-20 19:00:00,15.7,0.0,12.3,86,88,13.6,15.1,1018.9,86,0.0
2025-12-20 20:00:00,15.3,0.0,10.9,71,91,13.8,14.9,1018.9,84,0.0
2025-12-20 21:00:00,15.1,0.0,11.3,82,95,14.2,14.8,1018.7,89,0.0
2025-12-20 22:00:00,15.4,0.0,7.0,78,95,14.6,15.9,1018.1,100,0.0
2025-12-20 23:00:00,14.7,0.2,4.2,31,96,14.1,15.4,1017.8,100,0.0
2025-12-21 00:00:00,14.4,1.7,3.2,43,98,14.1,15.2,1017.9,91,0.0
2025-12-21 01:00:00,14.2,3.2,4.4,339,98,13.9,14.8,1017.9,100,0.0
2025-12-21 02:00:00,14.1,2.2,3.6,20,98,13.8,14.8,1017.5,100,0.0
2025-12-21 03:00:00,15.2,0.6,8.5,234,90,13.6,15.1,1017.1,100,0.0
2025-12-21 04:00:00,14.5,0.7,7.8,228,96,13.8,14.6,1016.8,100,0.0
2025-12-21 05:00:00,14.1,1.0,13.7,268,97,13.6,13.3,1017.2,100,0.0
2025-12-21 06:00:00,14.4,0.7,11.2,260,95,13.6,13.9,1017.3,89,0.0
2025-12-21 07:00:00,14.1,0.5,15.3,285,96,13.4,13.0,1017.9,100,0.0
2025-12-21 08:00:00,12.6,0.1,22.5,350,85,10.1,9.4,1018.6,77,8.0
2025-12-21 09:00:00,12.9,0.0,19.0,353,79,9.3,9.9,1019.6,100,100.0
2025-12-21 10:00:00,13.4,0.0,17.4,342,68,7.6,10.2,1019.8,100,57.0
2025-12-21 11:00:00,13.8,0.0,20.2,342,51,3.8,9.4,1019.8,99,122.0
2025-12-21 12:00:00,14.4,0.0,22.1,338,41,1.1,9.2,1019.6,89,349.0
2025-12-21 13:00:00,13.9,0.0,22.3,334,41,0.9,8.6,1020.0,2,375.0
2025-12-21 14:00:00,12.9,0.0,22.6,331,46,1.6,7.8,1020.5,6,450.0
2025-12-21 15:00:00,12.3,0.0,19.7,332,52,2.7,7.7,1020.9,49,367.0
2025-12-21 16:00:00,12.1,0.0,16.5,342,52,2.7,8.0,1021.0,96,207.0
2025-12-21 17:00:00,11.6,0.0,15.0,341,57,3.3,7.8,1021.5,100,31.0
2025-12-21 18:00:00,10.7,0.0,18.5,349,62,3.8,6.5,1022.4,41,0.0
2025-12-21 19:00:00,9.9,0.0,15.7,345,63,3.3,6.1,1022.8,18,0.0
2025-12-21 20:00:00,9.2,0.0,16.5,344,60,2.0,5.0,1023.0,8,0.0
2025-12-21 21:00:00,9.1,0.0,14.5,345,67,3.3,5.4,1023.6,32,0.0
2025-12-21 22:00:00,8.6,0.0,11.5,338,65,2.3,5.2,1023.9,8,0.0
2025-12-21 23:00:00,8.1,0.0,10.0,326,64,1.6,4.8,1024.4,2,0.0
2025-12-22 00:00:00,7.9,0.0,10.1,316,64,1.6,4.6,1024.6,4,0.0
2025-12-22 01:00:00,7.2,0.0,9.8,290,70,2.1,4.0,1024.7,5,0.0
2025-12-22 02:00:00,6.9,0.0,8.5,297,72,2.3,4.0,1024.8,25,0.0
2025-12-22 03:00:00,7.1,0.0,6.0,309,73,2.5,4.5,1025.1,16,0.0
2025-12-22 04:00:00,5.8,0.0,5.0,325,79,2.4,3.3,1024.9,30,0.0
2025-12-22 05:00:00,5.9,0.0,4.5,320,81,3.0,3.7,1025.2,52,0.0
2025-12-22 06:00:00,5.9,0.0,5.6,356,82,3.0,3.5,1025.6,5,0.0
2025-12-22 07:00:00,6.6,0.0,8.7,7,78,3.0,3.7,1026.0,38,0.0
2025-12-22 08:00:00,7.5,0.0,13.6,354,78,4.0,4.1,1026.3,19,19.0
2025-12-22 09:00:00,9.8,0.0,12.0,9,72,4.9,6.8,1026.8,20,146.0
2025-12-22 10:00:00,11.2,0.0,12.6,11,62,4.3,8.0,1027.6,16,289.0
2025-12-22 11:00:00,12.2,0.0,12.6,29,56,3.7,8.9,1027.1,50,394.0
2025-12-22 12:00:00,12.8,0.0,10.6,28,52,3.2,9.7,1026.2,25,421.0
2025-12-22 13:00:00,13.4,0.0,13.7,14,49,2.9,9.7,1025.6,56,486.0
2025-12-22 14:00:00,13.2,0.0,16.1,7,49,2.8,9.3,1025.4,17,401.0
2025-12-22 15:00:00,13.2,0.0,10.1,10,48,2.5,10.1,1024.9,63,335.0
2025-12-22 16:00:00,12.3,0.0,11.8,9,54,3.3,9.0,1025.4,32,208.0
2025-12-22 17:00:00,10.9,0.0,16.0,11,59,3.2,7.0,1025.9,23,62.0
2025-12-22 18:00:00,9.6,0.0,16.8,12,61,2.5,5.4,1026.2,67,0.0
2025-12-22 19:00:00,9.1,0.0,12.8,22,61,2.0,5.5,1026.5,89,0.0
2025-12-22 20:00:00,8.8,0.0,13.8,33,61,1.6,4.9,1026.8,45,0.0
2025-12-22 21:00:00,8.0,0.0,9.4,26,70,2.9,5.0,1027.1,81,0.0
2025-12-22 22:00:00,8.0,0.0,8.8,46,69,2.7,5.0,1027.5,74,0.0
2025-12-22 23:00:00,8.7,0.0,14.1,67,66,2.7,5.0,1027.6,56,0.0
2025-12-23 00:00:00,8.2,0.0,16.3,70,67,2.4,4.1,1027.6,100,0.0
2025-12-23 01:00:00,7.8,0.0,15.0,57,66,1.9,3.8,1027.6,5,0.0
2025-12-23 02:00:00,6.9,0.0,12.3,52,63,0.4,3.1,1027.3,2,0.0
2025-12-23 03:00:00,6.2,0.0,9.4,45,66,0.4,2.8,1027.1,2,0.0
2025-12-23 04:00:00,4.8,0.0,4.6,39,72,0.2,2.0,1027.0,1,0.0
2025-12-23 05:00:00,3.8,0.0,3.5,39,77,0.1,1.2,1027.0,0,0.0
2025-12-23 06:00:00,4.8,0.0,5.0,52,71,-0.1,2.0,1027.0,5,0.0
2025-12-23 07:00:00,6.3,0.0,11.0,80,66,0.4,2.7,1026.7,5,0.0
2025-12-23 08:00:00,6.7,0.0,13.9,73,67,1.1,2.7,1026.5,22,20.0
2025-12-23 09:00:00,7.8,0.0,13.5,71,65,1.6,3.9,1025.5,44,147.0
2025-12-23 10:00:00,9.8,0.0,12.2,88,64,3.3,6.5,1025.2,60,288.0
2025-12-23 11:00:00,11.2,0.0,13.3,111,66,5.0,8.0,1024.5,18,377.0
2025-12-23 12:00:00,11.9,0.0,19.9,112,68,6.3,8.1,1023.6,55,491.0
2025-12-23 13:00:00,12.6,0.0,21.9,109,68,7.0,8.7,1022.2,7,469.0
2025-12-23 14:00:00,13.0,0.0,20.1,102,69,7.4,9.4,1021.5,1,461.0
2025-12-23 15:00:00,12.9,0.0,18.8,102,72,8.1,9.7,1021.2,100,370.0
2025-12-23 16:00:00,13.2,0.0,17.2,100,76,9.0,10.4,1021.1,100,208.0
2025-12-23 17:00:00,12.7,0.0,16.1,100,81,9.6,10.3,1021.0,100,54.0
2025-12-23 18:00:00,12.3,0.0,14.5,79,83,9.5,10.1,1020.9,99,0.0
2025-12-23 19:00:00,12.4,0.0,17.0,94,85,9.9,9.9,1020.1,100,0.0
2025-12-23 20:00:00,12.1,0.0,15.8,82,85,9.6,9.8,1020.2,100,0.0
2025-12-23 21:00:00,11.6,0.0,16.5,77,86,9.4,9.1,1020.0,100,0.0
2025-12-23 22:00:00,11.8,0.0,17.1,86,83,9.0,9.0,1019.3,100,0.0
2025-12-23 23:00:00,12.1,0.0,16.1,83,82,9.1,9.5,1018.8,100,0.0
2025-12-24 00:00:00,12.3,0.0,14.2,82,82,9.3,10.1,1018.2,97,0.0
2025-12-24 01:00:00,12.6,0.0,16.6,93,83,9.6,10.0,1017.2,99,0.0
2025-12-24 02:00:00,12.4,0.0,16.5,98,84,9.8,10.0,1017.0,100,0.0
2025-12-24 03:00:00,12.6,0.0,16.5,100,83,9.8,10.2,1016.7,100,0.0
2025-12-24 04:00:00,12.6,0.0,16.3,97,82,9.6,10.2,1015.9,100,0.0
2025-12-24 05:00:00,12.4,0.1,14.6,86,82,9.4,10.1,1015.3,100,0.0
2025-12-24 06:00:00,12.1,0.1,12.8,86,85,9.7,10.2,1015.4,100,0.0
2025-12-24 07:00:00,12.1,0.4,13.2,93,90,10.4,10.3,1015.0,100,0.0
2025-12-24 08:00:00,12.1,0.4,13.1,105,94,11.1,10.6,1015.5,100,4.0
2025-12-24 09:00:00,12.4,0.6,13.9,104,94,11.4,10.8,1014.9,100,16.0
2025-12-24 10:00:00,12.6,0.5,13.5,100,96,12.1,11.3,1014.7,100,53.0
2025-12-24 11:00:00,13.0,0.5,12.8,99,97,12.6,11.9,1013.7,100,116.0
2025-12-24 12:00:00,13.3,0.2,10.5,106,95,12.4,12.5,1012.9,100,97.0
2025-12-24 13:00:00,13.1,0.1,11.4,87,95,12.2,12.1,1011.8,99,78.0
2025-12-24 14:00:00,14.2,0.0,10.6,94,88,12.3,13.4,1010.8,96,228.0
2025-12-24 15:00:00,14.7,0.0,8.0,100,88,12.6,14.4,1010.6,99,304.0
2025-12-24 16:00:00,14.3,0.0,9.0,96,87,12.2,13.7,1010.4,87,140.0
2025-12-24 17:00:00,13.5,0.0,4.1,92,92,12.1,13.6,1010.6,100,37.0
2025-12-24 18:00:00,13.3,0.1,3.1,103,92,12.1,13.5,1010.6,100,0.0
2025-12-24 19:00:00,12.9,0.5,4.9,352,96,12.3,13.0,1010.5,100,0.0
2025-12-24 20:00:00,12.8,1.3,5.4,339,97,12.4,12.8,1010.6,100,0.0
2025-12-24 21:00:00,12.8,0.6,6.6,347,97,12.4,12.6,1010.7,100,0.0
2025-12-24 22:00:00,12.9,0.6,10.2,350,97,12.5,12.2,1010.3,100,0.0
2025-12-24 23:00:00,13.0,0.8,11.4,356,96,12.3,12.1,1010.3,100,0.0
2025-12-25 00:00:00,12.9,0.2,12.0,351,94,12.1,11.8,1009.7,100,0.0
2025-12-25 01:00:00,12.6,0.4,8.2,341,96,11.9,12.0,1009.1,100,0.0
2025-12-25 02:00:00,12.4,0.9,8.9,333,96,11.8,11.7,1009.1,100,0.0
2025-12-25 03:00:00,12.7,0.8,8.9,324,94,11.8,12.0,1008.7,100,0.0
2025-12-25 04:00:00,12.4,0.5,12.5,4,95,11.7,11.2,1008.1,100,0.0
2025-12-25 05:00:00,12.1,0.4,12.9,13,95,11.3,10.6,1007.6,100,0.0
2025-12-25 06:00:00,11.9,0.2,13.1,1,94,10.9,10.2,1008.0,100,0.0
2025-12-25 07:00:00,11.5,0.9,16.6,336,94,10.6,9.3,1008.6,100,0.0
2025-12-25 08:00:00,10.9,1.3,20.2,330,93,9.8,7.9,1009.3,100,3.0
2025-12-25 09:00:00,11.0,0.8,17.3,345,90,9.4,8.3,1009.6,100,30.0
2025-12-25 10:00:00,11.4,0.2,17.9,332,88,9.5,8.7,1010.1,100,68.0
2025-12-25 11:00:00,11.6,0.3,21.6,319,82,8.6,8.0,1010.0,100,126.0
2025-12-25 12:00:00,11.5,0.0,23.6,312,61,4.2,6.7,1009.6,100,161.0
2025-12-25 13:00:00,11.6,0.0,28.3,308,47,0.6,5.4,1009.4,100,328.0
2025-12-25 14:00:00,10.6,0.0,32.0,307,48,0.0,3.9,1009.7,36,438.0
2025-12-25 15:00:00,10.2,0.0,32.3,307,42,-2.0,3.1,1010.1,10,376.0
2025-12-25 16:00:00,9.4,0.0,32.3,304,45,-1.9,2.3,1011.1,20,232.0
2025-12-25 17:00:00,8.4,0.0,30.1,308,45,-3.0,1.5,1012.0,17,66.0
2025-12-25 18:00:00,7.2,0.0,29.3,305,49,-2.7,0.5,1012.9,14,0.0
2025-12-25 19:00:00,6.8,0.0,30.5,302,47,-3.7,-0.2,1013.0,23,0.0
2025-12-25 20:00:00,6.7,0.0,33.4,303,45,-4.6,-0.9,1013.3,48,0.0
2025-12-25 21:00:00,6.1,0.0,29.9,304,54,-2.5,-0.7,1013.6,23,0.0
2025-12-25 22:00:00,5.5,0.0,30.3,306,55,-2.8,-1.4,1014.3,27,0.0
2025-12-25 23:00:00,4.9,0.0,29.8,307,54,-3.7,-2.1,1014.4,14,0.0
2025-12-26 00:00:00,4.3,0.0,32.6,306,52,-4.8,-3.2,1014.5,23,0.0
2025-12-26 01:00:00,3.6,0.0,34.5,302,54,-4.9,-4.2,1014.8,34,0.0
2025-12-26 02:00:00,2.8,0.0,34.6,301,60,-4.2,-4.9,1015.2,64,0.0
2025-12-26 03:00:00,2.8,0.0,33.0,306,58,-4.6,-4.8,1016.0,51,0.0
2025-12-26 04:00:00,2.3,0.0,32.3,306,57,-5.2,-5.2,1016.0,41,0.0
2025-12-26 05:00:00,2.2,0.0,32.4,306,58,-5.2,-5.3,1016.2,25,0.0
2025-12-26 06:00:00,2.0,0.0,33.0,307,58,-5.4,-5.7,1016.7,22,0.0
2025-12-26 07:00:00,1.6,0.0,32.4,308,62,-4.8,-5.9,1017.4,20,0.0
2025-12-26 08:00:00,1.8,0.0,30.6,312,62,-4.7,-5.5,1018.0,23,19.0
2025-12-26 09:00:00,1.6,0.0,26.9,316,47,-8.4,-5.4,1019.9,16,147.0
2025-12-26 10:00:00,2.6,0.0,24.9,309,47,-7.6,-4.1,1020.6,14,305.0
2025-12-26 11:00:00,4.0,0.0,27.3,306,42,-7.8,-3.1,1020.3,66,438.0
2025-12-26 12:00:00,4.1,0.0,27.8,306,47,-6.3,-2.9,1019.9,52,439.0
2025-12-26 13:00:00,4.2,0.0,27.2,307,46,-6.3,-2.6,1019.8,52,378.0
2025-12-26 14:00:00,4.3,0.0,25.5,308,49,-5.6,-2.3,1019.9,70,327.0
2025-12-26 15:00:00,3.2,0.0,22.6,306,52,-5.6,-2.9,1020.5,100,262.0
2025-12-26 16:00:00,3.3,0.0,20.3,310,52,-5.6,-2.5,1020.8,97,90.0
2025-12-26 17:00:00,3.2,0.0,18.9,310,54,-5.2,-2.4,1021.5,88,35.0
2025-12-26 18:00:00,3.1,0.0,16.8,312,53,-5.6,-2.2,1022.1,41,0.0
2025-12-26 19:00:00,3.2,0.0,15.0,312,52,-5.8,-1.8,1022.4,56,0.0
2025-12-26 20:00:00,3.0,0.0,13.9,313,54,-5.3,-1.8,1022.7,63,0.0
2025-12-26 21:00:00,2.5,0.0,10.3,320,56,-5.5,-1.8,1023.2,72,0.0
2025-12-26 22:00:00,2.2,0.0,9.3,320,61,-4.6,-1.9,1023.3,91,0.0
2025-12-26 23:00:00,2.4,0.0,9.4,328,63,-4.0,-1.6,1023.3,98,0.0
2025-12-27 00:00:00,2.8,0.0,9.3,338,62,-3.8,-1.3,1022.6,98,0.0
2025-12-27 01:00:00,2.5,0.0,9.3,338,64,-3.5,-1.4,1022.3,100,0.0
2025-12-27 02:00:00,2.8,0.0,10.7,320,63,-3.5,-1.3,1022.6,99,0.0
2025-12-27 03:00:00,3.1,0.0,10.1,310,64,-3.2,-0.9,1023.2,100,0.0
2025-12-27 04:00:00,3.2,0.0,11.7,311,65,-2.8,-1.0,1022.9,100,0.0
2025-12-27 05:00:00,3.3,0.0,13.0,313,63,-3.0,-1.1,1022.9,100,0.0
2025-12-27 06:00:00,3.7,0.0,13.3,312,61,-3.2,-0.8,1023.3,98,0.0
2025-12-27 07:00:00,3.5,0.0,14.3,310,62,-3.0,-1.1,1023.3,100,0.0
2025-12-27 08:00:00,3.5,0.0,14.9,315,62,-3.0,-1.2,1023.7,84,13.0
2025-12-27 09:00:00,4.7,0.0,10.9,315,57,-3.1,0.5,1024.2,100,124.0
2025-12-27 10:00:00,5.9,0.0,14.7,296,51,-3.5,1.2,1024.7,100,216.0
2025-12-27 11:00:00,6.6,0.0,16.7,292,48,-3.7,1.5,1024.1,99,267.0
2025-12-27 12:00:00,6.8,0.0,17.4,305,48,-3.5,1.7,1023.2,92,287.0
2025-12-27 13:00:00,7.0,0.0,17.7,308,48,-3.3,1.8,1022.6,80,330.0
2025-12-27 14:00:00,7.1,0.0,18.5,308,47,-3.5,1.8,1022.3,83,347.0
2025-12-27 15:00:00,6.6,0.0,16.2,306,49,-3.4,1.6,1022.4,100,219.0
2025-12-27 16:00:00,6.5,0.0,15.0,308,51,-3.0,1.8,1022.6,100,116.0
2025-12-27 17:00:00,6.3,0.0,10.7,316,55,-2.2,2.3,1022.9,99,29.0
2025-12-27 18:00:00,5.8,0.0,9.6,339,59,-1.5,2.1,1023.1,57,0.0
2025-12-27 19:00:00,5.0,0.0,7.1,339,66,-0.9,1.7,1023.5,68,0.0
2025-12-27 20:00:00,3.8,0.0,4.0,328,75,-0.3,1.0,1023.8,32,0.0
2025-12-27 21:00:00,4.4,0.0,3.7,325,74,0.3,1.8,1024.1,20,0.0
2025-12-27 22:00:00,3.2,0.0,1.7,328,77,-0.6,0.7,1024.2,58,0.0
2025-12-27 23:00:00,3.5,0.0,0.4,360,73,-0.8,1.3,1024.0,98,0.0
2025-12-28 00:00:00,4.3,0.0,1.6,6,72,-0.3,1.9,1023.8,100,0.0
2025-12-28 01:00:00,4.5,0.0,3.3,306,75,0.4,1.9,1023.8,70,0.0
2025-12-28 02:00:00,4.2,0.0,4.8,281,83,1.5,1.6,1024.1,55,0.0
2025-12-28 03:00:00,5.0,0.0,8.5,277,83,2.3,2.0,1024.1,88,0.0
2025-12-28 04:00:00,5.2,0.0,8.1,283,82,2.2,2.2,1023.6,68,0.0
2025-12-28 05:00:00,3.8,0.0,5.0,268,85,1.5,1.2,1023.4,92,0.0
2025-12-28 06:00:00,3.5,0.0,2.0,270,85,1.1,1.3,1023.6,34,0.0
2025-12-28 07:00:00,3.0,0.0,1.7,319,86,0.9,0.8,1023.7,44,0.0
2025-12-28 08:00:00,3.8,0.0,1.2,333,85,1.4,1.7,1023.7,73,16.0
2025-12-28 09:00:00,7.2,0.0,5.4,266,75,3.0,4.7,1024.6,77,120.0
2025-12-28 10:00:00,8.3,0.0,7.2,243,65,2.2,5.5,1024.8,100,221.0
2025-12-28 11:00:00,9.1,0.0,9.2,242,58,1.2,5.8,1024.3,85,284.0
2025-12-28 12:00:00,10.0,0.0,10.0,255,51,0.2,6.5,1023.3,99,423.0
2025-12-28 13:00:00,10.2,0.0,11.2,274,50,0.3,6.5,1022.3,91,378.0
2025-12-28 14:00:00,10.1,0.0,10.2,279,52,0.6,6.6,1021.6,82,255.0
2025-12-28 15:00:00,10.1,0.0,8.5,268,51,0.3,6.7,1021.2,99,295.0
2025-12-28 16:00:00,10.1,0.0,6.9,261,52,0.6,7.1,1021.3,97,118.0
2025-12-28 17:00:00,9.4,0.0,6.9,250,58,1.5,6.5,1021.5,96,59.0
2025-12-28 18:00:00,8.8,0.0,6.9,250,64,2.2,6.0,1021.9,95,1.0
2025-12-28 19:00:00,8.6,0.0,7.1,240,65,2.4,5.8,1022.1,88,0.0
2025-12-28 20:00:00,7.8,0.0,4.8,236,68,2.2,5.3,1022.2,53,0.0
2025-12-28 21:00:00,9.4,0.0,7.5,243,64,3.0,6.7,1022.4,95,0.0
2025-12-28 22:00:00,9.6,0.0,7.7,229,64,3.0,6.8,1022.4,32,0.0
2025-12-28 23:00:00,9.1,0.0,8.9,214,65,2.9,6.2,1022.2,41,0.0
2025-12-29 00:00:00,8.4,0.0,8.1,212,68,2.8,5.6,1022.1,38,0.0
2025-12-29 01:00:00,7.1,0.0,5.6,207,75,3.0,4.7,1021.7,38,0.0
2025-12-29 02:00:00,7.2,0.0,6.0,187,78,3.7,4.8,1021.3,4,0.0
2025-12-29 03:00:00,7.5,0.0,6.8,169,79,4.2,5.1,1021.2,34,0.0
2025-12-29 04:00:00,7.8,0.0,8.9,161,80,4.6,5.1,1020.5,23,0.0
2025-12-29 05:00:00,7.4,0.0,7.2,174,79,4.1,4.9,1020.4,11,0.0
2025-12-29 06:00:00,7.3,0.0,7.1,156,78,3.8,4.8,1020.4,37,0.0
2025-12-29 07:00:00,7.8,0.0,7.8,157,78,4.2,5.2,1020.3,100,0.0
2025-12-29 08:00:00,9.0,0.0,10.1,149,74,4.7,6.2,1019.9,100,6.0
2025-12-29 09:00:00,9.4,0.0,9.6,140,75,5.2,6.9,1020.2,100,39.0
2025-12-29 10:00:00,10.2,0.0,7.5,150,72,5.3,8.0,1020.6,100,79.0
2025-12-29 11:00:00,11.5,0.0,7.3,147,61,4.3,9.1,1020.1,100,188.0
2025-12-29 12:00:00,11.6,0.0,4.3,118,60,4.1,9.6,1019.0,100,171.0
2025-12-29 13:00:00,11.5,0.5,3.0,128,76,7.5,10.4,1018.1,68,206.0
2025-12-29 14:00:00,13.1,0.0,5.1,228,66,6.8,11.5,1017.7,29,337.0
2025-12-29 15:00:00,13.0,0.0,11.4,241,62,6.0,10.3,1017.8,53,325.0
2025-12-29 16:00:00,13.1,0.0,10.2,234,64,6.5,10.7,1017.5,59,174.0
2025-12-29 17:00:00,12.2,0.0,9.1,243,71,7.1,10.2,1017.9,23,54.0
2025-12-29 18:00:00,11.4,0.0,7.7,242,77,7.4,9.6,1018.2,60,1.0
2025-12-29 19:00:00,10.6,0.0,4.9,272,84,8.1,9.4,1018.6,53,0.0
2025-12-29 20:00:00,10.1,0.0,3.5,285,84,7.6,9.0,1018.6,87,0.0
2025-12-29 21:00:00,10.4,0.0,2.2,305,85,8.1,9.6,1018.7,71,0.0
2025-12-29 22:00:00,10.1,0.6,8.2,341,94,9.1,8.6,1019.4,77,0.0
2025-12-29 23:00:00,9.9,0.1,5.3,327,93,8.9,8.8,1018.7,80,0.0
2025-12-30 00:00:00,9.5,0.2,7.2,270,93,8.5,8.1,1018.3,75,0.0
2025-12-30 01:00:00,10.9,0.1,15.7,266,89,9.2,8.5,1018.1,83,0.0
2025-12-30 02:00:00,10.7,0.3,17.7,257,90,9.2,7.9,1018.2,97,0.0
2025-12-30 03:00:00,11.1,0.0,10.0,253,88,9.3,9.5,1017.8,91,0.0
2025-12-30 04:00:00,10.7,0.0,8.5,243,90,9.1,9.2,1017.9,100,0.0
2025-12-30 05:00:00,10.1,0.0,5.2,276,92,8.9,9.0,1018.0,100,0.0
2025-12-30 06:00:00,10.5,0.0,8.2,327,90,8.9,9.0,1018.2,100,0.0
2025-12-30 07:00:00,9.5,0.0,9.4,353,86,7.3,7.4,1018.6,100,0.0
2025-12-30 08:00:00,8.6,0.0,12.1,2,87,6.6,6.0,1019.1,100,14.0
2025-12-30 09:00:00,10.0,0.0,12.1,357,87,8.0,7.7,1019.9,100,111.0
2025-12-30 10:00:00,11.9,0.0,10.6,345,78,8.1,9.9,1020.3,98,213.0
2025-12-30 11:00:00,13.1,0.0,13.6,345,55,4.2,9.7,1019.8,65,337.0
2025-12-30 12:00:00,13.9,0.0,11.8,334,46,2.4,10.5,1018.8,44,492.0
2025-12-30 13:00:00,14.0,0.0,12.9,335,41,1.0,10.2,1018.3,49,512.0
2025-12-30 14:00:00,13.5,0.0,15.0,340,41,0.3,9.2,1018.2,25,479.0
2025-12-30 15:00:00,13.1,0.0,13.0,323,41,0.2,9.1,1018.5,14,387.0
2025-12-30 16:00:00,12.2,0.0,13.3,335,45,0.6,8.2,1018.8,2,241.0
2025-12-30 17:00:00,10.6,0.0,14.0,342,52,1.0,6.5,1019.1,43,83.0
2025-12-30 18:00:00,9.1,0.0,12.2,340,57,1.0,5.4,1019.7,3,1.0
2025-12-30 19:00:00,7.8,0.0,8.5,333,64,1.4,4.6,1020.4,0,0.0
2025-12-30 20:00:00,6.2,0.0,5.3,322,74,1.9,3.6,1020.8,0,0.0
2025-12-30 21:00:00,7.1,0.0,8.7,333,72,2.2,4.0,1021.3,5,0.0
2025-12-30 22:00:00,6.6,0.0,8.8,340,73,2.1,3.5,1021.2,2,0.0
2025-12-30 23:00:00,6.1,0.0,10.6,341,74,1.8,2.7,1021.2,16,0.0
2025-12-31 00:00:00,5.7,0.0,9.4,343,74,1.4,2.4,1020.9,98,0.0
2025-12-31 01:00:00,4.8,0.0,7.0,337,78,1.4,1.9,1020.8,98,0.0
2025-12-31 02:00:00,5.0,0.0,9.2,334,75,0.9,1.7,1021.0,99,0.0
2025-12-31 03:00:00,5.4,0.0,8.2,338,70,0.3,2.2,1020.8,98,0.0
2025-12-31 04:00:00,5.4,0.0,10.6,330,67,-0.2,1.7,1020.5,98,0.0
2025-12-31 05:00:00,5.8,0.0,16.5,330,64,-0.4,1.3,1020.7,100,0.0
2025-12-31 06:00:00,5.8,0.0,12.7,330,65,-0.2,1.8,1021.0,98,0.0
2025-12-31 07:00:00,5.9,0.0,12.6,322,65,-0.2,1.9,1021.2,100,0.0
2025-12-31 08:00:00,6.3,0.0,14.4,327,61,-0.6,2.0,1021.4,100,14.0
2025-12-31 09:00:00,7.3,0.0,13.6,321,61,0.3,3.3,1021.9,100,107.0
2025-12-31 10:00:00,8.4,0.0,17.6,325,50,-1.5,3.5,1022.3,100,228.0
2025-12-31 11:00:00,8.8,0.0,18.5,320,48,-1.5,3.8,1022.0,98,376.0
2025-12-31 12:00:00,8.7,0.0,20.4,321,48,-1.7,3.4,1021.2,100,427.0
2025-12-31 13:00:00,8.4,0.0,19.1,321,48,-1.9,3.2,1020.5,99,422.0
2025-12-31 14:00:00,8.1,0.0,18.5,322,48,-2.2,3.0,1020.1,91,385.0
2025-12-31 15:00:00,8.0,0.0,16.9,322,46,-2.8,3.0,1019.3,27,307.0
2025-12-31 16:00:00,7.2,0.0,16.9,326,49,-3.0,2.2,1019.6,14,236.0
2025-12-31 17:00:00,6.1,0.0,15.2,330,54,-2.5,1.4,1020.3,3,82.0
2025-12-31 18:00:00,4.9,0.0,13.9,327,60,-2.2,0.4,1020.8,4,1.0
2025-12-31 19:00:00,4.4,0.0,14.2,325,63,-2.0,-0.1,1021.1,5,0.0
2025-12-31 20:00:00,4.2,0.0,12.9,320,65,-2.0,-0.1,1021.4,11,0.0
2025-12-31 21:00:00,4.2,0.0,10.8,312,65,-1.7,0.2,1021.5,21,0.0
2025-12-31 22:00:00,4.1,0.0,8.9,312,68,-1.3,0.4,1021.6,31,0.0
2025-12-31 23:00:00,4.0,0.0,10.5,322,67,-1.7,0.0,1021.5,25,0.0
2026-01-01 00:00:00,3.8,0.0,12.9,328,62,-2.8,-0.6,1021.0,5,0.0
2026-01-01 01:00:00,3.6,0.0,13.9,323,62,-3.0,-1.0,1020.6,4,0.0
2026-01-01 02:00:00,3.4,0.0,12.7,322,63,-2.9,-1.0,1020.7,7,0.0
2026-01-01 03:00:00,3.2,0.0,11.5,325,65,-2.7,-1.0,1020.2,5,0.0
2026-01-01 04:00:00,3.0,0.0,13.2,328,66,-2.8,-1.4,1019.9,8,0.0
2026-01-01 05:00:00,2.9,0.0,12.6,322,67,-2.6,-1.4,1019.7,5,0.0
2026-01-01 06:00:00,2.8,0.0,12.2,315,69,-2.3,-1.4,1019.6,63,0.0
2026-01-01 07:00:00,2.9,0.0,13.6,319,68,-2.5,-1.6,1019.6,38,0.0
2026-01-01 08:00:00,3.3,0.0,12.1,320,65,-2.5,-0.9,1019.7,29,17.0
2026-01-01 09:00:00,5.1,0.0,12.5,316,64,-1.1,1.0,1019.7,60,149.0
2026-01-01 10:00:00,6.5,0.0,16.3,327,51,-3.0,1.6,1020.4,84,263.0
2026-01-01 11:00:00,6.9,0.0,14.6,320,47,-3.7,2.2,1020.0,99,313.0
2026-01-01 12:00:00,7.2,0.0,15.7,311,45,-4.1,2.3,1019.2,100,323.0
2026-01-01 13:00:00,7.4,0.0,17.1,313,44,-4.2,2.2,1018.3,100,364.0
2026-01-01 14:00:00,7.2,0.0,19.3,309,45,-4.1,1.7,1018.6,100,301.0
2026-01-01 15:00:00,6.4,0.0,17.5,312,50,-3.1,1.3,1018.6,100,150.0
2026-01-01 16:00:00,5.8,0.0,16.8,312,53,-3.0,0.9,1018.9,100,72.0
2026-01-01 17:00:00,5.3,0.0,17.6,311,55,-3.0,0.2,1019.2,100,39.0
2026-01-01 18:00:00,4.7,0.0,18.1,313,58,-2.8,-0.5,1019.5,100,1.0
2026-01-01 19:00:00,4.2,0.0,19.4,317,58,-3.5,-1.2,1020.0,57,0.0
2026-01-01 20:00:00,3.8,0.0,18.5,317,53,-4.9,-1.7,1019.8,22,0.0
2026-01-01 21:00:00,3.6,0.0,15.9,313,54,-4.8,-1.5,1019.6,38,0.0
2026-01-01 22:00:00,3.4,0.0,17.2,314,52,-5.6,-1.9,1019.6,29,0.0
2026-01-01 23:00:00,3.2,0.0,19.4,313,52,-5.6,-2.5,1019.7,63,0.0
2026-01-02 00:00:00,3.0,0.0,20.5,313,56,-5.0,-2.8,1019.4,63,0.0
2026-01-02 01:00:00,2.7,0.0,20.5,312,59,-4.4,-3.0,1019.2,95,0.0
2026-01-02 02:00:00,2.8,0.0,20.9,309,61,-4.1,-3.0,1019.3,59,0.0
2026-01-02 03:00:00,2.5,0.0,21.1,309,62,-4.0,-3.2,1019.0,49,0.0
2026-01-02 04:00:00,2.2,0.1,20.5,313,66,-3.5,-3.4,1018.2,70,0.0
2026-01-02 05:00:00,2.3,0.1,21.4,311,66,-3.4,-3.4,1017.6,54,0.0
2026-01-02 06:00:00,2.1,0.1,23.9,308,67,-3.5,-4.0,1017.4,68,0.0
2026-01-02 07:00:00,2.2,0.0,26.3,303,61,-4.5,-4.3,1017.6,98,0.0
2026-01-02 08:00:00,2.2,0.0,26.3,305,58,-5.2,-4.5,1017.6,73,6.0
2026-01-02 09:00:00,1.8,0.0,20.7,315,54,-6.6,-4.2,1018.2,91,109.0
2026-01-02 10:00:00,2.5,0.0,22.5,315,47,-7.7,-3.8,1018.3,59,226.0
2026-01-02 11:00:00,3.2,0.0,24.5,308,40,-9.1,-3.5,1018.3,50,387.0
2026-01-02 12:00:00,3.4,0.1,25.4,303,40,-9.1,-3.5,1017.5,60,451.0
2026-01-02 13:00:00,3.8,0.0,25.7,301,38,-9.1,-3.2,1017.4,29,465.0
2026-01-02 14:00:00,4.2,0.0,23.1,307,39,-8.8,-2.4,1017.1,25,483.0
2026-01-02 15:00:00,3.5,0.0,20.6,297,43,-7.9,-2.5,1017.6,2,369.0
2026-01-02 16:00:00,3.6,0.0,19.7,304,40,-8.6,-2.4,1018.1,2,253.0
2026-01-02 17:00:00,3.0,0.0,16.8,303,45,-7.7,-2.4,1018.6,5,89.0
2026-01-02 18:00:00,2.7,0.0,16.8,308,55,-5.5,-2.6,1019.2,18,2.0
2026-01-02 19:00:00,2.4,0.0,17.7,307,63,-4.0,-2.8,1019.5,29,0.0
2026-01-02 20:00:00,3.2,0.0,19.0,303,64,-3.0,-2.2,1019.6,9,0.0
2026-01-02 21:00:00,3.0,0.0,15.5,306,68,-2.5,-1.8,1020.3,45,0.0
2026-01-02 22:00:00,3.0,0.0,17.1,309,63,-3.5,-2.2,1020.2,30,0.0
2026-01-02 23:00:00,3.1,0.0,17.6,304,61,-3.7,-2.1,1020.2,47,0.0
2026-01-03 00:00:00,3.0,0.0,17.8,302,62,-3.5,-2.2,1020.4,43,0.0
2026-01-03 01:00:00,2.8,0.0,19.3,305,63,-3.4,-2.6,1020.3,42,0.0
2026-01-03 02:00:00,2.8,0.0,17.5,305,65,-3.2,-2.4,1020.8,77,0.0
2026-01-03 03:00:00,2.2,0.0,18.3,316,69,-2.9,-3.0,1021.3,52,0.0
2026-01-03 04:00:00,2.5,0.0,15.5,308,68,-2.8,-2.3,1021.0,42,0.0
2026-01-03 05:00:00,3.0,0.0,18.6,306,64,-3.2,-2.3,1021.1,52,0.0
2026-01-03 06:00:00,3.5,0.0,17.1,311,60,-3.7,-1.6,1021.4,66,0.0
2026-01-03 07:00:00,3.0,0.0,16.6,319,62,-3.5,-2.0,1022.1,49,0.0
2026-01-03 08:00:00,3.2,0.0,15.5,317,64,-3.0,-1.6,1022.6,43,14.0
2026-01-03 09:00:00,4.8,0.0,17.0,303,57,-3.0,-0.2,1023.2,37,120.0
2026-01-03 10:00:00,6.1,0.0,22.1,300,50,-3.7,0.2,1023.7,41,266.0
2026-01-03 11:00:00,6.8,0.0,22.8,297,46,-4.0,0.8,1023.7,42,369.0
2026-01-03 12:00:00,7.3,0.0,23.8,295,44,-4.2,1.1,1023.0,34,468.0
2026-01-03 13:00:00,7.4,0.0,24.0,295,43,-4.2,1.3,1022.6,28,518.0
2026-01-03 14:00:00,7.2,0.0,24.2,297,43,-4.6,0.9,1022.7,34,476.0
2026-01-03 15:00:00,7.3,0.0,21.1,297,44,-4.2,1.5,1022.6,4,385.0
2026-01-03 16:00:00,7.0,0.0,21.6,301,43,-4.8,1.1,1022.8,16,250.0
2026-01-03 17:00:00,6.1,0.0,19.8,303,49,-3.8,0.6,1023.1,9,90.0
2026-01-03 18:00:00,5.3,0.0,17.7,307,54,-3.3,0.2,1023.6,5,2.0
2026-01-03 19:00:00,4.7,0.0,14.1,316,59,-2.5,0.2,1024.0,0,0.0
2026-01-03 20:00:00,4.3,0.0,12.7,314,61,-2.5,0.0,1023.9,0,0.0
2026-01-03 21:00:00,4.3,0.0,11.4,322,65,-1.8,0.3,1023.9,3,0.0
2026-01-03 22:00:00,4.1,0.0,11.6,325,64,-2.1,-0.0,1024.0,21,0.0
2026-01-03 23:00:00,4.1,0.0,10.1,335,64,-2.1,0.1,1023.9,2,0.0
2026-01-04 00:00:00,2.2,0.0,3.7,321,74,-1.9,-0.7,1023.7,10,0.0
2026-01-04 01:00:00,2.2,0.0,4.1,299,81,-0.7,-0.7,1023.6,83,0.0
2026-01-04 02:00:00,3.5,0.0,2.9,300,84,1.0,1.1,1023.5,48,0.0
2026-01-04 03:00:00,4.8,0.0,5.1,276,87,2.8,2.4,1023.4,86,0.0
2026-01-04 04:00:00,5.2,0.0,9.3,251,83,2.5,2.1,1023.0,88,0.0
2026-01-04 05:00:00,6.0,0.0,14.1,239,72,1.4,2.0,1022.9,98,0.0
2026-01-04 06:00:00,6.4,0.0,14.0,242,68,0.9,2.4,1023.0,79,0.0
2026-01-04 07:00:00,6.4,0.0,14.8,239,71,1.5,2.4,1023.2,85,0.0
2026-01-04 08:00:00,6.6,0.0,15.1,244,72,1.9,2.6,1023.1,85,12.0
2026-01-04 09:00:00,7.2,0.0,17.5,244,66,1.4,2.8,1023.7,100,84.0
2026-01-04 10:00:00,7.9,0.0,20.1,237,66,2.0,3.2,1023.9,100,157.0
2026-01-04 11:00:00,8.5,0.0,20.3,244,67,2.7,3.9,1023.5,100,190.0
2026-01-04 12:00:00,9.1,0.1,25.8,268,63,2.5,3.7,1022.6,100,217.0
2026-01-04 13:00:00,9.2,0.0,26.7,274,59,1.6,3.5,1022.0,100,218.0
2026-01-04 14:00:00,9.5,0.0,26.9,278,56,1.1,3.6,1021.5,100,216.0
2026-01-04 15:00:00,9.4,0.0,25.1,274,58,1.6,3.9,1021.0,100,209.0
2026-01-04 16:00:00,9.8,0.0,20.5,268,59,2.2,5.0,1020.4,100,91.0
2026-01-04 17:00:00,9.8,0.0,19.8,267,59,2.2,5.1,1020.1,95,64.0
2026-01-04 18:00:00,9.6,0.0,18.9,262,62,2.7,5.2,1020.3,100,2.0
2026-01-04 19:00:00,9.6,0.0,15.9,255,63,2.9,5.6,1020.2,100,0.0
2026-01-04 20:00:00,9.5,0.0,15.1,258,62,2.7,5.6,1020.2,100,0.0
2026-01-04 21:00:00,8.8,0.0,13.7,240,71,3.8,5.3,1019.8,100,0.0
2026-01-04 22:00:00,9.0,0.0,13.0,239,70,3.8,5.7,1019.4,95,0.0
2026-01-04 23:00:00,8.6,0.0,12.8,222,75,4.3,5.4,1018.9,59,0.0
2026-01-05 00:00:00,8.4,0.0,13.2,230,75,4.2,5.1,1018.6,99,0.0
2026-01-05 01:00:00,8.8,0.0,12.1,233,72,4.1,5.6,1018.0,100,0.0
2026-01-05 02:00:00,9.0,0.0,11.9,243,72,4.3,5.9,1017.7,100,0.0
2026-01-05 03:00:00,8.9,0.1,11.6,248,74,4.4,5.8,1017.3,100,0.0
2026-01-05 04:00:00,9.4,0.0,15.0,264,74,5.1,6.1,1016.8,100,0.0
2026-01-05 05:00:00,9.7,0.0,20.7,281,67,3.8,5.2,1016.2,99,0.0
2026-01-05 06:00:00,9.6,0.0,22.7,282,63,3.0,4.6,1016.1,96,0.0
2026-01-05 07:00:00,9.1,0.0,18.1,289,66,3.0,4.8,1016.3,99,0.0
2026-01-05 08:00:00,8.9,0.0,15.5,297,70,3.7,5.1,1016.6,100,11.0
2026-01-05 09:00:00,9.4,0.1,17.6,290,69,4.1,5.5,1016.9,98,68.0
2026-01-05 10:00:00,9.9,0.0,16.2,287,65,3.7,6.1,1017.3,80,169.0
2026-01-05 11:00:00,10.9,0.0,19.4,296,52,1.5,6.2,1017.0,65,344.0
2026-01-05 12:00:00,11.3,0.0,22.7,292,47,0.2,5.9,1016.1,55,471.0
2026-01-05 13:00:00,11.2,0.0,23.1,295,45,-0.2,5.7,1015.5,23,520.0
2026-01-05 14:00:00,10.9,0.0,22.8,301,45,-0.7,5.3,1015.2,56,488.0
2026-01-05 15:00:00,10.6,0.0,20.8,298,46,-0.6,5.4,1015.1,88,371.0
2026-01-05 16:00:00,9.9,0.0,20.3,306,48,-0.5,4.8,1015.4,73,238.0
2026-01-05 17:00:00,8.5,0.0,18.3,319,51,-1.2,3.5,1016.0,73,84.0
2026-01-05 18:00:00,7.3,0.0,16.7,322,55,-1.2,2.6,1016.6,18,3.0
2026-01-05 19:00:00,6.8,0.0,15.3,313,56,-1.4,2.2,1017.4,49,0.0
2026-01-05 20:00:00,6.4,0.0,14.8,316,57,-1.6,1.9,1018.3,85,0.0
2026-01-05 21:00:00,6.1,0.0,12.6,329,62,-0.6,2.0,1018.8,34,0.0
2026-01-05 22:00:00,6.1,0.0,11.0,337,62,-0.6,2.3,1019.0,64,0.0
2026-01-05 23:00:00,5.9,0.0,11.6,325,62,-0.8,2.0,1019.0,26,0.0
2026-01-06 00:00:00,5.6,0.0,12.4,317,62,-1.1,1.5,1019.1,9,0.0
2026-01-06 01:00:00,5.4,0.0,11.1,317,63,-1.0,1.6,1019.0,27,0.0
2026-01-06 02:00:00,5.5,0.0,10.0,322,64,-0.8,1.8,1019.4,32,0.0
2026-01-06 03:00:00,5.5,0.0,13.0,327,64,-0.7,1.4,1019.6,49,0.0
2026-01-06 04:00:00,5.8,0.0,15.3,317,64,-0.5,1.4,1019.6,11,0.0
2026-01-06 05:00:00,5.3,0.0,15.0,314,66,-0.4,1.0,1019.7,3,0.0
2026-01-06 06:00:00,4.9,0.0,14.9,319,69,-0.3,0.6,1020.3,3,0.0
2026-01-06 07:00:00,4.5,0.0,13.7,328,70,-0.4,0.3,1020.8,6,0.0
2026-01-06 08:00:00,4.4,0.0,11.6,332,70,-0.4,0.6,1021.2,1,17.0
2026-01-06 09:00:00,6.8,0.0,10.4,339,64,0.4,3.2,1021.5,1,149.0
2026-01-06 10:00:00,8.7,0.0,7.5,336,45,-2.5,5.1,1021.9,0,315.0
2026-01-06 11:00:00,9.4,0.0,4.9,324,42,-2.7,6.2,1021.4,17,440.0
2026-01-06 12:00:00,10.4,0.0,5.6,274,39,-3.0,7.0,1020.2,47,518.0
2026-01-06 13:00:00,11.0,0.0,9.0,257,36,-3.5,7.1,1019.2,2,527.0
2026-01-06 14:00:00,11.2,0.0,12.1,266,36,-3.2,6.9,1018.9,9,504.0
2026-01-06 15:00:00,10.9,0.0,15.6,281,38,-2.8,6.2,1018.5,45,396.0
2026-01-06 16:00:00,10.1,0.0,15.1,285,47,-0.6,5.6,1019.0,7,257.0
2026-01-06 17:00:00,8.7,0.0,11.8,286,56,0.4,4.9,1019.2,0,97.0
2026-01-06 18:00:00,7.3,0.0,9.8,308,66,1.4,4.0,1019.5,4,3.0
2026-01-06 19:00:00,5.8,0.0,5.9,342,76,1.9,3.1,1019.5,0,0.0
2026-01-06 20:00:00,3.5,0.0,4.1,2,85,1.1,1.0,1019.4,16,0.0
2026-01-06 21:00:00,3.8,0.0,3.1,13,78,0.3,1.3,1018.8,100,0.0
2026-01-06 22:00:00,4.0,0.0,2.9,7,76,0.2,1.4,1019.0,100,0.0
2026-01-06 23:00:00,4.4,0.0,2.6,344,75,0.4,2.0,1019.2,98,0.0
2026-01-07 00:00:00,4.3,0.0,2.0,360,76,0.6,2.0,1018.8,98,0.0
2026-01-07 01:00:00,3.7,0.0,2.7,20,79,0.4,1.2,1018.1,93,0.0
2026-01-07 02:00:00,3.3,0.0,1.9,17,80,0.2,1.0,1018.3,100,0.0
2026-01-07 03:00:00,4.2,0.0,1.0,45,76,0.4,2.0,1018.4,98,0.0
2026-01-07 04:00:00,3.5,0.0,3.9,68,80,0.2,0.8,1017.9,98,0.0
2026-01-07 05:00:00,3.7,0.0,4.0,69,82,0.9,1.1,1017.4,50,0.0
2026-01-07 06:00:00,3.3,0.0,2.2,66,77,-0.4,0.8,1017.6,73,0.0
2026-01-07 07:00:00,3.5,0.0,1.4,90,75,-0.4,1.1,1017.9,61,0.0
2026-01-07 08:00:00,5.0,0.0,0.5,45,74,0.8,2.9,1018.0,58,16.0
2026-01-07 09:00:00,7.8,0.0,1.8,307,72,3.1,5.9,1018.3,22,143.0
2026-01-07 10:00:00,9.0,0.0,7.2,273,65,2.8,6.3,1018.7,31,297.0
2026-01-07 11:00:00,10.2,0.0,13.1,261,58,2.3,6.6,1018.2,16,403.0
2026-01-07 12:00:00,11.4,0.0,16.8,268,41,-1.5,6.7,1017.3,2,484.0
2026-01-07 13:00:00,11.5,0.0,22.2,275,38,-2.5,5.8,1016.7,2,551.0
2026-01-07 14:00:00,11.4,0.0,23.9,276,39,-1.9,5.6,1016.6,100,508.0
2026-01-07 15:00:00,10.9,0.0,25.6,271,45,-0.6,5.0,1016.2,58,269.0
2026-01-07 16:00:00,11.1,0.0,24.8,271,47,0.2,5.4,1016.1,63,179.0
2026-01-07 17:00:00,10.6,0.0,23.6,272,50,0.6,5.1,1016.0,15,80.0
2026-01-07 18:00:00,9.8,0.0,24.3,276,57,1.6,4.4,1016.5,20,3.0
2026-01-07 19:00:00,9.1,0.0,24.3,286,61,2.0,3.7,1016.9,33,0.0
2026-01-07 20:00:00,8.6,0.0,20.9,290,64,2.3,3.9,1017.2,32,0.0
2026-01-07 21:00:00,9.6,0.0,19.6,277,54,0.7,4.7,1017.3,55,0.0
2026-01-07 22:00:00,10.1,0.0,21.2,277,49,0.0,4.9,1017.2,59,0.0
2026-01-07 23:00:00,9.4,0.0,22.6,287,55,0.6,4.0,1017.5,74,0.0
2026-01-08 00:00:00,9.2,0.0,20.1,300,50,-0.6,4.1,1017.2,99,0.0
2026-01-08 01:00:00,8.7,0.0,17.6,311,48,-1.9,3.7,1017.4,38,0.0
2026-01-08 02:00:00,7.1,0.0,20.3,330,49,-2.8,1.6,1018.1,100,0.0
2026-01-08 03:00:00,7.6,0.0,20.4,323,47,-3.1,2.0,1018.1,100,0.0
2026-01-08 04:00:00,6.8,0.0,22.3,324,46,-4.2,0.9,1018.4,58,0.0
2026-01-08 05:00:00,5.6,0.0,21.1,322,50,-4.1,-0.2,1019.0,19,0.0
2026-01-08 06:00:00,4.8,0.0,21.3,316,52,-4.3,-1.1,1019.8,18,0.0
2026-01-08 07:00:00,4.2,0.0,21.6,314,52,-4.7,-1.6,1020.4,19,0.0
2026-01-08 08:00:00,4.0,0.0,20.8,313,54,-4.5,-1.8,1020.8,13,15.0
2026-01-08 09:00:00,5.2,0.0,21.1,316,47,-5.2,-0.6,1020.8,0,139.0
2026-01-08 10:00:00,5.8,0.0,22.7,313,44,-5.4,-0.3,1021.5,9,325.0
2026-01-08 11:00:00,6.1,0.0,24.7,311,44,-5.4,-0.3,1021.6,39,448.0
2026-01-08 12:00:00,6.0,0.0,24.4,313,45,-4.9,-0.3,1021.1,45,468.0
2026-01-08 13:00:00,5.6,0.0,23.2,316,48,-4.4,-0.5,1020.8,87,419.0
2026-01-08 14:00:00,5.2,0.0,21.2,319,48,-4.8,-0.6,1020.8,76,288.0
2026-01-08 15:00:00,5.2,0.0,18.8,320,49,-4.7,-0.3,1020.9,77,242.0
2026-01-08 16:00:00,4.8,0.0,17.1,324,50,-4.9,-0.5,1021.3,75,167.0
2026-01-08 17:00:00,4.4,0.0,16.3,329,50,-5.1,-0.7,1021.9,76,82.0
2026-01-08 18:00:00,4.3,0.0,13.7,325,53,-4.4,-0.4,1022.5,96,3.0
2026-01-08 19:00:00,4.2,0.0,13.0,322,56,-3.8,-0.3,1023.2,98,0.0
2026-01-08 20:00:00,4.2,0.0,11.3,318,59,-3.0,-0.0,1023.6,98,0.0
2026-01-08 21:00:00,4.1,0.0,10.1,314,60,-2.9,0.1,1024.0,37,0.0
2026-01-08 22:00:00,4.1,0.0,9.5,309,63,-2.3,0.3,1024.1,31,0.0
2026-01-08 23:00:00,4.0,0.0,8.5,312,66,-1.9,0.3,1024.0,16,0.0
2026-01-09 00:00:00,3.2,0.0,7.0,328,72,-1.4,-0.1,1024.0,21,0.0
2026-01-09 01:00:00,3.0,0.0,7.4,334,74,-1.1,-0.4,1023.9,45,0.0
2026-01-09 02:00:00,2.7,0.0,7.7,342,75,-1.3,-0.8,1024.1,45,0.0
2026-01-09 03:00:00,1.5,0.0,4.5,337,84,-0.9,-1.4,1023.8,83,0.0
2026-01-09 04:00:00,1.3,0.0,2.1,308,82,-1.4,-1.3,1023.6,34,0.0
2026-01-09 05:00:00,1.4,0.0,2.1,285,87,-0.6,-1.2,1023.3,50,0.0
2026-01-09 06:00:00,1.0,0.0,4.0,291,90,-0.4,-1.7,1023.5,34,0.0
2026-01-09 07:00:00,1.1,0.0,3.6,288,90,-0.2,-1.5,1023.4,30,0.0
2026-01-09 08:00:00,2.0,0.0,2.2,294,89,0.4,-0.4,1023.6,42,16.0
2026-01-09 09:00:00,4.9,0.0,5.5,234,81,2.0,2.3,1024.0,84,135.0
2026-01-09 10:00:00,6.4,0.0,10.3,226,62,-0.4,2.7,1024.3,80,238.0
2026-01-09 11:00:00,7.1,0.0,11.8,236,57,-0.9,3.1,1024.0,66,336.0
2026-01-09 12:00:00,7.8,0.0,13.7,251,56,-0.4,3.7,1022.8,20,417.0
2026-01-09 13:00:00,8.4,0.0,15.8,270,54,-0.5,3.9,1021.9,93,447.0
2026-01-09 14:00:00,8.8,0.0,15.7,269,51,-0.7,4.3,1021.2,100,325.0
2026-01-09 15:00:00,9.1,0.0,15.7,257,53,-0.2,4.6,1020.7,97,237.0
2026-01-09 16:00:00,9.1,0.0,15.6,259,52,-0.3,4.7,1020.5,80,174.0
2026-01-09 17:00:00,8.5,0.0,18.3,259,57,0.4,3.8,1020.8,83,81.0
2026-01-09 18:00:00,8.1,0.0,16.7,263,61,0.9,3.6,1021.1,20,3.0
2026-01-09 19:00:00,7.5,0.0,14.1,235,63,0.9,3.5,1020.9,67,0.0
2026-01-09 20:00:00,7.5,0.0,15.7,220,61,0.4,3.2,1021.0,100,0.0
2026-01-09 21:00:00,7.2,0.0,10.9,214,61,0.3,3.6,1020.7,75,0.0
2026-01-09 22:00:00,7.2,0.0,11.8,213,63,0.6,3.4,1020.7,72,0.0
2026-01-09 23:00:00,7.0,0.0,13.6,208,66,1.1,3.1,1020.5,92,0.0
2026-01-10 00:00:00,6.8,0.0,14.6,189,69,1.6,2.9,1019.8,100,0.0
2026-01-10 01:00:00,7.4,0.0,16.2,183,68,1.9,3.2,1019.6,75,0.0
2026-01-10 02:00:00,7.4,0.0,15.7,183,71,2.5,3.5,1018.9,66,0.0
2026-01-10 03:00:00,7.2,0.0,16.8,178,73,2.7,3.1,1018.3,22,0.0
2026-01-10 04:00:00,7.5,0.0,17.6,179,72,2.8,3.3,1017.5,32,0.0
2026-01-10 05:00:00,8.0,0.0,16.2,183,73,3.5,4.1,1016.8,21,0.0
2026-01-10 06:00:00,8.3,0.0,15.7,189,74,4.0,4.6,1016.5,37,0.0
2026-01-10 07:00:00,8.4,0.0,14.5,187,72,3.7,4.8,1016.3,38,0.0
2026-01-10 08:00:00,8.8,0.0,15.5,176,72,4.0,5.1,1015.5,28,14.0
2026-01-10 09:00:00,10.4,0.0,15.5,188,66,4.4,6.9,1016.0,24,125.0
2026-01-10 10:00:00,11.6,0.0,16.3,197,62,4.7,8.0,1015.6,17,270.0
2026-01-10 11:00:00,12.8,0.0,17.7,213,58,4.8,8.9,1015.0,35,406.0
2026-01-10 12:00:00,13.6,0.0,17.6,203,58,5.3,9.8,1013.7,38,455.0
2026-01-10 13:00:00,15.0,0.0,27.5,231,49,4.3,9.6,1012.4,47,479.0
2026-01-10 14:00:00,15.7,0.0,29.7,246,43,3.0,9.8,1011.9,42,363.0
2026-01-10 15:00:00,15.9,0.2,30.7,241,38,1.7,9.6,1011.1,84,285.0
2026-01-10 16:00:00,15.1,0.0,32.6,263,44,3.0,8.7,1011.3,79,180.0
2026-01-10 17:00:00,12.9,0.0,32.3,267,56,4.4,6.9,1011.9,98,70.0
2026-01-10 18:00:00,12.1,0.0,29.4,267,56,3.8,6.4,1012.8,98,4.0
2026-01-10 19:00:00,11.6,0.0,33.7,267,55,2.8,5.1,1013.6,87,0.0
2026-01-10 20:00:00,10.5,0.0,36.7,268,56,2.1,3.4,1013.8,98,0.0
2026-01-10 21:00:00,10.4,0.0,35.9,266,56,1.9,3.3,1014.1,100,0.0
2026-01-10 22:00:00,9.8,0.0,35.6,270,53,0.7,2.5,1014.5,100,0.0
2026-01-10 23:00:00,8.4,0.0,36.4,273,58,0.6,1.0,1015.0,100,0.0
2026-01-11 00:00:00,7.8,0.1,35.9,273,58,0.1,0.5,1015.1,100,0.0
2026-01-11 01:00:00,6.8,0.1,36.1,279,61,-0.3,-0.7,1015.2,100,0.0
2026-01-11 02:00:00,6.2,0.1,34.4,282,61,-0.8,-1.1,1015.5,100,0.0
2026-01-11 03:00:00,5.1,0.1,29.8,294,61,-1.8,-1.6,1015.8,100,0.0
2026-01-11 04:00:00,4.0,0.2,30.2,298,62,-2.6,-2.9,1016.3,100,0.0
2026-01-11 05:00:00,4.2,0.1,30.1,299,58,-3.5,-2.8,1016.2,99,0.0
2026-01-11 06:00:00,4.3,0.1,29.1,303,47,-6.2,-2.8,1016.3,99,0.0
2026-01-11 07:00:00,3.7,0.0,31.3,308,41,-8.3,-4.0,1016.7,100,0.0
2026-01-11 08:00:00,3.3,0.0,29.1,309,42,-8.4,-4.0,1016.7,100,11.0
2026-01-11 09:00:00,3.5,0.0,29.8,310,29,-12.9,-4.3,1018.5,95,98.0
2026-01-11 10:00:00,3.2,0.0,31.9,311,34,-11.1,-4.8,1019.2,63,230.0
2026-01-11 11:00:00,3.3,0.0,33.0,314,36,-10.3,-4.7,1019.4,41,371.0
2026-01-11 12:00:00,3.5,0.0,32.5,317,32,-11.6,-4.6,1018.9,41,484.0
2026-01-11 13:00:00,3.5,0.0,32.0,316,33,-11.4,-4.6,1018.6,62,536.0
2026-01-11 14:00:00,3.2,0.0,31.5,313,34,-11.1,-4.7,1018.7,51,451.0
2026-01-11 15:00:00,3.2,0.0,26.1,307,46,-7.2,-3.6,1019.4,54,387.0
2026-01-11 16:00:00,3.0,0.0,30.8,304,38,-10.1,-4.8,1019.9,82,232.0
2026-01-11 17:00:00,3.0,0.0,29.3,303,38,-9.9,-4.5,1020.3,46,76.0
2026-01-11 18:00:00,2.5,0.0,26.4,302,43,-9.0,-4.6,1020.9,28,5.0
2026-01-11 19:00:00,2.4,0.0,26.4,306,39,-10.1,-4.7,1021.2,43,0.0
2026-01-11 20:00:00,2.3,0.0,22.8,303,42,-9.1,-4.2,1021.7,38,0.0
2026-01-11 21:00:00,2.7,0.0,20.9,308,41,-9.2,-3.5,1022.4,47,0.0
2026-01-11 22:00:00,2.8,0.0,20.4,308,44,-8.3,-3.2,1022.7,100,0.0
2026-01-11 23:00:00,3.2,0.0,19.4,301,45,-7.7,-2.7,1022.9,100,0.0
2026-01-12 00:00:00,3.3,0.0,24.6,314,43,-8.1,-3.4,1023.0,70,0.0
2026-01-12 01:00:00,2.2,0.0,20.7,319,45,-8.6,-4.0,1023.1,16,0.0
2026-01-12 02:00:00,1.8,0.0,18.0,314,47,-8.2,-3.9,1023.2,44,0.0
2026-01-12 03:00:00,1.6,0.0,14.2,308,52,-7.2,-3.4,1023.4,98,0.0
2026-01-12 04:00:00,2.2,0.0,12.5,305,53,-6.4,-2.6,1022.8,98,0.0
2026-01-12 05:00:00,2.3,0.0,12.3,304,56,-5.7,-2.3,1022.9,80,0.0
2026-01-12 06:00:00,2.2,0.0,12.2,311,61,-4.7,-2.4,1023.2,59,0.0
2026-01-12 07:00:00,2.2,0.0,13.5,316,63,-4.2,-2.5,1023.2,59,0.0
2026-01-12 08:00:00,2.7,0.0,12.4,309,61,-4.1,-1.8,1023.3,95,16.0
2026-01-12 09:00:00,3.6,0.0,5.5,289,64,-2.5,0.3,1023.4,100,112.0
2026-01-12 10:00:00,4.8,0.0,7.9,246,57,-3.2,1.0,1023.1,100,159.0
2026-01-12 11:00:00,5.6,0.0,11.9,252,54,-3.0,1.3,1022.1,76,281.0
2026-01-12 12:00:00,6.1,0.0,11.8,257,54,-2.5,1.9,1020.9,100,380.0
2026-01-12 13:00:00,6.3,0.0,15.7,257,56,-1.9,1.7,1020.4,100,296.0
2026-01-12 14:00:00,7.1,0.1,20.3,263,60,-0.2,1.9,1019.9,100,230.0
2026-01-12 15:00:00,7.0,0.0,20.0,251,57,-1.0,1.8,1019.6,100,160.0
2026-01-12 16:00:00,7.2,0.0,17.8,235,56,-1.0,2.3,1019.1,100,111.0
2026-01-12 17:00:00,7.2,0.0,16.7,225,54,-1.6,2.4,1018.6,99,48.0
2026-01-12 18:00:00,7.0,0.0,15.8,223,60,-0.2,2.5,1018.1,100,3.0
2026-01-12 19:00:00,6.8,0.0,14.7,213,64,0.6,2.7,1017.5,95,0.0
2026-01-12 20:00:00,7.0,0.0,13.0,199,66,1.1,3.2,1016.9,96,0.0
2026-01-12 21:00:00,7.2,0.0,12.0,193,69,1.8,3.6,1016.4,60,0.0
2026-01-12 22:00:00,7.1,0.0,12.0,187,71,2.2,3.6,1015.9,80,0.0
2026-01-12 23:00:00,7.3,0.0,10.4,194,73,2.7,4.1,1015.7,58,0.0
2026-01-13 00:00:00,7.8,0.0,11.3,214,73,3.2,4.5,1014.9,47,0.0
2026-01-13 01:00:00,8.2,0.0,14.2,215,72,3.5,4.7,1014.0,55,0.0
2026-01-13 02:00:00,8.6,0.0,13.7,207,73,4.1,5.2,1013.2,73,0.0
2026-01-13 03:00:00,9.2,0.0,15.7,211,70,4.1,5.5,1012.4,95,0.0
2026-01-13 04:00:00,9.9,0.0,17.7,222,67,4.0,5.8,1011.8,56,0.0
2026-01-13 05:00:00,10.1,0.0,17.2,224,67,4.2,6.2,1010.9,93,0.0
2026-01-13 06:00:00,9.4,1.3,16.2,241,76,5.4,5.9,1010.9,66,0.0
2026-01-13 07:00:00,8.9,0.7,22.1,263,81,5.9,4.7,1011.5,99,0.0
2026-01-13 08:00:00,8.8,0.7,20.7,255,92,7.7,5.2,1011.8,100,7.0
2026-01-13 09:00:00,10.1,0.1,21.9,261,79,6.6,6.1,1012.6,40,72.0
2026-01-13 10:00:00,12.7,0.0,28.3,277,45,1.1,6.6,1012.9,8,258.0
2026-01-13 11:00:00,12.6,0.0,30.7,286,39,-1.1,5.8,1013.3,0,447.0
2026-01-13 12:00:00,12.4,0.0,29.1,288,37,-2.0,5.8,1013.0,0,549.0
2026-01-13 13:00:00,12.0,0.0,29.5,292,36,-2.7,5.3,1012.7,0,576.0
2026-01-13 14:00:00,11.5,0.0,28.8,295,34,-3.8,4.7,1012.9,0,538.0
2026-01-13 15:00:00,11.9,0.0,31.0,281,36,-2.9,4.8,1012.8,41,430.0
2026-01-13 16:00:00,10.9,0.0,32.4,283,40,-2.2,3.8,1013.4,16,241.0
2026-01-13 17:00:00,10.1,0.0,27.0,285,44,-1.6,3.9,1014.3,45,104.0
2026-01-13 18:00:00,9.4,0.0,23.4,290,46,-1.7,3.7,1015.1,49,6.0
2026-01-13 19:00:00,9.1,0.0,24.0,292,49,-1.2,3.2,1015.9,77,0.0
2026-01-13 20:00:00,8.9,0.0,27.2,291,48,-1.5,2.6,1016.3,4,0.0
2026-01-13 21:00:00,8.8,0.0,23.1,288,50,-1.0,3.1,1016.8,6,0.0
2026-01-13 22:00:00,8.6,0.0,22.3,298,44,-2.9,2.8,1017.5,2,0.0
2026-01-13 23:00:00,7.7,0.0,20.9,304,44,-3.8,2.0,1018.1,3,0.0
2026-01-14 00:00:00,7.4,0.0,20.2,292,48,-3.0,1.9,1018.4,7,0.0
2026-01-14 01:00:00,7.0,0.0,17.9,296,50,-2.7,1.9,1018.6,2,0.0
2026-01-14 02:00:00,6.5,0.0,16.7,313,52,-2.8,1.6,1019.3,0,0.0
2026-01-14 03:00:00,6.3,0.0,16.2,302,57,-1.5,1.6,1019.6,6,0.0
2026-01-14 04:00:00,5.9,0.0,17.2,302,58,-1.8,1.1,1019.9,5,0.0
2026-01-14 05:00:00,5.7,0.0,16.2,309,58,-1.9,0.9,1020.4,5,0.0
2026-01-14 06:00:00,5.2,0.0,16.2,320,54,-3.3,0.2,1021.3,0,0.0
2026-01-14 07:00:00,4.8,0.0,15.5,318,51,-4.4,-0.2,1022.2,4,0.0
2026-01-14 08:00:00,4.8,0.0,15.5,312,54,-3.7,-0.0,1022.7,1,18.0
2026-01-14 09:00:00,6.7,0.0,12.0,316,53,-2.3,2.5,1022.9,1,153.0
2026-01-14 10:00:00,8.4,0.0,16.4,306,41,-4.1,3.4,1023.3,0,322.0
2026-01-14 11:00:00,9.2,0.0,17.6,299,38,-4.3,4.0,1023.5,0,462.0
2026-01-14 12:00:00,9.8,0.0,18.1,299,37,-4.3,4.5,1022.7,0,549.0
2026-01-14 13:00:00,10.1,0.0,17.3,301,36,-4.4,5.0,1022.0,0,575.0
2026-01-14 14:00:00,10.2,0.0,15.8,297,35,-4.6,5.2,1021.9,0,537.0
2026-01-14 15:00:00,10.4,0.0,14.3,287,34,-5.0,5.5,1021.8,0,438.0
2026-01-14 16:00:00,9.9,0.0,13.4,287,35,-4.9,5.2,1022.2,0,291.0
2026-01-14 17:00:00,8.8,0.0,9.3,295,43,-3.2,4.9,1022.2,15,120.0
2026-01-14 18:00:00,6.7,0.0,4.9,306,58,-1.1,3.7,1022.6,0,7.0
2026-01-14 19:00:00,4.6,0.0,3.2,19,70,-0.4,1.9,1022.8,32,0.0
2026-01-14 20:00:00,4.0,0.0,4.0,51,67,-1.6,1.0,1022.9,20,0.0
2026-01-14 21:00:00,3.7,0.0,4.2,47,67,-1.8,0.7,1022.7,10,0.0
2026-01-14 22:00:00,3.4,0.0,3.6,60,67,-2.2,0.4,1022.6,95,0.0
2026-01-14 23:00:00,3.7,0.0,3.7,67,65,-2.2,0.7,1022.7,100,0.0
2026-01-15 00:00:00,4.6,0.0,5.3,80,64,-1.8,1.4,1022.3,97,0.0
2026-01-15 01:00:00,4.4,0.0,5.6,96,70,-0.6,1.4,1022.0,97,0.0
2026-01-15 02:00:00,5.2,0.0,7.2,104,74,0.9,2.1,1021.3,93,0.0
2026-01-15 03:00:00,5.7,0.0,9.2,107,75,1.5,2.4,1021.1,100,0.0
2026-01-15 04:00:00,6.1,0.0,7.8,113,75,1.9,3.1,1020.4,98,0.0
2026-01-15 05:00:00,5.1,0.0,5.4,96,80,1.9,2.5,1020.3,78,0.0
2026-01-15 06:00:00,6.3,0.0,9.8,108,75,2.2,3.1,1020.1,43,0.0
2026-01-15 07:00:00,6.9,0.0,10.3,123,76,3.1,3.9,1019.8,100,0.0
2026-01-15 08:00:00,7.7,0.0,11.9,128,70,2.7,4.3,1019.2,99,15.0
2026-01-15 09:00:00,8.6,0.0,11.8,116,72,3.8,5.5,1019.5,100,105.0
2026-01-15 10:00:00,10.6,0.0,10.0,124,54,1.6,7.2,1019.3,95,191.0
2026-01-15 11:00:00,12.2,0.0,11.0,124,49,1.7,8.8,1018.5,59,322.0
2026-01-15 12:00:00,13.8,0.0,8.1,127,49,3.2,11.0,1017.3,30,488.0
2026-01-15 13:00:00,14.5,0.0,8.7,148,50,4.2,11.9,1016.0,44,477.0
2026-01-15 14:00:00,14.7,0.0,5.4,143,53,5.2,12.7,1015.4,59,421.0
2026-01-15 15:00:00,15.4,0.0,10.6,183,54,6.2,12.9,1015.0,41,284.0
2026-01-15 16:00:00,15.7,0.0,12.8,202,56,6.9,13.1,1015.0,79,251.0
2026-01-15 17:00:00,14.9,0.0,13.8,221,63,8.0,12.4,1014.7,52,79.0
2026-01-15 18:00:00,13.8,0.0,11.5,214,69,8.2,11.6,1014.5,24,6.0
2026-01-15 19:00:00,13.4,0.0,15.2,233,70,8.1,10.7,1014.6,41,0.0
2026-01-15 20:00:00,12.0,0.1,7.6,282,80,8.6,10.5,1015.1,56,0.0
2026-01-15 21:00:00,11.5,0.4,5.2,290,86,9.3,10.6,1015.4,41,0.0
2026-01-15 22:00:00,10.6,0.3,4.2,295,87,8.6,9.7,1015.6,48,0.0
2026-01-15 23:00:00,12.2,0.3,14.1,268,85,9.9,10.2,1015.7,31,0.0
2026-01-16 00:00:00,11.8,0.0,12.4,261,89,10.1,10.0,1015.9,21,0.0
2026-01-16 01:00:00,11.6,0.0,11.3,243,89,9.8,9.9,1015.9,0,0.0
2026-01-16 02:00:00,10.8,0.0,9.8,253,90,9.1,9.1,1016.3,0,0.0
2026-01-16 03:00:00,10.4,0.0,8.3,269,93,9.4,9.1,1016.4,0,0.0
2026-01-16 04:00:00,9.8,0.0,6.9,293,95,9.1,8.6,1016.3,2,0.0
2026-01-16 05:00:00,8.8,0.0,8.4,315,96,8.2,7.1,1016.6,32,0.0
2026-01-16 06:00:00,8.1,0.0,11.5,351,91,6.8,5.6,1017.1,33,0.0
2026-01-16 07:00:00,7.8,0.0,11.4,5,90,6.3,5.3,1017.7,3,0.0
2026-01-16 08:00:00,7.8,0.0,8.5,17,89,6.2,5.6,1018.0,26,18.0
2026-01-16 09:00:00,8.9,0.0,4.0,54,94,8.0,7.8,1018.7,9,150.0
2026-01-16 10:00:00,11.4,0.0,2.6,141,87,9.3,10.8,1018.8,5,324.0
2026-01-16 11:00:00,12.7,0.0,5.4,166,79,9.1,11.7,1018.5,3,463.0
2026-01-16 12:00:00,13.4,0.0,6.6,169,74,8.9,12.2,1017.7,12,549.0
2026-01-16 13:00:00,14.2,0.0,6.2,165,66,7.9,12.9,1016.7,9,579.0
2026-01-16 14:00:00,14.9,0.0,5.8,154,56,6.2,13.1,1016.2,26,545.0
2026-01-16 15:00:00,15.6,0.0,5.7,131,53,6.0,13.7,1015.9,42,447.0
2026-01-16 16:00:00,15.1,0.0,5.0,111,53,5.6,13.3,1015.9,13,298.0
2026-01-16 17:00:00,12.7,0.0,2.7,94,71,7.6,11.7,1015.9,1,126.0
2026-01-16 18:00:00,11.2,0.0,0.4,63,71,6.2,10.2,1016.4,0,9.0
2026-01-16 19:00:00,9.6,0.0,2.7,332,78,5.9,8.2,1017.0,0,0.0
2026-01-16 20:00:00,8.3,0.0,2.3,337,83,5.6,6.9,1017.1,0,0.0
2026-01-16 21:00:00,7.2,0.0,2.7,352,90,5.7,5.8,1017.3,0,0.0
2026-01-16 22:00:00,6.0,0.0,3.7,14,93,5.0,4.2,1017.3,0,0.0
2026-01-16 23:00:00,5.3,0.0,2.1,38,93,4.2,3.6,1017.1,0,0.0
2026-01-17 00:00:00,5.5,0.0,1.4,50,87,3.5,3.8,1016.9,0,0.0
2026-01-17 01:00:00,5.9,0.0,1.5,69,83,3.3,4.2,1016.7,0,0.0
2026-01-17 02:00:00,5.8,0.0,1.8,45,83,3.2,4.0,1016.4,0,0.0
2026-01-17 03:00:00,6.2,0.0,3.9,13,86,4.0,4.2,1016.7,0,0.0
2026-01-17 04:00:00,4.4,0.0,2.6,12,88,2.7,2.4,1016.4,0,0.0
2026-01-17 05:00:00,4.2,0.0,3.1,10,89,2.5,2.0,1016.3,0,0.0
2026-01-17 06:00:00,4.5,0.0,1.3,352,84,2.1,2.5,1016.5,2,0.0
2026-01-17 07:00:00,5.2,0.0,1.6,207,87,3.2,3.4,1016.9,45,0.0
2026-01-17 08:00:00,6.5,0.0,1.7,221,90,5.1,5.1,1017.5,59,16.0
2026-01-17 09:00:00,8.6,0.0,3.5,168,91,7.3,7.4,1018.4,81,138.0
2026-01-17 10:00:00,10.3,0.0,3.4,164,86,8.0,9.3,1018.8,7,300.0
2026-01-17 11:00:00,11.9,0.0,4.3,175,78,8.3,10.9,1018.2,15,453.0
2026-01-17 12:00:00,13.4,0.0,3.8,199,71,8.1,12.4,1017.2,20,547.0
2026-01-17 13:00:00,14.9,0.0,6.5,231,64,8.2,13.5,1016.6,53,504.0
2026-01-17 14:00:00,16.1,0.0,7.4,274,54,6.8,14.3,1016.3,100,511.0
2026-01-17 15:00:00,16.2,0.0,8.5,298,51,6.2,14.0,1016.1,95,427.0
2026-01-17 16:00:00,15.0,0.0,12.0,352,53,5.4,12.1,1016.4,93,271.0
2026-01-17 17:00:00,13.1,0.0,10.0,8,63,6.3,10.8,1016.9,81,124.0
2026-01-17 18:00:00,10.9,0.0,13.6,6,73,6.2,8.0,1017.8,95,9.0
2026-01-17 19:00:00,10.0,0.0,13.4,18,74,5.6,7.0,1018.4,81,0.0
2026-01-17 20:00:00,9.1,0.0,11.7,20,76,5.2,6.3,1018.5,43,0.0
2026-01-17 21:00:00,8.4,0.0,10.3,12,80,5.2,5.7,1018.7,68,0.0
2026-01-17 22:00:00,8.1,0.0,9.7,10,81,4.9,5.4,1018.8,0,0.0
2026-01-17 23:00:00,7.5,0.0,9.6,5,83,4.8,4.8,1018.7,0,0.0
2026-01-18 00:00:00,7.2,0.0,7.2,1,85,4.8,4.9,1018.4,0,0.0
2026-01-18 01:00:00,6.1,0.0,3.5,9,85,3.8,4.1,1018.6,0,0.0
2026-01-18 02:00:00,5.4,0.0,2.8,40,85,3.1,3.4,1019.1,0,0.0
2026-01-18 03:00:00,4.9,0.0,5.2,12,90,3.5,2.7,1019.3,0,0.0
2026-01-18 04:00:00,3.4,0.0,4.6,31,92,2.2,1.0,1019.2,0,0.0
2026-01-18 05:00:00,3.3,0.0,5.6,48,90,1.8,0.7,1019.3,0,0.0
2026-01-18 06:00:00,3.2,0.0,5.0,52,87,1.3,0.6,1019.4,0,0.0
2026-01-18 07:00:00,3.5,0.0,3.6,53,82,0.8,1.0,1019.8,1,0.0
2026-01-18 08:00:00,4.9,0.0,3.2,43,82,2.0,2.6,1020.1,11,19.0
2026-01-18 09:00:00,8.7,0.0,5.9,76,75,4.6,6.5,1020.1,0,151.0
2026-01-18 10:00:00,10.6,0.0,4.9,107,74,6.2,8.9,1020.6,0,324.0
2026-01-18 11:00:00,11.8,0.0,3.9,114,68,6.0,10.2,1020.3,0,464.0
2026-01-18 12:00:00,13.0,0.0,3.2,128,63,6.1,11.6,1018.8,0,554.0
2026-01-18 13:00:00,13.7,0.0,5.1,188,60,6.2,12.2,1018.0,0,584.0
2026-01-18 14:00:00,13.8,0.0,6.6,202,61,6.4,11.9,1017.4,0,544.0
2026-01-18 15:00:00,13.7,0.0,6.8,198,64,6.9,11.9,1016.9,0,446.0
2026-01-18 16:00:00,12.7,0.0,8.2,209,67,6.8,10.7,1017.0,0,300.0
2026-01-18 17:00:00,11.1,0.0,6.9,223,76,7.2,9.4,1017.6,0,128.0
2026-01-18 18:00:00,9.1,0.0,1.4,293,85,6.6,8.0,1018.0,0,10.0
2026-01-18 19:00:00,8.1,0.0,2.9,349,87,6.1,6.7,1018.2,1,0.0
2026-01-18 20:00:00,6.8,0.0,4.0,21,88,4.9,5.0,1018.4,3,0.0
2026-01-18 21:00:00,6.9,0.0,5.0,41,87,4.8,4.9,1018.8,0,0.0
2026-01-18 22:00:00,6.4,0.0,4.8,53,86,4.2,4.3,1018.9,0,0.0
2026-01-18 23:00:00,6.7,0.0,5.4,37,83,4.0,4.5,1019.0,24,0.0
2026-01-19 00:00:00,6.7,0.0,7.6,25,83,4.0,4.1,1019.2,2,0.0
2026-01-19 01:00:00,6.1,0.0,7.2,25,86,3.8,3.6,1018.7,1,0.0
2026-01-19 02:00:00,5.2,0.0,5.4,15,89,3.5,2.8,1018.6,0,0.0
2026-01-19 03:00:00,4.3,0.0,3.3,6,91,3.0,2.2,1018.4,1,0.0
2026-01-19 04:00:00,3.2,0.0,2.5,21,91,1.9,1.0,1017.6,0,0.0
2026-01-19 05:00:00,3.3,0.0,1.6,27,89,1.6,1.2,1017.5,1,0.0
2026-01-19 06:00:00,3.3,0.0,1.8,11,88,1.5,1.2,1017.7,7,0.0
2026-01-19 07:00:00,3.5,0.0,1.8,24,88,1.6,1.4,1018.1,9,0.0
2026-01-19 08:00:00,5.1,0.0,1.7,18,82,2.2,3.0,1018.4,24,18.0
2026-01-19 09:00:00,8.2,0.0,3.2,34,78,4.5,6.4,1018.3,47,146.0
2026-01-19 10:00:00,10.2,0.0,0.4,90,79,6.8,9.3,1018.3,100,288.0
2026-01-19 11:00:00,11.2,0.0,4.1,195,81,8.1,10.2,1017.9,84,391.0
2026-01-19 12:00:00,12.1,0.0,7.5,228,79,8.6,10.6,1017.0,29,475.0
2026-01-19 13:00:00,13.2,0.0,10.1,237,74,8.7,11.4,1015.9,19,548.0
2026-01-19 14:00:00,15.0,0.0,15.5,267,61,7.5,12.1,1015.2,82,512.0
2026-01-19 15:00:00,15.4,0.0,17.8,278,58,7.2,12.1,1014.2,45,415.0
2026-01-19 16:00:00,14.9,0.0,19.6,280,58,6.8,11.3,1014.4,96,279.0
2026-01-19 17:00:00,13.9,0.0,16.2,278,64,7.2,10.9,1014.4,100,73.0
2026-01-19 18:00:00,12.8,0.0,19.7,306,77,8.9,9.6,1015.2,95,4.0
2026-01-19 19:00:00,11.4,0.0,17.4,333,80,8.2,8.4,1015.9,94,0.0
2026-01-19 20:00:00,10.4,0.0,19.2,334,74,6.0,6.6,1016.3,100,0.0
2026-01-19 21:00:00,11.1,0.0,15.6,322,74,6.7,8.0,1016.1,100,0.0
2026-01-19 22:00:00,11.1,0.0,17.4,316,66,4.9,7.4,1016.6,100,0.0
2026-01-19 23:00:00,10.4,0.0,15.6,321,65,4.0,6.7,1016.6,95,0.0
2026-01-20 00:00:00,9.6,0.0,16.4,320,63,3.0,5.6,1016.9,100,0.0
2026-01-20 01:00:00,8.9,0.0,18.6,325,58,1.1,4.2,1016.7,100,0.0
2026-01-20 02:00:00,8.1,0.0,18.6,328,60,0.9,3.5,1017.2,97,0.0
2026-01-20 03:00:00,8.4,0.0,17.5,333,58,0.6,3.8,1017.0,59,0.0
2026-01-20 04:00:00,7.8,0.0,15.8,330,61,0.6,3.5,1017.0,84,0.0
2026-01-20 05:00:00,7.8,0.0,16.4,336,61,0.8,3.4,1017.3,100,0.0
2026-01-20 06:00:00,7.8,0.0,19.6,353,59,0.2,2.8,1017.3,99,0.0
2026-01-20 07:00:00,7.2,0.0,17.8,352,58,-0.4,2.4,1018.2,97,0.0
2026-01-20 08:00:00,6.7,0.0,16.8,357,63,0.0,2.1,1018.7,100,16.0
2026-01-20 09:00:00,7.8,0.0,16.5,350,57,-0.1,3.3,1018.5,100,63.0
2026-01-20 10:00:00,8.4,0.0,18.3,350,53,-0.6,3.5,1018.8,96,148.0
2026-01-20 11:00:00,8.7,0.0,18.7,353,51,-0.9,3.7,1018.8,100,207.0
2026-01-20 12:00:00,9.1,0.0,19.5,349,50,-0.9,4.0,1017.9,100,195.0
2026-01-20 13:00:00,8.2,0.0,19.5,357,57,0.3,3.3,1017.1,100,177.0
2026-01-20 14:00:00,8.0,0.0,20.7,13,54,-0.6,2.8,1017.2,86,362.0
2026-01-20 15:00:00,8.3,0.0,18.8,7,54,-0.4,3.4,1016.5,88,374.0
2026-01-20 16:00:00,7.2,0.0,18.8,10,59,-0.2,2.3,1016.9,76,247.0
2026-01-20 17:00:00,6.1,0.0,17.2,11,60,-1.1,1.2,1017.3,90,122.0
2026-01-20 18:00:00,4.9,0.0,17.7,10,63,-1.5,0.0,1018.1,51,11.0
2026-01-20 19:00:00,4.3,0.0,17.3,19,62,-2.2,-0.6,1018.9,12,0.0
2026-01-20 20:00:00,3.8,0.0,13.7,32,60,-3.2,-0.7,1019.3,45,0.0
2026-01-20 21:00:00,4.2,0.0,10.7,25,66,-1.5,0.2,1019.1,33,0.0
2026-01-20 22:00:00,3.8,0.0,10.8,28,64,-2.3,-0.2,1019.0,27,0.0
2026-01-20 23:00:00,3.3,0.0,10.6,15,66,-2.5,-0.7,1019.2,78,0.0
2026-01-21 00:00:00,3.2,0.0,10.0,7,64,-2.8,-0.7,1019.2,100,0.0
2026-01-21 01:00:00,3.2,0.0,9.1,7,63,-3.1,-0.6,1019.1,100,0.0
2026-01-21 02:00:00,3.3,0.0,7.2,6,62,-3.3,-0.3,1019.3,100,0.0
2026-01-21 03:00:00,4.1,0.0,8.5,7,63,-2.3,0.4,1019.0,100,0.0
2026-01-21 04:00:00,3.7,0.0,9.6,357,68,-1.8,-0.1,1018.8,100,0.0
2026-01-21 05:00:00,3.7,0.0,10.7,338,74,-0.5,-0.1,1018.9,100,0.0
2026-01-21 06:00:00,3.3,0.4,11.1,320,86,1.1,-0.3,1019.0,100,0.0
2026-01-21 07:00:00,3.5,0.1,11.9,322,87,1.5,-0.1,1018.9,100,0.0
2026-01-21 08:00:00,3.7,0.0,15.0,315,78,0.3,-0.6,1019.2,100,6.0
2026-01-21 09:00:00,4.4,0.0,11.6,319,73,0.0,0.6,1018.7,100,41.0
2026-01-21 10:00:00,5.0,0.0,19.3,315,51,-4.3,-0.5,1019.0,97,84.0
2026-01-21 11:00:00,5.3,0.0,21.3,309,47,-4.9,-0.5,1019.0,84,226.0
2026-01-21 12:00:00,5.5,0.0,23.3,304,45,-5.6,-0.7,1018.3,93,374.0
2026-01-21 13:00:00,4.8,0.0,26.9,303,44,-6.3,-2.0,1018.3,100,361.0
2026-01-21 14:00:00,3.8,0.0,28.0,301,45,-6.9,-3.2,1018.5,96,214.0
2026-01-21 15:00:00,3.9,0.0,27.1,300,42,-7.8,-3.1,1018.4,81,265.0
2026-01-21 16:00:00,3.8,0.0,29.5,305,40,-8.4,-3.6,1018.5,89,214.0
2026-01-21 17:00:00,3.2,0.0,26.9,310,41,-8.9,-3.8,1019.2,48,76.0
2026-01-21 18:00:00,2.7,0.0,25.8,314,43,-8.8,-4.3,1019.8,17,10.0
2026-01-21 19:00:00,2.0,0.0,25.4,312,43,-9.2,-4.9,1020.2,19,0.0
2026-01-21 20:00:00,2.0,0.0,26.0,310,41,-10.0,-5.0,1020.4,34,0.0
2026-01-21 21:00:00,1.6,0.0,20.6,310,41,-10.2,-4.7,1021.0,29,0.0
2026-01-21 22:00:00,1.8,0.0,24.3,313,42,-9.9,-5.0,1021.3,42,0.0
2026-01-21 23:00:00,1.4,0.0,23.2,318,44,-9.4,-5.2,1020.9,51,0.0
2026-01-22 00:00:00,1.1,0.0,25.1,314,46,-9.2,-5.7,1021.0,23,0.0
2026-01-22 01:00:00,1.0,0.0,25.5,315,46,-9.4,-5.9,1020.8,14,0.0
2026-01-22 02:00:00,0.7,0.0,24.8,312,48,-9.1,-6.1,1020.9,37,0.0
2026-01-22 03:00:00,0.6,0.0,23.4,313,49,-8.9,-6.0,1021.6,29,0.0
2026-01-22 04:00:00,0.3,0.0,24.1,315,49,-9.1,-6.3,1021.2,22,0.0
2026-01-22 05:00:00,0.3,0.0,24.5,308,49,-9.1,-6.4,1021.4,35,0.0
2026-01-22 06:00:00,0.2,0.0,24.7,308,52,-8.4,-6.5,1021.4,16,0.0
2026-01-22 07:00:00,-0.1,0.0,24.1,304,57,-7.4,-6.6,1021.5,34,0.0
2026-01-22 08:00:00,0.1,0.0,23.3,305,58,-7.2,-6.4,1021.7,30,21.0
2026-01-22 09:00:00,1.0,0.0,25.0,308,46,-9.2,-5.8,1022.7,90,149.0
2026-01-22 10:00:00,1.7,0.0,28.2,307,42,-9.8,-5.6,1023.4,70,222.0
2026-01-22 11:00:00,2.0,0.0,29.4,304,41,-9.8,-5.5,1023.5,49,323.0
2026-01-22 12:00:00,2.5,0.0,29.4,303,39,-10.0,-5.1,1023.2,41,480.0
2026-01-22 13:00:00,2.5,0.0,28.7,301,38,-10.4,-4.9,1022.6,11,549.0
2026-01-22 14:00:00,2.8,0.0,31.3,299,34,-11.4,-5.0,1022.4,39,570.0
2026-01-22 15:00:00,2.8,0.0,27.9,298,39,-9.8,-4.5,1022.6,72,449.0
2026-01-22 16:00:00,2.3,0.0,25.7,300,41,-9.6,-4.7,1022.7,66,271.0
2026-01-22 17:00:00,1.9,0.0,25.4,301,42,-9.8,-5.1,1022.9,56,127.0
2026-01-22 18:00:00,1.4,0.0,22.5,305,46,-9.0,-5.1,1023.2,17,13.0
2026-01-22 19:00:00,1.0,0.0,22.6,302,47,-8.9,-5.5,1023.2,20,0.0
2026-01-22 20:00:00,1.1,0.0,22.3,301,47,-9.1,-5.3,1023.3,37,0.0
2026-01-22 21:00:00,1.1,0.0,18.5,315,46,-9.1,-4.8,1023.7,91,0.0
2026-01-22 22:00:00,1.9,0.0,16.8,311,45,-8.7,-3.7,1023.5,99,0.0
2026-01-22 23:00:00,2.3,0.0,20.0,299,47,-7.8,-3.7,1023.3,96,0.0
2026-01-23 00:00:00,2.3,0.0,19.4,303,46,-8.1,-3.6,1023.0,66,0.0
2026-01-23 01:00:00,2.0,0.0,20.1,312,47,-8.1,-4.1,1023.1,83,0.0
2026-01-23 02:00:00,2.0,0.0,19.2,299,49,-7.7,-3.8,1023.4,100,0.0
2026-01-23 03:00:00,2.7,0.0,21.8,299,49,-7.1,-3.5,1023.2,88,0.0
2026-01-23 04:00:00,3.1,0.0,20.4,295,45,-7.6,-2.9,1023.0,100,0.0
2026-01-23 05:00:00,3.2,0.0,24.6,299,46,-7.2,-3.4,1023.4,77,0.0
2026-01-23 06:00:00,2.6,0.0,23.6,302,50,-6.8,-3.8,1024.1,42,0.0
2026-01-23 07:00:00,1.7,0.0,21.4,309,50,-7.6,-4.5,1024.8,31,0.0
2026-01-23 08:00:00,1.9,0.0,19.7,310,50,-7.4,-4.0,1025.0,27,21.0
2026-01-23 09:00:00,3.1,0.0,21.2,306,49,-6.5,-2.9,1025.9,90,150.0
2026-01-23 10:00:00,3.8,0.0,24.1,303,47,-6.6,-2.7,1026.2,95,242.0
2026-01-23 11:00:00,4.2,0.0,23.8,301,44,-6.8,-2.2,1025.9,66,279.0
2026-01-23 12:00:00,5.0,0.0,24.0,300,40,-7.7,-1.6,1025.1,77,390.0
2026-01-23 13:00:00,5.2,0.0,24.1,297,41,-6.9,-1.3,1024.4,100,383.0
2026-01-23 14:00:00,5.1,0.0,25.0,293,46,-5.6,-1.4,1024.2,100,239.0
2026-01-23 15:00:00,5.2,0.0,24.1,280,50,-4.4,-1.0,1023.7,99,154.0
2026-01-23 16:00:00,5.6,0.0,22.9,277,48,-4.5,-0.5,1023.5,87,135.0
2026-01-23 17:00:00,5.3,0.0,20.8,275,51,-4.0,-0.4,1023.6,98,74.0
2026-01-23 18:00:00,5.3,0.0,20.4,273,50,-4.2,-0.4,1023.5,99,7.0
2026-01-23 19:00:00,4.9,0.3,16.8,280,66,-0.9,0.2,1023.6,98,0.0
2026-01-23 20:00:00,4.3,0.2,13.2,310,66,-1.4,0.1,1023.4,94,0.0
2026-01-23 21:00:00,3.5,0.1,11.9,311,80,0.3,-0.3,1023.2,38,0.0
2026-01-23 22:00:00,3.0,0.0,5.5,251,85,0.6,0.1,1023.0,66,0.0
2026-01-23 23:00:00,2.5,0.0,4.9,219,88,0.8,-0.2,1022.7,59,0.0
2026-01-24 00:00:00,3.0,1.0,13.9,226,90,1.5,-0.8,1022.4,61,0.0
2026-01-24 01:00:00,3.4,0.1,13.9,249,89,1.8,-0.5,1021.7,99,0.0
2026-01-24 02:00:00,3.4,1.0,17.2,241,87,1.5,-1.0,1021.3,98,0.0
2026-01-24 03:00:00,2.8,3.6,16.1,264,88,0.9,-1.5,1021.3,75,0.0
2026-01-24 04:00:00,2.9,0.3,14.9,277,94,2.0,-1.1,1021.0,100,0.0
2026-01-24 05:00:00,3.0,0.4,10.4,296,93,2.0,-0.4,1020.5,98,0.0
2026-01-24 06:00:00,3.2,0.0,8.3,256,93,2.2,0.3,1020.5,62,0.0
2026-01-24 07:00:00,2.5,0.2,4.8,250,94,1.5,-0.1,1020.3,42,0.0
2026-01-24 08:00:00,3.8,0.1,7.1,280,85,1.4,0.8,1020.5,21,19.0
2026-01-24 09:00:00,5.4,0.0,18.7,271,75,1.3,0.8,1020.9,42,151.0
2026-01-24 10:00:00,7.2,0.0,26.1,289,48,-3.1,0.8,1020.9,27,293.0
2026-01-24 11:00:00,7.6,0.1,27.6,292,45,-3.7,0.9,1020.9,18,453.0
2026-01-24 12:00:00,7.8,0.1,29.7,291,41,-4.6,0.7,1020.5,29,512.0
2026-01-24 13:00:00,7.8,0.0,31.2,296,36,-6.2,0.3,1020.6,50,538.0
2026-01-24 14:00:00,7.2,0.0,29.6,302,42,-5.0,0.1,1020.5,22,535.0
2026-01-24 15:00:00,7.1,0.0,25.1,301,42,-5.1,0.6,1020.3,13,451.0
2026-01-24 16:00:00,6.8,0.0,24.7,302,42,-5.3,0.3,1020.5,21,297.0
2026-01-24 17:00:00,6.1,0.0,21.0,303,44,-5.3,0.2,1020.9,4,134.0
2026-01-24 18:00:00,4.8,0.0,18.8,306,49,-5.0,-0.7,1021.5,5,15.0
2026-01-24 19:00:00,4.0,0.0,16.0,311,54,-4.6,-1.1,1021.7,10,0.0
2026-01-24 20:00:00,3.7,0.0,16.6,323,54,-4.8,-1.5,1022.2,30,0.0
2026-01-24 21:00:00,3.8,0.0,15.5,306,57,-3.8,-1.1,1022.3,22,0.0
2026-01-24 22:00:00,3.5,0.0,15.4,308,57,-4.2,-1.5,1022.7,53,0.0
2026-01-24 23:00:00,3.5,0.0,17.1,309,55,-4.6,-1.7,1022.9,17,0.0
2026-01-25 00:00:00,3.8,0.0,19.8,309,51,-5.4,-1.9,1022.7,5,0.0
2026-01-25 01:00:00,3.7,0.0,21.9,312,47,-6.7,-2.5,1023.0,2,0.0
2026-01-25 02:00:00,3.5,0.0,24.5,304,49,-6.3,-2.9,1023.1,21,0.0
2026-01-25 03:00:00,3.2,0.0,23.3,309,51,-5.9,-3.0,1023.2,30,0.0
2026-01-25 04:00:00,3.0,0.0,24.1,311,54,-5.3,-3.4,1023.3,33,0.0
2026-01-25 05:00:00,2.8,0.0,25.6,311,52,-6.0,-3.8,1023.7,25,0.0
2026-01-25 06:00:00,2.8,0.0,29.2,307,51,-6.4,-4.4,1024.0,27,0.0
2026-01-25 07:00:00,2.7,0.0,29.2,303,53,-6.1,-4.4,1024.4,17,0.0
2026-01-25 08:00:00,2.8,0.0,27.1,309,51,-6.5,-4.1,1024.8,11,23.0
2026-01-25 09:00:00,2.8,0.0,23.8,313,44,-8.4,-3.8,1026.5,14,163.0
2026-01-25 10:00:00,3.8,0.0,25.1,309,39,-9.1,-3.1,1027.0,17,317.0
2026-01-25 11:00:00,4.6,0.0,23.6,313,35,-9.7,-2.1,1026.8,0,489.0
2026-01-25 12:00:00,5.2,0.0,20.7,315,35,-9.1,-0.8,1025.8,0,597.0
2026-01-25 13:00:00,5.6,0.0,20.2,307,37,-8.0,-0.1,1025.5,0,635.0
2026-01-25 14:00:00,5.4,0.0,21.2,304,39,-7.4,-0.5,1025.5,30,592.0
2026-01-25 15:00:00,5.2,0.0,19.8,303,38,-8.1,-0.7,1025.6,16,465.0
2026-01-25 16:00:00,4.7,0.0,17.0,310,41,-7.7,-0.9,1025.7,13,318.0
2026-01-25 17:00:00,3.8,0.0,14.3,314,46,-6.9,-1.3,1026.1,63,156.0
2026-01-25 18:00:00,2.5,0.0,12.6,314,55,-5.8,-2.2,1026.5,60,17.0
2026-01-25 19:00:00,2.0,0.0,12.0,309,62,-4.6,-2.5,1026.9,85,0.0
2026-01-25 20:00:00,1.8,0.0,11.1,313,65,-4.2,-2.5,1027.3,1,0.0
2026-01-25 21:00:00,1.8,0.0,7.6,313,66,-4.0,-2.0,1026.9,0,0.0
2026-01-25 22:00:00,1.5,0.0,10.7,314,68,-3.8,-2.6,1027.8,1,0.0
2026-01-25 23:00:00,1.4,0.0,8.7,310,69,-3.7,-2.5,1027.6,43,0.0
2026-01-26 00:00:00,1.2,0.0,8.2,324,71,-3.5,-2.6,1027.4,46,0.0
2026-01-26 01:00:00,-0.2,0.0,5.1,328,76,-3.9,-3.6,1026.6,22,0.0
2026-01-26 02:00:00,0.2,0.0,5.6,333,76,-3.6,-3.3,1026.9,95,0.0
2026-01-26 03:00:00,1.0,0.0,4.4,322,73,-3.3,-2.2,1027.0,90,0.0
2026-01-26 04:00:00,1.0,0.0,1.9,319,74,-3.2,-1.8,1026.3,79,0.0
2026-01-26 05:00:00,0.9,0.0,0.9,11,73,-3.4,-1.8,1026.1,53,0.0
2026-01-26 06:00:00,0.9,0.0,0.9,11,67,-4.6,-2.0,1026.1,45,0.0
2026-01-26 07:00:00,0.8,0.0,0.7,346,66,-4.8,-2.1,1026.3,89,0.0
2026-01-26 08:00:00,1.6,0.0,1.6,264,69,-3.3,-1.2,1026.8,42,16.0
2026-01-26 09:00:00,4.0,0.0,4.1,236,69,-1.1,1.1,1027.1,58,141.0
2026-01-26 10:00:00,5.4,0.0,3.1,177,56,-2.7,2.5,1026.5,2,318.0
2026-01-26 11:00:00,6.6,0.0,6.9,113,50,-3.2,3.0,1024.8,5,501.0
2026-01-26 12:00:00,7.2,0.0,5.4,186,47,-3.2,4.1,1024.0,63,589.0
2026-01-26 13:00:00,6.7,0.0,10.0,213,57,-1.4,2.9,1023.7,3,539.0
2026-01-26 14:00:00,6.4,0.0,9.3,208,57,-1.4,2.8,1022.9,12,510.0
2026-01-26 15:00:00,6.6,0.0,3.2,236,55,-1.8,3.7,1021.9,95,462.0
2026-01-26 16:00:00,6.6,0.0,3.9,292,52,-2.5,3.5,1021.6,100,235.0
2026-01-26 17:00:00,5.7,0.0,6.4,315,60,-1.5,2.4,1021.6,100,61.0
2026-01-26 18:00:00,5.2,0.0,8.9,318,65,-0.9,1.7,1021.5,100,8.0
2026-01-26 19:00:00,5.1,0.0,6.8,318,67,-0.5,1.9,1021.2,99,0.0
2026-01-26 20:00:00,4.7,0.0,3.3,241,72,0.1,2.1,1020.9,99,0.0
2026-01-26 21:00:00,6.3,0.0,6.6,229,67,0.6,3.3,1020.6,100,0.0
2026-01-26 22:00:00,6.9,0.0,10.4,208,60,-0.4,3.2,1020.4,99,0.0
2026-01-26 23:00:00,7.0,0.0,11.2,221,53,-2.0,3.0,1020.4,100,0.0
2026-01-27 00:00:00,6.8,0.0,12.4,257,61,-0.2,2.8,1020.1,100,0.0
2026-01-27 01:00:00,6.3,0.2,12.4,244,77,2.7,2.9,1019.7,100,0.0
2026-01-27 02:00:00,6.3,0.1,12.6,243,86,4.2,3.1,1019.4,99,0.0
2026-01-27 03:00:00,6.7,0.0,13.8,235,84,4.2,3.2,1019.0,100,0.0
2026-01-27 04:00:00,7.2,0.0,12.7,243,84,4.7,4.1,1018.4,100,0.0
2026-01-27 05:00:00,7.2,0.0,11.0,280,76,3.2,4.1,1018.4,85,0.0
2026-01-27 06:00:00,6.0,0.0,18.7,335,62,-0.6,1.1,1018.8,39,0.0
2026-01-27 07:00:00,4.6,0.0,15.7,332,65,-1.4,-0.0,1019.5,48,0.0
2026-01-27 08:00:00,4.6,0.0,13.7,322,68,-0.9,0.3,1020.2,70,22.0
2026-01-27 09:00:00,6.5,0.0,13.8,319,63,0.0,2.4,1020.6,100,144.0
2026-01-27 10:00:00,7.1,0.0,18.0,312,62,0.3,2.4,1021.0,100,161.0
2026-01-27 11:00:00,7.2,0.0,19.9,302,58,-0.4,2.2,1021.1,100,205.0
2026-01-27 12:00:00,7.4,0.0,21.3,296,55,-1.0,2.1,1020.6,97,248.0
2026-01-27 13:00:00,7.5,0.0,21.3,298,53,-1.5,2.0,1020.0,98,299.0
2026-01-27 14:00:00,7.2,0.0,19.9,303,53,-1.6,1.9,1019.7,98,292.0
2026-01-27 15:00:00,8.2,0.0,18.4,305,49,-2.0,3.1,1019.1,82,299.0
2026-01-27 16:00:00,7.6,0.0,17.7,309,49,-2.5,2.5,1019.2,35,285.0
2026-01-27 17:00:00,6.6,0.0,15.5,315,53,-2.5,1.8,1019.8,4,156.0
2026-01-27 18:00:00,5.1,0.0,13.5,317,58,-2.5,0.6,1020.5,0,20.0
2026-01-27 19:00:00,4.0,0.0,13.1,319,62,-2.7,-0.4,1021.0,0,0.0
2026-01-27 20:00:00,3.3,0.0,12.0,321,62,-3.3,-1.0,1021.3,0,0.0
2026-01-27 21:00:00,3.0,0.0,8.4,340,69,-2.1,-0.7,1021.5,0,0.0
2026-01-27 22:00:00,2.3,0.0,7.6,341,72,-2.2,-1.2,1021.5,0,0.0
2026-01-27 23:00:00,2.2,0.0,7.9,340,71,-2.5,-1.4,1021.7,2,0.0
2026-01-28 00:00:00,2.2,0.0,7.0,342,70,-2.7,-1.3,1021.7,15,0.0
2026-01-28 01:00:00,2.2,0.0,7.9,347,69,-3.0,-1.5,1021.6,26,0.0
2026-01-28 02:00:00,2.7,0.0,11.5,340,65,-3.2,-1.6,1021.9,24,0.0
2026-01-28 03:00:00,2.5,0.0,12.2,341,65,-3.5,-1.9,1021.5,20,0.0
2026-01-28 04:00:00,2.2,0.0,13.0,340,66,-3.6,-2.3,1021.2,11,0.0
2026-01-28 05:00:00,1.9,0.0,12.6,333,69,-3.2,-2.5,1021.3,13,0.0
2026-01-28 06:00:00,1.7,0.0,12.5,327,72,-2.8,-2.6,1021.9,9,0.0
2026-01-28 07:00:00,1.8,0.0,11.7,319,72,-2.7,-2.4,1022.2,19,0.0
2026-01-28 08:00:00,2.7,0.0,13.4,317,68,-2.7,-1.8,1022.7,56,25.0
2026-01-28 09:00:00,4.8,0.0,10.4,318,60,-2.2,0.9,1023.1,84,169.0
2026-01-28 10:00:00,6.9,0.0,14.6,320,44,-4.6,2.0,1023.1,70,338.0
2026-01-28 11:00:00,7.6,0.0,15.9,314,39,-5.5,2.4,1022.7,65,442.0
2026-01-28 12:00:00,8.4,0.0,17.5,309,36,-5.9,3.1,1021.9,45,577.0
2026-01-28 13:00:00,8.5,0.0,18.6,308,35,-6.2,3.2,1021.2,38,608.0
2026-01-28 14:00:00,8.2,0.0,19.8,309,36,-5.8,2.5,1021.1,24,555.0
2026-01-28 15:00:00,7.6,0.0,18.5,315,43,-4.3,2.2,1021.4,26,464.0
2026-01-28 16:00:00,6.8,0.0,16.7,318,47,-3.8,1.7,1021.8,20,305.0
2026-01-28 17:00:00,5.4,0.0,14.7,320,54,-3.1,0.7,1022.5,8,156.0
2026-01-28 18:00:00,3.7,0.0,12.4,306,65,-2.3,-0.6,1023.4,10,20.0
2026-01-28 19:00:00,3.5,0.0,14.4,294,69,-1.6,-1.0,1023.7,22,0.0
2026-01-28 20:00:00,3.5,0.0,16.5,311,64,-2.7,-1.4,1024.1,1,0.0
2026-01-28 21:00:00,3.4,0.0,13.4,325,63,-3.0,-1.1,1024.2,2,0.0
2026-01-28 22:00:00,3.0,0.0,13.3,322,65,-3.0,-1.4,1024.7,3,0.0
2026-01-28 23:00:00,2.7,0.0,9.5,321,67,-2.8,-1.3,1024.8,0,0.0
2026-01-29 00:00:00,2.2,0.0,9.2,329,70,-2.8,-1.7,1024.7,0,0.0
2026-01-29 01:00:00,2.3,0.0,11.4,322,64,-3.8,-2.0,1024.5,0,0.0
2026-01-29 02:00:00,2.5,0.0,13.3,319,58,-4.9,-2.2,1025.0,0,0.0
2026-01-29 03:00:00,2.3,0.0,12.9,327,58,-5.1,-2.4,1024.7,0,0.0
2026-01-29 04:00:00,2.0,0.0,13.4,324,60,-4.9,-2.7,1024.8,0,0.0
2026-01-29 05:00:00,2.0,0.0,13.8,323,62,-4.6,-2.7,1024.9,1,0.0
2026-01-29 06:00:00,2.0,0.0,13.6,324,62,-4.6,-2.8,1025.2,2,0.0
2026-01-29 07:00:00,2.2,0.0,14.8,316,61,-4.6,-2.7,1025.6,2,0.0
2026-01-29 08:00:00,3.0,0.0,17.2,315,58,-4.4,-2.2,1026.1,1,26.0
2026-01-29 09:00:00,4.6,0.0,15.4,314,52,-4.4,-0.4,1026.7,18,174.0
2026-01-29 10:00:00,5.8,0.0,21.0,317,43,-5.9,-0.1,1027.0,6,320.0
2026-01-29 11:00:00,7.0,0.0,23.2,316,35,-7.4,0.6,1026.9,63,495.0
2026-01-29 12:00:00,7.1,0.0,25.2,314,35,-7.3,0.5,1026.2,16,574.0
2026-01-29 13:00:00,6.8,0.0,26.7,309,37,-6.7,0.3,1025.6,17,620.0
2026-01-29 14:00:00,6.5,0.0,28.2,305,39,-6.6,-0.5,1025.7,45,552.0
2026-01-29 15:00:00,6.4,0.0,26.4,299,41,-5.9,-0.3,1025.3,59,448.0
2026-01-29 16:00:00,5.8,0.0,26.4,302,45,-5.2,-0.8,1025.4,80,290.0
2026-01-29 17:00:00,5.3,0.0,21.2,303,47,-5.0,-0.6,1025.5,91,114.0
2026-01-29 18:00:00,4.4,0.0,18.6,317,53,-4.4,-1.0,1025.5,91,16.0
2026-01-29 19:00:00,4.4,0.0,16.2,319,56,-3.7,-0.6,1025.9,70,0.0
2026-01-29 20:00:00,5.1,0.0,21.2,302,53,-3.8,-0.6,1025.6,68,0.0
2026-01-29 21:00:00,4.6,0.0,18.9,311,55,-3.8,-0.8,1025.5,23,0.0
2026-01-29 22:00:00,4.3,0.0,17.7,315,56,-3.8,-0.9,1025.5,34,0.0
2026-01-29 23:00:00,4.1,0.0,17.0,312,54,-4.3,-1.1,1025.7,54,0.0
2026-01-30 00:00:00,3.7,0.0,16.0,320,53,-5.1,-1.4,1025.0,20,0.0
2026-01-30 01:00:00,3.5,0.0,16.1,321,48,-6.4,-1.8,1024.7,9,0.0
2026-01-30 02:00:00,3.3,0.0,17.6,306,48,-6.6,-2.2,1025.0,20,0.0
2026-01-30 03:00:00,3.2,0.0,17.7,310,49,-6.3,-2.3,1024.9,9,0.0
2026-01-30 04:00:00,3.0,0.0,18.0,314,50,-6.5,-2.6,1025.3,27,0.0
2026-01-30 05:00:00,2.7,0.0,17.1,316,53,-5.9,-2.7,1025.3,25,0.0
2026-01-30 06:00:00,2.3,0.0,15.3,317,57,-5.3,-2.7,1025.6,41,0.0
2026-01-30 07:00:00,2.0,0.0,13.6,314,61,-4.7,-2.7,1026.2,52,0.0
2026-01-30 08:00:00,2.8,0.0,14.8,312,58,-4.5,-2.0,1026.6,72,24.0
2026-01-30 09:00:00,4.4,0.0,9.7,329,53,-4.4,0.3,1026.5,42,135.0
2026-01-30 10:00:00,6.1,0.0,18.6,304,44,-5.4,0.5,1026.4,81,347.0
2026-01-30 11:00:00,6.7,0.0,18.0,301,41,-5.8,1.2,1026.1,56,442.0
2026-01-30 12:00:00,7.0,0.0,18.2,297,40,-5.6,1.6,1025.2,55,565.0
2026-01-30 13:00:00,7.1,0.0,19.6,296,41,-5.4,1.6,1024.4,44,591.0
2026-01-30 14:00:00,6.8,0.0,20.1,298,42,-5.4,1.0,1023.9,49,549.0
2026-01-30 15:00:00,6.7,0.0,19.9,295,43,-5.1,1.0,1024.1,88,468.0
2026-01-30 16:00:00,5.9,0.0,19.8,300,45,-5.1,0.2,1024.4,35,308.0
2026-01-30 17:00:00,5.0,0.0,17.0,306,48,-5.1,-0.3,1024.6,98,160.0
2026-01-30 18:00:00,4.1,0.0,15.9,307,54,-4.4,-0.9,1025.3,40,19.0
2026-01-30 19:00:00,3.2,0.0,14.5,312,60,-3.8,-1.6,1025.7,13,0.0
2026-01-30 20:00:00,2.5,0.0,13.3,319,64,-3.7,-2.1,1026.0,12,0.0
2026-01-30 21:00:00,2.0,0.0,11.8,336,66,-3.6,-2.3,1026.0,55,0.0
2026-01-30 22:00:00,1.6,0.0,11.0,336,68,-3.6,-2.6,1026.0,48,0.0
2026-01-30 23:00:00,1.5,0.0,9.8,330,68,-3.8,-2.6,1025.6,38,0.0
2026-01-31 00:00:00,1.4,0.0,9.8,325,68,-4.0,-2.7,1025.3,63,0.0
2026-01-31 01:00:00,1.4,0.0,11.1,330,68,-4.0,-2.9,1025.0,16,0.0
2026-01-31 02:00:00,1.1,0.0,10.8,332,68,-4.2,-3.1,1025.2,100,0.0
2026-01-31 03:00:00,1.1,0.0,10.2,337,67,-4.3,-3.0,1025.0,100,0.0
2026-01-31 04:00:00,0.8,0.0,9.6,344,66,-4.9,-3.4,1024.6,99,0.0
2026-01-31 05:00:00,0.8,0.0,9.3,341,65,-5.0,-3.3,1024.6,99,0.0
2026-01-31 06:00:00,0.9,0.0,9.4,337,64,-5.0,-3.2,1024.2,100,0.0
2026-01-31 07:00:00,0.8,0.0,7.5,327,69,-4.2,-3.0,1024.5,100,0.0
2026-01-31 08:00:00,1.8,0.0,7.5,323,69,-3.4,-1.9,1024.9,100,19.0
2026-01-31 09:00:00,3.2,0.0,4.6,13,57,-4.5,-0.2,1025.1,100,89.0
2026-01-31 10:00:00,5.8,0.0,4.4,330,47,-4.7,2.4,1025.3,100,246.0
2026-01-31 11:00:00,6.8,0.0,6.3,309,42,-5.2,3.1,1025.2,100,308.0
2026-01-31 12:00:00,8.2,0.0,7.4,273,37,-5.7,4.3,1024.3,100,512.0
2026-01-31 13:00:00,8.9,0.0,11.1,262,36,-5.3,4.6,1023.3,6,583.0
2026-01-31 14:00:00,9.1,0.0,15.1,278,38,-4.7,4.4,1022.5,0,598.0
2026-01-31 15:00:00,8.9,0.0,17.2,283,39,-4.2,3.8,1022.1,0,504.0
2026-01-31 16:00:00,8.3,0.0,16.2,289,42,-3.8,3.3,1022.0,0,357.0
2026-01-31 17:00:00,6.9,0.0,13.9,297,48,-3.2,2.3,1022.1,0,176.0
2026-01-31 18:00:00,4.9,0.0,13.1,311,60,-2.2,0.5,1022.6,0,25.0
2026-01-31 19:00:00,3.5,0.0,10.2,329,68,-1.9,-0.4,1023.0,91,0.0
2026-01-31 20:00:00,2.5,0.0,8.6,344,69,-2.5,-1.2,1023.3,99,0.0
2026-01-31 21:00:00,2.1,0.0,6.8,360,72,-2.4,-1.4,1022.9,90,0.0
2026-01-31 22:00:00,0.7,0.0,4.2,5,72,-3.7,-2.5,1022.9,100,0.0
2026-01-31 23:00:00,0.6,0.0,3.7,11,66,-4.9,-2.7,1022.9,99,0.0
2026-02-01 00:00:00,0.9,0.0,2.2,355,62,-5.5,-2.3,1022.8,100,0.0
2026-02-01 01:00:00,1.5,0.0,4.3,332,65,-4.4,-1.9,1022.6,66,0.0
2026-02-01 02:00:00,2.0,0.0,7.5,343,65,-3.8,-1.7,1022.8,46,0.0
2026-02-01 03:00:00,3.0,0.0,10.4,345,57,-4.8,-1.3,1022.9,41,0.0
2026-02-01 04:00:00,3.3,0.0,15.7,341,54,-5.0,-1.7,1022.7,77,0.0
2026-02-01 05:00:00,3.0,0.0,15.9,332,59,-4.2,-2.1,1023.1,18,0.0
2026-02-01 06:00:00,2.8,0.0,16.0,326,60,-4.1,-2.2,1023.5,46,0.0
2026-02-01 07:00:00,2.8,0.0,14.7,323,63,-3.7,-2.0,1023.7,81,0.0
2026-02-01 08:00:00,3.3,0.0,14.4,313,62,-3.2,-1.3,1024.0,95,23.0
2026-02-01 09:00:00,5.0,0.0,12.6,316,55,-3.3,0.6,1024.2,100,112.0
2026-02-01 10:00:00,6.0,0.0,19.4,299,47,-4.6,0.4,1024.5,99,171.0
2026-02-01 11:00:00,6.7,0.0,21.6,291,44,-4.8,0.7,1024.2,100,253.0
2026-02-01 12:00:00,7.3,0.0,23.3,285,42,-4.8,1.2,1023.4,98,338.0
2026-02-01 13:00:00,7.7,0.0,24.2,285,42,-4.5,1.4,1022.7,99,385.0
2026-02-01 14:00:00,7.8,0.0,23.7,285,41,-4.5,1.6,1022.2,96,362.0
2026-02-01 15:00:00,7.7,0.0,24.6,281,46,-3.1,1.6,1022.1,98,318.0
2026-02-01 16:00:00,7.6,0.0,21.6,283,53,-1.5,2.1,1021.9,99,126.0
2026-02-01 17:00:00,7.5,0.0,20.9,285,53,-1.5,2.1,1022.1,90,92.0
2026-02-01 18:00:00,6.7,0.0,19.6,283,56,-1.5,1.4,1022.5,100,17.0
2026-02-01 19:00:00,6.1,0.0,15.4,300,64,-0.3,1.7,1023.2,100,0.0
2026-02-01 20:00:00,5.5,0.0,12.7,324,63,-1.0,1.4,1023.3,100,0.0
2026-02-01 21:00:00,5.4,0.0,13.1,312,61,-1.5,1.1,1023.6,91,0.0
2026-02-01 22:00:00,4.9,0.0,14.9,315,61,-2.1,0.3,1024.1,27,0.0
2026-02-01 23:00:00,4.4,0.0,13.5,317,62,-2.2,-0.0,1024.2,70,0.0
2026-02-02 00:00:00,4.6,0.0,13.9,324,59,-2.8,0.1,1024.2,99,0.0
2026-02-02 01:00:00,4.6,0.0,13.8,327,54,-3.8,-0.1,1024.1,91,0.0
2026-02-02 02:00:00,4.2,0.0,13.5,341,53,-4.5,-0.5,1024.1,100,0.0
2026-02-02 03:00:00,4.4,0.0,10.7,352,51,-4.8,0.1,1023.8,98,0.0
2026-02-02 04:00:00,4.0,0.0,8.6,11,51,-5.2,-0.1,1023.4,100,0.0
2026-02-02 05:00:00,3.3,0.0,1.6,6,57,-4.3,0.4,1023.4,96,0.0
2026-02-02 06:00:00,2.9,0.0,0.5,315,60,-4.0,0.2,1023.5,71,0.0
2026-02-02 07:00:00,3.3,0.0,8.1,329,65,-2.7,-0.4,1023.5,23,0.0
2026-02-02 08:00:00,3.9,0.0,11.0,334,57,-3.8,-0.4,1023.7,55,30.0
2026-02-02 09:00:00,5.7,0.0,2.3,231,57,-2.2,2.9,1024.0,91,179.0
2026-02-02 10:00:00,6.8,0.1,13.4,230,55,-1.5,2.6,1024.1,100,298.0
2026-02-02 11:00:00,7.7,0.0,13.9,241,47,-3.0,3.1,1023.4,99,401.0
2026-02-02 12:00:00,7.8,0.1,20.7,259,48,-2.7,2.2,1022.0,100,330.0
2026-02-02 13:00:00,6.5,0.3,18.2,247,63,0.0,1.7,1020.9,100,129.0
2026-02-02 14:00:00,5.7,0.4,21.1,259,70,0.7,0.6,1020.6,100,195.0
2026-02-02 15:00:00,5.8,0.3,18.3,302,79,2.5,1.4,1021.0,86,112.0
2026-02-02 16:00:00,6.3,0.5,18.9,300,77,2.6,1.9,1021.3,100,133.0
2026-02-02 17:00:00,6.0,0.0,19.2,304,57,-1.9,0.8,1021.8,46,62.0
2026-02-02 18:00:00,4.3,0.0,16.4,322,62,-2.4,-0.5,1022.5,38,21.0
2026-02-02 19:00:00,3.2,0.0,14.9,324,66,-2.5,-1.5,1023.4,34,0.0
2026-02-02 20:00:00,2.7,0.0,13.2,300,67,-2.8,-1.8,1024.0,14,0.0
2026-02-02 21:00:00,3.0,0.0,13.3,308,62,-3.5,-1.6,1024.6,77,0.0
2026-02-02 22:00:00,3.3,0.0,13.4,314,61,-3.5,-1.3,1025.1,46,0.0
2026-02-02 23:00:00,3.0,0.0,11.4,319,61,-3.8,-1.3,1025.7,20,0.0
2026-02-03 00:00:00,2.5,0.0,8.6,331,65,-3.4,-1.3,1026.0,17,0.0
2026-02-03 01:00:00,2.2,0.0,7.6,342,70,-2.7,-1.4,1026.2,37,0.0
2026-02-03 02:00:00,2.5,0.0,11.1,330,67,-2.9,-1.6,1026.4,30,0.0
2026-02-03 03:00:00,3.0,0.0,14.4,326,64,-3.1,-1.6,1026.8,5,0.0
2026-02-03 04:00:00,2.7,0.0,13.6,321,66,-3.2,-1.9,1027.0,9,0.0
2026-02-03 05:00:00,2.3,0.0,11.7,323,68,-3.1,-2.0,1027.5,24,0.0
2026-02-03 06:00:00,2.0,0.0,11.3,327,69,-3.0,-2.1,1027.9,4,0.0
2026-02-03 07:00:00,1.7,0.0,10.7,331,72,-2.8,-2.4,1028.2,11,0.0
2026-02-03 08:00:00,2.3,0.0,9.2,329,71,-2.5,-1.5,1028.8,9,31.0
2026-02-03 09:00:00,4.5,0.0,6.6,339,65,-1.5,1.2,1028.9,4,192.0
2026-02-03 10:00:00,6.3,0.0,9.5,302,48,-4.0,2.3,1029.0,38,372.0
2026-02-03 11:00:00,7.6,0.0,10.1,290,41,-5.0,3.3,1028.6,3,503.0
2026-02-03 12:00:00,8.1,0.0,11.9,276,42,-4.2,4.0,1027.5,8,609.0
2026-02-03 13:00:00,8.3,0.0,14.4,274,43,-3.5,4.1,1026.5,6,649.0
2026-02-03 14:00:00,8.2,0.0,17.7,274,45,-2.9,3.4,1026.2,1,620.0
2026-02-03 15:00:00,8.4,0.0,16.2,282,43,-3.5,3.4,1025.8,0,523.0
2026-02-03 16:00:00,7.9,0.0,15.3,288,46,-3.2,3.1,1025.8,22,373.0
2026-02-03 17:00:00,7.0,0.0,13.6,292,53,-1.9,2.6,1025.4,25,189.0
2026-02-03 18:00:00,5.6,0.0,13.2,294,65,-0.5,1.4,1025.6,91,30.0
2026-02-03 19:00:00,5.0,0.0,12.1,297,74,0.8,1.2,1026.2,100,0.0
2026-02-03 20:00:00,4.8,0.0,8.7,297,79,1.5,1.6,1026.3,100,0.0
2026-02-03 21:00:00,5.5,0.0,9.9,271,77,1.8,2.2,1025.7,100,0.0
2026-02-03 22:00:00,5.7,0.0,8.8,255,75,1.5,2.5,1025.3,100,0.0
2026-02-03 23:00:00,5.8,0.0,8.6,250,71,1.0,2.6,1024.9,100,0.0
2026-02-04 00:00:00,5.9,0.0,9.2,239,70,0.8,2.6,1024.6,100,0.0
2026-02-04 01:00:00,6.1,0.0,11.5,225,70,0.9,2.4,1024.5,100,0.0
2026-02-04 02:00:00,6.1,0.0,11.5,221,70,1.0,2.5,1024.3,100,0.0
2026-02-04 03:00:00,5.8,0.0,9.9,213,70,0.7,2.4,1023.9,100,0.0
2026-02-04 04:00:00,5.7,0.0,9.8,215,72,0.9,2.3,1023.7,100,0.0
2026-02-04 05:00:00,5.8,0.0,11.3,207,74,1.5,2.3,1023.8,100,0.0
2026-02-04 06:00:00,5.9,0.0,12.1,208,75,1.8,2.3,1023.9,98,0.0
2026-02-04 07:00:00,5.9,0.0,11.6,216,77,2.2,2.5,1023.9,98,0.0
2026-02-04 08:00:00,6.2,0.0,11.9,218,77,2.5,2.8,1024.0,59,27.0
2026-02-04 09:00:00,7.4,0.0,8.5,205,74,3.0,4.6,1023.8,60,173.0
2026-02-04 10:00:00,8.6,0.0,10.2,206,67,2.8,5.4,1023.7,38,316.0
2026-02-04 11:00:00,9.7,0.0,11.6,213,61,2.5,6.3,1023.2,33,459.0
2026-02-04 12:00:00,10.9,0.0,11.7,224,56,2.5,7.7,1022.5,100,579.0
2026-02-04 13:00:00,12.2,0.0,12.9,249,46,0.9,8.4,1021.4,94,553.0
2026-02-04 14:00:00,12.8,0.0,15.7,255,43,0.5,8.5,1020.6,85,552.0
2026-02-04 15:00:00,13.0,0.0,12.8,238,44,1.1,9.2,1020.0,100,450.0
2026-02-04 16:00:00,12.9,0.0,14.1,257,44,1.0,8.9,1020.3,99,276.0
2026-02-04 17:00:00,11.6,0.0,13.0,276,64,5.1,8.5,1020.2,98,113.0
2026-02-04 18:00:00,10.2,0.0,11.5,268,73,5.7,7.4,1020.2,47,22.0
2026-02-04 19:00:00,9.6,0.0,10.0,276,76,5.4,7.0,1021.0,89,0.0
2026-02-04 20:00:00,9.2,0.0,10.6,280,77,5.3,6.5,1021.2,77,0.0
2026-02-04 21:00:00,9.1,0.0,6.7,290,83,6.3,7.1,1020.4,9,0.0
2026-02-04 22:00:00,7.9,0.0,3.6,273,87,5.9,6.4,1020.1,61,0.0
2026-02-04 23:00:00,7.2,0.0,4.2,216,90,5.6,5.4,1020.1,69,0.0
2026-02-05 00:00:00,7.8,0.0,6.3,175,90,6.2,5.9,1019.9,100,0.0
2026-02-05 01:00:00,6.6,0.0,4.6,138,92,5.3,4.7,1019.5,90,0.0
2026-02-05 02:00:00,5.6,0.0,3.3,131,93,4.4,3.7,1019.4,100,0.0
2026-02-05 03:00:00,5.9,0.0,4.4,109,91,4.7,4.0,1019.0,98,0.0
2026-02-05 04:00:00,5.1,0.0,3.5,102,93,4.1,3.2,1018.8,95,0.0
2026-02-05 05:00:00,4.3,0.0,2.6,102,97,3.8,2.5,1018.9,100,0.0
2026-02-05 06:00:00,4.1,0.0,3.1,77,98,3.8,2.1,1018.9,100,0.0
2026-02-05 07:00:00,4.9,0.0,3.5,55,95,4.1,3.0,1019.1,100,0.0
2026-02-05 08:00:00,5.6,0.0,4.4,52,89,3.9,3.5,1019.4,100,13.0
2026-02-05 09:00:00,6.9,0.0,4.2,70,89,5.2,5.1,1019.3,100,48.0
2026-02-05 10:00:00,7.9,0.0,3.3,84,87,5.9,6.4,1019.4,100,97.0
2026-02-05 11:00:00,10.3,0.0,3.2,124,77,6.5,8.9,1019.0,96,341.0
2026-02-05 12:00:00,11.8,0.0,3.2,177,70,6.5,10.4,1018.0,30,515.0
2026-02-05 13:00:00,12.6,0.0,6.7,183,65,6.2,10.7,1017.0,40,559.0
2026-02-05 14:00:00,13.6,0.0,5.4,194,58,5.3,11.6,1016.6,19,510.0
2026-02-05 15:00:00,13.6,0.0,1.8,191,53,4.2,12.0,1015.9,14,418.0
2026-02-05 16:00:00,14.2,0.0,0.8,225,48,3.5,12.6,1015.9,100,302.0
2026-02-05 17:00:00,13.6,0.0,1.3,146,51,3.8,12.0,1015.9,100,133.0
2026-02-05 18:00:00,12.6,0.0,1.5,256,60,5.2,11.2,1016.2,100,19.0
2026-02-05 19:00:00,11.9,0.0,2.7,262,66,5.7,10.4,1016.7,100,0.0
2026-02-05 20:00:00,10.9,0.0,1.5,284,72,6.1,9.7,1016.7,100,0.0
2026-02-05 21:00:00,11.1,0.0,0.7,14,74,6.7,10.2,1016.7,100,0.0
2026-02-05 22:00:00,9.9,0.0,0.5,45,78,6.2,8.9,1016.5,100,0.0
2026-02-05 23:00:00,9.5,0.0,0.0,270,79,6.1,8.5,1016.5,98,0.0
2026-02-06 00:00:00,8.6,0.0,3.3,158,84,6.2,7.2,1016.1,55,0.0
2026-02-06 01:00:00,8.2,0.0,4.4,201,89,6.4,6.7,1016.1,83,0.0
2026-02-06 02:00:00,7.6,0.0,2.7,262,91,6.2,6.2,1016.2,53,0.0
2026-02-06 03:00:00,7.1,0.0,3.8,319,94,6.2,5.5,1015.9,31,0.0
2026-02-06 04:00:00,5.3,0.0,3.3,351,95,4.6,3.5,1015.6,94,0.0
2026-02-06 05:00:00,4.2,0.0,3.4,360,92,3.1,2.2,1015.6,58,0.0
2026-02-06 06:00:00,4.6,0.0,3.8,349,88,2.8,2.4,1016.1,77,0.0
2026-02-06 07:00:00,6.5,0.0,10.0,346,78,3.0,3.4,1016.7,100,0.0
2026-02-06 08:00:00,8.0,0.0,14.1,347,59,0.5,3.9,1017.3,98,23.0
2026-02-06 09:00:00,10.1,0.0,11.5,337,57,2.1,6.7,1016.9,100,89.0
2026-02-06 10:00:00,12.1,0.0,15.9,323,36,-2.5,7.2,1017.3,97,237.0
2026-02-06 11:00:00,12.6,0.0,16.6,324,35,-2.5,7.6,1017.0,23,376.0
2026-02-06 12:00:00,13.4,0.0,16.0,320,36,-1.5,9.0,1016.3,13,612.0
2026-02-06 13:00:00,13.5,0.0,16.5,322,39,-0.2,9.5,1015.8,9,660.0
2026-02-06 14:00:00,13.2,0.0,17.2,334,40,-0.1,8.8,1015.4,11,600.0
2026-02-06 15:00:00,12.8,0.0,16.1,332,42,0.2,8.3,1015.3,12,509.0
2026-02-06 16:00:00,11.7,0.0,16.8,334,46,0.3,7.2,1015.6,27,366.0
2026-02-06 17:00:00,10.4,0.0,16.0,343,50,0.5,6.0,1016.0,70,191.0
2026-02-06 18:00:00,8.4,0.0,12.8,345,60,1.0,4.6,1016.2,89,31.0
2026-02-06 19:00:00,6.9,0.0,7.2,341,66,0.9,3.9,1017.1,96,0.0
2026-02-06 20:00:00,6.3,0.0,6.5,328,69,1.0,3.4,1017.0,99,0.0
2026-02-06 21:00:00,6.2,0.0,8.9,341,71,1.3,3.0,1016.8,100,0.0
2026-02-06 22:00:00,6.2,0.0,9.6,340,67,0.6,2.8,1016.7,100,0.0
2026-02-06 23:00:00,6.2,0.0,9.0,330,65,0.2,2.8,1016.8,100,0.0
2026-02-07 00:00:00,6.4,0.0,9.1,330,64,0.2,3.0,1016.7,100,0.0
2026-02-07 01:00:00,6.3,0.0,10.1,325,64,0.0,2.8,1016.8,100,0.0
2026-02-07 02:00:00,6.2,0.0,10.6,332,64,-0.1,2.5,1016.7,100,0.0
2026-02-07 03:00:00,6.2,0.1,12.4,329,65,0.2,2.2,1016.6,100,0.0
2026-02-07 04:00:00,6.2,0.0,12.7,330,67,0.4,2.2,1016.6,100,0.0
2026-02-07 05:00:00,5.9,0.1,12.2,333,69,0.7,2.1,1016.9,100,0.0
2026-02-07 06:00:00,5.6,0.1,9.1,306,71,0.7,2.2,1016.8,100,0.0
2026-02-07 07:00:00,5.2,0.0,10.6,317,73,0.8,1.7,1016.8,100,0.0
2026-02-07 08:00:00,5.3,0.1,12.6,317,76,1.4,1.6,1017.3,100,23.0
2026-02-07 09:00:00,6.1,0.2,8.7,274,76,2.2,3.1,1017.0,100,87.0
2026-02-07 10:00:00,7.2,0.1,8.8,298,68,1.5,4.0,1016.4,98,185.0
2026-02-07 11:00:00,7.2,0.4,14.1,298,70,2.2,3.4,1016.6,100,271.0
2026-02-07 12:00:00,5.3,1.2,16.5,300,91,4.0,1.5,1016.2,100,123.0
2026-02-07 13:00:00,6.6,0.3,19.6,287,78,3.0,2.1,1015.4,87,146.0
2026-02-07 14:00:00,7.6,0.0,33.1,282,44,-4.1,0.0,1014.9,91,280.0
2026-02-07 15:00:00,6.9,0.0,34.7,276,57,-1.1,-0.5,1014.6,76,307.0
2026-02-07 16:00:00,6.1,0.1,31.0,284,58,-1.6,-0.8,1015.0,100,194.0
2026-02-07 17:00:00,5.6,0.0,27.7,291,47,-4.9,-1.2,1015.3,50,62.0
2026-02-07 18:00:00,5.1,0.0,25.1,294,44,-6.1,-1.5,1015.7,50,26.0
2026-02-07 19:00:00,4.7,0.0,21.6,299,44,-6.7,-1.5,1016.0,8,0.0
2026-02-07 20:00:00,4.2,0.0,22.3,303,41,-7.8,-2.1,1016.3,15,0.0
2026-02-07 21:00:00,4.2,0.0,21.5,301,41,-7.8,-2.0,1017.1,61,0.0
2026-02-07 22:00:00,3.9,0.0,21.7,305,44,-7.2,-2.3,1017.1,82,0.0
2026-02-07 23:00:00,3.3,0.0,22.2,307,47,-6.8,-2.9,1017.3,59,0.0
2026-02-08 00:00:00,2.4,0.0,25.2,309,54,-6.0,-4.2,1017.7,93,0.0
2026-02-08 01:00:00,1.9,0.0,28.7,306,54,-6.5,-5.3,1018.0,35,0.0
2026-02-08 02:00:00,0.9,0.0,30.2,307,58,-6.4,-6.4,1018.5,73,0.0
2026-02-08 03:00:00,0.8,0.1,30.4,311,58,-6.6,-6.6,1018.5,59,0.0
2026-02-08 04:00:00,0.4,0.0,31.6,308,52,-8.4,-7.3,1018.1,64,0.0
2026-02-08 05:00:00,-0.4,0.0,30.3,310,45,-10.8,-8.1,1018.3,59,0.0
2026-02-08 06:00:00,-0.6,0.0,29.6,309,47,-10.7,-8.3,1018.4,73,0.0
2026-02-08 07:00:00,-0.7,0.0,27.9,308,49,-10.1,-8.0,1018.3,72,0.0
2026-02-08 08:00:00,-0.2,0.0,29.4,308,46,-10.5,-7.7,1018.5,44,38.0
2026-02-08 09:00:00,-0.4,0.0,27.5,310,40,-12.6,-7.9,1019.9,51,182.0
2026-02-08 10:00:00,0.2,0.0,28.4,311,34,-13.9,-7.4,1020.0,65,369.0
2026-02-08 11:00:00,0.9,0.0,28.8,315,33,-13.6,-6.7,1020.4,43,505.0
2026-02-08 12:00:00,1.2,0.1,29.9,314,31,-14.2,-6.4,1020.2,65,616.0
2026-02-08 13:00:00,1.6,0.0,29.7,312,27,-15.4,-6.2,1019.8,35,583.0
2026-02-08 14:00:00,2.0,0.0,28.1,308,30,-13.6,-5.3,1019.4,27,615.0
2026-02-08 15:00:00,1.1,0.0,26.3,305,39,-11.2,-6.0,1020.4,81,492.0
2026-02-08 16:00:00,1.2,0.1,22.7,316,47,-8.8,-5.3,1021.2,92,311.0
2026-02-08 17:00:00,0.8,0.1,19.7,317,51,-8.2,-5.2,1022.2,74,120.0
2026-02-08 18:00:00,0.9,0.0,18.2,309,50,-8.5,-4.9,1023.0,36,24.0
2026-02-08 19:00:00,0.6,0.0,16.0,315,53,-7.8,-4.9,1023.5,22,0.0
2026-02-08 20:00:00,0.9,0.0,17.9,319,53,-7.7,-4.8,1023.7,0,0.0
2026-02-08 21:00:00,0.7,0.0,16.1,310,47,-9.4,-4.9,1024.8,7,0.0
2026-02-08 22:00:00,0.9,0.0,16.3,314,49,-8.6,-4.7,1025.2,7,0.0
2026-02-08 23:00:00,1.1,0.0,17.2,315,50,-8.1,-4.5,1025.4,1,0.0
2026-02-09 00:00:00,1.4,0.0,19.0,312,50,-8.0,-4.5,1025.8,0,0.0
2026-02-09 01:00:00,1.4,0.0,18.8,315,51,-7.7,-4.4,1025.9,7,0.0
2026-02-09 02:00:00,1.4,0.0,18.6,316,52,-7.3,-4.4,1026.0,3,0.0
2026-02-09 03:00:00,0.9,0.0,16.3,324,55,-7.1,-4.5,1025.9,50,0.0
2026-02-09 04:00:00,0.7,0.0,16.2,333,54,-7.5,-4.7,1025.6,14,0.0
2026-02-09 05:00:00,0.2,0.0,13.9,333,58,-7.2,-4.8,1025.7,8,0.0
2026-02-09 06:00:00,-0.2,0.0,12.6,331,62,-6.6,-4.9,1026.0,31,0.0
2026-02-09 07:00:00,-0.2,0.0,11.6,323,65,-6.0,-4.7,1026.4,37,0.0
2026-02-09 08:00:00,1.0,0.0,10.5,308,64,-5.1,-3.3,1027.1,48,39.0
2026-02-09 09:00:00,2.9,0.0,8.3,304,55,-5.3,-1.1,1028.0,100,155.0
2026-02-09 10:00:00,4.3,0.0,12.8,281,49,-5.6,-0.4,1028.1,100,274.0
2026-02-09 11:00:00,5.2,0.0,14.1,273,46,-5.4,0.4,1028.4,99,366.0
2026-02-09 12:00:00,6.0,0.0,15.3,273,45,-4.9,1.0,1027.5,84,482.0
2026-02-09 13:00:00,6.7,0.0,16.4,278,45,-4.3,1.9,1026.5,86,609.0
2026-02-09 14:00:00,6.7,0.0,15.1,282,45,-4.5,2.0,1025.8,28,591.0
2026-02-09 15:00:00,6.6,0.0,12.0,291,49,-3.2,2.3,1025.3,34,487.0
2026-02-09 16:00:00,6.5,0.0,9.7,298,51,-3.0,2.5,1024.8,19,370.0
2026-02-09 17:00:00,5.6,0.0,6.5,309,55,-2.8,2.1,1024.8,4,203.0
2026-02-09 18:00:00,2.1,0.0,5.4,310,72,-2.4,-1.2,1024.9,34,40.0
2026-02-09 19:00:00,1.2,0.0,4.9,324,78,-2.1,-1.9,1025.4,100,0.0
2026-02-09 20:00:00,0.7,0.0,4.6,334,81,-2.2,-2.4,1025.8,100,0.0
2026-02-09 21:00:00,3.0,0.0,5.6,287,83,0.4,0.2,1026.2,100,0.0
2026-02-09 22:00:00,2.2,0.0,4.7,277,85,0.1,-0.6,1026.2,100,0.0
2026-02-09 23:00:00,2.5,0.0,3.2,236,84,0.2,-0.0,1026.2,100,0.0
2026-02-10 00:00:00,2.3,0.0,4.7,176,86,0.2,-0.4,1026.1,89,0.0
2026-02-10 01:00:00,3.0,0.0,6.2,165,84,0.4,-0.0,1025.9,38,0.0
2026-02-10 02:00:00,2.3,0.0,5.6,159,84,-0.1,-0.7,1025.6,95,0.0
2026-02-10 03:00:00,2.3,0.0,5.8,173,83,-0.3,-0.7,1025.4,88,0.0
2026-02-10 04:00:00,2.9,0.0,6.1,178,81,-0.1,-0.1,1024.9,53,0.0
2026-02-10 05:00:00,3.6,0.0,8.6,164,82,0.8,0.3,1024.5,99,0.0
2026-02-10 06:00:00,3.7,0.0,10.3,164,84,1.3,0.3,1025.0,100,0.0
2026-02-10 07:00:00,4.0,0.0,10.9,149,84,1.5,0.5,1025.0,100,0.0
2026-02-10 08:00:00,4.8,0.0,10.6,150,81,1.9,1.5,1025.4,100,23.0
2026-02-10 09:00:00,6.2,0.0,12.7,129,74,2.0,2.5,1024.3,100,131.0
2026-02-10 10:00:00,7.7,0.0,12.7,135,61,0.6,3.8,1024.0,100,159.0
2026-02-10 11:00:00,8.1,0.0,12.1,123,59,0.6,4.3,1023.4,100,129.0
2026-02-10 12:00:00,7.8,0.2,12.7,105,69,2.5,4.3,1022.4,100,112.0
2026-02-10 13:00:00,7.2,0.3,13.3,92,83,4.5,3.9,1021.5,100,101.0
2026-02-10 14:00:00,6.4,1.0,12.3,85,95,5.7,3.5,1021.0,100,80.0
2026-02-10 15:00:00,6.2,0.5,12.3,85,97,5.7,3.3,1020.0,100,75.0
2026-02-10 16:00:00,6.3,0.6,9.6,69,96,5.8,3.9,1019.9,100,41.0
2026-02-10 17:00:00,6.4,0.4,10.9,66,96,5.8,3.8,1019.4,100,30.0
2026-02-10 18:00:00,6.0,0.5,15.2,85,96,5.4,2.7,1018.7,100,7.0
2026-02-10 19:00:00,6.4,0.1,14.2,98,93,5.4,3.2,1018.5,100,0.0
2026-02-10 20:00:00,6.9,0.0,11.4,113,93,5.9,4.2,1018.2,100,0.0
2026-02-10 21:00:00,7.5,0.1,7.9,91,95,6.7,5.5,1018.3,100,0.0
2026-02-10 22:00:00,7.6,0.3,7.0,87,96,7.0,5.8,1017.6,100,0.0
2026-02-10 23:00:00,7.6,0.5,5.5,81,96,6.9,6.0,1017.1,100,0.0
2026-02-11 00:00:00,7.4,0.4,4.4,81,96,6.8,6.0,1016.6,100,0.0
2026-02-11 01:00:00,7.3,0.9,3.2,34,96,6.8,6.1,1016.0,100,0.0
2026-02-11 02:00:00,7.0,0.6,3.8,8,97,6.6,5.6,1016.0,100,0.0
2026-02-11 03:00:00,5.8,1.1,7.7,1,100,5.8,3.7,1015.5,100,0.0
2026-02-11 04:00:00,6.8,0.7,9.3,328,97,6.3,4.5,1015.1,100,0.0
2026-02-11 05:00:00,7.4,0.1,13.1,318,94,6.5,4.6,1014.9,100,0.0
2026-02-11 06:00:00,7.6,0.1,15.4,314,92,6.4,4.5,1015.3,100,0.0
2026-02-11 07:00:00,7.3,0.3,14.2,308,94,6.3,4.3,1016.2,100,0.0
2026-02-11 08:00:00,7.1,0.4,11.8,314,93,6.1,4.4,1016.6,100,9.0
2026-02-11 09:00:00,7.6,0.0,12.4,312,91,6.2,4.9,1017.3,97,85.0
2026-02-11 10:00:00,9.3,0.1,12.5,314,74,4.9,6.2,1017.6,100,248.0
2026-02-11 11:00:00,9.2,0.1,17.3,318,66,3.2,5.2,1017.7,53,189.0
2026-02-11 12:00:00,11.0,0.0,19.5,310,49,0.6,6.1,1017.1,16,432.0
2026-02-11 13:00:00,11.9,0.0,21.2,302,43,-0.2,7.0,1016.8,13,632.0
2026-02-11 14:00:00,11.7,0.0,21.6,300,43,-0.6,6.5,1016.8,10,575.0
2026-02-11 15:00:00,11.1,0.0,20.3,291,48,0.4,6.1,1017.2,13,506.0
2026-02-11 16:00:00,10.6,0.0,20.5,293,49,0.4,5.6,1017.7,17,341.0
2026-02-11 17:00:00,9.7,0.0,20.0,297,53,0.6,4.8,1018.4,31,175.0
2026-02-11 18:00:00,8.5,0.0,16.0,300,58,0.7,4.2,1019.1,21,38.0
2026-02-11 19:00:00,7.6,0.0,13.8,309,63,0.9,3.6,1019.4,19,0.0
2026-02-11 20:00:00,6.8,0.0,12.4,318,67,1.1,3.0,1019.5,46,0.0
2026-02-11 21:00:00,6.6,0.0,7.1,319,72,1.9,3.7,1019.3,100,0.0
2026-02-11 22:00:00,5.8,0.0,4.7,310,76,2.0,3.4,1019.2,90,0.0
2026-02-11 23:00:00,6.0,0.0,4.5,277,80,2.8,3.7,1019.2,49,0.0
2026-02-12 00:00:00,5.7,0.0,4.0,273,85,3.5,3.6,1019.1,27,0.0
2026-02-12 01:00:00,5.1,0.0,2.8,259,92,3.8,3.2,1018.9,60,0.0
2026-02-12 02:00:00,5.9,0.0,5.7,233,89,4.2,3.7,1019.2,93,0.0
2026-02-12 03:00:00,7.2,0.0,6.5,238,81,4.2,4.9,1018.9,95,0.0
2026-02-12 04:00:00,7.2,0.0,11.2,274,81,4.1,4.1,1018.8,65,0.0
2026-02-12 05:00:00,6.9,0.0,11.4,264,85,4.6,3.9,1019.0,98,0.0
2026-02-12 06:00:00,6.8,0.1,10.7,264,87,4.8,4.0,1019.7,85,0.0
2026-02-12 07:00:00,6.4,0.1,7.6,270,90,4.9,4.1,1020.1,71,0.0
2026-02-12 08:00:00,6.6,0.1,7.8,293,92,5.3,4.3,1020.7,61,31.0
2026-02-12 09:00:00,8.3,0.0,9.8,275,85,6.0,5.9,1021.1,25,176.0
2026-02-12 10:00:00,10.4,0.0,15.7,295,49,0.2,6.0,1021.3,5,391.0
2026-02-12 11:00:00,11.1,0.0,16.9,293,42,-1.2,6.4,1021.4,1,560.0
2026-02-12 12:00:00,11.6,0.0,17.4,281,38,-2.2,7.1,1020.8,0,661.0
2026-02-12 13:00:00,11.8,0.0,19.1,278,37,-2.5,7.2,1020.3,0,697.0
2026-02-12 14:00:00,11.6,0.0,20.7,281,35,-3.2,6.6,1019.9,0,664.0
2026-02-12 15:00:00,11.2,0.0,19.6,277,40,-1.9,6.1,1019.5,0,567.0
2026-02-12 16:00:00,10.9,0.0,18.1,280,40,-2.2,5.8,1019.6,0,412.0
2026-02-12 17:00:00,9.9,0.0,15.9,288,46,-1.2,5.3,1019.6,0,224.0
2026-02-12 18:00:00,8.1,0.0,11.8,304,54,-0.7,4.2,1020.2,0,47.0
2026-02-12 19:00:00,6.3,0.0,8.8,317,63,-0.2,2.9,1021.0,0,0.0
2026-02-12 20:00:00,4.7,0.0,7.2,338,70,-0.3,1.5,1021.4,0,0.0
2026-02-12 21:00:00,4.3,0.0,5.8,4,73,-0.1,1.3,1021.0,0,0.0
2026-02-12 22:00:00,3.2,0.0,4.1,34,77,-0.3,0.5,1020.9,32,0.0
2026-02-12 23:00:00,2.0,0.0,3.5,39,84,-0.5,-0.7,1020.6,31,0.0
2026-02-13 00:00:00,1.2,0.0,2.2,35,86,-0.9,-1.3,1020.5,16,0.0
2026-02-13 01:00:00,1.2,0.0,1.8,37,84,-1.1,-1.4,1020.3,34,0.0
2026-02-13 02:00:00,2.0,0.0,1.7,49,77,-1.5,-0.5,1020.4,66,0.0
2026-02-13 03:00:00,2.8,0.0,4.5,76,76,-1.0,-0.1,1019.9,18,0.0
2026-02-13 04:00:00,2.8,0.0,3.2,93,76,-1.1,-0.0,1019.6,30,0.0
2026-02-13 05:00:00,3.3,0.0,0.7,76,75,-0.6,1.0,1020.0,22,0.0
2026-02-13 06:00:00,2.5,0.0,0.4,27,77,-1.1,0.2,1020.4,20,0.0
2026-02-13 07:00:00,1.4,0.0,1.9,41,80,-1.7,-1.3,1020.5,52,0.0
2026-02-13 08:00:00,3.5,0.0,2.7,58,78,-0.1,1.0,1020.7,20,46.0
2026-02-13 09:00:00,6.7,0.0,2.9,60,70,1.6,4.4,1021.0,3,217.0
2026-02-13 10:00:00,8.3,0.0,2.2,171,66,2.3,6.2,1020.8,4,402.0
2026-02-13 11:00:00,10.1,0.0,8.6,211,61,2.9,7.3,1020.4,2,558.0
2026-02-13 12:00:00,11.8,0.0,11.6,238,55,3.0,9.0,1019.6,54,657.0
2026-02-13 13:00:00,12.6,0.0,13.1,261,49,2.3,9.7,1018.9,87,685.0
2026-02-13 14:00:00,13.0,0.0,16.1,277,46,1.6,9.2,1018.5,27,634.0
2026-02-13 15:00:00,13.2,0.0,14.6,288,45,1.6,9.3,1018.0,43,555.0
2026-02-13 16:00:00,12.8,0.0,14.8,301,46,1.3,8.7,1018.1,80,408.0
2026-02-13 17:00:00,11.6,0.0,13.2,310,55,2.8,8.0,1018.4,29,210.0
2026-02-13 18:00:00,9.4,0.0,11.8,314,66,3.5,6.2,1018.9,1,47.0
2026-02-13 19:00:00,8.8,0.0,11.0,310,70,3.6,5.6,1019.3,0,0.0
2026-02-13 20:00:00,8.2,0.0,9.1,302,74,3.9,5.5,1019.8,0,0.0
2026-02-13 21:00:00,8.2,0.0,8.2,289,75,4.0,5.6,1019.6,0,0.0
2026-02-13 22:00:00,7.8,0.0,6.2,282,83,5.1,5.7,1019.9,0,0.0
2026-02-13 23:00:00,6.8,0.0,4.7,252,87,4.8,4.9,1020.2,2,0.0
2026-02-14 00:00:00,6.3,0.0,3.8,177,90,4.8,4.5,1020.4,4,0.0
2026-02-14 01:00:00,5.8,0.0,4.8,146,92,4.6,3.7,1020.4,1,0.0
2026-02-14 02:00:00,5.1,0.0,3.5,118,92,3.8,3.1,1020.4,19,0.0
2026-02-14 03:00:00,5.5,0.0,4.5,90,89,3.9,3.4,1020.1,9,0.0
2026-02-14 04:00:00,4.6,0.0,4.0,87,89,3.0,2.4,1019.7,0,0.0
2026-02-14 05:00:00,4.2,0.0,2.7,90,90,2.7,2.2,1019.7,3,0.0
2026-02-14 06:00:00,3.9,0.0,2.6,106,93,2.8,1.9,1020.1,12,0.0
2026-02-14 07:00:00,3.5,0.0,2.0,80,96,2.9,1.6,1020.2,34,0.0
2026-02-14 08:00:00,5.2,0.0,3.7,61,94,4.3,3.4,1020.6,41,48.0
2026-02-14 09:00:00,7.3,0.0,7.0,89,88,5.4,5.2,1020.5,28,210.0
2026-02-14 10:00:00,9.8,0.0,7.3,120,75,5.6,7.6,1020.2,26,402.0
2026-02-14 11:00:00,11.4,0.0,8.2,128,66,5.3,9.0,1019.6,95,527.0
2026-02-14 12:00:00,11.6,0.0,10.6,105,65,5.2,8.9,1018.5,14,357.0
2026-02-14 13:00:00,13.2,0.0,11.0,116,53,4.0,10.8,1017.4,64,646.0
2026-02-14 14:00:00,13.4,0.0,12.7,113,54,4.3,10.3,1016.6,100,577.0
2026-02-14 15:00:00,11.6,0.0,11.7,111,67,5.7,8.8,1016.5,100,255.0
2026-02-14 16:00:00,10.9,0.1,9.2,96,73,6.2,8.6,1016.5,100,71.0
2026-02-14 17:00:00,9.2,1.1,13.0,92,93,8.2,6.8,1016.4,100,26.0
2026-02-14 18:00:00,9.2,0.8,10.6,92,95,8.5,7.3,1016.6,100,7.0
2026-02-14 19:00:00,9.6,0.8,11.8,81,94,8.7,7.5,1016.6,100,0.0
2026-02-14 20:00:00,9.9,0.4,14.1,80,93,8.9,7.6,1016.4,100,0.0
2026-02-14 21:00:00,10.7,0.1,13.6,96,94,9.8,8.7,1016.2,86,0.0
2026-02-14 22:00:00,10.8,0.0,13.7,88,92,9.6,8.7,1016.1,100,0.0
2026-02-14 23:00:00,10.8,0.0,15.4,83,92,9.6,8.4,1016.0,100,0.0
2026-02-15 00:00:00,10.9,0.4,17.1,78,94,9.9,8.3,1015.1,92,0.0
2026-02-15 01:00:00,10.9,0.0,15.2,85,95,10.1,8.7,1015.2,100,0.0
2026-02-15 02:00:00,11.0,0.1,14.7,82,96,10.4,9.0,1015.1,100,0.0
2026-02-15 03:00:00,11.0,0.0,8.8,89,97,10.6,9.9,1015.0,100,0.0
2026-02-15 04:00:00,10.9,0.0,7.0,44,99,10.7,10.1,1014.7,100,0.0
2026-02-15 05:00:00,10.9,0.2,8.5,52,99,10.7,9.8,1015.1,100,0.0
2026-02-15 06:00:00,11.1,0.2,8.3,68,99,10.9,10.2,1015.3,100,0.0
2026-02-15 07:00:00,11.1,0.1,4.1,77,98,10.9,10.8,1015.8,100,0.0
2026-02-15 08:00:00,11.2,0.0,1.6,63,99,11.1,11.3,1016.3,100,13.0
2026-02-15 09:00:00,11.5,0.0,2.2,24,98,11.2,11.6,1016.9,99,78.0
2026-02-15 10:00:00,12.8,0.0,1.8,323,93,11.6,13.0,1017.2,99,186.0
2026-02-15 11:00:00,14.7,0.0,4.2,275,83,11.8,14.7,1017.2,97,349.0
2026-02-15 12:00:00,16.0,0.0,9.8,244,76,11.8,15.2,1016.6,71,472.0
2026-02-15 13:00:00,16.4,0.0,14.5,263,72,11.3,14.7,1015.8,25,406.0
2026-02-15 14:00:00,17.5,0.0,17.6,285,63,10.4,15.0,1015.3,8,531.0
2026-02-15 15:00:00,17.0,0.0,12.8,276,62,9.5,15.0,1015.0,0,487.0
2026-02-15 16:00:00,16.4,0.0,13.7,275,61,8.8,14.0,1015.0,0,410.0
2026-02-15 17:00:00,14.8,0.0,15.0,283,64,8.1,12.1,1015.2,2,228.0
2026-02-15 18:00:00,12.9,0.0,12.9,297,72,8.0,10.5,1015.7,44,52.0
2026-02-15 19:00:00,11.1,0.0,10.9,314,83,8.2,9.0,1015.9,100,0.0
2026-02-15 20:00:00,9.9,0.0,9.7,325,87,7.9,7.9,1016.6,100,0.0
2026-02-15 21:00:00,8.9,0.0,7.1,330,91,7.5,7.2,1016.6,100,0.0
2026-02-15 22:00:00,8.3,0.0,4.9,336,93,7.2,6.9,1016.7,99,0.0
2026-02-15 23:00:00,8.1,0.0,5.3,315,93,7.1,6.6,1016.6,100,0.0
2026-02-16 00:00:00,9.1,0.0,9.2,301,94,8.1,7.2,1016.6,100,0.0
2026-02-16 01:00:00,9.5,0.0,9.3,294,94,8.6,7.8,1016.6,9,0.0
2026-02-16 02:00:00,9.8,0.0,8.2,289,94,8.9,8.3,1016.3,22,0.0
2026-02-16 03:00:00,10.0,0.0,9.3,280,96,9.4,8.5,1016.0,5,0.0
2026-02-16 04:00:00,8.6,0.0,6.9,323,96,8.1,7.1,1015.7,33,0.0
2026-02-16 05:00:00,7.6,0.0,9.3,336,93,6.5,5.4,1016.4,18,0.0
2026-02-16 06:00:00,6.9,0.0,6.7,333,90,5.5,4.9,1016.8,73,0.0
2026-02-16 07:00:00,5.9,0.0,5.7,328,89,4.3,3.8,1017.4,97,0.0
2026-02-16 08:00:00,8.4,0.0,3.7,293,84,5.8,6.8,1017.4,48,53.0
2026-02-16 09:00:00,10.4,0.0,5.1,302,85,8.1,9.2,1017.5,98,226.0
2026-02-16 10:00:00,12.9,0.0,5.4,291,79,9.4,12.0,1017.6,100,366.0
2026-02-16 11:00:00,14.2,0.1,13.4,333,65,7.7,11.7,1017.1,100,413.0
2026-02-16 12:00:00,14.2,0.0,14.8,347,59,6.4,11.1,1016.5,100,423.0
2026-02-16 13:00:00,14.0,0.0,14.1,341,59,6.1,11.0,1015.9,100,416.0
2026-02-16 14:00:00,13.9,0.0,15.9,340,53,4.6,10.2,1015.9,100,463.0
2026-02-16 15:00:00,13.4,0.0,15.2,346,51,3.3,9.6,1016.2,100,319.0
2026-02-16 16:00:00,12.1,0.0,16.4,355,53,2.9,8.1,1016.6,100,239.0
2026-02-16 17:00:00,11.0,0.0,15.7,355,59,3.2,7.1,1016.8,100,118.0
2026-02-16 18:00:00,9.7,0.0,13.4,355,66,3.7,6.3,1017.4,100,29.0
2026-02-16 19:00:00,8.6,0.0,13.7,2,71,3.6,5.1,1018.3,100,0.0
2026-02-16 20:00:00,7.8,0.0,13.4,24,72,3.0,4.2,1019.1,100,0.0
2026-02-16 21:00:00,7.7,0.0,14.1,32,68,2.2,3.9,1019.2,100,0.0
2026-02-16 22:00:00,7.2,0.0,12.0,36,65,1.2,3.6,1019.9,99,0.0
2026-02-16 23:00:00,6.9,0.0,10.7,17,63,0.4,3.3,1020.3,100,0.0
2026-02-17 00:00:00,6.9,0.0,10.0,13,58,-0.8,3.2,1020.6,100,0.0
2026-02-17 01:00:00,6.3,0.0,7.1,24,59,-1.1,3.0,1020.7,100,0.0
2026-02-17 02:00:00,5.9,0.0,5.6,22,62,-0.9,2.9,1021.3,100,0.0
2026-02-17 03:00:00,6.2,0.0,9.7,15,56,-2.1,2.3,1021.3,100,0.0
2026-02-17 04:00:00,5.7,0.0,11.8,20,55,-2.8,1.5,1021.2,100,0.0
2026-02-17 05:00:00,5.6,0.0,12.4,28,53,-3.2,1.2,1021.3,97,0.0
2026-02-17 06:00:00,4.8,0.0,11.2,37,57,-3.0,0.6,1021.5,42,0.0
2026-02-17 07:00:00,4.2,0.0,8.0,48,61,-2.7,0.5,1021.5,1,0.0
2026-02-17 08:00:00,4.9,0.0,6.1,66,62,-1.9,1.6,1021.9,0,59.0
2026-02-17 09:00:00,6.7,0.0,8.5,28,54,-2.0,3.0,1022.2,0,240.0
2026-02-17 10:00:00,8.6,0.0,7.4,45,46,-2.3,5.0,1022.1,0,432.0
2026-02-17 11:00:00,10.1,0.0,2.0,63,42,-2.3,7.6,1021.5,77,589.0
2026-02-17 12:00:00,10.8,0.0,5.3,208,40,-2.3,7.9,1020.2,8,607.0
2026-02-17 13:00:00,10.1,0.0,10.5,209,51,0.4,7.5,1019.2,9,715.0
2026-02-17 14:00:00,10.3,0.0,10.2,208,53,1.2,7.5,1018.4,8,660.0
2026-02-17 15:00:00,11.4,0.0,12.0,233,51,1.5,7.9,1017.5,5,570.0
2026-02-17 16:00:00,11.9,0.0,15.5,297,41,-1.1,7.3,1017.5,20,410.0
2026-02-17 17:00:00,10.4,0.0,13.8,325,44,-1.5,6.0,1017.9,1,218.0
2026-02-17 18:00:00,8.8,0.0,9.3,333,53,-0.4,5.2,1018.3,1,56.0
2026-02-17 19:00:00,7.0,0.0,6.8,349,64,0.7,4.0,1018.8,5,0.0
2026-02-17 20:00:00,5.6,0.0,5.0,13,72,1.0,2.9,1019.0,2,0.0
2026-02-17 21:00:00,6.6,0.0,0.6,18,61,-0.5,4.3,1018.8,28,0.0
2026-02-17 22:00:00,6.6,0.0,0.7,360,60,-0.7,4.2,1018.5,36,0.0
2026-02-17 23:00:00,6.4,0.0,1.9,248,64,0.0,4.0,1018.2,17,0.0
2026-02-18 00:00:00,6.4,0.0,5.7,246,75,2.3,3.9,1018.0,27,0.0
2026-02-18 01:00:00,8.4,0.0,13.3,260,68,2.7,4.7,1017.8,9,0.0
2026-02-18 02:00:00,8.4,0.0,16.5,259,67,2.6,4.3,1018.0,3,0.0
2026-02-18 03:00:00,7.8,0.0,14.1,257,70,2.7,4.0,1017.4,5,0.0
2026-02-18 04:00:00,7.3,0.0,12.8,253,72,2.5,3.7,1016.9,5,0.0
2026-02-18 05:00:00,7.3,0.0,14.9,255,69,2.0,3.4,1016.9,5,0.0
2026-02-18 06:00:00,6.8,0.0,14.0,269,75,2.6,3.1,1017.1,30,0.0
2026-02-18 07:00:00,6.1,0.0,10.7,327,73,1.5,2.6,1017.7,15,0.0
2026-02-18 08:00:00,7.0,0.0,15.5,331,50,-2.7,2.2,1018.4,0,57.0
2026-02-18 09:00:00,8.7,0.0,13.7,321,46,-2.3,4.2,1018.9,0,243.0
2026-02-18 10:00:00,9.9,0.0,20.4,307,32,-5.9,4.1,1019.2,0,443.0
2026-02-18 11:00:00,10.5,0.0,21.2,305,30,-6.3,4.7,1019.5,0,600.0
2026-02-18 12:00:00,10.7,0.0,22.1,301,31,-5.9,5.3,1019.4,0,698.0
2026-02-18 13:00:00,10.9,0.0,21.7,298,33,-4.9,5.8,1019.0,0,728.0
2026-02-18 14:00:00,11.0,0.0,21.8,295,33,-4.6,5.7,1018.5,0,689.0
2026-02-18 15:00:00,11.1,0.0,21.2,285,34,-4.1,5.5,1017.8,0,588.0
2026-02-18 16:00:00,10.7,0.0,20.3,285,36,-3.8,5.1,1018.1,0,432.0
2026-02-18 17:00:00,10.1,0.0,19.5,289,38,-3.8,4.6,1018.7,4,241.0
2026-02-18 18:00:00,9.0,0.0,15.4,294,43,-2.8,4.2,1019.5,6,58.0
2026-02-18 19:00:00,7.8,0.0,11.1,307,53,-1.2,3.8,1019.8,19,0.0
2026-02-18 20:00:00,6.5,0.0,5.5,322,62,-0.3,3.5,1020.1,12,0.0
2026-02-18 21:00:00,6.8,0.0,6.4,299,65,0.7,3.9,1020.1,9,0.0
2026-02-18 22:00:00,6.5,0.0,7.8,302,69,1.2,3.4,1020.4,98,0.0
2026-02-18 23:00:00,6.5,0.0,20.8,27,60,-0.8,1.2,1020.8,23,0.0
2026-02-19 00:00:00,5.3,0.0,15.3,34,66,-0.4,0.9,1021.5,47,0.0
2026-02-19 01:00:00,5.0,0.0,11.6,37,65,-1.1,1.0,1021.9,70,0.0
2026-02-19 02:00:00,4.3,0.0,9.3,37,67,-1.2,0.6,1022.4,67,0.0
2026-02-19 03:00:00,4.9,0.0,7.8,29,65,-1.0,1.5,1022.1,23,0.0
2026-02-19 04:00:00,4.2,0.0,7.4,23,67,-1.3,0.9,1022.3,39,0.0
2026-02-19 05:00:00,3.8,0.0,8.3,11,68,-1.6,0.2,1022.6,100,0.0
2026-02-19 06:00:00,4.5,0.0,8.2,14,62,-2.0,0.9,1023.0,98,0.0
2026-02-19 07:00:00,4.7,0.0,8.5,17,60,-2.3,1.0,1023.4,100,0.0
2026-02-19 08:00:00,5.1,0.0,8.1,21,58,-2.5,1.4,1024.2,100,24.0
2026-02-19 09:00:00,6.1,0.0,5.2,63,59,-1.5,2.9,1024.2,25,119.0
2026-02-19 10:00:00,7.8,0.0,3.8,115,55,-0.8,5.0,1024.4,14,318.0
2026-02-19 11:00:00,9.2,0.0,6.8,143,49,-1.0,6.0,1024.1,13,560.0
2026-02-19 12:00:00,9.4,0.0,8.3,164,50,-0.6,6.1,1023.7,53,569.0
2026-02-19 13:00:00,9.4,0.0,7.6,177,50,-0.3,6.2,1023.1,1,516.0
2026-02-19 14:00:00,10.6,0.0,3.8,197,45,-0.7,8.2,1022.3,3,601.0
2026-02-19 15:00:00,11.9,0.0,5.8,304,41,-0.9,8.8,1021.2,5,521.0
2026-02-19 16:00:00,12.4,0.0,9.4,302,39,-1.4,8.7,1020.9,9,419.0
2026-02-19 17:00:00,11.6,0.0,8.2,299,43,-0.5,8.2,1020.5,98,243.0
2026-02-19 18:00:00,9.1,0.0,1.4,270,58,1.1,6.9,1020.6,100,55.0
2026-02-19 19:00:00,7.7,0.0,2.4,222,67,1.9,5.5,1020.8,100,0.0
2026-02-19 20:00:00,7.9,0.0,5.6,239,77,4.2,5.8,1021.6,100,0.0
2026-02-19 21:00:00,7.4,0.0,2.0,225,84,4.9,5.9,1021.5,100,0.0
2026-02-19 22:00:00,7.3,0.0,2.6,124,85,5.1,5.8,1021.1,100,0.0
2026-02-19 23:00:00,7.4,0.0,3.3,99,83,4.8,5.7,1021.0,100,0.0
2026-02-20 00:00:00,7.2,0.0,3.3,112,82,4.3,5.4,1021.0,100,0.0
2026-02-20 01:00:00,7.1,0.0,3.1,97,82,4.2,5.2,1020.9,100,0.0
2026-02-20 02:00:00,6.9,0.0,2.7,110,84,4.3,5.1,1020.7,100,0.0
2026-02-20 03:00:00,7.2,0.0,2.2,95,84,4.7,5.7,1020.4,100,0.0
2026-02-20 04:00:00,7.4,0.0,1.3,135,84,4.9,6.0,1020.2,100,0.0
2026-02-20 05:00:00,7.2,0.0,4.2,205,88,5.3,5.4,1020.3,100,0.0
2026-02-20 06:00:00,7.9,0.0,6.6,201,85,5.6,5.9,1020.0,100,0.0
2026-02-20 07:00:00,8.3,0.0,9.6,218,79,4.9,5.7,1019.9,100,0.0
2026-02-20 08:00:00,8.9,0.0,10.8,227,74,4.5,6.0,1019.9,100,34.0
2026-02-20 09:00:00,9.6,0.0,6.0,201,71,4.6,7.4,1019.9,77,102.0
2026-02-20 10:00:00,10.6,0.0,7.4,212,63,4.0,8.1,1019.8,94,258.0
2026-02-20 11:00:00,12.9,0.0,12.6,223,51,3.0,9.5,1019.5,63,561.0
2026-02-20 12:00:00,14.1,0.0,14.2,252,33,-2.0,10.1,1018.8,0,656.0
2026-02-20 13:00:00,14.4,0.0,17.3,275,27,-4.2,10.2,1017.9,0,733.0
2026-02-20 14:00:00,14.2,0.0,19.3,285,27,-4.5,9.4,1017.3,0,693.0
2026-02-20 15:00:00,13.9,0.0,17.4,287,30,-3.3,9.1,1016.8,0,594.0
2026-02-20 16:00:00,13.4,0.0,17.1,289,35,-2.0,8.4,1016.8,0,442.0
2026-02-20 17:00:00,12.4,0.0,16.7,299,39,-1.1,7.7,1016.9,0,250.0
2026-02-20 18:00:00,11.1,0.0,14.2,299,48,0.6,7.1,1017.4,0,64.0
2026-02-20 19:00:00,10.0,0.0,9.0,296,55,1.4,6.8,1017.8,0,0.0
2026-02-20 20:00:00,8.1,0.0,4.4,300,66,2.1,5.6,1018.2,0,0.0
2026-02-20 21:00:00,9.2,0.0,5.3,278,61,2.1,6.7,1018.3,1,0.0
2026-02-20 22:00:00,8.1,0.0,5.1,287,66,2.2,5.6,1018.5,0,0.0
2026-02-20 23:00:00,7.9,0.0,1.9,236,70,2.8,6.0,1018.7,0,0.0
2026-02-21 00:00:00,6.6,0.0,4.3,156,81,3.7,4.5,1018.7,0,0.0
2026-02-21 01:00:00,6.3,0.0,2.8,135,85,4.1,4.5,1018.4,0,0.0
2026-02-21 02:00:00,5.9,0.0,2.3,113,85,3.6,4.1,1018.2,0,0.0
2026-02-21 03:00:00,5.7,0.0,3.1,83,84,3.1,3.6,1018.0,0,0.0
2026-02-21 04:00:00,4.4,0.0,4.0,72,82,1.6,2.0,1017.8,0,0.0
2026-02-21 05:00:00,4.1,0.0,3.6,70,81,1.1,1.6,1017.9,1,0.0
2026-02-21 06:00:00,3.7,0.0,3.3,68,81,0.8,1.2,1018.1,5,0.0
2026-02-21 07:00:00,3.5,0.0,3.3,81,83,0.9,1.1,1018.2,13,0.0
2026-02-21 08:00:00,6.2,0.0,5.0,92,82,3.3,4.0,1018.5,25,66.0
2026-02-21 09:00:00,8.5,0.0,6.6,99,79,5.0,6.3,1019.0,5,234.0
2026-02-21 10:00:00,10.8,0.0,6.7,126,66,4.7,8.5,1018.7,2,429.0
2026-02-21 11:00:00,12.4,0.0,7.7,149,57,4.1,10.1,1018.5,1,597.0
2026-02-21 12:00:00,13.8,0.0,7.7,150,47,2.8,11.9,1018.0,0,699.0
2026-02-21 13:00:00,14.8,0.0,8.0,142,43,2.4,13.0,1016.9,0,735.0
2026-02-21 14:00:00,15.0,0.0,10.1,130,43,2.6,12.7,1015.8,0,700.0
2026-02-21 15:00:00,15.2,0.0,12.2,134,42,2.5,12.0,1015.1,0,598.0
2026-02-21 16:00:00,14.4,0.0,15.7,124,40,1.1,10.2,1015.0,0,440.0
2026-02-21 17:00:00,13.2,0.0,15.9,112,42,0.6,8.9,1015.0,0,249.0
2026-02-21 18:00:00,11.6,0.0,15.7,103,58,3.6,7.8,1015.1,0,65.0
2026-02-21 19:00:00,11.1,0.0,14.1,100,68,5.5,8.0,1015.4,0,0.0
2026-02-21 20:00:00,10.8,0.0,12.2,107,73,6.2,8.1,1015.1,0,0.0
2026-02-21 21:00:00,10.4,0.0,10.5,112,77,6.6,8.1,1015.2,0,0.0
2026-02-21 22:00:00,9.9,0.0,6.7,124,81,6.8,8.0,1015.4,0,0.0
2026-02-21 23:00:00,9.1,0.0,6.4,133,85,6.7,7.3,1015.3,0,0.0
2026-02-22 00:00:00,9.1,0.0,9.5,143,83,6.3,6.8,1015.0,0,0.0
2026-02-22 01:00:00,7.9,0.0,5.0,154,86,5.7,6.2,1015.0,0,0.0
2026-02-22 02:00:00,7.6,0.0,1.7,167,82,4.7,6.0,1015.2,0,0.0
2026-02-22 03:00:00,7.0,0.0,4.7,97,85,4.6,5.0,1014.7,0,0.0
2026-02-22 04:00:00,7.5,0.0,9.2,96,87,5.4,5.0,1014.1,2,0.0
2026-02-22 05:00:00,7.6,0.0,8.5,102,88,5.8,5.3,1014.3,6,0.0
2026-02-22 06:00:00,7.9,0.0,11.3,92,89,6.2,5.3,1014.1,2,0.0
2026-02-22 07:00:00,8.4,0.0,13.3,91,89,6.7,5.6,1013.9,8,0.0
2026-02-22 08:00:00,9.9,0.0,12.2,98,82,6.9,7.3,1014.4,40,66.0
2026-02-22 09:00:00,12.3,0.0,10.7,95,69,6.8,9.9,1014.4,37,199.0
2026-02-22 10:00:00,13.9,0.3,11.4,95,63,7.0,11.4,1014.0,16,359.0
2026-02-22 11:00:00,17.0,0.0,13.0,109,48,5.9,14.2,1012.7,0,560.0
2026-02-22 12:00:00,19.4,0.0,16.8,133,45,7.2,16.8,1011.4,0,681.0
2026-02-22 13:00:00,19.9,0.0,18.9,125,49,8.7,17.6,1010.4,23,714.0
2026-02-22 14:00:00,20.0,0.4,11.6,114,53,9.9,18.4,1009.9,50,583.0
2026-02-22 15:00:00,20.8,0.2,3.8,163,51,10.3,20.4,1009.8,36,433.0
2026-02-22 16:00:00,21.0,0.7,19.7,225,55,11.6,18.6,1009.8,20,364.0
2026-02-22 17:00:00,19.6,0.0,23.8,209,60,11.6,16.6,1009.8,23,181.0
2026-02-22 18:00:00,17.8,0.0,19.2,216,74,13.0,15.9,1010.6,26,57.0
2026-02-22 19:00:00,16.9,0.0,16.1,228,79,13.1,15.5,1012.2,28,0.0
2026-02-22 20:00:00,16.4,0.0,17.7,237,84,13.6,14.9,1012.7,73,0.0
2026-02-22 21:00:00,16.4,0.3,13.8,244,80,12.9,15.2,1012.7,55,0.0
2026-02-22 22:00:00,16.6,0.0,18.8,264,76,12.4,14.6,1013.3,62,0.0
2026-02-22 23:00:00,15.9,0.0,24.9,273,63,8.9,12.0,1014.1,0,0.0
2026-02-23 00:00:00,14.8,0.0,24.0,287,53,5.2,10.1,1015.3,0,0.0
2026-02-23 01:00:00,13.3,0.0,22.4,297,46,1.9,8.2,1017.0,0,0.0
2026-02-23 02:00:00,11.8,0.0,17.8,308,49,1.4,7.2,1018.7,0,0.0
2026-02-23 03:00:00,11.7,0.0,16.7,300,50,1.8,7.4,1018.1,0,0.0
2026-02-23 04:00:00,11.1,0.0,14.7,320,48,0.6,6.9,1018.4,0,0.0
2026-02-23 05:00:00,9.6,0.0,15.3,333,51,-0.1,5.3,1019.5,0,0.0
2026-02-23 06:00:00,8.5,0.0,14.9,337,50,-1.4,4.0,1020.3,0,0.0
2026-02-23 07:00:00,7.8,0.0,14.6,339,48,-2.5,3.1,1021.5,37,0.0
2026-02-23 08:00:00,8.3,0.0,12.3,338,45,-3.0,4.0,1022.9,67,77.0
2026-02-23 09:00:00,10.3,0.0,10.8,327,46,-0.8,6.5,1022.8,100,265.0
2026-02-23 10:00:00,11.8,0.0,11.3,329,40,-1.5,7.8,1023.1,99,441.0
2026-02-23 11:00:00,12.8,0.0,11.5,312,35,-2.2,8.7,1023.4,100,564.0
2026-02-23 12:00:00,13.3,0.0,10.6,304,33,-2.7,9.6,1022.9,35,619.0
2026-02-23 13:00:00,14.1,0.0,11.0,293,29,-3.8,10.8,1022.1,0,720.0
2026-02-23 14:00:00,14.4,0.0,13.9,290,27,-4.6,10.4,1021.8,0,710.0
2026-02-23 15:00:00,14.9,0.0,13.7,269,29,-3.0,10.7,1021.1,0,610.0
2026-02-23 16:00:00,14.2,0.0,13.2,281,32,-2.4,9.9,1021.3,0,452.0
2026-02-23 17:00:00,13.1,0.0,12.0,316,36,-1.9,8.9,1021.7,0,258.0
2026-02-23 18:00:00,10.8,0.0,12.0,347,42,-1.5,6.7,1022.3,0,70.0
2026-02-23 19:00:00,8.8,0.0,11.5,350,49,-1.3,4.8,1023.0,0,0.0
2026-02-23 20:00:00,7.7,0.0,11.1,343,53,-1.2,3.7,1023.5,0,0.0
2026-02-23 21:00:00,7.5,0.0,12.1,332,54,-1.1,3.5,1023.2,0,0.0
2026-02-23 22:00:00,7.6,0.0,17.8,349,55,-0.9,2.7,1022.8,0,0.0
2026-02-23 23:00:00,7.4,0.0,8.3,360,57,-0.6,4.0,1022.6,26,0.0
2026-02-24 00:00:00,6.1,0.0,0.8,225,64,-0.2,3.8,1023.2,96,0.0
2026-02-24 01:00:00,5.5,0.0,2.3,328,69,0.3,3.1,1022.9,100,0.0
2026-02-24 02:00:00,5.4,0.0,1.1,351,66,-0.4,3.1,1022.6,100,0.0
2026-02-24 03:00:00,4.8,0.0,4.7,332,67,-0.9,1.9,1022.2,100,0.0
2026-02-24 04:00:00,4.1,0.0,3.6,18,63,-2.3,1.1,1021.8,100,0.0
2026-02-24 05:00:00,3.8,0.0,5.9,47,55,-4.3,0.3,1021.6,100,0.0
2026-02-24 06:00:00,4.0,0.0,7.5,48,52,-4.9,0.1,1021.5,100,0.0
2026-02-24 07:00:00,4.3,0.0,8.0,40,52,-4.7,0.4,1021.6,100,0.0
2026-02-24 08:00:00,6.1,0.0,8.0,50,49,-3.8,2.2,1021.5,100,56.0
2026-02-24 09:00:00,8.9,0.0,8.9,72,52,-0.3,5.5,1021.4,100,212.0
2026-02-24 10:00:00,10.1,0.0,9.9,106,60,2.7,7.0,1020.8,100,256.0
2026-02-24 11:00:00,11.1,0.5,7.6,76,59,3.3,8.4,1020.6,100,313.0
2026-02-24 12:00:00,12.6,0.0,5.6,2,47,1.6,9.9,1020.8,100,361.0
2026-02-24 13:00:00,12.1,0.1,9.1,27,53,2.7,9.1,1019.5,100,130.0
2026-02-24 14:00:00,13.1,0.0,11.9,35,51,3.2,9.8,1018.5,100,261.0
2026-02-24 15:00:00,13.1,0.0,11.1,27,50,2.9,9.9,1018.1,100,135.0
2026-02-24 16:00:00,12.5,0.4,13.8,21,55,3.8,9.0,1017.6,100,144.0
2026-02-24 17:00:00,9.9,1.3,12.6,14,84,7.3,7.4,1017.6,100,65.0
2026-02-24 18:00:00,9.0,1.8,15.5,1,94,8.1,6.2,1018.1,100,18.0
2026-02-24 19:00:00,8.9,2.7,20.8,28,94,8.0,5.3,1018.1,100,0.0
2026-02-24 20:00:00,8.6,2.4,19.0,35,94,7.7,5.2,1017.8,100,0.0
2026-02-24 21:00:00,8.7,2.3,13.3,33,96,8.1,6.3,1017.9,100,0.0
2026-02-24 22:00:00,8.9,1.5,13.8,37,96,8.2,6.4,1017.3,100,0.0
2026-02-24 23:00:00,9.0,1.5,10.7,42,96,8.4,7.0,1016.7,100,0.0
2026-02-25 00:00:00,9.1,1.4,9.9,9,97,8.6,7.4,1016.3,100,0.0
2026-02-25 01:00:00,9.4,3.3,12.2,17,97,8.9,7.3,1015.2,100,0.0
2026-02-25 02:00:00,10.2,5.2,13.4,37,96,9.6,8.2,1014.5,100,0.0
2026-02-25 03:00:00,10.0,3.4,16.7,21,97,9.5,7.4,1013.7,100,0.0
2026-02-25 04:00:00,9.9,2.0,16.2,3,97,9.4,7.4,1013.3,100,0.0
2026-02-25 05:00:00,9.9,3.7,19.9,13,96,9.2,6.8,1013.4,100,0.0
2026-02-25 06:00:00,9.9,3.1,21.5,31,95,9.1,6.5,1013.8,100,0.0
2026-02-25 07:00:00,9.9,0.8,16.5,34,94,9.0,7.2,1013.7,100,0.0
2026-02-25 08:00:00,10.2,0.1,15.5,23,92,9.0,7.7,1014.2,100,15.0
2026-02-25 09:00:00,10.5,0.0,17.9,10,92,9.3,7.7,1014.8,100,43.0
2026-02-25 10:00:00,11.4,0.2,15.4,14,89,9.6,9.1,1014.9,100,107.0
2026-02-25 11:00:00,12.6,0.1,13.6,8,83,9.8,10.5,1015.2,100,192.0
2026-02-25 12:00:00,13.2,0.0,15.2,5,74,8.7,10.7,1015.0,100,212.0
2026-02-25 13:00:00,14.4,0.0,16.2,10,67,8.2,11.6,1014.2,100,309.0
2026-02-25 14:00:00,15.1,0.0,18.1,9,63,8.1,11.9,1014.0,95,314.0
2026-02-25 15:00:00,14.2,0.0,23.2,6,67,8.1,10.3,1014.4,92,429.0
2026-02-25 16:00:00,13.4,0.0,23.3,8,69,7.8,9.4,1015.1,81,301.0
2026-02-25 17:00:00,12.6,0.0,24.6,6,71,7.5,8.3,1015.6,84,187.0
2026-02-25 18:00:00,11.8,0.0,24.3,10,74,7.3,7.5,1016.1,94,45.0
2026-02-25 19:00:00,11.3,0.0,25.2,18,75,7.0,6.9,1016.6,91,0.0
2026-02-25 20:00:00,11.0,0.0,23.1,20,75,6.8,6.8,1017.0,91,0.0
2026-02-25 21:00:00,10.8,0.0,22.5,19,77,6.9,6.7,1017.6,31,0.0
2026-02-25 22:00:00,10.6,0.0,22.3,20,77,6.8,6.6,1017.9,9,0.0
2026-02-25 23:00:00,10.3,0.0,20.5,19,78,6.6,6.4,1017.8,27,0.0
2026-02-26 00:00:00,9.9,0.0,18.5,21,79,6.5,6.3,1017.8,99,0.0
2026-02-26 01:00:00,9.6,0.0,16.4,23,80,6.4,6.4,1017.9,98,0.0
2026-02-26 02:00:00,9.7,0.0,13.5,25,80,6.4,6.8,1017.8,83,0.0
2026-02-26 03:00:00,10.6,0.0,14.9,20,78,6.9,7.6,1017.5,76,0.0
2026-02-26 04:00:00,9.9,0.0,14.0,22,82,6.8,7.0,1017.0,1,0.0
2026-02-26 05:00:00,9.1,0.0,12.7,13,85,6.8,6.5,1017.4,9,0.0
2026-02-26 06:00:00,8.8,0.0,11.6,26,87,6.7,6.2,1017.4,16,0.0
2026-02-26 07:00:00,8.1,0.0,7.5,40,90,6.6,6.2,1018.0,22,1.0
2026-02-26 08:00:00,9.0,0.0,6.6,49,86,6.7,7.2,1018.4,21,78.0
2026-02-26 09:00:00,10.8,0.0,3.8,45,78,7.1,9.4,1018.8,13,249.0
2026-02-26 10:00:00,12.9,0.0,3.8,115,71,7.7,11.7,1018.3,51,412.0
2026-02-26 11:00:00,13.8,0.0,5.9,137,67,7.7,12.3,1017.5,38,532.0
2026-02-26 12:00:00,14.5,0.0,6.8,143,65,8.1,13.8,1016.7,92,682.0
2026-02-26 13:00:00,14.6,0.0,9.6,154,66,8.3,13.7,1015.8,98,718.0
2026-02-26 14:00:00,15.0,0.0,8.9,148,65,8.5,14.0,1014.9,100,669.0
2026-02-26 15:00:00,14.9,0.0,8.3,124,68,9.1,13.6,1014.3,100,569.0
2026-02-26 16:00:00,15.2,0.0,7.1,117,69,9.4,14.0,1014.0,100,399.0
2026-02-26 17:00:00,14.5,0.0,8.0,113,73,9.7,13.3,1013.9,100,198.0
2026-02-26 18:00:00,12.9,0.0,9.5,104,80,9.5,11.4,1014.0,100,57.0
2026-02-26 19:00:00,12.6,0.0,6.7,85,82,9.5,11.5,1014.9,100,0.0
2026-02-26 20:00:00,12.6,0.0,6.9,85,82,9.6,11.4,1014.8,100,0.0
2026-02-26 21:00:00,12.8,0.0,6.9,76,84,10.2,11.9,1015.0,100,0.0
2026-02-26 22:00:00,12.5,0.0,9.4,97,86,10.2,11.2,1014.3,100,0.0
2026-02-26 23:00:00,12.1,0.0,9.0,103,89,10.4,10.8,1014.2,100,0.0
2026-02-27 00:00:00,12.4,0.0,10.8,105,84,9.8,10.8,1014.3,100,0.0
2026-02-27 01:00:00,12.0,0.0,13.7,108,83,9.2,9.8,1013.8,98,0.0
2026-02-27 02:00:00,11.6,0.0,16.6,103,85,9.1,8.9,1013.1,100,0.0
2026-02-27 03:00:00,11.7,0.0,13.0,89,84,9.1,9.6,1012.4,100,0.0
2026-02-27 04:00:00,11.9,0.0,9.2,79,84,9.3,10.4,1012.6,100,0.0
2026-02-27 05:00:00,12.1,0.0,10.3,85,84,9.4,10.5,1012.0,100,0.0
2026-02-27 06:00:00,11.9,0.0,9.2,86,84,9.4,10.5,1011.5,100,0.0
2026-02-27 07:00:00,11.7,0.0,10.5,102,86,9.5,10.0,1011.6,100,1.0
2026-02-27 08:00:00,11.9,0.3,10.1,96,88,9.9,10.4,1011.8,100,21.0
2026-02-27 09:00:00,11.8,0.5,7.8,98,94,10.9,10.9,1012.3,100,56.0
2026-02-27 10:00:00,12.2,0.7,6.2,73,96,11.7,11.9,1012.2,100,77.0
2026-02-27 11:00:00,12.6,1.3,6.4,32,98,12.3,12.4,1011.8,100,95.0
2026-02-27 12:00:00,12.9,2.2,6.5,3,98,12.6,12.8,1011.5,100,78.0
2026-02-27 13:00:00,13.1,2.4,5.8,7,97,12.6,13.1,1010.4,100,102.0
2026-02-27 14:00:00,13.1,2.5,10.0,7,97,12.8,12.6,1010.0,100,94.0
2026-02-27 15:00:00,12.6,2.6,13.9,20,96,11.9,11.1,1010.0,100,38.0
2026-02-27 16:00:00,11.9,4.3,15.8,14,96,11.3,10.1,1009.9,100,30.0
2026-02-27 17:00:00,11.8,3.0,15.6,19,95,11.1,9.8,1009.7,100,15.0
2026-02-27 18:00:00,11.6,1.4,10.9,20,95,10.9,10.4,1009.6,100,9.0
2026-02-27 19:00:00,11.4,1.0,15.0,4,95,10.6,9.4,1010.1,100,0.0
2026-02-27 20:00:00,11.6,0.1,17.7,20,92,10.3,9.1,1010.4,100,0.0
2026-02-27 21:00:00,11.9,0.0,13.0,6,92,10.6,10.1,1011.4,100,0.0
2026-02-27 22:00:00,11.9,0.0,15.3,357,89,10.1,9.6,1012.0,100,0.0
2026-02-27 23:00:00,11.7,0.0,15.2,356,86,9.4,9.3,1012.7,44,0.0
2026-02-28 00:00:00,11.4,0.0,15.5,345,85,8.9,8.8,1013.4,79,0.0
2026-02-28 01:00:00,11.3,0.0,15.1,345,83,8.6,8.7,1014.0,98,0.0
2026-02-28 02:00:00,10.9,0.0,14.8,344,82,7.8,8.1,1014.3,96,0.0
2026-02-28 03:00:00,10.4,0.0,15.9,344,83,7.6,7.4,1014.5,73,0.0
2026-02-28 04:00:00,10.4,0.0,15.9,347,79,6.9,7.3,1014.5,87,0.0
2026-02-28 05:00:00,10.3,0.0,14.9,352,77,6.4,7.2,1015.2,64,0.0
2026-02-28 06:00:00,10.1,0.0,13.8,349,76,5.9,7.0,1016.2,75,0.0
2026-02-28 07:00:00,9.8,0.0,13.7,347,75,5.5,6.7,1017.3,70,1.0
2026-02-28 08:00:00,10.2,0.0,14.2,348,71,5.2,7.0,1018.0,70,64.0
2026-02-28 09:00:00,11.1,0.0,19.0,355,65,4.9,7.1,1018.6,45,195.0
2026-02-28 10:00:00,12.0,0.0,18.5,359,60,4.4,8.0,1019.4,31,413.0
2026-02-28 11:00:00,12.9,0.0,18.6,8,52,3.5,8.7,1019.4,47,530.0
2026-02-28 12:00:00,13.6,0.0,18.1,11,52,4.0,10.1,1018.8,58,664.0
2026-02-28 13:00:00,13.9,0.0,15.9,16,51,4.0,10.9,1018.3,41,688.0
2026-02-28 14:00:00,14.4,0.0,15.2,14,49,3.9,11.3,1017.9,41,650.0
2026-02-28 15:00:00,14.3,0.0,17.0,10,51,4.3,10.6,1017.6,36,576.0
2026-02-28 16:00:00,13.4,0.0,18.9,8,55,4.6,9.3,1018.0,5,403.0
2026-02-28 17:00:00,12.1,0.0,19.9,10,58,4.2,7.8,1018.4,6,267.0
2026-02-28 18:00:00,10.4,0.0,21.2,16,64,4.0,5.9,1019.0,9,81.0
2026-02-28 19:00:00,9.3,0.0,23.7,22,67,3.5,4.3,1019.8,5,0.0
2026-02-28 20:00:00,8.6,0.0,22.5,27,70,3.4,3.8,1020.5,2,0.0
2026-02-28 21:00:00,8.4,0.0,18.9,21,71,3.5,4.2,1020.8,5,0.0
2026-02-28 22:00:00,8.2,0.0,18.0,23,70,3.2,4.0,1021.3,3,0.0
2026-02-28 23:00:00,7.8,0.0,16.2,29,70,2.8,3.8,1021.6,0,0.0
2026-03-01 00:00:00,7.1,0.0,13.6,35,71,2.2,3.3,1022.0,0,0.0
2026-03-01 01:00:00,6.2,0.0,10.4,37,73,1.7,2.8,1022.3,0,0.0
2026-03-01 02:00:00,5.3,0.0,8.8,11,75,1.3,2.2,1022.5,0,0.0
2026-03-01 03:00:00,5.2,0.0,8.0,350,77,1.5,2.1,1022.8,0,0.0
2026-03-01 04:00:00,4.9,0.0,8.0,350,80,1.8,1.9,1023.0,0,0.0
2026-03-01 05:00:00,5.1,0.0,7.9,4,81,2.1,2.1,1023.0,0,0.0
2026-03-01 06:00:00,5.1,0.0,8.4,37,80,2.0,2.1,1022.8,1,0.0
2026-03-01 07:00:00,4.7,0.0,7.7,51,80,1.5,1.6,1022.8,38,2.0
2026-03-01 08:00:00,5.6,0.0,6.9,59,77,1.8,2.7,1023.3,6,95.0
2026-03-01 09:00:00,7.6,0.0,5.7,81,69,2.3,5.0,1023.1,10,292.0
2026-03-01 10:00:00,9.4,0.0,6.9,174,62,2.5,6.7,1022.8,20,482.0
2026-03-01 11:00:00,10.6,0.0,8.8,161,57,2.5,8.2,1022.1,48,636.0
2026-03-01 12:00:00,11.3,0.0,8.9,146,54,2.4,9.3,1021.1,55,727.0
2026-03-01 13:00:00,11.7,0.0,7.8,158,56,3.2,10.2,1020.1,27,746.0
2026-03-01 14:00:00,12.1,0.0,9.4,188,56,3.7,10.2,1019.6,5,726.0
2026-03-01 15:00:00,12.1,0.0,10.8,237,57,3.8,9.5,1020.1,15,626.0
2026-03-01 16:00:00,13.3,0.0,8.9,264,54,4.1,10.6,1020.1,100,467.0
2026-03-01 17:00:00,13.2,0.0,10.1,335,61,6.0,10.8,1020.1,100,270.0
2026-03-01 18:00:00,11.4,0.0,14.7,6,68,5.8,8.3,1020.4,100,75.0
2026-03-01 19:00:00,10.1,0.0,14.8,357,75,5.8,6.8,1020.9,100,1.0
2026-03-01 20:00:00,9.7,0.0,17.5,12,78,6.1,6.2,1020.8,100,0.0
2026-03-01 21:00:00,9.4,0.0,15.9,10,81,6.2,6.1,1020.6,100,0.0
2026-03-01 22:00:00,9.4,0.0,15.8,17,79,6.1,6.2,1020.7,100,0.0
2026-03-01 23:00:00,9.2,0.0,14.8,26,79,5.7,6.0,1020.4,100,0.0
2026-03-02 00:00:00,8.4,0.0,10.9,31,81,5.2,5.6,1019.9,100,0.0
2026-03-02 01:00:00,7.8,0.0,4.7,40,82,5.1,6.0,1019.9,100,0.0
2026-03-02 02:00:00,7.2,0.0,3.7,39,87,5.1,5.4,1020.0,100,0.0
2026-03-02 03:00:00,7.4,0.0,4.9,24,87,5.5,5.6,1019.9,100,0.0
2026-03-02 04:00:00,7.4,0.0,5.7,37,89,5.7,5.5,1019.5,100,0.0
2026-03-02 05:00:00,7.6,0.0,5.1,51,87,5.6,5.8,1019.5,100,0.0
2026-03-02 06:00:00,7.0,0.0,4.4,55,87,5.0,5.1,1018.9,100,0.0
2026-03-02 07:00:00,8.0,0.0,1.6,6,82,5.1,6.6,1019.5,100,1.0
2026-03-02 08:00:00,9.4,0.0,7.0,61,74,4.9,7.1,1019.2,100,39.0
2026-03-02 09:00:00,10.9,0.0,2.5,111,69,5.4,9.4,1018.9,100,103.0
2026-03-02 10:00:00,12.2,0.0,5.2,119,60,4.7,10.2,1018.2,100,317.0
2026-03-02 11:00:00,12.8,0.0,8.2,126,60,5.2,10.4,1017.9,100,291.0
2026-03-02 12:00:00,12.2,0.2,7.5,130,66,6.2,10.2,1017.8,100,186.0
2026-03-02 13:00:00,10.9,0.9,7.3,130,92,9.7,9.8,1016.9,100,121.0
2026-03-02 14:00:00,10.7,2.0,3.6,120,94,9.8,10.1,1016.1,100,84.0
2026-03-02 15:00:00,10.4,2.5,5.4,92,96,9.8,9.5,1015.5,100,46.0
2026-03-02 16:00:00,10.7,2.1,9.3,72,95,10.0,9.4,1014.2,100,44.0
2026-03-02 17:00:00,10.7,1.0,8.8,121,95,9.9,9.4,1013.5,100,38.0
2026-03-02 18:00:00,10.1,1.3,11.9,92,94,9.1,8.1,1013.0,100,6.0
2026-03-02 19:00:00,9.5,0.8,14.8,94,93,8.4,6.9,1012.2,100,0.0
2026-03-02 20:00:00,9.2,0.9,14.7,83,92,7.9,6.5,1011.8,100,0.0
2026-03-02 21:00:00,9.7,0.6,17.1,92,91,8.4,6.8,1011.4,100,0.0
2026-03-02 22:00:00,9.6,0.6,20.4,78,93,8.5,6.3,1010.4,100,0.0
2026-03-02 23:00:00,9.6,1.9,16.6,72,93,8.6,6.8,1009.8,100,0.0
2026-03-03 00:00:00,9.9,0.7,19.6,77,93,8.8,6.8,1008.7,100,0.0
2026-03-03 01:00:00,10.0,0.9,14.1,344,94,9.1,7.7,1009.3,100,0.0
2026-03-03 02:00:00,10.0,6.4,17.9,355,95,9.2,7.2,1009.2,100,0.0
2026-03-03 03:00:00,10.4,4.2,21.4,15,94,9.4,7.1,1008.4,100,0.0
2026-03-03 04:00:00,9.9,2.0,21.6,19,93,8.9,6.5,1008.3,100,0.0
2026-03-03 05:00:00,9.5,2.9,20.1,40,93,8.4,6.2,1008.9,100,0.0
2026-03-03 06:00:00,9.4,2.7,10.1,338,93,8.4,7.5,1009.0,100,0.0
2026-03-03 07:00:00,9.4,1.1,7.3,324,94,8.5,7.9,1009.6,95,1.0
2026-03-03 08:00:00,10.2,0.0,14.3,342,91,8.9,7.9,1010.0,55,58.0
2026-03-03 09:00:00,11.9,0.0,21.4,349,82,8.9,8.5,1011.1,79,206.0
2026-03-03 10:00:00,13.6,0.0,26.7,358,68,7.8,9.1,1011.4,95,354.0
2026-03-03 11:00:00,14.6,0.0,25.2,359,63,7.7,10.3,1011.6,100,424.0
2026-03-03 12:00:00,14.4,0.1,23.6,356,65,7.8,10.4,1011.9,100,383.0
2026-03-03 13:00:00,14.5,0.1,25.1,354,65,7.9,10.3,1012.1,99,438.0
2026-03-03 14:00:00,13.5,0.0,25.6,352,68,7.7,9.2,1012.1,99,334.0
2026-03-03 15:00:00,12.9,0.0,27.1,352,68,7.1,8.2,1013.1,94,286.0
2026-03-03 16:00:00,12.6,0.0,28.7,352,68,6.9,7.6,1014.0,100,267.0
2026-03-03 17:00:00,11.4,0.0,25.2,348,73,6.7,6.9,1015.6,100,112.0
2026-03-03 18:00:00,10.9,0.0,20.6,351,75,6.6,7.0,1016.8,100,37.0
2026-03-03 19:00:00,10.4,0.0,18.3,350,75,6.1,6.7,1017.6,100,0.0
2026-03-03 20:00:00,10.2,0.0,15.2,350,73,5.6,6.9,1018.3,72,0.0
2026-03-03 21:00:00,10.4,0.0,14.7,340,71,5.4,7.1,1019.5,100,0.0
2026-03-03 22:00:00,10.4,0.0,14.9,348,68,4.8,6.9,1019.8,100,0.0
2026-03-03 23:00:00,9.9,0.0,13.3,347,68,4.3,6.7,1019.8,87,0.0
2026-03-04 00:00:00,9.8,0.0,12.8,344,67,4.0,6.5,1019.7,76,0.0
2026-03-04 01:00:00,9.9,0.0,13.7,343,65,3.5,6.3,1020.2,100,0.0
2026-03-04 02:00:00,9.6,0.0,12.4,341,65,3.4,6.2,1020.4,41,0.0
2026-03-04 03:00:00,9.6,0.0,12.9,342,66,3.6,6.3,1020.6,98,0.0
2026-03-04 04:00:00,9.5,0.0,13.1,342,67,3.6,6.1,1020.6,97,0.0
2026-03-04 05:00:00,9.3,0.0,13.3,347,66,3.3,5.8,1020.8,98,0.0
2026-03-04 06:00:00,9.1,0.0,12.9,352,68,3.4,5.7,1020.7,84,0.0
2026-03-04 07:00:00,9.1,0.0,12.3,349,65,2.9,5.6,1021.2,98,2.0
2026-03-04 08:00:00,9.4,0.0,13.7,347,64,3.0,5.8,1021.8,96,46.0
2026-03-04 09:00:00,10.1,0.0,14.8,344,59,2.5,6.3,1022.1,82,134.0
2026-03-04 10:00:00,10.7,0.0,18.8,347,57,2.6,6.3,1022.1,86,223.0
2026-03-04 11:00:00,11.6,0.0,17.7,343,53,2.4,7.4,1021.9,100,407.0
2026-03-04 12:00:00,11.9,0.0,17.4,340,52,2.2,7.6,1021.8,91,381.0
2026-03-04 13:00:00,12.4,0.0,18.3,334,48,1.6,7.9,1021.3,80,480.0
2026-03-04 14:00:00,12.3,0.0,18.4,339,48,1.7,7.8,1021.1,91,493.0
2026-03-04 15:00:00,11.9,0.0,15.9,342,50,1.9,7.8,1020.8,57,388.0
2026-03-04 16:00:00,11.6,0.0,17.1,343,51,1.8,7.3,1021.0,98,298.0
2026-03-04 17:00:00,10.6,0.0,18.9,353,55,2.0,6.1,1021.6,83,165.0
2026-03-04 18:00:00,9.6,0.0,15.5,360,62,2.6,5.7,1022.0,13,53.0
2026-03-04 19:00:00,8.4,0.0,11.0,6,69,3.0,5.2,1022.4,35,1.0
2026-03-04 20:00:00,8.1,0.0,10.4,20,69,2.7,4.9,1022.8,9,0.0
2026-03-04 21:00:00,7.7,0.0,8.0,31,71,2.7,4.8,1023.7,16,0.0
2026-03-04 22:00:00,6.0,0.0,4.8,37,80,2.8,3.6,1024.0,19,0.0
2026-03-04 23:00:00,4.8,0.0,3.5,9,83,2.0,2.5,1024.0,28,0.0
2026-03-05 00:00:00,4.1,0.0,4.5,346,86,2.0,1.7,1024.1,93,0.0
2026-03-05 01:00:00,3.4,0.0,3.6,340,88,1.6,1.0,1024.3,95,0.0
2026-03-05 02:00:00,3.2,0.0,3.2,357,88,1.5,0.9,1024.6,96,0.0
2026-03-05 03:00:00,4.2,0.0,4.8,15,85,2.0,1.7,1023.9,27,0.0
2026-03-05 04:00:00,3.3,0.0,5.7,44,85,0.9,0.5,1023.5,68,0.0
2026-03-05 05:00:00,3.0,0.0,5.3,72,84,0.6,0.2,1023.6,41,0.0
2026-03-05 06:00:00,3.3,0.0,4.2,97,83,0.6,0.7,1023.8,91,0.0
2026-03-05 07:00:00,4.1,0.0,1.7,77,81,1.1,1.9,1024.7,78,3.0
2026-03-05 08:00:00,6.7,0.0,3.6,57,75,2.5,4.4,1025.3,18,110.0
2026-03-05 09:00:00,8.6,0.0,1.7,41,63,2.0,6.6,1026.0,100,306.0
2026-03-05 10:00:00,9.9,0.0,4.4,99,56,1.6,7.3,1025.6,100,467.0
2026-03-05 11:00:00,10.8,0.0,6.3,129,53,1.6,8.4,1025.1,95,616.0
2026-03-05 12:00:00,11.1,0.0,8.0,164,55,2.5,9.3,1024.6,0,728.0
2026-03-05 13:00:00,11.1,0.0,10.8,180,59,3.3,9.3,1024.0,1,782.0
2026-03-05 14:00:00,11.0,0.0,11.9,183,58,3.2,8.8,1022.7,2,744.0
2026-03-05 15:00:00,11.4,0.0,7.3,171,55,2.5,9.1,1022.1,0,642.0
2026-03-05 16:00:00,11.6,0.0,8.0,162,53,2.2,8.6,1021.8,11,483.0
2026-03-05 17:00:00,11.0,0.0,8.3,138,56,2.7,8.1,1021.4,7,286.0
2026-03-05 18:00:00,9.6,0.0,7.6,144,68,4.0,7.0,1021.8,2,91.0
2026-03-05 19:00:00,8.6,0.0,9.2,102,75,4.4,6.0,1022.1,93,1.0
2026-03-05 20:00:00,8.8,0.0,9.9,85,75,4.7,6.0,1022.0,84,0.0
2026-03-05 21:00:00,9.2,0.0,9.6,74,73,4.8,6.6,1022.1,88,0.0
2026-03-05 22:00:00,9.2,0.0,12.1,91,75,5.1,6.2,1021.7,2,0.0
2026-03-05 23:00:00,8.6,0.0,13.4,96,79,5.3,5.5,1020.9,91,0.0
2026-03-06 00:00:00,9.8,0.0,14.3,114,75,5.6,6.6,1020.0,5,0.0
2026-03-06 01:00:00,9.2,0.0,17.6,106,77,5.4,5.5,1019.5,86,0.0
2026-03-06 02:00:00,9.6,0.0,18.4,94,74,5.2,5.8,1019.0,73,0.0
2026-03-06 03:00:00,9.2,0.0,18.4,92,77,5.5,5.5,1018.2,95,0.0
2026-03-06 04:00:00,9.4,0.0,20.0,91,78,5.8,5.5,1017.3,34,0.0
2026-03-06 05:00:00,9.3,0.6,18.6,84,82,6.4,5.7,1017.1,100,0.0
2026-03-06 06:00:00,9.1,3.1,15.8,82,92,7.8,6.2,1016.9,100,0.0
2026-03-06 07:00:00,9.6,1.3,16.7,97,94,8.8,6.9,1016.2,100,1.0
2026-03-06 08:00:00,9.6,1.5,8.7,82,95,8.9,8.1,1017.2,100,11.0
2026-03-06 09:00:00,9.4,5.0,13.0,56,95,8.7,7.2,1018.2,100,20.0
2026-03-06 10:00:00,9.1,6.0,14.2,91,97,8.7,6.7,1018.2,100,43.0
2026-03-06 11:00:00,9.6,3.2,10.3,101,97,9.1,7.9,1018.5,100,78.0
2026-03-06 12:00:00,10.2,2.5,5.7,99,99,10.0,9.4,1017.9,100,102.0
2026-03-06 13:00:00,10.6,2.4,4.1,146,97,10.1,10.0,1017.3,100,93.0
2026-03-06 14:00:00,10.4,2.0,10.3,169,98,10.1,9.0,1016.7,100,109.0
2026-03-06 15:00:00,10.6,2.1,7.8,203,97,10.1,9.5,1016.8,100,90.0
2026-03-06 16:00:00,10.4,0.9,11.8,261,96,9.8,8.7,1016.8,100,87.0
2026-03-06 17:00:00,10.2,0.3,16.6,309,91,8.9,7.5,1017.4,100,61.0
2026-03-06 18:00:00,9.6,0.0,18.0,310,86,7.5,6.4,1017.6,5,31.0
2026-03-06 19:00:00,8.4,0.0,16.9,315,83,5.6,4.8,1018.5,3,1.0
2026-03-06 20:00:00,7.5,0.0,11.6,323,84,5.0,4.6,1018.5,14,0.0
2026-03-06 21:00:00,7.8,0.0,7.9,283,79,4.3,5.3,1018.8,55,0.0
2026-03-06 22:00:00,8.1,0.0,7.1,254,81,5.1,5.8,1019.1,52,0.0
2026-03-06 23:00:00,8.1,0.0,9.0,271,80,4.9,5.5,1019.1,57,0.0
2026-03-07 00:00:00,8.0,0.0,11.9,295,71,3.0,4.7,1019.1,60,0.0
2026-03-07 01:00:00,7.5,0.0,13.8,313,70,2.3,3.8,1019.4,70,0.0
2026-03-07 02:00:00,7.3,0.0,18.3,317,58,-0.4,2.5,1020.0,45,0.0
2026-03-07 03:00:00,7.2,0.0,16.6,309,56,-1.1,2.4,1020.0,2,0.0
2026-03-07 04:00:00,6.8,0.0,16.0,301,60,-0.3,2.3,1020.4,92,0.0
2026-03-07 05:00:00,6.8,0.0,15.7,317,61,-0.3,2.3,1020.6,71,0.0
2026-03-07 06:00:00,6.1,0.0,13.8,332,65,-0.1,1.9,1021.1,49,0.0
2026-03-07 07:00:00,5.2,0.0,13.2,332,67,-0.4,1.1,1021.2,3,4.0
2026-03-07 08:00:00,6.2,0.0,10.8,314,67,0.5,2.6,1022.3,100,120.0
2026-03-07 09:00:00,7.7,0.0,15.5,317,56,-0.6,3.2,1023.3,100,297.0
2026-03-07 10:00:00,8.3,0.0,16.3,307,51,-1.2,3.6,1023.7,100,306.0
2026-03-07 11:00:00,8.8,0.0,16.8,300,48,-1.5,4.0,1023.4,98,394.0
2026-03-07 12:00:00,9.6,0.0,19.3,292,44,-1.9,4.7,1023.0,76,610.0
2026-03-07 13:00:00,9.6,0.0,22.0,293,46,-1.5,4.7,1022.7,73,681.0
2026-03-07 14:00:00,9.4,0.0,22.1,293,46,-1.5,4.3,1022.2,55,646.0
2026-03-07 15:00:00,9.4,0.0,21.9,286,45,-2.0,3.8,1021.9,80,556.0
2026-03-07 16:00:00,8.8,0.0,21.5,291,47,-2.0,3.2,1021.9,57,392.0
2026-03-07 17:00:00,8.1,0.0,20.3,294,49,-2.0,2.8,1022.2,45,268.0
2026-03-07 18:00:00,7.1,0.0,17.5,302,53,-1.9,2.2,1022.7,4,86.0
2026-03-07 19:00:00,5.9,0.0,13.1,314,60,-1.4,1.7,1023.0,7,2.0
2026-03-07 20:00:00,5.2,0.0,10.4,309,66,-0.6,1.4,1023.4,5,0.0
2026-03-07 21:00:00,5.6,0.0,12.2,317,65,-0.4,1.6,1024.0,7,0.0
2026-03-07 22:00:00,5.2,0.0,9.0,325,64,-1.0,1.7,1024.6,16,0.0
2026-03-07 23:00:00,5.1,0.0,8.3,336,63,-1.5,1.5,1025.0,3,0.0
2026-03-08 00:00:00,3.8,0.0,5.5,324,67,-1.7,0.6,1024.9,5,0.0
2026-03-08 01:00:00,4.1,0.0,7.1,353,66,-1.6,0.7,1024.8,11,0.0
2026-03-08 02:00:00,4.0,0.0,9.3,24,66,-1.9,0.3,1024.8,8,0.0
2026-03-08 03:00:00,3.8,0.0,2.7,8,74,-0.4,1.3,1025.4,99,0.0
2026-03-08 04:00:00,3.8,0.0,3.2,63,74,-0.5,1.1,1025.4,84,0.0
2026-03-08 05:00:00,4.4,0.0,6.7,76,72,-0.1,1.3,1025.9,84,0.0
2026-03-08 06:00:00,4.3,0.0,4.8,63,76,0.5,1.6,1026.0,80,0.0
2026-03-08 07:00:00,4.0,0.0,3.3,61,81,0.9,1.5,1025.8,77,4.0
2026-03-08 08:00:00,5.9,0.0,3.8,71,72,1.1,3.4,1026.1,87,78.0
2026-03-08 09:00:00,6.9,0.0,5.5,77,66,1.0,4.1,1026.4,72,243.0
2026-03-08 10:00:00,8.4,0.1,3.6,20,56,0.1,5.8,1027.1,100,466.0
2026-03-08 11:00:00,9.0,0.1,2.8,285,52,-0.3,6.4,1026.7,100,412.0
2026-03-08 12:00:00,9.6,0.0,5.6,255,50,-0.4,6.7,1026.1,100,457.0
2026-03-08 13:00:00,10.2,0.0,11.2,222,55,1.6,7.4,1025.1,84,666.0
2026-03-08 14:00:00,9.6,0.0,15.1,211,61,2.4,6.2,1024.6,100,637.0
2026-03-08 15:00:00,10.6,0.0,12.8,218,56,2.2,7.3,1023.8,100,613.0
2026-03-08 16:00:00,10.9,0.0,11.8,242,53,1.6,7.3,1023.4,100,374.0
2026-03-08 17:00:00,10.6,0.0,12.9,290,49,0.2,6.6,1023.7,100,247.0
2026-03-08 18:00:00,8.7,0.0,12.9,344,55,0.2,4.7,1024.4,100,82.0
2026-03-08 19:00:00,7.1,0.0,10.8,359,62,0.2,3.4,1024.7,100,2.0
2026-03-08 20:00:00,6.1,0.0,10.3,4,65,0.1,2.5,1024.8,100,0.0
2026-03-08 21:00:00,5.7,0.0,8.5,2,68,0.2,2.3,1024.7,99,0.0
2026-03-08 22:00:00,5.2,0.0,8.5,359,69,0.1,1.9,1025.1,82,0.0
2026-03-08 23:00:00,4.7,0.0,8.4,15,71,-0.2,1.3,1025.5,70,0.0
2026-03-09 00:00:00,4.1,0.0,8.9,32,70,-0.9,0.5,1025.0,15,0.0
2026-03-09 01:00:00,3.7,0.0,6.5,24,69,-1.5,0.4,1025.2,18,0.0
2026-03-09 02:00:00,2.8,0.0,2.3,32,73,-1.6,0.0,1024.4,52,0.0
2026-03-09 03:00:00,2.5,0.0,2.7,20,79,-0.9,-0.2,1024.0,8,0.0
2026-03-09 04:00:00,1.9,0.0,2.5,30,81,-1.0,-0.7,1024.0,52,0.0
2026-03-09 05:00:00,2.8,0.0,3.8,49,78,-0.6,0.0,1024.1,26,0.0
2026-03-09 06:00:00,3.0,0.0,7.7,59,75,-1.0,-0.4,1023.9,61,0.0
2026-03-09 07:00:00,3.3,0.0,7.8,56,70,-1.7,-0.2,1023.6,26,6.0
2026-03-09 08:00:00,5.8,0.0,6.4,82,63,-0.7,2.7,1023.7,98,105.0
2026-03-09 09:00:00,7.6,0.0,5.0,120,69,2.2,5.1,1024.2,100,273.0
2026-03-09 10:00:00,8.7,0.0,6.8,158,70,3.5,6.2,1024.0,98,360.0
2026-03-09 11:00:00,9.9,0.0,5.7,169,65,3.7,7.7,1023.6,95,564.0
2026-03-09 12:00:00,10.8,0.0,5.0,226,61,3.5,8.7,1022.9,100,570.0
2026-03-09 13:00:00,11.6,0.1,12.5,281,53,2.4,8.1,1022.1,100,484.0
2026-03-09 14:00:00,12.0,0.0,20.2,287,48,1.4,7.2,1021.0,34,552.0
2026-03-09 15:00:00,11.4,0.0,20.7,290,47,0.3,6.4,1020.7,6,577.0
2026-03-09 16:00:00,11.0,0.0,18.6,286,43,-1.0,6.0,1020.6,0,457.0
2026-03-09 17:00:00,10.2,0.0,19.8,300,43,-1.8,4.9,1020.7,31,306.0
2026-03-09 18:00:00,8.9,0.0,18.4,311,53,-0.2,4.0,1021.7,78,86.0
2026-03-09 19:00:00,8.2,0.0,14.8,317,57,0.1,3.9,1022.2,23,2.0
2026-03-09 20:00:00,6.9,0.0,10.1,316,65,0.8,3.4,1022.7,41,0.0
2026-03-09 21:00:00,6.5,0.0,9.7,326,65,0.4,3.0,1023.2,30,0.0
2026-03-09 22:00:00,5.9,0.0,8.7,338,69,0.6,2.6,1023.5,9,0.0
2026-03-09 23:00:00,5.6,0.0,14.0,348,70,0.6,1.5,1023.7,14,0.0
2026-03-10 00:00:00,5.2,0.0,12.7,328,74,0.9,1.3,1023.8,29,0.0
2026-03-10 01:00:00,4.8,0.0,9.7,320,76,0.9,1.5,1023.5,23,0.0
2026-03-10 02:00:00,5.1,0.0,11.8,336,76,1.1,1.4,1023.6,13,0.0
2026-03-10 03:00:00,4.4,0.0,12.8,4,83,1.8,0.7,1024.1,16,0.0
2026-03-10 04:00:00,4.1,0.0,11.5,2,84,1.6,0.5,1024.4,4,0.0
2026-03-10 05:00:00,3.8,0.0,11.4,6,85,1.5,0.3,1024.8,4,0.0
2026-03-10 06:00:00,3.4,0.0,10.0,8,86,1.4,0.0,1024.8,5,0.0
2026-03-10 07:00:00,3.5,0.0,8.7,7,85,1.1,0.2,1024.9,4,7.0
2026-03-10 08:00:00,5.2,0.0,5.9,20,78,1.6,2.4,1025.5,7,127.0
2026-03-10 09:00:00,7.4,0.0,4.7,47,64,1.1,4.8,1026.2,20,329.0
2026-03-10 10:00:00,9.0,0.1,9.0,6,51,-0.6,5.5,1026.2,75,497.0
2026-03-10 11:00:00,9.8,0.1,10.4,343,44,-2.0,5.9,1026.3,98,455.0
2026-03-10 12:00:00,10.4,0.0,12.2,351,39,-3.0,6.1,1025.9,86,507.0
2026-03-10 13:00:00,11.2,0.0,11.5,350,38,-2.8,7.7,1025.1,75,669.0
2026-03-10 14:00:00,11.4,0.0,9.0,345,37,-2.7,8.5,1024.5,73,701.0
2026-03-10 15:00:00,10.4,0.0,2.7,266,42,-2.0,8.0,1024.4,74,618.0
2026-03-10 16:00:00,10.6,0.0,4.2,335,41,-2.2,7.5,1024.2,28,469.0
2026-03-10 17:00:00,9.9,0.0,8.5,356,41,-2.6,6.2,1024.2,14,288.0
2026-03-10 18:00:00,8.4,0.0,12.1,4,50,-1.4,4.3,1024.6,9,102.0
2026-03-10 19:00:00,6.8,0.0,12.4,2,57,-1.0,2.7,1024.9,3,3.0
2026-03-10 20:00:00,5.8,0.0,12.8,11,59,-1.6,1.5,1025.0,0,0.0
2026-03-10 21:00:00,4.9,0.0,10.1,20,61,-1.9,1.0,1025.0,0,0.0
2026-03-10 22:00:00,4.1,0.0,9.2,17,64,-2.0,0.3,1025.2,0,0.0
2026-03-10 23:00:00,3.0,0.0,5.7,13,71,-1.9,-0.3,1025.2,0,0.0
2026-03-11 00:00:00,2.3,0.0,6.0,17,73,-2.0,-1.0,1025.2,0,0.0
2026-03-11 01:00:00,1.9,0.0,4.9,24,74,-2.3,-1.3,1025.2,0,0.0
2026-03-11 02:00:00,1.9,0.0,4.5,23,71,-2.8,-1.3,1025.3,0,0.0
2026-03-11 03:00:00,2.8,0.0,4.8,27,65,-3.2,-0.5,1025.1,0,0.0
2026-03-11 04:00:00,3.2,0.0,4.9,36,60,-3.7,-0.1,1025.2,0,0.0
2026-03-11 05:00:00,3.3,0.0,5.6,33,61,-3.5,-0.1,1025.4,0,0.0
2026-03-11 06:00:00,3.0,0.0,6.6,33,64,-3.2,-0.5,1025.5,0,0.0
2026-03-11 07:00:00,3.0,0.0,7.6,34,64,-3.2,-0.7,1025.5,1,8.0
2026-03-11 08:00:00,5.0,0.0,7.6,47,60,-2.1,1.5,1025.8,5,136.0
2026-03-11 09:00:00,6.6,0.0,5.9,90,54,-2.0,3.3,1026.3,27,340.0
2026-03-11 10:00:00,8.2,0.0,8.4,124,52,-1.0,4.7,1026.2,55,517.0
2026-03-11 11:00:00,9.2,0.0,8.8,134,52,-0.2,6.4,1025.7,34,666.0
2026-03-11 12:00:00,9.9,0.0,9.2,141,50,0.0,7.6,1025.1,63,759.0
2026-03-11 13:00:00,10.4,0.0,7.6,146,49,-0.1,8.6,1024.1,52,797.0
2026-03-11 14:00:00,10.6,0.0,6.4,155,47,-0.2,8.9,1022.9,5,765.0
2026-03-11 15:00:00,10.9,0.0,6.6,169,47,-0.1,8.5,1022.3,10,672.0
2026-03-11 16:00:00,10.9,0.0,7.6,185,48,0.2,7.7,1021.9,12,501.0
2026-03-11 17:00:00,10.6,0.0,5.6,239,50,0.6,7.7,1022.0,16,302.0
2026-03-11 18:00:00,8.9,0.0,3.7,313,66,2.8,6.7,1022.3,21,104.0
2026-03-11 19:00:00,7.9,0.0,10.8,5,65,1.8,4.5,1022.7,27,3.0
2026-03-11 20:00:00,6.8,0.0,11.9,15,67,1.1,3.1,1023.0,2,0.0
2026-03-11 21:00:00,6.7,0.0,10.7,17,64,0.4,3.0,1023.4,100,0.0
2026-03-11 22:00:00,6.5,0.0,8.5,18,66,0.6,3.2,1023.6,99,0.0
2026-03-11 23:00:00,5.8,0.0,6.6,13,71,0.9,2.9,1023.5,23,0.0
2026-03-12 00:00:00,5.1,0.0,6.6,16,74,0.9,2.2,1023.4,91,0.0
2026-03-12 01:00:00,4.8,0.0,6.9,28,74,0.6,1.8,1023.2,100,0.0
2026-03-12 02:00:00,4.8,0.0,6.5,34,74,0.4,1.7,1023.2,87,0.0
2026-03-12 03:00:00,4.1,0.0,7.1,24,74,-0.1,0.9,1023.1,41,0.0
2026-03-12 04:00:00,3.7,0.0,7.1,24,73,-0.6,0.4,1022.7,0,0.0
2026-03-12 05:00:00,3.2,0.0,6.0,27,74,-1.1,-0.0,1022.7,0,0.0
2026-03-12 06:00:00,2.0,0.0,4.5,29,78,-1.5,-1.0,1022.7,0,0.0
2026-03-12 07:00:00,2.0,0.0,3.5,28,77,-1.5,-0.9,1022.8,0,9.0
2026-03-12 08:00:00,5.8,0.0,4.0,69,70,0.8,3.3,1022.9,2,135.0
2026-03-12 09:00:00,8.6,0.0,4.1,157,51,-1.1,5.7,1023.5,18,338.0
2026-03-12 10:00:00,9.9,0.0,5.1,174,46,-1.2,6.9,1023.3,4,530.0
2026-03-12 11:00:00,10.9,0.0,8.5,186,45,-0.8,8.2,1022.8,4,682.0
2026-03-12 12:00:00,11.1,0.0,11.0,199,45,-0.2,8.6,1022.0,16,763.0
2026-03-12 13:00:00,11.2,0.0,12.4,216,45,-0.3,8.4,1021.0,20,755.0
2026-03-12 14:00:00,11.6,0.0,10.1,205,47,0.6,9.1,1020.2,12,722.0
2026-03-12 15:00:00,11.9,0.0,2.1,195,50,1.9,10.2,1019.6,22,621.0
2026-03-12 16:00:00,12.3,0.0,13.0,356,43,0.0,8.3,1019.5,16,472.0
2026-03-12 17:00:00,11.1,0.0,21.8,2,46,0.0,5.8,1019.7,2,293.0
2026-03-12 18:00:00,9.6,0.0,17.6,6,53,0.4,5.0,1020.1,1,107.0
2026-03-12 19:00:00,8.4,0.0,17.8,11,58,0.6,3.7,1020.2,1,3.0
2026-03-12 20:00:00,7.3,0.0,16.2,15,62,0.6,3.0,1020.7,2,0.0
2026-03-12 21:00:00,7.8,0.0,18.4,14,53,-1.1,2.8,1021.5,3,0.0
2026-03-12 22:00:00,7.3,0.0,20.2,23,49,-2.8,1.8,1022.0,28,0.0
2026-03-12 23:00:00,6.7,0.0,18.4,33,47,-4.0,1.3,1022.5,4,0.0
2026-03-13 00:00:00,5.8,0.0,15.3,24,51,-3.6,0.9,1022.8,16,0.0
2026-03-13 01:00:00,5.3,0.0,15.1,15,54,-3.3,0.5,1023.1,12,0.0
2026-03-13 02:00:00,5.2,0.0,16.1,18,54,-3.3,0.3,1023.1,3,0.0
2026-03-13 03:00:00,5.6,0.0,18.5,11,53,-3.2,0.3,1022.6,2,0.0
2026-03-13 04:00:00,5.5,0.0,19.1,16,57,-2.2,0.3,1022.5,5,0.0
2026-03-13 05:00:00,5.1,0.0,20.4,14,66,-0.8,-0.2,1023.1,44,0.0
2026-03-13 06:00:00,4.8,0.0,20.3,14,68,-0.6,-0.3,1023.2,34,0.0
2026-03-13 07:00:00,4.9,0.0,18.9,14,71,0.0,0.0,1023.7,13,10.0
2026-03-13 08:00:00,5.9,0.0,14.1,17,67,0.2,1.8,1024.5,17,139.0
2026-03-13 09:00:00,7.3,0.0,10.3,27,61,0.3,3.8,1025.1,59,340.0
2026-03-13 10:00:00,8.6,0.0,17.5,14,51,-1.0,3.8,1025.0,43,499.0
2026-03-13 11:00:00,9.6,0.0,18.7,11,47,-1.2,4.8,1024.8,25,602.0
2026-03-13 12:00:00,10.6,0.0,20.8,12,37,-3.5,6.0,1024.2,58,765.0
2026-03-13 13:00:00,10.2,0.0,24.7,13,36,-4.2,4.7,1023.7,14,716.0
2026-03-13 14:00:00,10.2,0.0,27.6,14,34,-5.1,4.4,1023.3,20,767.0
2026-03-13 15:00:00,8.9,0.0,27.9,11,42,-3.4,2.6,1023.8,19,632.0
2026-03-13 16:00:00,8.1,0.0,26.7,8,45,-3.2,1.7,1024.0,28,505.0
2026-03-13 17:00:00,7.4,0.0,23.9,10,46,-3.5,1.3,1024.3,48,298.0
2026-03-13 18:00:00,6.7,0.0,22.4,13,54,-2.0,1.0,1024.9,23,104.0
2026-03-13 19:00:00,5.9,0.0,18.2,14,58,-1.6,0.9,1025.3,10,3.0
2026-03-13 20:00:00,5.7,0.0,12.2,26,56,-2.3,1.5,1025.8,10,0.0
2026-03-13 21:00:00,5.3,0.0,14.0,18,60,-1.8,0.9,1026.5,8,0.0
2026-03-13 22:00:00,5.4,0.0,14.9,17,59,-2.0,0.9,1026.7,73,0.0
2026-03-13 23:00:00,5.8,0.0,16.7,14,58,-1.8,1.0,1026.5,1,0.0
2026-03-14 00:00:00,6.2,0.0,18.0,12,57,-1.6,1.2,1026.0,52,0.0
2026-03-14 01:00:00,6.0,0.0,19.0,10,59,-1.4,0.9,1025.4,9,0.0
2026-03-14 02:00:00,6.1,0.0,17.4,7,59,-1.3,1.2,1025.4,17,0.0
2026-03-14 03:00:00,5.9,0.0,15.0,17,60,-1.4,1.4,1025.0,48,0.0
2026-03-14 04:00:00,6.2,0.0,12.2,28,60,-1.1,2.1,1025.1,31,0.0
2026-03-14 05:00:00,6.6,0.0,10.3,38,59,-1.0,2.8,1025.2,34,0.0
2026-03-14 06:00:00,6.1,0.0,8.8,35,62,-0.6,2.6,1025.7,34,0.0
2026-03-14 07:00:00,5.4,0.0,3.1,28,69,0.3,2.9,1026.4,39,10.0
2026-03-14 08:00:00,7.8,0.0,1.3,74,58,0.1,5.5,1026.9,100,114.0
2026-03-14 09:00:00,9.1,0.0,8.3,24,53,0.0,5.8,1027.4,100,201.0
2026-03-14 10:00:00,10.4,0.0,14.3,21,49,0.0,6.1,1027.1,88,390.0
2026-03-14 11:00:00,11.6,0.0,15.0,7,44,-0.1,7.3,1026.9,53,524.0
2026-03-14 12:00:00,12.1,0.0,16.4,355,46,0.6,8.2,1026.0,9,662.0
2026-03-14 13:00:00,12.4,0.0,16.7,346,47,1.4,9.4,1024.8,61,789.0
2026-03-14 14:00:00,12.5,0.0,18.1,344,47,1.5,9.1,1024.3,5,762.0
2026-03-14 15:00:00,12.6,0.0,18.0,346,48,1.8,8.7,1023.7,5,663.0
2026-03-14 16:00:00,11.8,0.0,18.6,348,50,1.6,7.2,1023.6,2,502.0
2026-03-14 17:00:00,10.6,0.0,17.6,349,55,2.0,6.3,1023.8,1,308.0
2026-03-14 18:00:00,9.4,0.0,15.7,347,61,2.3,5.4,1024.6,4,110.0
2026-03-14 19:00:00,8.3,0.0,12.2,347,66,2.3,4.8,1025.2,5,4.0
2026-03-14 20:00:00,7.9,0.0,11.2,354,67,2.2,4.5,1025.8,5,0.0
2026-03-14 21:00:00,7.7,0.0,9.7,338,70,2.6,4.5,1025.5,1,0.0
2026-03-14 22:00:00,7.4,0.0,8.6,338,71,2.5,4.5,1025.4,2,0.0
2026-03-14 23:00:00,7.2,0.0,9.1,346,72,2.5,4.1,1025.3,11,0.0
2026-03-15 00:00:00,6.6,0.0,6.6,343,76,2.5,3.9,1025.0,0,0.0
2026-03-15 01:00:00,5.9,0.0,6.7,360,79,2.5,3.3,1024.6,0,0.0
2026-03-15 02:00:00,5.3,0.0,6.0,357,81,2.3,2.7,1024.2,0,0.0
2026-03-15 03:00:00,5.1,0.0,6.9,335,83,2.3,2.3,1023.9,1,0.0
2026-03-15 04:00:00,4.6,0.0,7.5,336,84,2.2,1.7,1023.8,0,0.0
2026-03-15 05:00:00,4.3,0.0,7.4,337,83,1.8,1.4,1024.2,0,0.0
2026-03-15 06:00:00,4.2,0.0,7.4,337,83,1.7,1.3,1024.7,0,0.0
2026-03-15 07:00:00,4.6,0.0,6.4,342,82,1.9,1.8,1025.0,0,12.0
2026-03-15 08:00:00,7.1,0.0,6.5,6,73,2.7,4.5,1025.1,3,145.0
2026-03-15 09:00:00,9.8,0.0,6.1,28,57,1.8,7.1,1025.4,4,347.0
2026-03-15 10:00:00,11.6,0.0,4.7,72,48,0.9,8.9,1024.8,5,536.0
2026-03-15 11:00:00,12.8,0.0,3.3,189,45,1.2,11.2,1024.5,20,684.0
2026-03-15 12:00:00,13.2,0.0,8.6,203,47,2.2,11.6,1023.4,42,782.0
2026-03-15 13:00:00,13.2,0.0,13.9,211,52,3.7,10.7,1022.5,53,734.0
2026-03-15 14:00:00,13.6,0.0,16.5,210,52,3.8,10.5,1021.2,84,709.0
2026-03-15 15:00:00,13.3,0.0,13.0,237,57,5.1,10.2,1020.7,52,560.0
2026-03-15 16:00:00,14.2,0.0,14.4,306,47,3.0,10.5,1020.6,41,470.0
2026-03-15 17:00:00,12.8,0.0,16.1,330,51,2.8,8.8,1021.3,3,294.0
2026-03-15 18:00:00,10.9,0.0,15.3,351,60,3.3,7.1,1021.8,2,111.0
2026-03-15 19:00:00,9.4,0.0,12.6,359,68,3.8,6.1,1022.3,3,4.0
2026-03-15 20:00:00,8.6,0.0,9.9,9,71,3.7,5.6,1022.8,0,0.0
2026-03-15 21:00:00,8.1,0.0,7.4,7,73,3.6,5.5,1022.5,0,0.0
2026-03-15 22:00:00,7.6,0.0,7.6,12,75,3.4,4.9,1022.7,0,0.0
2026-03-15 23:00:00,7.1,0.0,6.7,9,76,3.2,4.5,1022.7,14,0.0
2026-03-16 00:00:00,6.5,0.0,5.9,360,78,3.0,4.0,1022.8,48,0.0
2026-03-16 01:00:00,5.2,0.0,4.1,2,84,2.8,3.0,1022.4,98,0.0
2026-03-16 02:00:00,4.8,0.0,3.1,350,86,2.5,2.6,1022.4,23,0.0
2026-03-16 03:00:00,4.7,0.0,4.0,357,88,2.9,2.5,1022.4,100,0.0
2026-03-16 04:00:00,4.2,0.0,2.5,4,90,2.6,2.1,1022.2,98,0.0
2026-03-16 05:00:00,4.7,0.0,4.3,15,86,2.5,2.3,1022.0,87,0.0
2026-03-16 06:00:00,3.9,0.0,4.1,13,88,2.1,1.5,1022.3,58,0.0
2026-03-16 07:00:00,4.7,0.0,6.7,52,85,2.5,2.0,1022.4,41,12.0
2026-03-16 08:00:00,7.1,0.0,5.9,63,77,3.4,4.7,1022.7,89,120.0
2026-03-16 09:00:00,10.4,0.0,3.9,112,70,5.1,8.6,1023.1,78,297.0
2026-03-16 10:00:00,11.6,0.0,7.6,149,61,4.2,9.1,1023.0,28,532.0
2026-03-16 11:00:00,12.1,0.0,10.3,158,56,3.6,9.5,1022.7,66,624.0
2026-03-16 12:00:00,11.6,0.0,12.1,170,55,3.0,8.2,1022.2,73,502.0
2026-03-16 13:00:00,12.4,0.0,9.2,174,53,3.0,9.5,1021.2,41,563.0
2026-03-16 14:00:00,13.0,0.0,5.3,198,52,3.3,11.3,1020.6,13,642.0
2026-03-16 15:00:00,13.4,0.0,7.4,248,51,3.5,11.0,1020.1,56,579.0
2026-03-16 16:00:00,13.8,0.0,9.6,264,50,3.5,10.9,1019.8,49,375.0
2026-03-16 17:00:00,13.5,0.0,10.9,324,54,4.4,10.6,1019.6,84,209.0
2026-03-16 18:00:00,12.0,0.0,17.3,1,57,3.8,8.0,1019.9,53,81.0
2026-03-16 19:00:00,10.4,0.0,13.5,13,64,4.0,7.1,1020.3,2,4.0
2026-03-16 20:00:00,9.4,0.0,12.6,13,69,4.0,6.2,1020.7,8,0.0
2026-03-16 21:00:00,9.3,0.0,10.0,6,70,4.1,6.4,1020.7,91,0.0
2026-03-16 22:00:00,9.5,0.0,7.8,7,66,3.5,6.8,1020.9,13,0.0
2026-03-16 23:00:00,8.4,0.0,6.7,5,69,3.0,5.9,1021.1,13,0.0
2026-03-17 00:00:00,7.5,0.0,5.6,360,70,2.4,5.0,1020.9,3,0.0
2026-03-17 01:00:00,6.2,0.0,4.5,346,75,2.1,3.7,1021.0,15,0.0
2026-03-17 02:00:00,5.6,0.0,3.8,3,75,1.6,3.2,1020.7,36,0.0
2026-03-17 03:00:00,6.2,0.0,6.7,6,71,1.4,3.4,1020.5,41,0.0
2026-03-17 04:00:00,6.1,0.0,6.8,17,71,1.1,3.1,1020.5,63,0.0
2026-03-17 05:00:00,5.9,0.0,7.1,30,70,0.9,2.9,1021.0,96,0.0
2026-03-17 06:00:00,5.5,0.0,7.4,43,73,0.9,2.4,1021.3,100,0.0
2026-03-17 07:00:00,5.7,0.0,7.6,38,72,0.9,2.6,1021.6,100,14.0
2026-03-17 08:00:00,7.8,0.0,5.7,46,65,1.7,5.1,1022.0,100,120.0
2026-03-17 09:00:00,10.2,0.0,3.0,76,67,4.4,8.4,1022.3,98,309.0
2026-03-17 10:00:00,11.9,0.0,3.8,149,62,4.9,10.1,1022.3,99,521.0
2026-03-17 11:00:00,12.6,0.0,7.1,173,61,5.3,11.3,1021.9,97,677.0
2026-03-17 12:00:00,13.1,0.0,9.7,184,61,5.8,12.1,1021.4,98,795.0
2026-03-17 13:00:00,13.2,0.0,11.7,194,57,4.9,11.8,1020.8,98,821.0
2026-03-17 14:00:00,13.4,0.0,12.2,208,50,3.2,11.1,1020.4,100,759.0
2026-03-17 15:00:00,13.8,0.0,11.2,220,47,2.5,11.0,1019.8,0,652.0
2026-03-17 16:00:00,14.6,0.0,9.3,227,50,4.2,11.8,1019.2,0,523.0
2026-03-17 17:00:00,14.8,0.0,6.0,249,54,5.6,12.8,1018.9,0,322.0
2026-03-17 18:00:00,13.2,0.0,10.4,334,57,4.8,10.4,1019.2,0,120.0
2026-03-17 19:00:00,10.4,0.0,15.3,8,57,2.3,6.5,1020.1,0,5.0
2026-03-17 20:00:00,9.2,0.0,12.4,9,63,2.6,5.7,1020.6,0,0.0
2026-03-17 21:00:00,9.1,0.0,10.6,11,65,2.8,5.9,1020.1,0,0.0
2026-03-17 22:00:00,8.8,0.0,7.9,13,66,2.7,5.9,1020.1,0,0.0
2026-03-17 23:00:00,6.8,0.0,4.3,17,75,2.7,4.5,1020.1,2,0.0
2026-03-18 00:00:00,6.2,0.0,1.7,18,77,2.5,4.2,1020.1,24,0.0
2026-03-18 01:00:00,5.2,0.0,2.1,31,82,2.3,3.2,1019.6,32,0.0
2026-03-18 02:00:00,4.7,0.0,3.6,41,83,2.0,2.3,1018.8,48,0.0
2026-03-18 03:00:00,5.6,0.0,4.5,83,75,1.5,3.0,1018.3,36,0.0
2026-03-18 04:00:00,6.7,0.0,7.9,79,76,2.7,3.9,1018.1,98,0.0
2026-03-18 05:00:00,7.6,0.0,11.1,82,88,5.7,4.9,1017.7,100,0.0
2026-03-18 06:00:00,8.9,0.0,10.2,97,87,6.9,6.7,1017.7,100,0.0
2026-03-18 07:00:00,9.5,0.1,12.2,104,80,6.2,6.8,1017.6,100,4.0
2026-03-18 08:00:00,9.9,0.0,14.6,108,78,6.2,6.9,1017.2,100,40.0
2026-03-18 09:00:00,9.6,0.2,14.1,104,89,7.8,7.0,1017.5,100,71.0
2026-03-18 10:00:00,8.9,0.9,17.4,101,94,8.1,5.9,1016.6,100,68.0
2026-03-18 11:00:00,9.4,1.1,17.3,98,95,8.8,6.6,1015.9,100,110.0
2026-03-18 12:00:00,9.9,0.9,18.5,91,97,9.4,7.0,1014.9,100,161.0
2026-03-18 13:00:00,10.1,0.8,19.5,86,97,9.6,7.2,1014.0,100,123.0
2026-03-18 14:00:00,11.3,0.2,17.3,91,95,10.4,8.9,1012.6,100,150.0
2026-03-18 15:00:00,12.1,0.1,14.6,91,91,10.8,10.3,1011.9,100,150.0
2026-03-18 16:00:00,12.6,0.5,15.9,95,95,11.7,10.8,1010.7,100,135.0
2026-03-18 17:00:00,12.4,0.4,15.4,107,96,11.8,10.7,1009.8,100,45.0
2026-03-18 18:00:00,12.6,1.7,7.5,105,96,11.9,12.1,1009.8,100,25.0
2026-03-18 19:00:00,12.2,1.5,3.2,109,96,11.7,12.3,1009.4,100,1.0
2026-03-18 20:00:00,12.3,3.0,9.3,316,96,11.7,11.5,1010.1,100,0.0
2026-03-18 21:00:00,12.6,2.0,17.0,297,98,12.2,10.8,1010.8,100,0.0
2026-03-18 22:00:00,13.1,1.2,17.8,278,97,12.6,11.3,1010.8,100,0.0
2026-03-18 23:00:00,12.9,0.2,18.4,290,97,12.4,11.0,1011.2,100,0.0
2026-03-19 00:00:00,12.2,0.3,14.6,304,96,11.6,10.6,1011.7,100,0.0
2026-03-19 01:00:00,11.8,0.5,10.7,300,96,11.2,10.6,1011.5,100,0.0
2026-03-19 02:00:00,11.4,1.0,11.4,298,96,10.9,10.0,1011.4,100,0.0
2026-03-19 03:00:00,11.5,0.9,11.5,309,97,11.0,10.1,1011.2,100,0.0
2026-03-19 04:00:00,11.3,0.1,14.9,319,94,10.3,9.2,1011.5,93,0.0
2026-03-19 05:00:00,11.1,0.0,14.4,322,93,9.9,8.9,1012.0,100,0.0
2026-03-19 06:00:00,11.1,0.0,13.1,324,90,9.6,9.0,1012.4,100,0.0
2026-03-19 07:00:00,10.9,0.0,11.8,321,89,9.2,9.0,1012.9,98,9.0
2026-03-19 08:00:00,11.8,0.0,14.2,342,84,9.1,9.5,1013.5,49,104.0
2026-03-19 09:00:00,12.8,0.0,15.0,11,75,8.4,10.2,1014.2,23,293.0
2026-03-19 10:00:00,13.9,0.0,16.2,15,63,6.9,10.8,1014.5,35,475.0
2026-03-19 11:00:00,14.9,0.0,17.4,6,56,6.1,11.7,1014.5,34,625.0
2026-03-19 12:00:00,15.4,0.0,16.7,358,52,5.5,12.9,1014.3,27,756.0
2026-03-19 13:00:00,15.4,0.0,14.6,346,48,4.6,12.9,1014.1,21,707.0
2026-03-19 14:00:00,15.8,0.0,15.2,339,45,4.0,13.2,1013.6,20,738.0
2026-03-19 15:00:00,14.8,0.0,15.9,350,49,4.1,11.5,1013.5,27,629.0
2026-03-19 16:00:00,14.1,0.0,16.1,354,49,3.5,10.2,1013.7,5,479.0
2026-03-19 17:00:00,13.1,0.0,15.8,353,50,3.0,9.2,1014.0,0,318.0
2026-03-19 18:00:00,11.6,0.0,13.2,350,57,3.3,8.1,1014.3,0,123.0
2026-03-19 19:00:00,10.1,0.0,12.7,352,62,3.1,6.6,1015.2,0,6.0
2026-03-19 20:00:00,8.9,0.0,10.1,355,67,3.1,5.8,1015.6,0,0.0
2026-03-19 21:00:00,8.9,0.0,8.7,354,71,4.0,6.2,1015.4,0,0.0
2026-03-19 22:00:00,8.1,0.0,9.1,352,74,3.7,5.3,1015.9,0,0.0
2026-03-19 23:00:00,7.3,0.0,8.4,337,77,3.6,4.6,1016.6,0,0.0
2026-03-20 00:00:00,6.8,0.0,8.5,332,79,3.5,4.0,1016.7,0,0.0
2026-03-20 01:00:00,6.9,0.0,10.5,336,76,3.0,3.8,1016.7,0,0.0
2026-03-20 02:00:00,7.1,0.0,10.1,331,75,2.9,3.9,1016.8,0,0.0
2026-03-20 03:00:00,7.1,0.0,9.2,337,78,3.5,4.2,1017.0,25,0.0
2026-03-20 04:00:00,6.1,0.0,7.1,6,82,3.2,3.5,1016.6,49,0.0
2026-03-20 05:00:00,4.9,0.0,4.4,32,87,3.0,2.6,1016.7,49,0.0
2026-03-20 06:00:00,4.2,0.0,2.3,58,88,2.3,2.1,1016.7,76,0.0
2026-03-20 07:00:00,5.7,0.0,0.4,63,83,3.1,4.0,1017.7,100,19.0
2026-03-20 08:00:00,9.1,0.0,1.8,204,74,4.8,7.6,1018.4,100,119.0
2026-03-20 09:00:00,10.6,0.0,1.0,329,75,6.3,9.6,1018.5,95,211.0
2026-03-20 10:00:00,12.9,0.0,6.2,291,56,4.3,10.6,1018.9,85,390.0
2026-03-20 11:00:00,14.3,0.0,11.2,289,34,-1.4,10.4,1018.6,81,555.0
2026-03-20 12:00:00,15.0,0.0,15.1,287,31,-2.0,11.0,1018.2,73,674.0
2026-03-20 13:00:00,15.2,0.0,16.7,286,31,-1.6,11.3,1017.9,48,716.0
2026-03-20 14:00:00,15.4,0.0,17.8,294,29,-2.4,11.5,1018.1,15,785.0
2026-03-20 15:00:00,15.1,0.0,17.5,295,28,-3.2,10.8,1017.9,92,703.0
2026-03-20 16:00:00,14.4,0.0,16.2,301,28,-4.0,9.3,1018.2,98,447.0
2026-03-20 17:00:00,13.6,0.0,13.6,300,31,-3.1,9.1,1018.4,94,302.0
2026-03-20 18:00:00,11.9,0.0,10.5,290,43,-0.2,8.2,1019.2,100,122.0
2026-03-20 19:00:00,10.4,0.0,9.6,313,52,0.9,7.0,1020.1,100,6.0
2026-03-20 20:00:00,8.9,0.0,6.5,326,60,1.5,6.1,1020.8,99,0.0
2026-03-20 21:00:00,7.6,0.0,3.9,313,76,3.5,5.5,1021.4,100,0.0
2026-03-20 22:00:00,5.8,0.0,3.4,6,81,2.8,3.6,1022.0,52,0.0
2026-03-20 23:00:00,4.7,0.0,4.7,18,81,1.6,2.2,1022.3,92,0.0
2026-03-21 00:00:00,3.8,0.0,5.5,23,81,0.9,1.0,1022.5,100,0.0
2026-03-21 01:00:00,3.6,0.0,7.0,32,77,0.0,0.4,1022.5,91,0.0
2026-03-21 02:00:00,3.8,0.0,7.2,35,75,-0.3,0.5,1022.4,100,0.0
2026-03-21 03:00:00,4.0,0.0,5.9,23,74,-0.2,1.0,1022.3,99,0.0
2026-03-21 04:00:00,3.8,0.0,6.3,31,76,-0.1,0.7,1022.4,99,0.0
2026-03-21 05:00:00,4.4,0.0,6.7,56,74,0.2,1.4,1023.0,96,0.0
2026-03-21 06:00:00,4.9,0.0,5.4,60,71,0.2,2.1,1023.6,94,0.0
2026-03-21 07:00:00,6.8,0.0,7.4,87,67,1.1,3.8,1024.0,81,22.0
2026-03-21 08:00:00,8.9,0.0,10.8,101,66,2.9,5.7,1024.5,0,172.0
2026-03-21 09:00:00,10.0,0.0,13.6,105,60,2.5,6.3,1025.0,0,393.0
2026-03-21 10:00:00,11.3,0.0,14.4,118,56,2.8,7.8,1025.4,0,589.0
2026-03-21 11:00:00,12.4,0.0,14.6,124,52,2.8,9.6,1025.3,0,744.0
2026-03-21 12:00:00,13.3,0.0,14.1,125,44,1.4,10.9,1024.9,0,841.0
2026-03-21 13:00:00,14.0,0.0,13.5,127,40,0.5,11.7,1024.0,0,871.0
2026-03-21 14:00:00,14.5,0.0,13.1,124,36,-0.6,11.9,1023.4,0,831.0
2026-03-21 15:00:00,14.7,0.0,11.6,118,33,-1.5,11.6,1022.5,0,722.0
2026-03-21 16:00:00,14.6,0.0,9.8,114,35,-0.7,10.9,1022.2,0,556.0
2026-03-21 17:00:00,13.4,0.0,9.5,111,41,0.3,10.0,1022.3,0,347.0
2026-03-21 18:00:00,11.5,0.0,7.5,100,53,2.2,8.6,1022.6,0,133.0
2026-03-21 19:00:00,9.8,0.0,7.0,72,58,1.9,7.0,1022.7,0,7.0
2026-03-21 20:00:00,8.9,0.0,8.0,54,62,2.0,6.0,1023.0,0,0.0
2026-03-21 21:00:00,8.4,0.0,10.7,53,64,2.0,5.1,1023.0,0,0.0
2026-03-21 22:00:00,8.6,0.0,9.1,63,63,2.0,5.5,1023.1,0,0.0
2026-03-21 23:00:00,8.6,0.0,10.1,66,62,1.8,5.4,1022.9,0,0.0
2026-03-22 00:00:00,8.9,0.0,12.1,67,58,0.9,5.1,1022.3,1,0.0
2026-03-22 01:00:00,9.1,0.0,11.5,76,54,0.2,5.3,1022.1,17,0.0
2026-03-22 02:00:00,9.2,0.0,12.4,74,56,0.8,5.4,1021.7,83,0.0
2026-03-22 03:00:00,9.1,0.0,10.3,78,64,2.5,5.8,1021.8,100,0.0
2026-03-22 04:00:00,9.2,0.0,11.4,75,68,3.6,6.0,1021.2,100,0.0
2026-03-22 05:00:00,9.4,0.0,10.6,71,71,4.4,6.6,1021.6,100,0.0
2026-03-22 06:00:00,9.7,0.0,12.3,76,73,5.1,6.7,1021.2,100,0.0
2026-03-22 07:00:00,10.3,0.0,14.4,87,73,5.8,7.1,1021.1,100,16.0
2026-03-22 08:00:00,11.6,0.0,14.9,98,71,6.4,8.5,1021.2,100,98.0
2026-03-22 09:00:00,12.3,0.0,14.2,99,65,5.9,9.2,1021.3,100,155.0
2026-03-22 10:00:00,13.6,0.0,18.1,100,58,5.4,9.8,1021.2,100,386.0
2026-03-22 11:00:00,14.4,0.0,20.2,101,60,6.8,10.7,1020.6,100,528.0
2026-03-22 12:00:00,14.9,0.0,21.0,99,60,7.2,11.2,1019.8,99,573.0
2026-03-22 13:00:00,15.3,0.0,22.3,102,59,7.3,11.6,1019.0,100,606.0
2026-03-22 14:00:00,14.9,0.0,20.7,98,61,7.3,11.2,1017.7,100,421.0
2026-03-22 15:00:00,13.9,0.3,14.3,105,65,7.3,11.1,1017.8,100,152.0
2026-03-22 16:00:00,12.1,0.8,17.0,100,85,9.6,9.5,1017.9,100,54.0
2026-03-22 17:00:00,11.1,2.0,16.7,89,94,10.1,8.7,1018.1,100,35.0
2026-03-22 18:00:00,10.8,2.5,16.1,94,95,10.0,8.5,1018.5,100,16.0
2026-03-22 19:00:00,10.8,1.6,15.6,96,94,9.9,8.5,1018.3,100,1.0
2026-03-22 20:00:00,10.8,2.5,18.7,101,94,9.8,8.0,1018.1,100,0.0
2026-03-22 21:00:00,10.9,1.4,15.8,89,94,9.9,8.6,1017.8,100,0.0
2026-03-22 22:00:00,11.3,1.7,16.0,107,95,10.4,9.1,1017.3,100,0.0
2026-03-22 23:00:00,11.3,1.3,18.3,120,95,10.5,8.8,1017.0,100,0.0
2026-03-23 00:00:00,11.4,0.4,18.9,122,92,10.1,8.7,1016.5,100,0.0
2026-03-23 01:00:00,11.4,0.1,11.5,101,92,10.1,9.7,1016.5,100,0.0
2026-03-23 02:00:00,11.2,0.1,8.1,72,92,10.0,10.0,1016.6,55,0.0
2026-03-23 03:00:00,10.8,0.0,5.6,50,95,10.0,10.0,1016.5,90,0.0
2026-03-23 04:00:00,10.0,0.0,4.0,27,94,9.1,9.2,1016.4,13,0.0
2026-03-23 05:00:00,9.9,0.0,3.1,24,92,8.6,9.0,1016.3,53,0.0
2026-03-23 06:00:00,9.6,0.0,4.6,9,91,8.3,8.5,1016.6,42,0.0
2026-03-23 07:00:00,8.6,0.0,3.6,351,96,7.9,7.5,1016.6,2,22.0
2026-03-23 08:00:00,11.2,0.0,2.8,333,99,11.1,11.2,1017.0,0,159.0
2026-03-23 09:00:00,12.6,0.0,0.5,360,85,10.2,12.6,1017.9,2,378.0
2026-03-23 10:00:00,14.8,0.0,3.2,223,73,9.9,14.5,1017.9,13,579.0
2026-03-23 11:00:00,15.4,0.0,5.9,230,71,10.2,15.2,1017.8,23,649.0
2026-03-23 12:00:00,15.9,0.1,10.4,216,72,10.8,15.7,1017.1,17,736.0
2026-03-23 13:00:00,16.2,0.0,12.0,212,75,11.8,16.5,1016.3,20,806.0
2026-03-23 14:00:00,17.5,0.0,8.0,236,71,12.1,18.3,1016.0,6,768.0
2026-03-23 15:00:00,17.8,0.1,7.9,273,61,10.2,17.5,1015.9,17,680.0
2026-03-23 16:00:00,18.0,0.0,13.3,339,42,4.7,14.7,1016.3,2,521.0
2026-03-23 17:00:00,16.4,0.0,16.8,357,53,6.8,13.1,1016.8,22,332.0
2026-03-23 18:00:00,14.4,0.0,15.7,358,70,9.1,11.9,1017.3,52,128.0
2026-03-23 19:00:00,12.7,0.0,15.8,2,80,9.2,10.2,1017.7,1,8.0
2026-03-23 20:00:00,11.8,0.0,15.0,7,84,9.1,9.3,1018.2,2,0.0
2026-03-23 21:00:00,11.5,0.0,11.8,9,85,9.1,9.6,1018.8,0,0.0
2026-03-23 22:00:00,11.4,0.0,12.1,15,85,8.9,9.3,1019.1,5,0.0
2026-03-23 23:00:00,11.0,0.0,12.0,21,85,8.6,8.9,1019.3,6,0.0
2026-03-24 00:00:00,10.4,0.0,11.4,23,87,8.4,8.4,1019.2,15,0.0
2026-03-24 01:00:00,8.7,0.0,3.0,76,90,7.1,7.5,1019.3,79,0.0
2026-03-24 02:00:00,8.1,0.0,2.2,125,91,6.7,6.9,1019.3,2,0.0
2026-03-24 03:00:00,7.8,0.0,4.6,13,91,6.3,6.1,1018.8,1,0.0
2026-03-24 04:00:00,7.6,0.0,6.5,14,87,5.6,5.5,1018.7,37,0.0
2026-03-24 05:00:00,6.9,0.0,7.2,39,83,4.2,4.5,1019.1,63,0.0
2026-03-24 06:00:00,6.9,0.0,9.5,51,80,3.7,4.1,1019.4,97,0.0
2026-03-24 07:00:00,8.2,0.0,6.0,83,81,5.1,6.2,1019.7,59,25.0
2026-03-24 08:00:00,10.6,0.0,6.2,112,80,7.2,8.9,1019.9,100,170.0
2026-03-24 09:00:00,11.9,0.0,7.5,107,67,5.9,9.8,1020.0,16,356.0
2026-03-24 10:00:00,13.6,0.0,8.8,116,53,4.2,11.1,1019.7,23,591.0
2026-03-24 11:00:00,14.5,0.0,9.4,128,48,3.7,12.8,1018.9,75,741.0
2026-03-24 12:00:00,15.0,0.0,8.5,134,48,4.1,14.0,1018.0,97,821.0
2026-03-24 13:00:00,15.3,0.0,8.7,138,48,4.2,13.9,1017.6,100,762.0
2026-03-24 14:00:00,15.0,0.0,10.8,114,48,4.0,12.4,1016.6,100,629.0
2026-03-24 15:00:00,15.4,0.0,9.0,105,48,4.4,12.8,1015.9,80,564.0
2026-03-24 16:00:00,15.3,0.0,9.7,137,49,4.7,12.6,1016.0,11,540.0
2026-03-24 17:00:00,14.4,0.0,8.0,106,53,4.9,12.0,1015.7,10,337.0
2026-03-24 18:00:00,13.1,0.0,8.8,88,61,5.8,10.8,1015.7,95,132.0
2026-03-24 19:00:00,12.5,0.0,9.6,78,63,5.6,10.0,1015.8,89,5.0
2026-03-24 20:00:00,11.6,0.0,11.9,86,68,5.8,8.8,1015.9,100,0.0
2026-03-24 21:00:00,12.5,0.0,11.1,81,63,5.7,9.8,1015.8,100,0.0
2026-03-24 22:00:00,12.6,0.0,11.5,81,61,5.3,9.8,1015.7,100,0.0
2026-03-24 23:00:00,12.9,0.0,15.8,90,63,6.0,9.5,1015.0,100,0.0
2026-03-25 00:00:00,13.0,0.0,15.7,85,69,7.5,10.1,1014.6,100,0.0
2026-03-25 01:00:00,12.9,0.0,17.0,83,77,9.1,10.2,1014.3,100,0.0
2026-03-25 02:00:00,12.9,0.0,19.8,94,80,9.6,9.9,1013.4,100,0.0
2026-03-25 03:00:00,13.1,0.0,14.6,91,77,9.1,10.7,1013.0,100,0.0
2026-03-25 04:00:00,12.1,0.6,13.5,91,82,9.2,9.9,1012.4,100,0.0
2026-03-25 05:00:00,11.0,2.2,13.2,78,92,9.7,9.0,1012.4,100,0.0
2026-03-25 06:00:00,10.6,5.0,13.2,62,93,9.4,8.5,1012.4,100,0.0
2026-03-25 07:00:00,10.6,3.1,11.7,49,93,9.4,8.8,1012.0,100,2.0
2026-03-25 08:00:00,10.7,1.8,14.3,59,93,9.6,8.5,1012.0,100,17.0
2026-03-25 09:00:00,11.2,1.2,14.0,55,92,9.9,9.2,1012.3,100,39.0
2026-03-25 10:00:00,11.1,3.8,13.3,72,94,10.1,9.2,1012.3,100,51.0
2026-03-25 11:00:00,11.0,2.6,14.7,63,94,10.1,8.9,1011.8,100,72.0
2026-03-25 12:00:00,11.6,1.9,11.1,46,94,10.8,10.3,1011.0,100,142.0
2026-03-25 13:00:00,12.4,3.5,5.0,44,95,11.5,12.1,1010.4,100,146.0
2026-03-25 14:00:00,12.4,1.5,4.2,25,97,11.9,12.3,1009.5,100,91.0
2026-03-25 15:00:00,12.3,1.1,2.2,261,94,11.4,12.4,1008.9,100,91.0
2026-03-25 16:00:00,12.4,0.9,6.4,297,96,11.8,12.0,1008.6,100,101.0
2026-03-25 17:00:00,12.4,0.7,8.3,327,97,12.0,11.9,1008.9,100,71.0
2026-03-25 18:00:00,11.9,0.5,11.7,1,95,11.2,10.6,1009.2,100,22.0
2026-03-25 19:00:00,11.7,0.1,13.6,8,93,10.6,9.9,1009.6,100,2.0
2026-03-25 20:00:00,11.6,0.1,14.2,9,92,10.4,9.6,1010.2,100,0.0
2026-03-25 21:00:00,11.8,0.0,11.8,28,93,10.8,10.3,1010.4,100,0.0
2026-03-25 22:00:00,11.8,0.0,9.4,12,93,10.6,10.6,1010.9,100,0.0
2026-03-25 23:00:00,11.7,0.0,10.9,340,92,10.4,10.3,1011.9,100,0.0
2026-03-26 00:00:00,11.4,0.0,11.9,1,91,10.0,9.6,1011.6,91,0.0
2026-03-26 01:00:00,10.9,0.0,14.3,6,90,9.3,8.6,1011.0,12,0.0
2026-03-26 02:00:00,10.3,0.0,15.3,351,88,8.4,7.7,1011.4,2,0.0
2026-03-26 03:00:00,10.4,0.0,14.9,339,89,8.7,7.9,1011.6,5,0.0
2026-03-26 04:00:00,10.4,0.0,14.8,337,89,8.8,8.0,1012.0,12,0.0
2026-03-26 05:00:00,10.5,0.0,14.6,342,88,8.6,8.0,1012.5,26,0.0
2026-03-26 06:00:00,10.6,0.0,13.8,348,87,8.6,8.2,1012.6,13,0.0
2026-03-26 07:00:00,11.1,0.0,12.4,339,85,8.6,8.9,1013.2,7,29.0
2026-03-26 08:00:00,12.9,0.0,9.1,343,76,8.8,11.2,1013.6,13,187.0
2026-03-26 09:00:00,14.4,0.0,13.1,9,65,7.8,11.9,1014.1,38,395.0
2026-03-26 10:00:00,15.9,0.0,13.8,15,54,6.7,13.1,1013.9,55,539.0
2026-03-26 11:00:00,17.1,0.0,9.2,1,51,6.8,15.7,1013.8,42,679.0
2026-03-26 12:00:00,17.9,0.0,6.1,328,48,6.8,17.7,1012.7,97,794.0
2026-03-26 13:00:00,18.5,0.0,6.8,288,46,6.7,18.4,1012.1,3,849.0
2026-03-26 14:00:00,18.9,0.0,11.7,302,43,6.1,17.6,1011.9,1,814.0
2026-03-26 15:00:00,18.5,0.0,13.1,304,44,5.9,16.4,1011.0,0,705.0
2026-03-26 16:00:00,17.4,0.0,14.6,331,47,6.1,14.3,1011.0,92,541.0
2026-03-26 17:00:00,16.1,0.0,15.2,333,52,6.3,12.9,1011.8,85,343.0
2026-03-26 18:00:00,14.1,0.0,14.0,342,63,7.2,11.3,1012.4,0,139.0
2026-03-26 19:00:00,12.0,0.0,11.3,353,76,7.9,9.8,1012.5,0,10.0
2026-03-26 20:00:00,10.9,0.0,7.9,347,82,8.1,9.3,1012.9,0,0.0
2026-03-26 21:00:00,9.9,0.0,4.4,308,86,7.7,8.7,1013.4,6,0.0
2026-03-26 22:00:00,10.3,0.0,8.5,282,88,8.4,8.6,1014.0,7,0.0
2026-03-26 23:00:00,9.3,0.0,5.2,299,91,7.8,8.0,1014.1,5,0.0
2026-03-27 00:00:00,8.1,0.0,4.1,299,92,6.9,6.7,1014.6,7,0.0
2026-03-27 01:00:00,7.9,0.0,5.5,337,91,6.5,6.3,1014.5,18,0.0
2026-03-27 02:00:00,7.1,0.0,4.5,16,87,5.0,5.2,1014.2,5,0.0
2026-03-27 03:00:00,7.4,0.0,4.9,2,87,5.4,5.6,1014.2,2,0.0
2026-03-27 04:00:00,6.9,0.0,3.7,29,85,4.7,5.1,1014.0,7,0.0
2026-03-27 05:00:00,6.3,0.0,3.5,55,86,4.2,4.4,1014.2,0,0.0
2026-03-27 06:00:00,5.4,0.0,3.6,53,89,3.8,3.5,1014.6,4,0.0
2026-03-27 07:00:00,6.7,0.0,4.5,56,87,4.7,4.7,1014.7,0,33.0
2026-03-27 08:00:00,9.6,0.0,4.4,69,80,6.3,8.0,1014.8,1,195.0
2026-03-27 09:00:00,11.9,0.0,3.1,103,78,8.3,11.0,1015.0,4,398.0
2026-03-27 10:00:00,14.1,0.0,3.1,144,72,9.2,13.6,1014.8,19,580.0
2026-03-27 11:00:00,15.4,0.0,4.5,185,70,10.1,15.9,1014.4,20,719.0
2026-03-27 12:00:00,16.1,0.0,6.1,208,76,11.9,17.4,1013.9,28,801.0
2026-03-27 13:00:00,17.1,0.0,7.4,212,73,12.2,18.5,1013.1,98,848.0
2026-03-27 14:00:00,18.5,0.0,8.5,226,53,8.6,18.4,1012.2,100,786.0
2026-03-27 15:00:00,20.0,0.0,11.5,269,31,2.4,17.2,1011.4,77,660.0
2026-03-27 16:00:00,19.7,0.0,13.4,287,31,2.0,15.9,1010.9,54,535.0
2026-03-27 17:00:00,18.3,0.0,11.3,287,40,4.3,15.3,1011.0,57,347.0
2026-03-27 18:00:00,15.9,0.0,10.6,291,51,5.8,13.4,1011.4,100,141.0
2026-03-27 19:00:00,14.1,0.0,10.7,297,58,5.9,11.5,1011.7,73,10.0
2026-03-27 20:00:00,12.9,0.0,9.2,303,65,6.5,10.6,1012.0,1,0.0
2026-03-27 21:00:00,11.2,0.0,4.7,302,79,7.8,10.0,1012.5,0,0.0
2026-03-27 22:00:00,11.2,0.0,3.8,265,78,7.6,10.1,1012.7,0,0.0
2026-03-27 23:00:00,11.1,0.0,2.4,279,78,7.4,10.0,1012.9,77,0.0
2026-03-28 00:00:00,10.9,0.0,1.7,319,77,7.0,9.9,1013.2,100,0.0
2026-03-28 01:00:00,10.9,0.0,0.6,72,74,6.4,9.9,1012.9,100,0.0
2026-03-28 02:00:00,10.4,0.0,1.5,76,75,6.2,9.2,1012.7,100,0.0
2026-03-28 03:00:00,9.9,0.0,3.5,62,78,6.3,8.5,1012.6,100,0.0
2026-03-28 04:00:00,8.8,0.0,3.9,53,80,5.6,7.1,1012.8,51,0.0
2026-03-28 05:00:00,8.4,0.0,3.1,45,80,5.2,6.7,1013.2,51,0.0
2026-03-28 06:00:00,8.2,0.0,3.7,47,81,5.1,6.5,1013.6,82,0.0
2026-03-28 07:00:00,9.6,0.0,4.0,39,78,5.9,8.0,1013.9,81,33.0
2026-03-28 08:00:00,12.4,0.0,2.2,48,80,9.0,11.8,1014.2,84,192.0
2026-03-28 09:00:00,14.4,0.0,4.5,272,66,8.2,13.3,1014.6,96,370.0
2026-03-28 10:00:00,16.0,0.0,7.5,249,61,8.6,14.5,1015.1,99,498.0
2026-03-28 11:00:00,17.1,0.0,8.0,245,61,9.4,16.5,1014.8,99,661.0
2026-03-28 12:00:00,18.5,0.0,10.2,263,56,9.6,18.1,1014.2,100,771.0
2026-03-28 13:00:00,19.4,0.0,14.0,271,52,9.2,18.6,1013.8,98,825.0
2026-03-28 14:00:00,19.5,0.0,15.8,278,54,9.9,18.4,1013.3,16,787.0
2026-03-28 15:00:00,19.2,0.1,12.2,284,59,10.9,18.2,1012.8,10,636.0
2026-03-28 16:00:00,19.6,0.0,9.9,303,54,10.1,18.2,1012.8,5,522.0
2026-03-28 17:00:00,18.4,0.0,12.0,346,60,10.4,16.7,1013.0,0,333.0
2026-03-28 18:00:00,16.0,0.0,13.2,357,69,10.4,14.2,1013.7,0,140.0
2026-03-28 19:00:00,13.2,0.0,12.6,360,81,10.1,11.5,1014.3,27,11.0
2026-03-28 20:00:00,11.6,0.0,7.4,357,89,9.9,10.4,1015.0,77,0.0
2026-03-28 21:00:00,11.3,0.0,8.2,350,91,9.9,10.1,1015.5,100,0.0
2026-03-28 22:00:00,10.9,0.0,5.8,326,92,9.7,10.0,1015.9,98,0.0
2026-03-28 23:00:00,9.8,0.0,3.9,317,93,8.7,8.9,1016.0,100,0.0
2026-03-29 00:00:00,9.3,0.0,3.1,310,92,8.0,8.3,1016.1,66,0.0
2026-03-29 01:00:00,8.6,0.0,4.4,322,92,7.3,7.2,1015.8,95,0.0
2026-03-29 02:00:00,8.9,0.0,7.0,337,90,7.3,7.2,1015.7,70,0.0
2026-03-29 03:00:00,9.2,0.0,10.0,339,90,7.7,7.1,1015.5,66,0.0
2026-03-29 04:00:00,9.6,0.0,9.5,349,89,7.8,7.6,1015.4,97,0.0
2026-03-29 05:00:00,9.1,0.0,6.4,352,90,7.5,7.5,1015.9,100,0.0
2026-03-29 06:00:00,8.4,0.0,3.6,9,90,6.8,7.0,1016.3,100,0.0
2026-03-29 07:00:00,9.6,0.0,3.5,9,89,7.8,8.5,1016.9,100,30.0
2026-03-29 08:00:00,11.4,0.0,3.4,74,81,8.2,10.4,1016.9,100,151.0
2026-03-29 09:00:00,12.3,0.0,4.3,132,80,8.9,11.4,1017.3,100,286.0
2026-03-29 10:00:00,13.8,0.0,5.6,155,72,8.8,12.6,1017.4,100,506.0
2026-03-29 11:00:00,15.2,0.0,5.6,165,65,8.6,14.6,1017.0,100,635.0
2026-03-29 12:00:00,16.2,0.0,5.8,173,62,8.8,15.9,1016.3,100,682.0
2026-03-29 13:00:00,17.1,0.0,4.9,172,53,7.5,16.6,1016.0,100,684.0
2026-03-29 14:00:00,18.1,0.0,5.0,159,43,5.2,17.4,1015.4,92,737.0
2026-03-29 15:00:00,18.6,0.0,4.8,151,35,3.0,17.0,1014.7,70,655.0
2026-03-29 16:00:00,18.2,0.0,4.3,165,46,6.2,16.6,1014.5,100,444.0
2026-03-29 17:00:00,16.5,0.0,6.6,197,64,9.6,15.4,1014.9,100,251.0
2026-03-29 18:00:00,14.4,0.0,8.3,193,75,9.9,13.1,1015.7,100,106.0
2026-03-29 19:00:00,12.6,0.0,3.4,164,82,9.6,12.1,1016.1,86,9.0
2026-03-29 20:00:00,11.8,0.0,1.5,126,84,9.1,11.3,1016.8,88,0.0
2026-03-29 21:00:00,11.4,0.0,4.5,56,88,9.4,10.5,1017.1,29,0.0
2026-03-29 22:00:00,10.9,0.0,5.2,49,78,7.2,9.4,1017.1,37,0.0
2026-03-29 23:00:00,10.3,0.0,5.3,66,72,5.5,8.4,1017.2,17,0.0
2026-03-30 00:00:00,10.6,0.0,6.2,69,67,4.6,8.4,1017.2,2,0.0
2026-03-30 01:00:00,11.1,0.0,8.1,66,62,4.1,8.5,1017.0,24,0.0
2026-03-30 02:00:00,10.3,0.0,6.1,66,65,3.9,8.0,1016.9,84,0.0
2026-03-30 03:00:00,10.2,0.0,4.6,72,63,3.5,8.1,1017.0,100,0.0
2026-03-30 04:00:00,10.3,0.0,6.3,87,66,4.2,8.0,1016.9,100,0.0
2026-03-30 05:00:00,10.5,0.0,8.0,72,72,5.7,8.3,1017.0,100,0.0
2026-03-30 06:00:00,10.6,0.0,8.8,73,77,6.8,8.5,1017.0,100,0.0
2026-03-30 07:00:00,11.9,0.0,8.0,81,80,8.6,10.3,1017.6,100,30.0
2026-03-30 08:00:00,13.8,0.0,9.4,87,79,10.2,12.5,1018.0,100,171.0
2026-03-30 09:00:00,15.6,0.0,12.6,99,72,10.6,13.9,1017.9,100,289.0
2026-03-30 10:00:00,16.8,0.0,15.2,104,68,10.9,14.8,1017.7,100,445.0
2026-03-30 11:00:00,17.9,0.0,18.1,101,66,11.4,16.0,1016.9,100,603.0
2026-03-30 12:00:00,18.8,0.0,19.8,102,66,12.4,17.3,1015.8,100,689.0
2026-03-30 13:00:00,19.4,0.0,22.2,101,68,13.2,18.0,1014.4,100,722.0
2026-03-30 14:00:00,19.5,0.0,23.9,97,71,14.1,18.0,1013.3,100,691.0
2026-03-30 15:00:00,19.6,0.0,24.4,101,69,13.8,17.2,1012.1,100,404.0
2026-03-30 16:00:00,18.2,0.0,23.5,106,73,13.2,15.8,1011.1,100,175.0
2026-03-30 17:00:00,17.5,0.6,27.7,122,76,13.2,14.5,1012.0,100,57.0
2026-03-30 18:00:00,15.8,2.4,29.0,117,92,14.4,13.0,1011.8,100,7.0
2026-03-30 19:00:00,15.5,3.4,32.9,116,93,14.4,12.1,1010.9,100,1.0
2026-03-30 20:00:00,15.6,1.2,33.3,119,91,14.1,12.1,1010.6,100,0.0
2026-03-30 21:00:00,14.7,0.6,34.2,111,93,13.6,10.9,1010.7,100,0.0
2026-03-30 22:00:00,15.1,0.6,39.1,116,92,13.7,10.5,1008.8,100,0.0
2026-03-30 23:00:00,15.3,1.7,39.0,120,92,14.0,10.9,1007.8,100,0.0
2026-03-31 00:00:00,15.6,6.6,30.1,123,94,14.6,12.7,1007.0,100,0.0
2026-03-31 01:00:00,15.8,10.1,24.1,129,96,15.1,14.0,1005.2,100,0.0
2026-03-31 02:00:00,16.2,3.3,19.3,144,95,15.4,15.3,1003.9,99,0.0
2026-03-31 03:00:00,16.4,3.0,24.3,130,97,15.9,14.8,1002.8,100,0.0
2026-03-31 04:00:00,16.9,0.0,23.5,159,95,16.1,15.5,1002.4,99,0.0
2026-03-31 05:00:00,16.6,0.0,17.9,156,95,15.9,16.0,1002.1,84,0.0
2026-03-31 06:00:00,16.3,0.0,12.5,164,95,15.4,16.3,1001.7,53,0.0
2026-03-31 07:00:00,16.7,0.0,14.4,158,94,15.6,16.5,1001.3,67,31.0
2026-03-31 08:00:00,17.8,0.1,13.7,191,92,16.5,18.0,1001.3,100,144.0
2026-03-31 09:00:00,17.8,2.3,20.5,268,92,16.4,17.0,1002.8,100,123.0
2026-03-31 10:00:00,17.6,0.3,29.7,279,84,14.9,14.9,1003.6,66,310.0
2026-03-31 11:00:00,17.5,0.0,31.8,281,75,13.1,13.9,1004.5,98,565.0
2026-03-31 12:00:00,17.6,0.0,21.3,300,69,12.0,15.2,1005.2,42,472.0
2026-03-31 13:00:00,18.1,0.0,20.6,323,68,12.1,16.6,1006.3,78,717.0
2026-03-31 14:00:00,16.9,0.0,19.1,336,65,10.4,14.2,1007.2,100,417.0
2026-03-31 15:00:00,16.5,0.0,20.4,338,64,9.6,13.6,1008.5,100,592.0
2026-03-31 16:00:00,15.9,0.0,20.0,341,64,9.2,12.8,1009.1,87,439.0
2026-03-31 17:00:00,15.2,0.0,19.6,341,63,8.1,11.9,1009.8,46,325.0
2026-03-31 18:00:00,14.1,0.0,18.2,337,68,8.3,11.0,1010.2,32,127.0
2026-03-31 19:00:00,13.0,0.0,15.5,328,75,8.8,10.4,1010.8,39,11.0
2026-03-31 20:00:00,12.3,0.0,10.5,333,79,8.8,10.4,1011.5,95,0.0
2026-03-31 21:00:00,12.8,0.0,6.5,332,76,8.8,11.5,1013.0,100,0.0
2026-03-31 22:00:00,12.6,0.0,5.8,358,78,8.9,11.4,1013.0,100,0.0
2026-03-31 23:00:00,12.8,0.0,7.2,359,77,8.9,11.4,1012.8,100,0.0
