timestamp,temperature_2m_msm,relative_humidity_2m_msm,dew_point_2m_msm,apparent_temperature_msm,precipitation_msm,wind_speed_10m_msm,wind_direction_10m_msm,surface_pressure_msm,cloud_cover_msm,shortwave_radiation_msm,temperature_2m_gsm,relative_humidity_2m_gsm,dew_point_2m_gsm,apparent_temperature_gsm,precipitation_gsm,wind_speed_10m_gsm,wind_direction_10m_gsm,surface_pressure_gsm,cloud_cover_gsm,shortwave_radiation_gsm
2025-07-06 00:00:00,26.5,87,24.1,31.6,0.0,7.2,270,1006.1,15,0.0,26.7,82,23.3,30.8,0.0,10.7,290,1006.1,57,
2025-07-06 01:00:00,26.3,88,24.1,31.3,0.0,7.7,281,1006.3,23,0.0,26.6,82,23.2,30.7,0.0,10.2,280,1006.1,61,
2025-07-06 02:00:00,26.2,87,23.9,30.9,0.0,9.1,277,1006.5,26,0.0,26.5,82,23.2,30.6,0.0,10.1,272,1006.1,64,
2025-07-06 03:00:00,26.0,88,23.9,30.5,0.0,10.2,260,1006.0,21,0.0,26.6,82,23.2,30.7,0.0,10.5,266,1006.1,65,
2025-07-06 04:00:00,26.0,87,23.7,30.3,0.0,11.3,263,1006.0,18,0.0,26.7,82,23.3,30.8,0.0,10.9,262,1006.1,63,
2025-07-06 05:00:00,26.1,84,23.2,29.8,0.0,13.0,272,1006.1,35,0.0,26.9,82,23.6,31.1,0.0,11.3,263,1006.2,60,
2025-07-06 06:00:00,26.1,86,23.6,30.1,0.0,13.0,267,1006.3,34,21.0,27.2,82,23.8,31.4,0.0,12.0,261,1006.3,54,
2025-07-06 07:00:00,26.7,83,23.6,30.8,0.0,11.9,268,1006.7,25,128.0,27.5,82,24.1,31.8,0.0,12.7,263,1006.4,49,
2025-07-06 08:00:00,27.7,80,23.9,31.9,0.0,12.6,273,1006.8,28,278.0,27.8,82,24.4,32.2,0.0,13.4,264,1006.4,44,
2025-07-06 09:00:00,28.3,76,23.7,32.4,0.0,12.3,275,1006.5,34,399.0,28.1,81,24.5,32.5,0.0,13.7,265,1006.3,41,
2025-07-06 10:00:00,29.1,74,24.0,33.0,0.0,14.8,284,1006.7,43,502.0,28.4,80,24.6,32.8,0.0,14.1,267,1006.1,40,
2025-07-06 11:00:00,30.1,72,24.5,34.3,0.0,17.2,290,1006.6,45,616.0,28.8,78,24.5,33.0,0.0,14.8,269,1005.7,39,
2025-07-06 12:00:00,30.4,70,24.3,33.9,0.0,20.6,297,1006.3,17,599.0,29.2,77,24.7,33.5,0.0,15.1,271,1005.3,40,
2025-07-06 13:00:00,30.6,74,25.4,36.1,0.0,21.6,294,1005.6,4,891.0,29.5,75,24.6,33.7,0.0,15.5,273,1004.9,41,
2025-07-06 14:00:00,30.7,73,25.3,36.1,0.0,20.8,293,1005.3,39,877.0,29.7,74,24.6,33.9,0.0,15.9,275,1004.6,42,
2025-07-06 15:00:00,30.9,67,24.0,35.3,0.0,19.5,304,1004.5,32,784.0,29.7,74,24.6,33.9,0.0,15.6,278,1004.4,44,
2025-07-06 16:00:00,30.9,66,23.8,34.7,0.0,18.3,302,1004.0,38,649.0,29.5,75,24.6,33.7,0.0,15.0,281,1004.4,47,
2025-07-06 17:00:00,30.2,68,23.6,33.4,0.0,18.4,305,1003.9,37,465.0,29.0,77,24.6,33.4,0.0,14.2,286,1004.5,50,
2025-07-06 18:00:00,29.5,70,23.5,33.0,0.0,15.9,309,1003.7,5,272.0,28.5,79,24.5,32.9,0.0,13.2,292,1004.7,54,
2025-07-06 19:00:00,28.4,76,23.7,32.3,0.0,13.5,312,1004.7,34,102.0,27.9,81,24.3,32.4,0.0,12.2,298,1005.0,59,
2025-07-06 20:00:00,27.3,83,24.1,31.6,0.0,12.6,307,1005.3,21,6.0,27.3,83,24.2,31.8,0.0,11.7,304,1005.2,63,
2025-07-06 21:00:00,26.8,87,24.4,31.3,0.0,12.2,304,1005.3,16,0.0,26.9,85,24.2,31.5,0.0,11.0,308,1005.3,66,
2025-07-06 22:00:00,26.6,87,24.3,31.1,0.0,11.9,295,1005.9,18,0.0,26.7,86,24.1,31.3,0.0,10.5,308,1005.3,69,
2025-07-06 23:00:00,26.6,86,24.1,30.9,0.0,12.5,288,1006.2,12,0.0,26.4,87,24.1,31.1,0.0,9.8,306,1005.4,71,
2025-07-07 00:00:00,26.2,86,23.6,30.5,0.0,10.5,276,1005.8,6,0.0,26.3,88,24.1,31.1,0.0,9.1,304,1005.3,73,
2025-07-07 01:00:00,26.1,88,23.9,30.5,0.0,10.9,278,1005.5,13,0.0,26.2,88,24.0,31.0,0.0,8.5,298,1005.3,75,
2025-07-07 02:00:00,26.1,89,24.2,30.7,0.0,10.7,284,1005.3,43,0.0,26.1,89,24.2,31.1,0.0,8.1,291,1005.3,76,
2025-07-07 03:00:00,25.8,91,24.2,30.7,0.0,9.0,275,1005.2,46,0.0,26.1,89,24.2,31.2,0.0,7.9,286,1005.3,78,
2025-07-07 04:00:00,25.7,91,24.1,30.5,0.0,8.7,265,1005.5,68,0.0,26.2,89,24.2,31.3,0.0,7.7,281,1005.4,80,
2025-07-07 05:00:00,25.6,92,24.2,30.7,0.0,7.3,259,1005.7,63,0.0,26.3,90,24.5,31.6,0.0,7.6,278,1005.5,84,
2025-07-07 06:00:00,25.6,92,24.2,30.7,0.0,7.6,251,1005.9,38,16.0,26.4,90,24.6,31.7,0.0,8.0,275,1005.6,87,
2025-07-07 07:00:00,26.4,89,24.4,31.7,0.0,7.8,257,1006.1,36,101.0,26.6,90,24.8,32.0,0.0,7.9,270,1005.7,89,
2025-07-07 08:00:00,27.3,86,24.8,32.5,0.0,9.7,272,1005.9,35,211.0,26.8,90,25.0,32.4,0.0,8.3,268,1005.7,90,
2025-07-07 09:00:00,28.1,83,24.9,33.5,0.0,8.7,277,1005.7,38,343.0,27.1,89,25.1,32.7,0.0,8.3,265,1005.7,88,
2025-07-07 10:00:00,29.2,80,25.4,34.8,0.0,10.0,283,1005.7,37,458.0,27.5,88,25.3,33.3,0.0,8.4,263,1005.6,82,
2025-07-07 11:00:00,30.1,79,26.1,35.9,0.0,12.8,286,1005.7,34,588.0,28.1,86,25.5,34.0,0.0,8.5,258,1005.4,74,
2025-07-07 12:00:00,30.9,75,26.0,37.2,0.0,13.3,283,1005.4,15,712.0,28.7,84,25.7,34.6,0.0,8.9,256,1005.2,63,
2025-07-07 13:00:00,31.7,72,26.0,38.8,0.0,12.8,280,1004.6,7,849.0,29.3,83,26.1,35.5,0.0,8.7,253,1005.0,52,
2025-07-07 14:00:00,32.1,70,25.9,39.2,0.0,12.1,282,1004.2,8,828.0,29.8,81,26.1,36.0,0.0,8.8,251,1004.8,43,
2025-07-07 15:00:00,32.6,67,25.6,39.2,0.0,10.7,282,1004.3,8,729.0,30.0,81,26.3,36.4,0.0,8.4,250,1004.7,37,
2025-07-07 16:00:00,32.5,68,25.8,38.6,0.0,10.5,274,1004.1,8,606.0,29.9,82,26.5,36.6,0.0,7.6,251,1004.7,34,
2025-07-07 17:00:00,32.0,70,25.8,37.7,0.0,10.5,278,1003.9,7,442.0,29.7,83,26.5,36.4,0.0,6.7,254,1004.8,32,
2025-07-07 18:00:00,31.4,71,25.5,37.4,0.0,7.3,279,1004.0,13,256.0,29.3,85,26.5,36.2,0.0,5.4,262,1004.9,32,
2025-07-07 19:00:00,30.2,77,25.7,36.4,0.0,6.7,286,1004.5,14,88.0,28.8,87,26.4,35.9,0.0,4.3,270,1005.1,33,
2025-07-07 20:00:00,29.0,83,25.8,35.3,0.0,7.1,294,1004.7,8,5.0,28.4,89,26.4,35.5,0.0,3.7,281,1005.2,35,
2025-07-07 21:00:00,28.3,85,25.5,34.3,0.0,7.4,317,1005.3,8,0.0,28.0,91,26.4,35.2,0.0,3.2,297,1005.3,37,
2025-07-07 22:00:00,27.7,85,25.0,33.4,0.0,6.7,324,1005.7,6,0.0,27.7,92,26.2,34.8,0.1,3.1,306,1005.4,41,
2025-07-07 23:00:00,27.1,88,24.9,33.0,0.0,5.4,307,1006.1,6,0.0,27.3,94,26.3,34.5,0.1,3.1,315,1005.4,47,
2025-07-08 00:00:00,26.6,90,24.8,32.4,0.0,5.9,308,1005.8,16,0.0,27.0,96,26.3,34.1,0.1,3.1,315,1005.5,53,
2025-07-08 01:00:00,26.2,92,24.8,31.8,0.0,6.4,308,1005.7,12,0.0,26.7,97,26.1,33.7,0.1,3.1,315,1005.5,59,
2025-07-08 02:00:00,25.8,94,24.8,31.6,0.0,5.4,323,1005.8,7,0.0,26.5,98,26.1,33.5,0.1,2.8,310,1005.6,64,
2025-07-08 03:00:00,25.9,95,25.0,31.9,0.0,5.0,360,1005.9,18,0.0,26.4,98,26.0,33.5,0.1,2.3,309,1005.7,66,
2025-07-08 04:00:00,25.9,95,25.0,31.7,0.0,6.2,21,1006.1,21,0.0,26.4,98,26.1,33.6,0.0,1.6,297,1005.9,65,
2025-07-08 05:00:00,25.9,95,25.0,31.6,0.0,6.8,18,1006.1,21,0.0,26.6,98,26.3,34.1,0.0,1.0,225,1006.1,62,
2025-07-08 06:00:00,26.0,95,25.1,32.1,0.0,4.8,48,1006.6,29,18.0,26.9,97,26.4,34.3,0.0,2.2,180,1006.4,58,
2025-07-08 07:00:00,27.0,91,25.4,33.2,0.0,5.0,90,1007.1,32,102.0,27.2,96,26.5,34.4,0.0,3.7,169,1006.6,52,
2025-07-08 08:00:00,27.9,87,25.5,33.9,0.0,7.0,102,1007.2,38,208.0,27.6,94,26.6,34.7,0.0,4.9,163,1006.8,47,
2025-07-08 09:00:00,28.5,83,25.3,34.5,0.0,6.8,90,1007.0,39,322.0,28.0,92,26.5,34.9,0.0,5.7,162,1006.9,41,
2025-07-08 10:00:00,29.6,79,25.6,35.5,0.0,8.7,114,1006.9,32,442.0,28.4,88,26.2,35.2,0.0,5.7,162,1006.8,35,
2025-07-08 11:00:00,30.1,78,25.8,36.0,0.0,9.7,117,1007.0,26,572.0,29.0,83,25.8,35.5,0.0,5.6,165,1006.6,27,
2025-07-08 12:00:00,31.1,71,25.2,37.5,0.0,8.1,111,1006.7,22,671.0,29.6,78,25.4,35.9,0.0,4.7,171,1006.3,19,
2025-07-08 13:00:00,31.7,69,25.3,38.3,0.0,9.9,109,1006.2,22,747.0,30.2,73,24.8,36.1,0.0,4.3,175,1006.0,12,
2025-07-08 14:00:00,32.0,67,25.1,38.3,0.0,9.9,100,1006.0,19,723.0,30.6,69,24.2,36.2,0.0,4.0,180,1005.8,6,
2025-07-08 15:00:00,33.2,56,23.3,38.0,0.0,9.4,90,1005.6,30,634.0,30.7,67,23.8,36.1,0.0,3.6,174,1005.7,3,
2025-07-08 16:00:00,32.7,59,23.6,37.2,0.0,9.0,92,1005.6,25,481.0,30.4,68,23.8,35.8,0.1,3.9,158,1005.8,3,
2025-07-08 17:00:00,31.8,65,24.4,37.0,0.0,8.3,90,1005.6,23,349.0,29.9,71,24.0,35.3,0.1,4.9,144,1006.1,5,
2025-07-08 18:00:00,31.4,70,25.3,37.2,0.0,7.4,67,1005.5,20,201.0,29.2,75,24.3,34.5,0.1,6.1,130,1006.5,9,
2025-07-08 19:00:00,29.7,76,25.0,35.4,0.0,7.1,60,1006.2,41,70.0,28.4,80,24.6,33.8,0.1,7.8,124,1006.8,13,
2025-07-08 20:00:00,28.2,77,23.8,32.9,0.2,8.9,50,1006.6,33,3.0,27.7,84,24.8,32.9,0.1,9.5,119,1007.2,17,
2025-07-08 21:00:00,28.2,80,24.4,33.0,0.1,10.0,69,1006.9,22,0.0,27.2,87,24.9,32.3,0.1,10.5,117,1007.4,20,
2025-07-08 22:00:00,27.8,83,24.7,32.9,0.0,9.9,80,1007.3,20,0.0,26.9,89,24.9,32.0,0.0,11.1,115,1007.5,21,
2025-07-08 23:00:00,27.6,85,24.8,32.9,0.0,8.8,81,1007.7,41,0.0,26.7,90,24.9,31.7,0.0,11.0,113,1007.6,22,
2025-07-09 00:00:00,27.4,86,24.9,32.9,0.0,7.7,79,1007.5,39,0.0,26.5,91,24.9,31.6,0.0,10.8,111,1007.6,22,
2025-07-09 01:00:00,27.3,86,24.7,32.8,0.0,6.8,93,1007.4,39,0.0,26.5,91,24.9,31.6,0.0,10.4,110,1007.6,22,
2025-07-09 02:00:00,27.0,86,24.5,32.5,0.0,6.5,87,1007.6,43,0.0,26.4,91,24.8,31.5,0.0,10.4,110,1007.6,22,
2025-07-09 03:00:00,27.2,86,24.6,32.7,0.0,6.6,112,1007.3,25,0.0,26.5,91,24.9,31.6,0.0,10.4,110,1007.7,23,
2025-07-09 04:00:00,27.0,87,24.6,32.4,0.0,7.3,99,1007.6,29,0.0,26.6,90,24.8,31.6,0.0,10.8,111,1007.9,25,
2025-07-09 05:00:00,26.7,88,24.5,32.0,0.0,7.6,87,1007.7,30,0.0,26.8,89,24.8,31.8,0.0,11.3,112,1008.2,27,
2025-07-09 06:00:00,27.1,86,24.6,32.2,0.0,9.2,111,1008.3,38,16.0,27.1,87,24.7,31.9,0.0,11.8,113,1008.6,30,
2025-07-09 07:00:00,27.7,81,24.2,32.4,0.0,10.0,116,1008.7,40,93.0,27.4,85,24.6,32.1,0.0,12.2,114,1008.9,32,
2025-07-09 08:00:00,28.3,81,24.7,33.2,0.0,11.3,117,1008.9,39,213.0,27.7,83,24.6,32.3,0.0,12.6,117,1009.2,33,
2025-07-09 09:00:00,28.9,79,24.9,33.4,0.0,14.1,109,1008.9,37,346.0,28.0,81,24.4,32.5,0.0,12.7,119,1009.3,32,
2025-07-09 10:00:00,29.5,77,25.0,34.0,0.0,15.1,108,1008.9,15,520.0,28.4,79,24.4,32.9,0.0,12.6,121,1009.2,28,
2025-07-09 11:00:00,30.1,76,25.4,35.7,0.0,16.1,110,1008.9,11,722.0,28.9,77,24.4,33.4,0.0,12.4,126,1009.0,21,
2025-07-09 12:00:00,30.5,71,24.7,36.2,0.0,15.5,103,1008.6,15,819.0,29.3,76,24.6,34.0,0.0,12.3,130,1008.6,13,
2025-07-09 13:00:00,30.9,70,24.8,36.6,0.0,16.0,98,1008.0,11,829.0,29.8,74,24.6,34.5,0.0,12.2,133,1008.3,6,
2025-07-09 14:00:00,31.0,68,24.4,36.3,0.0,15.9,95,1007.8,10,796.0,30.0,73,24.6,34.8,0.0,11.7,135,1008.0,1,
2025-07-09 15:00:00,31.0,66,23.9,35.5,0.0,15.8,91,1007.8,7,705.0,30.1,73,24.7,35.0,0.0,11.2,135,1007.9,0,
2025-07-09 16:00:00,30.5,69,24.2,34.5,0.0,16.6,90,1007.6,8,594.0,29.8,74,24.7,34.8,0.1,10.5,131,1008.0,5,
2025-07-09 17:00:00,30.0,71,24.2,34.0,0.0,15.5,90,1007.6,7,432.0,29.4,76,24.7,34.5,0.1,9.9,123,1008.2,15,
2025-07-09 18:00:00,29.2,74,24.1,33.3,0.0,14.4,93,1007.8,13,242.0,28.7,78,24.5,33.8,0.1,9.4,113,1008.5,27,
2025-07-09 19:00:00,28.5,78,24.3,32.9,0.0,12.6,90,1008.0,16,82.0,28.1,81,24.5,33.1,0.1,9.2,101,1008.8,39,
2025-07-09 20:00:00,28.0,79,24.0,32.5,0.0,11.2,75,1008.3,24,5.0,27.5,83,24.3,32.4,0.1,9.4,90,1009.0,49,
2025-07-09 21:00:00,27.5,79,23.5,31.8,0.0,9.9,71,1009.0,8,0.0,27.0,85,24.2,31.8,0.1,9.4,83,1009.2,53,
2025-07-09 22:00:00,27.2,80,23.5,31.7,0.0,8.9,76,1009.3,25,0.0,26.6,87,24.2,31.5,0.1,9.2,79,1009.2,51,
2025-07-09 23:00:00,27.1,83,23.9,32.0,0.0,7.6,87,1009.5,39,0.0,26.2,88,24.1,31.1,0.1,8.3,72,1009.2,43,
2025-07-10 00:00:00,26.0,89,24.0,31.0,0.0,7.2,84,1009.5,21,0.0,25.9,90,24.1,30.9,0.1,7.8,68,1009.2,33,
2025-07-10 01:00:00,25.7,90,23.9,30.9,0.0,6.0,73,1009.0,11,0.0,25.6,91,24.0,30.7,0.1,6.8,65,1009.1,22,
2025-07-10 02:00:00,25.4,92,24.0,30.6,0.0,5.7,72,1008.9,5,0.0,25.5,91,23.9,30.6,0.1,5.8,60,1009.0,14,
2025-07-10 03:00:00,25.2,95,24.3,30.7,0.0,5.5,67,1009.0,22,0.0,25.5,91,23.9,30.7,0.1,5.5,58,1009.0,9,
2025-07-10 04:00:00,25.0,96,24.3,30.3,0.0,6.1,50,1008.7,28,0.0,25.7,90,23.9,30.9,0.0,5.3,62,1009.0,9,
2025-07-10 05:00:00,24.7,96,24.0,29.9,0.0,5.6,45,1008.7,33,0.0,26.0,88,23.9,31.3,0.0,5.2,65,1009.1,13,
2025-07-10 06:00:00,24.8,94,23.7,29.9,0.0,5.3,28,1009.1,58,13.0,26.5,85,23.8,31.7,0.0,5.2,74,1009.2,19,
2025-07-10 07:00:00,25.5,90,23.7,30.6,0.0,5.4,20,1009.3,75,54.0,27.0,83,23.9,32.2,0.0,5.4,82,1009.3,24,
2025-07-10 08:00:00,26.4,87,24.1,32.0,0.0,4.1,52,1009.3,48,110.0,27.6,80,23.8,32.7,0.0,5.8,90,1009.4,29,
2025-07-10 09:00:00,28.4,79,24.4,34.0,0.0,4.4,55,1009.2,44,250.0,28.0,78,23.8,33.1,0.0,5.9,101,1009.3,31,
2025-07-10 10:00:00,29.2,77,24.8,34.6,0.0,8.3,108,1009.2,32,444.0,28.5,76,23.8,33.5,0.0,6.3,114,1009.1,29,
2025-07-10 11:00:00,29.6,75,24.7,35.0,0.0,9.2,101,1008.8,31,582.0,29.0,74,23.9,34.0,0.0,7.0,125,1008.8,24,
2025-07-10 12:00:00,29.9,74,24.7,35.4,0.0,10.0,131,1008.7,41,631.0,29.6,73,24.2,34.6,0.0,8.1,135,1008.4,19,
2025-07-10 13:00:00,30.2,73,24.8,35.8,0.0,8.4,130,1007.9,40,577.0,30.1,71,24.2,34.9,0.0,9.5,143,1008.1,13,
2025-07-10 14:00:00,30.6,74,25.4,36.4,0.0,9.2,129,1007.9,29,567.0,30.4,70,24.3,35.1,0.0,10.4,146,1007.8,10,
2025-07-10 15:00:00,30.9,68,24.3,36.2,0.0,6.6,103,1007.8,40,484.0,30.5,70,24.4,35.3,0.0,10.5,149,1007.7,10,
2025-07-10 16:00:00,31.0,67,24.1,36.4,0.0,5.1,98,1007.5,36,384.0,30.3,71,24.4,35.2,0.0,9.7,149,1007.8,15,
2025-07-10 17:00:00,30.7,66,23.6,35.8,0.0,5.1,94,1007.4,48,246.0,29.9,72,24.3,34.9,0.0,8.6,147,1007.9,23,
2025-07-10 18:00:00,29.8,68,23.3,34.7,0.0,5.5,79,1007.7,46,130.0,29.3,74,24.1,34.5,0.0,6.7,144,1008.2,34,
2025-07-10 19:00:00,29.2,70,23.2,34.3,0.0,3.7,79,1007.5,31,52.0,28.7,76,24.0,34.1,0.0,4.8,132,1008.5,45,
2025-07-10 20:00:00,28.4,75,23.5,33.6,0.0,4.1,38,1007.4,33,4.0,28.1,78,23.9,33.5,0.0,3.7,119,1008.8,55,
2025-07-10 21:00:00,27.8,85,25.1,34.2,0.0,2.3,51,1008.7,45,0.0,27.7,79,23.7,33.1,0.0,3.3,103,1008.9,63,
2025-07-10 22:00:00,27.4,90,25.6,34.1,0.0,3.3,84,1009.1,40,0.0,27.4,80,23.6,32.7,0.0,3.6,96,1008.9,69,
2025-07-10 23:00:00,27.1,91,25.5,33.4,0.0,5.4,70,1009.1,43,0.0,27.1,81,23.6,32.3,0.0,4.7,94,1008.9,73,
2025-07-11 00:00:00,26.9,95,26.0,33.6,0.0,4.9,73,1008.8,33,0.0,26.9,82,23.5,31.8,0.0,5.8,97,1008.8,77,
2025-07-11 01:00:00,26.7,92,25.3,32.9,0.0,5.4,90,1008.4,27,0.0,26.7,83,23.6,31.5,0.0,6.9,99,1008.6,80,
2025-07-11 02:00:00,26.3,92,24.9,32.1,0.0,5.9,47,1008.2,29,0.0,26.7,84,23.7,31.5,0.0,7.7,101,1008.6,82,
2025-07-11 03:00:00,26.2,93,24.9,32.1,0.0,5.4,70,1008.5,30,0.0,26.7,84,23.7,31.4,0.0,8.4,100,1008.6,84,
2025-07-11 04:00:00,26.2,92,24.8,31.9,0.0,5.9,101,1008.7,44,0.0,26.8,84,23.9,31.6,0.0,8.8,99,1008.7,85,
2025-07-11 05:00:00,26.0,91,24.4,31.4,0.0,6.5,71,1008.6,52,0.0,27.1,84,24.1,31.9,0.0,9.1,97,1009.0,84,
2025-07-11 06:00:00,25.9,94,24.9,31.7,0.0,6.0,65,1009.2,75,8.0,27.4,84,24.5,32.5,0.0,9.0,95,1009.2,83,
2025-07-11 07:00:00,26.3,91,24.7,31.6,0.0,8.0,63,1009.3,65,43.0,27.8,83,24.6,33.0,0.0,8.7,95,1009.5,81,
2025-07-11 08:00:00,27.3,84,24.4,32.0,0.0,11.2,86,1009.3,68,102.0,28.1,82,24.7,33.4,0.0,8.7,95,1009.7,80,
2025-07-11 09:00:00,27.4,85,24.7,32.7,0.0,8.4,59,1009.4,59,197.0,28.4,82,25.0,33.9,0.0,8.4,97,1009.8,79,
2025-07-11 10:00:00,28.4,80,24.6,33.5,0.0,10.0,77,1009.3,63,265.0,28.6,81,25.0,34.2,0.1,7.8,103,1009.8,78,
2025-07-11 11:00:00,28.8,80,25.0,34.0,0.0,10.9,96,1009.4,71,309.0,28.8,81,25.2,34.5,0.1,7.6,115,1009.7,78,
2025-07-11 12:00:00,29.6,78,25.4,34.8,0.0,12.4,107,1009.9,35,428.0,29.0,80,25.2,34.7,0.1,7.4,129,1009.6,78,
2025-07-11 13:00:00,30.0,77,25.5,35.1,0.0,13.7,117,1009.3,25,560.0,29.1,79,25.1,34.8,0.1,7.7,143,1009.4,77,
2025-07-11 14:00:00,29.8,77,25.3,34.9,0.0,12.8,112,1009.1,42,537.0,29.2,79,25.1,34.8,0.1,8.2,151,1009.3,77,
2025-07-11 15:00:00,30.6,66,23.5,35.0,0.0,9.2,116,1009.0,33,457.0,29.1,79,25.1,34.6,0.1,8.7,156,1009.3,77,
2025-07-11 16:00:00,30.6,64,23.0,35.2,0.0,6.5,93,1008.9,58,349.0,29.0,80,25.2,34.5,0.2,9.0,157,1009.4,77,
2025-07-11 17:00:00,30.3,65,23.0,34.7,0.0,7.3,70,1009.0,35,219.0,28.7,81,25.1,34.1,0.2,9.0,157,1009.6,77,
2025-07-11 18:00:00,29.4,71,23.6,34.3,0.0,6.5,56,1009.1,43,138.0,28.3,83,25.1,33.9,0.2,8.9,153,1009.9,77,
2025-07-11 19:00:00,28.8,75,23.9,33.8,0.0,7.1,66,1009.3,61,43.0,28.0,85,25.2,33.5,0.2,8.9,148,1010.1,78,
2025-07-11 20:00:00,28.2,79,24.2,33.5,0.0,6.2,69,1009.4,45,2.0,27.6,86,25.0,33.1,0.2,8.5,144,1010.3,79,
2025-07-11 21:00:00,27.3,85,24.5,32.6,0.0,7.1,49,1010.4,47,0.0,27.3,87,24.9,32.8,0.2,7.9,137,1010.4,80,
2025-07-11 22:00:00,27.0,88,24.8,32.6,0.0,6.9,51,1010.5,46,0.0,27.0,88,24.8,32.5,0.1,7.2,127,1010.3,82,
2025-07-11 23:00:00,26.7,89,24.7,32.4,0.0,5.9,52,1010.7,47,0.0,26.7,88,24.5,32.1,0.1,6.6,112,1010.1,86,
2025-07-12 00:00:00,26.2,91,24.6,31.8,0.0,5.6,45,1010.4,40,0.0,26.4,88,24.2,31.7,0.1,6.1,93,1009.9,90,
2025-07-12 01:00:00,25.9,93,24.6,31.4,0.0,6.9,43,1009.6,62,0.0,26.1,88,24.0,31.2,0.1,6.7,74,1009.6,93,
2025-07-12 02:00:00,25.6,93,24.4,31.0,0.0,6.6,41,1009.3,69,0.0,26.0,88,23.8,30.8,0.1,7.7,62,1009.4,96,
2025-07-12 03:00:00,25.5,94,24.5,30.9,0.0,7.2,37,1009.1,54,0.0,25.9,87,23.6,30.6,0.1,8.1,58,1009.2,98,
2025-07-12 04:00:00,25.4,94,24.3,30.6,0.0,7.1,45,1008.8,40,0.0,26.0,86,23.5,30.6,0.0,8.1,58,1009.2,98,
2025-07-12 05:00:00,25.3,93,24.0,30.3,0.0,7.4,47,1008.7,36,0.0,26.3,85,23.5,30.9,0.0,8.2,61,1009.2,97,
2025-07-12 06:00:00,25.5,92,24.1,30.7,0.0,6.4,43,1009.2,40,10.0,26.6,83,23.5,31.3,0.0,7.8,68,1009.3,96,
2025-07-12 07:00:00,26.0,89,24.1,31.2,0.0,6.6,49,1009.0,36,69.0,27.0,82,23.6,31.7,0.0,7.4,76,1009.4,93,
2025-07-12 08:00:00,27.4,83,24.2,32.5,0.0,7.2,72,1009.0,30,183.0,27.3,80,23.6,32.1,0.0,7.2,87,1009.4,91,
2025-07-12 09:00:00,28.8,80,25.0,34.3,0.0,8.3,90,1009.2,28,311.0,27.7,79,23.7,32.6,0.0,6.9,96,1009.3,89,
2025-07-12 10:00:00,29.0,81,25.4,34.3,0.0,11.6,95,1008.7,53,427.0,28.0,78,23.8,33.0,0.0,6.8,108,1009.0,87,
2025-07-12 11:00:00,28.9,80,25.1,33.9,0.0,11.7,101,1008.6,87,356.0,28.4,77,23.9,33.4,0.0,6.8,122,1008.7,84,
2025-07-12 12:00:00,29.8,76,25.1,35.2,0.0,10.0,105,1008.3,75,346.0,28.8,76,24.1,33.8,0.0,7.6,135,1008.2,81,
2025-07-12 13:00:00,29.7,76,25.0,35.0,0.0,9.7,112,1007.6,84,387.0,29.1,75,24.2,34.1,0.0,8.6,147,1007.8,78,
2025-07-12 14:00:00,29.8,75,24.9,35.1,0.0,8.6,123,1007.3,79,367.0,29.3,75,24.4,34.3,0.0,9.2,154,1007.4,75,
2025-07-12 15:00:00,30.2,71,24.3,35.3,0.0,7.8,112,1006.8,65,331.0,29.4,75,24.5,34.4,0.0,9.7,158,1007.1,74,
2025-07-12 16:00:00,30.0,72,24.4,35.2,0.0,7.1,114,1006.8,68,305.0,29.3,76,24.6,34.5,0.0,9.2,159,1007.0,73,
2025-07-12 17:00:00,29.8,72,24.2,35.1,0.0,6.6,103,1006.5,35,218.0,29.0,77,24.6,34.2,0.0,8.4,160,1007.0,74,
2025-07-12 18:00:00,29.7,73,24.3,34.9,0.0,7.2,117,1006.5,34,168.0,28.6,78,24.4,33.9,0.0,7.0,159,1007.1,74,
2025-07-12 19:00:00,29.1,77,24.7,34.8,0.0,5.6,105,1006.6,38,67.0,28.2,79,24.2,33.6,0.0,5.6,153,1007.2,75,
2025-07-12 20:00:00,28.4,81,24.8,34.1,0.0,5.8,90,1006.8,55,3.0,27.8,81,24.3,33.4,0.0,4.7,148,1007.2,77,
2025-07-12 21:00:00,27.9,83,24.7,33.6,0.0,5.2,74,1007.0,31,0.0,27.5,82,24.2,33.1,0.0,4.3,138,1007.1,79,
2025-07-12 22:00:00,27.4,86,24.9,33.1,0.0,6.6,81,1006.6,34,0.0,27.3,83,24.2,32.8,0.0,4.6,129,1006.9,82,
2025-07-12 23:00:00,27.4,86,24.8,33.0,0.0,6.6,99,1006.3,34,0.0,27.1,84,24.2,32.5,0.0,5.5,122,1006.6,87,
2025-07-13 00:00:00,27.5,83,24.3,32.4,0.0,9.0,127,1005.9,72,0.0,26.9,85,24.2,32.2,0.0,6.4,117,1006.3,91,
2025-07-13 01:00:00,27.3,83,24.1,32.1,0.0,9.1,124,1005.3,58,0.0,26.8,86,24.3,32.0,0.0,7.6,115,1005.9,96,
2025-07-13 02:00:00,27.2,83,24.1,32.1,0.0,8.4,121,1005.1,33,0.0,26.8,86,24.2,31.7,0.0,9.0,113,1005.6,99,
2025-07-13 03:00:00,27.1,83,24.0,31.8,0.0,9.7,121,1005.1,33,0.0,26.8,86,24.2,31.5,0.0,10.2,113,1005.3,100,
2025-07-13 04:00:00,27.2,84,24.2,31.7,0.0,12.0,123,1004.7,67,0.0,26.9,85,24.1,31.4,0.0,11.3,112,1005.1,98,
2025-07-13 05:00:00,27.1,85,24.4,31.6,0.0,12.8,128,1004.7,59,0.0,27.1,84,24.2,31.5,0.0,12.6,114,1004.9,94,
2025-07-13 06:00:00,27.1,85,24.4,31.8,0.0,11.5,122,1004.8,50,11.0,27.4,83,24.3,31.6,0.0,14.2,114,1004.8,89,
2025-07-13 07:00:00,27.2,86,24.7,31.8,0.1,13.2,119,1004.7,57,52.0,27.7,81,24.2,31.6,0.0,15.6,116,1004.6,83,
2025-07-13 08:00:00,27.6,84,24.7,32.1,0.1,13.7,120,1004.4,45,133.0,28.0,80,24.2,31.8,0.0,16.6,117,1004.4,78,
2025-07-13 09:00:00,28.4,80,24.6,32.6,0.0,15.9,115,1003.8,38,298.0,28.2,79,24.2,31.9,0.0,17.6,118,1004.1,74,
2025-07-13 10:00:00,28.9,79,24.9,32.8,0.0,18.2,115,1003.7,31,452.0,28.4,79,24.4,32.1,0.0,18.2,120,1003.7,72,
2025-07-13 11:00:00,29.3,79,25.3,33.5,0.0,20.5,112,1003.2,19,606.0,28.6,79,24.6,32.4,0.0,18.6,122,1003.2,70,
2025-07-13 12:00:00,29.6,76,24.9,33.8,0.0,19.9,112,1002.5,27,654.0,28.8,79,24.8,32.6,0.0,18.7,124,1002.6,69,
2025-07-13 13:00:00,29.7,76,25.0,33.8,0.0,21.5,113,1001.3,68,646.0,28.9,80,25.1,32.9,0.0,19.0,127,1002.1,68,
2025-07-13 14:00:00,29.8,78,25.5,33.9,0.0,21.8,112,1000.7,83,593.0,28.9,80,25.1,33.0,0.0,18.9,129,1001.5,68,
2025-07-13 15:00:00,31.0,71,25.1,34.8,0.0,20.8,127,1000.7,26,553.0,28.9,81,25.3,32.9,0.0,19.4,130,1001.1,68,
2025-07-13 16:00:00,30.9,70,24.8,34.4,0.0,20.7,131,1000.1,27,483.0,28.7,82,25.3,32.7,0.4,19.6,131,1000.8,69,
2025-07-13 17:00:00,30.1,74,25.0,33.9,0.0,19.9,132,999.8,45,288.0,28.3,83,25.1,32.2,0.4,19.9,132,1000.6,71,
2025-07-13 18:00:00,28.8,79,24.8,32.1,0.1,21.9,132,999.3,39,116.0,27.9,85,25.2,31.8,0.4,20.4,132,1000.5,74,
2025-07-13 19:00:00,28.3,81,24.7,31.7,0.0,21.2,132,999.4,42,50.0,27.5,86,24.9,31.2,0.4,20.4,132,1000.3,77,
2025-07-13 20:00:00,28.1,82,24.7,31.6,0.0,20.6,134,999.0,35,2.0,27.1,88,24.9,30.7,0.4,20.9,132,1000.0,80,
2025-07-13 21:00:00,27.7,83,24.6,31.5,0.0,18.5,143,999.5,90,0.0,26.8,89,24.8,30.3,0.4,21.1,133,999.6,82,
2025-07-13 22:00:00,26.8,88,24.6,30.6,1.7,18.1,139,998.7,61,0.0,26.5,90,24.7,29.9,2.6,21.7,133,999.0,84,
2025-07-13 23:00:00,26.6,90,24.8,30.5,4.7,19.1,136,998.0,66,0.0,26.3,90,24.5,29.5,2.6,22.4,134,998.2,85,
2025-07-14 00:00:00,26.9,87,24.5,30.3,1.6,20.5,129,997.0,40,0.0,26.2,91,24.6,29.2,2.6,23.2,134,997.3,86,
2025-07-14 01:00:00,27.0,88,24.9,30.6,0.0,20.7,125,995.9,37,0.0,26.1,91,24.5,29.0,2.6,23.7,136,996.3,87,
2025-07-14 02:00:00,26.9,87,24.5,30.2,0.2,21.1,134,994.7,35,0.0,26.0,91,24.4,28.8,2.6,23.9,136,995.5,88,
2025-07-14 03:00:00,27.1,86,24.6,30.6,0.0,20.6,137,994.3,38,0.0,25.9,92,24.5,28.8,2.6,23.7,137,994.7,89,
2025-07-14 04:00:00,27.3,84,24.3,30.8,0.0,19.0,143,993.8,24,0.0,25.8,93,24.6,28.9,2.6,23.2,138,994.0,91,
2025-07-14 05:00:00,27.4,83,24.2,30.7,0.0,19.5,142,993.1,25,0.0,25.8,94,24.8,29.1,2.6,22.7,139,993.3,94,
2025-07-14 06:00:00,27.2,83,24.0,31.1,0.0,14.8,137,992.3,81,7.0,25.9,95,25.0,29.4,2.6,21.8,141,992.7,97,
2025-07-14 07:00:00,27.5,81,24.0,31.4,0.0,14.8,139,992.0,49,39.0,25.9,97,25.4,29.9,2.6,20.6,144,992.1,100,
2025-07-14 08:00:00,27.6,84,24.6,32.0,0.0,13.9,149,991.3,65,89.0,26.0,97,25.4,30.3,2.6,18.7,146,991.7,100,
2025-07-14 09:00:00,26.6,90,24.8,31.8,0.0,9.8,144,991.3,50,186.0,26.0,97,25.4,30.7,2.6,15.8,150,991.3,100,
2025-07-14 10:00:00,27.0,89,25.0,32.5,1.4,8.4,133,990.9,49,269.0,26.0,96,25.3,31.2,4.9,11.5,160,991.1,96,
2025-07-14 11:00:00,27.1,90,25.3,33.1,0.8,6.0,155,990.6,61,290.0,25.9,94,24.9,31.6,4.9,6.9,189,990.9,90,
2025-07-14 12:00:00,26.4,91,24.8,30.9,1.4,14.1,283,990.8,46,229.0,25.9,92,24.5,31.3,4.9,7.0,249,990.8,82,
2025-07-14 13:00:00,26.7,81,23.1,29.5,0.4,18.9,294,990.4,47,410.0,25.9,89,23.9,30.2,4.9,12.0,279,990.9,74,
2025-07-14 14:00:00,26.9,76,22.3,28.9,0.0,20.7,305,990.9,66,328.0,25.8,87,23.4,29.0,4.9,17.1,288,991.0,67,
2025-07-14 15:00:00,24.5,87,22.2,27.0,0.0,17.6,305,992.2,77,367.0,25.7,85,23.0,28.2,4.9,20.2,292,991.3,61,
2025-07-14 16:00:00,26.7,74,21.7,28.8,0.0,18.0,303,991.9,28,361.0,25.5,84,22.6,27.7,0.0,20.8,293,991.8,57,
2025-07-14 17:00:00,27.0,70,21.0,28.7,0.0,18.2,300,992.2,21,373.0,25.3,83,22.2,27.5,0.0,19.5,295,992.4,53,
2025-07-14 18:00:00,26.1,73,20.8,28.2,0.0,14.5,293,993.2,32,224.0,25.1,82,21.8,27.4,0.0,17.1,295,993.2,50,
2025-07-14 19:00:00,25.5,75,20.7,27.8,0.0,13.2,292,994.1,24,77.0,24.8,82,21.5,27.4,0.0,14.0,296,994.0,47,
2025-07-14 20:00:00,25.0,77,20.6,27.5,0.0,11.2,291,994.5,12,4.0,24.7,81,21.2,27.5,0.0,11.0,293,994.7,45,
2025-07-14 21:00:00,24.7,79,20.8,27.8,0.0,7.9,286,994.9,13,0.0,24.5,81,21.0,27.7,0.0,8.4,290,995.2,43,
2025-07-14 22:00:00,24.6,81,21.1,27.9,0.0,7.4,256,995.0,15,0.0,24.5,81,21.0,27.9,0.0,6.6,279,995.5,42,
2025-07-14 23:00:00,24.6,82,21.3,27.9,0.0,8.4,239,994.8,12,0.0,24.4,82,21.1,28.1,0.0,5.2,258,995.6,42,
2025-07-15 00:00:00,24.7,84,21.8,27.9,0.0,10.5,232,995.1,9,0.0,24.5,83,21.4,28.3,0.0,5.4,228,995.6,42,
2025-07-15 01:00:00,24.8,82,21.5,27.7,0.0,11.5,226,994.9,6,0.0,24.5,83,21.4,28.1,0.0,6.8,205,995.5,43,
2025-07-15 02:00:00,24.9,81,21.4,27.9,0.0,10.5,221,995.0,8,0.0,24.6,84,21.7,28.1,0.0,8.6,195,995.6,43,
2025-07-15 03:00:00,25.1,80,21.4,28.1,0.0,10.7,194,995.3,5,0.0,24.7,84,21.8,28.0,0.0,9.8,188,995.7,42,
2025-07-15 04:00:00,25.3,80,21.6,28.1,0.0,12.8,169,995.9,19,0.0,24.8,84,21.9,28.2,0.3,10.5,186,996.0,40,
2025-07-15 05:00:00,25.3,80,21.6,28.0,0.0,14.0,151,996.3,31,0.0,25.0,83,21.9,28.3,0.3,10.9,186,996.3,36,
2025-07-15 06:00:00,24.8,84,21.9,28.2,0.4,9.8,163,996.6,38,12.0,25.2,82,21.9,28.5,0.3,10.9,188,996.8,31,
2025-07-15 07:00:00,25.1,85,22.4,28.6,2.3,11.2,174,996.8,28,97.0,25.5,81,22.0,28.8,0.3,10.9,189,997.2,28,
2025-07-15 08:00:00,26.7,78,22.6,30.1,0.0,12.7,187,996.9,30,272.0,25.7,80,22.0,29.1,0.3,10.6,190,997.6,26,
2025-07-15 09:00:00,27.6,74,22.5,31.0,0.0,12.2,208,997.5,10,389.0,25.9,79,22.0,29.3,0.3,10.2,190,997.9,26,
2025-07-15 10:00:00,28.3,70,22.3,32.2,0.0,11.6,196,997.4,12,635.0,26.2,78,22.0,29.7,0.0,9.8,188,998.1,31,
2025-07-15 11:00:00,29.3,64,21.8,32.9,0.0,13.5,209,997.5,21,689.0,26.4,77,22.1,29.9,0.0,9.8,186,998.3,39,
2025-07-15 12:00:00,30.4,57,20.9,32.7,0.0,17.7,213,997.8,32,677.0,26.7,75,21.9,30.2,0.0,9.4,182,998.5,48,
2025-07-15 13:00:00,30.9,53,20.2,33.2,0.0,15.5,208,997.7,33,667.0,27.0,74,21.9,30.6,0.0,8.6,180,998.6,57,
2025-07-15 14:00:00,31.4,51,20.0,34.1,0.0,11.7,214,998.1,38,647.0,27.1,74,22.1,30.9,0.0,8.3,175,998.9,64,
2025-07-15 15:00:00,30.6,54,20.2,33.1,0.0,9.5,217,998.6,77,511.0,27.1,74,22.1,31.0,0.0,7.3,171,999.2,67,
2025-07-15 16:00:00,30.5,54,20.1,32.5,0.0,13.0,231,998.7,75,199.0,27.0,75,22.2,31.1,0.3,5.9,166,999.7,64,
2025-07-15 17:00:00,29.9,55,19.9,31.8,0.0,12.9,234,999.0,72,140.0,26.7,78,22.5,31.2,0.3,4.5,151,1000.2,58,
2025-07-15 18:00:00,29.3,57,19.9,31.7,0.0,9.4,220,999.7,54,83.0,26.3,81,22.8,31.2,0.3,3.1,126,1000.9,50,
2025-07-15 19:00:00,28.7,63,20.9,31.7,0.0,8.7,232,1000.4,63,49.0,25.9,83,22.8,30.9,0.3,2.9,83,1001.5,40,
2025-07-15 20:00:00,28.3,66,21.3,31.0,0.0,12.6,239,1001.2,69,2.0,25.5,86,23.0,30.5,0.3,3.7,61,1002.1,31,
2025-07-15 21:00:00,27.0,71,21.3,30.2,0.0,8.9,220,1002.3,90,0.0,25.3,87,22.9,30.1,0.3,4.1,52,1002.6,24,
2025-07-15 22:00:00,27.0,72,21.5,30.3,0.0,8.9,223,1002.7,32,0.0,25.1,87,22.7,29.9,0.0,3.8,49,1003.0,18,
2025-07-15 23:00:00,27.0,73,21.7,30.2,0.0,10.2,225,1003.1,29,0.0,24.9,87,22.5,29.8,0.0,2.3,51,1003.3,13,
2025-07-16 00:00:00,26.5,74,21.5,29.8,0.0,8.6,213,1003.3,22,0.0,24.7,86,22.2,29.7,0.0,0.5,45,1003.6,8,
2025-07-16 01:00:00,26.3,76,21.7,29.8,0.0,8.6,213,1003.3,21,0.0,24.6,85,21.9,29.3,0.0,1.3,214,1003.9,3,
2025-07-16 02:00:00,26.0,77,21.6,29.5,0.0,8.1,225,1003.6,23,0.0,24.6,84,21.7,29.0,0.0,2.9,210,1004.2,1,
2025-07-16 03:00:00,25.7,76,21.2,29.0,0.0,7.9,210,1004.3,73,0.0,24.7,82,21.4,28.8,0.0,3.9,202,1004.5,0,
2025-07-16 04:00:00,25.7,76,21.1,28.9,0.0,8.0,190,1004.7,68,0.0,25.0,80,21.3,28.8,0.0,4.4,189,1004.9,2,
2025-07-16 05:00:00,25.4,78,21.3,28.8,0.0,8.0,170,1005.0,59,0.0,25.4,76,20.8,28.9,0.0,5.1,176,1005.4,6,
2025-07-16 06:00:00,25.5,78,21.4,28.7,0.0,9.8,163,1005.6,28,16.0,25.9,73,20.7,29.1,0.0,6.4,164,1005.9,11,
2025-07-16 07:00:00,26.2,75,21.4,29.0,0.0,11.9,166,1006.1,20,115.0,26.4,70,20.5,29.4,0.0,7.4,151,1006.4,17,
2025-07-16 08:00:00,27.2,70,21.3,29.8,0.0,13.3,161,1006.4,16,293.0,26.8,67,20.2,29.4,0.0,9.0,143,1006.8,23,
2025-07-16 09:00:00,27.7,71,21.9,30.7,0.0,12.3,140,1006.8,61,470.0,27.2,66,20.3,29.6,0.0,10.7,138,1007.1,28,
2025-07-16 10:00:00,28.4,66,21.4,31.9,0.0,12.0,136,1006.9,17,655.0,27.5,66,20.5,29.8,0.0,12.5,134,1007.2,32,
2025-07-16 11:00:00,28.9,65,21.7,33.0,0.0,13.8,131,1006.9,24,810.0,27.7,68,21.3,30.2,0.0,14.1,130,1007.2,37,
2025-07-16 12:00:00,29.5,62,21.5,33.7,0.0,14.3,100,1007.5,8,864.0,27.9,70,21.9,30.5,0.0,16.0,126,1007.1,41,
2025-07-16 13:00:00,29.8,64,22.2,34.3,0.0,16.5,101,1007.1,25,925.0,28.1,73,22.8,30.9,0.0,17.9,124,1007.0,46,
2025-07-16 14:00:00,30.1,69,23.8,35.2,0.0,17.2,106,1006.8,34,862.0,28.2,76,23.6,31.2,0.0,19.3,123,1006.9,49,
2025-07-16 15:00:00,30.4,71,24.5,35.5,0.0,16.5,113,1006.3,24,773.0,28.2,78,24.0,31.3,0.0,20.6,123,1006.9,52,
2025-07-16 16:00:00,30.3,74,25.1,34.8,0.0,15.8,117,1006.1,38,481.0,28.1,80,24.3,31.4,0.8,21.0,125,1007.0,54,
2025-07-16 17:00:00,29.9,76,25.2,34.5,0.0,14.9,127,1005.8,42,259.0,27.9,82,24.5,31.2,0.8,21.3,127,1007.2,56,
2025-07-16 18:00:00,29.2,78,24.9,33.2,0.0,18.1,149,1006.0,53,152.0,27.6,84,24.6,30.9,0.8,21.4,131,1007.5,57,
2025-07-16 19:00:00,28.2,82,24.8,32.6,0.4,15.1,155,1006.7,44,30.0,27.2,85,24.5,30.5,0.8,21.1,134,1007.7,58,
2025-07-16 20:00:00,28.4,77,24.0,31.8,0.0,18.3,148,1006.8,40,2.0,26.9,87,24.6,30.3,0.8,21.1,137,1008.0,58,
2025-07-16 21:00:00,27.9,80,24.1,31.0,0.0,20.5,149,1007.8,44,0.0,26.7,88,24.6,30.1,0.8,20.9,139,1008.1,57,
2025-07-16 22:00:00,27.5,82,24.2,30.8,0.0,20.1,151,1007.8,60,0.0,26.6,89,24.6,30.0,0.3,20.7,140,1008.2,55,
2025-07-16 23:00:00,27.4,84,24.5,31.4,0.0,16.2,148,1008.0,52,0.0,26.5,90,24.7,30.1,0.3,20.0,141,1008.2,53,
2025-07-17 00:00:00,27.4,84,24.4,31.4,0.0,15.8,145,1008.2,40,0.0,26.4,90,24.6,30.1,0.3,19.2,140,1008.1,50,
2025-07-17 01:00:00,27.3,83,24.2,31.1,0.0,16.5,144,1007.9,36,0.0,26.4,90,24.6,30.2,0.3,18.4,140,1008.1,47,
2025-07-17 02:00:00,27.3,83,24.1,31.0,0.0,16.9,146,1007.8,27,0.0,26.4,90,24.6,30.3,0.3,17.9,140,1008.1,43,
2025-07-17 03:00:00,27.2,84,24.2,30.6,0.0,18.9,145,1007.8,17,0.0,26.5,90,24.7,30.5,0.3,17.3,138,1008.1,40,
2025-07-17 04:00:00,27.0,85,24.3,30.7,0.0,17.7,141,1008.0,21,0.0,26.6,89,24.6,30.6,0.2,17.1,138,1008.2,36,
2025-07-17 05:00:00,26.9,86,24.4,31.1,0.0,14.5,145,1008.2,18,0.0,26.9,88,24.7,31.0,0.2,16.5,136,1008.4,30,
2025-07-17 06:00:00,26.8,87,24.5,31.3,0.0,12.8,148,1008.8,34,15.0,27.2,87,24.8,31.4,0.2,16.0,134,1008.6,24,
2025-07-17 07:00:00,27.2,87,24.8,31.8,0.0,13.7,145,1008.9,23,98.0,27.5,86,24.9,31.8,0.2,15.8,133,1008.8,20,
2025-07-17 08:00:00,27.8,84,24.8,32.4,0.0,13.5,134,1008.8,20,264.0,27.7,85,25.0,32.1,0.2,15.8,131,1009.0,17,
2025-07-17 09:00:00,28.8,81,25.2,33.8,0.0,12.3,122,1008.8,9,472.0,27.9,84,24.9,32.2,0.2,16.4,130,1009.1,19,
2025-07-17 10:00:00,29.4,80,25.5,35.1,0.0,13.0,114,1009.2,9,640.0,28.0,84,25.0,32.2,0.0,17.4,128,1009.1,26,
2025-07-17 11:00:00,30.0,79,26.0,36.5,0.0,14.4,112,1009.1,13,766.0,28.0,84,25.1,32.0,0.0,19.3,127,1009.1,37,
2025-07-17 12:00:00,30.4,79,26.4,37.1,0.0,16.0,104,1009.1,6,818.0,28.0,85,25.3,31.8,0.0,21.7,126,1009.1,51,
2025-07-17 13:00:00,30.8,77,26.3,37.8,0.0,16.4,99,1008.7,6,890.0,28.0,86,25.4,31.5,0.0,23.6,124,1009.0,65,
2025-07-17 14:00:00,30.8,76,26.1,36.7,0.0,19.6,110,1008.6,30,807.0,27.9,86,25.3,31.1,0.0,25.2,124,1009.0,78,
2025-07-17 15:00:00,29.7,78,25.5,33.8,0.0,20.5,112,1008.2,42,541.0,27.8,87,25.4,30.9,0.0,26.2,124,1009.0,87,
2025-07-17 16:00:00,28.8,83,25.6,32.5,0.0,23.3,107,1008.2,22,411.0,27.6,88,25.4,30.8,2.9,26.1,125,1009.1,93,
2025-07-17 17:00:00,28.0,87,25.6,32.0,0.0,21.1,104,1007.8,68,313.0,27.3,88,25.1,30.5,2.9,24.9,127,1009.1,96,
2025-07-17 18:00:00,27.7,85,24.9,31.6,0.0,18.6,108,1008.2,91,110.0,27.0,89,25.0,30.3,2.9,23.8,129,1009.3,98,
2025-07-17 19:00:00,27.6,84,24.7,31.4,0.0,18.4,118,1008.6,78,24.0,26.7,90,24.9,30.2,2.9,21.9,132,1009.4,99,
2025-07-17 20:00:00,27.6,84,24.6,31.8,0.0,15.1,130,1008.7,67,1.0,26.5,91,24.9,30.1,2.9,20.9,135,1009.4,100,
2025-07-17 21:00:00,27.2,86,24.7,31.6,0.2,14.6,142,1009.3,71,0.0,26.3,91,24.7,29.9,2.9,19.9,138,1009.5,100,
2025-07-17 22:00:00,27.4,84,24.4,31.7,0.0,13.6,143,1009.7,70,0.0,26.1,91,24.5,29.7,3.9,19.2,140,1009.5,100,
2025-07-17 23:00:00,27.4,85,24.7,31.9,0.0,13.9,143,1009.7,58,0.0,26.0,91,24.4,29.7,3.9,18.7,142,1009.4,99,
2025-07-18 00:00:00,26.2,92,24.8,31.1,0.8,12.0,136,1009.9,75,0.0,26.0,91,24.4,29.7,3.9,18.1,145,1009.4,98,
2025-07-18 01:00:00,26.2,91,24.6,31.0,2.3,11.7,135,1009.3,68,0.0,25.9,91,24.3,29.6,3.9,17.9,146,1009.3,96,
2025-07-18 02:00:00,26.4,89,24.4,31.0,0.0,12.0,136,1009.1,51,0.0,25.9,91,24.3,29.6,3.9,17.7,147,1009.3,94,
2025-07-18 03:00:00,26.5,88,24.4,30.7,0.0,14.4,148,1009.2,47,0.0,25.9,91,24.3,29.5,3.9,17.9,146,1009.4,93,
2025-07-18 04:00:00,26.3,88,24.2,30.4,0.6,14.8,151,1009.4,61,0.0,25.9,91,24.3,29.5,2.2,18.8,144,1009.6,92,
2025-07-18 05:00:00,26.1,88,24.0,29.7,0.0,17.2,143,1009.2,51,0.0,26.0,90,24.2,29.4,2.2,19.7,140,1009.9,91,
2025-07-18 06:00:00,26.2,90,24.4,29.9,0.0,17.6,136,1009.5,58,7.0,26.2,90,24.4,29.4,2.2,21.4,136,1010.3,90,
2025-07-18 07:00:00,26.1,88,23.9,29.2,0.2,19.9,135,1009.9,69,36.0,26.3,89,24.3,29.2,2.2,22.9,134,1010.6,90,
2025-07-18 08:00:00,26.7,83,23.6,29.7,0.0,19.4,133,1010.1,78,73.0,26.4,89,24.4,29.1,2.2,24.5,131,1011.0,89,
2025-07-18 09:00:00,26.2,87,23.8,29.8,0.0,16.4,130,1011.3,85,105.0,26.4,89,24.4,29.0,2.2,25.5,130,1011.2,89,
2025-07-18 10:00:00,25.9,90,24.1,29.8,2.9,15.8,135,1011.2,96,71.0,26.3,89,24.3,28.8,4.3,26.0,131,1011.4,89,
2025-07-18 11:00:00,26.5,90,24.7,30.4,1.2,18.1,149,1011.0,93,103.0,26.1,90,24.3,28.6,4.3,26.3,131,1011.5,90,
2025-07-18 12:00:00,26.3,88,24.2,29.5,2.0,20.7,140,1011.3,99,76.0,25.9,91,24.3,28.3,4.3,26.0,133,1011.5,90,
2025-07-18 13:00:00,26.2,88,24.1,29.2,0.5,21.3,143,1010.8,94,106.0,25.7,91,24.1,28.1,4.3,25.7,134,1011.6,91,
2025-07-18 14:00:00,26.0,88,23.9,28.9,2.2,21.4,144,1010.7,94,106.0,25.5,92,24.1,28.0,4.3,25.5,135,1011.6,92,
2025-07-18 15:00:00,25.8,89,23.9,29.1,2.5,18.6,137,1011.1,69,83.0,25.4,92,24.0,27.9,4.3,25.0,136,1011.7,92,
2025-07-18 16:00:00,26.0,89,24.1,29.3,1.6,19.5,142,1011.0,95,114.0,25.5,92,24.1,28.1,0.8,23.9,136,1011.8,92,
2025-07-18 17:00:00,25.9,89,23.9,29.1,2.5,19.3,147,1011.1,100,30.0,25.6,91,24.0,28.3,0.8,22.9,136,1011.9,91,
2025-07-18 18:00:00,26.2,89,24.3,30.0,1.8,16.7,147,1011.2,72,17.0,25.7,90,23.9,28.7,0.8,21.4,135,1012.1,91,
2025-07-18 19:00:00,26.0,88,23.9,29.6,0.6,16.3,139,1011.5,89,20.0,25.9,89,24.0,29.0,0.8,20.4,134,1012.2,90,
2025-07-18 20:00:00,25.9,87,23.6,29.2,0.2,17.7,141,1011.6,93,1.0,26.1,88,23.9,29.3,0.8,19.1,133,1012.3,90,
2025-07-18 21:00:00,26.2,88,24.1,29.7,0.1,18.4,141,1011.9,53,0.0,26.2,87,23.8,29.4,0.8,18.6,133,1012.3,89,
2025-07-18 22:00:00,26.3,87,24.0,29.8,0.1,17.8,137,1012.0,47,0.0,26.2,87,23.9,29.5,0.5,18.6,133,1012.3,88,
2025-07-18 23:00:00,26.8,83,23.7,30.1,0.0,17.6,137,1012.0,60,0.0,26.2,87,23.9,29.5,0.5,18.8,133,1012.2,88,
2025-07-19 00:00:00,26.6,85,23.9,30.2,0.0,16.6,138,1012.2,37,0.0,26.2,87,23.8,29.3,0.5,19.6,134,1012.1,87,
2025-07-19 01:00:00,26.7,84,23.7,30.3,0.0,15.8,135,1011.9,77,0.0,26.2,88,24.0,29.3,0.5,20.4,135,1012.0,87,
2025-07-19 02:00:00,26.7,84,23.7,30.4,0.0,15.3,131,1011.6,47,0.0,26.2,88,24.0,29.3,0.5,20.6,136,1012.0,86,
2025-07-19 03:00:00,26.8,84,23.8,30.6,0.0,15.1,130,1012.0,18,0.0,26.2,88,24.1,29.3,0.5,21.1,136,1012.0,86,
2025-07-19 04:00:00,26.7,83,23.6,30.4,0.0,14.8,131,1012.0,28,0.0,26.3,88,24.2,29.4,0.0,21.4,135,1012.2,86,
2025-07-19 05:00:00,26.7,82,23.3,30.2,0.0,14.5,125,1011.8,45,0.0,26.5,87,24.1,29.6,0.0,20.9,134,1012.4,87,
2025-07-19 06:00:00,26.6,87,24.3,30.5,0.0,16.3,125,1012.9,53,10.0,26.7,87,24.3,29.9,0.0,20.9,132,1012.8,87,
2025-07-19 07:00:00,27.0,84,24.1,30.9,0.0,15.2,126,1013.1,57,68.0,26.9,87,24.5,30.3,0.0,20.4,131,1013.1,87,
2025-07-19 08:00:00,27.6,82,24.3,31.7,0.0,14.9,122,1012.9,47,181.0,27.1,86,24.5,30.5,0.0,20.5,129,1013.3,86,
2025-07-19 09:00:00,27.9,83,24.7,31.6,0.0,19.0,119,1013.1,28,337.0,27.3,85,24.5,30.7,0.0,20.2,129,1013.5,84,
2025-07-19 10:00:00,28.6,82,25.2,32.4,0.0,20.6,117,1013.0,16,526.0,27.5,84,24.6,31.0,0.0,20.2,129,1013.5,80,
2025-07-19 11:00:00,29.2,80,25.4,33.7,0.0,21.6,118,1012.7,22,692.0,27.8,82,24.4,31.1,0.0,20.5,129,1013.5,74,
2025-07-19 12:00:00,29.2,80,25.4,33.9,0.0,22.1,116,1012.7,46,754.0,28.1,81,24.5,31.5,0.0,20.4,131,1013.3,67,
2025-07-19 13:00:00,29.5,79,25.5,34.3,0.0,20.1,114,1012.4,32,679.0,28.3,79,24.3,31.6,0.0,20.7,131,1013.2,60,
2025-07-19 14:00:00,29.8,77,25.3,34.3,0.0,19.9,110,1012.2,38,633.0,28.5,78,24.3,31.8,0.0,20.6,133,1013.1,53,
2025-07-19 15:00:00,29.5,75,24.6,33.3,0.0,18.3,112,1012.5,40,529.0,28.6,77,24.1,31.7,0.0,20.6,134,1013.1,47,
2025-07-19 16:00:00,29.6,74,24.5,33.6,0.0,16.3,112,1012.2,38,333.0,28.5,77,24.1,31.7,0.0,20.4,136,1013.2,41,
2025-07-19 17:00:00,29.5,73,24.1,33.3,0.0,16.3,115,1012.3,43,226.0,28.3,77,23.9,31.4,0.0,19.9,138,1013.4,35,
2025-07-19 18:00:00,29.0,73,23.6,32.4,0.0,16.9,119,1012.5,45,135.0,28.1,78,23.9,31.2,0.0,19.7,140,1013.6,29,
2025-07-19 19:00:00,28.6,73,23.2,31.6,0.0,17.5,127,1012.9,60,45.0,27.8,78,23.6,30.8,0.0,19.0,143,1013.8,24,
2025-07-19 20:00:00,28.2,74,23.1,31.1,0.0,17.8,135,1012.9,49,2.0,27.5,79,23.5,30.6,0.0,18.3,144,1014.0,22,
2025-07-19 21:00:00,27.6,73,22.3,30.1,0.0,17.8,138,1013.6,33,0.0,27.2,80,23.5,30.4,0.0,17.8,144,1014.1,24,
2025-07-19 22:00:00,27.4,74,22.3,30.0,0.0,17.1,139,1013.8,31,0.0,27.0,81,23.4,30.2,0.0,16.9,142,1014.1,31,
2025-07-19 23:00:00,27.1,77,22.7,30.1,0.0,16.1,138,1014.0,31,0.0,26.7,83,23.6,30.2,0.0,16.1,140,1014.0,44,
2025-07-20 00:00:00,26.9,78,22.7,30.1,0.0,15.0,132,1014.2,46,0.0,26.5,85,23.7,30.2,0.0,15.0,134,1013.8,59,
2025-07-20 01:00:00,26.7,80,23.0,30.1,0.0,14.6,130,1013.8,25,0.0,26.3,86,23.7,30.1,0.0,14.3,129,1013.6,73,
2025-07-20 02:00:00,26.5,83,23.4,30.2,0.0,14.3,133,1013.6,30,0.0,26.1,87,23.8,30.1,0.0,13.8,123,1013.6,85,
2025-07-20 03:00:00,26.2,84,23.2,29.6,0.0,14.8,129,1013.3,15,0.0,26.1,88,23.9,30.1,0.0,13.7,120,1013.6,92,
2025-07-20 04:00:00,26.1,85,23.3,29.7,0.0,14.1,122,1013.5,55,0.0,26.2,88,24.0,30.3,0.0,13.8,118,1013.8,93,
2025-07-20 05:00:00,25.9,86,23.4,29.7,0.0,13.4,114,1013.7,24,0.0,26.3,87,24.0,30.4,0.0,13.8,118,1014.2,89,
2025-07-20 06:00:00,26.0,85,23.2,29.7,0.0,12.9,113,1014.3,13,12.0,26.6,86,24.0,30.6,0.0,14.3,118,1014.7,83,
2025-07-20 07:00:00,26.5,83,23.4,30.1,0.0,14.7,115,1014.6,23,109.0,26.9,84,23.9,30.8,0.0,14.8,119,1015.1,75,
2025-07-20 08:00:00,27.2,80,23.5,30.9,0.0,14.0,108,1015.0,26,239.0,27.1,83,24.0,31.0,0.0,15.3,120,1015.4,67,
2025-07-20 09:00:00,27.6,80,23.8,31.4,0.0,14.8,116,1015.5,28,362.0,27.4,82,24.0,31.2,0.0,15.8,120,1015.6,61,
2025-07-20 10:00:00,28.1,81,24.5,32.2,0.0,15.7,106,1015.5,43,500.0,27.6,81,24.1,31.4,0.0,16.3,121,1015.5,56,
2025-07-20 11:00:00,28.3,82,24.9,32.5,0.0,17.3,102,1015.2,53,553.0,27.9,80,24.1,31.5,0.0,17.3,121,1015.2,50,
2025-07-20 12:00:00,29.1,79,25.0,33.4,0.0,19.4,105,1014.7,6,627.0,28.1,80,24.3,31.8,0.0,18.3,122,1014.8,44,
2025-07-20 13:00:00,29.4,79,25.4,34.9,0.0,20.2,106,1014.0,7,845.0,28.3,79,24.3,31.8,0.0,19.3,123,1014.4,39,
2025-07-20 14:00:00,29.7,79,25.6,35.0,0.0,20.8,108,1013.7,10,808.0,28.5,79,24.5,31.9,0.0,20.0,124,1014.1,35,
2025-07-20 15:00:00,29.2,77,24.8,33.5,0.0,20.5,108,1013.5,20,690.0,28.5,79,24.5,32.0,0.0,20.2,125,1014.0,32,
2025-07-20 16:00:00,29.5,75,24.6,33.2,0.0,18.9,108,1013.2,21,502.0,28.4,79,24.4,31.8,0.0,20.1,126,1014.1,31,
2025-07-20 17:00:00,29.4,74,24.2,33.0,0.0,18.1,107,1013.2,17,366.0,28.2,80,24.4,31.7,0.0,19.5,128,1014.3,33,
2025-07-20 18:00:00,29.1,74,24.0,32.7,0.0,17.3,111,1013.4,9,230.0,27.9,81,24.3,31.4,0.0,19.2,130,1014.6,35,
2025-07-20 19:00:00,28.5,76,23.8,31.9,0.0,17.6,118,1013.8,14,84.0,27.6,82,24.2,31.1,0.0,18.6,131,1014.9,37,
2025-07-20 20:00:00,28.0,79,24.0,31.5,0.0,17.4,120,1014.3,21,3.0,27.3,83,24.1,30.8,0.0,18.1,133,1015.2,38,
2025-07-20 21:00:00,27.5,81,24.0,31.2,0.0,16.6,124,1014.6,29,0.0,27.0,84,24.1,30.6,0.0,17.3,133,1015.4,37,
2025-07-20 22:00:00,27.4,82,24.0,31.3,0.0,14.5,132,1015.4,36,0.0,26.8,85,24.0,30.4,0.0,16.8,133,1015.5,33,
2025-07-20 23:00:00,27.2,83,24.1,31.6,0.0,12.3,130,1016.0,28,0.0,26.5,87,24.2,30.4,0.0,16.1,132,1015.6,27,
2025-07-21 00:00:00,26.9,85,24.2,31.4,0.0,12.1,120,1015.8,35,0.0,26.3,89,24.3,30.3,0.0,15.3,131,1015.7,21,
2025-07-21 01:00:00,26.7,86,24.2,31.1,0.0,12.2,118,1015.4,31,0.0,26.1,90,24.3,30.2,0.0,14.6,130,1015.7,14,
2025-07-21 02:00:00,26.6,87,24.3,31.1,0.0,12.1,117,1015.4,33,0.0,26.0,91,24.4,30.2,0.0,14.1,128,1015.7,8,
2025-07-21 03:00:00,26.5,87,24.1,30.9,0.0,12.2,118,1015.9,30,0.0,25.9,92,24.5,30.3,0.0,13.9,127,1015.8,4,
2025-07-21 04:00:00,26.3,89,24.3,30.8,0.0,12.2,118,1016.2,17,0.0,26.0,92,24.6,30.5,0.0,13.9,127,1015.9,3,
2025-07-21 05:00:00,26.1,90,24.3,30.8,0.0,11.4,118,1016.4,31,0.0,26.2,91,24.6,30.6,0.0,14.4,127,1016.0,3,
2025-07-21 06:00:00,26.2,89,24.2,30.7,0.0,11.8,121,1016.1,8,13.0,26.5,91,24.9,31.0,0.0,15.2,126,1016.1,5,
2025-07-21 07:00:00,26.7,88,24.6,31.4,0.0,11.8,121,1016.1,5,125.0,26.8,90,25.0,31.3,0.0,15.7,127,1016.2,7,
2025-07-21 08:00:00,27.4,86,24.8,32.2,0.0,11.9,119,1016.1,7,302.0,27.1,88,25.0,31.5,0.0,16.2,127,1016.3,9,
2025-07-21 09:00:00,28.0,84,25.0,32.7,0.0,14.0,108,1016.0,5,481.0,27.4,87,25.1,31.8,0.0,16.5,126,1016.3,9,
2025-07-21 10:00:00,28.6,82,25.2,33.7,0.0,15.5,102,1015.7,4,657.0,27.7,85,25.0,32.0,0.0,16.3,125,1016.2,8,
2025-07-21 11:00:00,29.1,81,25.5,35.0,0.0,16.7,96,1016.0,4,787.0,28.1,83,24.9,32.3,0.0,16.4,123,1016.0,7,
2025-07-21 12:00:00,29.3,80,25.5,35.1,0.0,19.2,96,1015.9,5,855.0,28.4,81,24.8,32.7,0.0,16.2,122,1015.8,5,
2025-07-21 13:00:00,29.6,79,25.5,35.4,0.0,19.6,96,1015.5,6,874.0,28.7,79,24.7,33.0,0.0,15.8,120,1015.6,3,
2025-07-21 14:00:00,29.7,78,25.4,35.3,0.0,18.4,94,1015.3,11,811.0,28.9,78,24.7,33.2,0.0,15.1,118,1015.4,1,
2025-07-21 15:00:00,29.2,77,24.8,34.0,0.0,16.6,90,1015.2,32,663.0,29.0,77,24.5,33.2,0.0,15.0,117,1015.3,0,
2025-07-21 16:00:00,29.0,77,24.5,33.2,0.0,15.1,87,1014.7,37,439.0,28.8,77,24.4,33.0,0.0,14.5,117,1015.3,0,
2025-07-21 17:00:00,28.5,78,24.3,32.6,0.0,15.2,86,1014.6,39,309.0,28.5,78,24.3,32.6,0.0,14.2,114,1015.3,0,
2025-07-21 18:00:00,28.6,73,23.2,32.4,0.0,12.2,90,1014.7,33,179.0,28.0,80,24.2,32.3,0.0,13.7,113,1015.4,0,
2025-07-21 19:00:00,27.8,79,23.8,31.9,0.0,12.3,97,1014.9,29,67.0,27.6,82,24.2,31.9,0.0,13.2,112,1015.5,0,
2025-07-21 20:00:00,27.0,86,24.4,31.4,0.0,13.1,98,1015.0,19,3.0,27.1,83,24.0,31.3,0.0,12.8,112,1015.5,0,
2025-07-21 21:00:00,26.8,85,24.0,31.2,0.0,11.6,97,1015.4,12,0.0,26.8,85,24.0,31.0,0.0,12.8,112,1015.5,0,
2025-07-21 22:00:00,26.7,81,23.2,31.0,0.0,9.0,95,1015.4,10,0.0,26.5,87,24.2,30.9,0.0,12.8,112,1015.4,1,
2025-07-21 23:00:00,26.5,81,22.9,30.6,0.0,8.7,83,1015.4,3,0.0,26.3,88,24.1,30.5,0.0,13.2,112,1015.3,3,
2025-07-22 00:00:00,26.0,83,22.9,29.9,0.0,10.9,82,1015.1,0,0.0,26.1,90,24.3,30.4,0.0,13.5,115,1015.1,5,
2025-07-22 01:00:00,26.0,83,22.9,29.8,0.0,10.9,99,1014.8,0,0.0,25.9,92,24.5,30.2,0.0,14.0,116,1014.9,7,
2025-07-22 02:00:00,25.9,84,22.9,29.7,0.0,11.0,113,1014.8,0,0.0,25.8,93,24.5,30.1,0.0,14.2,117,1014.8,10,
2025-07-22 03:00:00,25.8,87,23.4,30.1,0.0,9.9,123,1014.7,0,0.0,25.8,94,24.7,30.2,0.0,14.3,118,1014.8,13,
2025-07-22 04:00:00,25.6,87,23.2,30.0,0.0,8.0,126,1015.1,0,0.0,25.9,94,24.8,30.4,0.0,14.0,119,1014.9,17,
2025-07-22 05:00:00,25.3,87,22.9,29.7,0.0,6.9,118,1015.1,0,0.0,26.0,94,25.0,30.8,0.0,13.5,119,1015.2,23,
2025-07-22 06:00:00,25.1,89,23.2,29.8,0.0,6.3,103,1015.6,0,14.0,26.3,93,25.1,31.2,0.0,13.0,118,1015.5,29,
2025-07-22 07:00:00,26.4,85,23.6,31.0,0.0,8.6,112,1015.7,0,135.0,26.6,92,25.2,31.6,0.0,12.2,118,1015.8,35,
2025-07-22 08:00:00,27.3,82,24.0,31.8,0.0,11.0,113,1015.8,1,323.0,26.9,91,25.3,32.1,0.0,11.8,117,1016.0,38,
2025-07-22 09:00:00,28.0,79,24.0,32.4,0.0,11.2,105,1015.9,15,516.0,27.2,89,25.2,32.4,0.0,11.4,118,1016.0,39,
2025-07-22 10:00:00,28.5,81,24.9,33.7,0.0,12.1,107,1015.9,16,614.0,27.5,87,25.2,32.7,0.0,11.3,121,1015.8,35,
2025-07-22 11:00:00,29.1,79,25.1,35.2,0.0,12.8,106,1015.8,4,761.0,27.9,84,25.0,32.9,0.0,11.6,126,1015.5,26,
2025-07-22 12:00:00,29.7,74,24.5,36.0,0.0,13.8,110,1015.3,0,895.0,28.3,80,24.5,33.0,0.0,11.8,130,1015.0,15,
2025-07-22 13:00:00,30.1,72,24.5,36.4,0.0,14.2,106,1014.7,0,932.0,28.7,77,24.3,33.2,0.0,12.5,134,1014.5,5,
2025-07-22 14:00:00,30.6,66,23.5,36.4,0.0,13.1,98,1014.2,0,895.0,28.9,75,24.0,33.2,0.0,12.5,136,1014.1,0,
2025-07-22 15:00:00,31.6,59,22.6,36.8,0.0,10.4,110,1013.7,0,799.0,29.0,74,23.9,33.2,0.0,12.5,136,1013.9,0,
2025-07-22 16:00:00,31.8,55,21.6,35.7,0.0,9.5,101,1013.1,0,653.0,28.7,75,23.8,33.0,0.1,12.0,134,1013.8,10,
2025-07-22 17:00:00,31.2,55,21.1,34.2,0.0,9.7,92,1012.9,0,472.0,28.3,76,23.6,32.5,0.1,11.1,126,1013.9,29,
2025-07-22 18:00:00,29.9,60,21.3,32.9,0.0,10.8,88,1013.3,0,273.0,27.7,79,23.7,32.1,0.1,10.5,117,1014.0,51,
2025-07-22 19:00:00,28.1,74,23.0,31.9,0.0,11.5,88,1013.3,0,93.0,27.1,81,23.5,31.4,0.1,10.1,107,1014.2,72,
2025-07-22 20:00:00,27.4,79,23.4,31.5,0.0,10.8,92,1013.5,0,4.0,26.5,84,23.6,30.9,0.1,10.1,96,1014.3,89,
2025-07-22 21:00:00,27.0,81,23.4,31.1,0.0,10.8,92,1014.0,0,0.0,26.1,86,23.6,30.4,0.1,10.4,92,1014.3,95,
2025-07-22 22:00:00,26.6,83,23.5,30.9,0.0,10.1,94,1014.0,0,0.0,25.9,87,23.5,30.1,0.3,10.8,92,1014.2,89,
2025-07-22 23:00:00,26.4,84,23.5,31.0,0.0,8.3,85,1014.2,3,0.0,25.7,89,23.7,30.0,0.3,11.2,96,1014.1,74,
2025-07-23 00:00:00,25.8,85,23.1,30.1,0.0,9.0,90,1014.0,10,0.0,25.6,90,23.8,29.8,0.3,11.7,99,1013.9,53,
2025-07-23 01:00:00,25.8,85,23.1,30.2,0.0,7.7,101,1013.7,10,0.0,25.5,91,23.9,29.7,0.3,12.2,104,1013.7,31,
2025-07-23 02:00:00,25.6,84,22.7,29.8,0.0,7.6,93,1013.6,12,0.0,25.5,92,24.1,29.7,0.3,12.9,108,1013.5,12,
2025-07-23 03:00:00,25.2,90,23.4,29.6,0.0,8.7,85,1013.6,5,0.0,25.5,92,24.1,29.8,0.3,13.1,111,1013.5,0,
2025-07-23 04:00:00,25.4,85,22.7,29.5,0.0,8.4,115,1014.0,6,0.0,25.6,92,24.2,29.9,0.0,13.2,112,1013.6,0,
2025-07-23 05:00:00,25.4,84,22.5,29.2,0.0,9.2,121,1014.0,4,0.0,25.8,91,24.2,30.1,0.0,13.4,114,1013.9,0,
2025-07-23 06:00:00,25.4,86,22.8,29.6,0.0,8.3,108,1014.1,3,14.0,26.1,90,24.3,30.4,0.0,13.4,114,1014.2,0,
2025-07-23 07:00:00,26.5,82,23.1,30.7,0.0,9.1,108,1014.2,1,135.0,26.3,89,24.4,30.7,0.0,13.2,116,1014.4,3,
2025-07-23 08:00:00,27.3,80,23.6,31.4,0.0,11.8,110,1014.3,0,326.0,26.6,88,24.5,31.1,0.0,13.2,116,1014.6,7,
2025-07-23 09:00:00,27.8,81,24.2,32.0,0.0,13.5,115,1014.6,1,522.0,26.9,86,24.4,31.3,0.0,13.0,118,1014.6,9,
2025-07-23 10:00:00,28.4,79,24.4,33.2,0.0,15.0,111,1014.5,2,689.0,27.3,84,24.3,31.7,0.0,13.1,122,1014.3,8,
2025-07-23 11:00:00,29.0,77,24.5,34.7,0.0,14.6,106,1014.3,2,815.0,27.7,81,24.2,32.0,0.0,12.9,126,1013.9,6,
2025-07-23 12:00:00,29.5,73,24.2,35.6,0.0,14.1,103,1013.9,0,907.0,28.2,79,24.2,32.5,0.0,12.8,130,1013.3,3,
2025-07-23 13:00:00,30.1,69,23.8,36.2,0.0,13.6,101,1013.0,0,937.0,28.6,76,23.9,32.8,0.0,12.7,135,1012.7,1,
2025-07-23 14:00:00,30.8,65,23.4,36.5,0.0,12.9,103,1012.4,0,899.0,28.9,74,23.8,33.0,0.0,12.8,140,1012.2,0,
2025-07-23 15:00:00,31.4,55,21.2,35.3,0.0,13.3,88,1011.8,0,804.0,29.0,73,23.6,33.0,0.0,12.8,140,1011.9,0,
2025-07-23 16:00:00,31.2,55,21.1,34.4,0.0,12.3,95,1011.1,0,659.0,28.8,73,23.5,32.7,0.0,12.7,137,1011.8,3,
2025-07-23 17:00:00,30.4,61,22.0,33.5,0.0,12.4,107,1010.6,0,474.0,28.4,74,23.3,32.3,0.0,12.5,131,1011.9,8,
2025-07-23 18:00:00,29.0,66,22.0,32.2,0.0,12.1,107,1010.8,0,272.0,27.9,75,23.1,31.6,0.0,12.7,125,1012.0,14,
2025-07-23 19:00:00,27.9,72,22.3,30.9,0.0,13.9,111,1011.4,0,91.0,27.4,76,22.8,31.0,0.0,12.6,117,1012.2,20,
2025-07-23 20:00:00,27.2,79,23.2,30.9,0.0,12.6,114,1011.8,1,3.0,26.9,78,22.8,30.4,0.0,12.8,112,1012.3,24,
2025-07-23 21:00:00,27.2,84,24.2,31.3,0.0,14.4,122,1012.0,5,0.0,26.6,80,22.8,30.1,0.0,12.9,108,1012.4,26,
2025-07-23 22:00:00,27.2,83,24.1,31.7,0.0,11.5,129,1012.4,11,0.0,26.3,82,23.0,30.0,0.0,12.4,107,1012.4,25,
2025-07-23 23:00:00,27.3,82,23.9,31.6,0.0,12.0,141,1012.4,13,0.0,26.1,85,23.4,30.1,0.0,11.6,106,1012.3,21,
2025-07-24 00:00:00,26.9,82,23.5,30.8,0.0,12.7,137,1012.2,0,0.0,26.0,87,23.6,30.2,0.0,10.9,107,1012.1,16,
2025-07-24 01:00:00,26.5,84,23.5,30.6,0.0,11.7,133,1011.8,0,0.0,25.9,90,24.1,30.6,0.0,9.9,109,1012.0,10,
2025-07-24 02:00:00,26.2,86,23.6,30.6,0.0,9.9,123,1011.5,0,0.0,25.9,92,24.5,30.9,0.0,9.2,111,1011.9,5,
2025-07-24 03:00:00,25.7,87,23.3,30.1,0.0,8.8,102,1011.6,0,0.0,25.9,93,24.6,31.1,0.0,8.9,111,1011.9,2,
2025-07-24 04:00:00,25.7,88,23.6,30.1,0.0,9.8,118,1011.8,0,0.0,26.0,93,24.7,31.2,0.0,8.9,111,1012.0,0,
2025-07-24 05:00:00,25.6,89,23.7,30.0,0.0,10.2,113,1012.0,0,0.0,26.2,93,24.9,31.5,0.0,9.6,110,1012.1,0,
2025-07-24 06:00:00,25.7,87,23.3,29.9,0.0,9.8,114,1012.3,0,13.0,26.4,92,25.0,31.6,0.0,10.2,108,1012.3,0,
2025-07-24 07:00:00,26.5,86,23.9,30.9,0.0,10.9,117,1012.7,2,131.0,26.7,91,25.1,31.9,0.0,10.9,107,1012.5,0,
2025-07-24 08:00:00,27.2,85,24.5,31.8,0.0,12.1,107,1012.5,5,311.0,26.9,89,24.9,31.9,0.0,11.7,108,1012.5,0,
2025-07-24 09:00:00,28.1,78,23.9,32.2,0.0,13.6,107,1012.3,6,493.0,27.2,88,25.1,32.2,0.0,12.2,109,1012.5,0,
2025-07-24 10:00:00,28.7,77,24.3,33.4,0.0,14.3,108,1012.2,9,652.0,27.5,86,25.0,32.4,0.0,12.4,112,1012.3,0,
2025-07-24 11:00:00,29.3,75,24.4,34.7,0.0,14.5,109,1012.2,9,764.0,27.9,84,25.0,32.7,0.0,12.9,117,1011.9,0,
2025-07-24 12:00:00,30.5,66,23.4,35.9,0.0,14.2,106,1011.3,2,859.0,28.3,81,24.7,32.9,0.0,13.4,121,1011.4,0,
2025-07-24 13:00:00,31.0,65,23.6,36.7,0.0,14.2,114,1010.7,3,910.0,28.7,79,24.7,33.3,0.0,13.7,125,1010.9,0,
2025-07-24 14:00:00,31.4,64,23.7,36.9,0.0,14.2,120,1010.3,6,864.0,29.0,77,24.5,33.3,0.0,14.1,128,1010.5,1,
2025-07-24 15:00:00,30.8,64,23.2,35.1,0.0,16.2,111,1009.8,11,749.0,29.1,76,24.4,33.3,0.0,14.3,131,1010.3,2,
2025-07-24 16:00:00,30.4,66,23.3,33.9,0.0,16.9,106,1009.0,8,599.0,29.0,76,24.3,33.2,0.0,14.3,133,1010.3,5,
2025-07-24 17:00:00,29.5,72,23.9,32.9,0.0,17.4,108,1009.1,15,422.0,28.7,77,24.3,33.0,0.0,13.8,133,1010.4,8,
2025-07-24 18:00:00,28.7,78,24.5,32.8,0.0,15.8,107,1009.3,8,227.0,28.4,78,24.2,32.7,0.0,13.5,134,1010.6,12,
2025-07-24 19:00:00,28.3,78,24.1,32.6,0.0,13.1,98,1009.6,8,83.0,28.0,79,24.0,32.3,0.0,12.7,133,1010.8,16,
2025-07-24 20:00:00,28.2,78,24.0,32.6,0.0,11.3,99,1010.4,12,3.0,27.7,81,24.1,32.0,0.0,12.2,133,1010.9,20,
2025-07-24 21:00:00,28.2,74,23.1,32.2,0.0,10.9,117,1010.7,9,0.0,27.4,82,24.0,31.7,0.0,12.0,131,1011.0,22,
2025-07-24 22:00:00,27.8,75,23.0,31.6,0.0,11.5,129,1010.6,7,0.0,27.1,83,24.0,31.5,0.0,11.8,130,1010.9,23,
2025-07-24 23:00:00,27.5,79,23.5,31.4,0.0,12.5,131,1010.8,10,0.0,26.9,84,23.9,31.2,0.0,11.6,126,1010.7,24,
2025-07-25 00:00:00,27.0,83,23.9,31.2,0.0,12.3,130,1010.6,5,0.0,26.6,85,23.8,30.9,0.0,11.5,122,1010.5,24,
2025-07-25 01:00:00,26.7,85,24.0,31.1,0.0,11.8,121,1010.1,5,0.0,26.4,86,23.8,30.7,0.0,11.4,118,1010.3,23,
2025-07-25 02:00:00,26.5,86,24.0,30.9,0.0,11.9,115,1009.9,5,0.0,26.3,86,23.7,30.5,0.0,11.8,113,1010.1,22,
2025-07-25 03:00:00,26.3,87,23.9,30.6,0.0,11.6,112,1009.6,4,0.0,26.3,86,23.7,30.5,0.0,12.0,111,1010.0,20,
2025-07-25 04:00:00,26.2,88,24.0,30.6,0.0,11.7,108,1009.8,6,0.0,26.4,85,23.7,30.5,0.0,12.6,110,1010.1,17,
2025-07-25 05:00:00,26.1,87,23.7,30.3,0.0,11.4,103,1009.8,12,0.0,26.7,84,23.8,30.8,0.0,13.2,107,1010.2,13,
2025-07-25 06:00:00,26.2,87,23.8,30.3,0.0,12.7,97,1010.1,8,12.0,27.1,82,23.8,31.0,0.0,14.0,108,1010.4,9,
2025-07-25 07:00:00,26.9,83,23.7,30.5,0.0,15.5,108,1010.3,7,123.0,27.5,80,23.8,31.3,0.0,14.7,107,1010.6,4,
2025-07-25 08:00:00,27.6,80,23.8,31.3,0.0,16.1,110,1010.6,11,296.0,27.9,78,23.7,31.6,0.0,15.1,108,1010.8,1,
2025-07-25 09:00:00,28.4,77,23.9,32.1,0.0,15.7,101,1010.8,19,457.0,28.2,77,23.8,31.9,0.0,15.6,109,1010.8,0,
2025-07-25 10:00:00,28.9,80,25.1,33.4,0.0,17.0,103,1010.5,16,591.0,28.5,76,23.9,32.2,0.0,15.7,110,1010.6,1,
2025-07-25 11:00:00,29.6,78,25.3,34.9,0.0,17.9,112,1010.0,9,743.0,28.8,74,23.7,32.5,0.0,15.6,113,1010.3,3,
2025-07-25 12:00:00,30.0,69,23.7,34.9,0.0,17.3,111,1010.1,15,840.0,29.1,73,23.8,32.8,0.0,15.5,118,1010.0,7,
2025-07-25 13:00:00,30.4,68,23.8,35.2,0.0,17.3,111,1009.4,10,829.0,29.4,72,23.8,33.1,0.0,15.2,121,1009.6,11,
2025-07-25 14:00:00,30.5,69,24.2,35.6,0.0,17.2,110,1009.2,6,825.0,29.5,72,23.9,33.3,0.0,15.0,125,1009.3,15,
2025-07-25 15:00:00,30.3,68,23.7,34.7,0.0,17.5,104,1008.9,7,746.0,29.5,72,23.9,33.4,0.0,14.6,128,1009.2,19,
2025-07-25 16:00:00,30.1,69,23.8,33.8,0.0,17.2,106,1008.5,8,591.0,29.3,73,23.9,33.3,0.0,14.1,130,1009.2,23,
2025-07-25 17:00:00,29.6,72,24.0,33.2,0.0,16.7,109,1008.4,6,429.0,28.9,75,24.0,33.1,0.0,13.2,133,1009.4,28,
2025-07-25 18:00:00,28.9,73,23.6,32.5,0.0,15.4,111,1008.6,7,245.0,28.4,78,24.2,32.8,0.0,12.5,136,1009.7,32,
2025-07-25 19:00:00,28.2,77,23.7,32.1,0.0,13.9,115,1008.8,7,81.0,27.9,81,24.3,32.6,0.0,11.5,139,1009.9,37,
2025-07-25 20:00:00,27.8,78,23.6,31.8,0.0,12.8,122,1009.2,7,3.0,27.5,83,24.3,32.2,0.0,10.7,140,1010.1,40,
2025-07-25 21:00:00,27.8,82,24.4,32.4,0.0,12.0,131,1009.9,29,0.0,27.1,85,24.4,31.9,0.0,10.7,140,1010.2,41,
2025-07-25 22:00:00,27.7,81,24.1,32.0,0.0,12.8,130,1009.7,30,0.0,26.8,86,24.3,31.4,0.0,11.2,138,1010.1,40,
2025-07-25 23:00:00,27.6,81,24.0,31.6,0.0,13.8,129,1009.6,26,0.0,26.6,86,24.0,30.9,0.0,12.0,134,1009.8,37,
2025-07-26 00:00:00,27.3,83,24.1,31.6,0.0,12.7,125,1009.8,15,0.0,26.4,86,23.8,30.5,0.0,13.0,129,1009.5,33,
2025-07-26 01:00:00,27.0,85,24.2,31.3,0.0,12.9,117,1008.9,12,0.0,26.2,86,23.6,29.9,0.0,14.5,125,1009.2,29,
2025-07-26 02:00:00,26.8,86,24.3,31.0,0.0,14.0,116,1008.4,9,0.0,26.1,86,23.6,29.7,0.0,15.5,121,1009.0,25,
2025-07-26 03:00:00,26.6,85,23.8,30.6,0.0,13.7,113,1008.3,10,0.0,26.1,85,23.4,29.5,0.0,16.1,119,1008.8,22,
2025-07-26 04:00:00,26.6,86,24.0,30.6,0.0,14.0,113,1008.3,14,0.0,26.3,84,23.3,29.6,0.0,16.3,118,1008.8,20,
2025-07-26 05:00:00,26.6,87,24.2,30.6,0.0,15.0,111,1007.9,16,0.0,26.6,83,23.5,30.0,0.0,16.1,117,1008.8,19,
2025-07-26 06:00:00,26.7,87,24.3,31.0,0.0,13.5,106,1008.3,13,10.0,27.0,81,23.4,30.4,0.0,15.6,116,1008.9,18,
2025-07-26 07:00:00,27.2,85,24.5,31.4,0.0,15.2,104,1008.2,28,100.0,27.4,80,23.6,31.0,0.0,15.1,115,1009.0,17,
2025-07-26 08:00:00,27.8,80,24.0,31.4,0.0,17.3,102,1008.4,18,244.0,27.8,79,23.8,31.6,0.0,14.7,115,1009.1,17,
2025-07-26 09:00:00,28.3,80,24.5,32.0,0.0,18.5,98,1008.8,24,391.0,28.0,78,23.8,31.9,0.0,14.5,113,1009.1,17,
2025-07-26 10:00:00,29.1,78,24.8,32.8,0.0,20.1,99,1008.6,24,489.0,28.2,78,24.0,32.1,0.0,14.5,113,1009.0,17,
2025-07-26 11:00:00,29.6,77,25.1,33.8,0.0,19.6,103,1008.4,18,589.0,28.3,79,24.3,32.3,0.0,15.0,114,1008.8,18,
2025-07-26 12:00:00,30.3,72,24.7,34.8,0.0,19.2,103,1008.8,15,697.0,28.3,79,24.3,32.4,0.0,15.3,114,1008.5,20,
2025-07-26 13:00:00,30.6,71,24.7,35.4,0.0,18.6,105,1008.2,18,741.0,28.4,80,24.6,32.5,0.0,15.8,114,1008.3,21,
2025-07-26 14:00:00,30.5,72,24.9,35.0,0.0,18.7,109,1007.6,25,669.0,28.4,81,24.8,32.6,0.0,16.3,115,1008.1,23,
2025-07-26 15:00:00,30.3,70,24.2,33.9,0.0,18.9,103,1007.4,36,587.0,28.4,81,24.8,32.6,0.0,16.3,115,1008.0,24,
2025-07-26 16:00:00,30.0,71,24.1,33.7,0.0,16.9,102,1006.8,47,414.0,28.4,81,24.8,32.6,0.0,16.3,115,1008.0,26,
2025-07-26 17:00:00,29.7,72,24.1,33.4,0.0,16.7,109,1006.6,42,282.0,28.4,80,24.6,32.5,0.0,15.8,114,1008.1,28,
2025-07-26 18:00:00,29.6,68,23.1,33.0,0.0,15.0,107,1007.0,66,180.0,28.3,79,24.3,32.3,0.0,15.8,114,1008.2,30,
2025-07-26 19:00:00,28.9,73,23.5,32.4,0.0,15.5,112,1007.5,42,48.0,28.3,77,23.8,32.0,0.0,15.3,114,1008.3,31,
2025-07-26 20:00:00,28.2,79,24.2,32.0,0.0,16.3,118,1007.6,12,2.0,28.2,77,23.7,31.9,0.0,15.2,112,1008.4,32,
2025-07-26 21:00:00,27.7,81,24.2,31.5,0.0,16.8,121,1007.8,13,0.0,28.1,76,23.4,31.6,0.0,15.2,112,1008.4,32,
2025-07-26 22:00:00,27.7,80,23.9,30.8,0.0,20.5,124,1007.8,6,0.0,27.9,76,23.2,31.2,0.0,15.5,112,1008.3,30,
2025-07-26 23:00:00,27.4,81,23.8,30.2,0.0,21.8,121,1008.1,8,0.0,27.7,76,23.0,30.8,0.0,16.1,110,1008.2,27,
2025-07-27 00:00:00,26.9,83,23.7,29.7,0.0,21.1,117,1008.1,11,0.0,27.4,77,23.0,30.4,0.0,16.7,109,1008.0,23,
2025-07-27 01:00:00,26.8,83,23.6,29.7,0.0,20.1,114,1007.8,10,0.0,27.1,77,22.7,29.9,0.0,17.8,108,1007.8,18,
2025-07-27 02:00:00,26.8,81,23.3,29.6,0.0,19.5,109,1007.6,15,0.0,26.9,78,22.8,29.6,0.0,18.4,107,1007.6,14,
2025-07-27 03:00:00,26.6,79,22.7,29.1,0.0,19.3,111,1007.3,15,0.0,26.9,78,22.7,29.4,0.0,18.8,107,1007.5,11,
2025-07-27 04:00:00,26.6,79,22.6,29.1,0.0,19.0,109,1007.2,12,0.0,26.9,78,22.8,29.5,0.0,19.1,106,1007.5,8,
2025-07-27 05:00:00,26.5,79,22.6,29.1,0.0,18.2,108,1006.8,7,0.0,27.1,77,22.7,29.5,0.0,19.6,107,1007.5,5,
2025-07-27 06:00:00,26.5,78,22.3,28.8,0.0,19.1,106,1007.0,16,11.0,27.3,77,22.9,29.9,0.0,19.7,108,1007.5,3,
2025-07-27 07:00:00,26.9,78,22.7,29.5,0.0,18.9,108,1007.2,14,112.0,27.6,76,23.0,30.1,0.0,19.8,109,1007.6,1,
2025-07-27 08:00:00,27.6,76,22.9,30.0,0.0,20.6,109,1007.3,14,277.0,27.9,76,23.2,30.6,0.0,19.6,110,1007.6,0,
2025-07-27 09:00:00,28.3,73,23.0,31.0,0.0,19.5,102,1007.2,6,450.0,28.1,75,23.3,30.9,0.0,19.4,112,1007.5,0,
2025-07-27 10:00:00,29.3,72,23.7,32.8,0.0,19.6,103,1007.0,3,658.0,28.4,74,23.3,31.3,0.0,19.0,115,1007.3,2,
2025-07-27 11:00:00,30.0,70,23.9,34.3,0.0,19.7,105,1006.9,7,785.0,28.8,73,23.4,31.9,0.0,18.0,119,1007.1,6,
2025-07-27 12:00:00,30.8,63,22.9,34.7,0.0,19.8,102,1006.7,8,834.0,29.2,72,23.6,32.5,0.0,17.2,123,1006.8,11,
2025-07-27 13:00:00,31.2,63,23.3,35.8,0.0,18.3,110,1006.3,6,852.0,29.5,71,23.7,32.9,0.0,16.4,128,1006.6,16,
2025-07-27 14:00:00,31.1,65,23.7,35.7,0.0,18.1,113,1006.1,5,826.0,29.7,71,23.9,33.5,0.0,15.5,132,1006.3,20,
2025-07-27 15:00:00,31.0,60,22.3,34.7,0.0,16.8,113,1005.7,6,757.0,29.8,71,23.9,33.6,0.0,15.0,136,1006.2,21,
2025-07-27 16:00:00,30.7,62,22.5,33.7,0.0,16.9,117,1005.7,10,602.0,29.6,72,24.0,33.6,0.0,14.5,138,1006.2,20,
2025-07-27 17:00:00,29.9,68,23.4,33.0,0.0,17.9,118,1005.6,5,423.0,29.3,73,24.0,33.3,0.0,14.0,138,1006.2,16,
2025-07-27 18:00:00,29.0,74,23.9,32.7,0.0,15.7,122,1005.7,2,245.0,28.9,75,24.0,33.1,0.0,13.5,136,1006.2,11,
2025-07-27 19:00:00,28.3,77,23.8,32.2,0.0,14.3,129,1005.8,6,82.0,28.5,77,24.0,32.7,0.0,13.0,136,1006.3,6,
2025-07-27 20:00:00,28.1,75,23.3,31.5,0.0,15.2,144,1005.9,5,2.0,28.0,78,23.8,32.2,0.0,12.5,134,1006.4,2,
2025-07-27 21:00:00,27.7,75,22.9,31.1,0.0,13.8,141,1005.7,7,0.0,27.7,80,23.9,31.9,0.0,12.0,131,1006.4,0,
2025-07-27 22:00:00,27.5,78,23.3,31.1,0.0,14.1,140,1005.5,6,0.0,27.3,82,24.0,31.7,0.0,11.5,129,1006.4,0,
2025-07-27 23:00:00,27.4,79,23.4,30.9,0.0,15.0,136,1006.0,7,0.0,26.9,83,23.8,31.3,0.0,10.9,124,1006.3,2,
2025-07-28 00:00:00,26.7,80,23.0,30.2,0.0,13.5,134,1006.0,3,0.0,26.6,85,23.8,31.0,0.0,10.8,120,1006.3,5,
2025-07-28 01:00:00,26.5,82,23.2,30.3,0.0,12.7,125,1005.6,3,0.0,26.2,87,23.9,30.7,0.0,10.6,114,1006.2,9,
2025-07-28 02:00:00,26.4,84,23.4,30.2,0.0,13.0,118,1005.5,4,0.0,26.0,88,23.9,30.5,0.0,10.4,110,1006.1,11,
2025-07-28 03:00:00,26.1,85,23.4,30.1,0.0,11.9,115,1005.9,3,0.0,25.9,88,23.8,30.4,0.0,10.2,108,1006.0,12,
2025-07-28 04:00:00,26.1,86,23.5,30.1,0.0,11.9,115,1005.7,5,0.0,26.0,87,23.7,30.4,0.0,10.2,108,1005.9,11,
2025-07-28 05:00:00,26.0,87,23.6,30.1,0.0,12.1,113,1005.3,1,0.0,26.3,86,23.7,30.8,0.0,9.9,109,1005.9,9,
2025-07-28 06:00:00,25.8,87,23.4,29.8,0.0,11.8,113,1005.5,0,11.0,26.7,85,23.9,31.3,0.0,9.7,112,1005.8,7,
2025-07-28 07:00:00,26.5,82,23.2,30.4,0.0,11.6,106,1005.2,0,128.0,27.1,83,23.9,31.7,0.0,10.0,116,1005.7,4,
2025-07-28 08:00:00,27.4,79,23.4,31.3,0.0,12.8,106,1005.3,0,318.0,27.5,81,23.9,32.1,0.0,9.8,118,1005.6,2,
2025-07-28 09:00:00,28.1,78,23.9,32.2,0.0,13.7,104,1005.3,0,513.0,27.8,79,23.8,32.4,0.0,9.9,123,1005.4,0,
2025-07-28 10:00:00,28.8,74,23.7,33.1,0.0,15.4,111,1005.0,1,689.0,28.2,77,23.7,32.6,0.0,10.2,129,1005.1,0,
2025-07-28 11:00:00,29.3,73,23.9,34.4,0.0,15.8,114,1004.9,0,822.0,28.6,75,23.7,32.9,0.0,10.7,135,1004.6,0,
2025-07-28 12:00:00,29.8,69,23.5,35.1,0.0,16.3,115,1004.3,0,908.0,29.0,74,23.9,33.3,0.0,11.5,141,1004.1,0,
2025-07-28 13:00:00,30.4,67,23.6,35.9,0.0,16.1,119,1003.6,0,935.0,29.3,72,23.7,33.3,0.0,12.5,147,1003.6,0,
2025-07-28 14:00:00,31.1,65,23.7,36.6,0.0,15.1,123,1003.0,0,897.0,29.5,71,23.7,33.5,0.0,12.9,150,1003.2,0,
2025-07-28 15:00:00,31.1,61,22.7,35.4,0.0,15.5,121,1002.9,0,798.0,29.5,71,23.7,33.5,0.0,12.9,150,1002.9,0,
2025-07-28 16:00:00,30.8,64,23.2,34.7,0.0,15.5,118,1002.3,0,649.0,29.2,72,23.6,33.3,0.0,12.0,147,1002.7,0,
2025-07-28 17:00:00,30.5,66,23.4,34.1,0.0,14.2,114,1001.8,0,464.0,28.8,75,23.9,33.3,0.0,10.5,142,1002.7,0,
2025-07-28 18:00:00,29.9,67,23.1,33.3,0.0,14.3,115,1001.6,1,261.0,28.2,78,24.0,32.9,0.0,8.9,133,1002.7,1,
2025-07-28 19:00:00,28.7,71,22.9,32.2,0.0,13.2,116,1001.8,3,83.0,27.5,81,24.0,32.5,0.0,7.4,119,1002.8,1,
2025-07-28 20:00:00,27.8,76,23.2,31.9,0.0,10.5,117,1001.9,5,2.0,27.0,84,24.0,32.1,0.0,7.0,102,1002.8,2,
2025-07-28 21:00:00,27.3,81,23.7,32.0,0.0,8.0,95,1002.2,6,0.0,26.6,86,24.0,31.7,0.0,6.8,93,1002.8,3,
2025-07-28 22:00:00,27.0,83,23.9,31.9,0.0,7.5,107,1002.4,6,0.0,26.3,87,24.0,31.4,0.0,6.8,90,1002.7,5,
2025-07-28 23:00:00,27.0,81,23.4,31.6,0.0,7.9,120,1002.6,9,0.0,26.1,88,24.0,31.2,0.0,6.8,90,1002.7,8,
2025-07-29 00:00:00,26.8,79,22.9,31.0,0.0,8.7,132,1002.5,11,0.0,26.0,88,23.8,30.9,0.0,6.9,96,1002.6,12,
2025-07-29 01:00:00,26.5,81,23.0,30.6,0.0,9.4,122,1002.3,15,0.0,25.9,88,23.8,30.9,0.0,6.9,99,1002.5,15,
2025-07-29 02:00:00,26.2,83,23.1,30.5,0.0,8.6,105,1002.2,13,0.0,25.9,88,23.8,30.8,0.0,7.4,104,1002.4,17,
2025-07-29 03:00:00,25.6,85,22.9,29.7,0.0,9.4,94,1002.2,2,0.0,26.0,88,23.8,30.8,0.0,7.6,109,1002.4,18,
2025-07-29 04:00:00,25.7,85,22.9,29.6,0.0,10.3,102,1002.4,0,0.0,26.1,87,23.8,30.9,0.0,8.1,111,1002.5,17,
2025-07-29 05:00:00,25.6,87,23.2,29.6,0.0,11.0,113,1002.4,0,0.0,26.4,87,24.0,31.2,0.0,8.7,114,1002.6,14,
2025-07-29 06:00:00,25.5,87,23.1,29.6,0.0,9.8,118,1002.6,0,11.0,26.7,85,23.9,31.4,0.0,9.3,118,1002.8,10,
2025-07-29 07:00:00,26.2,85,23.4,30.4,0.0,10.5,121,1002.8,3,126.0,27.0,84,24.0,31.6,0.0,10.0,120,1003.0,6,
2025-07-29 08:00:00,27.0,84,24.0,31.4,0.0,11.6,120,1003.0,2,314.0,27.3,83,24.2,32.0,0.0,10.5,121,1003.1,2,
2025-07-29 09:00:00,27.9,81,24.3,32.0,0.0,14.9,105,1002.7,0,513.0,27.6,81,24.1,32.1,0.0,11.2,123,1003.0,0,
2025-07-29 10:00:00,28.7,78,24.4,33.6,0.0,15.3,105,1002.3,0,694.0,27.9,79,23.9,32.3,0.0,11.6,126,1002.8,0,
2025-07-29 11:00:00,29.3,77,24.9,35.2,0.0,15.6,109,1002.3,0,831.0,28.3,77,23.9,32.6,0.0,12.0,129,1002.4,0,
2025-07-29 12:00:00,29.9,72,24.3,35.8,0.0,15.4,106,1002.0,0,913.0,28.7,74,23.6,32.7,0.0,12.5,134,1001.9,0,
2025-07-29 13:00:00,30.2,71,24.3,36.2,0.0,15.5,115,1001.2,0,937.0,29.0,72,23.5,32.9,0.0,12.7,137,1001.4,0,
2025-07-29 14:00:00,30.6,70,24.5,36.6,0.0,14.8,119,1000.7,0,897.0,29.2,70,23.2,32.9,0.0,13.0,138,1001.0,0,
2025-07-29 15:00:00,31.1,64,23.5,36.2,0.0,14.0,116,1000.5,0,800.0,29.3,69,23.0,32.8,0.0,13.0,138,1000.8,0,
2025-07-29 16:00:00,31.5,61,23.0,35.5,0.0,13.9,115,1000.2,0,650.0,29.1,69,22.8,32.7,0.0,12.7,135,1000.8,0,
2025-07-29 17:00:00,30.9,65,23.6,34.6,0.0,14.6,110,1000.0,0,465.0,28.8,71,23.0,32.5,0.0,12.3,130,1000.9,0,
2025-07-29 18:00:00,29.7,68,23.2,33.3,0.0,13.6,101,1000.0,0,264.0,28.4,73,23.1,32.1,0.0,12.0,123,1001.0,0,
2025-07-29 19:00:00,28.2,77,23.8,32.2,0.0,13.3,92,1000.8,0,83.0,27.9,75,23.0,31.7,0.0,11.4,114,1001.3,0,
2025-07-29 20:00:00,27.5,82,24.2,32.0,0.0,11.6,85,1001.2,0,2.0,27.4,77,23.0,31.3,0.0,11.4,108,1001.5,0,
2025-07-29 21:00:00,26.9,83,23.8,31.3,0.0,10.7,76,1001.1,1,0.0,27.1,79,23.1,30.9,0.0,11.5,104,1001.6,0,
2025-07-29 22:00:00,26.6,85,23.9,31.1,0.0,10.3,78,1001.3,1,0.0,26.8,80,23.0,30.6,0.0,11.5,104,1001.7,0,
2025-07-29 23:00:00,26.7,84,23.7,31.2,0.0,9.4,92,1001.6,6,0.0,26.5,82,23.1,30.4,0.0,11.3,107,1001.7,0,
2025-07-30 00:00:00,26.2,85,23.5,30.9,0.0,7.6,109,1001.9,1,0.0,26.2,83,23.0,30.1,0.0,11.2,111,1001.8,0,
2025-07-30 01:00:00,26.1,83,23.0,30.4,0.0,8.1,122,1001.8,3,0.0,25.9,84,23.0,29.8,0.0,11.1,115,1001.8,0,
2025-07-30 02:00:00,25.8,82,22.5,29.7,0.0,8.4,110,1001.6,9,0.0,25.8,85,23.0,29.7,0.0,11.1,119,1001.8,0,
2025-07-30 03:00:00,25.1,83,22.0,28.7,0.0,9.1,97,1001.7,0,0.0,25.7,85,23.0,29.6,0.0,11.0,122,1001.9,0,
2025-07-30 04:00:00,24.9,83,21.8,28.3,0.0,9.4,94,1001.7,0,0.0,25.8,85,23.1,29.7,0.0,11.2,123,1002.0,3,
2025-07-30 05:00:00,24.9,83,21.8,28.2,0.0,9.9,100,1001.5,0,0.0,26.0,85,23.3,30.0,0.0,11.4,125,1002.2,7,
2025-07-30 06:00:00,25.1,83,22.0,28.4,0.0,10.7,110,1001.9,12,10.0,26.3,84,23.3,30.2,0.0,11.9,125,1002.4,12,
2025-07-30 07:00:00,25.9,82,22.6,29.4,0.0,12.1,127,1002.0,52,125.0,26.6,83,23.5,30.6,0.0,12.1,127,1002.5,17,
2025-07-30 08:00:00,26.8,79,22.8,30.3,0.0,12.8,128,1002.1,39,309.0,26.9,82,23.6,30.9,0.0,12.4,126,1002.6,22,
2025-07-30 09:00:00,27.6,77,23.2,31.1,0.0,14.6,110,1002.5,2,499.0,27.2,81,23.7,31.3,0.0,12.6,127,1002.6,25,
2025-07-30 10:00:00,28.3,76,23.6,32.4,0.0,16.6,112,1002.1,4,690.0,27.5,80,23.8,31.6,0.0,12.8,128,1002.4,27,
2025-07-30 11:00:00,28.9,73,23.6,33.6,0.0,17.8,111,1002.1,3,823.0,27.9,78,23.7,31.8,0.0,13.3,128,1002.1,28,
2025-07-30 12:00:00,29.4,71,23.6,34.6,0.0,17.2,106,1002.0,0,916.0,28.2,76,23.6,32.1,0.0,13.3,128,1001.8,29,
2025-07-30 13:00:00,29.8,69,23.5,35.2,0.0,17.0,107,1001.4,0,948.0,28.6,74,23.5,32.4,0.0,13.6,130,1001.5,29,
2025-07-30 14:00:00,30.5,64,22.9,35.3,0.0,16.5,106,1000.8,0,910.0,28.8,73,23.4,32.5,0.0,13.6,130,1001.2,29,
2025-07-30 15:00:00,31.0,58,21.7,34.5,0.0,17.7,95,1000.9,0,809.0,28.8,72,23.3,32.5,0.0,13.3,128,1001.1,27,
2025-07-30 16:00:00,30.7,61,22.3,33.7,0.0,17.9,99,1000.6,0,656.0,28.7,72,23.1,32.3,0.0,12.9,126,1001.2,24,
2025-07-30 17:00:00,29.7,67,22.9,32.5,0.0,17.5,109,1000.5,0,465.0,28.4,73,23.1,32.2,0.0,12.0,123,1001.4,18,
2025-07-30 18:00:00,28.8,69,22.6,31.7,0.0,15.9,103,1000.9,0,262.0,28.0,74,22.9,31.9,0.0,10.9,117,1001.8,12,
2025-07-30 19:00:00,28.0,72,22.5,31.0,0.0,14.9,98,1001.3,0,82.0,27.6,76,23.0,31.6,0.0,10.2,113,1002.1,6,
2025-07-30 20:00:00,27.5,75,22.7,31.0,0.0,12.3,95,1001.8,0,2.0,27.2,78,23.0,31.3,0.0,9.4,108,1002.5,2,
2025-07-30 21:00:00,27.1,79,23.1,31.1,0.0,10.5,86,1002.2,0,0.0,26.9,79,22.9,31.0,0.0,8.9,104,1002.7,0,
2025-07-30 22:00:00,26.8,80,23.0,30.9,0.0,9.4,90,1002.4,0,0.0,26.6,81,23.0,30.8,0.0,8.6,105,1002.8,1,
2025-07-30 23:00:00,26.5,80,22.7,30.7,0.0,7.6,90,1003.0,0,0.0,26.3,82,23.0,30.6,0.0,8.3,108,1002.9,4,
2025-07-31 00:00:00,25.6,84,22.7,29.8,0.0,7.2,90,1002.9,0,0.0,26.0,84,23.1,30.4,0.0,8.2,113,1002.9,9,
2025-07-31 01:00:00,25.5,83,22.4,29.6,0.0,7.0,102,1002.7,0,0.0,25.8,86,23.3,30.3,0.0,8.2,119,1003.0,14,
2025-07-31 02:00:00,25.3,81,21.8,29.0,0.0,7.0,102,1002.7,19,0.0,25.7,87,23.3,30.2,0.0,8.1,122,1003.0,20,
2025-07-31 03:00:00,25.8,79,21.8,29.2,0.0,9.9,123,1003.1,0,0.0,25.7,88,23.5,30.3,0.0,8.0,126,1003.1,25,
2025-07-31 04:00:00,25.7,80,22.0,29.1,0.0,9.7,117,1003.0,14,0.0,25.8,88,23.6,30.5,0.0,7.5,125,1003.3,31,
2025-07-31 05:00:00,25.7,81,22.2,29.2,0.0,10.3,119,1003.0,15,0.0,26.0,87,23.7,30.9,0.0,7.1,120,1003.5,38,
2025-07-31 06:00:00,25.9,79,21.9,29.1,0.0,11.0,131,1003.4,0,10.0,26.3,87,24.0,31.5,0.0,6.3,114,1003.8,45,
2025-07-31 07:00:00,26.4,78,22.3,30.5,0.0,7.0,125,1003.4,0,124.0,26.7,85,24.0,31.9,0.0,6.0,107,1004.0,52,
2025-07-31 08:00:00,27.4,74,22.4,31.6,0.0,6.6,112,1003.6,0,315.0,27.1,84,24.1,32.4,0.0,5.6,105,1004.1,58,
2025-07-31 09:00:00,28.1,72,22.6,32.2,0.0,8.1,111,1004.0,0,513.0,27.5,82,24.1,32.9,0.0,5.2,106,1004.1,61,
2025-07-31 10:00:00,28.9,71,23.1,33.9,0.0,9.0,119,1003.7,0,693.0,27.9,80,24.1,33.3,0.0,5.3,118,1003.9,62,
2025-07-31 11:00:00,29.7,69,23.4,35.7,0.0,9.3,118,1003.8,0,830.0,28.5,76,23.8,33.6,0.0,5.9,137,1003.5,61,
2025-07-31 12:00:00,30.9,58,21.7,36.2,0.0,10.6,118,1003.4,12,913.0,29.0,73,23.7,33.9,0.0,7.2,153,1003.0,59,
2025-07-31 13:00:00,31.7,56,21.9,37.1,0.0,11.3,117,1002.6,0,939.0,29.5,69,23.2,33.9,0.0,8.7,163,1002.5,56,
2025-07-31 14:00:00,32.7,53,21.8,38.0,0.0,10.1,117,1002.1,0,901.0,29.9,67,23.1,34.0,0.0,10.2,170,1002.1,52,
2025-07-31 15:00:00,32.8,49,20.7,37.0,0.0,10.0,116,1001.7,9,796.0,30.0,66,23.0,33.9,0.0,10.6,170,1001.9,48,
2025-07-31 16:00:00,32.3,51,20.9,35.3,0.0,10.0,111,1001.4,18,573.0,29.8,67,23.0,33.9,0.0,10.0,167,1001.9,43,
2025-07-31 17:00:00,31.7,54,21.3,34.8,0.0,9.7,90,1001.3,11,400.0,29.4,70,23.3,33.8,0.0,8.8,161,1002.1,36,
2025-07-31 18:00:00,30.9,58,21.6,34.3,0.0,9.0,74,1001.6,5,239.0,28.8,74,23.7,33.7,0.0,7.1,150,1002.4,28,
2025-07-31 19:00:00,29.5,64,22.0,33.1,0.0,9.1,72,1002.2,7,74.0,28.2,78,24.0,33.4,0.0,5.6,130,1002.7,21,
2025-07-31 20:00:00,28.5,70,22.5,32.4,0.0,9.1,72,1002.4,10,1.0,27.6,81,24.0,32.8,0.0,5.7,108,1003.0,15,
2025-07-31 21:00:00,27.9,76,23.3,32.4,0.0,8.2,61,1002.8,16,0.0,27.2,84,24.2,32.6,0.0,5.8,94,1003.1,11,
2025-07-31 22:00:00,27.4,75,22.6,31.4,0.0,8.4,59,1002.9,24,0.0,26.9,85,24.1,32.1,0.0,6.1,87,1003.1,9,
2025-07-31 23:00:00,27.0,74,22.0,30.9,0.0,7.2,63,1003.2,26,0.0,26.7,86,24.1,31.9,0.0,6.1,87,1002.9,10,
2025-08-01 00:00:00,26.5,80,22.8,31.1,0.0,5.5,67,1003.0,18,0.0,26.5,87,24.2,31.8,0.0,6.1,87,1002.7,11,
2025-08-01 01:00:00,26.1,82,22.7,30.6,0.0,5.6,63,1002.7,25,0.0,26.4,87,24.1,31.7,0.0,6.1,90,1002.5,13,
2025-08-01 02:00:00,25.8,84,22.9,30.3,0.0,5.8,68,1002.5,27,0.0,26.4,87,24.0,31.6,0.0,6.1,93,1002.4,14,
2025-08-01 03:00:00,25.6,85,22.9,30.1,0.0,6.0,65,1002.4,32,0.0,26.4,87,24.1,31.7,0.0,6.2,97,1002.3,15,
2025-08-01 04:00:00,25.2,87,22.9,29.8,0.0,5.6,63,1002.5,20,0.0,26.6,87,24.2,31.9,0.0,6.2,100,1002.4,15,
2025-08-01 05:00:00,24.7,89,22.8,29.2,0.0,5.9,47,1002.3,17,0.0,26.8,86,24.3,32.1,0.0,6.6,103,1002.5,14,
2025-08-01 06:00:00,24.3,88,22.2,28.6,0.0,5.4,37,1002.4,3,9.0,27.1,86,24.6,32.5,0.0,7.1,105,1002.7,13,
2025-08-01 07:00:00,25.1,86,22.6,29.7,0.0,4.8,42,1002.4,6,119.0,27.5,85,24.7,33.0,0.0,7.3,110,1002.8,13,
2025-08-01 08:00:00,27.1,80,23.3,32.1,0.0,4.1,38,1002.5,12,298.0,27.9,84,24.9,33.5,0.0,7.4,113,1002.9,12,
2025-08-01 09:00:00,28.9,70,22.9,33.7,0.0,4.2,70,1002.6,1,474.0,28.2,83,25.0,33.9,0.0,7.4,119,1002.9,13,
2025-08-01 10:00:00,30.2,67,23.4,35.9,0.0,5.2,106,1002.8,2,683.0,28.7,82,25.3,34.5,0.0,7.1,131,1002.7,15,
2025-08-01 11:00:00,31.3,66,24.2,38.0,0.0,6.6,135,1002.8,11,797.0,29.2,80,25.4,35.1,0.0,7.3,147,1002.3,17,
2025-08-01 12:00:00,31.8,67,24.9,38.7,0.0,8.3,162,1002.3,3,810.0,29.7,79,25.7,35.7,0.0,8.0,162,1001.9,20,
2025-08-01 13:00:00,32.2,65,24.7,39.6,0.0,8.9,166,1001.6,2,920.0,30.2,77,25.7,36.1,0.0,8.7,175,1001.4,23,
2025-08-01 14:00:00,32.4,63,24.5,39.7,0.0,7.6,180,1001.3,3,881.0,30.6,76,25.8,36.5,0.0,9.4,184,1001.0,26,
2025-08-01 15:00:00,32.8,59,23.7,39.0,0.0,7.4,241,1001.0,5,770.0,30.7,75,25.8,36.6,0.0,9.2,191,1000.8,29,
2025-08-01 16:00:00,32.9,63,24.9,38.6,0.0,9.0,254,1000.7,3,618.0,30.7,74,25.5,36.6,0.0,7.6,199,1000.8,32,
2025-08-01 17:00:00,33.1,65,25.6,39.1,0.0,7.3,290,1000.2,5,442.0,30.4,74,25.3,36.6,0.0,5.2,214,1000.8,34,
2025-08-01 18:00:00,32.1,65,24.7,37.0,0.0,11.3,351,1000.3,6,239.0,30.1,74,25.0,36.3,0.0,3.4,252,1001.0,37,
2025-08-01 19:00:00,29.7,72,24.1,34.1,0.0,12.2,358,1001.2,1,75.0,29.7,74,24.5,35.5,0.0,4.4,305,1001.1,39,
2025-08-01 20:00:00,28.5,76,23.8,32.9,0.0,10.5,4,1001.7,3,1.0,29.2,75,24.3,34.5,0.0,6.8,328,1001.3,41,
2025-08-01 21:00:00,28.0,79,24.0,33.2,0.0,6.5,354,1001.7,9,0.0,28.8,76,24.1,33.7,0.0,8.5,332,1001.4,41,
2025-08-01 22:00:00,27.4,82,24.1,32.7,0.0,5.7,325,1002.0,14,0.0,28.3,78,24.1,33.0,0.0,9.3,332,1001.4,40,
2025-08-01 23:00:00,26.9,85,24.1,32.1,0.0,6.4,317,1002.3,11,0.0,27.6,82,24.2,32.4,0.0,9.7,329,1001.4,37,
2025-08-02 00:00:00,26.4,89,24.4,31.8,0.0,6.4,313,1002.4,14,0.0,26.9,86,24.4,31.9,0.0,9.5,323,1001.4,34,
2025-08-02 01:00:00,25.8,91,24.2,30.9,0.0,7.4,313,1002.5,0,0.0,26.3,89,24.3,31.3,0.0,8.9,317,1001.4,30,
2025-08-02 02:00:00,25.3,93,24.0,30.2,0.0,8.2,319,1002.7,3,0.0,25.8,92,24.4,30.9,0.0,8.7,312,1001.4,27,
2025-08-02 03:00:00,25.0,92,23.6,29.5,0.0,9.2,334,1002.2,8,0.0,25.7,93,24.4,30.8,0.0,8.2,308,1001.4,23,
2025-08-02 04:00:00,25.1,92,23.7,30.0,0.0,7.4,337,1002.1,9,0.0,25.8,92,24.4,31.0,0.0,7.7,307,1001.5,19,
2025-08-02 05:00:00,25.0,93,23.8,29.9,0.0,7.1,319,1002.0,11,0.0,26.2,89,24.3,31.4,0.0,7.1,311,1001.7,15,
2025-08-02 06:00:00,24.9,92,23.5,29.9,0.0,5.4,312,1002.2,2,8.0,26.8,85,24.1,32.1,0.0,6.1,315,1001.9,11,
2025-08-02 07:00:00,25.7,91,24.1,31.2,0.0,4.5,299,1001.9,0,120.0,27.5,81,23.9,32.7,0.0,5.4,323,1002.0,7,
2025-08-02 08:00:00,27.3,85,24.5,32.8,0.0,5.9,317,1002.0,1,311.0,28.2,77,23.7,33.4,0.0,4.6,321,1002.1,3,
2025-08-02 09:00:00,29.3,75,24.4,34.8,0.0,6.2,350,1002.3,9,505.0,28.8,74,23.7,34.1,0.0,4.1,315,1002.1,1,
2025-08-02 10:00:00,31.2,69,24.8,38.0,0.0,2.3,18,1002.3,17,640.0,29.4,72,23.8,34.8,0.0,4.2,290,1001.9,0,
2025-08-02 11:00:00,32.0,68,25.3,39.5,0.0,4.6,231,1002.2,16,752.0,30.2,69,23.9,35.4,0.0,5.8,263,1001.5,0,
2025-08-02 12:00:00,33.0,67,26.0,40.2,0.0,12.6,257,1001.9,1,844.0,31.0,67,24.2,36.0,0.0,8.4,250,1001.1,0,
2025-08-02 13:00:00,33.2,68,26.5,40.8,0.0,15.1,258,1001.1,0,929.0,31.7,66,24.6,36.5,0.0,11.3,243,1000.7,0,
2025-08-02 14:00:00,33.6,67,26.6,40.9,0.0,15.7,259,1000.7,1,888.0,32.2,64,24.5,36.7,0.0,13.5,241,1000.4,0,
2025-08-02 15:00:00,34.7,54,24.0,40.3,0.0,12.8,280,1000.4,1,787.0,32.3,64,24.6,36.7,0.0,14.3,242,1000.2,0,
2025-08-02 16:00:00,34.8,50,22.8,39.0,0.0,11.4,325,1000.1,0,641.0,32.0,64,24.3,36.3,0.0,13.5,245,1000.2,3,
2025-08-02 17:00:00,32.7,56,22.8,36.1,0.0,13.8,351,1000.2,0,459.0,31.3,66,24.2,35.7,0.0,12.1,253,1000.4,7,
2025-08-02 18:00:00,30.9,62,22.7,34.3,0.0,13.1,352,1000.5,0,257.0,30.3,67,23.5,34.5,0.0,10.1,266,1000.6,12,
2025-08-02 19:00:00,28.9,69,22.6,32.4,0.0,11.7,349,1001.2,0,77.0,29.3,69,23.0,33.5,0.0,8.6,285,1000.9,17,
2025-08-02 20:00:00,27.6,75,22.8,31.5,0.0,9.9,341,1001.5,0,1.0,28.3,72,22.7,32.4,0.0,8.3,304,1001.1,21,
2025-08-02 21:00:00,27.0,79,23.1,31.4,0.0,8.0,333,1001.5,1,0.0,27.5,74,22.5,31.4,0.0,8.7,315,1001.3,24,
2025-08-02 22:00:00,26.5,82,23.1,31.2,0.0,5.4,323,1001.9,36,0.0,26.9,77,22.5,30.9,0.0,8.7,318,1001.4,25,
2025-08-02 23:00:00,26.1,84,23.1,30.8,0.0,5.6,297,1002.3,2,0.0,26.3,80,22.6,30.3,0.0,8.4,317,1001.5,24,
2025-08-03 00:00:00,25.5,86,22.9,29.9,0.0,6.7,286,1002.5,0,0.0,25.8,84,22.9,30.1,0.0,8.2,311,1001.6,23,
2025-08-03 01:00:00,25.3,87,22.9,29.7,0.0,7.2,288,1002.3,7,0.0,25.4,87,23.1,29.9,0.0,7.5,305,1001.7,22,
2025-08-03 02:00:00,25.2,89,23.2,29.7,0.0,7.4,299,1002.3,11,0.0,25.2,89,23.2,29.7,0.0,7.2,297,1001.8,21,
2025-08-03 03:00:00,25.0,90,23.2,29.3,0.0,9.1,304,1002.4,17,0.0,25.1,90,23.4,29.8,0.0,7.0,291,1001.9,21,
2025-08-03 04:00:00,24.5,91,22.9,28.7,0.0,8.5,306,1002.7,41,0.0,25.4,89,23.4,30.1,0.0,6.7,286,1002.1,23,
2025-08-03 05:00:00,24.1,93,22.9,28.4,0.0,8.1,315,1002.8,51,0.0,25.9,87,23.5,30.7,0.0,6.6,283,1002.4,25,
2025-08-03 06:00:00,24.3,95,23.4,28.9,0.0,7.4,313,1003.2,28,8.0,26.5,83,23.4,31.3,0.0,6.5,276,1002.6,28,
2025-08-03 07:00:00,25.4,92,24.0,30.4,0.0,7.5,305,1003.0,40,112.0,27.3,80,23.5,32.1,0.0,6.5,270,1002.9,31,
2025-08-03 08:00:00,27.1,87,24.7,32.4,0.0,8.4,301,1002.9,52,246.0,28.0,76,23.3,32.8,0.0,6.2,263,1003.0,34,
2025-08-03 09:00:00,28.8,79,24.8,33.8,0.0,10.6,298,1003.4,54,467.0,28.6,74,23.5,33.5,0.0,5.9,256,1003.1,36,
2025-08-03 10:00:00,30.0,73,24.6,35.7,0.0,8.4,290,1003.1,66,624.0,29.1,72,23.5,34.1,0.0,5.6,243,1003.0,38,
2025-08-03 11:00:00,31.6,69,25.2,38.5,0.0,8.5,258,1002.8,51,778.0,29.7,70,23.7,34.7,0.0,5.9,227,1002.7,39,
2025-08-03 12:00:00,32.7,63,24.7,39.9,0.0,7.4,247,1002.6,70,837.0,30.3,69,24.0,35.5,0.0,6.2,216,1002.4,40,
2025-08-03 13:00:00,33.1,61,24.5,40.0,0.0,7.8,214,1002.0,83,831.0,30.8,68,24.2,36.0,0.0,7.0,201,1002.0,41,
2025-08-03 14:00:00,33.4,59,24.3,40.2,0.0,7.6,188,1001.8,74,811.0,31.1,68,24.5,36.3,0.0,7.8,193,1001.8,42,
2025-08-03 15:00:00,33.8,55,23.5,39.9,0.0,7.1,246,1001.9,6,777.0,31.2,68,24.6,36.4,0.0,8.0,188,1001.7,44,
2025-08-03 16:00:00,33.8,53,22.9,38.7,0.0,6.0,253,1001.7,12,620.0,30.9,69,24.6,36.2,0.0,8.0,185,1001.9,46,
2025-08-03 17:00:00,33.5,52,22.3,37.3,0.0,8.4,260,1001.7,64,408.0,30.4,72,24.8,36.0,0.0,7.2,180,1002.2,49,
2025-08-03 18:00:00,32.2,51,20.8,34.9,0.0,10.4,270,1001.9,31,210.0,29.7,74,24.6,35.3,0.0,6.1,177,1002.6,53,
2025-08-03 19:00:00,30.7,54,20.3,33.2,0.0,10.7,282,1002.8,33,54.0,29.0,77,24.5,34.6,0.0,5.1,172,1003.0,55,
2025-08-03 20:00:00,29.6,58,20.5,32.6,0.0,7.7,298,1003.5,41,1.0,28.3,80,24.5,34.0,0.0,4.5,166,1003.4,58,
2025-08-03 21:00:00,29.2,61,20.9,32.6,0.0,6.5,264,1003.5,87,0.0,27.8,83,24.6,33.7,0.0,3.9,158,1003.7,59,
2025-08-03 22:00:00,28.3,72,22.7,32.7,0.1,6.1,273,1003.7,79,0.0,27.4,85,24.7,33.4,0.2,3.9,146,1003.8,58,
2025-08-03 23:00:00,28.0,75,23.1,33.1,0.0,3.1,249,1004.2,37,0.0,27.1,88,25.0,33.2,0.2,4.1,135,1003.9,56,
2025-08-04 00:00:00,27.8,79,23.8,33.1,0.0,4.6,231,1004.4,36,0.0,26.9,90,25.1,33.1,0.2,4.6,129,1003.9,53,
2025-08-04 01:00:00,27.7,81,24.1,33.0,0.0,5.7,235,1004.3,48,0.0,26.7,92,25.3,32.9,0.2,4.9,126,1003.9,51,
2025-08-04 02:00:00,27.3,82,24.0,32.9,0.0,3.3,229,1004.4,64,0.0,26.6,94,25.6,32.9,0.2,5.7,125,1003.9,50,
2025-08-04 03:00:00,27.4,84,24.4,32.4,0.0,9.2,138,1003.8,75,0.0,26.5,95,25.6,32.7,0.2,6.4,128,1004.0,51,
2025-08-04 04:00:00,27.6,77,23.2,31.8,0.0,9.6,160,1004.1,64,0.0,26.5,95,25.6,32.6,0.0,7.1,135,1004.2,55,
2025-08-04 05:00:00,27.4,79,23.4,31.4,0.0,11.9,151,1004.1,48,0.0,26.5,95,25.6,32.4,0.0,8.5,144,1004.5,63,
2025-08-04 06:00:00,27.5,82,24.1,31.6,0.0,13.9,143,1004.6,35,5.0,26.6,94,25.6,32.2,0.0,10.1,153,1004.9,71,
2025-08-04 07:00:00,27.9,81,24.3,32.2,0.0,13.3,131,1004.1,41,69.0,26.7,93,25.5,32.1,0.0,11.6,158,1005.3,79,
2025-08-04 08:00:00,27.9,81,24.3,32.5,0.1,11.5,131,1004.3,56,153.0,26.9,92,25.5,32.0,0.0,13.0,161,1005.5,86,
2025-08-04 09:00:00,27.1,87,24.8,32.0,0.2,11.5,148,1005.2,100,142.0,27.0,91,25.4,32.0,0.0,13.7,162,1005.7,91,
2025-08-04 10:00:00,27.0,87,24.6,31.7,2.1,12.3,140,1005.1,72,93.0,27.1,90,25.3,32.0,0.8,13.4,160,1005.7,93,
2025-08-04 11:00:00,27.5,87,25.2,32.8,0.2,10.9,146,1005.2,57,192.0,27.2,89,25.2,32.3,0.8,12.4,154,1005.6,93,
2025-08-04 12:00:00,29.0,83,25.8,34.8,0.0,10.0,201,1005.1,74,338.0,27.4,88,25.2,32.6,0.8,11.3,149,1005.4,93,
2025-08-04 13:00:00,30.1,77,25.6,35.4,0.0,12.1,203,1004.8,42,295.0,27.5,87,25.2,32.9,0.8,10.2,141,1005.2,91,
2025-08-04 14:00:00,31.0,74,25.8,36.9,0.0,9.2,206,1004.7,38,464.0,27.7,87,25.3,33.2,0.8,9.4,130,1005.1,88,
2025-08-04 15:00:00,30.7,76,26.0,36.3,0.0,12.3,238,1004.6,50,403.0,27.8,86,25.2,33.4,0.8,8.8,125,1005.1,84,
2025-08-04 16:00:00,30.9,73,25.5,36.7,0.0,8.9,243,1004.7,53,304.0,27.9,85,25.1,33.5,0.0,8.3,124,1005.3,79,
2025-08-04 17:00:00,30.9,73,25.5,37.1,0.0,5.9,191,1004.7,43,232.0,27.9,85,25.2,33.6,0.0,7.8,124,1005.5,73,
2025-08-04 18:00:00,30.0,78,25.7,36.0,0.0,7.7,169,1005.1,33,141.0,28.0,85,25.2,33.7,0.0,7.5,125,1005.8,65,
2025-08-04 19:00:00,29.5,79,25.5,35.5,0.0,7.3,169,1005.7,32,46.0,28.0,84,25.1,33.8,0.0,6.9,129,1006.2,58,
2025-08-04 20:00:00,29.0,81,25.4,34.9,0.0,7.0,159,1006.1,28,1.0,28.0,84,25.1,33.9,0.0,6.4,133,1006.5,50,
2025-08-04 21:00:00,28.1,90,26.3,34.7,0.0,6.4,137,1006.2,28,0.0,28.0,84,25.1,33.9,0.0,5.9,137,1006.7,44,
2025-08-04 22:00:00,28.0,90,26.2,34.7,0.0,6.1,140,1006.3,23,0.0,28.0,84,25.0,33.9,0.0,5.4,143,1006.9,38,
2025-08-04 23:00:00,27.9,89,25.9,34.3,0.0,6.6,167,1007.0,29,0.0,27.8,84,24.9,33.8,0.0,4.7,148,1007.0,31,
2025-08-05 00:00:00,28.0,85,25.3,33.9,0.0,7.0,192,1007.4,16,0.0,27.7,85,24.9,33.7,0.0,4.3,156,1007.0,25,
2025-08-05 01:00:00,27.8,85,25.0,33.6,0.0,6.1,183,1007.2,14,0.0,27.6,85,24.8,33.6,0.0,3.9,158,1007.1,20,
2025-08-05 02:00:00,27.6,86,25.0,33.4,0.0,6.2,159,1007.1,43,0.0,27.5,85,24.7,33.5,0.0,3.7,169,1007.2,16,
2025-08-05 03:00:00,27.3,88,25.1,33.2,0.0,5.9,191,1007.1,27,0.0,27.5,85,24.7,33.5,0.0,3.6,174,1007.3,14,
2025-08-05 04:00:00,27.3,88,25.1,33.1,0.0,6.8,162,1007.0,22,0.0,27.6,84,24.6,33.5,0.0,4.0,175,1007.5,15,
2025-08-05 05:00:00,27.3,88,25.1,32.9,0.0,7.6,172,1007.0,17,0.0,27.7,83,24.6,33.5,0.0,4.3,175,1007.7,18,
2025-08-05 06:00:00,27.3,87,25.0,33.0,0.0,7.2,174,1007.7,18,6.0,27.9,82,24.6,33.7,0.0,4.7,176,1008.0,23,
2025-08-05 07:00:00,27.9,84,25.0,33.6,0.0,6.9,174,1007.7,21,88.0,28.2,81,24.6,33.9,0.0,5.1,172,1008.2,29,
2025-08-05 08:00:00,28.8,80,25.0,34.2,0.0,8.6,178,1008.0,30,219.0,28.4,80,24.6,34.1,0.0,5.4,172,1008.4,34,
2025-08-05 09:00:00,29.3,78,25.0,34.5,0.0,10.0,165,1008.2,30,334.0,28.7,79,24.7,34.3,0.0,5.8,173,1008.4,37,
2025-08-05 10:00:00,30.0,75,25.0,35.5,0.0,8.1,159,1008.0,31,478.0,29.0,78,24.7,34.7,0.0,5.8,173,1008.3,39,
2025-08-05 11:00:00,30.8,72,25.2,36.9,0.0,6.7,144,1007.6,24,581.0,29.4,77,25.0,35.3,0.0,5.8,176,1008.0,41,
2025-08-05 12:00:00,32.0,68,25.3,38.9,0.0,5.4,132,1007.7,25,675.0,29.8,76,25.1,35.8,0.0,5.8,176,1007.6,42,
2025-08-05 13:00:00,32.6,68,25.9,40.0,0.0,5.7,145,1007.0,25,681.0,30.2,75,25.3,36.3,0.0,5.4,180,1007.2,43,
2025-08-05 14:00:00,32.6,68,25.9,39.5,0.0,7.3,147,1006.6,29,644.0,30.5,75,25.5,36.8,0.0,5.0,180,1006.9,43,
2025-08-05 15:00:00,33.0,67,26.0,39.7,0.0,5.1,225,1006.5,28,569.0,30.6,75,25.6,37.0,0.0,4.7,184,1006.8,43,
2025-08-05 16:00:00,32.7,68,26.0,39.2,0.0,6.6,257,1006.4,38,460.0,30.4,76,25.7,37.0,0.1,4.4,189,1006.9,42,
2025-08-05 17:00:00,31.3,72,25.6,36.8,0.0,11.0,289,1006.5,67,242.0,30.1,77,25.6,36.7,0.1,3.7,191,1007.1,39,
2025-08-05 18:00:00,31.0,73,25.6,36.3,0.1,11.9,273,1007.0,45,113.0,29.7,78,25.4,36.3,0.1,2.7,203,1007.4,36,
2025-08-05 19:00:00,30.4,76,25.7,36.7,0.0,5.8,270,1007.4,34,42.0,29.2,80,25.4,35.8,0.1,2.1,211,1007.7,33,
2025-08-05 20:00:00,29.7,79,25.7,36.5,0.0,2.5,262,1007.6,29,0.0,28.8,82,25.4,35.5,0.1,2.0,225,1007.9,30,
2025-08-05 21:00:00,29.3,79,25.3,35.5,0.0,5.1,274,1007.9,24,0.0,28.4,83,25.2,35.0,0.1,2.1,239,1008.1,27,
2025-08-05 22:00:00,28.7,86,26.1,35.5,0.0,4.0,207,1007.9,23,0.0,28.2,84,25.2,34.7,0.0,2.4,243,1008.1,24,
2025-08-05 23:00:00,28.2,90,26.4,35.2,0.0,4.5,209,1008.1,15,0.0,28.0,85,25.2,34.4,0.0,3.2,243,1008.1,21,
2025-08-06 00:00:00,28.1,88,25.9,34.9,0.0,3.6,270,1007.9,16,0.0,27.8,86,25.2,34.0,0.0,4.0,243,1008.0,18,
2025-08-06 01:00:00,28.0,87,25.6,33.9,0.0,7.9,227,1007.7,17,0.0,27.7,87,25.3,33.9,0.0,5.0,240,1007.9,15,
2025-08-06 02:00:00,28.1,84,25.2,33.6,0.0,9.2,222,1007.3,13,0.0,27.6,88,25.4,33.7,0.0,5.8,240,1007.8,14,
2025-08-06 03:00:00,27.4,87,25.0,33.3,0.0,5.5,203,1007.4,19,0.0,27.6,88,25.4,33.6,0.0,6.5,236,1007.8,16,
2025-08-06 04:00:00,27.2,87,24.9,33.1,0.0,4.9,216,1007.5,19,0.0,27.7,88,25.5,33.7,0.0,7.2,233,1007.8,21,
2025-08-06 05:00:00,27.4,85,24.6,32.7,0.0,8.0,234,1007.5,9,0.0,27.8,86,25.3,33.6,0.0,7.7,229,1007.9,30,
2025-08-06 06:00:00,27.3,84,24.4,32.5,0.0,7.7,229,1007.7,35,6.0,28.1,85,25.3,33.7,0.0,8.7,225,1008.0,41,
2025-08-06 07:00:00,28.0,81,24.4,33.5,0.0,6.2,234,1007.4,31,76.0,28.3,84,25.3,33.9,0.0,9.2,222,1008.0,51,
2025-08-06 08:00:00,29.0,78,24.8,34.3,0.0,8.7,225,1007.4,21,184.0,28.6,82,25.2,34.1,0.0,10.0,221,1008.0,59,
2025-08-06 09:00:00,29.7,80,25.8,35.1,0.0,12.5,219,1007.6,35,342.0,28.9,81,25.3,34.3,0.0,10.2,219,1007.9,63,
2025-08-06 10:00:00,30.4,78,26.1,36.0,0.0,12.7,223,1007.0,22,406.0,29.2,80,25.4,34.6,0.0,10.5,221,1007.6,62,
2025-08-06 11:00:00,31.7,74,26.5,38.3,0.0,8.9,220,1006.6,16,581.0,29.5,79,25.5,35.0,0.0,10.5,221,1007.2,57,
2025-08-06 12:00:00,31.9,74,26.7,40.0,0.0,5.2,236,1006.7,39,695.0,29.9,78,25.7,35.6,0.0,10.4,224,1006.8,50,
2025-08-06 13:00:00,32.2,71,26.3,39.2,0.2,5.5,203,1006.1,37,573.0,30.3,77,25.8,36.0,0.0,10.2,225,1006.3,42,
2025-08-06 14:00:00,33.0,69,26.6,39.7,0.0,9.4,182,1005.4,24,594.0,30.5,76,25.8,36.2,0.0,10.2,228,1005.8,36,
2025-08-06 15:00:00,33.4,67,26.4,39.2,0.0,15.0,207,1005.1,20,593.0,30.6,76,25.8,36.3,0.0,10.5,229,1005.5,34,
2025-08-06 16:00:00,33.2,66,26.0,38.3,0.0,16.0,216,1004.5,19,513.0,30.4,76,25.7,36.0,0.0,11.0,229,1005.3,36,
2025-08-06 17:00:00,32.7,67,25.7,37.5,0.0,16.1,219,1004.4,23,358.0,30.2,77,25.7,35.6,0.0,11.7,227,1005.2,41,
2025-08-06 18:00:00,31.7,68,25.0,35.9,0.0,17.3,223,1004.3,26,183.0,29.8,79,25.7,35.1,0.0,12.7,227,1005.1,47,
2025-08-06 19:00:00,30.7,72,25.0,35.0,0.0,16.5,226,1004.5,21,49.0,29.3,80,25.5,34.4,0.0,13.2,227,1005.1,54,
2025-08-06 20:00:00,29.9,76,25.2,34.7,0.0,14.3,227,1004.2,77,0.0,28.9,81,25.3,33.8,0.0,14.3,227,1005.0,60,
2025-08-06 21:00:00,29.4,79,25.3,34.0,0.0,16.1,228,1004.5,76,0.0,28.6,82,25.2,33.3,0.0,14.8,229,1004.8,64,
2025-08-06 22:00:00,29.0,80,25.2,33.4,0.0,16.3,227,1004.1,70,0.0,28.4,83,25.2,33.1,0.4,15.4,233,1004.5,66,
2025-08-06 23:00:00,28.9,80,25.1,33.2,0.0,16.4,237,1004.3,61,0.0,28.2,83,25.0,32.6,0.4,16.4,237,1004.2,68,
2025-08-07 00:00:00,28.7,80,24.9,32.3,0.0,20.3,233,1003.7,59,0.0,28.1,83,24.9,32.2,0.4,17.6,242,1003.8,69,
2025-08-07 01:00:00,28.6,81,25.0,32.6,0.0,18.6,238,1003.2,52,0.0,28.0,83,24.8,31.9,0.4,18.5,246,1003.4,69,
2025-08-07 02:00:00,28.7,80,24.9,32.6,0.0,19.0,245,1003.3,36,0.0,27.9,83,24.7,31.6,0.4,19.1,250,1003.1,69,
2025-08-07 03:00:00,28.7,77,24.3,32.2,0.0,19.2,242,1002.9,30,0.0,27.7,84,24.8,31.5,0.4,19.2,253,1002.9,70,
2025-08-07 04:00:00,28.6,78,24.4,32.4,0.0,17.7,246,1002.5,36,0.0,27.6,85,24.8,31.5,3.2,18.6,255,1002.8,71,
2025-08-07 05:00:00,28.6,78,24.4,32.4,0.0,17.8,249,1002.1,73,0.0,27.4,86,24.8,31.4,3.2,17.7,258,1002.9,71,
2025-08-07 06:00:00,28.0,86,25.4,32.1,0.1,19.9,253,1002.1,100,1.0,27.2,88,25.0,31.6,3.2,16.0,262,1003.0,71,
2025-08-07 07:00:00,27.7,90,25.9,32.1,2.9,19.4,259,1002.2,100,8.0,27.0,89,25.0,31.7,3.2,14.4,266,1003.1,72,
2025-08-07 08:00:00,27.8,90,26.0,32.8,2.3,17.0,264,1002.3,100,43.0,27.0,90,25.2,31.9,3.2,13.3,268,1003.1,72,
2025-08-07 09:00:00,27.7,92,26.2,33.4,3.9,12.7,285,1003.1,100,63.0,27.0,90,25.2,32.1,3.2,12.6,270,1003.1,73,
2025-08-07 10:00:00,27.9,92,26.5,33.8,2.8,12.6,272,1003.5,80,122.0,27.3,89,25.3,32.4,0.6,12.3,267,1003.0,74,
2025-08-07 11:00:00,28.1,91,26.5,34.0,1.0,12.8,260,1003.6,77,197.0,27.8,87,25.4,32.9,0.6,12.8,260,1002.7,75,
2025-08-07 12:00:00,29.8,79,25.7,35.0,0.7,13.7,273,1003.0,70,199.0,28.3,85,25.5,33.4,0.6,13.7,252,1002.5,76,
2025-08-07 13:00:00,29.6,81,26.0,35.0,0.0,13.0,276,1002.4,85,179.0,28.8,82,25.4,33.7,0.6,14.7,245,1002.2,78,
2025-08-07 14:00:00,29.5,83,26.3,34.8,0.0,16.2,273,1002.7,100,171.0,29.3,80,25.5,34.1,0.6,15.3,240,1002.0,79,
2025-08-07 15:00:00,30.3,78,26.0,35.7,0.0,14.2,279,1002.0,58,150.0,29.5,79,25.4,34.2,0.6,15.5,239,1002.0,80,
2025-08-07 16:00:00,30.3,79,26.2,35.6,0.0,15.0,280,1001.9,73,273.0,29.4,79,25.4,34.2,0.0,14.8,241,1002.1,81,
2025-08-07 17:00:00,29.8,77,25.3,34.5,0.0,15.6,278,1002.3,89,175.0,29.3,79,25.2,34.1,0.0,13.9,245,1002.4,83,
2025-08-07 18:00:00,30.1,70,24.0,34.4,0.0,12.4,287,1002.5,44,152.0,28.9,80,25.1,33.9,0.0,12.5,252,1002.8,85,
2025-08-07 19:00:00,29.2,79,25.1,34.3,0.0,11.6,292,1003.0,54,36.0,28.6,81,25.0,33.6,0.0,11.4,259,1003.2,86,
2025-08-07 20:00:00,28.7,84,25.7,33.9,0.0,13.7,284,1003.3,59,0.0,28.2,82,24.8,33.3,0.0,10.4,268,1003.5,87,
2025-08-07 21:00:00,28.5,85,25.7,34.1,0.0,10.5,262,1003.9,85,0.0,27.9,83,24.8,33.1,0.0,9.7,274,1003.7,87,
2025-08-07 22:00:00,28.0,88,25.8,33.7,0.0,10.1,253,1003.6,92,0.0,27.6,84,24.7,32.8,0.2,9.1,277,1003.7,85,
2025-08-07 23:00:00,27.8,87,25.4,33.3,0.0,10.2,260,1003.5,84,0.0,27.3,85,24.6,32.5,0.2,8.4,280,1003.6,82,
2025-08-08 00:00:00,27.1,91,25.5,32.9,0.0,8.1,257,1003.3,60,0.0,27.0,86,24.5,32.3,0.2,7.3,281,1003.4,79,
2025-08-08 01:00:00,27.0,90,25.2,32.7,0.0,7.9,246,1002.7,34,0.0,26.7,86,24.2,32.0,0.2,6.6,279,1003.2,75,
2025-08-08 02:00:00,26.8,90,25.0,32.4,0.1,8.1,257,1002.9,31,0.0,26.5,87,24.2,31.8,0.2,6.2,277,1003.0,72,
2025-08-08 03:00:00,26.8,91,25.2,32.4,0.1,8.8,251,1002.8,22,0.0,26.5,87,24.1,31.8,0.2,5.8,274,1003.0,71,
2025-08-08 04:00:00,26.8,89,24.8,32.1,0.0,8.9,238,1002.8,16,0.0,26.5,87,24.2,31.9,0.1,5.8,266,1003.1,71,
2025-08-08 05:00:00,26.8,88,24.7,31.7,0.0,11.2,228,1003.0,28,0.0,26.7,87,24.4,32.1,0.1,6.6,257,1003.4,72,
2025-08-08 06:00:00,26.7,89,24.7,31.0,0.0,14.8,229,1003.6,46,4.0,27.0,86,24.5,32.3,0.1,7.3,250,1003.7,74,
2025-08-08 07:00:00,27.0,86,24.4,31.2,0.1,14.8,229,1003.5,58,61.0,27.3,85,24.6,32.5,0.1,8.7,246,1004.1,76,
2025-08-08 08:00:00,27.8,82,24.4,32.1,0.0,13.5,236,1003.7,50,150.0,27.6,84,24.7,32.7,0.1,9.7,243,1004.3,79,
2025-08-08 09:00:00,28.6,80,24.8,32.7,0.0,17.1,240,1004.1,39,268.0,27.9,83,24.8,32.9,0.1,10.8,244,1004.5,81,
2025-08-08 10:00:00,29.2,77,24.7,33.4,0.0,15.6,244,1004.4,44,387.0,28.2,81,24.6,33.0,0.0,12.0,249,1004.5,85,
2025-08-08 11:00:00,30.4,71,24.6,34.7,0.0,15.1,269,1004.3,42,545.0,28.6,78,24.4,32.9,0.0,13.5,254,1004.4,90,
2025-08-08 12:00:00,31.1,68,24.5,35.5,0.0,19.5,282,1004.8,35,732.0,28.9,74,23.8,32.7,0.0,15.3,261,1004.3,96,
2025-08-08 13:00:00,31.2,68,24.6,35.8,0.0,20.2,286,1004.4,60,788.0,29.2,71,23.4,32.4,0.0,16.6,266,1004.2,100,
2025-08-08 14:00:00,31.2,69,24.8,35.5,0.0,20.7,290,1004.2,23,711.0,29.4,69,23.1,32.3,0.0,18.0,270,1004.1,100,
2025-08-08 15:00:00,31.2,67,24.3,34.8,0.0,21.9,293,1004.0,17,673.0,29.4,68,22.8,32.1,0.0,18.0,273,1004.2,99,
2025-08-08 16:00:00,30.2,70,24.1,33.5,0.0,19.1,292,1003.9,99,517.0,29.2,69,22.9,32.1,0.0,17.1,277,1004.5,89,
2025-08-08 17:00:00,29.5,74,24.4,33.4,0.0,17.0,291,1004.4,75,239.0,28.7,71,22.9,32.0,0.0,15.1,282,1004.9,73,
2025-08-08 18:00:00,28.6,77,24.2,32.5,0.0,15.6,296,1004.8,32,131.0,28.2,73,22.9,31.7,0.0,12.6,290,1005.4,54,
2025-08-08 19:00:00,28.1,78,23.9,32.2,0.0,13.4,294,1005.4,98,44.0,27.6,76,23.0,31.6,0.0,10.3,299,1005.9,35,
2025-08-08 20:00:00,27.7,80,23.9,32.1,0.0,11.3,297,1006.1,54,0.0,27.1,79,23.2,31.4,0.0,8.7,312,1006.3,21,
2025-08-08 21:00:00,27.8,79,23.8,32.5,0.0,9.0,270,1006.4,23,0.0,26.7,81,23.2,31.2,0.0,7.7,323,1006.6,15,
2025-08-08 22:00:00,27.5,80,23.7,32.3,0.0,7.7,259,1006.2,30,0.0,26.4,82,23.1,30.9,0.0,7.1,330,1006.7,18,
2025-08-08 23:00:00,27.2,81,23.6,32.0,0.0,6.8,238,1006.3,33,0.0,26.2,83,23.1,30.8,0.0,6.4,333,1006.6,29,
2025-08-09 00:00:00,27.0,82,23.6,31.8,0.0,7.4,227,1006.4,79,0.0,26.0,84,23.1,30.7,0.0,5.6,333,1006.4,44,
2025-08-09 01:00:00,26.6,84,23.7,31.7,0.0,5.9,227,1006.0,63,0.0,25.9,85,23.2,30.8,0.0,5.0,330,1006.3,60,
2025-08-09 02:00:00,26.5,85,23.7,31.3,0.0,7.2,207,1005.3,61,0.0,25.8,85,23.1,30.8,0.0,3.9,326,1006.1,75,
2025-08-09 03:00:00,26.4,84,23.5,31.3,0.0,5.9,223,1005.8,76,0.0,25.8,85,23.1,31.0,0.0,2.8,320,1006.1,85,
2025-08-09 04:00:00,26.2,86,23.6,31.4,0.0,4.1,232,1005.8,77,0.0,26.0,84,23.0,31.3,0.0,1.6,297,1006.2,90,
2025-08-09 05:00:00,25.9,86,23.4,31.1,0.0,3.4,212,1005.8,71,0.0,26.3,83,23.1,31.6,0.0,1.5,225,1006.3,94,
2025-08-09 06:00:00,25.9,86,23.3,30.8,0.0,5.3,208,1005.9,65,2.0,26.6,81,23.1,31.7,0.0,3.3,186,1006.5,95,
2025-08-09 07:00:00,26.4,82,23.0,31.0,0.0,6.3,149,1005.8,81,30.0,26.9,80,23.2,31.8,0.0,5.0,180,1006.7,96,
2025-08-09 08:00:00,26.7,81,23.2,31.6,0.0,5.2,155,1005.9,70,68.0,27.1,79,23.2,31.8,0.0,6.5,177,1006.9,96,
2025-08-09 09:00:00,26.0,88,23.9,30.5,0.0,10.8,180,1006.9,90,126.0,27.1,79,23.1,31.6,0.0,7.2,174,1007.0,97,
2025-08-09 10:00:00,26.0,85,23.3,30.1,0.3,10.8,195,1006.5,71,94.0,26.7,80,23.0,31.2,0.7,6.6,171,1007.0,98,
2025-08-09 11:00:00,26.3,83,23.2,30.5,0.0,9.7,207,1006.9,93,128.0,26.1,83,22.9,30.8,0.7,5.2,168,1007.0,98,
2025-08-09 12:00:00,25.7,83,22.6,29.1,0.2,12.7,215,1007.0,70,85.0,25.3,86,22.8,30.1,0.7,3.2,153,1007.0,98,
2025-08-09 13:00:00,25.5,82,22.2,29.2,0.5,9.4,220,1006.3,72,184.0,24.5,89,22.6,29.5,0.7,1.8,127,1006.9,98,
2025-08-09 14:00:00,25.1,86,22.6,30.2,0.8,1.5,135,1006.0,96,84.0,23.9,91,22.3,28.6,0.7,2.2,81,1006.8,98,
2025-08-09 15:00:00,24.1,88,21.9,27.8,0.4,7.9,90,1005.7,88,44.0,23.6,93,22.4,28.3,0.7,3.0,76,1006.6,98,
2025-08-09 16:00:00,24.8,82,21.5,27.8,0.0,11.2,111,1005.2,83,71.0,23.6,94,22.6,28.2,1.4,4.4,99,1006.4,98,
2025-08-09 17:00:00,25.4,84,22.5,28.5,0.1,14.5,117,1004.8,66,93.0,23.9,94,22.8,28.2,1.4,7.4,113,1006.1,99,
2025-08-09 18:00:00,24.9,88,22.8,28.2,0.9,14.4,127,1004.6,100,39.0,24.3,94,23.3,28.3,1.4,11.2,123,1005.7,99,
2025-08-09 19:00:00,25.3,90,23.5,28.6,0.7,16.8,135,1004.7,92,5.0,24.8,94,23.8,28.6,1.4,15.1,128,1005.4,99,
2025-08-09 20:00:00,25.9,90,24.1,29.5,0.2,17.4,146,1004.5,100,0.0,25.3,93,24.0,28.8,1.4,17.6,133,1005.0,100,
2025-08-09 21:00:00,26.3,88,24.1,30.4,0.1,13.9,149,1004.0,97,0.0,25.6,93,24.4,29.3,1.4,18.6,137,1004.7,100,
2025-08-09 22:00:00,26.6,87,24.2,31.1,1.5,11.5,166,1003.7,97,0.0,25.8,92,24.4,29.7,3.6,17.3,144,1004.4,100,
2025-08-09 23:00:00,26.8,85,24.1,30.9,4.5,13.8,195,1003.5,98,0.0,26.0,92,24.6,30.3,3.6,15.2,158,1004.0,100,
2025-08-10 00:00:00,27.0,85,24.3,31.3,3.8,13.7,215,1003.8,88,0.0,26.2,91,24.6,30.7,3.6,13.3,178,1003.6,100,
2025-08-10 01:00:00,26.9,88,24.8,31.2,3.6,15.3,219,1003.4,78,0.0,26.3,90,24.5,30.8,3.6,13.4,204,1003.3,100,
2025-08-10 02:00:00,27.0,90,25.2,31.7,1.7,14.3,231,1003.1,72,0.0,26.4,89,24.5,30.6,3.6,15.3,221,1003.1,100,
2025-08-10 03:00:00,26.8,93,25.6,32.0,1.0,13.0,228,1002.5,100,0.0,26.5,89,24.5,30.3,3.6,17.4,230,1002.9,100,
2025-08-10 04:00:00,26.6,93,25.4,31.9,24.4,11.6,240,1002.6,100,0.0,26.5,89,24.5,30.2,2.6,18.5,233,1002.9,100,
2025-08-10 05:00:00,26.8,91,25.2,31.8,13.1,12.7,225,1002.3,97,0.0,26.5,90,24.7,30.2,2.6,19.3,233,1003.0,100,
2025-08-10 06:00:00,27.0,91,25.4,32.7,1.3,8.7,228,1002.2,94,1.0,26.4,91,24.8,30.1,2.6,19.5,231,1003.3,100,
2025-08-10 07:00:00,27.4,88,25.2,32.3,3.2,13.8,229,1002.6,83,19.0,26.3,92,24.9,30.2,2.6,19.1,229,1003.5,100,
2025-08-10 08:00:00,27.1,89,25.1,31.3,6.1,18.3,223,1002.7,100,16.0,26.2,93,25.0,30.2,2.6,18.6,227,1003.6,100,
2025-08-10 09:00:00,27.3,88,25.1,32.0,2.5,15.0,224,1003.1,63,37.0,26.2,94,25.1,30.3,2.6,18.1,226,1003.6,100,
2025-08-10 10:00:00,27.5,85,24.8,31.2,0.9,19.6,212,1002.9,100,81.0,26.1,95,25.2,30.5,4.0,17.1,226,1003.4,100,
2025-08-10 11:00:00,27.3,83,24.2,30.4,1.5,21.6,208,1002.3,98,60.0,26.1,95,25.2,30.6,4.0,16.0,226,1003.0,100,
2025-08-10 12:00:00,27.0,86,24.5,30.7,1.8,18.7,220,1002.5,100,60.0,26.0,96,25.3,30.9,4.0,14.3,227,1002.6,100,
2025-08-10 13:00:00,26.4,90,24.6,31.6,29.7,8.7,218,1001.7,100,27.0,26.0,96,25.3,31.0,4.0,12.7,227,1002.2,100,
2025-08-10 14:00:00,26.9,89,24.9,31.2,15.3,16.2,233,1001.5,100,28.0,26.0,96,25.3,31.2,4.0,11.5,229,1001.9,100,
2025-08-10 15:00:00,26.4,91,24.8,31.1,12.2,13.0,178,1001.1,100,33.0,26.0,96,25.3,31.3,4.0,10.7,230,1001.7,100,
2025-08-10 16:00:00,26.5,89,24.5,29.9,18.2,21.3,184,1000.9,100,20.0,26.1,95,25.2,31.4,8.7,10.8,233,1001.8,100,
2025-08-10 17:00:00,27.2,88,25.0,31.8,16.0,15.2,202,1000.3,100,14.0,26.2,94,25.2,31.4,8.7,11.2,237,1002.0,100,
2025-08-10 18:00:00,26.9,91,25.3,30.7,7.9,20.8,236,1001.3,100,7.0,26.4,92,25.0,31.4,8.7,12.1,240,1002.3,100,
2025-08-10 19:00:00,27.0,91,25.4,31.5,9.8,17.1,255,1001.7,100,3.0,26.6,91,25.0,31.4,8.7,13.0,242,1002.6,100,
2025-08-10 20:00:00,26.9,92,25.5,32.2,0.5,12.0,261,1002.0,61,0.0,26.7,89,24.7,31.2,8.7,13.7,243,1003.0,100,
2025-08-10 21:00:00,26.3,93,25.1,32.1,0.6,7.1,319,1002.6,97,0.0,26.7,89,24.7,31.3,8.7,13.5,245,1003.2,100,
2025-08-10 22:00:00,26.1,92,24.7,32.3,0.0,1.8,360,1002.4,100,0.0,26.6,89,24.6,31.3,1.6,12.6,246,1003.3,100,
2025-08-10 23:00:00,25.9,93,24.6,31.8,0.1,3.6,143,1003.5,69,0.0,26.5,91,24.9,31.5,1.6,11.2,249,1003.5,100,
2025-08-11 00:00:00,25.7,96,25.0,31.9,1.6,3.6,276,1003.8,62,0.0,26.3,92,24.9,31.5,1.6,9.4,252,1003.5,100,
2025-08-11 01:00:00,25.6,96,24.9,31.5,0.0,4.8,283,1003.4,49,0.0,26.0,94,25.0,31.6,1.6,7.8,257,1003.6,100,
2025-08-11 02:00:00,25.4,96,24.7,31.3,0.0,4.0,5,1002.9,70,0.0,25.8,95,24.9,31.6,1.6,6.2,260,1003.7,100,
2025-08-11 03:00:00,26.7,92,25.3,32.3,0.0,8.7,232,1003.3,82,0.0,25.7,96,25.0,31.7,1.6,5.6,255,1003.8,100,
2025-08-11 04:00:00,26.5,92,25.1,32.2,0.3,7.2,267,1003.3,81,0.0,25.7,96,25.0,31.5,2.0,5.8,240,1003.9,100,
2025-08-11 05:00:00,25.7,96,25.0,32.0,1.6,3.3,319,1003.2,63,0.0,25.7,97,25.2,31.4,2.0,7.4,223,1004.0,100,
2025-08-11 06:00:00,25.8,96,25.1,31.8,1.9,5.4,262,1003.7,89,1.0,25.7,97,25.2,31.1,2.0,9.9,213,1004.2,100,
2025-08-11 07:00:00,25.8,96,25.1,31.8,9.3,4.8,243,1004.0,96,12.0,25.8,97,25.2,30.8,2.0,12.6,207,1004.3,99,
2025-08-11 08:00:00,26.5,93,25.2,32.1,8.4,8.9,243,1004.0,83,51.0,25.8,96,25.1,30.5,2.0,14.8,206,1004.4,99,
2025-08-11 09:00:00,26.7,91,25.1,31.9,3.3,10.8,249,1003.9,82,52.0,25.9,96,25.2,30.4,2.0,16.3,205,1004.6,99,
2025-08-11 10:00:00,25.9,94,24.8,31.5,4.8,6.8,342,1004.1,90,53.0,26.1,95,25.2,30.5,3.4,16.6,207,1004.8,99,
2025-08-11 11:00:00,25.9,93,24.7,31.5,4.7,6.3,301,1004.4,72,73.0,26.2,94,25.2,30.7,3.4,16.3,211,1005.0,99,
2025-08-11 12:00:00,26.9,90,25.1,32.6,0.0,7.6,270,1005.2,88,180.0,26.4,93,25.2,31.0,3.4,15.7,217,1005.2,99,
2025-08-11 13:00:00,26.8,90,25.0,32.4,0.4,8.4,263,1005.2,97,123.0,26.6,92,25.2,31.3,3.4,15.3,223,1005.4,98,
2025-08-11 14:00:00,26.3,91,24.7,31.9,3.6,6.4,254,1005.3,92,69.0,26.8,91,25.2,31.5,3.4,14.5,228,1005.6,98,
2025-08-11 15:00:00,26.7,92,25.3,32.3,8.3,9.4,238,1005.5,86,69.0,26.9,90,25.1,31.6,3.4,13.8,231,1005.8,98,
2025-08-11 16:00:00,27.0,91,25.4,32.7,1.8,8.4,245,1005.8,89,42.0,26.9,90,25.1,31.8,3.1,12.8,232,1006.0,98,
2025-08-11 17:00:00,27.1,91,25.5,32.8,3.3,8.7,222,1005.9,82,47.0,26.8,90,25.0,31.9,3.1,11.2,230,1006.3,97,
2025-08-11 18:00:00,26.7,93,25.4,32.6,1.3,7.6,225,1006.3,58,20.0,26.7,90,24.9,32.0,3.1,9.4,227,1006.5,96,
2025-08-11 19:00:00,27.0,90,25.2,32.4,0.9,9.9,213,1006.5,100,11.0,26.6,90,24.8,32.1,3.1,7.4,219,1006.7,96,
2025-08-11 20:00:00,26.9,88,24.8,32.0,1.0,10.2,203,1006.7,100,0.0,26.5,90,24.7,32.2,3.1,6.3,211,1007.0,95,
2025-08-11 21:00:00,27.1,89,25.1,32.1,0.5,12.4,163,1007.1,100,0.0,26.5,90,24.7,32.2,3.1,6.0,205,1007.2,95,
2025-08-11 22:00:00,27.1,88,24.9,31.9,0.2,12.8,170,1007.2,100,0.0,26.6,90,24.8,32.3,0.5,6.3,204,1007.4,96,
2025-08-11 23:00:00,27.1,86,24.6,31.9,0.1,11.5,176,1007.3,100,0.0,26.8,89,24.8,32.4,0.5,6.9,208,1007.6,97,
2025-08-12 00:00:00,27.2,83,24.0,31.6,0.0,11.8,211,1007.8,100,0.0,27.0,88,24.9,32.5,0.5,7.9,210,1007.7,99,
2025-08-12 01:00:00,26.9,85,24.2,31.9,0.9,8.1,201,1007.3,88,0.0,27.3,87,24.9,32.6,0.5,9.1,214,1007.9,100,
2025-08-12 02:00:00,26.9,85,24.2,32.0,0.1,7.8,167,1007.5,70,0.0,27.5,86,24.9,32.6,0.5,10.3,216,1008.1,100,
2025-08-12 03:00:00,27.1,83,23.9,31.4,0.0,11.5,212,1008.3,100,0.0,27.6,86,25.1,32.9,0.5,10.5,218,1008.4,99,
2025-08-12 04:00:00,27.5,82,24.1,32.2,0.0,10.1,207,1008.6,100,0.0,27.7,86,25.2,33.1,0.7,10.2,219,1008.8,95,
2025-08-12 05:00:00,27.7,81,24.2,32.1,0.0,12.4,206,1008.9,99,0.0,27.8,86,25.2,33.1,0.7,10.2,222,1009.3,88,
2025-08-12 06:00:00,27.2,86,24.6,32.2,0.0,10.0,229,1010.3,100,1.0,27.8,86,25.3,33.4,0.7,9.2,225,1009.8,81,
2025-08-12 07:00:00,27.5,86,24.9,33.0,0.0,8.1,212,1010.6,53,28.0,27.8,87,25.4,33.6,0.7,8.7,228,1010.3,73,
2025-08-12 08:00:00,28.2,84,25.2,33.8,0.0,8.1,225,1010.7,60,106.0,27.8,87,25.4,33.7,0.7,7.9,231,1010.8,68,
2025-08-12 09:00:00,29.2,81,25.6,35.0,0.0,8.5,208,1010.8,31,211.0,27.8,87,25.4,33.8,0.7,6.9,231,1011.2,65,
2025-08-12 10:00:00,29.9,78,25.6,36.0,0.0,6.9,189,1011.2,39,377.0,27.8,87,25.4,34.0,1.2,6.1,230,1011.5,66,
2025-08-12 11:00:00,30.3,75,25.3,36.4,0.0,5.4,176,1011.5,39,386.0,27.9,87,25.5,34.2,1.2,4.8,222,1011.7,70,
2025-08-12 12:00:00,31.2,72,25.6,37.5,0.0,5.6,195,1011.3,29,357.0,27.9,87,25.5,34.4,1.2,3.9,214,1011.9,76,
2025-08-12 13:00:00,31.7,69,25.3,37.8,0.0,5.7,235,1011.3,49,450.0,27.8,87,25.4,34.4,1.2,3.0,194,1012.0,82,
2025-08-12 14:00:00,31.1,73,25.6,37.4,0.0,5.9,281,1011.6,84,334.0,27.8,87,25.4,34.5,1.2,2.5,172,1012.2,86,
2025-08-12 15:00:00,30.0,78,25.7,35.8,0.0,9.0,299,1012.0,52,225.0,27.7,87,25.4,34.3,1.2,2.6,146,1012.5,89,
2025-08-12 16:00:00,30.2,77,25.7,36.6,0.0,5.6,297,1012.1,29,252.0,27.6,87,25.2,34.0,0.8,2.8,130,1012.9,89,
2025-08-12 17:00:00,30.4,75,25.5,36.8,0.0,4.2,301,1012.4,29,249.0,27.4,88,25.2,33.8,0.8,3.1,126,1013.3,87,
2025-08-12 18:00:00,29.1,85,26.3,36.0,0.0,4.9,36,1012.8,45,122.0,27.2,89,25.2,33.6,0.8,3.2,117,1013.7,84,
2025-08-12 19:00:00,28.5,88,26.3,35.3,0.0,6.1,87,1013.3,41,30.0,26.9,90,25.1,33.3,0.8,3.1,111,1014.2,81,
2025-08-12 20:00:00,28.0,89,26.0,34.4,0.1,7.1,120,1013.9,41,0.0,26.7,90,24.9,32.9,0.8,3.4,108,1014.5,78,
2025-08-12 21:00:00,28.0,88,25.8,34.5,0.0,5.2,146,1014.3,92,0.0,26.6,91,25.0,32.7,0.8,3.7,101,1014.8,76,
2025-08-12 22:00:00,27.5,92,26.0,34.4,0.0,3.6,135,1014.3,69,0.0,26.4,92,25.0,32.6,0.0,4.0,95,1014.9,76,
2025-08-12 23:00:00,27.3,92,25.8,34.0,0.0,3.7,119,1014.4,43,0.0,26.3,92,24.9,32.3,0.0,4.3,90,1014.9,77,
2025-08-13 00:00:00,26.7,95,25.8,33.5,0.0,3.2,63,1014.4,35,0.0,26.2,93,24.9,32.1,0.0,5.1,86,1014.9,79,
2025-08-13 01:00:00,26.4,96,25.7,33.4,0.0,1.5,346,1014.1,82,0.0,26.1,93,24.9,32.0,0.0,5.4,82,1014.8,80,
2025-08-13 02:00:00,26.3,98,25.9,32.8,0.0,5.9,43,1014.4,59,0.0,26.1,93,24.8,31.9,0.0,5.4,82,1014.8,81,
2025-08-13 03:00:00,26.3,99,26.1,33.2,0.0,4.3,24,1014.8,94,0.0,26.2,93,24.9,32.0,0.0,5.8,83,1014.9,79,
2025-08-13 04:00:00,26.1,99,25.9,32.9,0.0,4.0,5,1015.3,95,0.0,26.4,93,25.1,32.4,0.0,5.8,86,1015.1,75,
2025-08-13 05:00:00,25.9,99,25.7,32.7,0.0,2.8,40,1015.1,95,0.0,26.6,92,25.2,32.6,0.0,5.8,90,1015.4,68,
2025-08-13 06:00:00,26.1,99,25.9,33.0,0.0,3.0,14,1015.4,100,2.0,27.0,91,25.4,33.2,0.0,5.8,94,1015.8,60,
2025-08-13 07:00:00,26.1,98,25.8,33.2,0.0,1.1,252,1015.9,100,45.0,27.4,90,25.6,33.7,0.0,5.5,101,1016.1,52,
2025-08-13 08:00:00,26.7,97,26.1,34.0,0.0,1.5,166,1015.9,67,131.0,27.8,88,25.6,34.1,0.0,5.4,110,1016.3,46,
2025-08-13 09:00:00,28.4,87,26.0,35.0,0.0,5.4,188,1016.3,26,314.0,28.1,87,25.7,34.5,0.0,5.6,117,1016.4,43,
2025-08-13 10:00:00,29.5,82,26.1,36.1,0.0,6.4,153,1016.2,15,494.0,28.5,85,25.7,34.8,0.0,6.2,126,1016.3,44,
2025-08-13 11:00:00,30.8,77,26.3,38.4,0.0,6.5,146,1016.0,9,693.0,28.9,83,25.7,35.1,0.0,7.1,135,1016.0,47,
2025-08-13 12:00:00,31.4,76,26.7,39.7,0.0,7.0,145,1015.6,13,782.0,29.4,81,25.8,35.4,0.0,8.2,142,1015.6,53,
2025-08-13 13:00:00,31.8,74,26.6,39.7,0.0,7.7,131,1015.1,47,758.0,29.8,79,25.7,35.7,0.0,8.9,148,1015.2,59,
2025-08-13 14:00:00,31.9,72,26.2,39.2,0.0,8.4,140,1014.8,32,710.0,30.0,77,25.5,35.7,0.0,9.8,152,1014.9,64,
2025-08-13 15:00:00,30.5,75,25.6,36.6,0.0,9.6,146,1014.6,23,619.0,30.1,77,25.6,35.9,0.0,9.7,153,1014.8,67,
2025-08-13 16:00:00,30.8,71,24.9,36.8,0.0,4.9,163,1014.8,28,473.0,30.0,78,25.8,36.0,0.0,8.7,156,1014.9,69,
2025-08-13 17:00:00,30.6,72,25.0,36.8,0.0,3.6,233,1014.9,32,293.0,29.7,79,25.7,35.9,0.0,7.1,156,1015.2,70,
2025-08-13 18:00:00,30.5,74,25.3,36.5,0.0,6.1,273,1015.0,29,151.0,29.3,81,25.7,35.7,0.0,5.2,155,1015.6,70,
2025-08-13 19:00:00,29.7,79,25.7,35.9,0.0,6.5,289,1015.4,33,37.0,28.8,84,25.8,35.7,0.0,2.9,150,1015.9,69,
2025-08-13 20:00:00,29.1,83,25.9,35.7,0.0,5.1,309,1015.7,30,0.0,28.4,86,25.8,35.5,0.0,1.0,135,1016.2,68,
2025-08-13 21:00:00,28.4,84,25.4,34.9,0.0,3.4,302,1016.3,20,0.0,28.0,88,25.8,35.2,0.0,0.4,360,1016.4,66,
2025-08-13 22:00:00,27.9,87,25.5,34.5,0.0,3.2,333,1016.2,17,0.0,27.6,90,25.8,34.7,0.0,1.1,342,1016.4,62,
2025-08-13 23:00:00,27.4,89,25.4,33.8,0.0,4.1,15,1016.2,18,0.0,27.2,92,25.7,34.1,0.0,1.9,338,1016.2,57,
2025-08-14 00:00:00,26.9,86,24.4,32.7,0.0,3.8,49,1016.2,12,0.0,26.8,95,25.9,33.8,0.0,2.3,342,1016.0,51,
2025-08-14 01:00:00,26.5,88,24.4,32.1,0.0,5.2,74,1015.6,34,0.0,26.4,97,25.9,33.4,0.0,2.3,342,1015.8,44,
2025-08-14 02:00:00,26.3,91,24.7,32.0,0.0,5.8,83,1015.4,55,0.0,26.2,98,25.8,33.1,0.0,2.3,342,1015.6,39,
2025-08-14 03:00:00,26.1,94,25.1,32.1,0.0,5.4,94,1015.8,54,0.0,26.1,99,25.9,33.1,0.0,2.3,342,1015.6,36,
2025-08-14 04:00:00,25.8,96,25.1,31.8,0.0,4.8,63,1016.1,34,0.0,26.1,99,25.9,33.2,0.1,1.8,349,1015.7,36,
2025-08-14 05:00:00,25.5,97,25.0,31.5,0.0,5.4,53,1016.1,23,0.0,26.3,98,26.0,33.5,0.1,1.1,18,1016.0,37,
2025-08-14 06:00:00,25.4,98,25.0,31.4,0.0,5.1,45,1016.6,60,3.0,26.6,97,26.1,33.9,0.1,1.1,72,1016.3,40,
2025-08-14 07:00:00,25.8,96,25.1,32.0,0.0,4.6,45,1016.5,33,58.0,27.0,96,26.3,34.4,0.1,1.6,117,1016.6,42,
2025-08-14 08:00:00,27.3,88,25.1,33.4,0.0,4.9,73,1016.7,22,205.0,27.4,94,26.4,34.7,0.1,2.3,129,1016.8,44,
2025-08-14 09:00:00,28.0,84,25.1,34.4,0.0,2.3,72,1017.0,33,375.0,27.8,92,26.3,35.0,0.1,2.8,140,1016.9,43,
2025-08-14 10:00:00,29.6,78,25.3,36.2,0.0,2.3,141,1017.1,33,481.0,28.2,90,26.4,35.5,0.0,3.1,159,1016.8,39,
2025-08-14 11:00:00,30.5,76,25.8,37.9,0.0,4.3,180,1016.8,22,666.0,28.8,87,26.4,36.0,0.0,3.2,180,1016.5,32,
2025-08-14 12:00:00,31.2,75,26.2,39.2,0.0,6.9,174,1016.5,6,801.0,29.3,84,26.3,36.3,0.0,4.2,200,1016.2,24,
2025-08-14 13:00:00,31.9,72,26.2,40.4,0.0,5.6,207,1016.0,7,849.0,29.8,82,26.4,36.7,0.0,5.4,217,1015.9,17,
2025-08-14 14:00:00,32.6,68,25.9,40.4,0.0,7.0,235,1015.3,6,804.0,30.2,79,26.1,36.8,0.0,6.1,225,1015.6,10,
2025-08-14 15:00:00,32.6,65,25.2,39.0,0.0,9.9,260,1015.3,5,712.0,30.3,78,26.0,36.8,0.0,6.7,234,1015.4,7,
2025-08-14 16:00:00,33.0,59,23.9,37.4,0.0,12.3,277,1015.2,3,569.0,30.2,77,25.7,36.4,0.0,6.6,241,1015.4,7,
2025-08-14 17:00:00,32.2,62,24.0,36.6,0.0,12.0,279,1015.2,4,403.0,29.8,77,25.3,35.8,0.0,6.4,254,1015.5,9,
2025-08-14 18:00:00,31.1,65,23.7,35.4,0.0,11.0,281,1015.0,8,210.0,29.2,77,24.8,34.8,0.0,6.5,270,1015.6,13,
2025-08-14 19:00:00,29.5,72,23.9,34.1,0.0,9.7,285,1015.2,7,48.0,28.6,78,24.4,33.9,0.0,6.7,286,1015.8,18,
2025-08-14 20:00:00,28.6,77,24.1,33.5,0.0,8.6,292,1015.5,8,0.0,28.0,79,24.0,33.1,0.0,6.9,298,1015.9,21,
2025-08-14 21:00:00,27.6,81,24.0,32.7,0.0,6.8,295,1015.9,2,0.0,27.5,80,23.8,32.4,0.0,7.5,305,1015.9,23,
2025-08-14 22:00:00,27.0,85,24.3,32.5,0.0,5.1,321,1015.9,4,0.0,27.1,82,23.7,31.9,0.0,7.4,309,1015.8,23,
2025-08-14 23:00:00,26.5,87,24.2,32.1,0.0,3.9,326,1016.0,6,0.0,26.6,84,23.7,31.5,0.0,7.1,315,1015.6,21,
2025-08-15 00:00:00,26.1,91,24.5,31.9,0.0,3.5,336,1015.5,5,0.0,26.2,87,23.8,31.2,0.0,6.9,317,1015.4,18,
2025-08-15 01:00:00,25.6,94,24.6,31.5,0.0,3.8,343,1015.1,5,0.0,25.8,90,24.0,31.0,0.0,6.4,322,1015.2,15,
2025-08-15 02:00:00,25.3,96,24.6,31.1,0.0,4.2,340,1015.0,5,0.0,25.6,92,24.2,30.9,0.0,5.9,322,1015.1,14,
2025-08-15 03:00:00,25.3,94,24.3,30.8,0.0,5.2,335,1015.1,7,0.0,25.5,93,24.3,31.0,0.0,5.4,323,1015.0,14,
2025-08-15 04:00:00,25.2,96,24.5,30.8,0.0,5.2,326,1015.2,17,0.0,25.7,93,24.5,31.4,0.0,4.8,318,1015.1,17,
2025-08-15 05:00:00,25.0,98,24.7,30.7,0.0,5.8,330,1015.2,25,0.0,26.1,92,24.7,31.9,0.0,4.6,309,1015.3,21,
2025-08-15 06:00:00,25.0,96,24.3,30.6,0.0,4.3,312,1015.8,13,3.0,26.6,90,24.8,32.5,0.0,4.8,297,1015.5,27,
2025-08-15 07:00:00,25.9,94,24.9,32.1,0.0,3.4,302,1015.8,12,86.0,27.2,89,25.2,33.3,0.0,4.8,283,1015.7,32,
2025-08-15 08:00:00,27.5,90,25.7,34.0,0.0,5.1,266,1015.7,14,251.0,27.7,87,25.4,33.9,0.0,5.4,274,1015.8,37,
2025-08-15 09:00:00,28.2,88,26.0,34.8,0.0,5.5,259,1015.6,31,413.0,28.2,85,25.4,34.4,0.0,6.1,267,1015.8,40,
2025-08-15 10:00:00,29.7,83,26.5,36.5,0.0,7.0,258,1015.3,15,539.0,28.7,83,25.5,34.8,0.0,6.9,264,1015.5,41,
2025-08-15 11:00:00,30.7,80,26.9,38.0,0.0,10.0,257,1015.0,17,682.0,29.3,81,25.7,35.4,0.0,8.0,262,1015.1,41,
2025-08-15 12:00:00,32.0,76,27.2,39.5,0.0,12.6,272,1014.7,12,759.0,29.9,79,25.8,35.8,0.0,9.1,263,1014.6,40,
2025-08-15 13:00:00,32.2,77,27.7,40.4,0.1,12.3,275,1013.9,10,805.0,30.4,78,26.1,36.4,0.0,9.8,264,1014.1,38,
2025-08-15 14:00:00,33.0,73,27.5,41.0,0.2,12.0,277,1013.5,9,787.0,30.7,76,26.0,36.6,0.0,10.5,266,1013.6,35,
2025-08-15 15:00:00,32.4,73,26.9,39.4,0.1,12.4,280,1013.3,35,682.0,30.8,76,26.1,36.7,0.0,10.8,268,1013.3,33,
2025-08-15 16:00:00,32.3,71,26.3,38.5,0.2,9.3,306,1013.3,38,413.0,30.6,76,25.9,36.4,0.0,10.4,272,1013.2,30,
2025-08-15 17:00:00,32.5,67,25.5,38.2,0.0,8.9,310,1013.3,24,321.0,30.2,78,25.9,36.1,0.0,10.2,278,1013.2,25,
2025-08-15 18:00:00,31.8,65,24.4,36.8,0.0,9.4,313,1013.1,4,188.0,29.6,79,25.6,35.4,0.0,9.3,286,1013.3,20,
2025-08-15 19:00:00,30.3,71,24.4,35.5,0.0,7.7,323,1013.5,4,48.0,29.0,81,25.4,34.6,0.0,9.0,293,1013.4,16,
2025-08-15 20:00:00,29.0,76,24.4,34.4,0.0,6.3,336,1013.8,5,0.0,28.3,83,25.1,33.9,0.0,8.4,301,1013.5,12,
2025-08-15 21:00:00,28.0,81,24.4,33.6,0.0,5.2,344,1013.6,3,0.0,27.8,85,25.1,33.4,0.0,8.2,308,1013.5,10,
2025-08-15 22:00:00,27.3,84,24.3,32.7,0.0,5.7,342,1013.6,3,0.0,27.3,87,25.0,32.9,0.0,7.9,313,1013.4,10,
2025-08-15 23:00:00,26.7,87,24.3,32.1,0.0,5.6,333,1013.9,2,0.0,26.8,89,24.8,32.4,0.0,7.4,313,1013.3,12,
2025-08-16 00:00:00,25.9,90,24.1,31.3,0.0,5.8,330,1013.4,0,0.0,26.3,91,24.7,31.9,0.0,6.9,317,1013.2,15,
2025-08-16 01:00:00,25.5,93,24.2,30.8,0.0,6.0,335,1013.0,1,0.0,25.9,93,24.6,31.5,0.0,6.1,320,1013.1,18,
2025-08-16 02:00:00,25.2,94,24.1,30.6,0.0,5.3,332,1012.8,1,0.0,25.6,94,24.6,31.3,0.0,5.4,318,1013.0,21,
2025-08-16 03:00:00,25.0,96,24.3,30.5,0.0,4.9,343,1013.5,2,0.0,25.5,94,24.5,31.2,0.0,4.8,318,1013.0,21,
2025-08-16 04:00:00,24.9,95,24.0,30.2,0.0,5.2,335,1013.7,6,0.0,25.7,93,24.4,31.4,0.0,4.1,315,1013.2,19,
2025-08-16 05:00:00,24.7,93,23.5,29.8,0.0,4.0,360,1013.7,15,0.0,26.1,92,24.7,32.1,0.0,3.3,311,1013.4,15,
2025-08-16 06:00:00,24.4,94,23.4,29.8,0.0,2.1,59,1013.9,10,3.0,26.6,89,24.6,32.7,0.0,2.9,300,1013.8,11,
2025-08-16 07:00:00,25.3,89,23.3,30.7,0.0,1.8,79,1014.2,10,88.0,27.2,87,24.9,33.5,0.0,2.2,279,1014.1,6,
2025-08-16 08:00:00,26.9,82,23.5,32.5,0.0,1.4,90,1014.4,10,259.0,27.8,84,24.9,34.1,0.0,2.2,261,1014.3,2,
2025-08-16 09:00:00,28.3,79,24.3,34.1,0.0,3.6,174,1014.3,12,423.0,28.4,82,25.0,34.7,0.0,2.6,236,1014.3,0,
2025-08-16 10:00:00,29.8,76,25.1,36.2,0.0,3.9,202,1014.1,14,581.0,29.0,79,25.0,35.1,0.0,3.6,225,1014.1,0,
2025-08-16 11:00:00,31.0,71,25.1,37.9,0.0,5.0,210,1013.9,11,694.0,29.7,76,25.0,35.7,0.0,4.6,219,1013.7,1,
2025-08-16 12:00:00,32.0,63,24.0,38.7,0.0,5.8,210,1013.8,20,783.0,30.4,73,25.0,36.2,0.0,6.0,213,1013.2,4,
2025-08-16 13:00:00,32.7,60,23.9,38.9,0.0,6.7,234,1013.1,15,744.0,31.0,70,24.9,36.5,0.0,7.3,213,1012.7,6,
2025-08-16 14:00:00,33.4,59,24.3,39.6,0.0,8.3,252,1012.5,10,744.0,31.4,68,24.7,36.8,0.0,7.9,210,1012.3,8,
2025-08-16 15:00:00,33.9,61,25.3,40.0,0.0,10.1,266,1011.9,12,671.0,31.5,68,24.9,37.0,0.0,8.2,209,1012.1,9,
2025-08-16 16:00:00,33.9,58,24.4,38.6,0.0,10.9,276,1012.0,15,509.0,31.3,70,25.1,37.0,0.2,7.7,208,1012.1,9,
2025-08-16 17:00:00,33.5,57,23.8,38.0,0.0,10.2,278,1012.2,14,340.0,30.7,74,25.5,36.9,0.2,6.3,204,1012.3,7,
2025-08-16 18:00:00,32.2,60,23.5,36.4,0.0,10.5,301,1012.5,36,174.0,30.0,79,25.9,36.7,0.2,4.3,204,1012.6,5,
2025-08-16 19:00:00,30.8,66,23.7,35.7,0.0,6.4,333,1012.8,29,32.0,29.2,84,26.2,36.3,0.2,2.6,196,1012.9,3,
2025-08-16 20:00:00,29.7,71,23.8,35.2,0.0,3.4,18,1013.1,19,0.0,28.4,88,26.2,35.8,0.2,1.1,162,1013.2,3,
2025-08-16 21:00:00,28.5,81,24.9,34.8,0.0,3.1,21,1013.0,9,0.0,27.9,91,26.3,35.3,0.2,1.5,104,1013.4,4,
2025-08-16 22:00:00,27.9,83,24.8,34.1,0.0,2.9,360,1013.6,11,0.0,27.6,93,26.3,34.8,0.0,2.5,90,1013.5,7,
2025-08-16 23:00:00,27.4,86,24.8,33.6,0.0,2.5,8,1014.0,13,0.0,27.3,94,26.3,34.4,0.0,3.6,84,1013.6,13,
2025-08-17 00:00:00,27.0,90,25.2,33.3,0.0,3.6,37,1013.7,9,0.0,27.2,94,26.1,34.0,0.0,4.7,90,1013.6,19,
2025-08-17 01:00:00,26.4,92,25.0,32.5,0.0,4.6,39,1013.3,9,0.0,27.1,94,26.0,33.6,0.0,5.8,90,1013.7,25,
2025-08-17 02:00:00,26.0,93,24.7,31.8,0.0,4.7,32,1013.5,7,0.0,27.0,93,25.8,33.4,0.0,6.1,90,1013.8,31,
2025-08-17 03:00:00,26.0,93,24.7,31.8,0.0,5.1,51,1014.0,25,0.0,27.0,93,25.8,33.3,0.0,6.5,93,1013.9,36,
2025-08-17 04:00:00,25.8,94,24.8,31.6,0.0,5.4,48,1014.0,17,0.0,27.1,92,25.7,33.4,0.0,6.1,93,1014.1,39,
2025-08-17 05:00:00,25.6,96,24.9,31.6,0.0,4.8,42,1013.8,10,0.0,27.3,91,25.7,33.6,0.0,5.4,98,1014.4,42,
2025-08-17 06:00:00,25.5,96,24.8,31.6,0.0,3.3,13,1014.5,13,3.0,27.5,90,25.7,34.1,0.0,4.4,99,1014.8,45,
2025-08-17 07:00:00,26.1,95,25.2,32.7,0.0,1.5,346,1015.1,24,75.0,27.8,89,25.8,34.5,0.0,3.4,108,1015.1,46,
2025-08-17 08:00:00,27.4,90,25.6,34.1,0.0,3.1,315,1015.5,31,196.0,28.1,88,25.9,35.1,0.0,2.3,129,1015.3,48,
2025-08-17 09:00:00,28.2,88,26.0,34.8,0.0,5.7,252,1015.4,36,325.0,28.4,86,25.8,35.3,0.0,2.3,162,1015.4,49,
2025-08-17 10:00:00,28.9,84,25.9,35.3,0.1,7.0,258,1015.4,33,423.0,28.7,84,25.7,35.5,0.0,3.3,186,1015.3,50,
2025-08-17 11:00:00,30.0,77,25.5,35.8,0.0,8.3,275,1015.8,34,519.0,29.2,82,25.8,35.8,0.0,4.7,203,1015.1,51,
2025-08-17 12:00:00,31.7,68,25.1,37.5,0.0,9.2,281,1015.4,36,616.0,29.7,80,25.9,36.0,0.0,7.1,210,1014.8,52,
2025-08-17 13:00:00,32.2,66,25.1,37.7,0.0,11.5,284,1015.2,36,630.0,30.2,77,25.7,36.1,0.0,8.6,213,1014.5,52,
2025-08-17 14:00:00,32.4,65,25.0,37.7,0.0,12.2,284,1014.9,36,605.0,30.4,76,25.7,36.1,0.0,10.1,215,1014.3,51,
2025-08-17 15:00:00,32.8,65,25.3,37.8,0.0,13.1,286,1013.9,25,494.0,30.5,75,25.6,36.1,0.0,10.5,218,1014.2,48,
2025-08-17 16:00:00,32.1,67,25.2,37.2,0.0,11.6,277,1014.0,37,461.0,30.3,75,25.4,35.8,0.0,10.0,221,1014.3,42,
2025-08-17 17:00:00,31.2,68,24.6,36.1,0.0,11.0,281,1014.1,31,272.0,29.9,77,25.4,35.6,0.0,8.4,227,1014.5,32,
2025-08-17 18:00:00,30.6,68,24.0,35.2,0.0,9.7,285,1014.5,40,146.0,29.3,78,25.1,35.2,0.0,6.5,236,1014.7,22,
2025-08-17 19:00:00,29.6,70,23.6,34.3,0.0,8.1,302,1014.8,46,29.0,28.7,80,24.9,34.7,0.0,4.5,256,1015.0,12,
2025-08-17 20:00:00,28.9,72,23.3,33.6,0.0,6.4,308,1015.0,36,0.0,28.1,82,24.7,34.1,0.0,3.7,281,1015.2,4,
2025-08-17 21:00:00,27.9,74,22.8,32.7,0.0,3.6,307,1015.0,22,0.0,27.6,84,24.7,33.6,0.0,3.6,307,1015.4,0,
2025-08-17 22:00:00,27.1,79,23.2,32.3,0.0,2.9,330,1015.1,2,0.0,27.2,86,24.7,33.2,0.0,3.6,323,1015.5,1,
2025-08-17 23:00:00,26.6,80,22.9,31.4,0.0,4.6,342,1015.6,3,0.0,26.8,87,24.5,32.6,0.0,3.9,338,1015.4,5,
2025-08-18 00:00:00,25.9,83,22.8,30.7,0.0,3.3,354,1015.6,4,0.0,26.4,89,24.5,32.3,0.0,3.7,349,1015.4,12,
2025-08-18 01:00:00,25.6,82,22.3,30.1,0.0,4.0,360,1015.5,10,0.0,26.1,91,24.5,32.0,0.0,3.6,360,1015.4,20,
2025-08-18 02:00:00,25.6,80,21.9,29.7,0.0,4.7,356,1015.5,15,0.0,25.9,92,24.5,31.8,0.0,3.6,6,1015.3,27,
2025-08-18 03:00:00,25.3,89,23.4,30.3,0.0,4.8,42,1015.5,22,0.0,25.9,92,24.5,31.8,0.0,3.3,13,1015.4,33,
2025-08-18 04:00:00,25.2,92,23.8,30.5,0.0,5.1,39,1015.4,27,0.0,26.0,91,24.4,31.9,0.1,3.0,14,1015.6,38,
2025-08-18 05:00:00,25.2,94,24.1,30.5,0.0,5.9,43,1015.5,26,0.0,26.3,90,24.5,32.5,0.1,1.9,22,1015.9,42,
2025-08-18 06:00:00,25.2,94,24.2,30.7,0.0,5.2,56,1016.1,29,2.0,26.7,88,24.6,33.0,0.1,1.1,18,1016.2,47,
2025-08-18 07:00:00,26.0,93,24.8,32.1,0.0,3.8,73,1016.5,20,72.0,27.2,86,24.7,33.7,0.1,0.4,90,1016.4,51,
2025-08-18 08:00:00,27.7,87,25.3,34.2,0.0,3.3,96,1016.5,15,235.0,27.7,84,24.7,34.1,0.1,1.1,180,1016.6,54,
2025-08-18 09:00:00,28.4,83,25.2,34.3,0.0,6.3,156,1016.6,23,403.0,28.1,82,24.7,34.4,0.1,2.2,189,1016.6,57,
2025-08-18 10:00:00,29.3,77,24.9,35.1,0.0,5.9,142,1016.5,17,519.0,28.6,80,24.8,34.7,0.0,3.3,193,1016.3,60,
2025-08-18 11:00:00,30.3,72,24.6,36.5,0.0,6.6,139,1016.4,13,669.0,29.1,78,24.8,35.0,0.0,4.5,194,1015.9,62,
2025-08-18 12:00:00,30.8,73,25.4,38.1,0.0,5.7,162,1015.7,22,734.0,29.6,75,24.7,35.3,0.0,5.9,194,1015.3,64,
2025-08-18 13:00:00,31.3,71,25.4,38.5,0.0,6.0,155,1015.1,17,728.0,30.1,73,24.7,35.6,0.0,7.1,195,1014.7,65,
2025-08-18 14:00:00,32.1,69,25.7,39.5,0.0,6.4,164,1014.6,13,741.0,30.4,72,24.7,35.8,0.0,7.9,196,1014.3,65,
2025-08-18 15:00:00,31.8,67,24.9,38.1,0.0,7.3,200,1013.8,15,660.0,30.5,71,24.7,35.8,0.0,8.2,195,1014.0,65,
2025-08-18 16:00:00,31.5,68,24.9,37.1,0.0,7.3,213,1013.7,29,494.0,30.4,71,24.6,35.7,0.0,8.2,195,1014.0,63,
2025-08-18 17:00:00,31.1,69,24.7,36.6,0.0,6.6,221,1013.7,11,343.0,30.1,72,24.5,35.4,0.0,7.8,193,1014.2,60,
2025-08-18 18:00:00,30.2,71,24.4,35.7,0.0,5.5,238,1013.8,19,182.0,29.7,74,24.6,35.2,0.0,7.0,192,1014.5,57,
2025-08-18 19:00:00,29.7,72,24.1,35.3,0.0,3.7,259,1014.0,17,33.0,29.2,76,24.5,34.7,0.0,6.2,190,1014.9,53,
2025-08-18 20:00:00,29.2,74,24.1,34.9,0.0,2.6,286,1014.4,32,0.0,28.8,78,24.5,34.5,0.0,5.1,188,1015.1,49,
2025-08-18 21:00:00,28.4,79,24.4,34.5,0.0,1.3,146,1015.1,18,0.0,28.4,80,24.6,34.2,0.0,4.3,185,1015.2,46,
2025-08-18 22:00:00,27.9,83,24.7,34.1,0.0,1.9,112,1015.0,21,0.0,28.0,82,24.6,34.0,0.0,3.2,180,1015.0,44,
2025-08-18 23:00:00,27.4,86,24.9,33.6,0.0,3.4,18,1015.0,18,0.0,27.6,86,25.0,34.0,0.0,2.2,180,1014.7,42,
2025-08-19 00:00:00,26.8,87,24.5,32.5,0.0,4.6,18,1014.7,19,0.0,27.2,89,25.2,33.9,0.0,0.8,153,1014.3,40,
2025-08-19 01:00:00,26.2,90,24.4,32.0,0.0,4.3,42,1014.1,16,0.0,26.8,92,25.4,33.7,0.0,1.0,45,1013.9,38,
2025-08-19 02:00:00,26.1,92,24.7,32.1,0.0,3.6,90,1014.0,32,0.0,26.6,94,25.5,33.4,0.0,1.6,27,1013.6,36,
2025-08-19 03:00:00,25.9,92,24.5,31.7,0.0,4.0,10,1013.7,36,0.0,26.4,95,25.5,33.2,0.0,1.9,22,1013.5,33,
2025-08-19 04:00:00,25.6,94,24.6,31.5,0.0,3.7,29,1013.7,44,0.0,26.5,95,25.6,33.4,0.7,1.5,14,1013.6,29,
2025-08-19 05:00:00,25.4,95,24.5,31.1,0.0,4.5,14,1013.5,39,0.0,26.6,93,25.4,33.6,0.7,0.4,360,1013.9,24,
2025-08-19 06:00:00,25.2,94,24.2,31.0,0.0,3.1,36,1014.3,38,2.0,26.9,92,25.5,33.8,0.7,0.8,207,1014.3,18,
2025-08-19 07:00:00,26.0,91,24.4,32.0,0.0,2.6,106,1014.5,40,49.0,27.2,89,25.2,33.7,0.7,2.3,198,1014.7,12,
2025-08-19 08:00:00,26.9,90,25.1,33.5,0.2,1.6,117,1014.7,40,153.0,27.5,86,25.0,33.7,0.7,3.8,197,1015.0,8,
2025-08-19 09:00:00,27.7,87,25.3,34.3,0.0,2.3,141,1014.9,31,240.0,27.9,84,24.9,33.9,0.7,4.5,194,1015.0,4,
2025-08-19 10:00:00,28.7,83,25.5,34.9,0.0,5.4,172,1014.7,38,379.0,28.3,81,24.7,34.1,0.0,4.7,189,1014.7,1,
2025-08-19 11:00:00,29.4,80,25.5,35.6,0.0,5.8,184,1014.6,49,497.0,28.8,78,24.5,34.5,0.0,4.7,180,1014.2,0,
2025-08-19 12:00:00,30.0,76,25.3,36.3,0.0,4.4,189,1014.0,26,556.0,29.3,74,24.2,34.8,0.0,4.7,171,1013.5,0,
2025-08-19 13:00:00,30.6,71,24.8,37.0,0.0,2.2,171,1013.2,34,570.0,29.8,71,23.9,35.1,0.0,4.9,163,1012.9,0,
2025-08-19 14:00:00,30.9,71,25.0,37.2,0.0,2.9,150,1012.6,35,552.0,30.1,68,23.6,35.2,0.0,5.2,155,1012.3,0,
2025-08-19 15:00:00,30.8,75,25.9,37.1,0.0,7.1,165,1011.7,12,473.0,30.3,67,23.5,35.2,0.0,5.3,152,1012.0,0,
2025-08-19 16:00:00,30.6,75,25.6,36.6,0.0,7.6,155,1011.5,13,482.0,30.2,68,23.6,35.2,0.0,5.8,150,1011.9,6,
2025-08-19 17:00:00,30.2,76,25.5,36.3,0.0,6.2,170,1011.5,14,327.0,29.8,69,23.5,34.7,0.0,6.1,152,1012.1,14,
2025-08-19 18:00:00,30.2,75,25.2,36.1,0.0,6.4,227,1011.9,22,164.0,29.4,72,23.8,34.4,0.0,6.4,153,1012.3,24,
2025-08-19 19:00:00,29.7,75,24.8,35.7,0.0,4.3,270,1012.1,24,30.0,28.9,75,24.0,34.0,0.0,6.4,153,1012.5,34,
2025-08-19 20:00:00,29.3,77,24.8,35.3,0.0,3.6,233,1012.8,35,0.0,28.4,78,24.2,33.6,0.0,6.8,155,1012.7,42,
2025-08-19 21:00:00,28.9,81,25.3,35.1,0.0,5.2,164,1012.7,23,0.0,28.0,81,24.4,33.4,0.0,6.4,153,1012.8,48,
2025-08-19 22:00:00,28.5,81,24.9,34.4,0.0,5.7,162,1012.5,32,0.0,27.7,83,24.5,33.2,0.0,5.8,150,1012.7,51,
2025-08-19 23:00:00,28.0,87,25.6,34.5,0.0,4.1,195,1012.6,29,0.0,27.3,86,24.8,33.2,0.0,4.7,148,1012.4,52,
2025-08-20 00:00:00,27.1,88,24.9,33.1,0.0,4.6,45,1012.1,20,0.0,27.0,88,24.9,33.1,0.0,3.6,135,1012.1,53,
2025-08-20 01:00:00,26.7,91,25.1,32.8,0.0,4.3,66,1011.7,22,0.0,26.8,90,25.0,33.1,0.0,2.4,117,1011.8,52,
2025-08-20 02:00:00,26.6,93,25.3,33.2,0.0,2.5,90,1011.6,20,0.0,26.6,91,25.0,33.1,0.0,1.8,90,1011.6,50,
2025-08-20 03:00:00,26.3,94,25.3,33.1,0.0,0.8,297,1011.6,20,0.0,26.5,92,25.1,33.1,0.0,1.8,79,1011.5,49,
2025-08-20 04:00:00,25.9,95,25.0,32.3,0.0,2.8,320,1011.8,20,0.0,26.6,92,25.2,33.1,1.1,1.8,79,1011.6,47,
2025-08-20 05:00:00,25.7,96,25.0,32.0,0.0,3.3,354,1012.1,25,0.0,26.7,91,25.1,33.3,1.1,1.4,90,1011.9,44,
2025-08-20 06:00:00,25.6,93,24.4,31.3,0.0,4.3,360,1012.3,38,2.0,26.9,89,24.9,33.4,1.1,1.6,117,1012.3,41,
2025-08-20 07:00:00,25.7,93,24.5,31.8,2.0,2.1,121,1012.7,95,29.0,27.2,87,24.8,33.4,1.1,2.3,141,1012.7,38,
2025-08-20 08:00:00,26.4,93,25.1,32.8,1.4,2.6,124,1012.6,52,71.0,27.5,85,24.7,33.6,1.1,2.9,150,1012.9,35,
2025-08-20 09:00:00,26.7,93,25.4,33.3,0.1,2.7,113,1012.3,72,168.0,27.7,83,24.6,33.6,1.1,4.2,149,1013.0,32,
2025-08-20 10:00:00,28.0,88,25.8,34.5,0.0,4.7,157,1012.3,30,305.0,28.0,81,24.4,33.6,0.0,5.7,145,1012.8,30,
2025-08-20 11:00:00,28.8,85,26.0,34.8,0.1,9.2,154,1012.1,21,499.0,28.4,79,24.4,33.5,0.0,7.9,141,1012.3,27,
2025-08-20 12:00:00,30.2,79,26.1,36.4,0.0,12.0,147,1011.8,17,648.0,28.8,76,24.1,33.4,0.0,10.2,138,1011.8,25,
2025-08-20 13:00:00,30.8,75,25.9,37.4,0.0,12.2,135,1011.1,17,736.0,29.1,74,24.0,33.4,0.0,12.7,135,1011.2,24,
2025-08-20 14:00:00,30.9,75,26.0,37.0,0.0,13.8,129,1010.8,20,691.0,29.4,73,24.0,33.4,0.0,14.5,134,1010.8,22,
2025-08-20 15:00:00,31.2,74,26.0,37.1,0.0,12.4,120,1010.3,20,615.0,29.5,72,23.9,33.3,0.0,15.3,133,1010.5,20,
2025-08-20 16:00:00,31.4,71,25.5,36.8,0.0,11.1,103,1010.0,19,468.0,29.4,72,23.8,33.1,0.0,15.0,132,1010.5,18,
2025-08-20 17:00:00,30.9,72,25.2,35.9,0.0,12.3,95,1009.9,27,311.0,29.1,73,23.8,33.0,0.0,14.0,132,1010.6,16,
2025-08-20 18:00:00,28.6,80,24.8,33.8,0.0,9.6,214,1010.5,46,130.0,28.8,75,23.9,33.0,0.0,12.5,131,1010.7,14,
2025-08-20 19:00:00,28.8,76,24.2,33.7,0.0,8.9,220,1011.0,37,20.0,28.4,76,23.7,32.7,0.0,10.7,130,1011.0,12,
2025-08-20 20:00:00,28.4,78,24.2,34.1,0.0,3.8,229,1010.9,40,0.0,28.0,78,23.8,32.7,0.0,9.2,129,1011.2,11,
2025-08-20 21:00:00,27.6,79,23.6,33.1,0.0,2.4,63,1011.1,19,0.0,27.7,80,23.9,32.6,0.0,8.0,126,1011.3,12,
2025-08-20 22:00:00,27.0,82,23.6,32.3,0.0,3.9,56,1010.6,7,0.0,27.5,82,24.1,32.6,0.1,7.1,120,1011.3,14,
2025-08-20 23:00:00,26.3,88,24.2,32.1,0.0,2.5,360,1011.1,7,0.0,27.2,84,24.3,32.5,0.1,6.6,112,1011.3,17,
2025-08-21 00:00:00,26.5,89,24.5,32.6,0.0,2.0,45,1011.4,7,0.0,27.0,86,24.5,32.5,0.1,6.3,103,1011.3,21,
2025-08-21 01:00:00,26.1,90,24.3,31.9,0.0,3.4,58,1011.2,14,0.0,26.8,88,24.7,32.4,0.1,6.5,96,1011.3,26,
2025-08-21 02:00:00,26.0,90,24.2,31.2,0.0,6.7,36,1011.2,30,0.0,26.7,89,24.7,32.3,0.1,6.8,90,1011.3,30,
2025-08-21 03:00:00,25.7,90,23.9,30.7,0.0,7.4,51,1011.3,27,0.0,26.7,90,24.9,32.3,0.1,7.2,90,1011.3,35,
2025-08-21 04:00:00,25.8,90,24.0,30.9,0.0,6.6,77,1011.6,33,0.0,26.7,90,24.9,32.3,0.3,7.6,93,1011.4,40,
2025-08-21 05:00:00,25.8,89,23.9,31.0,0.0,5.8,97,1011.6,28,0.0,26.9,89,24.9,32.4,0.3,8.4,100,1011.5,46,
2025-08-21 06:00:00,25.4,91,23.8,30.4,0.0,6.4,52,1011.5,33,2.0,27.1,88,25.0,32.4,0.3,9.7,105,1011.7,53,
2025-08-21 07:00:00,26.1,88,23.9,31.1,0.0,6.8,87,1011.9,28,57.0,27.4,87,25.0,32.5,0.3,10.8,111,1011.8,59,
2025-08-21 08:00:00,28.0,80,24.2,33.0,0.0,8.6,105,1011.6,27,191.0,27.6,86,25.1,32.6,0.3,11.9,115,1011.9,63,
2025-08-21 09:00:00,29.0,77,24.5,33.5,0.0,13.0,118,1011.1,20,339.0,27.8,85,25.1,32.6,0.3,13.4,117,1011.8,64,
2025-08-21 10:00:00,29.3,80,25.5,34.3,0.0,14.1,122,1011.0,24,504.0,28.0,84,25.0,32.6,0.0,14.7,118,1011.6,62,
2025-08-21 11:00:00,29.9,79,25.8,35.3,0.0,13.1,106,1010.9,27,567.0,28.2,83,25.0,32.6,0.0,16.1,117,1011.2,57,
2025-08-21 12:00:00,30.0,79,26.0,35.5,0.0,15.3,98,1010.9,51,605.0,28.3,83,25.1,32.6,0.0,17.2,116,1010.7,50,
2025-08-21 13:00:00,30.5,77,26.0,35.6,0.0,16.7,97,1010.1,28,590.0,28.5,82,25.1,32.6,0.0,18.5,114,1010.2,43,
2025-08-21 14:00:00,30.5,79,26.4,35.9,0.0,18.2,104,1009.7,33,635.0,28.5,81,24.9,32.3,0.0,19.7,114,1009.8,36,
2025-08-21 15:00:00,30.7,75,25.8,35.3,0.0,18.3,106,1009.2,28,528.0,28.6,81,25.0,32.3,0.0,20.1,114,1009.6,32,
2025-08-21 16:00:00,30.6,75,25.6,35.2,0.0,17.0,103,1009.1,27,446.0,28.5,81,24.9,32.2,0.0,20.3,115,1009.5,30,
2025-08-21 17:00:00,30.3,76,25.6,35.0,0.0,16.0,104,1008.8,19,311.0,28.4,81,24.8,32.1,0.0,20.1,117,1009.6,29,
2025-08-21 18:00:00,29.4,79,25.4,34.6,0.0,12.4,98,1008.7,29,144.0,28.3,81,24.7,31.9,0.0,19.7,118,1009.8,28,
2025-08-21 19:00:00,29.1,76,24.4,33.4,0.0,14.5,117,1009.1,15,26.0,28.1,81,24.5,31.8,0.0,19.2,120,1009.9,29,
2025-08-21 20:00:00,28.5,79,24.5,32.9,0.0,14.2,114,1009.5,13,0.0,28.0,82,24.6,31.7,0.0,18.8,122,1010.1,30,
2025-08-21 21:00:00,28.2,79,24.2,31.9,0.0,17.6,118,1009.5,17,0.0,27.8,82,24.5,31.5,0.0,18.2,124,1010.1,31,
2025-08-21 22:00:00,27.9,79,23.9,31.1,0.0,19.1,126,1009.3,23,0.0,27.7,82,24.3,31.3,0.1,17.9,124,1010.0,33,
2025-08-21 23:00:00,27.7,79,23.7,31.1,0.0,17.7,128,1009.8,28,0.0,27.5,83,24.4,31.3,0.1,17.4,124,1009.9,36,
2025-08-22 00:00:00,27.6,80,23.8,30.9,0.0,17.8,126,1009.7,24,0.0,27.4,83,24.3,31.2,0.1,17.2,123,1009.7,39,
2025-08-22 01:00:00,27.5,81,24.0,31.3,0.0,15.6,130,1009.1,17,0.0,27.3,83,24.1,31.0,0.1,16.7,123,1009.5,43,
2025-08-22 02:00:00,27.5,84,24.6,31.8,0.0,14.6,128,1009.1,20,0.0,27.2,83,24.1,31.0,0.1,16.5,122,1009.4,46,
2025-08-22 03:00:00,27.4,84,24.5,31.8,0.0,13.8,129,1009.1,40,0.0,27.2,83,24.1,31.0,0.1,16.0,121,1009.3,48,
2025-08-22 04:00:00,27.5,84,24.5,32.0,0.0,12.6,127,1009.1,35,0.0,27.3,82,24.0,31.1,0.0,15.8,120,1009.3,50,
2025-08-22 05:00:00,27.5,85,24.7,32.2,0.0,12.6,127,1008.8,28,0.0,27.5,81,23.9,31.3,0.0,15.1,118,1009.4,51,
2025-08-22 06:00:00,26.8,87,24.4,31.3,0.0,12.2,135,1009.1,43,1.0,27.7,80,23.9,31.6,0.0,14.8,116,1009.6,52,
2025-08-22 07:00:00,27.5,83,24.4,32.2,0.0,11.0,131,1009.2,36,54.0,28.0,79,24.0,32.0,0.0,14.2,114,1009.7,53,
2025-08-22 08:00:00,28.2,82,24.8,33.3,0.0,9.8,118,1009.2,27,181.0,28.2,78,24.0,32.3,0.0,13.7,113,1009.8,52,
2025-08-22 09:00:00,28.6,79,24.6,33.0,0.1,14.1,130,1009.6,25,333.0,28.5,77,24.0,32.7,0.0,13.0,114,1009.8,51,
2025-08-22 10:00:00,29.2,77,24.8,33.8,0.0,13.6,127,1009.4,24,452.0,28.8,76,24.1,33.2,0.0,11.9,119,1009.6,48,
2025-08-22 11:00:00,29.6,75,24.7,34.3,0.0,12.9,120,1009.2,22,511.0,29.1,75,24.2,33.7,0.0,11.3,127,1009.4,43,
2025-08-22 12:00:00,29.8,74,24.6,34.8,0.0,12.4,116,1009.5,29,611.0,29.5,74,24.3,34.2,0.0,10.5,139,1009.0,38,
2025-08-22 13:00:00,30.1,73,24.7,35.3,0.0,11.9,119,1009.0,22,610.0,29.8,73,24.4,34.6,0.0,10.3,151,1008.7,33,
2025-08-22 14:00:00,30.4,71,24.5,35.6,0.0,10.6,118,1008.6,24,617.0,30.0,72,24.4,34.9,0.0,9.8,163,1008.5,29,
2025-08-22 15:00:00,30.6,67,23.8,35.6,0.0,6.7,144,1008.3,26,543.0,30.0,72,24.4,35.0,0.0,9.5,171,1008.4,27,
2025-08-22 16:00:00,30.5,68,23.9,35.4,0.0,7.6,175,1008.4,23,440.0,29.9,73,24.5,35.1,0.0,8.3,180,1008.5,28,
2025-08-22 17:00:00,30.1,69,23.8,35.4,0.0,4.4,189,1008.7,30,287.0,29.5,74,24.4,34.9,0.0,6.2,190,1008.8,31,
2025-08-22 18:00:00,29.9,73,24.5,35.2,0.0,7.6,273,1008.7,40,134.0,29.1,76,24.4,34.8,0.0,4.4,215,1009.2,35,
2025-08-22 19:00:00,29.1,76,24.4,34.3,0.0,8.1,291,1009.0,31,21.0,28.6,78,24.4,34.3,0.0,3.8,253,1009.6,40,
2025-08-22 20:00:00,28.6,79,24.6,34.0,0.0,6.6,311,1009.5,50,0.0,28.1,80,24.3,33.8,0.0,4.5,284,1009.9,45,
2025-08-22 21:00:00,27.9,82,24.5,33.8,0.0,3.6,323,1010.1,42,0.0,27.8,82,24.4,33.3,0.0,5.6,297,1010.1,48,
2025-08-22 22:00:00,27.5,84,24.6,33.5,0.0,3.3,311,1010.2,44,0.0,27.5,84,24.5,33.0,0.0,6.3,301,1010.1,51,
2025-08-22 23:00:00,27.2,86,24.7,33.2,0.0,3.8,319,1010.2,41,0.0,27.2,85,24.4,32.6,0.0,6.3,301,1010.1,53,
2025-08-23 00:00:00,27.4,83,24.3,33.1,0.0,3.7,241,1010.1,30,0.0,26.9,87,24.6,32.5,0.0,6.1,298,1010.0,55,
2025-08-23 01:00:00,27.3,86,24.7,32.7,0.0,7.6,251,1009.7,28,0.0,26.7,89,24.7,32.4,0.0,5.6,297,1009.8,57,
2025-08-23 02:00:00,27.1,87,24.7,32.4,0.0,8.3,270,1009.7,26,0.0,26.6,90,24.8,32.4,0.0,5.4,290,1009.8,57,
2025-08-23 03:00:00,27.0,87,24.7,32.4,0.0,7.9,270,1010.3,43,0.0,26.6,90,24.8,32.4,0.0,5.2,286,1009.8,57,
2025-08-23 04:00:00,27.0,86,24.4,32.2,0.0,7.9,254,1010.5,45,0.0,26.7,90,24.9,32.6,0.1,5.5,281,1010.0,55,
2025-08-23 05:00:00,26.7,87,24.4,32.1,0.0,6.7,254,1010.4,49,0.0,27.0,89,25.0,32.8,0.1,5.8,277,1010.3,52,
2025-08-23 06:00:00,27.1,84,24.1,32.1,0.0,7.5,253,1010.7,51,1.0,27.4,87,25.0,33.2,0.1,6.5,273,1010.7,48,
2025-08-23 07:00:00,27.4,83,24.3,32.8,0.0,6.2,249,1010.7,54,43.0,27.8,85,25.0,33.5,0.1,6.8,267,1011.0,44,
2025-08-23 08:00:00,28.2,81,24.6,33.7,0.0,7.0,249,1010.8,47,124.0,28.2,84,25.2,33.9,0.1,7.6,265,1011.3,40,
2025-08-23 09:00:00,29.1,79,25.0,34.6,0.0,8.6,248,1011.4,25,237.0,28.6,82,25.2,34.3,0.1,8.0,262,1011.4,37,
2025-08-23 10:00:00,30.1,76,25.4,35.6,0.0,10.4,270,1011.1,20,465.0,29.0,80,25.2,34.6,0.0,8.4,260,1011.3,35,
2025-08-23 11:00:00,31.0,74,25.8,36.7,0.0,12.3,275,1011.2,23,579.0,29.5,78,25.3,35.1,0.0,9.3,257,1011.1,34,
2025-08-23 12:00:00,29.4,84,26.4,35.8,0.2,11.4,298,1011.2,31,616.0,30.0,75,25.1,35.4,0.0,9.7,255,1010.8,34,
2025-08-23 13:00:00,30.8,77,26.3,36.9,0.4,12.6,297,1010.6,32,613.0,30.5,73,25.1,35.8,0.0,10.1,253,1010.4,33,
2025-08-23 14:00:00,31.4,74,26.2,37.2,0.0,13.7,297,1010.2,21,597.0,30.8,72,25.1,36.1,0.0,10.1,253,1010.2,31,
2025-08-23 15:00:00,32.6,65,25.1,37.3,0.0,14.4,292,1009.9,12,560.0,30.9,71,25.0,36.1,0.0,10.0,255,1010.1,29,
2025-08-23 16:00:00,32.4,65,24.9,37.0,0.0,14.2,297,1010.0,17,518.0,30.7,72,25.0,36.0,0.0,9.5,261,1010.2,24,
2025-08-23 17:00:00,31.5,69,25.1,36.2,0.0,14.3,304,1010.3,24,332.0,30.3,73,24.9,35.7,0.0,8.6,270,1010.4,18,
2025-08-23 18:00:00,30.6,71,24.7,35.4,0.0,11.8,301,1010.5,42,154.0,29.7,76,25.0,35.3,0.0,7.8,283,1010.7,11,
2025-08-23 19:00:00,29.6,77,25.1,34.9,0.0,9.8,294,1010.9,34,22.0,29.1,78,24.9,34.7,0.0,7.4,299,1011.1,5,
2025-08-23 20:00:00,29.0,82,25.6,34.9,0.0,8.3,288,1011.3,23,0.0,28.6,81,25.0,34.2,0.0,7.7,311,1011.4,1,
2025-08-23 21:00:00,28.6,85,25.8,34.8,0.0,7.0,291,1011.7,24,0.0,28.1,83,25.0,33.7,0.0,7.7,319,1011.6,0,
2025-08-23 22:00:00,28.2,87,25.8,34.7,0.0,5.5,293,1011.8,30,0.0,27.8,85,25.0,33.4,0.0,7.5,325,1011.7,5,
2025-08-23 23:00:00,27.9,89,25.9,34.6,0.0,4.3,294,1012.0,31,0.0,27.4,87,25.0,33.1,0.0,7.0,325,1011.8,14,
2025-08-24 00:00:00,27.4,89,25.4,33.7,0.0,4.4,261,1012.4,14,0.0,27.1,89,25.1,32.9,0.0,6.5,326,1011.8,25,
2025-08-24 01:00:00,27.2,89,25.2,33.1,0.0,6.6,261,1012.3,18,0.0,26.8,91,25.2,32.8,0.0,5.7,325,1011.8,36,
2025-08-24 02:00:00,26.8,91,25.2,32.7,0.0,6.1,270,1012.3,23,0.0,26.6,93,25.4,32.9,0.0,4.9,324,1011.9,45,
2025-08-24 03:00:00,26.6,91,25.0,32.5,0.0,6.2,277,1011.9,33,0.0,26.6,93,25.4,33.0,0.0,4.3,318,1012.0,50,
2025-08-24 04:00:00,26.8,90,25.0,33.0,0.0,4.0,270,1012.3,43,0.0,26.8,92,25.4,33.2,0.0,3.8,311,1012.2,49,
2025-08-24 05:00:00,26.7,90,24.9,33.2,0.0,1.1,252,1012.4,43,0.0,27.1,91,25.5,33.7,0.0,3.7,299,1012.6,45,
2025-08-24 06:00:00,26.8,89,24.8,32.6,0.0,5.5,259,1012.7,62,1.0,27.5,89,25.5,34.1,0.0,3.7,281,1012.9,38,
2025-08-24 07:00:00,27.0,90,25.2,33.3,0.0,3.6,264,1013.2,53,34.0,28.0,87,25.6,34.6,0.0,4.0,270,1013.2,30,
2025-08-24 08:00:00,28.3,85,25.5,34.4,0.0,6.6,248,1013.2,32,134.0,28.5,84,25.5,34.9,0.0,4.4,261,1013.5,24,
2025-08-24 09:00:00,29.2,80,25.4,35.0,0.0,8.4,239,1013.3,22,299.0,28.9,82,25.5,35.3,0.0,4.9,253,1013.5,20,
2025-08-24 10:00:00,30.2,75,25.2,35.9,0.0,8.1,238,1013.1,17,491.0,29.4,80,25.6,35.7,0.0,5.5,247,1013.3,18,
2025-08-24 11:00:00,31.0,70,24.9,36.9,0.0,7.3,261,1013.3,19,592.0,29.9,77,25.4,36.0,0.0,6.4,243,1012.9,17,
2025-08-24 12:00:00,31.7,67,24.8,37.0,0.0,12.4,292,1013.2,32,646.0,30.5,75,25.6,36.5,0.0,7.4,241,1012.4,18,
2025-08-24 13:00:00,32.1,67,25.2,37.3,0.0,12.9,297,1012.6,25,587.0,31.0,72,25.3,36.7,0.0,8.2,241,1011.9,19,
2025-08-24 14:00:00,32.7,65,25.3,38.2,0.0,11.7,288,1012.0,22,603.0,31.3,71,25.4,37.1,0.0,8.7,240,1011.5,21,
2025-08-24 15:00:00,32.9,64,25.2,38.1,0.0,11.4,283,1011.3,15,551.0,31.4,70,25.3,37.0,0.0,8.9,243,1011.3,24,
2025-08-24 16:00:00,32.9,63,24.9,37.9,0.0,10.9,287,1011.3,19,459.0,31.2,71,25.3,37.0,0.0,8.1,249,1011.3,29,
2025-08-24 17:00:00,32.3,63,24.4,37.3,0.0,9.2,291,1011.6,24,274.0,30.8,72,25.1,36.5,0.0,7.3,259,1011.5,36,
2025-08-24 18:00:00,31.6,63,23.7,36.4,0.0,7.6,295,1011.4,27,125.0,30.2,74,25.0,36.0,0.0,6.5,273,1011.7,44,
2025-08-24 19:00:00,30.5,68,23.9,35.4,0.0,7.6,301,1011.6,20,22.0,29.5,77,25.1,35.4,0.0,6.2,291,1012.0,52,
2025-08-24 20:00:00,29.4,76,24.7,34.8,0.0,8.0,297,1012.0,29,0.0,28.9,79,24.9,34.6,0.0,6.4,308,1012.2,59,
2025-08-24 21:00:00,28.5,79,24.5,34.0,0.0,5.9,317,1012.7,18,0.0,28.5,81,24.9,34.2,0.0,6.6,315,1012.4,64,
2025-08-24 22:00:00,27.8,84,24.8,33.6,0.0,5.6,315,1012.6,16,0.0,28.1,83,25.0,33.9,0.0,6.4,317,1012.4,68,
2025-08-24 23:00:00,27.2,88,25.0,33.2,0.0,5.4,323,1013.0,15,0.0,27.8,84,24.9,33.6,0.0,5.9,317,1012.4,70,
2025-08-25 00:00:00,26.7,89,24.7,32.6,0.0,4.7,328,1012.8,12,0.0,27.5,86,25.0,33.4,0.0,5.4,312,1012.4,72,
2025-08-25 01:00:00,26.4,91,24.8,32.4,0.0,4.7,337,1012.5,16,0.0,27.3,88,25.1,33.5,0.0,4.6,309,1012.3,72,
2025-08-25 02:00:00,26.2,92,24.8,32.1,0.0,4.5,14,1012.6,18,0.0,27.2,89,25.2,33.4,0.0,4.0,297,1012.3,73,
2025-08-25 03:00:00,26.1,94,25.1,32.3,0.0,3.9,22,1012.7,23,0.0,27.1,89,25.1,33.4,0.0,3.4,288,1012.4,73,
2025-08-25 04:00:00,25.8,95,24.9,32.0,0.0,3.7,29,1012.8,25,0.0,27.2,89,25.2,33.6,0.3,2.9,277,1012.6,73,
2025-08-25 05:00:00,25.9,94,24.9,32.0,0.0,4.1,38,1012.8,29,0.0,27.3,88,25.1,33.8,0.3,2.3,252,1012.9,72,
2025-08-25 06:00:00,26.9,89,24.9,33.2,0.0,1.9,158,1012.9,38,1.0,27.6,87,25.2,34.1,0.3,2.5,225,1013.2,70,
2025-08-25 07:00:00,27.2,89,25.2,33.8,0.0,2.1,211,1013.2,40,52.0,27.8,85,25.1,34.2,0.3,2.9,210,1013.5,69,
2025-08-25 08:00:00,28.4,85,25.6,34.8,0.0,4.8,228,1013.4,41,162.0,28.2,84,25.2,34.5,0.3,3.8,197,1013.7,66,
2025-08-25 09:00:00,28.4,87,26.0,34.9,0.0,5.9,223,1013.6,29,268.0,28.5,82,25.1,34.6,0.3,4.4,189,1013.7,64,
2025-08-25 10:00:00,28.9,83,25.7,35.3,0.5,5.0,201,1013.4,34,435.0,28.9,80,25.1,34.9,0.0,5.1,188,1013.5,61,
2025-08-25 11:00:00,30.0,76,25.3,36.3,0.0,4.3,175,1013.3,34,514.0,29.4,77,25.0,35.3,0.0,5.8,187,1013.0,58,
2025-08-25 12:00:00,31.0,73,25.6,38.0,0.0,4.2,211,1012.8,35,630.0,30.0,74,24.8,35.6,0.0,6.6,189,1012.5,54,
2025-08-25 13:00:00,31.6,71,25.7,38.3,0.0,6.6,225,1012.4,27,638.0,30.5,71,24.6,35.9,0.0,7.0,192,1011.9,50,
2025-08-25 14:00:00,32.4,66,25.2,39.0,0.0,7.0,249,1012.0,20,664.0,30.9,70,24.8,36.4,0.0,7.4,194,1011.5,46,
2025-08-25 15:00:00,32.5,64,24.8,37.9,0.0,9.7,266,1011.3,18,594.0,31.0,69,24.6,36.3,0.0,7.5,197,1011.2,43,
2025-08-25 16:00:00,32.3,62,24.1,36.8,0.0,11.1,283,1011.0,73,450.0,30.8,70,24.7,36.3,0.0,7.4,203,1011.2,40,
2025-08-25 17:00:00,31.6,64,24.0,36.0,0.0,11.6,292,1011.2,40,267.0,30.4,73,25.0,36.1,0.0,7.1,210,1011.3,36,
2025-08-25 18:00:00,31.0,69,24.7,36.0,0.0,10.6,288,1010.9,37,152.0,29.9,76,25.2,35.7,0.0,6.9,223,1011.4,32,
2025-08-25 19:00:00,30.1,73,24.7,35.3,0.0,8.7,294,1011.2,32,20.0,29.2,80,25.4,35.2,0.0,6.7,234,1011.7,29,
2025-08-25 20:00:00,29.4,77,25.0,35.2,0.0,6.3,301,1011.3,26,0.0,28.7,83,25.5,34.7,0.0,6.9,242,1011.9,28,
2025-08-25 21:00:00,28.8,81,25.2,35.1,0.0,4.3,294,1011.8,31,0.0,28.2,86,25.6,34.3,0.0,6.6,248,1012.0,28,
2025-08-25 22:00:00,28.3,84,25.3,34.8,0.0,3.3,319,1011.9,43,0.0,27.8,88,25.6,34.0,0.6,5.8,248,1012.0,32,
2025-08-25 23:00:00,28.1,85,25.3,34.8,0.0,2.2,270,1012.4,55,0.0,27.3,89,25.3,33.6,0.6,4.7,247,1012.0,38,
2025-08-26 00:00:00,28.2,81,24.6,33.9,0.0,5.9,259,1012.2,92,0.0,26.9,91,25.3,33.4,0.6,3.4,238,1012.0,47,
2025-08-26 01:00:00,27.7,85,24.9,33.7,0.0,4.7,247,1011.7,92,0.0,26.6,92,25.2,33.1,0.6,2.3,219,1012.0,54,
2025-08-26 02:00:00,27.8,84,24.9,33.5,0.0,6.4,223,1011.5,93,0.0,26.3,92,24.9,32.7,0.6,1.8,191,1012.0,59,
2025-08-26 03:00:00,27.8,86,25.2,33.4,0.0,8.1,225,1011.7,60,0.0,26.3,92,24.9,32.6,0.6,2.2,171,1012.0,60,
2025-08-26 04:00:00,27.6,86,25.1,33.1,0.0,8.9,238,1011.7,81,0.0,26.4,91,24.8,32.6,0.5,2.5,172,1012.1,55,
2025-08-26 05:00:00,27.4,86,24.9,32.7,0.0,9.0,247,1011.6,19,0.0,26.7,90,24.9,32.9,0.5,3.3,186,1012.2,46,
2025-08-26 06:00:00,27.0,88,24.9,32.3,0.0,9.5,245,1011.9,38,1.0,27.1,89,25.1,33.3,0.5,4.1,195,1012.4,35,
2025-08-26 07:00:00,27.6,85,24.9,32.8,0.0,9.7,243,1012.2,28,53.0,27.5,87,25.2,33.6,0.5,5.5,203,1012.5,23,
2025-08-26 08:00:00,28.4,82,25.0,33.7,0.0,9.9,237,1012.3,18,190.0,28.0,85,25.2,33.9,0.5,6.4,207,1012.6,12,
2025-08-26 09:00:00,29.2,79,25.1,34.5,0.0,10.5,229,1012.4,10,356.0,28.4,83,25.2,34.2,0.5,6.9,208,1012.5,5,
2025-08-26 10:00:00,30.1,74,24.9,35.4,0.0,10.3,234,1012.2,9,581.0,28.8,81,25.2,34.6,0.0,7.2,207,1012.3,1,
2025-08-26 11:00:00,31.1,69,24.7,37.2,0.0,8.9,227,1012.2,6,706.0,29.2,78,25.0,34.9,0.0,7.4,203,1011.9,0,
2025-08-26 12:00:00,31.9,63,24.0,38.4,0.0,7.4,231,1011.9,12,800.0,29.7,75,24.8,35.1,0.0,7.8,202,1011.5,0,
2025-08-26 13:00:00,32.5,60,23.7,38.8,0.0,6.4,227,1011.5,16,753.0,30.1,73,24.7,35.5,0.0,7.5,197,1011.0,0,
2025-08-26 14:00:00,33.2,59,24.1,39.3,0.0,5.9,256,1010.8,25,682.0,30.3,71,24.4,35.5,0.0,7.4,194,1010.7,2,
2025-08-26 15:00:00,32.2,65,24.7,37.0,0.0,12.4,287,1010.3,40,563.0,30.3,71,24.5,35.7,0.0,7.0,192,1010.5,4,
2025-08-26 16:00:00,31.8,67,24.9,36.8,0.0,10.8,291,1009.9,36,381.0,30.1,72,24.5,35.5,0.4,6.2,190,1010.5,8,
2025-08-26 17:00:00,31.8,66,24.6,37.3,0.0,6.3,283,1009.6,20,282.0,29.5,75,24.6,35.3,0.4,4.7,184,1010.7,14,
2025-08-26 18:00:00,31.0,69,24.7,36.9,0.0,4.6,288,1009.5,34,136.0,28.9,79,24.9,35.0,0.4,3.2,180,1011.0,20,
2025-08-26 19:00:00,30.3,70,24.2,36.5,0.0,0.5,315,1010.0,38,16.0,28.2,82,24.8,34.5,0.4,1.8,169,1011.3,27,
2025-08-26 20:00:00,29.2,82,25.8,36.2,0.2,1.9,68,1010.6,42,0.0,27.6,86,25.0,34.2,0.4,1.0,135,1011.5,33,
2025-08-26 21:00:00,28.3,85,25.5,34.8,0.0,3.7,11,1011.0,41,0.0,27.1,88,25.0,33.7,0.4,0.7,90,1011.6,36,
2025-08-26 22:00:00,27.8,88,25.6,34.5,0.1,2.9,7,1011.2,40,0.0,26.9,89,24.9,33.5,0.4,0.4,90,1011.5,36,
2025-08-26 23:00:00,28.1,83,24.9,33.6,0.0,7.4,231,1011.5,41,0.0,26.7,90,24.9,33.3,0.4,0.5,225,1011.3,34,
2025-08-27 00:00:00,27.7,84,24.8,33.1,0.0,8.4,230,1011.1,32,0.0,26.6,91,25.0,33.1,0.4,1.5,225,1011.1,30,
2025-08-27 01:00:00,27.8,83,24.7,32.9,0.0,9.7,239,1010.5,19,0.0,26.6,91,25.0,32.9,0.4,2.8,230,1010.8,27,
2025-08-27 02:00:00,27.7,84,24.7,32.7,0.0,10.0,232,1010.4,17,0.0,26.6,91,25.0,32.7,0.4,3.8,229,1010.6,26,
2025-08-27 03:00:00,27.6,83,24.4,32.4,0.0,10.7,230,1010.4,21,0.0,26.6,91,25.0,32.6,0.4,4.6,231,1010.5,29,
2025-08-27 04:00:00,27.6,85,24.8,32.4,0.0,11.9,235,1010.8,91,0.0,26.6,91,25.0,32.6,0.6,4.9,234,1010.6,37,
2025-08-27 05:00:00,27.5,85,24.8,32.4,0.0,11.7,225,1010.4,71,0.0,26.6,90,24.8,32.5,0.6,5.0,240,1010.8,51,
2025-08-27 06:00:00,27.3,85,24.6,32.1,0.0,11.1,234,1010.9,89,0.0,26.7,90,24.9,32.7,0.6,4.8,243,1011.1,67,
2025-08-27 07:00:00,27.4,84,24.5,32.3,0.0,10.2,228,1010.8,98,17.0,26.8,89,24.8,32.7,0.6,5.0,249,1011.3,81,
2025-08-27 08:00:00,27.9,83,24.8,33.0,0.0,10.0,229,1010.6,38,94.0,27.0,88,24.8,32.9,0.6,4.9,253,1011.5,92,
2025-08-27 09:00:00,28.8,80,25.0,34.0,0.0,10.1,235,1011.3,27,283.0,27.2,87,24.9,33.1,0.6,5.1,262,1011.6,96,
2025-08-27 10:00:00,29.7,76,25.0,35.1,0.0,9.4,238,1011.1,24,440.0,27.6,85,24.9,33.5,0.2,5.4,270,1011.5,91,
2025-08-27 11:00:00,30.5,73,25.1,36.0,0.0,8.7,240,1010.8,23,549.0,28.2,83,25.0,34.0,0.2,6.2,280,1011.2,79,
2025-08-27 12:00:00,31.2,69,24.8,36.7,0.0,8.3,270,1010.6,23,560.0,28.8,80,25.0,34.4,0.2,7.5,287,1010.8,63,
2025-08-27 13:00:00,32.0,66,24.8,37.6,0.0,9.3,286,1010.3,23,614.0,29.3,78,25.1,34.9,0.2,8.2,293,1010.5,46,
2025-08-27 14:00:00,32.1,68,25.4,37.4,0.0,12.4,296,1010.2,33,582.0,29.7,76,25.0,35.1,0.2,9.2,296,1010.2,32,
2025-08-27 15:00:00,32.0,67,25.1,36.6,0.1,15.1,298,1010.0,34,337.0,29.9,76,25.2,35.3,0.2,9.3,298,1010.2,24,
2025-08-27 16:00:00,31.1,74,25.9,36.4,0.0,13.8,298,1010.4,61,397.0,29.7,77,25.2,35.3,0.1,8.9,297,1010.4,22,
2025-08-27 17:00:00,30.4,78,26.1,36.2,0.0,11.8,282,1010.5,16,254.0,29.3,79,25.2,35.0,0.1,7.8,292,1010.9,24,
2025-08-27 18:00:00,28.5,86,25.9,34.7,0.1,8.0,280,1011.2,73,132.0,28.7,82,25.3,34.7,0.1,6.7,286,1011.4,29,
2025-08-27 19:00:00,28.5,85,25.7,34.9,0.0,5.5,293,1011.8,45,10.0,28.1,85,25.4,34.3,0.1,5.4,278,1011.9,35,
2025-08-27 20:00:00,28.0,88,25.8,34.5,0.0,4.8,333,1012.0,42,0.0,27.5,88,25.3,33.8,0.1,4.7,266,1012.4,40,
2025-08-27 21:00:00,27.6,89,25.6,34.3,0.0,2.9,263,1012.4,31,0.0,27.1,90,25.3,33.5,0.1,4.0,260,1012.7,44,
2025-08-27 22:00:00,27.3,91,25.7,33.6,0.0,5.6,320,1012.9,37,0.0,26.8,91,25.2,33.2,0.0,3.6,264,1012.8,46,
2025-08-27 23:00:00,26.7,95,25.8,33.3,0.0,4.3,355,1013.1,26,0.0,26.5,93,25.3,33.0,0.0,3.3,276,1012.7,48,
2025-08-28 00:00:00,26.3,95,25.4,32.6,0.0,5.2,348,1012.7,21,0.0,26.3,93,25.0,32.6,0.0,3.1,291,1012.6,49,
2025-08-28 01:00:00,25.9,96,25.2,32.0,0.0,5.2,344,1012.5,24,0.0,26.1,94,25.1,32.4,0.0,3.6,307,1012.4,50,
2025-08-28 02:00:00,25.7,97,25.1,31.8,0.0,4.5,346,1012.4,27,0.0,26.0,94,25.0,32.2,0.0,3.8,319,1012.3,51,
2025-08-28 03:00:00,25.8,97,25.2,31.9,0.0,5.1,4,1012.5,34,0.0,26.1,93,24.8,32.1,0.0,4.1,322,1012.3,51,
2025-08-28 04:00:00,25.7,96,25.0,31.6,0.0,5.5,11,1012.2,26,0.0,26.3,91,24.7,32.3,0.0,3.6,323,1012.4,51,
2025-08-28 05:00:00,25.6,95,24.7,31.3,0.0,6.1,3,1012.3,31,0.0,26.6,89,24.6,32.6,0.0,3.3,319,1012.7,51,
2025-08-28 06:00:00,25.9,95,25.0,31.7,0.0,6.1,360,1012.7,40,1.0,27.1,85,24.3,33.0,0.0,2.5,315,1013.0,51,
2025-08-28 07:00:00,26.1,94,25.1,32.1,0.1,5.4,4,1013.0,38,46.0,27.6,82,24.2,33.5,0.0,1.9,292,1013.3,50,
2025-08-28 08:00:00,27.0,91,25.4,33.4,0.0,4.5,14,1013.2,36,154.0,28.1,79,24.1,33.9,0.0,1.8,270,1013.5,49,
2025-08-28 09:00:00,28.9,82,25.5,35.4,0.0,3.6,360,1013.3,22,237.0,28.5,77,24.0,34.3,0.0,1.9,248,1013.5,49,
2025-08-28 10:00:00,29.9,74,24.8,36.3,0.0,1.1,198,1013.1,24,447.0,28.9,75,24.0,34.6,0.0,2.6,236,1013.3,49,
2025-08-28 11:00:00,30.3,75,25.4,36.4,0.1,5.8,210,1013.0,34,494.0,29.3,74,24.2,35.0,0.0,3.6,225,1013.0,48,
2025-08-28 12:00:00,30.5,73,25.1,37.4,0.0,4.9,234,1012.5,6,692.0,29.7,73,24.4,35.4,0.0,4.6,219,1012.5,48,
2025-08-28 13:00:00,31.6,70,25.4,38.7,0.1,8.5,216,1012.0,18,785.0,30.1,73,24.7,35.9,0.0,5.4,217,1012.1,47,
2025-08-28 14:00:00,32.0,66,24.9,38.6,0.0,7.5,235,1011.6,16,716.0,30.3,73,24.9,36.1,0.0,5.9,218,1011.7,47,
2025-08-28 15:00:00,32.7,60,23.9,37.9,0.0,10.5,266,1011.3,25,661.0,30.4,73,25.0,36.2,0.0,6.1,220,1011.6,46,
2025-08-28 16:00:00,32.7,60,23.9,36.8,0.0,12.8,292,1011.7,18,467.0,30.2,74,25.0,36.1,0.0,5.6,225,1011.7,44,
2025-08-28 17:00:00,32.1,61,23.6,36.4,0.0,10.5,308,1011.7,5,341.0,29.8,76,25.1,35.9,0.0,4.5,241,1012.1,42,
2025-08-28 18:00:00,31.0,63,23.1,35.1,0.0,10.2,312,1011.9,9,169.0,29.2,78,25.0,35.4,0.0,4.0,265,1012.5,40,
2025-08-28 19:00:00,29.6,71,23.7,34.3,0.0,8.2,337,1012.7,10,23.0,28.7,80,24.9,34.7,0.0,3.9,292,1012.9,38,
2025-08-28 20:00:00,28.4,77,24.0,33.6,0.0,6.1,360,1013.3,14,0.0,28.1,82,24.7,34.1,0.0,4.3,312,1013.3,37,
2025-08-28 21:00:00,27.6,82,24.3,33.2,0.0,4.9,17,1013.6,4,0.0,27.7,84,24.7,33.5,0.0,4.9,324,1013.6,39,
2025-08-28 22:00:00,26.9,86,24.3,32.5,0.0,4.7,9,1014.4,6,0.0,27.3,85,24.5,33.0,0.0,4.8,333,1013.7,44,
2025-08-28 23:00:00,26.3,89,24.3,32.0,0.0,3.5,24,1014.6,6,0.0,26.9,87,24.6,32.8,0.0,4.2,340,1013.7,52,
2025-08-29 00:00:00,25.9,91,24.3,31.5,0.0,4.3,24,1013.8,4,0.0,26.5,88,24.4,32.3,0.0,3.7,349,1013.6,61,
2025-08-29 01:00:00,25.4,92,24.0,30.7,0.0,5.2,12,1013.7,5,0.0,26.3,89,24.3,32.1,0.0,2.9,360,1013.5,70,
2025-08-29 02:00:00,24.9,93,23.7,30.2,0.0,4.0,27,1013.8,8,0.0,26.1,90,24.3,32.0,0.0,2.6,16,1013.5,77,
2025-08-29 03:00:00,25.3,94,24.2,30.8,0.0,4.6,51,1013.6,17,0.0,26.1,90,24.3,32.0,0.0,2.1,31,1013.6,81,
2025-08-29 04:00:00,25.1,94,24.1,30.5,0.0,4.9,36,1013.6,15,0.0,26.3,89,24.3,32.3,0.0,1.5,45,1013.8,81,
2025-08-29 05:00:00,25.0,94,23.9,30.2,0.0,5.3,28,1013.9,15,0.0,26.6,88,24.5,32.8,0.0,1.3,56,1014.2,78,
2025-08-29 06:00:00,25.1,92,23.7,30.2,0.0,5.4,20,1014.6,29,1.0,27.1,87,24.8,33.6,0.0,0.7,90,1014.7,73,
2025-08-29 07:00:00,25.7,90,23.9,31.3,0.0,3.3,41,1015.2,34,52.0,27.7,85,24.9,34.2,0.0,0.8,153,1015.1,67,
2025-08-29 08:00:00,27.2,85,24.4,33.1,0.0,3.1,21,1015.3,29,179.0,28.2,83,25.0,34.7,0.0,1.4,180,1015.4,60,
2025-08-29 09:00:00,28.4,82,25.0,34.8,0.0,2.4,153,1015.3,25,346.0,28.6,82,25.2,35.2,0.0,2.2,189,1015.5,54,
2025-08-29 10:00:00,29.7,79,25.6,36.2,0.0,4.7,176,1015.3,13,555.0,29.0,81,25.4,35.6,0.0,2.9,187,1015.4,48,
2025-08-29 11:00:00,30.6,76,25.8,38.1,0.0,5.4,188,1015.4,8,716.0,29.5,79,25.4,35.9,0.0,4.0,190,1015.1,40,
2025-08-29 12:00:00,31.3,69,24.9,38.5,0.0,7.4,247,1015.0,3,804.0,29.9,77,25.4,36.1,0.0,5.1,188,1014.7,33,
2025-08-29 13:00:00,32.2,65,24.7,39.4,0.0,7.5,253,1014.4,2,846.0,30.3,76,25.6,36.5,0.0,5.9,191,1014.3,25,
2025-08-29 14:00:00,32.9,62,24.7,39.9,0.0,7.5,253,1014.1,5,804.0,30.5,75,25.5,36.6,0.0,6.6,189,1014.0,18,
2025-08-29 15:00:00,33.9,59,24.7,39.9,0.0,9.0,275,1013.6,7,691.0,30.6,75,25.6,36.7,0.0,6.9,189,1013.9,13,
2025-08-29 16:00:00,33.5,61,24.9,38.5,0.0,10.9,278,1013.6,5,530.0,30.4,76,25.7,36.6,0.0,6.9,189,1014.0,9,
2025-08-29 17:00:00,32.9,63,24.9,38.2,0.0,9.9,280,1013.6,4,353.0,30.1,77,25.6,36.3,0.0,6.6,189,1014.2,5,
2025-08-29 18:00:00,31.6,66,24.5,36.6,0.0,9.8,278,1013.7,8,162.0,29.7,80,25.9,36.2,0.0,5.9,191,1014.6,1,
2025-08-29 19:00:00,30.4,72,24.7,35.7,0.0,8.4,280,1014.3,8,21.0,29.3,82,25.9,35.9,0.0,4.7,189,1014.9,0,
2025-08-29 20:00:00,29.6,76,24.9,35.3,0.0,6.3,301,1014.9,13,0.0,28.8,84,25.8,35.5,0.0,4.0,190,1015.2,0,
2025-08-29 21:00:00,28.5,80,24.7,34.4,0.0,4.2,329,1015.3,20,0.0,28.4,86,25.8,35.2,0.0,3.3,186,1015.4,0,
2025-08-29 22:00:00,27.8,83,24.7,33.5,0.0,5.5,337,1015.4,16,0.0,28.1,88,25.9,35.0,0.0,2.5,180,1015.5,5,
2025-08-29 23:00:00,27.3,83,24.2,32.8,0.0,5.0,339,1015.8,15,0.0,27.7,90,25.9,34.8,0.0,1.5,166,1015.4,13,
2025-08-30 00:00:00,26.7,82,23.3,31.8,0.0,4.0,10,1015.8,7,0.0,27.3,92,25.9,34.5,0.0,0.8,117,1015.4,22,
2025-08-30 01:00:00,26.3,84,23.3,31.4,0.0,3.8,17,1015.5,8,0.0,27.0,94,25.9,34.1,0.0,1.6,63,1015.3,31,
2025-08-30 02:00:00,26.0,87,23.6,31.2,0.0,4.3,5,1015.3,6,0.0,26.8,95,25.9,33.8,0.0,2.3,51,1015.3,38,
2025-08-30 03:00:00,25.9,92,24.5,31.5,0.0,5.2,12,1015.4,14,0.0,26.7,95,25.8,33.6,0.0,2.5,45,1015.3,41,
2025-08-30 04:00:00,25.8,94,24.7,31.6,0.0,5.0,30,1015.4,19,0.0,26.9,94,25.8,33.8,0.4,2.3,51,1015.4,39,
2025-08-30 05:00:00,25.8,95,24.9,31.7,0.0,5.1,45,1015.6,35,0.0,27.1,93,25.9,34.2,0.4,1.8,53,1015.7,32,
2025-08-30 06:00:00,25.8,96,25.1,32.1,0.0,3.2,90,1016.0,38,0.0,27.5,91,25.9,34.7,0.4,1.4,90,1015.9,24,
2025-08-30 07:00:00,26.5,95,25.6,33.0,0.0,4.1,38,1016.1,32,44.0,28.0,88,25.8,35.0,0.4,1.5,135,1016.1,15,
2025-08-30 08:00:00,27.6,90,25.8,34.5,0.0,2.1,59,1016.2,32,150.0,28.4,86,25.8,35.4,0.4,1.9,158,1016.3,8,
2025-08-30 09:00:00,28.4,88,26.2,35.4,0.0,3.9,68,1015.9,25,259.0,28.8,84,25.8,35.7,0.4,2.5,172,1016.2,4,
2025-08-30 10:00:00,29.6,82,26.2,36.4,0.0,4.7,122,1015.4,21,454.0,29.2,82,25.8,36.1,0.0,2.9,180,1015.9,4,
2025-08-30 11:00:00,30.2,80,26.4,37.1,0.1,6.8,148,1015.3,20,580.0,29.7,80,25.8,36.5,0.0,3.3,186,1015.4,6,
2025-08-30 12:00:00,31.0,76,26.3,38.2,0.0,8.4,140,1014.8,10,684.0,30.1,78,25.9,36.9,0.0,3.7,191,1014.8,10,
2025-08-30 13:00:00,31.4,75,26.4,39.1,0.0,8.6,147,1014.2,6,764.0,30.5,76,25.8,37.1,0.0,3.8,197,1014.2,14,
2025-08-30 14:00:00,31.5,74,26.3,38.8,0.0,8.0,162,1013.8,27,696.0,30.7,75,25.8,37.4,0.0,3.9,202,1013.7,18,
2025-08-30 15:00:00,31.7,71,25.8,38.2,0.0,6.6,158,1013.2,25,593.0,30.8,75,25.8,37.5,0.0,3.7,209,1013.4,22,
2025-08-30 16:00:00,31.7,69,25.3,38.1,0.0,3.5,156,1013.0,27,444.0,30.6,77,26.1,37.5,0.1,3.6,217,1013.4,25,
2025-08-30 17:00:00,31.3,71,25.4,37.8,0.0,3.6,233,1012.9,14,286.0,30.2,79,26.1,37.2,0.1,2.8,230,1013.5,29,
2025-08-30 18:00:00,30.5,78,26.2,36.9,0.1,7.7,349,1013.2,30,127.0,29.6,83,26.4,37.0,0.1,2.4,243,1013.7,33,
2025-08-30 19:00:00,29.3,82,25.9,35.5,0.0,7.2,6,1013.5,34,14.0,29.1,87,26.7,36.6,0.1,2.5,270,1014.0,36,
2025-08-30 20:00:00,28.8,83,25.6,35.0,0.0,5.8,4,1013.9,52,0.0,28.5,90,26.7,36.1,0.1,2.3,288,1014.2,39,
2025-08-30 21:00:00,28.2,85,25.4,34.8,0.0,3.2,360,1014.1,21,0.0,28.1,93,26.8,35.7,0.1,2.6,304,1014.3,41,
2025-08-30 22:00:00,27.7,87,25.3,34.3,0.0,2.8,50,1014.0,33,0.0,27.7,95,26.8,35.3,0.0,2.5,315,1014.2,41,
2025-08-30 23:00:00,27.4,89,25.4,34.1,0.0,2.4,63,1014.5,37,0.0,27.4,96,26.7,34.8,0.0,2.9,330,1014.0,40,
2025-08-31 00:00:00,27.3,90,25.5,33.6,0.0,4.8,42,1014.0,44,0.0,27.1,97,26.5,34.4,0.0,3.0,346,1013.8,39,
2025-08-31 01:00:00,26.8,91,25.2,32.9,0.0,5.1,39,1013.5,51,0.0,26.8,98,26.5,34.1,0.0,2.9,353,1013.5,37,
2025-08-31 02:00:00,26.6,92,25.2,32.6,0.0,5.6,45,1013.1,96,0.0,26.7,98,26.3,33.9,0.0,2.9,7,1013.3,36,
2025-08-31 03:00:00,26.7,92,25.3,32.9,0.0,5.1,51,1013.1,53,0.0,26.6,98,26.3,33.8,0.0,3.1,21,1013.2,37,
2025-08-31 04:00:00,26.5,93,25.2,32.4,0.0,6.6,45,1013.1,57,0.0,26.7,98,26.4,33.9,0.9,3.1,36,1013.2,40,
2025-08-31 05:00:00,26.3,93,25.1,32.0,0.0,7.4,51,1013.0,43,0.0,26.9,97,26.4,34.1,0.9,3.2,63,1013.3,43,
2025-08-31 06:00:00,26.7,91,25.1,32.4,0.0,7.1,60,1013.4,33,0.0,27.3,95,26.4,34.4,0.9,3.7,79,1013.4,48,
2025-08-31 07:00:00,27.0,89,25.0,32.7,0.0,7.4,61,1013.3,34,52.0,27.6,94,26.5,34.6,0.9,4.7,94,1013.5,53,
2025-08-31 08:00:00,28.0,85,25.3,33.7,0.0,8.5,78,1013.3,30,154.0,27.9,92,26.5,34.8,0.9,5.6,105,1013.5,57,
2025-08-31 09:00:00,29.8,75,24.9,35.0,0.0,9.3,106,1013.1,10,285.0,28.2,90,26.4,35.0,0.9,6.5,109,1013.4,61,
2025-08-31 10:00:00,30.4,73,25.0,35.5,0.0,11.0,109,1012.8,15,529.0,28.5,87,26.1,34.9,0.0,7.3,110,1013.2,64,
2025-08-31 11:00:00,30.6,73,25.2,36.2,0.0,11.8,110,1012.7,19,639.0,28.8,84,25.8,35.0,0.0,7.9,114,1012.8,68,
2025-08-31 12:00:00,30.5,75,25.6,36.4,0.0,10.5,112,1012.4,78,606.0,29.1,81,25.5,35.0,0.0,8.4,115,1012.3,71,
2025-08-31 13:00:00,30.6,77,26.1,36.4,0.0,10.8,105,1012.1,64,468.0,29.4,77,24.9,34.8,0.0,8.7,114,1011.9,73,
2025-08-31 14:00:00,30.6,76,25.8,36.2,0.0,11.4,101,1011.8,36,429.0,29.5,75,24.6,34.7,0.0,8.9,117,1011.5,74,
2025-08-31 15:00:00,30.5,78,26.2,36.6,0.0,10.1,107,1011.1,37,341.0,29.6,74,24.4,34.6,0.0,9.3,118,1011.2,73,
2025-08-31 16:00:00,30.4,78,26.1,36.4,0.0,10.2,108,1010.8,43,278.0,29.5,75,24.6,34.5,0.4,9.8,118,1011.0,69,
2025-08-31 17:00:00,30.3,79,26.3,36.5,0.0,9.2,111,1010.6,30,204.0,29.2,78,25.0,34.4,0.4,10.5,121,1011.0,61,
2025-08-31 18:00:00,28.0,89,26.0,34.5,0.0,6.2,69,1010.7,64,105.0,28.9,81,25.3,34.3,0.4,11.0,122,1011.0,53,
2025-08-31 19:00:00,28.6,84,25.6,34.6,0.0,8.3,124,1010.6,48,5.0,28.6,85,25.8,34.2,0.4,11.5,122,1011.0,44,
2025-08-31 20:00:00,28.5,84,25.5,34.5,0.0,7.8,112,1010.5,51,0.0,28.2,88,26.0,34.0,0.4,11.2,123,1010.9,37,
2025-08-31 21:00:00,28.2,86,25.6,34.3,0.0,6.6,81,1010.2,72,0.0,28.0,90,26.2,33.9,0.4,10.9,124,1010.9,34,
2025-08-31 22:00:00,27.8,88,25.6,34.4,0.0,3.3,103,1010.5,68,0.0,27.7,91,26.1,33.8,1.4,9.6,124,1010.8,35,
2025-08-31 23:00:00,28.3,85,25.5,34.0,0.0,9.5,155,1010.6,39,0.0,27.4,91,25.8,33.6,1.4,7.2,127,1010.7,41,
2025-09-01 00:00:00,26.7,93,25.4,32.7,0.0,6.9,276,1011.0,100,0.0,27.2,92,25.7,33.7,1.4,4.6,129,1010.5,48,
2025-09-01 01:00:00,26.4,94,25.3,32.8,0.2,3.6,360,1010.3,27,0.0,27.0,91,25.4,33.6,1.4,2.0,135,1010.4,54,
2025-09-01 02:00:00,26.8,90,25.0,32.6,0.0,6.9,219,1010.3,40,0.0,26.8,91,25.2,33.6,1.4,0.8,207,1010.3,59,
2025-09-01 03:00:00,27.3,87,25.0,32.7,0.0,9.3,216,1010.4,55,0.0,26.8,90,25.0,33.4,1.4,1.1,270,1010.3,59,
2025-09-01 04:00:00,27.4,85,24.7,32.6,0.3,9.4,198,1010.1,40,0.0,27.0,89,25.0,33.6,0.1,0.7,270,1010.4,54,
2025-09-01 05:00:00,27.5,84,24.5,32.5,0.0,9.2,191,1009.8,37,0.0,27.2,88,25.1,33.9,0.1,0.4,180,1010.7,44,
2025-09-01 06:00:00,27.6,84,24.6,32.8,0.0,8.7,197,1010.4,32,0.0,27.6,86,25.0,34.0,0.1,1.8,127,1010.9,32,
2025-09-01 07:00:00,28.2,83,25.0,33.7,0.0,8.6,182,1010.6,17,52.0,28.0,85,25.2,34.3,0.1,3.7,119,1011.2,20,
2025-09-01 08:00:00,29.2,78,25.0,34.6,0.0,9.0,185,1010.8,23,190.0,28.4,83,25.2,34.4,0.1,5.5,122,1011.4,10,
2025-09-01 09:00:00,28.8,82,25.4,34.3,0.0,10.2,188,1011.0,29,328.0,28.7,82,25.3,34.6,0.1,6.8,122,1011.4,4,
2025-09-01 10:00:00,30.0,77,25.5,35.6,0.1,9.8,174,1011.0,29,445.0,29.0,81,25.4,34.8,0.0,8.0,126,1011.2,3,
2025-09-01 11:00:00,30.4,75,25.5,36.2,0.1,8.9,153,1010.8,30,549.0,29.3,79,25.2,34.8,0.0,9.2,129,1010.9,6,
2025-09-01 12:00:00,30.7,73,25.3,36.8,0.0,8.1,135,1010.8,31,608.0,29.6,78,25.3,35.0,0.0,10.4,134,1010.4,11,
2025-09-01 13:00:00,31.2,72,25.6,37.1,0.0,11.0,113,1010.0,24,620.0,29.8,77,25.3,35.1,0.0,11.5,136,1010.0,16,
2025-09-01 14:00:00,31.2,74,26.0,36.9,0.0,13.4,104,1009.5,25,612.0,30.0,76,25.3,35.1,0.0,12.2,137,1009.6,22,
2025-09-01 15:00:00,31.1,74,25.9,36.4,0.0,13.5,115,1009.2,33,513.0,30.0,76,25.3,35.1,0.0,12.5,139,1009.4,26,
2025-09-01 16:00:00,30.9,74,25.7,36.4,0.0,11.6,120,1008.9,34,349.0,29.9,77,25.4,35.1,0.2,12.0,139,1009.4,29,
2025-09-01 17:00:00,30.9,74,25.7,36.5,0.0,10.7,123,1008.6,36,227.0,29.6,78,25.4,35.0,0.2,11.2,138,1009.5,33,
2025-09-01 18:00:00,30.6,73,25.2,36.6,0.0,6.2,144,1008.5,23,103.0,29.2,80,25.4,34.8,0.2,9.9,136,1009.6,36,
2025-09-01 19:00:00,30.3,74,25.1,35.8,0.0,8.8,161,1008.7,22,14.0,28.8,82,25.4,34.6,0.2,8.4,133,1009.8,38,
2025-09-01 20:00:00,30.0,76,25.3,35.6,0.0,8.4,160,1008.9,30,0.0,28.4,84,25.4,34.4,0.2,7.1,131,1010.0,41,
2025-09-01 21:00:00,29.2,82,25.8,35.9,0.0,4.4,235,1009.5,49,0.0,28.1,86,25.5,34.3,0.2,6.1,130,1010.1,43,
2025-09-01 22:00:00,28.1,86,25.5,34.6,0.1,4.5,299,1009.7,43,0.0,27.8,87,25.4,34.1,0.3,5.4,127,1010.1,44,
2025-09-01 23:00:00,27.9,86,25.4,34.5,0.0,2.5,278,1009.9,38,0.0,27.5,88,25.3,33.8,0.3,4.9,126,1010.0,44,
2025-09-02 00:00:00,28.2,82,24.8,33.6,0.0,8.7,222,1010.1,35,0.0,27.3,90,25.5,33.6,0.3,4.7,122,1010.0,44,
2025-09-02 01:00:00,28.3,81,24.7,33.6,0.0,7.9,204,1010.0,37,0.0,27.0,90,25.2,33.3,0.3,4.2,121,1009.9,44,
2025-09-02 02:00:00,28.2,82,24.8,33.7,0.0,7.3,191,1009.8,37,0.0,26.9,91,25.3,33.2,0.3,4.0,117,1009.9,45,
2025-09-02 03:00:00,28.1,81,24.5,33.1,0.0,9.5,209,1009.5,27,0.0,26.8,91,25.2,33.1,0.3,3.7,119,1009.9,47,
2025-09-02 04:00:00,28.0,82,24.6,33.4,0.0,7.4,194,1009.8,27,0.0,26.8,91,25.2,33.1,0.2,3.4,122,1010.1,52,
2025-09-02 05:00:00,27.7,83,24.6,33.1,0.0,7.2,177,1009.4,13,0.0,26.9,90,25.1,33.3,0.2,3.1,126,1010.4,60,
2025-09-02 06:00:00,27.4,82,24.0,32.4,0.0,7.2,217,1009.8,14,0.0,27.1,89,25.1,33.5,0.2,2.8,140,1010.7,68,
2025-09-02 07:00:00,27.9,80,24.1,33.2,0.0,5.9,218,1010.7,18,58.0,27.3,88,25.1,33.8,0.2,2.6,146,1011.0,76,
2025-09-02 08:00:00,29.0,75,24.1,34.1,0.0,7.2,177,1010.6,9,212.0,27.6,86,25.0,34.0,0.2,2.4,153,1011.3,82,
2025-09-02 09:00:00,29.3,73,23.9,33.7,0.0,10.9,197,1010.7,24,410.0,27.8,85,25.1,34.3,0.2,2.2,171,1011.3,84,
2025-09-02 10:00:00,29.5,70,23.4,34.0,0.0,8.1,212,1010.9,53,428.0,28.2,83,25.0,34.6,0.1,1.8,191,1011.1,82,
2025-09-02 11:00:00,30.0,68,23.5,34.9,0.0,5.7,198,1010.5,73,467.0,28.6,81,25.0,35.0,0.1,2.0,225,1010.7,76,
2025-09-02 12:00:00,30.9,66,23.8,36.2,0.0,7.2,207,1010.5,46,609.0,29.1,79,25.0,35.5,0.1,2.3,252,1010.2,68,
2025-09-02 13:00:00,31.6,63,23.7,38.4,0.0,3.4,212,1009.4,20,775.0,29.5,76,24.8,35.6,0.1,3.3,264,1009.7,60,
2025-09-02 14:00:00,31.8,61,23.3,37.9,0.0,2.5,180,1008.8,100,677.0,29.8,75,24.9,35.9,0.1,3.6,276,1009.4,52,
2025-09-02 15:00:00,31.3,63,23.4,36.7,0.0,2.3,321,1009.1,84,400.0,29.9,74,24.7,35.8,0.1,4.0,275,1009.2,46,
2025-09-02 16:00:00,32.0,60,23.2,36.7,0.0,5.9,308,1009.3,19,353.0,29.7,74,24.6,35.6,0.0,3.6,270,1009.3,42,
2025-09-02 17:00:00,31.6,60,22.9,35.7,0.0,8.6,303,1009.3,27,271.0,29.4,76,24.7,35.4,0.0,3.3,264,1009.6,39,
2025-09-02 18:00:00,30.3,65,22.9,34.4,0.0,9.0,323,1009.5,24,115.0,28.9,78,24.7,35.1,0.0,2.4,243,1010.0,36,
2025-09-02 19:00:00,29.2,69,22.9,34.0,0.0,4.1,345,1010.1,26,14.0,28.4,80,24.6,34.6,0.0,2.3,219,1010.5,34,
2025-09-02 20:00:00,28.4,72,22.8,33.3,0.0,2.9,360,1010.5,26,0.0,28.0,82,24.6,34.1,0.0,2.2,189,1010.9,32,
2025-09-02 21:00:00,27.6,71,21.9,32.1,0.0,2.2,360,1010.6,11,0.0,27.6,84,24.6,33.7,0.0,2.2,171,1011.1,31,
2025-09-02 22:00:00,26.9,75,22.1,31.3,0.0,4.0,5,1010.5,9,0.0,27.2,86,24.7,33.5,0.0,1.8,143,1011.2,31,
2025-09-02 23:00:00,26.4,76,21.8,30.6,0.0,4.3,24,1010.6,20,0.0,26.9,87,24.5,33.0,0.0,1.9,112,1011.2,33,
2025-09-03 00:00:00,25.9,82,22.6,30.4,0.0,4.9,36,1011.3,18,0.0,26.6,89,24.6,32.7,0.0,2.3,72,1011.1,35,
2025-09-03 01:00:00,25.6,85,22.9,30.0,0.0,7.1,24,1011.3,32,0.0,26.3,90,24.5,32.3,0.0,3.4,58,1011.0,37,
2025-09-03 02:00:00,25.5,87,23.2,30.1,0.0,6.9,43,1011.0,23,0.0,26.2,91,24.6,32.0,0.0,4.3,48,1011.0,37,
2025-09-03 03:00:00,25.4,87,23.1,30.1,0.0,6.0,57,1011.3,16,0.0,26.2,91,24.6,31.9,0.0,5.1,51,1011.0,36,
2025-09-03 04:00:00,25.6,89,23.6,30.5,0.0,6.4,74,1011.2,23,0.0,26.4,90,24.6,32.1,0.0,5.5,58,1011.1,32,
2025-09-03 05:00:00,25.5,91,23.9,30.5,0.0,6.9,47,1011.0,17,0.0,26.8,88,24.7,32.5,0.0,5.7,72,1011.3,25,
2025-09-03 06:00:00,25.0,88,22.8,29.3,0.0,7.0,35,1011.2,17,0.0,27.4,85,24.6,33.0,0.0,6.2,83,1011.5,17,
2025-09-03 07:00:00,25.5,86,22.9,30.0,0.0,6.1,40,1011.5,17,54.0,27.9,83,24.8,33.5,0.0,6.5,96,1011.7,10,
2025-09-03 08:00:00,27.1,81,23.6,32.1,0.0,5.6,50,1011.2,17,197.0,28.4,81,24.8,34.0,0.0,7.0,102,1011.8,4,
2025-09-03 09:00:00,29.2,72,23.6,34.1,0.0,6.3,66,1011.5,6,361.0,28.8,79,24.8,34.4,0.0,7.2,108,1011.7,1,
2025-09-03 10:00:00,29.8,75,24.9,34.7,0.0,12.9,108,1011.3,6,572.0,29.1,78,24.9,34.8,0.0,6.8,108,1011.4,2,
2025-09-03 11:00:00,30.2,75,25.2,35.9,0.0,13.7,108,1011.0,4,696.0,29.4,78,25.1,35.4,0.0,5.6,105,1011.0,5,
2025-09-03 12:00:00,30.4,75,25.5,36.8,0.0,13.4,114,1011.0,10,783.0,29.6,78,25.3,35.9,0.0,4.0,100,1010.5,11,
2025-09-03 13:00:00,30.7,73,25.3,36.9,0.0,10.7,123,1010.3,85,697.0,29.7,78,25.5,36.3,0.0,2.9,97,1009.9,16,
2025-09-03 14:00:00,30.8,74,25.6,36.5,0.0,11.5,134,1009.6,62,603.0,29.8,79,25.7,36.7,0.0,1.8,79,1009.5,22,
2025-09-03 15:00:00,31.2,71,25.3,36.6,0.0,10.0,120,1009.1,5,519.0,29.8,79,25.7,36.8,0.0,1.5,76,1009.3,26,
2025-09-03 16:00:00,31.1,69,24.8,36.4,0.0,8.6,112,1008.9,32,489.0,29.7,80,25.8,36.7,0.2,1.4,90,1009.4,29,
2025-09-03 17:00:00,30.8,70,24.7,36.0,0.0,9.1,108,1009.0,15,322.0,29.4,80,25.6,36.2,0.2,2.4,117,1009.6,31,
2025-09-03 18:00:00,30.1,72,24.5,35.5,0.0,6.8,93,1009.4,34,127.0,29.1,81,25.5,35.6,0.2,3.8,131,1010.0,33,
2025-09-03 19:00:00,29.4,75,24.5,35.0,0.0,5.2,78,1009.9,40,9.0,28.8,82,25.4,35.0,0.2,5.4,132,1010.3,34,
2025-09-03 20:00:00,28.8,79,24.8,34.8,0.0,4.4,81,1010.4,43,0.0,28.5,83,25.3,34.4,0.2,6.6,135,1010.7,36,
2025-09-03 21:00:00,28.0,84,25.1,34.1,0.0,4.7,58,1010.6,41,0.0,28.2,84,25.2,33.9,0.2,7.7,131,1010.8,38,
2025-09-03 22:00:00,27.7,85,24.9,33.5,0.0,5.8,83,1010.4,41,0.0,27.9,85,25.2,33.5,0.1,8.5,126,1010.8,40,
2025-09-03 23:00:00,27.8,83,24.6,33.3,0.0,6.2,97,1010.4,36,0.0,27.6,86,25.1,33.0,0.1,9.2,121,1010.6,42,
2025-09-04 00:00:00,28.0,80,24.2,32.6,0.0,11.1,119,1010.3,60,0.0,27.4,87,25.0,32.7,0.1,9.8,114,1010.3,44,
2025-09-04 01:00:00,27.8,81,24.2,32.5,0.0,10.0,120,1009.8,28,0.0,27.1,88,25.0,32.2,0.1,10.9,107,1010.1,46,
2025-09-04 02:00:00,27.6,81,24.1,32.1,0.0,11.2,123,1009.6,25,0.0,27.0,88,24.8,31.8,0.1,11.9,104,1009.8,49,
2025-09-04 03:00:00,27.6,79,23.6,31.5,0.0,13.0,132,1009.7,35,0.0,26.9,88,24.8,31.7,0.1,12.5,102,1009.7,53,
2025-09-04 04:00:00,27.4,80,23.7,31.7,0.0,10.8,111,1009.6,19,0.0,27.0,87,24.7,31.6,0.1,13.2,101,1009.7,58,
2025-09-04 05:00:00,27.4,81,23.9,31.7,0.0,11.7,108,1009.5,73,0.0,27.3,84,24.3,31.5,0.1,14.0,102,1009.7,64,
2025-09-04 06:00:00,27.6,79,23.6,31.1,0.0,16.2,107,1009.3,19,0.0,27.6,82,24.3,31.8,0.1,14.4,103,1009.8,71,
2025-09-04 07:00:00,28.0,78,23.8,31.6,0.0,16.3,104,1009.4,34,38.0,28.0,79,24.0,31.9,0.1,14.9,105,1009.9,78,
2025-09-04 08:00:00,28.2,79,24.2,31.7,0.0,18.1,103,1009.2,80,90.0,28.3,77,23.8,32.0,0.1,15.4,106,1009.8,84,
2025-09-04 09:00:00,28.2,78,24.0,31.3,0.0,20.1,111,1009.3,100,79.0,28.5,75,23.6,32.1,0.1,15.8,107,1009.7,89,
2025-09-04 10:00:00,28.3,79,24.3,31.8,0.0,19.0,115,1008.9,100,164.0,28.7,74,23.6,32.2,0.0,15.9,108,1009.4,92,
2025-09-04 11:00:00,28.1,80,24.3,31.9,0.0,16.7,104,1008.4,100,141.0,28.9,74,23.8,32.5,0.0,16.2,111,1008.9,95,
2025-09-04 12:00:00,28.1,81,24.5,32.3,0.0,15.3,105,1008.6,100,139.0,29.0,74,23.9,32.6,0.0,16.6,114,1008.4,97,
2025-09-04 13:00:00,27.5,86,24.9,32.2,0.3,13.4,82,1007.2,52,133.0,29.1,74,24.0,32.7,0.0,16.4,116,1007.9,99,
2025-09-04 14:00:00,27.8,83,24.7,31.9,0.1,16.6,90,1007.4,95,143.0,29.1,75,24.2,32.9,0.0,16.4,116,1007.4,99,
2025-09-04 15:00:00,26.8,86,24.3,31.0,1.0,14.1,84,1006.7,100,69.0,29.0,75,24.1,32.8,0.0,15.8,114,1007.0,100,
2025-09-04 16:00:00,26.5,88,24.3,30.8,1.2,13.1,82,1006.4,100,55.0,28.7,76,24.1,32.6,0.7,15.1,108,1006.7,100,
2025-09-04 17:00:00,26.1,91,24.5,30.6,1.1,12.6,63,1005.3,100,33.0,28.4,77,23.9,32.3,0.7,14.6,99,1006.5,99,
2025-09-04 18:00:00,25.9,91,24.3,30.1,0.4,14.6,81,1006.0,100,21.0,28.0,78,23.8,31.8,0.7,14.4,86,1006.3,98,
2025-09-04 19:00:00,25.5,93,24.2,29.7,1.7,13.9,25,1005.9,100,1.0,27.5,79,23.5,31.2,0.7,14.9,75,1006.1,96,
2025-09-04 20:00:00,25.4,91,23.8,29.5,1.4,12.6,13,1006.1,100,0.0,27.1,80,23.4,30.6,0.7,15.3,63,1005.9,95,
2025-09-04 21:00:00,25.5,89,23.6,29.3,0.8,13.7,55,1005.7,100,0.0,26.9,81,23.3,30.4,0.7,15.0,55,1005.7,94,
2025-09-04 22:00:00,25.6,87,23.2,29.9,0.0,9.0,2,1005.4,100,0.0,26.7,81,23.2,30.3,0.3,14.0,46,1005.3,94,
2025-09-04 23:00:00,25.2,88,23.0,29.2,0.0,9.8,352,1005.2,100,0.0,26.6,81,23.1,30.4,0.3,11.9,35,1004.8,96,
2025-09-05 00:00:00,25.3,87,23.0,29.3,0.1,10.0,334,1004.7,100,0.0,26.6,80,22.9,30.6,0.3,10.1,17,1004.3,98,
2025-09-05 01:00:00,25.6,88,23.4,29.9,0.0,9.8,324,1003.9,93,0.0,26.6,80,22.9,30.7,0.3,9.4,356,1003.9,99,
2025-09-05 02:00:00,25.2,91,23.6,30.2,0.0,5.4,312,1004.3,94,0.0,26.7,79,22.8,30.6,0.3,9.8,336,1003.7,98,
2025-09-05 03:00:00,25.7,90,23.9,30.5,0.0,8.2,311,1004.5,55,0.0,26.9,79,22.9,30.7,0.3,11.1,324,1003.7,94,
2025-09-05 04:00:00,25.8,90,24.0,30.2,0.0,12.2,294,1004.9,18,0.0,27.1,79,23.2,30.9,0.0,12.0,319,1004.1,86,
2025-09-05 05:00:00,26.0,89,24.1,30.5,0.0,11.5,314,1005.5,26,0.0,27.4,79,23.4,31.3,0.0,12.7,315,1004.9,74,
2025-09-05 06:00:00,26.1,88,23.9,30.6,0.0,10.7,303,1006.2,22,0.0,27.8,79,23.8,31.9,0.0,12.7,313,1005.8,60,
2025-09-05 07:00:00,26.8,87,24.4,31.5,0.0,11.1,306,1006.8,24,52.0,28.2,79,24.2,32.5,0.0,13.0,312,1006.7,46,
2025-09-05 08:00:00,28.0,82,24.6,33.1,0.0,9.9,314,1007.1,24,179.0,28.6,79,24.6,33.1,0.0,13.3,311,1007.6,35,
2025-09-05 09:00:00,29.1,79,25.0,34.1,0.0,11.6,306,1008.2,24,332.0,28.9,78,24.7,33.5,0.0,13.0,309,1008.1,28,
2025-09-05 10:00:00,30.1,74,25.0,35.2,0.0,11.2,318,1008.1,23,441.0,29.3,77,24.9,34.1,0.0,12.8,308,1008.3,27,
2025-09-05 11:00:00,31.0,70,24.8,35.9,0.1,11.6,324,1008.0,26,540.0,29.7,75,24.8,34.5,0.0,12.6,307,1008.3,30,
2025-09-05 12:00:00,31.0,71,25.1,36.0,0.1,12.3,322,1008.3,29,545.0,30.2,73,24.8,35.0,0.0,12.2,304,1008.1,35,
2025-09-05 13:00:00,31.4,69,25.0,36.3,0.0,12.3,345,1008.3,38,544.0,30.5,71,24.7,35.3,0.0,11.7,304,1008.0,41,
2025-09-05 14:00:00,31.6,66,24.5,36.0,0.0,13.6,348,1008.1,29,531.0,30.8,70,24.7,35.7,0.0,10.9,304,1007.9,45,
2025-09-05 15:00:00,31.3,67,24.4,35.6,0.0,13.5,344,1008.1,29,514.0,30.8,70,24.7,35.7,0.0,10.6,305,1008.0,45,
2025-09-05 16:00:00,31.1,68,24.5,35.6,0.0,12.5,348,1008.5,32,366.0,30.5,71,24.7,35.5,0.0,10.2,309,1008.4,41,
2025-09-05 17:00:00,30.4,70,24.3,35.0,0.0,11.7,349,1008.8,31,236.0,30.1,73,24.7,35.1,0.0,10.2,315,1008.9,33,
2025-09-05 18:00:00,29.3,77,24.9,34.3,0.0,11.2,345,1009.4,36,97.0,29.5,75,24.6,34.5,0.0,10.0,322,1009.6,24,
2025-09-05 19:00:00,28.4,82,25.0,33.6,0.0,10.0,345,1010.2,40,9.0,28.9,77,24.4,33.8,0.0,10.0,330,1010.2,14,
2025-09-05 20:00:00,27.8,83,24.6,32.9,0.0,9.0,344,1010.8,28,0.0,28.2,80,24.4,33.1,0.0,10.3,335,1010.8,6,
2025-09-05 21:00:00,27.0,87,24.6,32.4,0.0,7.4,346,1011.2,9,0.0,27.7,82,24.3,32.5,0.0,10.0,339,1011.1,0,
2025-09-05 22:00:00,26.6,88,24.4,32.1,0.0,5.9,346,1010.9,8,0.0,27.2,84,24.2,32.0,0.0,9.4,342,1011.2,0,
2025-09-05 23:00:00,26.2,89,24.3,31.8,0.0,4.7,328,1011.1,6,0.0,26.6,87,24.2,31.5,0.0,8.7,343,1011.1,0,
2025-09-06 00:00:00,25.5,92,24.1,30.8,0.0,5.9,308,1010.8,4,0.0,26.0,89,24.1,31.1,0.0,7.5,343,1010.9,0,
2025-09-06 01:00:00,25.2,94,24.1,30.4,0.0,6.2,306,1010.5,4,0.0,25.6,91,24.0,30.7,0.0,6.7,344,1010.6,0,
2025-09-06 02:00:00,25.0,95,24.1,30.1,0.0,6.9,317,1010.5,3,0.0,25.2,93,24.0,30.5,0.0,5.7,342,1010.5,0,
2025-09-06 03:00:00,24.7,96,24.0,29.8,0.0,7.4,331,1010.6,4,0.0,25.1,93,23.9,30.5,0.0,4.6,342,1010.4,0,
2025-09-06 04:00:00,24.5,95,23.7,29.4,0.0,6.8,342,1010.9,4,0.0,25.3,92,23.9,30.7,0.0,3.9,338,1010.5,0,
2025-09-06 05:00:00,24.3,95,23.5,29.3,0.0,5.4,352,1011.2,4,0.0,25.7,90,23.9,31.3,0.0,2.9,330,1010.7,0,
2025-09-06 06:00:00,24.4,96,23.7,29.5,0.0,5.4,352,1011.3,6,0.0,26.2,87,23.9,31.9,0.0,2.3,321,1011.0,0,
2025-09-06 07:00:00,25.1,94,24.1,30.8,0.0,3.3,6,1011.2,22,58.0,26.9,84,23.9,32.7,0.0,1.8,307,1011.2,0,
2025-09-06 08:00:00,26.7,87,24.3,32.8,0.0,1.3,34,1011.1,23,211.0,27.5,81,23.9,33.3,0.0,1.4,270,1011.4,0,
2025-09-06 09:00:00,28.3,79,24.3,34.5,0.0,1.0,135,1011.1,10,378.0,28.0,78,23.8,33.7,0.0,1.9,248,1011.4,0,
2025-09-06 10:00:00,29.6,73,24.2,35.4,0.0,4.1,218,1011.1,18,584.0,28.6,76,23.9,34.2,0.0,2.8,230,1011.2,4,
2025-09-06 11:00:00,30.3,72,24.6,36.5,0.0,7.6,225,1011.1,10,697.0,29.2,73,23.8,34.5,0.0,4.3,222,1010.8,11,
2025-09-06 12:00:00,31.1,68,24.5,37.8,0.0,8.1,238,1010.5,3,793.0,29.8,70,23.7,34.8,0.0,5.7,215,1010.3,18,
2025-09-06 13:00:00,32.0,64,24.3,38.7,0.0,8.2,255,1009.9,3,821.0,30.3,68,23.7,35.2,0.0,7.0,215,1009.8,26,
2025-09-06 14:00:00,32.9,60,24.1,38.9,0.0,9.8,278,1009.4,3,777.0,30.7,67,23.8,35.5,0.0,8.0,216,1009.4,31,
2025-09-06 15:00:00,32.9,58,23.5,38.2,0.0,7.6,267,1009.2,8,664.0,30.8,66,23.7,35.5,0.0,8.2,218,1009.2,34,
2025-09-06 16:00:00,32.4,62,24.2,37.0,0.0,11.2,264,1009.0,20,479.0,30.6,66,23.5,35.3,0.0,7.6,225,1009.3,33,
2025-09-06 17:00:00,31.6,63,23.7,35.5,0.0,13.8,285,1009.3,29,279.0,30.2,68,23.6,35.1,0.0,6.3,239,1009.6,30,
2025-09-06 18:00:00,30.3,66,23.2,34.2,0.0,11.6,296,1009.4,33,103.0,29.6,70,23.5,34.5,0.0,5.8,263,1010.0,26,
2025-09-06 19:00:00,29.5,69,23.2,33.7,0.0,9.4,288,1010.0,29,8.0,28.9,72,23.4,33.7,0.0,6.0,287,1010.4,21,
2025-09-06 20:00:00,28.9,73,23.6,33.7,0.0,7.4,284,1010.3,17,0.0,28.3,74,23.2,32.9,0.0,7.1,300,1010.7,16,
2025-09-06 21:00:00,28.3,75,23.5,33.3,0.0,5.4,270,1011.0,26,0.0,27.9,76,23.3,32.5,0.0,7.5,305,1010.8,12,
2025-09-06 22:00:00,27.9,79,23.9,32.9,0.0,6.5,251,1010.7,5,0.0,27.7,78,23.5,32.4,0.0,7.3,303,1010.6,8,
2025-09-06 23:00:00,27.5,84,24.5,32.8,0.0,7.1,240,1010.7,2,0.0,27.5,79,23.5,32.3,0.0,6.8,288,1010.3,4,
2025-09-07 00:00:00,27.8,84,24.8,33.1,0.0,8.7,222,1010.2,9,0.0,27.4,81,23.8,32.4,0.0,6.5,273,1009.9,0,
2025-09-07 01:00:00,27.6,86,25.1,33.0,0.0,9.7,219,1009.8,7,0.0,27.3,82,23.9,32.3,0.0,7.1,255,1009.4,0,
2025-09-07 02:00:00,27.3,86,24.8,32.5,0.0,9.7,225,1009.4,5,0.0,27.3,83,24.1,32.3,0.0,7.9,240,1009.1,0,
2025-09-07 03:00:00,27.2,84,24.3,31.9,0.0,10.9,224,1009.2,3,0.0,27.3,84,24.4,32.4,0.0,8.7,232,1008.9,0,
2025-09-07 04:00:00,27.0,84,24.0,31.6,0.0,10.0,232,1009.1,3,0.0,27.4,84,24.5,32.5,0.0,9.2,228,1009.0,9,
2025-09-07 05:00:00,26.9,84,24.0,31.4,0.0,10.9,224,1008.8,3,0.0,27.6,84,24.6,32.6,0.0,9.7,225,1009.2,22,
2025-09-07 06:00:00,27.2,83,24.1,31.3,0.0,13.8,223,1009.4,9,0.0,27.8,83,24.6,32.8,0.0,10.0,221,1009.6,38,
2025-09-07 07:00:00,27.7,83,24.5,32.1,0.0,13.5,224,1009.5,11,56.0,28.0,82,24.7,33.1,0.0,10.0,221,1010.0,54,
2025-09-07 08:00:00,28.6,80,24.8,33.1,0.0,13.8,229,1009.6,26,213.0,28.3,81,24.7,33.4,0.0,10.0,221,1010.2,67,
2025-09-07 09:00:00,29.3,77,24.9,34.2,0.0,12.3,230,1009.9,15,371.0,28.6,80,24.8,33.8,0.0,10.0,221,1010.3,74,
2025-09-07 10:00:00,30.3,72,24.7,34.9,0.0,13.3,237,1009.8,40,547.0,29.1,78,24.8,34.2,0.0,9.9,224,1010.1,75,
2025-09-07 11:00:00,31.2,68,24.6,36.0,0.0,12.2,246,1009.7,36,574.0,29.6,76,24.9,34.9,0.0,9.4,230,1009.7,71,
2025-09-07 12:00:00,31.9,65,24.5,36.6,0.0,11.5,250,1009.5,28,556.0,30.2,73,24.8,35.5,0.0,9.1,236,1009.3,64,
2025-09-07 13:00:00,32.6,62,24.3,38.2,0.0,9.1,261,1008.9,25,662.0,30.7,70,24.6,35.9,0.0,8.9,243,1008.8,56,
2025-09-07 14:00:00,33.3,58,23.9,38.4,0.0,10.7,290,1008.2,53,658.0,31.1,68,24.5,36.2,0.0,8.8,251,1008.4,50,
2025-09-07 15:00:00,32.4,62,24.2,36.7,0.0,13.4,294,1008.3,48,449.0,31.2,68,24.6,36.4,0.0,8.6,255,1008.3,47,
2025-09-07 16:00:00,31.3,68,24.6,35.6,0.0,15.1,298,1008.4,57,230.0,31.0,69,24.6,36.3,0.1,8.0,260,1008.4,49,
2025-09-07 17:00:00,30.8,69,24.5,35.2,0.0,13.4,294,1008.5,64,144.0,30.5,72,24.8,36.1,0.1,6.9,264,1008.8,53,
2025-09-07 18:00:00,30.3,70,24.2,35.0,0.0,10.7,282,1009.2,37,66.0,29.8,75,24.9,35.6,0.1,6.1,270,1009.2,59,
2025-09-07 19:00:00,29.8,72,24.2,34.8,0.0,8.4,280,1009.4,26,6.0,29.1,79,25.1,35.2,0.1,5.1,274,1009.7,64,
2025-09-07 20:00:00,29.4,75,24.5,34.6,0.0,8.3,270,1010.1,27,0.0,28.5,82,25.1,34.6,0.1,4.4,279,1010.1,68,
2025-09-07 21:00:00,28.6,81,25.0,34.5,0.0,5.4,262,1010.1,22,0.0,28.0,84,25.1,34.2,0.1,4.0,280,1010.3,68,
2025-09-07 22:00:00,28.5,80,24.7,34.0,0.0,7.2,217,1009.7,13,0.0,27.8,85,25.0,33.9,0.0,4.3,275,1010.4,62,
2025-09-07 23:00:00,28.4,83,25.2,33.9,0.0,9.4,212,1009.8,18,0.0,27.6,86,25.0,33.6,0.0,5.1,266,1010.3,52,
2025-09-08 00:00:00,28.4,84,25.4,33.9,0.0,10.2,219,1009.9,33,0.0,27.5,86,25.0,33.3,0.0,6.3,257,1010.2,40,
2025-09-08 01:00:00,28.3,85,25.5,33.7,0.0,11.2,222,1009.5,31,0.0,27.5,87,25.1,33.2,0.0,7.2,252,1010.1,29,
2025-09-08 02:00:00,28.2,84,25.2,33.5,0.0,10.9,236,1009.7,23,0.0,27.4,87,25.1,33.0,0.0,8.4,250,1010.0,20,
2025-09-08 03:00:00,28.1,83,24.9,33.1,0.0,11.0,229,1009.8,26,0.0,27.4,87,25.0,32.8,0.0,8.9,249,1010.0,18,
2025-09-08 04:00:00,28.1,84,25.1,33.3,0.0,10.6,235,1010.3,25,0.0,27.3,87,25.0,32.7,1.6,8.9,249,1010.2,23,
2025-09-08 05:00:00,28.1,85,25.3,33.3,0.0,11.7,236,1010.5,60,0.0,27.2,88,25.1,32.8,1.6,8.4,250,1010.4,34,
2025-09-08 06:00:00,27.6,86,25.1,32.8,0.0,11.0,238,1010.6,29,0.0,27.2,88,25.0,32.8,1.6,7.5,253,1010.7,49,
2025-09-08 07:00:00,28.0,85,25.3,33.4,0.0,10.6,235,1010.8,30,30.0,27.2,89,25.2,33.0,1.6,7.0,258,1011.0,64,
2025-09-08 08:00:00,28.6,83,25.4,34.1,0.0,10.3,234,1010.7,74,119.0,27.2,88,25.1,33.0,1.6,6.5,264,1011.2,77,
2025-09-08 09:00:00,29.0,83,25.8,34.9,0.2,9.4,238,1010.8,26,154.0,27.3,88,25.1,33.3,1.6,6.1,270,1011.3,85,
2025-09-08 10:00:00,29.7,78,25.5,35.2,0.0,10.3,241,1010.7,53,314.0,27.6,87,25.2,33.5,0.7,6.2,277,1011.2,89,
2025-09-08 11:00:00,30.1,74,25.0,35.5,0.0,9.2,259,1010.6,56,246.0,28.0,85,25.2,33.8,0.7,7.0,282,1010.9,90,
2025-09-08 12:00:00,28.8,82,25.4,34.7,0.0,7.6,275,1010.7,95,219.0,28.4,83,25.2,34.2,0.7,7.6,289,1010.6,89,
2025-09-08 13:00:00,28.8,83,25.6,35.1,1.1,5.1,278,1010.1,91,161.0,28.8,81,25.2,34.5,0.7,8.2,293,1010.2,86,
2025-09-08 14:00:00,29.1,80,25.3,35.3,0.0,5.4,274,1009.9,64,140.0,29.1,79,25.1,34.6,0.7,8.7,294,1010.0,83,
2025-09-08 15:00:00,29.5,80,25.7,36.1,0.0,4.5,256,1009.6,66,229.0,29.3,78,25.0,34.7,0.7,8.9,297,1009.9,78,
2025-09-08 16:00:00,29.4,81,25.8,36.2,0.3,3.2,207,1009.6,48,218.0,29.2,78,24.9,34.6,0.0,8.5,298,1010.0,71,
2025-09-08 17:00:00,29.3,82,25.9,36.1,0.1,3.5,24,1009.2,44,177.0,28.9,79,24.9,34.4,0.0,7.6,295,1010.3,62,
2025-09-08 18:00:00,28.6,85,25.8,35.4,0.0,3.3,41,1009.6,46,79.0,28.5,80,24.7,34.2,0.0,6.3,294,1010.7,52,
2025-09-08 19:00:00,28.0,88,25.8,34.6,0.0,4.7,90,1010.1,41,5.0,28.1,81,24.5,33.7,0.0,5.4,290,1011.0,42,
2025-09-08 20:00:00,27.7,89,25.7,34.1,0.3,4.8,138,1010.6,43,0.0,27.7,83,24.5,33.5,0.0,4.1,285,1011.3,33,
2025-09-08 21:00:00,28.2,85,25.4,34.9,1.1,2.1,301,1011.3,26,0.0,27.4,84,24.4,33.2,0.0,3.3,283,1011.5,27,
2025-09-08 22:00:00,28.0,85,25.3,34.7,0.0,1.6,117,1011.1,32,0.0,27.1,86,24.6,33.2,0.1,2.6,286,1011.5,24,
2025-09-08 23:00:00,27.4,88,25.2,33.7,0.1,4.0,95,1011.2,39,0.0,26.8,87,24.5,32.9,0.1,1.9,292,1011.4,22,
2025-09-09 00:00:00,27.8,87,25.4,33.6,0.9,8.7,204,1010.9,32,0.0,26.6,89,24.6,32.9,0.1,1.3,304,1011.2,21,
2025-09-09 01:00:00,27.7,89,25.7,33.7,0.3,8.0,216,1010.9,34,0.0,26.4,91,24.8,32.8,0.1,1.1,342,1011.1,22,
2025-09-09 02:00:00,27.6,89,25.6,33.6,0.0,8.1,225,1010.6,37,0.0,26.3,92,24.9,32.8,0.1,1.1,360,1010.9,24,
2025-09-09 03:00:00,27.5,86,24.9,33.0,0.0,7.9,210,1010.8,35,0.0,26.3,93,25.0,32.9,0.1,0.8,27,1010.9,27,
2025-09-09 04:00:00,27.7,84,24.7,33.0,0.0,8.3,185,1010.6,32,0.0,26.4,93,25.2,33.2,0.1,0.4,90,1011.0,33,
2025-09-09 05:00:00,27.2,87,24.8,32.8,0.0,7.0,201,1010.6,38,0.0,26.7,92,25.3,33.4,0.1,1.1,180,1011.2,41,
2025-09-09 06:00:00,26.8,87,24.5,32.1,0.0,7.6,205,1011.0,27,0.0,27.0,91,25.4,33.6,0.1,2.2,189,1011.5,51,
2025-09-09 07:00:00,27.6,85,24.9,33.3,0.0,6.8,205,1011.0,31,45.0,27.4,90,25.6,34.0,0.1,3.3,193,1011.7,61,
2025-09-09 08:00:00,28.7,80,24.9,34.5,0.0,5.5,212,1011.1,35,171.0,27.8,88,25.6,34.2,0.1,4.5,194,1011.8,68,
2025-09-09 09:00:00,29.2,80,25.4,34.7,0.0,10.6,235,1011.8,32,306.0,28.1,86,25.5,34.5,0.1,5.0,201,1011.8,72,
2025-09-09 10:00:00,30.1,76,25.4,35.6,0.0,9.7,239,1011.8,23,455.0,28.5,83,25.3,34.7,0.2,5.3,208,1011.6,71,
2025-09-09 11:00:00,31.2,72,25.5,37.6,0.0,8.4,230,1011.3,10,653.0,29.1,80,25.3,35.2,0.2,5.1,219,1011.2,65,
2025-09-09 12:00:00,31.4,70,25.2,38.6,0.0,6.9,261,1011.0,18,769.0,29.6,77,25.1,35.6,0.2,5.4,233,1010.7,57,
2025-09-09 13:00:00,31.8,68,25.2,38.7,0.0,6.2,260,1010.0,30,704.0,30.1,73,24.7,35.8,0.2,5.5,247,1010.2,50,
2025-09-09 14:00:00,31.8,68,25.2,37.3,0.0,9.5,281,1009.4,24,553.0,30.4,71,24.5,35.9,0.2,5.9,256,1009.8,43,
2025-09-09 15:00:00,32.0,65,24.6,37.2,0.0,8.6,285,1009.2,14,561.0,30.5,70,24.4,35.9,0.2,6.2,263,1009.6,41,
2025-09-09 16:00:00,32.1,63,24.2,37.1,0.0,8.4,290,1009.0,29,456.0,30.3,71,24.4,35.7,0.0,6.1,270,1009.7,43,
2025-09-09 17:00:00,31.6,64,24.0,36.4,0.0,8.7,287,1009.2,48,251.0,29.9,73,24.5,35.4,0.0,6.2,277,1009.9,48,
2025-09-09 18:00:00,30.4,69,24.1,35.4,0.0,7.7,298,1010.0,29,84.0,29.3,76,24.6,35.0,0.0,5.5,281,1010.2,55,
2025-09-09 19:00:00,28.8,78,24.5,33.5,0.0,11.5,356,1010.8,69,6.0,28.7,80,24.9,34.6,0.0,5.4,290,1010.6,62,
2025-09-09 20:00:00,27.6,81,24.0,32.2,0.0,9.8,6,1011.5,37,0.0,28.2,83,25.0,34.2,0.0,4.5,299,1010.9,68,
2025-09-09 21:00:00,27.3,83,24.1,32.1,0.0,9.2,31,1011.2,38,0.0,27.7,85,25.0,33.9,0.0,3.6,307,1011.0,72,
2025-09-09 22:00:00,27.0,83,23.8,31.9,0.0,7.1,41,1011.2,74,0.0,27.4,86,24.8,33.7,1.3,2.1,329,1010.9,72,
2025-09-09 23:00:00,26.7,85,23.9,31.8,0.0,6.0,57,1011.2,62,0.0,27.1,87,24.7,33.3,1.3,2.1,59,1010.7,70,
2025-09-10 00:00:00,26.4,89,24.4,32.0,0.0,4.8,48,1010.9,89,0.0,26.8,88,24.7,32.6,1.3,4.7,90,1010.4,67,
2025-09-10 01:00:00,26.3,90,24.5,31.7,0.0,6.6,68,1010.4,88,0.0,26.6,88,24.5,31.9,1.3,7.6,98,1010.0,64,
2025-09-10 02:00:00,26.7,91,25.1,32.5,6.1,6.6,119,1009.8,98,0.0,26.4,89,24.5,31.4,1.3,9.5,101,1009.8,62,
2025-09-10 03:00:00,26.7,91,25.1,32.6,0.3,6.6,135,1009.5,74,0.0,26.2,89,24.3,31.0,1.3,10.0,103,1009.7,62,
2025-09-10 04:00:00,27.0,85,24.2,31.9,0.3,8.6,123,1009.7,63,0.0,26.1,89,24.1,31.0,4.3,8.5,102,1009.8,66,
2025-09-10 05:00:00,26.8,87,24.5,32.1,2.3,7.3,123,1009.7,61,0.0,25.9,90,24.1,31.3,4.3,4.7,99,1010.1,73,
2025-09-10 06:00:00,27.3,85,24.6,32.5,0.1,8.7,187,1009.3,80,0.0,25.8,90,24.0,31.7,4.3,0.8,63,1010.4,81,
2025-09-10 07:00:00,27.1,86,24.6,32.2,1.6,9.7,202,1010.0,88,7.0,25.7,90,23.9,31.1,4.3,3.9,292,1010.8,88,
2025-09-10 08:00:00,26.6,87,24.2,31.4,3.9,9.5,233,1010.4,96,20.0,25.7,90,23.9,30.7,4.3,7.2,288,1011.0,94,
2025-09-10 09:00:00,27.0,86,24.4,31.4,2.9,12.9,240,1010.9,73,70.0,25.7,89,23.8,30.4,4.3,8.9,284,1011.1,97,
2025-09-10 10:00:00,26.7,87,24.3,31.4,1.0,10.4,236,1010.9,85,103.0,26.0,88,23.8,30.7,0.6,8.4,280,1011.0,96,
2025-09-10 11:00:00,26.8,87,24.4,31.7,0.5,9.7,222,1010.9,67,135.0,26.3,86,23.8,31.3,0.6,6.8,267,1010.7,92,
2025-09-10 12:00:00,26.5,87,24.1,31.5,0.4,7.8,202,1011.0,98,241.0,26.8,84,23.8,32.1,0.6,4.8,243,1010.3,86,
2025-09-10 13:00:00,26.8,85,24.1,31.8,0.3,8.1,201,1010.6,100,157.0,27.2,83,24.1,32.7,0.6,4.2,200,1009.9,79,
2025-09-10 14:00:00,27.5,83,24.3,32.8,0.1,6.6,167,1009.5,73,197.0,27.6,81,24.0,32.9,0.6,5.4,172,1009.6,73,
2025-09-10 15:00:00,28.1,79,24.1,33.7,0.0,3.6,127,1009.6,84,223.0,27.7,81,24.2,33.0,0.6,6.5,161,1009.5,69,
2025-09-10 16:00:00,28.1,78,23.9,33.7,0.0,3.4,122,1009.4,95,141.0,27.7,82,24.3,33.0,0.1,6.3,156,1009.6,67,
2025-09-10 17:00:00,27.9,80,24.1,33.3,0.0,5.7,125,1009.5,86,88.0,27.5,83,24.3,32.9,0.1,5.6,153,1009.9,66,
2025-09-10 18:00:00,26.5,89,24.5,32.8,0.0,1.3,34,1009.9,82,39.0,27.2,85,24.5,33.0,0.1,4.0,153,1010.3,66,
2025-09-10 19:00:00,25.8,93,24.5,31.5,3.4,4.8,13,1010.6,49,2.0,26.9,87,24.5,32.9,0.1,2.4,153,1010.7,66,
2025-09-10 20:00:00,25.5,94,24.5,31.0,0.7,6.2,54,1010.9,43,0.0,26.6,89,24.6,32.9,0.1,0.8,153,1011.1,65,
2025-09-10 21:00:00,25.5,92,24.1,30.8,0.0,6.1,62,1011.3,36,0.0,26.3,90,24.5,32.7,0.1,0.4,360,1011.3,62,
2025-09-10 22:00:00,25.3,93,24.1,30.7,0.0,5.2,56,1011.1,31,0.0,26.1,91,24.5,32.3,0.9,1.1,342,1011.4,57,
2025-09-10 23:00:00,25.1,93,23.9,30.3,0.0,5.6,45,1011.4,38,0.0,25.8,92,24.4,31.9,0.9,1.9,338,1011.4,50,
2025-09-11 00:00:00,25.0,97,24.5,30.5,0.0,5.6,15,1011.4,31,0.0,25.5,94,24.5,31.5,0.9,2.9,330,1011.3,43,
2025-09-11 01:00:00,24.7,97,24.2,30.1,0.0,5.5,23,1011.3,24,0.0,25.3,94,24.3,31.0,0.9,3.7,331,1011.2,35,
2025-09-11 02:00:00,24.4,98,24.0,29.6,0.0,6.3,13,1011.2,15,0.0,25.2,95,24.3,30.9,0.9,4.0,333,1011.2,28,
2025-09-11 03:00:00,24.9,97,24.4,30.4,0.0,6.1,357,1011.3,26,0.0,25.2,94,24.2,30.9,0.9,3.9,338,1011.3,23,
2025-09-11 04:00:00,24.7,97,24.2,30.1,0.0,6.0,25,1011.6,18,0.0,25.5,92,24.1,31.1,0.0,3.3,347,1011.6,20,
2025-09-11 05:00:00,24.6,97,24.1,29.7,0.0,7.1,15,1011.8,18,0.0,25.9,89,23.9,31.5,0.0,3.0,14,1012.0,17,
2025-09-11 06:00:00,24.7,97,24.2,29.8,0.0,7.7,49,1012.1,37,0.0,26.4,86,23.8,31.9,0.0,3.1,54,1012.5,15,
2025-09-11 07:00:00,25.1,95,24.2,30.1,0.0,7.9,47,1012.6,100,17.0,26.9,83,23.7,32.2,0.0,4.1,75,1013.0,14,
2025-09-11 08:00:00,25.2,93,23.9,30.0,0.4,8.4,43,1012.9,75,17.0,27.4,80,23.6,32.5,0.0,5.1,86,1013.3,15,
2025-09-11 09:00:00,25.8,91,24.2,30.7,0.0,8.7,45,1013.5,57,176.0,27.7,78,23.5,32.6,0.0,5.8,90,1013.5,16,
2025-09-11 10:00:00,27.3,81,23.8,32.2,0.0,7.1,66,1013.9,68,277.0,27.9,78,23.7,33.0,0.4,5.4,90,1013.4,19,
2025-09-11 11:00:00,28.1,76,23.5,32.7,0.0,7.9,90,1014.1,73,289.0,28.0,78,23.8,33.2,0.4,4.7,90,1013.0,24,
2025-09-11 12:00:00,28.8,76,24.1,33.3,0.0,11.2,111,1013.7,28,331.0,28.1,79,24.1,33.7,0.4,3.6,84,1012.6,30,
2025-09-11 13:00:00,29.2,75,24.3,34.0,0.0,11.1,103,1012.9,22,562.0,28.1,81,24.5,34.1,0.4,2.5,82,1012.1,36,
2025-09-11 14:00:00,29.5,73,24.1,34.2,0.0,10.4,90,1012.4,26,563.0,28.0,82,24.7,34.3,0.4,1.5,76,1011.7,42,
2025-09-11 15:00:00,30.1,71,24.2,35.3,0.0,6.9,51,1011.3,15,499.0,28.0,83,24.8,34.4,0.4,1.5,76,1011.6,46,
2025-09-11 16:00:00,30.0,71,24.1,35.3,0.0,6.0,57,1011.3,47,370.0,27.8,84,24.9,34.1,0.4,2.2,90,1011.7,49,
2025-09-11 17:00:00,29.6,73,24.2,34.8,0.0,6.5,93,1011.1,48,172.0,27.6,84,24.7,33.7,0.4,3.3,96,1012.0,50,
2025-09-11 18:00:00,26.8,87,24.5,31.2,1.1,13.4,121,1011.7,73,66.0,27.4,84,24.4,33.0,0.4,5.2,102,1012.4,51,
2025-09-11 19:00:00,26.7,86,24.1,30.8,0.8,13.7,113,1012.5,100,2.0,27.1,85,24.4,32.4,0.4,7.1,105,1012.8,52,
2025-09-11 20:00:00,26.7,86,24.1,31.1,0.1,12.2,109,1013.1,44,0.0,26.8,85,24.1,31.7,0.4,8.7,107,1013.2,54,
2025-09-11 21:00:00,25.9,92,24.5,31.4,1.0,6.7,74,1013.8,100,0.0,26.6,86,24.1,31.3,0.4,9.9,109,1013.4,56,
2025-09-11 22:00:00,25.6,93,24.4,30.7,5.2,8.4,83,1013.6,50,0.0,26.4,87,24.1,31.0,1.5,10.8,111,1013.5,60,
2025-09-11 23:00:00,25.9,91,24.3,30.7,2.8,9.8,96,1013.6,49,0.0,26.2,88,24.1,30.7,1.5,11.6,116,1013.4,65,
2025-09-12 00:00:00,25.9,89,24.0,30.5,0.8,10.1,90,1013.3,32,0.0,26.0,89,24.1,30.3,1.5,12.4,120,1013.3,71,
2025-09-12 01:00:00,26.9,84,23.9,31.2,0.0,11.5,110,1013.3,34,0.0,25.8,91,24.2,30.1,1.5,13.3,123,1013.2,76,
2025-09-12 02:00:00,26.8,88,24.7,31.4,0.6,13.5,124,1013.1,92,0.0,25.7,91,24.1,29.9,1.5,13.9,127,1013.1,79,
2025-09-12 03:00:00,26.7,88,24.6,30.8,1.4,16.5,157,1013.0,98,0.0,25.7,92,24.3,29.9,1.5,14.1,128,1013.1,81,
2025-09-12 04:00:00,26.6,88,24.5,31.3,0.3,11.8,157,1013.2,31,0.0,25.7,92,24.3,30.0,3.2,14.1,128,1013.3,80,
2025-09-12 05:00:00,26.6,88,24.4,31.6,0.0,9.2,138,1013.2,22,0.0,25.9,92,24.5,30.3,3.2,13.6,130,1013.5,76,
2025-09-12 06:00:00,26.4,89,24.4,31.6,0.0,8.0,162,1013.1,20,0.0,26.1,91,24.5,30.6,3.2,13.0,129,1013.9,71,
2025-09-12 07:00:00,26.9,88,24.7,32.3,0.0,7.3,160,1013.7,21,38.0,26.3,90,24.5,30.8,3.2,12.5,129,1014.2,65,
2025-09-12 08:00:00,27.7,84,24.7,33.2,0.0,7.2,153,1013.8,40,146.0,26.5,90,24.7,31.4,3.2,11.8,130,1014.4,61,
2025-09-12 09:00:00,28.6,76,23.9,33.5,0.0,7.7,169,1014.1,26,223.0,26.7,89,24.7,31.6,3.2,11.5,129,1014.4,59,
2025-09-12 10:00:00,28.8,76,24.2,33.6,0.0,9.8,152,1014.2,35,323.0,26.9,88,24.8,31.8,2.0,11.5,129,1014.2,60,
2025-09-12 11:00:00,29.1,73,23.7,33.5,0.0,10.4,136,1013.9,42,354.0,27.2,88,25.1,32.3,2.0,11.8,128,1013.8,63,
2025-09-12 12:00:00,29.4,74,24.2,34.0,0.0,11.1,119,1013.1,35,333.0,27.5,87,25.1,32.5,2.0,12.4,126,1013.3,67,
2025-09-12 13:00:00,29.6,76,24.9,34.6,0.0,10.8,116,1012.8,45,411.0,27.7,87,25.3,32.7,2.0,12.7,125,1012.8,71,
2025-09-12 14:00:00,29.5,78,25.3,35.0,0.0,10.0,105,1012.5,44,344.0,27.9,86,25.3,32.9,2.0,13.0,124,1012.4,74,
2025-09-12 15:00:00,28.9,80,25.1,34.6,0.0,7.9,93,1012.0,94,230.0,27.9,86,25.4,33.0,2.0,13.0,124,1012.2,75,
2025-09-12 16:00:00,28.4,85,25.6,34.4,0.6,7.6,149,1012.3,100,86.0,27.8,86,25.3,32.9,2.3,12.7,125,1012.2,73,
2025-09-12 17:00:00,27.8,87,25.4,33.2,0.6,11.0,148,1011.9,47,61.0,27.6,86,25.1,32.7,2.3,11.9,125,1012.4,68,
2025-09-12 18:00:00,27.7,84,24.8,32.6,0.1,11.4,162,1012.7,89,41.0,27.4,87,25.0,32.5,2.3,10.8,127,1012.7,62,
2025-09-12 19:00:00,27.3,87,24.9,32.5,0.3,10.0,167,1012.4,85,1.0,27.1,87,24.8,32.2,2.3,10.2,129,1013.0,56,
2025-09-12 20:00:00,27.2,88,25.0,32.6,0.0,9.2,149,1012.2,94,0.0,26.9,88,24.7,32.0,2.3,9.7,132,1013.2,52,
2025-09-12 21:00:00,27.5,87,25.1,32.6,0.0,11.3,153,1012.7,98,0.0,26.7,88,24.6,31.8,2.3,9.2,135,1013.2,50,
2025-09-12 22:00:00,27.5,88,25.3,32.6,0.0,13.1,159,1012.3,54,0.0,26.7,89,24.7,31.9,1.1,9.2,138,1013.0,52,
2025-09-12 23:00:00,27.6,87,25.2,32.6,0.0,12.8,170,1011.7,66,0.0,26.7,89,24.7,31.8,1.1,9.7,141,1012.5,57,
2025-09-13 00:00:00,27.7,88,25.5,33.0,0.0,12.6,175,1011.6,73,0.0,26.7,90,24.9,31.9,1.1,10.3,144,1012.0,63,
2025-09-13 01:00:00,27.6,88,25.4,32.8,0.0,12.0,173,1011.0,47,0.0,26.8,91,25.2,32.0,1.1,10.9,146,1011.4,69,
2025-09-13 02:00:00,27.5,86,25.0,32.6,0.0,10.8,178,1010.5,42,0.0,26.9,91,25.3,32.1,1.1,11.2,147,1011.0,75,
2025-09-13 03:00:00,27.1,86,24.5,31.8,0.0,11.6,173,1010.4,25,0.0,27.0,91,25.4,32.3,1.1,11.3,149,1010.7,79,
2025-09-13 04:00:00,27.0,84,24.1,31.6,0.0,10.8,178,1010.1,19,0.0,27.1,90,25.3,32.4,0.1,10.9,153,1010.6,81,
2025-09-13 05:00:00,27.0,82,23.7,31.3,0.0,10.8,176,1010.1,15,0.0,27.2,88,25.1,32.5,0.1,10.2,157,1010.7,82,
2025-09-13 06:00:00,27.2,82,23.8,31.5,0.0,11.4,169,1010.1,24,0.0,27.4,86,24.9,32.7,0.1,9.4,162,1010.8,83,
2025-09-13 07:00:00,27.6,79,23.6,31.5,0.0,12.8,170,1010.1,27,37.0,27.6,84,24.6,32.8,0.1,8.8,168,1011.0,83,
2025-09-13 08:00:00,28.2,75,23.3,31.9,0.0,13.0,178,1010.1,29,137.0,27.8,81,24.2,32.8,0.1,8.3,175,1011.1,84,
2025-09-13 09:00:00,29.1,73,23.8,33.4,0.0,11.7,198,1011.0,82,303.0,28.0,80,24.2,33.0,0.1,8.3,182,1011.1,85,
2025-09-13 10:00:00,29.5,72,23.9,34.0,0.0,10.4,178,1010.6,87,371.0,28.2,79,24.2,33.2,0.2,8.4,190,1010.9,87,
2025-09-13 11:00:00,29.6,72,24.0,34.3,0.0,9.4,162,1010.4,91,315.0,28.5,78,24.3,33.4,0.2,9.3,193,1010.6,90,
2025-09-13 12:00:00,30.5,69,24.1,34.5,0.0,14.8,223,1010.2,100,251.0,28.8,78,24.6,33.9,0.2,9.8,197,1010.2,93,
2025-09-13 13:00:00,31.0,70,24.8,35.4,0.0,14.7,216,1009.7,48,406.0,29.1,78,24.8,34.2,0.2,10.5,202,1009.9,96,
2025-09-13 14:00:00,31.3,69,24.9,36.2,0.0,12.2,223,1009.6,39,441.0,29.3,78,25.0,34.4,0.2,11.1,205,1009.6,99,
2025-09-13 15:00:00,30.8,69,24.5,34.4,0.0,19.1,227,1009.6,99,331.0,29.3,78,25.1,34.5,0.2,11.3,207,1009.5,100,
2025-09-13 16:00:00,30.5,71,24.6,34.3,0.0,18.1,221,1009.6,53,180.0,29.2,79,25.2,34.5,0.7,11.1,209,1009.6,100,
2025-09-13 17:00:00,30.3,72,24.6,34.6,0.0,14.9,217,1009.5,53,163.0,29.0,79,25.0,34.2,0.7,10.8,210,1009.8,100,
2025-09-13 18:00:00,29.4,77,25.0,33.6,0.0,17.1,224,1009.8,80,53.0,28.7,81,25.1,34.0,0.7,10.4,214,1010.2,99,
2025-09-13 19:00:00,28.9,79,24.9,33.3,0.0,15.6,230,1010.4,76,2.0,28.4,82,25.0,33.7,0.7,9.8,216,1010.5,97,
2025-09-13 20:00:00,28.6,80,24.8,33.1,0.0,14.5,226,1010.5,82,0.0,28.1,83,25.0,33.5,0.7,9.2,219,1010.8,96,
2025-09-13 21:00:00,28.4,80,24.6,32.6,0.0,15.5,234,1010.4,58,0.0,27.9,84,24.9,33.3,0.7,8.7,222,1011.0,94,
2025-09-13 22:00:00,28.2,82,24.8,32.4,0.0,16.7,237,1010.4,96,0.0,27.7,85,24.9,33.1,0.2,8.4,223,1011.0,92,
2025-09-13 23:00:00,28.2,83,25.0,32.7,0.0,14.9,238,1010.6,91,0.0,27.5,86,25.0,33.0,0.2,8.4,227,1010.9,89,
2025-09-14 00:00:00,28.3,83,25.1,33.2,0.0,13.5,236,1010.1,84,0.0,27.4,86,24.8,32.7,0.2,8.4,230,1010.7,86,
2025-09-14 01:00:00,28.2,84,25.2,33.2,0.0,12.2,242,1010.2,50,0.0,27.2,87,24.9,32.7,0.2,8.2,232,1010.6,83,
2025-09-14 02:00:00,28.1,84,25.2,33.0,0.0,13.3,229,1010.0,45,0.0,27.1,88,25.0,32.6,0.2,8.3,236,1010.5,81,
2025-09-14 03:00:00,28.0,85,25.2,33.1,0.0,11.5,231,1010.0,80,0.0,27.0,88,24.9,32.5,0.2,8.1,238,1010.5,79,
2025-09-14 04:00:00,28.0,86,25.4,33.1,0.0,12.5,224,1010.3,98,0.0,27.0,88,24.8,32.4,1.4,7.9,240,1010.7,78,
2025-09-14 05:00:00,28.1,85,25.3,33.1,0.0,13.2,223,1010.4,67,0.0,26.9,89,24.9,32.5,1.4,7.7,242,1011.0,79,
2025-09-14 06:00:00,27.8,86,25.3,33.0,0.0,11.9,245,1010.9,50,0.0,26.9,89,24.9,32.5,1.4,7.4,247,1011.4,80,
2025-09-14 07:00:00,27.9,87,25.5,33.0,0.2,13.2,235,1011.1,31,31.0,26.9,89,24.9,32.6,1.4,7.3,250,1011.7,81,
2025-09-14 08:00:00,28.2,87,25.8,33.6,0.0,13.4,234,1011.3,80,103.0,27.0,89,25.0,32.7,1.4,7.2,252,1012.0,80,
2025-09-14 09:00:00,28.5,83,25.3,33.4,0.0,13.9,233,1012.1,99,142.0,27.1,89,25.1,32.9,1.4,7.4,256,1012.2,76,
2025-09-14 10:00:00,29.3,79,25.2,34.1,0.0,14.2,240,1012.1,65,218.0,27.4,88,25.2,33.1,0.6,7.7,259,1012.2,68,
2025-09-14 11:00:00,30.4,74,25.2,35.3,0.0,13.1,249,1011.7,36,396.0,27.8,87,25.4,33.5,0.6,8.4,260,1012.0,57,
2025-09-14 12:00:00,29.6,78,25.4,34.8,0.0,12.1,247,1011.7,64,543.0,28.2,85,25.4,33.9,0.6,9.1,261,1011.7,44,
2025-09-14 13:00:00,30.1,74,24.9,35.4,0.0,9.5,261,1011.1,55,388.0,28.6,83,25.4,34.2,0.6,9.8,262,1011.5,32,
2025-09-14 14:00:00,30.5,72,24.8,35.9,0.0,8.4,280,1010.8,50,391.0,28.9,82,25.5,34.5,0.6,10.5,264,1011.3,22,
2025-09-14 15:00:00,30.6,73,25.2,36.2,0.0,8.3,270,1011.1,58,354.0,29.1,81,25.5,34.6,0.6,10.5,266,1011.3,16,
2025-09-14 16:00:00,30.2,76,25.5,35.8,0.1,9.7,285,1011.3,55,221.0,29.0,81,25.4,34.5,0.3,10.1,270,1011.5,16,
2025-09-14 17:00:00,29.8,77,25.3,35.2,0.0,10.4,284,1011.5,30,144.0,28.7,81,25.1,34.2,0.3,9.4,277,1011.9,20,
2025-09-14 18:00:00,28.6,80,24.8,33.9,0.0,8.8,282,1011.8,44,70.0,28.4,82,25.0,33.8,0.3,8.6,285,1012.3,26,
2025-09-14 19:00:00,27.9,85,25.1,33.8,0.1,6.2,280,1012.4,38,2.0,28.0,82,24.6,33.3,0.3,7.8,292,1012.7,33,
2025-09-14 20:00:00,27.5,88,25.3,33.6,0.0,5.9,281,1013.1,42,0.0,27.6,83,24.5,32.9,0.3,7.3,303,1013.2,38,
2025-09-14 21:00:00,27.1,88,24.9,33.0,0.1,5.6,320,1013.3,18,0.0,27.3,84,24.4,32.6,0.3,6.9,309,1013.5,40,
2025-09-14 22:00:00,26.6,90,24.8,32.5,0.0,5.4,340,1013.5,23,0.0,27.1,85,24.3,32.4,0.3,6.4,313,1013.7,37,
2025-09-14 23:00:00,26.2,92,24.8,32.1,0.1,4.7,9,1013.7,37,0.0,26.8,86,24.3,32.2,0.3,6.1,315,1013.9,31,
2025-09-15 00:00:00,26.1,95,25.2,32.2,0.9,4.9,324,1013.6,29,0.0,26.6,88,24.5,32.2,0.3,5.6,315,1014.0,24,
2025-09-15 01:00:00,26.1,94,25.1,32.2,0.7,4.7,279,1013.8,100,0.0,26.4,89,24.5,32.1,0.3,5.1,315,1014.1,16,
2025-09-15 02:00:00,26.0,95,25.1,31.9,2.3,6.2,280,1013.9,92,0.0,26.3,90,24.5,32.1,0.3,4.6,309,1014.2,12,
2025-09-15 03:00:00,26.4,94,25.3,32.1,0.1,8.4,263,1014.4,28,0.0,26.3,91,24.7,32.2,0.3,4.1,308,1014.4,11,
2025-09-15 04:00:00,26.3,94,25.3,32.1,0.0,7.9,267,1014.9,31,0.0,26.3,91,24.7,32.3,0.1,3.6,307,1014.7,17,
2025-09-15 05:00:00,26.4,94,25.3,32.5,0.0,5.4,290,1014.7,98,0.0,26.4,91,24.8,32.6,0.1,3.2,297,1015.1,27,
2025-09-15 06:00:00,26.2,95,25.3,32.5,0.0,3.9,338,1014.7,22,0.0,26.6,90,24.8,32.8,0.1,2.6,286,1015.5,40,
2025-09-15 07:00:00,26.1,97,25.6,32.6,0.0,4.2,20,1014.6,25,35.0,26.8,90,25.0,33.1,0.1,2.5,278,1015.9,53,
2025-09-15 08:00:00,26.5,97,25.9,33.5,0.0,2.6,16,1014.8,44,109.0,27.0,89,25.0,33.4,0.1,2.5,262,1016.2,63,
2025-09-15 09:00:00,29.0,83,25.8,35.5,0.0,5.5,238,1015.7,17,208.0,27.3,88,25.1,33.7,0.1,2.5,262,1016.3,67,
2025-09-15 10:00:00,29.5,81,25.9,35.7,0.1,7.6,205,1015.9,22,410.0,27.6,87,25.3,34.1,0.6,2.9,270,1016.1,64,
2025-09-15 11:00:00,30.1,77,25.6,36.5,0.0,5.4,200,1015.9,19,481.0,28.0,86,25.5,34.5,0.6,3.6,276,1015.8,55,
2025-09-15 12:00:00,30.2,78,25.9,37.3,0.0,2.9,240,1015.4,15,589.0,28.5,84,25.5,34.8,0.6,4.8,283,1015.3,43,
2025-09-15 13:00:00,31.2,73,25.8,38.2,0.1,4.9,253,1014.8,24,615.0,28.9,83,25.7,35.3,0.6,5.7,288,1014.8,30,
2025-09-15 14:00:00,31.6,71,25.7,37.7,0.0,6.7,286,1014.1,66,486.0,29.2,82,25.8,35.5,0.6,6.5,289,1014.4,20,
2025-09-15 15:00:00,31.1,74,25.9,36.8,0.0,11.0,293,1014.2,70,360.0,29.3,82,25.9,35.6,0.6,7.0,291,1014.2,15,
2025-09-15 16:00:00,30.7,72,25.0,35.9,0.1,10.6,305,1014.4,26,231.0,29.2,83,26.0,35.6,0.3,6.8,288,1014.3,15,
2025-09-15 17:00:00,30.6,71,24.8,35.9,0.0,8.9,291,1014.3,22,215.0,28.9,84,25.9,35.3,0.3,6.6,283,1014.5,20,
2025-09-15 18:00:00,29.5,76,24.8,35.2,0.0,6.2,306,1014.6,11,79.0,28.5,85,25.7,34.8,0.3,6.5,276,1014.9,26,
2025-09-15 19:00:00,28.6,82,25.2,34.7,0.0,5.5,302,1015.2,66,3.0,28.0,87,25.6,34.3,0.3,6.1,270,1015.3,34,
2025-09-15 20:00:00,27.7,90,25.9,34.5,0.0,3.6,307,1015.8,34,0.0,27.6,89,25.6,33.8,0.3,5.8,263,1015.6,40,
2025-09-15 21:00:00,27.7,87,25.3,33.9,0.0,4.9,253,1015.7,41,0.0,27.2,90,25.4,33.4,0.3,5.4,262,1015.8,43,
2025-09-15 22:00:00,27.6,86,25.0,33.7,0.0,4.4,235,1015.4,43,0.0,26.9,91,25.3,33.1,0.0,4.7,270,1015.8,44,
2025-09-15 23:00:00,27.6,84,24.7,34.1,0.0,0.5,315,1015.6,42,0.0,26.5,93,25.2,32.8,0.0,3.8,287,1015.7,43,
2025-09-16 00:00:00,26.6,91,25.0,32.8,0.0,3.3,6,1015.5,31,0.0,26.1,94,25.1,32.4,0.0,3.6,307,1015.5,41,
2025-09-16 01:00:00,26.0,94,25.0,31.9,0.0,5.4,360,1015.7,35,0.0,25.8,95,24.9,31.8,0.0,4.0,333,1015.3,38,
2025-09-16 02:00:00,25.6,96,24.9,31.5,0.0,5.1,352,1015.7,32,0.0,25.6,95,24.7,31.5,0.0,4.4,351,1015.2,36,
2025-09-16 03:00:00,25.6,98,25.2,31.6,0.0,5.9,38,1015.2,38,0.0,25.6,95,24.7,31.4,0.0,4.7,356,1015.1,33,
2025-09-16 04:00:00,25.4,99,25.2,31.4,0.0,5.4,42,1015.4,79,0.0,25.8,94,24.7,31.7,0.0,4.0,355,1015.1,30,
2025-09-16 05:00:00,25.4,99,25.2,31.5,0.0,4.8,63,1015.5,90,0.0,26.1,92,24.7,32.3,0.0,2.5,352,1015.3,26,
2025-09-16 06:00:00,25.3,99,25.1,31.5,0.0,3.7,61,1015.4,100,0.0,26.6,90,24.8,33.1,0.0,1.0,315,1015.5,22,
2025-09-16 07:00:00,25.8,99,25.6,32.3,0.1,4.0,63,1015.2,100,19.0,27.2,88,25.0,33.6,0.0,1.8,233,1015.6,18,
2025-09-16 08:00:00,26.6,97,26.1,33.8,0.1,2.1,59,1015.2,67,111.0,27.7,85,25.0,34.0,0.0,3.1,216,1015.6,15,
2025-09-16 09:00:00,27.5,94,26.4,35.0,0.0,0.7,90,1015.4,15,282.0,28.2,83,25.0,34.3,0.0,4.3,204,1015.5,13,
2025-09-16 10:00:00,29.5,81,25.9,35.6,0.0,7.8,167,1015.2,11,504.0,28.6,81,25.0,34.6,0.0,5.0,201,1015.1,12,
2025-09-16 11:00:00,29.9,80,26.1,36.5,0.0,9.7,158,1015.0,8,637.0,29.1,78,24.8,34.9,0.0,5.6,195,1014.5,10,
2025-09-16 12:00:00,30.7,76,25.9,38.6,0.0,4.5,166,1014.1,11,737.0,29.5,76,24.8,35.2,0.0,6.2,190,1013.8,10,
2025-09-16 13:00:00,31.1,74,25.9,38.4,0.0,6.7,164,1013.5,11,712.0,29.9,74,24.7,35.5,0.0,6.5,186,1013.2,10,
2025-09-16 14:00:00,31.5,71,25.6,38.8,0.0,4.4,189,1012.9,15,676.0,30.1,72,24.5,35.5,0.0,6.8,183,1012.6,12,
2025-09-16 15:00:00,31.9,69,25.5,37.9,0.0,7.3,250,1012.2,28,554.0,30.2,72,24.6,35.6,0.0,6.8,180,1012.3,15,
2025-09-16 16:00:00,31.6,67,24.7,36.9,0.0,8.6,255,1012.2,26,370.0,30.0,73,24.6,35.5,0.0,6.8,180,1012.3,21,
2025-09-16 17:00:00,31.3,65,23.9,36.2,0.0,7.9,270,1012.1,28,224.0,29.6,75,24.7,35.2,0.0,6.5,180,1012.6,30,
2025-09-16 18:00:00,30.1,74,24.9,35.5,0.0,8.4,277,1012.5,29,77.0,29.1,78,24.9,34.9,0.0,6.1,180,1012.9,41,
2025-09-16 19:00:00,29.3,79,25.2,35.1,0.0,7.4,293,1013.2,50,2.0,28.6,82,25.2,34.6,0.0,5.4,180,1013.3,51,
2025-09-16 20:00:00,28.7,83,25.5,35.0,0.0,5.6,285,1013.7,94,0.0,28.1,85,25.3,34.3,0.0,5.0,180,1013.7,59,
2025-09-16 21:00:00,28.0,88,25.8,34.5,0.0,5.2,282,1013.6,48,0.0,27.7,87,25.3,34.0,0.0,4.3,180,1013.8,63,
2025-09-16 22:00:00,27.7,89,25.7,34.1,0.0,5.3,242,1013.3,26,0.0,27.4,89,25.4,33.8,0.1,3.6,180,1013.7,62,
2025-09-16 23:00:00,27.9,86,25.3,33.8,0.0,6.5,199,1013.4,22,0.0,27.1,91,25.5,33.8,0.1,2.5,172,1013.5,58,
2025-09-17 00:00:00,27.6,87,25.2,33.5,0.0,6.6,193,1013.2,11,0.0,26.9,92,25.5,33.6,0.1,1.9,158,1013.1,52,
2025-09-17 01:00:00,27.4,88,25.2,33.2,0.0,7.1,195,1012.9,17,0.0,26.7,93,25.4,33.5,0.1,1.3,124,1012.8,45,
2025-09-17 02:00:00,26.9,90,25.1,32.6,0.0,7.1,221,1012.5,23,0.0,26.6,94,25.5,33.5,0.1,1.1,108,1012.5,39,
2025-09-17 03:00:00,27.0,88,24.9,32.6,0.0,6.9,227,1012.2,9,0.0,26.6,94,25.5,33.5,0.1,0.7,90,1012.4,34,
2025-09-17 04:00:00,26.6,90,24.8,32.1,0.0,8.1,257,1012.3,9,0.0,26.7,93,25.5,33.7,0.1,0.4,180,1012.5,31,
2025-09-17 05:00:00,26.4,91,24.8,31.8,0.0,8.2,247,1012.4,15,0.0,27.0,91,25.4,33.8,0.1,1.3,214,1012.7,29,
2025-09-17 06:00:00,26.5,89,24.5,31.6,0.0,8.9,238,1012.5,11,0.0,27.3,89,25.3,33.8,0.1,2.8,220,1012.9,27,
2025-09-17 07:00:00,26.9,87,24.6,32.2,0.0,8.2,232,1012.8,18,43.0,27.6,87,25.3,33.8,0.1,4.6,225,1013.2,25,
2025-09-17 08:00:00,28.0,83,24.9,33.2,0.0,9.7,231,1012.9,28,182.0,28.0,85,25.2,33.9,0.1,6.1,225,1013.3,23,
2025-09-17 09:00:00,28.7,81,25.1,34.0,0.0,9.7,231,1013.3,23,303.0,28.3,83,25.1,34.0,0.1,7.1,229,1013.3,21,
2025-09-17 10:00:00,29.7,77,25.2,35.0,0.0,10.7,230,1012.9,17,493.0,28.5,82,25.1,34.2,0.0,7.8,236,1013.0,18,
2025-09-17 11:00:00,30.8,72,25.1,36.6,0.0,10.2,231,1012.4,10,637.0,28.8,80,25.0,34.3,0.0,8.9,243,1012.6,15,
2025-09-17 12:00:00,31.8,66,24.6,37.8,0.0,10.1,253,1012.2,10,734.0,29.1,79,25.0,34.5,0.0,9.4,252,1012.0,11,
2025-09-17 13:00:00,32.4,64,24.7,38.3,0.0,10.8,272,1011.2,19,718.0,29.3,78,25.0,34.5,0.0,10.3,258,1011.4,8,
2025-09-17 14:00:00,32.3,65,24.9,37.2,0.0,14.0,293,1010.7,28,604.0,29.4,78,25.2,34.7,0.0,10.9,262,1011.0,6,
2025-09-17 15:00:00,31.9,64,24.2,35.8,0.0,15.9,303,1010.4,32,461.0,29.4,78,25.1,34.5,0.0,11.2,264,1010.7,5,
2025-09-17 16:00:00,31.0,70,24.8,35.4,0.0,15.3,300,1010.6,31,333.0,29.2,79,25.1,34.5,0.0,10.5,264,1010.7,5,
2025-09-17 17:00:00,29.5,79,25.4,34.9,0.2,11.1,283,1010.7,100,108.0,28.8,81,25.2,34.2,0.0,9.5,259,1010.8,6,
2025-09-17 18:00:00,28.5,80,24.7,33.6,0.2,10.0,249,1011.1,44,27.0,28.3,84,25.3,34.0,0.0,7.9,254,1011.1,9,
2025-09-17 19:00:00,28.2,81,24.6,33.3,0.0,9.4,238,1011.1,37,1.0,27.8,86,25.2,33.6,0.0,6.8,245,1011.4,12,
2025-09-17 20:00:00,27.8,83,24.7,32.6,0.0,11.6,216,1011.6,35,0.0,27.3,89,25.3,33.4,0.0,6.2,234,1011.6,16,
2025-09-17 21:00:00,27.7,80,23.9,32.0,0.0,12.3,220,1011.5,79,0.0,27.0,90,25.2,32.9,0.0,6.1,230,1011.7,21,
2025-09-17 22:00:00,27.4,80,23.6,31.4,0.0,12.4,234,1011.4,31,0.0,26.8,90,25.0,32.5,0.1,6.9,231,1011.6,29,
2025-09-17 23:00:00,27.2,82,23.8,31.3,0.0,12.8,230,1011.3,18,0.0,26.6,90,24.8,32.0,0.1,8.3,236,1011.5,39,
2025-09-18 00:00:00,27.5,81,23.9,31.5,0.0,13.8,231,1010.8,32,0.0,26.6,90,24.8,31.7,0.1,10.0,240,1011.2,50,
2025-09-18 01:00:00,27.4,82,24.0,31.6,0.0,12.9,240,1010.8,30,0.0,26.5,89,24.5,31.1,0.1,11.9,245,1011.0,60,
2025-09-18 02:00:00,27.4,82,24.1,31.6,0.0,13.7,243,1010.9,9,0.0,26.4,88,24.3,30.7,0.1,13.2,248,1010.9,70,
2025-09-18 03:00:00,26.8,86,24.3,31.2,0.0,13.2,244,1011.1,36,0.0,26.4,88,24.2,30.5,0.1,14.1,251,1010.9,77,
2025-09-18 04:00:00,27.2,85,24.5,31.5,0.0,14.7,242,1011.4,33,0.0,26.3,88,24.1,30.4,2.6,14.2,254,1011.1,81,
2025-09-18 05:00:00,27.3,85,24.5,31.7,0.0,13.4,250,1011.3,44,0.0,26.2,88,24.0,30.3,2.6,13.6,258,1011.5,83,
2025-09-18 06:00:00,26.9,83,23.7,30.4,0.0,16.7,263,1012.1,83,0.0,26.1,88,23.9,30.3,2.6,12.7,262,1012.0,84,
2025-09-18 07:00:00,27.0,84,24.1,30.8,0.0,15.9,266,1011.8,83,14.0,26.0,88,23.9,30.3,2.6,11.9,267,1012.5,84,
2025-09-18 08:00:00,26.9,87,24.6,31.5,0.0,13.0,284,1012.0,95,69.0,25.9,88,23.8,30.2,2.6,11.2,272,1012.9,84,
2025-09-18 09:00:00,25.5,95,24.6,31.1,2.9,5.8,300,1013.1,100,73.0,25.9,88,23.8,30.3,2.6,10.9,278,1013.1,84,
2025-09-18 10:00:00,25.6,95,24.7,31.0,4.0,7.8,292,1013.0,100,64.0,26.0,88,23.8,30.4,1.0,10.7,282,1013.0,84,
2025-09-18 11:00:00,25.4,93,24.1,30.3,8.2,8.7,343,1013.2,100,65.0,26.1,87,23.7,30.4,1.0,10.8,285,1012.8,85,
2025-09-18 12:00:00,25.6,92,24.2,30.5,0.3,8.9,339,1012.9,89,141.0,26.2,86,23.7,30.5,1.0,10.9,287,1012.5,84,
2025-09-18 13:00:00,27.3,80,23.6,32.0,0.0,7.8,347,1012.5,44,274.0,26.3,86,23.8,30.7,1.0,10.8,291,1012.1,84,
2025-09-18 14:00:00,27.9,75,23.0,31.8,0.0,10.8,358,1012.3,42,321.0,26.4,85,23.6,30.7,1.0,10.6,294,1011.9,83,
2025-09-18 15:00:00,26.8,76,22.2,30.1,0.0,12.1,10,1012.3,68,229.0,26.4,84,23.4,30.7,1.0,9.8,298,1011.9,81,
2025-09-18 16:00:00,26.3,77,21.9,29.5,0.0,11.4,13,1012.8,68,107.0,26.2,83,23.1,30.5,0.6,8.5,306,1012.2,78,
2025-09-18 17:00:00,25.9,78,21.8,29.3,0.0,9.6,13,1012.8,81,58.0,26.0,83,22.9,30.4,0.6,7.1,319,1012.7,74,
2025-09-18 18:00:00,24.3,90,22.5,27.7,0.5,11.9,2,1013.4,68,20.0,25.8,82,22.5,30.0,0.6,6.5,341,1013.3,69,
2025-09-18 19:00:00,24.3,83,21.2,26.9,0.1,12.5,18,1013.9,58,0.0,25.5,81,22.0,29.5,0.6,6.1,3,1013.9,64,
2025-09-18 20:00:00,24.4,81,20.9,27.3,0.0,10.1,17,1014.3,53,0.0,25.2,80,21.5,28.9,0.6,7.0,21,1014.5,60,
2025-09-18 21:00:00,23.9,87,21.6,27.4,0.0,8.0,10,1015.1,64,0.0,25.0,79,21.1,28.3,0.6,7.6,31,1014.9,57,
2025-09-18 22:00:00,23.9,85,21.2,27.0,0.0,9.5,9,1015.1,68,0.0,24.9,77,20.6,27.9,0.0,7.7,37,1015.1,55,
2025-09-18 23:00:00,23.8,80,20.2,26.1,0.0,11.3,9,1015.1,72,0.0,24.7,75,20.0,27.5,0.0,7.4,39,1015.2,53,
2025-09-19 00:00:00,23.9,76,19.4,25.9,0.0,10.2,18,1015.0,45,0.0,24.6,73,19.5,27.2,0.0,7.1,41,1015.3,51,
2025-09-19 01:00:00,23.6,76,19.1,25.7,0.0,8.5,28,1015.1,46,0.0,24.5,71,18.9,26.9,0.0,6.6,41,1015.3,50,
2025-09-19 02:00:00,23.3,75,18.6,25.1,0.0,9.0,23,1015.2,51,0.0,24.5,69,18.4,26.7,0.0,5.9,43,1015.3,50,
2025-09-19 03:00:00,22.8,73,17.7,24.1,0.0,10.2,23,1015.5,59,0.0,24.5,67,17.9,26.5,0.0,5.6,45,1015.4,51,
2025-09-19 04:00:00,22.7,73,17.6,24.0,0.0,9.7,27,1015.8,66,0.0,24.5,66,17.7,26.4,0.0,5.6,50,1015.6,53,
2025-09-19 05:00:00,22.6,74,17.7,24.0,0.0,9.1,34,1015.8,59,0.0,24.5,65,17.5,26.3,0.0,6.2,54,1016.0,57,
2025-09-19 06:00:00,22.6,74,17.7,24.2,0.0,8.2,29,1016.3,53,0.0,24.6,65,17.5,26.3,0.0,6.8,58,1016.3,62,
2025-09-19 07:00:00,22.8,73,17.7,24.3,0.0,8.7,38,1016.4,45,25.0,24.7,65,17.6,26.4,0.0,7.1,60,1016.6,67,
2025-09-19 08:00:00,23.8,70,18.0,25.5,0.0,8.4,47,1016.6,26,143.0,24.8,64,17.5,26.5,0.0,7.2,63,1016.8,71,
2025-09-19 09:00:00,25.3,67,18.7,27.2,0.0,8.8,78,1016.9,22,288.0,25.1,64,17.8,26.9,0.0,7.0,69,1016.8,72,
2025-09-19 10:00:00,26.0,65,18.9,28.1,0.0,8.7,85,1016.9,33,388.0,25.5,64,18.2,27.6,0.0,5.9,79,1016.5,71,
2025-09-19 11:00:00,26.7,64,19.3,28.9,0.0,8.4,100,1016.5,48,472.0,26.0,63,18.4,28.4,0.0,4.7,99,1015.9,68,
2025-09-19 12:00:00,27.1,63,19.5,29.6,0.0,7.3,110,1015.8,43,492.0,26.6,63,19.0,29.3,0.0,4.3,132,1015.2,64,
2025-09-19 13:00:00,27.4,62,19.4,29.9,0.0,6.9,133,1015.0,37,487.0,27.2,63,19.5,30.0,0.0,5.4,160,1014.5,59,
2025-09-19 14:00:00,27.7,62,19.8,30.2,0.0,8.5,144,1014.3,22,506.0,27.6,63,19.9,30.5,0.0,6.5,174,1013.9,55,
2025-09-19 15:00:00,28.1,61,19.9,31.1,0.0,5.8,173,1013.8,14,488.0,27.8,63,20.1,30.6,0.0,7.6,177,1013.5,53,
2025-09-19 16:00:00,28.2,60,19.7,31.4,0.0,3.4,148,1013.6,22,391.0,27.7,64,20.3,30.6,0.0,7.6,175,1013.4,52,
2025-09-19 17:00:00,27.9,60,19.4,31.0,0.0,2.9,120,1013.2,74,199.0,27.4,65,20.3,30.4,0.0,6.7,164,1013.5,52,
2025-09-19 18:00:00,27.2,63,19.5,30.4,0.0,2.6,74,1013.4,55,52.0,27.0,66,20.1,30.0,0.0,6.0,147,1013.7,53,
2025-09-19 19:00:00,26.4,68,20.0,29.8,0.0,3.5,66,1013.6,57,1.0,26.5,67,19.9,29.4,0.0,6.2,126,1013.9,54,
2025-09-19 20:00:00,25.9,73,20.7,29.7,0.0,2.4,63,1014.1,82,0.0,26.1,69,19.9,28.9,0.0,7.0,111,1014.0,56,
2025-09-19 21:00:00,26.3,68,19.9,28.9,0.0,8.4,130,1013.9,60,0.0,25.8,71,20.2,28.6,0.0,7.6,109,1013.9,57,
2025-09-19 22:00:00,26.5,68,20.1,28.6,0.0,11.7,137,1013.2,42,0.0,25.7,74,20.7,28.7,0.1,8.4,115,1013.6,58,
2025-09-19 23:00:00,26.6,69,20.5,28.8,0.0,12.7,135,1012.7,30,0.0,25.7,78,21.5,28.9,0.1,9.8,126,1013.1,60,
2025-09-20 00:00:00,25.5,74,20.5,28.4,0.0,8.3,108,1012.5,37,0.0,25.7,82,22.4,29.2,0.1,11.5,136,1012.5,61,
2025-09-20 01:00:00,26.2,71,20.5,28.7,0.0,10.6,125,1011.9,38,0.0,25.8,85,23.0,29.4,0.1,13.1,143,1012.0,63,
2025-09-20 02:00:00,26.4,73,21.2,28.8,0.0,14.6,142,1011.5,30,0.0,25.9,88,23.7,29.6,0.1,14.7,149,1011.5,65,
2025-09-20 03:00:00,25.8,80,22.1,28.6,0.0,15.0,145,1011.3,50,0.0,26.0,90,24.2,29.9,0.1,15.8,153,1011.1,68,
2025-09-20 04:00:00,25.8,82,22.5,29.0,0.0,13.7,150,1010.8,36,0.0,26.1,90,24.3,30.0,0.6,15.9,155,1010.9,71,
2025-09-20 05:00:00,26.0,83,22.9,29.4,0.0,14.0,157,1010.4,77,0.0,26.3,89,24.3,30.2,0.6,16.0,157,1010.9,75,
2025-09-20 06:00:00,25.9,83,22.8,29.4,0.0,12.4,170,1010.7,26,0.0,26.4,87,24.1,30.3,0.6,15.5,158,1011.0,79,
2025-09-20 07:00:00,26.2,83,23.0,29.9,0.0,12.3,175,1010.8,45,26.0,26.6,84,23.7,30.4,0.6,14.5,161,1011.0,83,
2025-09-20 08:00:00,26.6,81,23.1,30.5,0.0,11.7,171,1010.5,91,109.0,26.8,82,23.4,30.6,0.6,13.5,164,1011.0,87,
2025-09-20 09:00:00,26.8,81,23.3,30.7,0.0,11.9,175,1010.7,94,148.0,26.9,81,23.4,30.9,0.6,12.1,168,1010.9,90,
2025-09-20 10:00:00,27.6,78,23.4,31.7,0.0,10.8,184,1010.4,97,186.0,27.0,81,23.5,31.2,1.0,10.9,174,1010.6,93,
2025-09-20 11:00:00,28.1,76,23.5,32.4,0.0,10.0,193,1010.2,70,235.0,27.2,81,23.6,31.7,1.0,9.4,187,1010.1,95,
2025-09-20 12:00:00,29.4,72,23.8,32.8,0.0,17.1,235,1010.0,100,236.0,27.3,82,24.0,32.2,1.0,8.2,203,1009.6,97,
2025-09-20 13:00:00,28.9,76,24.3,32.4,0.0,18.9,230,1009.2,100,208.0,27.4,83,24.2,32.4,1.0,7.9,223,1009.1,98,
2025-09-20 14:00:00,29.2,76,24.5,33.3,0.0,15.6,218,1008.1,65,228.0,27.3,83,24.2,32.3,1.0,8.4,239,1008.7,99,
2025-09-20 15:00:00,28.0,78,23.8,32.5,0.0,9.9,251,1007.9,97,169.0,27.2,84,24.2,32.0,1.0,9.4,252,1008.5,100,
2025-09-20 16:00:00,28.2,79,24.2,32.5,0.0,12.7,227,1007.7,80,113.0,26.8,85,24.1,31.4,2.2,10.6,260,1008.6,100,
2025-09-20 17:00:00,28.1,80,24.3,32.4,0.0,14.1,232,1007.6,33,108.0,26.3,85,23.5,30.3,2.2,11.9,267,1008.8,100,
2025-09-20 18:00:00,27.5,85,24.7,31.6,0.0,16.3,235,1008.2,99,38.0,25.7,86,23.1,29.4,2.2,13.0,272,1009.2,100,
2025-09-20 19:00:00,27.2,83,24.1,30.9,0.0,16.9,258,1008.6,72,0.0,25.0,86,22.5,28.2,2.2,13.8,276,1009.6,99,
2025-09-20 20:00:00,26.1,87,23.7,29.5,0.2,17.2,280,1009.4,56,0.0,24.5,87,22.2,27.4,2.2,14.2,279,1010.0,97,
2025-09-20 21:00:00,25.5,87,23.2,29.0,0.0,14.5,293,1010.0,33,0.0,24.1,87,21.8,26.8,2.2,14.4,283,1010.2,94,
2025-09-20 22:00:00,25.4,85,22.7,29.0,0.0,11.6,306,1009.8,28,0.0,24.0,87,21.7,26.7,0.1,13.7,288,1010.3,89,
2025-09-20 23:00:00,25.3,84,22.4,29.0,0.0,9.3,306,1010.0,38,0.0,23.9,88,21.8,26.8,0.1,12.7,295,1010.2,83,
2025-09-21 00:00:00,25.2,84,22.3,28.7,0.0,10.7,320,1010.3,49,0.0,23.9,88,21.8,27.0,0.1,11.6,306,1010.1,75,
2025-09-21 01:00:00,23.8,92,22.4,27.9,0.3,7.6,355,1010.4,74,0.0,24.0,88,21.9,27.4,0.1,10.5,319,1010.0,67,
2025-09-21 02:00:00,23.5,93,22.3,28.0,0.3,4.3,336,1010.2,87,0.0,24.1,88,22.0,27.5,0.1,10.3,331,1010.0,59,
2025-09-21 03:00:00,23.2,91,21.6,26.9,0.1,6.4,333,1010.3,46,0.0,24.3,87,22.0,27.7,0.1,10.4,340,1010.2,51,
2025-09-21 04:00:00,23.2,89,21.3,26.7,0.0,6.9,309,1011.1,81,0.0,24.4,85,21.7,27.7,0.0,10.5,344,1010.6,42,
2025-09-21 05:00:00,23.2,88,21.1,26.7,0.0,6.1,332,1011.3,40,0.0,24.6,83,21.5,27.7,0.0,10.7,346,1011.2,31,
2025-09-21 06:00:00,23.2,88,21.1,26.4,0.0,7.7,323,1012.2,36,0.0,24.9,80,21.2,27.8,0.0,10.7,346,1011.9,20,
2025-09-21 07:00:00,23.5,85,20.8,26.9,0.0,6.0,343,1012.3,22,37.0,25.1,77,20.8,27.8,0.0,10.7,346,1012.5,10,
2025-09-21 08:00:00,24.9,74,20.0,27.5,0.0,8.5,348,1012.6,15,192.0,25.4,75,20.7,28.0,0.0,11.1,347,1013.0,4,
2025-09-21 09:00:00,26.4,71,20.7,28.9,0.0,11.5,346,1013.4,4,392.0,25.7,73,20.5,28.1,0.0,11.1,347,1013.3,3,
2025-09-21 10:00:00,27.3,61,19.1,28.5,0.0,15.2,329,1013.1,53,533.0,26.0,72,20.5,28.4,0.0,11.4,347,1013.2,9,
2025-09-21 11:00:00,26.7,70,20.8,29.1,0.0,12.7,335,1013.0,35,464.0,26.3,71,20.6,28.8,0.0,11.9,346,1012.9,22,
2025-09-21 12:00:00,27.2,63,19.6,28.8,0.0,13.8,340,1013.1,86,507.0,26.7,71,21.0,29.3,0.0,12.2,346,1012.4,38,
2025-09-21 13:00:00,27.6,63,19.9,29.4,0.0,14.1,354,1012.5,29,479.0,27.0,70,21.1,29.6,0.0,12.3,345,1011.9,54,
2025-09-21 14:00:00,27.2,68,20.8,29.3,0.0,15.1,360,1012.3,32,509.0,27.2,70,21.3,29.9,0.0,12.6,347,1011.6,68,
2025-09-21 15:00:00,27.1,66,20.2,28.9,0.0,14.1,6,1011.8,42,443.0,27.3,70,21.3,30.0,0.0,12.4,350,1011.6,76,
2025-09-21 16:00:00,26.7,64,19.3,27.9,0.0,16.0,14,1012.3,25,223.0,27.1,70,21.1,29.8,0.0,11.9,357,1011.9,79,
2025-09-21 17:00:00,26.2,65,19.1,27.3,0.0,15.5,25,1012.5,31,204.0,26.7,70,20.8,29.3,0.0,11.6,7,1012.5,77,
2025-09-21 18:00:00,25.1,70,19.2,26.6,0.0,13.2,26,1013.2,82,59.0,26.2,70,20.3,28.5,0.0,11.7,18,1013.2,74,
2025-09-21 19:00:00,24.4,73,19.2,25.9,0.1,13.3,33,1013.9,89,0.0,25.7,69,19.6,27.6,0.0,12.1,30,1014.0,69,
2025-09-21 20:00:00,24.3,71,18.7,25.5,0.0,14.0,35,1014.5,69,0.0,25.2,69,19.1,26.7,0.0,12.8,38,1014.7,64,
2025-09-21 21:00:00,24.0,70,18.2,25.0,0.0,13.5,34,1015.6,57,0.0,24.8,69,18.7,26.0,0.0,13.5,44,1015.3,60,
2025-09-21 22:00:00,23.6,70,17.8,24.6,0.0,12.4,36,1015.5,40,0.0,24.4,68,18.1,25.4,0.0,13.5,46,1015.7,57,
2025-09-21 23:00:00,23.2,70,17.4,24.3,0.0,10.4,44,1015.9,42,0.0,24.0,68,17.7,24.8,0.0,13.5,46,1016.1,53,
2025-09-22 00:00:00,22.6,72,17.3,23.9,0.0,9.3,36,1016.9,41,0.0,23.7,67,17.2,24.3,0.0,13.0,44,1016.3,49,
2025-09-22 01:00:00,22.2,73,17.1,23.4,0.0,9.3,36,1017.5,37,0.0,23.4,66,16.7,23.8,0.0,12.7,43,1016.6,45,
2025-09-22 02:00:00,21.9,73,16.8,22.8,0.0,9.9,33,1017.5,36,0.0,23.1,66,16.4,23.6,0.0,12.0,41,1016.8,42,
2025-09-22 03:00:00,21.7,71,16.2,22.4,0.0,9.8,36,1017.2,29,0.0,23.0,65,16.1,23.4,0.0,11.7,43,1017.1,40,
2025-09-22 04:00:00,21.5,71,16.0,22.1,0.0,10.5,41,1017.3,20,0.0,23.0,64,15.8,23.3,0.0,11.5,46,1017.4,39,
2025-09-22 05:00:00,21.2,72,15.9,21.9,0.0,8.7,38,1017.4,25,0.0,23.1,64,15.9,23.5,0.0,11.5,49,1017.7,39,
2025-09-22 06:00:00,20.8,76,16.4,21.7,0.0,8.9,27,1017.8,31,0.0,23.3,64,16.1,23.7,0.0,11.6,54,1018.1,39,
2025-09-22 07:00:00,21.0,74,16.2,21.8,0.0,9.4,32,1017.9,22,36.0,23.5,63,16.1,23.9,0.0,11.6,60,1018.3,40,
2025-09-22 08:00:00,22.4,69,16.4,23.3,0.0,8.9,43,1018.1,27,181.0,23.8,63,16.3,24.2,0.0,11.8,67,1018.5,42,
2025-09-22 09:00:00,23.8,65,16.8,24.7,0.0,10.0,64,1018.9,27,346.0,24.1,62,16.3,24.5,0.0,12.1,73,1018.5,45,
2025-09-22 10:00:00,25.1,60,16.8,25.7,0.0,12.0,81,1019.0,26,475.0,24.4,61,16.4,24.8,0.0,12.4,80,1018.3,50,
2025-09-22 11:00:00,26.3,55,16.5,26.9,0.0,13.3,92,1018.5,14,610.0,24.9,60,16.6,25.4,0.0,12.6,90,1017.9,58,
2025-09-22 12:00:00,26.6,55,16.8,28.5,0.0,9.1,97,1018.0,17,701.0,25.5,59,16.9,25.9,0.0,13.4,98,1017.4,66,
2025-09-22 13:00:00,27.2,54,17.1,29.1,0.0,10.7,110,1017.2,17,734.0,25.9,58,17.0,26.3,0.0,14.2,106,1016.9,74,
2025-09-22 14:00:00,27.3,54,17.1,28.7,0.0,12.5,123,1016.6,13,683.0,26.3,57,17.1,26.6,0.0,15.0,111,1016.5,80,
2025-09-22 15:00:00,26.9,56,17.3,27.7,0.0,12.3,128,1016.5,34,531.0,26.5,57,17.3,26.9,0.0,15.3,114,1016.3,84,
2025-09-22 16:00:00,26.8,55,17.0,27.5,0.0,12.1,117,1016.3,38,285.0,26.5,57,17.3,26.9,0.0,15.0,114,1016.3,84,
2025-09-22 17:00:00,26.4,57,17.2,27.0,0.0,13.2,116,1016.1,48,159.0,26.3,58,17.3,26.9,0.0,13.6,112,1016.5,81,
2025-09-22 18:00:00,25.6,61,17.5,27.3,0.0,6.2,100,1016.9,68,44.0,25.9,59,17.3,26.7,0.0,12.2,109,1016.8,76,
2025-09-22 19:00:00,25.5,62,17.6,26.9,0.0,9.1,124,1017.3,77,0.0,25.6,60,17.2,26.6,0.0,10.4,104,1017.1,71,
2025-09-22 20:00:00,25.2,69,19.1,26.9,0.0,11.6,126,1017.7,87,0.0,25.2,62,17.4,26.5,0.0,9.1,99,1017.3,67,
2025-09-22 21:00:00,25.2,69,19.1,27.1,0.0,10.2,108,1017.6,64,0.0,25.0,63,17.5,26.4,0.0,8.7,97,1017.5,65,
2025-09-22 22:00:00,25.1,71,19.4,27.3,0.0,9.1,99,1017.6,62,0.0,25.0,64,17.7,26.5,0.0,8.8,99,1017.5,66,
2025-09-22 23:00:00,24.9,71,19.3,27.0,0.0,9.7,105,1017.8,46,0.0,25.0,66,18.2,26.6,0.0,9.3,106,1017.5,69,
2025-09-23 00:00:00,23.7,74,18.8,25.9,0.0,6.6,77,1017.8,36,0.0,25.0,67,18.5,26.7,0.0,10.0,111,1017.3,74,
2025-09-23 01:00:00,23.4,77,19.1,25.9,0.0,6.3,77,1017.5,45,0.0,25.1,69,19.0,26.8,0.0,11.1,115,1017.2,78,
2025-09-23 02:00:00,23.0,78,19.0,25.3,0.0,7.1,66,1017.5,50,0.0,25.0,71,19.4,26.8,0.0,12.1,117,1017.2,82,
2025-09-23 03:00:00,21.9,84,19.0,24.2,0.0,7.4,67,1017.3,56,0.0,24.9,73,19.7,26.8,0.0,12.4,116,1017.2,84,
2025-09-23 04:00:00,21.5,87,19.2,23.7,0.4,8.6,57,1017.3,68,0.0,24.5,76,20.0,26.6,3.3,12.3,111,1017.4,85,
2025-09-23 05:00:00,21.2,88,19.1,23.4,0.2,8.7,60,1017.3,49,0.0,24.0,80,20.3,26.2,3.3,12.1,100,1017.6,85,
2025-09-23 06:00:00,22.5,87,20.2,24.9,0.2,10.5,94,1017.4,71,0.0,23.4,84,20.5,25.7,3.3,12.2,90,1018.0,84,
2025-09-23 07:00:00,22.9,87,20.6,25.3,0.6,12.0,99,1017.6,77,12.0,22.8,87,20.5,25.0,3.3,12.8,79,1018.3,83,
2025-09-23 08:00:00,22.5,88,20.4,24.7,5.8,12.2,90,1017.8,89,14.0,22.4,90,20.6,24.6,3.3,13.7,72,1018.5,82,
2025-09-23 09:00:00,22.0,89,20.1,24.1,1.3,12.4,82,1018.9,94,49.0,22.2,92,20.8,24.3,3.3,14.4,68,1018.5,81,
2025-09-23 10:00:00,21.5,91,20.0,23.6,1.0,12.4,73,1018.8,85,54.0,22.3,92,20.9,24.5,1.6,14.6,70,1018.3,79,
2025-09-23 11:00:00,22.2,90,20.4,24.5,0.2,12.3,75,1018.6,52,196.0,22.7,90,21.0,24.9,1.6,14.7,73,1017.9,77,
2025-09-23 12:00:00,23.0,89,21.0,25.5,0.0,13.0,87,1018.4,68,281.0,23.3,88,21.2,25.7,1.6,14.3,80,1017.4,74,
2025-09-23 13:00:00,23.5,88,21.4,25.9,0.0,14.4,91,1017.3,70,197.0,23.9,85,21.2,26.2,1.6,14.4,86,1016.9,72,
2025-09-23 14:00:00,23.9,87,21.6,26.4,0.1,14.8,94,1016.7,62,196.0,24.4,83,21.3,26.8,1.6,14.8,93,1016.5,70,
2025-09-23 15:00:00,23.5,90,21.8,26.3,0.0,14.0,90,1016.7,52,195.0,24.7,82,21.4,27.2,1.6,14.9,97,1016.3,69,
2025-09-23 16:00:00,24.2,87,21.9,26.8,0.0,14.9,98,1016.3,46,180.0,24.8,82,21.5,27.3,0.4,15.0,100,1016.3,70,
2025-09-23 17:00:00,24.2,86,21.7,26.8,0.0,15.3,98,1016.4,50,109.0,24.8,83,21.7,27.4,0.4,15.2,104,1016.5,72,
2025-09-23 18:00:00,23.8,89,21.9,26.2,0.0,17.0,103,1016.8,63,31.0,24.8,84,21.9,27.4,0.4,15.3,105,1016.8,75,
2025-09-23 19:00:00,23.7,89,21.8,26.0,0.0,16.9,102,1017.1,62,0.0,24.6,86,22.1,27.3,0.4,15.5,108,1017.0,78,
2025-09-23 20:00:00,23.9,88,21.8,26.3,0.0,16.1,100,1017.3,49,0.0,24.5,87,22.2,27.3,0.4,15.6,109,1017.3,80,
2025-09-23 21:00:00,23.9,88,21.8,26.2,0.0,16.5,100,1017.7,61,0.0,24.4,88,22.2,27.1,0.4,15.6,109,1017.4,81,
2025-09-23 22:00:00,24.1,87,21.8,26.3,0.0,17.2,100,1017.9,63,0.0,24.2,89,22.3,27.0,0.1,15.8,107,1017.4,80,
2025-09-23 23:00:00,24.2,87,21.9,26.4,0.0,17.7,107,1018.0,51,0.0,24.0,89,22.0,26.6,0.1,16.0,104,1017.3,78,
2025-09-24 00:00:00,24.2,87,21.9,26.3,0.0,18.3,112,1017.5,66,0.0,23.7,89,21.8,26.2,0.1,16.1,100,1017.2,75,
2025-09-24 01:00:00,24.2,86,21.7,26.5,0.0,17.3,107,1017.1,63,0.0,23.5,89,21.6,25.8,0.1,16.7,96,1017.0,72,
2025-09-24 02:00:00,24.2,86,21.7,26.4,0.0,17.5,109,1016.9,56,0.0,23.4,89,21.4,25.5,0.1,17.0,94,1016.9,70,
2025-09-24 03:00:00,23.9,88,21.8,26.3,0.0,15.9,108,1017.0,71,0.0,23.4,89,21.4,25.5,0.1,17.3,94,1016.8,69,
2025-09-24 04:00:00,24.1,87,21.8,26.7,0.1,15.5,112,1016.6,73,0.0,23.5,88,21.4,25.5,0.0,17.7,95,1016.8,69,
2025-09-24 05:00:00,24.1,87,21.8,26.5,0.0,16.4,109,1016.1,69,0.0,23.8,87,21.5,25.8,0.0,18.2,98,1016.9,71,
2025-09-24 06:00:00,23.8,88,21.7,25.9,0.0,17.6,105,1016.6,45,0.0,24.2,86,21.7,26.2,0.0,18.8,102,1017.0,73,
2025-09-24 07:00:00,24.3,86,21.8,26.2,0.0,20.3,110,1016.5,53,16.0,24.6,85,21.9,26.7,0.0,19.5,106,1017.1,75,
2025-09-24 08:00:00,24.9,85,22.2,26.8,0.0,21.3,112,1016.4,49,100.0,25.1,84,22.2,27.1,0.0,20.3,110,1017.2,77,
2025-09-24 09:00:00,25.6,82,22.3,27.6,0.0,21.4,117,1016.4,50,187.0,25.4,83,22.3,27.5,0.0,20.7,113,1017.1,78,
2025-09-24 10:00:00,26.7,79,22.7,29.0,0.0,20.4,122,1016.4,41,246.0,25.8,82,22.5,27.9,0.1,21.1,115,1016.9,78,
2025-09-24 11:00:00,27.1,78,22.9,29.7,0.0,18.9,129,1016.2,51,271.0,26.1,82,22.8,28.4,0.1,21.4,119,1016.6,78,
2025-09-24 12:00:00,26.6,80,22.8,29.2,0.1,18.9,125,1016.3,66,215.0,26.5,82,23.2,29.0,0.1,21.7,122,1016.2,77,
2025-09-24 13:00:00,26.7,80,23.0,29.5,0.0,18.7,118,1015.8,66,244.0,26.8,82,23.5,29.4,0.1,21.7,126,1015.8,76,
2025-09-24 14:00:00,27.2,80,23.5,29.9,0.0,21.1,123,1015.0,43,265.0,27.1,82,23.7,29.8,0.1,21.8,128,1015.5,75,
2025-09-24 15:00:00,27.4,80,23.7,30.6,0.0,18.3,126,1015.6,51,276.0,27.2,82,23.9,30.1,0.1,21.5,130,1015.4,75,
2025-09-24 16:00:00,27.0,83,23.9,30.4,0.1,17.9,124,1015.6,46,161.0,27.2,83,24.1,30.3,1.1,20.9,131,1015.5,75,
2025-09-24 17:00:00,26.5,85,23.8,29.9,0.1,17.9,120,1015.6,44,116.0,27.1,84,24.2,30.4,1.1,20.2,130,1015.8,76,
2025-09-24 18:00:00,25.9,89,23.9,29.6,0.3,15.6,130,1015.9,50,34.0,27.0,85,24.2,30.4,1.1,19.2,130,1016.2,77,
2025-09-24 19:00:00,26.0,88,23.9,29.6,0.2,16.6,132,1016.3,46,0.0,26.8,86,24.2,30.4,1.1,18.2,129,1016.5,78,
2025-09-24 20:00:00,26.2,87,23.8,29.9,0.0,15.5,132,1016.9,45,0.0,26.6,87,24.2,30.3,1.1,17.1,129,1016.9,78,
2025-09-24 21:00:00,26.1,86,23.6,29.7,0.0,15.3,133,1017.3,28,0.0,26.4,88,24.2,30.3,1.1,15.9,129,1017.1,79,
2025-09-24 22:00:00,26.1,86,23.5,29.7,0.0,14.8,133,1017.1,31,0.0,26.2,89,24.3,30.3,0.2,14.8,131,1017.2,79,
2025-09-24 23:00:00,26.1,86,23.5,29.9,0.0,13.8,133,1017.2,39,0.0,26.0,90,24.2,30.3,0.2,13.5,134,1017.1,79,
2025-09-25 00:00:00,25.8,86,23.3,29.6,0.0,13.0,136,1017.4,41,0.0,25.8,91,24.2,30.3,0.2,12.2,137,1017.0,79,
2025-09-25 01:00:00,25.6,89,23.7,29.7,0.3,12.0,141,1017.2,45,0.0,25.6,92,24.2,30.2,0.2,11.3,143,1016.9,79,
2025-09-25 02:00:00,25.6,88,23.5,29.8,0.0,11.2,132,1017.1,42,0.0,25.5,93,24.2,30.2,0.2,10.4,146,1016.8,80,
2025-09-25 03:00:00,25.6,90,23.8,30.0,0.0,10.9,136,1016.7,47,0.0,25.4,93,24.1,30.1,0.2,9.7,149,1016.9,80,
2025-09-25 04:00:00,25.6,91,24.0,30.3,0.0,8.9,140,1016.9,84,0.0,25.3,93,24.1,30.1,0.9,9.4,148,1017.1,81,
2025-09-25 05:00:00,25.3,92,23.9,30.3,0.0,7.5,125,1016.5,31,0.0,25.3,93,24.1,30.1,0.9,9.3,144,1017.5,83,
2025-09-25 06:00:00,25.2,88,23.1,29.6,0.0,7.6,121,1017.2,36,0.0,25.3,92,23.9,30.0,0.9,9.7,138,1017.9,84,
2025-09-25 07:00:00,25.4,89,23.5,30.0,0.0,8.4,121,1017.4,75,21.0,25.4,92,24.0,30.0,0.9,9.7,132,1018.3,86,
2025-09-25 08:00:00,25.9,88,23.7,30.8,0.0,6.5,124,1017.9,40,71.0,25.5,91,23.9,30.0,0.9,10.0,128,1018.6,86,
2025-09-25 09:00:00,27.0,83,23.8,31.8,0.0,8.2,139,1018.6,26,190.0,25.6,90,23.8,30.2,0.9,9.8,126,1018.7,85,
2025-09-25 10:00:00,27.7,79,23.7,32.7,0.0,6.4,117,1018.6,34,425.0,25.9,89,23.9,30.6,0.0,9.3,126,1018.6,82,
2025-09-25 11:00:00,28.1,79,24.1,33.0,0.0,8.6,112,1018.7,39,479.0,26.3,88,24.1,31.3,0.0,8.0,126,1018.3,76,
2025-09-25 12:00:00,27.7,80,23.9,32.1,0.0,10.9,98,1018.5,65,435.0,26.7,86,24.2,31.9,0.0,6.9,129,1018.0,69,
2025-09-25 13:00:00,27.5,81,24.0,31.8,0.0,11.9,93,1017.8,42,408.0,27.1,85,24.4,32.6,0.0,5.9,133,1017.6,63,
2025-09-25 14:00:00,27.7,80,23.9,32.1,0.0,10.8,94,1017.6,37,475.0,27.4,84,24.5,33.1,0.0,5.1,135,1017.3,58,
2025-09-25 15:00:00,27.0,83,23.8,31.3,0.0,11.2,96,1017.3,77,415.0,27.6,84,24.6,33.4,0.0,4.3,138,1017.2,55,
2025-09-25 16:00:00,26.7,84,23.8,31.1,0.0,10.5,94,1017.4,73,269.0,27.5,84,24.5,33.3,0.0,4.3,138,1017.3,55,
2025-09-25 17:00:00,26.2,86,23.7,30.7,0.0,9.4,92,1017.5,59,135.0,27.3,86,24.7,33.1,0.0,4.6,135,1017.5,57,
2025-09-25 18:00:00,25.8,87,23.4,30.7,0.0,5.8,83,1017.9,57,45.0,26.9,87,24.6,32.7,0.0,4.8,132,1017.7,60,
2025-09-25 19:00:00,25.4,89,23.5,30.5,0.0,4.9,73,1018.6,48,0.0,26.5,88,24.4,32.1,0.0,5.1,129,1018.0,63,
2025-09-25 20:00:00,25.2,90,23.5,30.1,0.0,5.8,97,1018.6,48,0.0,26.2,90,24.4,31.7,0.0,5.4,127,1018.2,67,
2025-09-25 21:00:00,24.8,90,23.1,29.6,0.0,5.1,98,1018.5,46,0.0,25.9,91,24.3,31.4,0.0,5.4,127,1018.3,70,
2025-09-25 22:00:00,24.6,91,23.0,29.4,0.0,5.1,94,1018.1,23,0.0,25.6,92,24.2,31.1,0.0,4.9,126,1018.2,73,
2025-09-25 23:00:00,24.7,91,23.1,29.7,0.0,4.3,132,1017.8,53,0.0,25.4,93,24.2,31.0,0.0,4.1,128,1018.0,77,
2025-09-26 00:00:00,24.3,96,23.6,29.4,0.0,5.5,11,1017.8,49,0.0,25.2,94,24.2,30.9,0.0,3.3,131,1017.8,81,
2025-09-26 01:00:00,23.9,98,23.5,28.9,0.0,5.6,27,1017.6,35,0.0,25.0,94,24.0,30.8,0.0,2.3,129,1017.5,84,
2025-09-26 02:00:00,23.7,98,23.3,28.6,0.0,5.4,37,1017.3,38,0.0,24.9,94,23.9,30.8,0.0,1.0,135,1017.3,87,
2025-09-26 03:00:00,23.9,97,23.4,28.9,0.0,4.8,42,1017.3,44,0.0,24.9,94,23.9,30.9,0.0,0.4,180,1017.2,88,
2025-09-26 04:00:00,23.6,98,23.3,28.6,0.0,4.3,42,1017.5,48,0.0,25.0,93,23.8,30.8,0.3,1.1,270,1017.3,87,
2025-09-26 05:00:00,23.6,98,23.2,28.7,0.6,3.2,27,1017.6,88,0.0,25.2,92,23.8,30.9,0.3,1.9,292,1017.5,85,
2025-09-26 06:00:00,23.9,97,23.4,28.8,1.2,5.6,345,1017.8,65,0.0,25.5,90,23.8,31.0,0.3,3.2,297,1017.8,82,
2025-09-26 07:00:00,23.8,98,23.4,28.9,0.0,4.1,15,1017.6,44,17.0,25.8,88,23.7,31.1,0.3,4.3,294,1018.1,78,
2025-09-26 08:00:00,24.8,95,23.9,30.4,0.0,3.1,339,1017.7,55,103.0,26.1,86,23.5,31.1,0.3,5.6,297,1018.3,76,
2025-09-26 09:00:00,25.5,90,23.7,30.8,0.0,4.2,340,1018.4,55,239.0,26.3,85,23.5,31.1,0.3,6.4,297,1018.3,75,
2025-09-26 10:00:00,26.4,84,23.5,31.4,0.0,5.4,312,1018.6,63,212.0,26.4,84,23.5,31.1,0.1,7.2,297,1018.1,77,
2025-09-26 11:00:00,27.1,80,23.4,32.0,0.0,5.6,310,1018.4,47,260.0,26.6,84,23.6,31.3,0.1,8.0,297,1017.6,81,
2025-09-26 12:00:00,27.7,78,23.5,32.4,0.0,7.6,278,1017.5,64,296.0,26.7,84,23.8,31.4,0.1,9.0,299,1017.1,86,
2025-09-26 13:00:00,28.1,75,23.2,32.3,0.0,9.6,283,1016.7,68,307.0,26.8,85,24.0,31.5,0.1,9.7,297,1016.5,90,
2025-09-26 14:00:00,28.0,74,22.9,31.8,0.0,10.8,274,1016.2,62,248.0,26.8,85,24.0,31.4,0.1,10.1,297,1016.1,92,
2025-09-26 15:00:00,27.6,80,23.8,31.8,0.0,12.6,290,1016.1,51,238.0,26.7,85,24.0,31.2,0.1,10.6,298,1015.9,91,
2025-09-26 16:00:00,27.3,80,23.5,31.4,0.0,11.4,305,1016.1,54,123.0,26.5,85,23.8,30.9,0.2,10.6,298,1016.0,85,
2025-09-26 17:00:00,26.9,77,22.5,30.6,0.0,9.7,321,1016.2,53,68.0,26.2,85,23.5,30.4,0.2,10.6,298,1016.2,75,
2025-09-26 18:00:00,26.3,81,22.8,30.5,0.0,7.9,321,1016.4,56,23.0,25.9,85,23.1,29.9,0.2,10.3,299,1016.6,64,
2025-09-26 19:00:00,25.5,82,22.2,29.5,0.0,7.4,337,1016.9,53,0.0,25.5,85,22.8,29.4,0.2,9.7,301,1016.9,52,
2025-09-26 20:00:00,24.9,82,21.6,28.7,0.0,6.2,339,1017.4,26,0.0,25.1,85,22.4,28.9,0.2,9.4,302,1017.2,42,
2025-09-26 21:00:00,24.7,88,22.5,29.1,0.0,5.5,302,1017.5,46,0.0,24.8,85,22.1,28.4,0.2,9.0,307,1017.4,37,
2025-09-26 22:00:00,24.3,88,22.2,28.5,0.0,6.1,315,1017.3,39,0.0,24.5,86,22.0,28.1,0.0,8.7,312,1017.4,37,
2025-09-26 23:00:00,24.1,89,22.1,28.2,0.0,6.1,320,1017.5,45,0.0,24.1,87,21.8,27.6,0.0,8.7,322,1017.2,40,
2025-09-27 00:00:00,23.9,87,21.6,27.4,0.0,7.6,335,1017.4,42,0.0,23.8,88,21.7,27.2,0.0,8.7,330,1017.0,45,
2025-09-27 01:00:00,23.5,88,21.4,27.3,0.0,5.1,352,1017.0,54,0.0,23.5,90,21.7,26.9,0.0,8.9,339,1016.7,51,
2025-09-27 02:00:00,23.2,88,21.1,26.5,0.0,7.1,336,1016.7,31,0.0,23.2,90,21.5,26.5,0.0,9.3,347,1016.6,56,
2025-09-27 03:00:00,22.8,88,20.7,26.0,0.0,7.3,349,1016.4,45,0.0,23.1,90,21.4,26.4,0.0,9.1,353,1016.5,60,
2025-09-27 04:00:00,23.0,87,20.7,26.2,0.0,6.7,16,1016.4,61,0.0,23.1,89,21.2,26.4,0.0,8.3,360,1016.6,62,
2025-09-27 05:00:00,22.9,87,20.6,26.1,0.0,6.4,52,1016.8,65,0.0,23.3,87,21.0,26.5,0.0,7.6,8,1016.9,63,
2025-09-27 06:00:00,23.3,85,20.6,26.2,0.0,8.4,25,1017.1,45,0.0,23.5,84,20.6,26.7,0.0,6.5,19,1017.2,64,
2025-09-27 07:00:00,23.4,80,19.7,25.7,0.0,9.7,42,1017.3,81,8.0,23.7,81,20.3,26.9,0.0,5.7,35,1017.5,64,
2025-09-27 08:00:00,23.8,77,19.5,26.2,0.0,8.1,45,1017.2,79,67.0,24.0,78,19.9,27.1,0.0,5.1,51,1017.7,66,
2025-09-27 09:00:00,24.2,79,20.3,27.2,0.0,7.0,35,1017.7,83,152.0,24.3,75,19.5,27.2,0.0,4.8,63,1017.8,68,
2025-09-27 10:00:00,24.8,75,20.1,27.4,0.0,8.7,60,1017.0,66,158.0,24.6,72,19.2,27.4,0.0,4.5,76,1017.7,73,
2025-09-27 11:00:00,25.8,70,19.9,28.2,0.0,9.5,101,1017.0,54,306.0,25.0,68,18.7,27.7,0.0,3.6,90,1017.4,79,
2025-09-27 12:00:00,26.2,68,19.8,29.0,0.0,6.6,112,1017.0,54,304.0,25.5,65,18.4,28.1,0.0,3.1,111,1017.0,87,
2025-09-27 13:00:00,25.9,68,19.5,28.2,0.0,8.6,123,1016.4,87,288.0,25.9,61,17.8,28.2,0.0,3.1,135,1016.6,93,
2025-09-27 14:00:00,25.7,67,19.1,28.0,0.0,7.7,118,1015.8,89,186.0,26.1,59,17.5,28.3,0.0,3.2,153,1016.2,96,
2025-09-27 15:00:00,25.9,67,19.3,29.3,0.0,0.5,135,1015.6,70,127.0,26.1,59,17.5,28.3,0.0,3.1,159,1016.0,95,
2025-09-27 16:00:00,25.9,68,19.6,28.9,0.0,4.2,110,1015.4,70,142.0,25.8,61,17.7,28.2,0.0,2.7,157,1015.9,88,
2025-09-27 17:00:00,25.6,68,19.3,28.7,0.0,2.6,106,1015.0,53,90.0,25.3,65,18.3,28.1,0.0,1.6,153,1015.9,76,
2025-09-27 18:00:00,25.1,76,20.5,29.0,0.0,1.3,34,1015.1,41,25.0,24.7,70,18.8,27.8,0.0,0.7,90,1015.9,61,
2025-09-27 19:00:00,24.2,78,20.1,27.5,0.0,4.5,29,1015.5,43,0.0,24.0,76,19.5,27.3,0.0,1.8,37,1015.9,45,
2025-09-27 20:00:00,23.6,80,20.0,26.6,0.0,5.6,40,1015.6,35,0.0,23.3,80,19.7,26.5,0.0,3.2,27,1015.8,32,
2025-09-27 21:00:00,22.7,82,19.5,25.5,0.0,5.9,11,1015.9,15,0.0,22.9,83,19.8,26.1,0.0,4.0,27,1015.7,22,
2025-09-27 22:00:00,22.1,86,19.7,25.1,0.0,4.6,45,1015.1,25,0.0,22.6,83,19.5,25.5,0.0,4.7,32,1015.4,16,
2025-09-27 23:00:00,21.8,88,19.7,24.6,0.0,5.9,43,1014.9,16,0.0,22.4,82,19.1,25.0,0.0,5.6,40,1015.1,11,
2025-09-28 00:00:00,21.7,88,19.6,24.6,0.0,5.1,39,1014.8,66,0.0,22.2,81,18.8,24.6,0.0,6.4,47,1014.7,7,
2025-09-28 01:00:00,21.5,88,19.4,24.2,0.0,5.4,48,1014.4,17,0.0,22.1,78,18.1,24.0,0.0,7.5,55,1014.3,6,
2025-09-28 02:00:00,21.3,90,19.6,24.0,0.0,6.1,50,1014.1,22,0.0,22.1,77,17.9,23.8,0.0,8.0,63,1013.9,8,
2025-09-28 03:00:00,21.4,90,19.7,24.0,0.0,7.4,47,1013.9,54,0.0,22.2,76,17.8,23.7,0.0,8.8,71,1013.7,12,
2025-09-28 04:00:00,21.7,86,19.3,23.9,0.0,8.9,76,1013.5,54,0.0,22.4,77,18.2,24.0,0.1,9.5,81,1013.6,21,
2025-09-28 05:00:00,23.0,82,19.7,24.9,0.0,12.2,104,1013.0,63,0.0,22.8,78,18.8,24.6,0.1,10.5,96,1013.6,35,
2025-09-28 06:00:00,23.4,81,20.0,25.5,0.0,12.3,111,1013.1,84,0.0,23.3,80,19.6,25.2,0.1,11.7,108,1013.7,52,
2025-09-28 07:00:00,23.4,83,20.3,25.5,0.0,13.0,109,1013.0,51,12.0,23.7,81,20.3,25.7,0.1,13.5,119,1013.7,69,
2025-09-28 08:00:00,23.9,83,20.8,26.4,0.0,12.7,115,1013.1,76,61.0,24.2,83,21.1,26.4,0.1,15.0,125,1013.7,83,
2025-09-28 09:00:00,24.3,83,21.2,26.7,0.0,13.9,127,1013.5,91,72.0,24.5,84,21.6,27.0,0.1,15.3,129,1013.5,93,
2025-09-28 10:00:00,24.1,86,21.6,27.0,0.4,11.7,146,1013.1,82,103.0,24.8,85,22.1,27.6,1.1,14.8,133,1013.1,98,
2025-09-28 11:00:00,24.6,86,22.1,28.3,0.0,8.9,148,1012.7,46,108.0,25.1,85,22.4,28.3,1.1,13.0,136,1012.5,100,
2025-09-28 12:00:00,25.6,80,21.9,28.7,0.0,11.9,178,1012.1,53,169.0,25.3,85,22.6,29.0,1.1,11.0,142,1011.8,100,
2025-09-28 13:00:00,25.8,81,22.3,29.5,0.0,9.4,182,1011.3,50,290.0,25.5,85,22.8,29.6,1.1,8.6,147,1011.1,100,
2025-09-28 14:00:00,26.1,80,22.3,30.2,0.0,6.5,180,1010.7,40,260.0,25.7,85,23.0,30.2,1.1,6.5,161,1010.5,97,
2025-09-28 15:00:00,26.2,81,22.7,30.5,0.0,7.0,192,1010.3,61,280.0,25.8,85,23.1,30.6,1.1,5.4,180,1010.1,94,
2025-09-28 16:00:00,26.5,79,22.6,31.1,0.0,4.2,211,1010.0,53,97.0,25.9,85,23.2,30.7,0.2,5.5,203,1010.0,88,
2025-09-28 17:00:00,26.0,84,23.0,30.5,0.6,7.0,258,1010.1,52,68.0,26.0,84,23.1,30.6,0.2,6.4,227,1010.0,80,
2025-09-28 18:00:00,25.1,89,23.2,29.6,1.0,7.5,253,1010.2,40,20.0,26.1,83,22.9,30.4,0.2,7.9,240,1010.2,70,
2025-09-28 19:00:00,25.3,88,23.2,29.3,0.0,11.0,251,1010.3,39,0.0,26.1,83,23.0,30.1,0.2,10.0,249,1010.3,60,
2025-09-28 20:00:00,25.6,85,22.9,29.2,0.0,12.9,252,1010.7,51,0.0,26.1,83,22.9,29.8,0.2,11.7,252,1010.4,54,
2025-09-28 21:00:00,25.6,86,23.1,29.2,0.0,13.6,248,1010.4,30,0.0,26.0,83,22.9,29.5,0.2,13.4,256,1010.4,51,
2025-09-28 22:00:00,25.5,87,23.1,29.1,0.0,13.0,242,1010.0,32,0.0,25.9,84,23.0,29.2,1.1,14.8,257,1010.1,54,
2025-09-28 23:00:00,25.4,86,22.8,28.9,0.0,12.8,238,1009.9,38,0.0,25.7,87,23.4,29.1,1.1,15.8,258,1009.7,61,
2025-09-29 00:00:00,25.6,85,22.9,29.1,0.0,13.7,243,1009.7,96,0.0,25.5,90,23.7,28.9,1.1,16.9,258,1009.2,71,
2025-09-29 01:00:00,25.7,84,22.8,29.0,0.0,14.0,244,1009.1,100,0.0,25.2,92,23.8,28.6,1.1,17.7,257,1008.8,81,
2025-09-29 02:00:00,25.6,85,22.9,29.1,0.0,12.8,260,1008.8,100,0.0,25.0,94,24.0,28.5,1.1,18.0,258,1008.4,90,
2025-09-29 03:00:00,25.2,88,23.1,28.5,0.2,15.2,265,1008.7,100,0.0,24.8,95,24.0,28.3,1.1,17.5,261,1008.3,96,
2025-09-29 04:00:00,25.0,92,23.6,28.6,2.4,15.1,269,1008.7,100,0.0,24.7,94,23.6,28.2,0.8,16.3,265,1008.5,99,
2025-09-29 05:00:00,24.6,92,23.2,28.3,4.3,13.6,302,1009.0,40,0.0,24.5,92,23.1,28.0,0.8,14.4,273,1008.9,100,
2025-09-29 06:00:00,24.3,90,22.6,27.4,1.7,14.7,292,1009.6,65,0.0,24.4,90,22.6,27.8,0.8,12.6,283,1009.5,99,
2025-09-29 07:00:00,23.8,92,22.4,27.5,0.8,10.5,311,1009.7,54,14.0,24.3,87,22.0,27.5,0.8,11.4,298,1010.0,98,
2025-09-29 08:00:00,23.5,92,22.1,27.2,2.3,8.7,322,1010.3,83,54.0,24.2,84,21.3,27.2,0.8,10.9,314,1010.5,97,
2025-09-29 09:00:00,23.5,89,21.6,26.5,0.2,11.4,325,1011.0,72,64.0,24.3,82,21.0,27.0,0.8,11.3,323,1010.7,96,
2025-09-29 10:00:00,24.8,79,20.9,27.5,0.0,10.5,338,1010.7,44,217.0,24.5,80,20.8,27.0,0.0,11.7,326,1010.6,96,
2025-09-29 11:00:00,25.7,71,20.1,27.9,0.0,11.5,321,1010.8,52,279.0,24.8,78,20.7,27.2,0.0,12.2,326,1010.3,95,
2025-09-29 12:00:00,26.5,68,20.1,28.5,0.0,12.6,329,1010.1,87,335.0,25.2,75,20.4,27.4,0.0,12.8,322,1009.9,95,
2025-09-29 13:00:00,26.5,69,20.4,28.8,0.0,12.1,337,1009.2,37,331.0,25.5,73,20.3,27.6,0.0,13.3,319,1009.5,94,
2025-09-29 14:00:00,26.8,65,19.6,28.4,0.0,13.9,343,1008.8,31,458.0,25.8,72,20.3,27.9,0.0,13.2,317,1009.3,91,
2025-09-29 15:00:00,25.6,69,19.5,27.0,0.0,14.7,349,1009.4,44,326.0,25.8,71,20.1,27.7,0.0,13.2,317,1009.2,88,
2025-09-29 16:00:00,25.0,71,19.3,26.6,0.0,12.8,349,1009.8,41,182.0,25.5,71,19.9,27.4,0.0,12.8,320,1009.4,83,
2025-09-29 17:00:00,24.6,71,19.0,26.4,0.0,11.1,347,1009.8,41,118.0,25.1,71,19.4,26.9,0.0,12.2,326,1009.8,76,
2025-09-29 18:00:00,24.0,73,18.9,25.7,0.0,11.4,342,1010.4,46,27.0,24.5,72,19.1,26.3,0.0,11.4,332,1010.4,69,
2025-09-29 19:00:00,23.5,72,18.1,25.1,0.0,8.8,348,1010.9,70,0.0,23.9,73,18.7,25.5,0.0,10.8,339,1010.9,61,
2025-09-29 20:00:00,23.0,73,17.9,24.6,0.0,8.7,353,1011.6,53,0.0,23.3,74,18.4,24.8,0.0,10.4,346,1011.4,53,
2025-09-29 21:00:00,22.3,77,18.0,24.4,0.0,5.4,356,1012.0,58,0.0,22.7,75,18.1,24.2,0.0,9.8,352,1011.8,45,
2025-09-29 22:00:00,21.8,79,18.0,24.0,0.0,5.2,348,1011.8,28,0.0,22.2,77,17.9,23.7,0.0,9.4,353,1012.0,37,
2025-09-29 23:00:00,21.3,82,18.1,23.5,0.0,4.7,4,1012.1,21,0.0,21.5,79,17.7,23.0,0.0,8.7,355,1012.1,28,
2025-09-30 00:00:00,21.2,83,18.2,23.5,0.0,4.4,9,1012.5,47,0.0,20.9,82,17.7,22.5,0.0,8.0,352,1012.2,19,
2025-09-30 01:00:00,21.1,83,18.1,23.3,0.0,5.0,360,1012.3,46,0.0,20.4,84,17.6,22.0,0.0,7.3,351,1012.2,11,
2025-09-30 02:00:00,20.8,83,17.8,22.7,0.0,6.1,360,1012.4,46,0.0,20.0,86,17.6,21.8,0.0,6.6,351,1012.3,4,
2025-09-30 03:00:00,20.6,86,18.2,22.8,0.0,5.9,11,1012.5,32,0.0,19.9,86,17.5,21.7,0.0,5.9,349,1012.4,0,
2025-09-30 04:00:00,20.1,88,18.1,22.3,0.0,5.4,4,1012.7,21,0.0,20.1,85,17.5,21.9,0.0,5.4,352,1012.6,0,
2025-09-30 05:00:00,20.1,87,17.8,22.0,0.0,6.5,34,1012.8,39,0.0,20.5,82,17.3,22.4,0.0,5.0,360,1012.9,0,
2025-09-30 06:00:00,19.7,88,17.7,21.8,0.0,4.8,42,1013.2,21,0.0,21.1,79,17.3,23.0,0.0,4.7,9,1013.2,0,
2025-09-30 07:00:00,20.0,86,17.5,22.0,0.0,4.6,51,1013.1,15,32.0,21.8,75,17.1,23.6,0.0,4.6,18,1013.5,2,
2025-09-30 08:00:00,21.3,79,17.5,23.6,0.0,2.1,31,1013.5,17,182.0,22.4,71,16.9,24.3,0.0,4.0,27,1013.6,7,
2025-09-30 09:00:00,22.9,70,17.1,25.1,0.0,1.8,360,1013.7,19,360.0,23.0,69,17.0,25.0,0.0,3.2,27,1013.6,12,
2025-09-30 10:00:00,24.2,65,17.2,26.4,0.0,2.0,315,1013.6,12,503.0,23.5,67,17.0,25.7,0.0,1.8,11,1013.3,21,
2025-09-30 11:00:00,25.2,61,17.2,28.2,0.0,2.3,231,1013.5,11,662.0,24.0,66,17.2,26.3,0.0,1.4,270,1012.7,33,
2025-09-30 12:00:00,25.5,62,17.7,28.4,0.0,6.1,230,1012.5,19,708.0,24.5,64,17.3,26.5,0.0,4.0,243,1012.0,47,
2025-09-30 13:00:00,25.5,65,18.4,28.1,0.0,9.2,206,1011.3,13,691.0,24.9,64,17.6,26.7,0.0,6.5,236,1011.4,60,
2025-09-30 14:00:00,25.5,65,18.4,27.5,0.0,10.8,195,1010.6,26,624.0,25.2,63,17.6,26.7,0.0,8.6,237,1010.8,69,
2025-09-30 15:00:00,25.2,58,16.3,26.0,0.0,9.5,205,1010.7,40,465.0,25.2,64,17.9,26.6,0.0,9.4,238,1010.5,72,
2025-09-30 16:00:00,25.1,56,15.7,26.1,0.0,6.3,246,1010.9,88,206.0,24.9,66,18.1,26.6,0.0,8.5,242,1010.5,67,
2025-09-30 17:00:00,25.0,58,16.1,26.4,0.0,4.8,297,1011.0,31,95.0,24.3,68,18.0,26.2,0.0,6.8,252,1010.7,54,
2025-09-30 18:00:00,24.3,60,16.1,25.8,0.0,3.9,338,1011.0,31,34.0,23.5,72,18.1,25.7,0.0,5.1,274,1011.1,38,
2025-09-30 19:00:00,23.3,67,16.8,24.8,0.0,6.1,360,1011.7,58,0.0,22.7,75,18.0,24.9,0.0,4.6,309,1011.5,22,
2025-09-30 20:00:00,22.5,72,17.2,23.9,0.0,7.4,23,1011.8,75,0.0,21.9,78,17.9,24.0,0.0,5.2,335,1011.8,8,
2025-09-30 21:00:00,21.5,77,17.3,23.3,0.0,5.6,27,1011.9,12,0.0,21.4,80,17.8,23.3,0.0,6.2,350,1012.0,0,
2025-09-30 22:00:00,21.1,80,17.5,23.1,0.0,4.9,73,1011.6,15,0.0,21.0,81,17.6,22.8,0.0,6.5,354,1012.0,0,
2025-09-30 23:00:00,20.8,82,17.6,22.8,0.0,5.1,45,1011.7,17,0.0,20.7,82,17.5,22.5,0.0,6.1,357,1011.8,1,
2025-10-01 00:00:00,20.2,84,17.4,22.1,0.0,5.1,8,1011.9,34,0.0,20.5,82,17.3,22.3,0.0,5.4,356,1011.7,5,
2025-10-01 01:00:00,20.2,83,17.2,22.0,0.0,5.0,21,1011.6,39,0.0,20.3,82,17.1,22.2,0.0,4.7,356,1011.5,11,
2025-10-01 02:00:00,20.2,83,17.2,22.1,0.0,4.3,48,1011.4,68,0.0,20.3,81,16.9,22.1,0.0,4.0,355,1011.3,17,
2025-10-01 03:00:00,20.2,84,17.4,22.2,0.0,4.8,42,1011.4,44,0.0,20.3,81,16.9,22.3,0.0,3.3,354,1011.3,21,
2025-10-01 04:00:00,20.2,83,17.2,22.0,0.0,5.2,65,1011.4,21,0.0,20.5,81,17.1,22.6,0.0,2.9,360,1011.5,23,
2025-10-01 05:00:00,20.1,85,17.5,21.9,0.0,5.6,50,1011.3,27,0.0,20.9,80,17.3,23.1,0.0,2.5,8,1011.8,25,
2025-10-01 06:00:00,20.3,81,16.9,22.0,0.0,5.1,45,1011.8,32,0.0,21.3,79,17.5,23.7,0.0,2.3,18,1012.1,27,
2025-10-01 07:00:00,20.6,81,17.2,22.5,0.0,4.3,48,1012.0,31,24.0,21.8,78,17.8,24.2,0.0,2.4,27,1012.5,28,
2025-10-01 08:00:00,21.8,77,17.6,24.2,0.0,2.2,81,1012.3,24,149.0,22.3,77,18.0,24.9,0.0,2.1,31,1012.7,29,
2025-10-01 09:00:00,23.8,73,18.6,26.1,0.0,5.9,227,1012.6,36,329.0,22.8,76,18.3,25.6,0.0,1.6,27,1012.8,30,
2025-10-01 10:00:00,24.7,69,18.6,27.0,0.0,6.3,239,1012.4,20,453.0,23.3,75,18.6,26.4,0.0,1.1,360,1012.6,31,
2025-10-01 11:00:00,25.6,65,18.5,28.5,0.0,6.5,236,1012.5,5,653.0,24.0,73,18.8,27.0,0.0,1.5,284,1012.2,32,
2025-10-01 12:00:00,26.1,61,18.0,29.3,0.0,7.5,253,1012.2,2,772.0,24.7,71,19.1,27.6,0.0,2.9,263,1011.8,33,
2025-10-01 13:00:00,26.8,57,17.5,29.7,0.0,8.0,260,1011.3,1,786.0,25.2,69,19.1,28.0,0.0,4.5,256,1011.3,33,
2025-10-01 14:00:00,27.3,55,17.5,29.8,0.0,8.7,275,1010.9,2,725.0,25.6,68,19.3,28.3,0.0,5.6,255,1011.0,32,
2025-10-01 15:00:00,27.1,61,18.9,28.8,0.0,12.8,286,1010.7,7,593.0,25.7,68,19.4,28.4,0.0,6.2,260,1010.9,31,
2025-10-01 16:00:00,26.9,61,18.8,28.3,0.0,12.6,297,1011.1,3,411.0,25.4,69,19.3,28.0,0.0,6.1,270,1011.2,28,
2025-10-01 17:00:00,26.3,63,18.7,27.9,0.0,10.9,314,1011.5,3,223.0,24.8,72,19.4,27.6,0.0,5.6,285,1011.6,22,
2025-10-01 18:00:00,24.7,72,19.3,26.7,0.0,10.1,354,1012.3,6,50.0,24.0,75,19.3,26.7,0.0,5.4,307,1012.3,17,
2025-10-01 19:00:00,23.4,79,19.5,25.9,0.0,7.6,357,1012.9,7,0.0,23.1,78,19.1,25.6,0.0,6.3,329,1012.9,11,
2025-10-01 20:00:00,22.7,80,19.0,25.1,0.0,6.6,9,1013.2,4,0.0,22.3,82,19.1,24.7,0.0,7.3,340,1013.5,7,
2025-10-01 21:00:00,21.8,85,19.2,24.2,0.0,7.4,14,1014.0,0,0.0,21.7,84,18.8,23.8,0.0,8.1,347,1013.9,6,
2025-10-01 22:00:00,21.2,83,18.2,23.0,0.0,7.6,3,1014.5,1,0.0,21.1,86,18.7,23.1,0.0,8.5,348,1014.1,8,
2025-10-01 23:00:00,20.7,83,17.7,22.5,0.0,6.1,357,1015.1,5,0.0,20.6,88,18.6,22.5,0.0,8.5,348,1014.0,13,
2025-10-02 00:00:00,20.4,84,17.6,22.2,0.0,6.6,351,1014.7,44,0.0,20.2,89,18.3,22.0,0.0,8.1,347,1014.0,20,
2025-10-02 01:00:00,20.3,85,17.7,22.2,0.0,5.8,353,1014.6,16,0.0,19.8,90,18.1,21.6,0.0,7.5,343,1013.9,27,
2025-10-02 02:00:00,20.1,86,17.7,22.0,0.0,5.8,360,1014.4,21,0.0,19.6,91,18.1,21.5,0.0,7.2,342,1013.9,34,
2025-10-02 03:00:00,19.8,88,17.7,21.8,0.0,5.4,20,1014.4,20,0.0,19.5,91,18.0,21.4,0.0,6.8,342,1014.0,38,
2025-10-02 04:00:00,19.8,86,17.4,21.5,0.0,6.3,13,1015.0,19,0.0,19.7,90,18.0,21.7,0.0,6.7,344,1014.4,40,
2025-10-02 05:00:00,19.7,85,17.1,21.3,0.0,6.4,16,1015.2,16,0.0,20.1,89,18.2,22.1,0.0,6.9,351,1014.9,41,
2025-10-02 06:00:00,19.3,86,16.9,20.8,0.0,5.8,7,1015.5,52,0.0,20.7,87,18.4,22.7,0.0,7.2,357,1015.5,40,
2025-10-02 07:00:00,19.7,83,16.7,21.2,0.0,5.5,32,1015.6,43,25.0,21.3,84,18.5,23.4,0.0,7.2,3,1016.1,40,
2025-10-02 08:00:00,20.8,78,16.8,22.4,0.0,5.6,15,1016.4,79,135.0,22.0,82,18.7,24.2,0.0,7.3,9,1016.5,41,
2025-10-02 09:00:00,22.3,74,17.5,24.3,0.0,4.4,351,1017.1,45,195.0,22.6,79,18.7,24.9,0.0,6.6,9,1016.8,43,
2025-10-02 10:00:00,24.0,70,18.2,26.6,0.0,2.1,31,1016.7,26,369.0,23.2,76,18.7,25.7,0.0,5.1,8,1016.8,47,
2025-10-02 11:00:00,25.8,62,17.9,28.3,0.0,3.3,41,1016.9,27,575.0,24.0,71,18.4,26.6,0.0,2.9,353,1016.6,53,
2025-10-02 12:00:00,26.2,60,17.8,28.5,0.0,4.8,103,1016.3,90,582.0,24.7,67,18.2,27.4,0.0,1.8,281,1016.3,60,
2025-10-02 13:00:00,26.1,62,18.3,28.2,0.0,6.5,161,1015.5,32,535.0,25.4,63,17.8,27.7,0.0,3.6,233,1015.9,67,
2025-10-02 14:00:00,25.8,63,18.2,27.5,0.0,8.3,180,1015.6,44,433.0,25.9,60,17.5,27.8,0.0,5.4,222,1015.7,73,
2025-10-02 15:00:00,25.3,60,16.9,26.9,0.0,5.7,198,1015.9,60,308.0,26.1,58,17.2,27.7,0.0,6.1,220,1015.6,78,
2025-10-02 16:00:00,25.2,58,16.4,26.8,0.0,4.3,246,1016.6,60,180.0,25.9,59,17.2,27.7,0.0,5.4,222,1015.8,81,
2025-10-02 17:00:00,24.8,63,17.3,26.6,0.0,5.4,318,1016.9,68,72.0,25.4,61,17.3,27.4,0.0,3.8,229,1016.1,83,
2025-10-02 18:00:00,24.3,69,18.2,26.4,0.0,5.8,356,1016.8,85,19.0,24.6,64,17.4,27.0,0.0,1.8,270,1016.6,84,
2025-10-02 19:00:00,23.4,72,18.1,25.4,0.0,6.8,18,1017.3,85,0.0,23.9,67,17.4,26.2,0.0,2.2,351,1017.0,85,
2025-10-02 20:00:00,22.8,73,17.7,24.2,0.0,9.4,23,1017.8,96,0.0,23.3,70,17.5,25.3,0.0,4.5,14,1017.4,87,
2025-10-02 21:00:00,22.3,76,17.9,24.0,0.0,8.2,41,1017.9,97,0.0,22.9,72,17.5,24.7,0.0,6.0,25,1017.6,88,
2025-10-02 22:00:00,22.1,79,18.2,23.8,0.0,8.9,47,1017.4,76,0.0,22.8,72,17.5,24.5,0.0,6.7,36,1017.6,90,
2025-10-02 23:00:00,21.6,80,18.0,23.2,0.0,9.2,31,1018.1,99,0.0,22.9,71,17.4,24.4,0.0,7.7,49,1017.4,92,
2025-10-03 00:00:00,21.6,78,17.6,23.2,0.0,7.7,62,1017.0,99,0.0,23.2,70,17.4,24.5,0.0,8.9,63,1017.2,95,
2025-10-03 01:00:00,20.9,84,18.1,22.9,0.2,6.7,36,1017.7,94,0.0,23.4,69,17.4,24.6,0.0,10.1,73,1017.0,97,
2025-10-03 02:00:00,20.3,88,18.3,22.5,0.7,5.7,35,1018.0,72,0.0,23.6,68,17.4,24.6,0.0,11.3,81,1016.8,99,
2025-10-03 03:00:00,20.3,87,18.1,21.9,0.4,9.4,58,1017.0,100,0.0,23.6,69,17.6,24.6,0.0,12.3,85,1016.9,100,
2025-10-03 04:00:00,20.3,88,18.2,21.9,0.6,9.4,58,1017.7,98,0.0,23.4,72,18.1,24.5,0.9,12.6,88,1017.2,100,
2025-10-03 05:00:00,20.2,90,18.5,22.2,0.2,7.9,51,1017.9,59,0.0,23.1,76,18.6,24.4,0.9,12.6,90,1017.8,100,
2025-10-03 06:00:00,20.5,92,19.2,22.9,0.3,7.7,49,1018.5,100,0.0,22.7,81,19.2,24.4,0.9,11.9,92,1018.4,100,
2025-10-03 07:00:00,20.3,93,19.1,22.6,1.3,7.9,51,1019.2,100,2.0,22.3,86,19.8,24.3,0.9,11.5,94,1019.0,100,
2025-10-03 08:00:00,20.0,92,18.7,21.9,3.1,9.2,59,1019.3,97,12.0,21.9,90,20.1,24.2,0.9,11.3,97,1019.5,100,
2025-10-03 09:00:00,21.2,89,19.3,23.7,1.5,6.4,128,1020.4,100,61.0,21.7,93,20.5,24.1,0.9,11.3,99,1019.7,100,
2025-10-03 10:00:00,21.5,84,18.6,23.5,1.6,7.9,106,1019.6,100,48.0,21.6,94,20.6,24.0,1.4,11.7,101,1019.6,100,
2025-10-03 11:00:00,21.7,88,19.6,23.7,0.4,11.6,97,1019.0,88,92.0,21.6,95,20.8,24.0,1.4,12.8,101,1019.2,100,
2025-10-03 12:00:00,22.1,88,20.0,23.5,0.1,16.6,114,1018.3,81,92.0,21.7,94,20.7,23.9,1.4,13.7,104,1018.6,100,
2025-10-03 13:00:00,22.0,88,19.9,23.2,0.7,17.5,99,1017.0,100,88.0,21.8,94,20.8,23.8,1.4,14.8,104,1018.1,100,
2025-10-03 14:00:00,22.0,88,19.9,22.9,0.4,20.5,114,1016.2,95,69.0,21.9,93,20.7,23.9,1.4,15.7,106,1017.5,100,
2025-10-03 15:00:00,22.2,88,20.1,23.0,0.5,21.1,120,1016.0,93,53.0,22.0,93,20.8,23.9,1.4,16.6,108,1017.2,100,
2025-10-03 16:00:00,22.3,89,20.4,23.1,0.8,22.5,125,1016.2,87,26.0,22.1,93,20.9,23.9,1.0,17.3,111,1017.1,100,
2025-10-03 17:00:00,22.5,91,20.9,23.5,1.7,22.3,128,1015.7,100,17.0,22.2,94,21.2,24.0,1.0,18.5,114,1017.1,100,
2025-10-03 18:00:00,22.7,91,21.2,23.9,0.7,22.6,127,1016.3,76,3.0,22.4,94,21.3,24.1,1.0,19.7,118,1017.1,100,
2025-10-03 19:00:00,23.4,88,21.3,24.6,0.0,22.7,132,1016.0,76,0.0,22.5,95,21.6,24.2,1.0,20.7,121,1017.2,100,
2025-10-03 20:00:00,23.8,87,21.5,25.1,0.0,23.0,140,1016.0,100,0.0,22.7,95,21.8,24.3,1.0,21.7,126,1017.1,100,
2025-10-03 21:00:00,23.5,88,21.4,25.0,0.1,21.1,143,1016.5,98,0.0,22.9,95,22.0,24.6,1.0,21.8,129,1017.0,100,
2025-10-03 22:00:00,23.5,90,21.7,25.0,3.9,22.2,148,1016.3,98,0.0,23.2,94,22.1,25.0,1.3,21.7,133,1016.7,100,
2025-10-03 23:00:00,23.8,90,22.0,25.7,1.8,20.9,148,1016.0,100,0.0,23.5,93,22.3,25.6,1.3,20.9,138,1016.2,99,
2025-10-04 00:00:00,24.0,90,22.2,26.6,1.5,16.6,146,1015.5,100,0.0,23.9,92,22.5,26.2,1.3,20.4,144,1015.6,99,
2025-10-04 01:00:00,24.2,90,22.4,26.8,0.3,17.6,149,1014.8,100,0.0,24.3,90,22.6,26.7,1.3,19.3,151,1015.1,99,
2025-10-04 02:00:00,24.3,90,22.6,27.1,0.4,16.7,155,1014.3,97,0.0,24.6,89,22.7,27.2,1.3,18.9,156,1014.7,98,
2025-10-04 03:00:00,24.1,91,22.5,27.5,1.1,12.8,142,1014.2,100,0.0,24.8,89,22.8,27.5,1.3,18.3,160,1014.4,98,
2025-10-04 04:00:00,24.4,89,22.5,27.9,0.5,11.9,155,1014.1,70,0.0,24.8,90,23.0,27.7,4.8,17.4,162,1014.4,98,
2025-10-04 05:00:00,24.5,88,22.3,28.3,0.3,9.0,164,1014.1,92,0.0,24.6,91,23.0,27.6,4.8,16.6,162,1014.5,99,
2025-10-04 06:00:00,24.2,88,22.1,28.6,0.3,4.1,165,1013.9,71,0.0,24.3,93,23.1,27.6,4.8,15.3,161,1014.8,100,
2025-10-04 07:00:00,24.3,88,22.2,28.4,0.0,6.3,167,1013.9,67,6.0,24.1,95,23.2,27.7,4.8,13.9,159,1015.0,100,
2025-10-04 08:00:00,25.0,86,22.5,29.2,0.0,6.9,171,1014.1,44,62.0,23.9,96,23.2,27.7,4.8,12.4,158,1015.2,100,
2025-10-04 09:00:00,25.1,87,22.7,29.3,0.0,7.7,152,1014.6,84,158.0,23.9,97,23.4,28.1,4.8,10.8,159,1015.1,99,
2025-10-04 10:00:00,26.0,82,22.7,30.1,0.0,8.8,161,1014.4,84,165.0,24.1,96,23.4,28.6,1.8,9.0,164,1014.8,96,
2025-10-04 11:00:00,27.2,79,23.2,31.4,0.0,9.4,176,1014.0,26,331.0,24.5,95,23.7,29.4,1.8,6.8,177,1014.2,91,
2025-10-04 12:00:00,27.6,78,23.4,32.4,0.0,6.8,205,1013.6,41,452.0,25.0,93,23.8,30.2,1.8,5.7,198,1013.6,86,
2025-10-04 13:00:00,28.3,75,23.5,32.8,0.0,8.9,194,1012.5,100,330.0,25.5,91,23.9,30.7,1.8,5.4,228,1013.0,80,
2025-10-04 14:00:00,26.5,85,23.8,31.6,2.0,6.2,249,1012.2,68,43.0,25.8,90,24.0,31.0,1.8,6.2,249,1012.5,75,
2025-10-04 15:00:00,26.3,87,23.9,30.4,0.5,13.3,257,1012.2,45,166.0,26.0,89,24.1,31.1,1.8,6.9,261,1012.2,71,
2025-10-04 16:00:00,25.0,88,22.9,29.1,0.4,9.4,274,1012.3,72,140.0,26.0,89,24.0,31.0,0.5,7.2,267,1012.2,67,
2025-10-04 17:00:00,24.8,87,22.4,28.8,0.0,7.6,301,1012.3,71,60.0,25.8,90,24.0,30.9,0.5,6.8,273,1012.4,64,
2025-10-04 18:00:00,24.6,92,23.2,29.2,0.8,6.8,288,1012.7,42,15.0,25.5,90,23.7,30.5,0.5,5.9,281,1012.7,61,
2025-10-04 19:00:00,24.1,93,22.9,28.8,0.0,5.5,302,1013.0,34,0.0,25.1,91,23.5,30.2,0.5,5.2,286,1013.0,58,
2025-10-04 20:00:00,23.8,94,22.7,28.4,0.0,5.1,356,1013.2,47,0.0,24.8,92,23.4,29.9,0.5,4.2,290,1013.3,57,
2025-10-04 21:00:00,24.1,95,23.3,29.0,0.0,5.1,262,1013.4,42,0.0,24.6,93,23.4,29.7,0.5,4.0,297,1013.4,57,
2025-10-04 22:00:00,24.2,92,22.8,28.8,0.0,5.7,235,1013.0,43,0.0,24.4,94,23.3,29.5,0.0,3.7,299,1013.4,60,
2025-10-04 23:00:00,24.3,91,22.7,28.5,0.0,7.6,239,1013.0,44,0.0,24.1,94,23.1,29.1,0.0,3.7,299,1013.3,66,
2025-10-05 00:00:00,24.4,95,23.5,29.2,0.0,6.9,313,1013.3,60,0.0,23.9,95,23.1,28.9,0.0,3.7,299,1013.1,73,
2025-10-05 01:00:00,23.7,96,23.0,28.3,0.0,5.7,305,1013.0,59,0.0,23.8,95,22.9,28.7,0.0,3.5,294,1012.9,80,
2025-10-05 02:00:00,23.4,96,22.7,27.8,0.0,5.7,325,1012.7,63,0.0,23.7,95,22.8,28.5,0.0,3.5,294,1012.8,84,
2025-10-05 03:00:00,23.3,96,22.6,27.7,0.0,5.3,332,1013.0,48,0.0,23.7,95,22.8,28.5,0.0,3.7,299,1012.8,85,
2025-10-05 04:00:00,22.9,97,22.4,27.4,0.0,4.9,343,1013.1,60,0.0,23.8,94,22.7,28.5,0.0,4.1,308,1013.0,81,
2025-10-05 05:00:00,22.7,96,22.0,26.8,0.0,5.7,342,1013.1,41,0.0,23.9,93,22.7,28.6,0.0,4.6,315,1013.2,72,
2025-10-05 06:00:00,22.6,96,21.9,26.8,0.0,5.1,356,1013.3,35,0.0,24.2,91,22.6,28.6,0.0,5.4,323,1013.6,62,
2025-10-05 07:00:00,22.8,95,21.9,26.7,0.0,6.3,336,1013.3,38,16.0,24.5,89,22.5,28.8,0.0,6.3,329,1013.9,50,
2025-10-05 08:00:00,23.6,92,22.2,27.6,0.0,7.1,336,1013.6,37,113.0,24.8,87,22.5,28.9,0.0,7.1,330,1014.1,40,
2025-10-05 09:00:00,24.8,89,22.9,29.4,0.0,5.9,313,1014.1,32,245.0,25.1,85,22.4,29.2,0.0,7.6,329,1014.1,33,
2025-10-05 10:00:00,26.2,81,22.6,30.3,0.0,7.8,292,1013.9,31,366.0,25.6,82,22.3,29.5,0.0,8.0,324,1013.8,28,
2025-10-05 11:00:00,27.2,76,22.6,31.0,0.0,10.3,282,1014.0,26,476.0,26.2,78,22.0,29.9,0.0,8.4,317,1013.4,25,
2025-10-05 12:00:00,27.4,76,22.8,31.0,0.0,12.9,288,1013.4,28,558.0,26.8,74,21.7,30.2,0.0,8.9,310,1012.8,22,
2025-10-05 13:00:00,28.0,72,22.5,31.4,0.0,12.7,295,1012.3,38,534.0,27.3,70,21.4,30.5,0.0,9.4,302,1012.2,21,
2025-10-05 14:00:00,27.6,73,22.3,31.2,0.0,10.2,315,1012.0,66,399.0,27.7,67,21.0,30.5,0.0,10.1,297,1011.7,20,
2025-10-05 15:00:00,27.7,69,21.5,31.0,0.1,9.3,324,1011.6,48,221.0,27.8,66,20.8,30.6,0.0,10.1,297,1011.5,20,
2025-10-05 16:00:00,27.6,68,21.1,30.7,0.0,8.8,341,1011.6,28,235.0,27.5,67,20.8,30.3,0.0,9.7,301,1011.5,22,
2025-10-05 17:00:00,26.8,70,20.9,29.9,0.0,8.7,353,1011.3,37,145.0,26.9,69,20.7,29.7,0.0,9.2,309,1011.8,25,
2025-10-05 18:00:00,25.5,74,20.5,28.2,0.0,10.1,356,1012.1,67,24.0,26.1,72,20.7,29.1,0.0,8.4,320,1012.1,29,
2025-10-05 19:00:00,24.6,78,20.5,27.3,0.0,9.0,358,1012.7,49,0.0,25.3,76,20.7,28.3,0.0,8.5,332,1012.5,34,
2025-10-05 20:00:00,24.0,81,20.5,26.9,0.0,8.3,5,1013.3,33,0.0,24.5,79,20.6,27.4,0.0,8.7,343,1012.8,37,
2025-10-05 21:00:00,23.3,86,20.8,26.6,0.0,6.2,10,1013.3,13,0.0,24.0,81,20.5,26.8,0.0,8.8,351,1013.0,39,
2025-10-05 22:00:00,22.8,89,20.9,26.2,0.0,6.5,357,1013.2,20,0.0,23.6,82,20.3,26.3,0.0,9.1,353,1013.0,39,
2025-10-05 23:00:00,22.5,90,20.7,25.6,0.0,7.3,349,1013.3,22,0.0,23.3,84,20.4,26.0,0.0,9.1,353,1013.0,39,
2025-10-06 00:00:00,22.3,90,20.5,25.4,0.0,6.9,351,1013.4,36,0.0,23.1,84,20.2,25.7,0.0,9.1,353,1012.9,37,
2025-10-06 01:00:00,22.1,91,20.6,25.3,0.0,6.5,357,1013.1,33,0.0,22.9,85,20.2,25.6,0.0,8.8,351,1012.8,35,
2025-10-06 02:00:00,22.1,91,20.5,25.2,0.0,6.8,3,1013.0,42,0.0,22.8,85,20.2,25.5,0.0,8.4,350,1012.7,33,
2025-10-06 03:00:00,22.1,89,20.2,25.1,0.0,6.5,3,1013.1,71,0.0,22.8,85,20.2,25.6,0.0,7.7,349,1012.8,30,
2025-10-06 04:00:00,21.8,91,20.2,25.0,0.0,5.4,360,1013.3,68,0.0,22.9,84,20.1,25.9,0.0,6.5,354,1013.0,26,
2025-10-06 05:00:00,21.8,90,20.1,24.8,0.0,6.1,3,1013.4,52,0.0,23.2,83,20.1,26.3,0.0,5.0,360,1013.4,21,
2025-10-06 06:00:00,22.0,89,20.1,24.9,0.0,6.6,9,1013.5,74,0.0,23.5,82,20.2,26.9,0.0,3.8,17,1013.8,15,
2025-10-06 07:00:00,22.2,87,19.9,25.0,0.0,6.5,34,1013.7,60,9.0,23.8,80,20.2,27.3,0.0,2.8,40,1014.2,10,
2025-10-06 08:00:00,23.0,83,20.0,25.9,0.0,6.6,29,1014.3,42,96.0,24.2,78,20.1,27.8,0.0,2.5,82,1014.5,7,
2025-10-06 09:00:00,24.7,75,20.0,27.5,0.0,7.4,29,1014.9,32,219.0,24.5,77,20.2,28.1,0.0,2.6,106,1014.6,8,
2025-10-06 10:00:00,25.8,70,19.9,28.6,0.0,6.6,45,1014.5,30,377.0,24.9,76,20.3,28.5,0.0,2.5,135,1014.4,14,
2025-10-06 11:00:00,26.5,67,19.9,29.5,0.0,5.6,63,1014.5,34,448.0,25.2,74,20.2,28.8,0.0,2.9,173,1014.0,25,
2025-10-06 12:00:00,27.0,66,20.1,30.3,0.0,3.6,53,1013.8,42,449.0,25.6,73,20.4,29.1,0.0,4.0,207,1013.4,38,
2025-10-06 13:00:00,26.9,68,20.5,30.1,0.0,6.2,170,1012.7,35,411.0,26.0,72,20.5,29.3,0.0,5.6,220,1012.9,51,
2025-10-06 14:00:00,26.7,70,20.8,29.8,0.0,7.8,202,1012.4,37,427.0,26.2,72,20.8,29.5,0.0,6.9,227,1012.5,61,
2025-10-06 15:00:00,26.8,69,20.6,29.8,0.0,8.0,216,1012.2,41,377.0,26.3,72,20.8,29.5,0.0,7.4,231,1012.3,66,
2025-10-06 16:00:00,26.8,69,20.6,30.0,0.0,7.1,255,1012.5,45,249.0,26.1,74,21.1,29.5,0.0,7.0,235,1012.4,64,
2025-10-06 17:00:00,26.8,66,19.9,29.6,0.0,6.9,321,1012.8,34,127.0,25.8,77,21.5,29.6,0.0,6.1,242,1012.7,57,
2025-10-06 18:00:00,25.5,71,19.9,28.1,0.0,8.0,355,1013.4,25,25.0,25.4,81,21.9,29.5,0.0,4.8,257,1013.2,47,
2025-10-06 19:00:00,24.5,78,20.4,27.6,0.0,6.1,3,1013.9,19,0.0,24.9,84,22.0,29.3,0.0,3.7,281,1013.7,37,
2025-10-06 20:00:00,23.9,80,20.2,27.0,0.0,5.8,7,1014.4,31,0.0,24.5,87,22.2,29.0,0.0,3.1,306,1014.1,28,
2025-10-06 21:00:00,23.1,85,20.4,26.5,0.0,5.1,356,1014.4,15,0.0,24.2,88,22.0,28.7,0.0,3.1,339,1014.3,22,
2025-10-06 22:00:00,22.8,87,20.5,26.0,0.0,5.8,353,1014.8,18,0.0,24.0,87,21.7,28.2,0.0,3.3,13,1014.3,20,
2025-10-06 23:00:00,22.6,88,20.5,25.9,0.0,5.4,42,1014.8,21,0.0,23.8,86,21.3,27.7,0.0,4.3,42,1014.3,20,
2025-10-07 00:00:00,22.4,87,20.1,25.5,0.0,6.1,50,1014.1,32,0.0,23.6,83,20.6,26.8,0.0,6.3,59,1014.1,22,
2025-10-07 01:00:00,22.4,90,20.7,25.7,0.0,6.1,87,1014.0,44,0.0,23.5,80,19.8,26.0,0.0,8.4,70,1014.0,24,
2025-10-07 02:00:00,22.8,90,21.0,26.1,0.0,7.1,60,1014.2,52,0.0,23.4,77,19.1,25.4,0.0,10.0,75,1013.9,26,
2025-10-07 03:00:00,22.7,91,21.2,26.1,0.0,7.1,75,1013.9,62,0.0,23.4,75,18.7,25.0,0.0,11.4,79,1013.9,27,
2025-10-07 04:00:00,23.2,84,20.3,25.8,0.0,9.4,94,1014.5,49,0.0,23.5,73,18.3,24.8,0.0,11.6,83,1014.1,26,
2025-10-07 05:00:00,23.2,80,19.5,25.4,0.0,9.8,96,1014.5,44,0.0,23.6,72,18.3,25.0,0.0,11.5,86,1014.5,24,
2025-10-07 06:00:00,22.7,85,20.0,25.3,0.0,8.7,97,1014.6,32,0.0,23.8,70,18.0,25.0,0.0,11.2,92,1015.0,21,
2025-10-07 07:00:00,23.3,79,19.5,25.2,0.0,11.4,103,1014.8,21,19.0,24.0,69,17.9,25.3,0.0,10.5,96,1015.4,19,
2025-10-07 08:00:00,24.2,72,18.8,25.5,0.0,13.8,105,1015.2,17,137.0,24.2,68,17.9,25.6,0.0,10.3,102,1015.6,18,
2025-10-07 09:00:00,24.8,72,19.4,26.5,0.0,13.2,116,1015.6,26,295.0,24.4,68,18.1,25.9,0.0,10.1,107,1015.7,20,
2025-10-07 10:00:00,25.2,74,20.2,27.2,0.0,13.7,117,1015.4,19,390.0,24.7,69,18.6,26.3,0.0,10.4,110,1015.5,25,
2025-10-07 11:00:00,25.6,74,20.6,28.2,0.0,11.3,117,1015.8,27,502.0,25.0,70,19.1,26.9,0.0,10.5,112,1015.0,33,
2025-10-07 12:00:00,26.1,74,21.1,28.9,0.0,10.7,110,1015.0,16,517.0,25.3,72,19.9,27.5,0.0,11.0,113,1014.4,43,
2025-10-07 13:00:00,26.5,72,21.0,29.7,0.0,9.7,105,1013.8,29,597.0,25.6,74,20.6,28.1,0.0,11.1,115,1013.7,52,
2025-10-07 14:00:00,26.6,71,20.9,29.4,0.0,10.3,102,1013.2,48,467.0,25.8,75,21.0,28.5,0.0,11.3,117,1013.2,61,
2025-10-07 15:00:00,26.4,69,20.2,29.3,0.0,7.2,96,1012.8,85,317.0,25.9,77,21.6,29.0,0.0,11.3,117,1012.9,67,
2025-10-07 16:00:00,26.0,72,20.5,29.1,0.0,6.8,87,1012.8,94,89.0,25.9,78,21.8,29.1,0.1,11.3,117,1012.9,71,
2025-10-07 17:00:00,25.5,77,21.2,29.0,0.0,6.8,93,1013.0,94,28.0,25.9,79,21.9,29.2,0.1,10.9,117,1013.0,73,
2025-10-07 18:00:00,25.3,76,20.7,28.6,0.0,5.9,101,1013.0,68,5.0,25.7,80,22.0,29.1,0.1,10.5,117,1013.3,74,
2025-10-07 19:00:00,25.1,80,21.4,28.8,0.0,5.8,112,1013.3,55,0.0,25.6,81,22.1,29.1,0.1,10.0,116,1013.6,75,
2025-10-07 20:00:00,25.0,83,21.9,29.0,0.0,6.3,121,1013.5,59,0.0,25.4,82,22.1,28.9,0.1,10.0,116,1013.8,75,
2025-10-07 21:00:00,24.4,86,21.9,28.6,0.0,4.0,100,1013.7,74,0.0,25.2,83,22.1,28.8,0.1,9.7,117,1013.9,75,
2025-10-07 22:00:00,24.5,86,22.0,28.3,0.1,7.2,127,1013.7,63,0.0,25.1,84,22.2,28.6,0.1,9.8,118,1013.7,75,
2025-10-07 23:00:00,24.3,87,22.0,28.1,0.0,7.4,119,1013.5,52,0.0,24.9,86,22.4,28.5,0.1,10.2,122,1013.4,74,
2025-10-08 00:00:00,23.9,91,22.4,28.1,0.0,6.1,87,1013.1,73,0.0,24.7,88,22.6,28.4,0.1,10.5,128,1013.1,73,
2025-10-08 01:00:00,23.9,91,22.3,27.9,0.1,7.3,99,1012.8,46,0.0,24.5,90,22.8,28.3,0.1,11.0,131,1012.7,72,
2025-10-08 02:00:00,23.6,91,22.0,27.5,0.0,6.9,99,1012.5,48,0.0,24.4,91,22.8,28.1,0.1,11.2,132,1012.4,70,
2025-10-08 03:00:00,23.5,94,22.4,27.8,0.0,5.8,94,1012.3,44,0.0,24.3,92,22.9,28.1,0.1,11.2,132,1012.3,68,
2025-10-08 04:00:00,23.3,94,22.3,27.6,0.0,5.7,108,1012.3,39,0.0,24.3,92,22.9,28.2,0.1,11.0,131,1012.4,66,
2025-10-08 05:00:00,23.5,93,22.3,27.5,0.2,6.8,115,1012.1,38,0.0,24.3,92,22.9,28.3,0.1,10.3,126,1012.7,63,
2025-10-08 06:00:00,24.3,87,22.0,27.7,0.2,10.3,119,1012.7,50,0.0,24.4,91,22.8,28.3,0.1,10.0,120,1013.1,60,
2025-10-08 07:00:00,24.4,85,21.7,27.8,0.0,9.7,117,1013.0,49,12.0,24.5,90,22.7,28.4,0.1,9.4,113,1013.4,57,
2025-10-08 08:00:00,24.7,85,22.0,28.4,0.0,8.3,85,1013.4,43,84.0,24.6,89,22.6,28.6,0.1,8.6,105,1013.7,54,
2025-10-08 09:00:00,24.5,91,22.9,28.9,0.0,7.1,45,1013.9,77,153.0,24.8,88,22.6,29.0,0.1,7.3,99,1013.7,52,
2025-10-08 10:00:00,24.3,91,22.7,28.8,0.3,5.7,55,1013.4,67,117.0,25.1,87,22.7,29.6,0.1,5.4,90,1013.4,51,
2025-10-08 11:00:00,25.5,82,22.2,29.9,0.0,4.0,80,1013.3,41,301.0,25.5,85,22.8,30.4,0.1,2.7,67,1012.8,51,
2025-10-08 12:00:00,26.7,76,22.1,31.5,0.0,1.6,27,1012.5,34,454.0,26.0,83,22.9,31.0,0.1,2.5,352,1012.2,52,
2025-10-08 13:00:00,27.2,75,22.3,31.6,0.0,4.6,231,1011.9,45,485.0,26.4,82,23.0,31.2,0.1,4.8,318,1011.5,52,
2025-10-08 14:00:00,27.2,75,22.4,31.2,0.1,7.6,273,1011.4,45,351.0,26.7,80,22.9,31.0,0.1,7.4,309,1011.0,52,
2025-10-08 15:00:00,27.6,71,21.8,30.2,0.0,15.1,357,1010.8,41,290.0,26.8,79,22.8,30.8,0.1,8.9,310,1010.7,51,
2025-10-08 16:00:00,26.6,76,22.0,29.3,0.0,15.6,7,1011.1,44,219.0,26.6,78,22.4,30.3,0.0,9.4,317,1010.8,49,
2025-10-08 17:00:00,25.6,76,21.1,27.7,0.0,16.2,12,1010.8,44,108.0,26.2,78,22.1,29.8,0.0,9.6,326,1011.1,45,
2025-10-08 18:00:00,24.9,76,20.4,26.8,0.0,15.0,11,1011.3,60,18.0,25.7,78,21.5,28.9,0.0,9.7,338,1011.5,41,
2025-10-08 19:00:00,24.5,75,19.7,26.0,0.0,15.0,17,1012.0,57,0.0,25.1,78,21.0,28.0,0.0,10.2,352,1012.0,37,
2025-10-08 20:00:00,24.1,75,19.4,25.7,0.0,13.3,19,1012.7,42,0.0,24.6,77,20.3,27.0,0.0,10.8,2,1012.4,33,
2025-10-08 21:00:00,23.7,75,19.0,25.2,0.0,12.6,20,1013.1,31,0.0,24.1,77,19.8,26.2,0.0,11.3,9,1012.8,31,
2025-10-08 22:00:00,23.3,75,18.6,24.9,0.0,11.3,22,1013.5,28,0.0,23.7,76,19.2,25.5,0.0,11.4,13,1013.0,30,
2025-10-08 23:00:00,22.9,75,18.2,24.3,0.0,10.8,15,1014.0,25,0.0,23.3,75,18.6,24.8,0.0,11.2,15,1013.2,31,
2025-10-09 00:00:00,22.9,69,16.9,23.4,0.0,13.4,20,1013.9,36,0.0,22.9,74,18.0,24.2,0.0,10.8,15,1013.4,32,
2025-10-09 01:00:00,22.7,69,16.7,23.2,0.0,12.9,27,1014.2,35,0.0,22.6,73,17.5,23.8,0.0,10.1,17,1013.6,33,
2025-10-09 02:00:00,22.5,71,16.9,23.4,0.0,10.6,28,1014.3,33,0.0,22.3,72,17.0,23.3,0.0,9.8,17,1013.8,33,
2025-10-09 03:00:00,22.2,72,16.9,23.0,0.0,11.0,23,1014.4,31,0.0,22.2,71,16.7,23.2,0.0,9.1,18,1014.0,32,
2025-10-09 04:00:00,22.0,71,16.5,22.7,0.0,10.5,31,1014.7,18,0.0,22.2,71,16.7,23.3,0.0,8.8,19,1014.3,29,
2025-10-09 05:00:00,21.6,73,16.5,22.5,0.0,9.0,29,1014.5,12,0.0,22.3,72,17.0,23.6,0.0,8.1,21,1014.8,23,
2025-10-09 06:00:00,20.7,79,16.9,22.1,0.0,7.5,17,1014.8,24,0.0,22.6,72,17.3,24.1,0.0,7.4,23,1015.2,17,
2025-10-09 07:00:00,20.8,80,17.2,22.2,0.0,7.6,8,1014.9,28,19.0,22.9,73,17.8,24.7,0.0,7.0,21,1015.6,12,
2025-10-09 08:00:00,22.1,77,17.9,23.5,0.0,10.3,29,1015.5,34,139.0,23.2,73,18.1,25.3,0.0,6.2,21,1015.9,8,
2025-10-09 09:00:00,23.4,72,18.0,24.7,0.0,11.1,29,1016.2,29,259.0,23.6,73,18.4,25.9,0.0,5.6,15,1016.0,7,
2025-10-09 10:00:00,24.4,65,17.4,25.3,0.0,12.0,33,1016.1,39,395.0,24.0,72,18.7,26.5,0.0,5.1,4,1015.8,11,
2025-10-09 11:00:00,25.5,61,17.4,26.3,0.0,12.2,34,1016.4,24,495.0,24.6,69,18.5,27.1,0.0,4.9,343,1015.4,18,
2025-10-09 12:00:00,26.2,59,17.5,28.8,0.0,3.3,49,1015.4,42,608.0,25.2,66,18.4,27.6,0.0,5.1,321,1014.9,28,
2025-10-09 13:00:00,26.3,58,17.4,28.7,0.0,1.8,90,1014.7,54,482.0,25.8,64,18.4,28.0,0.0,6.1,310,1014.4,37,
2025-10-09 14:00:00,26.1,59,17.5,28.5,0.0,1.8,180,1014.3,54,394.0,26.1,61,18.0,28.0,0.0,6.8,302,1014.1,44,
2025-10-09 15:00:00,25.1,67,18.5,27.2,0.0,7.1,246,1014.6,29,359.0,26.2,60,17.8,27.9,0.0,7.3,303,1014.0,46,
2025-10-09 16:00:00,26.0,57,16.8,27.0,0.0,9.1,353,1014.5,22,279.0,25.9,59,17.2,27.4,0.0,6.9,313,1014.3,43,
2025-10-09 17:00:00,24.8,59,16.2,24.8,0.0,14.1,6,1014.7,6,156.0,25.3,60,16.9,26.7,0.0,6.6,331,1014.8,35,
2025-10-09 18:00:00,23.3,63,15.8,23.2,0.0,14.2,9,1015.6,20,28.0,24.5,60,16.2,25.5,0.0,7.2,357,1015.4,25,
2025-10-09 19:00:00,22.3,63,14.9,21.8,0.0,14.1,19,1016.5,12,0.0,23.6,61,15.6,24.2,0.0,8.9,14,1016.1,15,
2025-10-09 20:00:00,21.7,64,14.6,21.0,0.0,15.1,25,1017.2,6,0.0,22.7,62,15.1,22.9,0.0,10.6,24,1016.7,6,
2025-10-09 21:00:00,21.3,65,14.4,20.6,0.0,14.2,24,1017.6,5,0.0,22.0,63,14.6,21.9,0.0,11.6,30,1017.1,0,
2025-10-09 22:00:00,20.7,63,13.4,19.9,0.0,12.9,30,1017.7,4,0.0,21.4,65,14.5,21.2,0.0,11.5,32,1017.3,0,
2025-10-09 23:00:00,20.1,64,13.0,19.5,0.0,10.7,40,1017.9,2,0.0,20.7,67,14.3,20.5,0.0,11.0,32,1017.4,0,
2025-10-10 00:00:00,19.9,66,13.4,19.4,0.0,10.8,37,1017.7,4,0.0,20.0,69,14.2,20.0,0.0,9.7,31,1017.4,0,
2025-10-10 01:00:00,19.4,68,13.3,18.9,0.0,10.2,32,1017.8,2,0.0,19.4,72,14.2,19.6,0.0,8.4,31,1017.4,0,
2025-10-10 02:00:00,18.9,70,13.3,18.7,0.0,8.7,38,1017.6,2,0.0,19.0,73,14.1,19.3,0.0,7.1,30,1017.4,0,
2025-10-10 03:00:00,18.4,72,13.2,18.2,0.0,8.2,41,1017.5,1,0.0,18.9,74,14.1,19.3,0.0,6.2,36,1017.4,0,
2025-10-10 04:00:00,18.1,74,13.4,17.9,0.0,8.7,30,1017.7,2,0.0,19.0,73,14.1,19.5,0.0,5.9,43,1017.5,0,
2025-10-10 05:00:00,17.8,74,13.1,17.6,0.0,8.4,31,1017.8,2,0.0,19.4,71,14.0,19.8,0.0,6.2,54,1017.5,0,
2025-10-10 06:00:00,17.5,76,13.2,17.4,0.0,7.7,49,1017.6,0,0.0,20.0,69,14.1,20.4,0.0,6.4,63,1017.6,0,
2025-10-10 07:00:00,17.7,77,13.6,17.8,0.0,7.7,53,1017.5,0,24.0,20.6,67,14.3,21.0,0.0,7.2,72,1017.6,0,
2025-10-10 08:00:00,19.5,74,14.8,19.8,0.0,8.6,68,1017.6,0,178.0,21.3,64,14.2,21.5,0.0,8.0,80,1017.6,0,
2025-10-10 09:00:00,21.2,70,15.5,21.7,0.0,8.7,83,1017.6,2,374.0,21.9,63,14.5,22.1,0.0,8.3,88,1017.5,0,
2025-10-10 10:00:00,22.5,68,16.3,23.1,0.0,10.9,99,1017.3,2,541.0,22.5,62,14.8,22.8,0.0,8.4,97,1017.2,0,
2025-10-10 11:00:00,23.5,66,16.7,24.9,0.0,10.9,107,1017.2,2,666.0,23.1,62,15.4,23.7,0.0,8.9,111,1016.8,0,
2025-10-10 12:00:00,24.3,63,16.8,26.4,0.0,9.5,101,1016.8,0,733.0,23.8,62,16.1,24.5,0.0,9.6,124,1016.4,0,
2025-10-10 13:00:00,24.8,61,16.7,26.7,0.0,10.5,117,1016.1,0,748.0,24.4,63,16.9,25.2,0.0,10.7,135,1015.9,0,
2025-10-10 14:00:00,25.1,60,16.8,26.8,0.0,10.3,119,1015.7,0,685.0,24.8,64,17.5,25.8,0.0,11.5,141,1015.5,0,
2025-10-10 15:00:00,25.0,62,17.2,26.0,0.0,11.4,114,1015.6,2,559.0,24.9,65,17.9,26.1,0.0,11.6,144,1015.3,0,
2025-10-10 16:00:00,24.7,67,18.2,26.0,0.0,11.8,110,1015.6,3,378.0,24.7,67,18.1,26.1,0.0,10.8,143,1015.3,0,
2025-10-10 17:00:00,24.3,68,18.0,25.7,0.0,10.7,104,1015.2,3,185.0,24.2,71,18.6,26.1,0.0,8.7,138,1015.4,0,
2025-10-10 18:00:00,23.6,72,18.3,25.6,0.0,7.4,76,1015.4,3,28.0,23.4,75,18.7,25.7,0.0,6.4,128,1015.6,0,
2025-10-10 19:00:00,22.9,75,18.2,24.9,0.0,7.1,75,1015.8,2,0.0,22.6,78,18.6,25.1,0.0,4.5,104,1015.8,0,
2025-10-10 20:00:00,22.2,79,18.4,24.4,0.0,6.5,71,1016.3,3,0.0,21.9,81,18.5,24.5,0.0,4.1,75,1015.9,0,
2025-10-10 21:00:00,21.9,80,18.3,23.7,0.0,8.1,77,1015.9,2,0.0,21.4,83,18.4,23.8,0.0,4.6,51,1015.9,0,
2025-10-10 22:00:00,20.8,85,18.2,22.7,0.0,7.5,55,1015.9,1,0.0,21.1,83,18.1,23.2,0.0,5.4,42,1015.7,0,
2025-10-10 23:00:00,20.3,86,17.9,22.0,0.0,7.9,43,1016.2,2,0.0,20.7,83,17.7,22.6,0.0,6.1,40,1015.4,0,
2025-10-11 00:00:00,20.1,84,17.3,21.5,0.0,7.7,53,1016.0,1,0.0,20.5,82,17.3,22.1,0.0,6.4,43,1015.0,0,
2025-10-11 01:00:00,20.0,84,17.2,21.4,0.0,8.1,58,1015.1,0,0.0,20.3,80,16.7,21.7,0.0,6.9,43,1014.6,0,
2025-10-11 02:00:00,19.9,84,17.1,21.3,0.0,7.9,60,1014.7,2,0.0,20.3,79,16.5,21.5,0.0,7.4,47,1014.3,0,
2025-10-11 03:00:00,19.6,85,17.0,20.9,0.0,7.7,53,1014.3,0,0.0,20.4,77,16.2,21.5,0.0,7.4,51,1014.1,0,
2025-10-11 04:00:00,19.5,84,16.7,20.6,0.0,8.7,52,1013.9,0,0.0,20.8,75,16.2,21.8,0.0,7.5,55,1014.1,3,
2025-10-11 05:00:00,19.5,83,16.5,20.5,0.0,8.4,70,1013.8,0,0.0,21.4,73,16.3,22.5,0.0,7.4,61,1014.1,6,
2025-10-11 06:00:00,19.6,85,17.0,20.7,0.0,9.4,86,1013.8,0,0.0,22.1,71,16.6,23.3,0.0,7.4,67,1014.3,10,
2025-10-11 07:00:00,20.2,84,17.4,21.3,0.0,10.1,86,1013.7,0,22.0,22.9,69,16.9,24.2,0.0,7.4,76,1014.4,15,
2025-10-11 08:00:00,21.3,81,17.9,23.0,0.0,8.0,72,1013.8,0,174.0,23.6,67,17.1,25.0,0.0,7.6,85,1014.4,20,
2025-10-11 09:00:00,23.0,76,18.5,24.7,0.0,9.4,97,1014.3,0,367.0,24.1,67,17.6,25.7,0.0,7.9,93,1014.2,26,
2025-10-11 10:00:00,24.0,78,19.9,25.7,0.0,14.5,109,1013.8,20,524.0,24.6,68,18.3,26.4,0.0,8.5,102,1013.8,34,
2025-10-11 11:00:00,24.8,78,20.7,27.4,0.0,13.0,109,1013.4,20,606.0,25.0,69,18.9,26.9,0.0,9.4,113,1013.1,43,
2025-10-11 12:00:00,25.4,76,20.9,28.3,0.0,12.7,105,1012.3,15,636.0,25.3,72,19.9,27.5,0.0,10.5,121,1012.3,54,
2025-10-11 13:00:00,25.9,76,21.4,29.1,0.0,13.6,101,1011.2,14,659.0,25.6,74,20.6,28.1,0.0,11.3,127,1011.5,63,
2025-10-11 14:00:00,26.1,77,21.8,29.2,0.0,13.1,99,1010.7,10,594.0,25.7,77,21.4,28.5,0.0,12.2,133,1010.9,69,
2025-10-11 15:00:00,26.5,75,21.7,29.4,0.0,12.6,93,1010.3,12,483.0,25.8,79,21.8,28.8,0.0,12.5,134,1010.5,71,
2025-10-11 16:00:00,26.1,77,21.7,28.9,0.0,12.8,101,1010.6,28,309.0,25.7,81,22.2,28.9,0.0,12.0,134,1010.4,66,
2025-10-11 17:00:00,25.5,80,21.8,28.8,0.0,10.5,98,1010.5,18,133.0,25.4,83,22.3,29.0,0.0,10.4,134,1010.5,56,
2025-10-11 18:00:00,25.2,83,22.1,28.9,0.0,8.6,105,1010.9,29,21.0,25.1,85,22.4,28.9,0.0,8.9,130,1010.8,43,
2025-10-11 19:00:00,24.9,86,22.4,28.8,0.0,8.1,111,1011.4,25,0.0,24.7,88,22.5,28.8,0.0,7.2,127,1011.0,30,
2025-10-11 20:00:00,24.6,87,22.3,28.5,0.0,8.4,115,1011.7,21,0.0,24.3,89,22.3,28.6,0.0,5.3,118,1011.2,19,
2025-10-11 21:00:00,24.5,86,22.0,27.8,0.0,10.6,114,1011.3,7,0.0,24.0,91,22.4,28.4,0.0,4.6,108,1011.3,14,
2025-10-11 22:00:00,24.1,87,21.8,27.6,0.0,8.9,104,1011.0,9,0.0,23.7,92,22.3,28.1,0.0,4.3,95,1011.1,15,
2025-10-11 23:00:00,23.4,91,21.9,27.2,0.0,7.6,93,1010.8,13,0.0,23.4,93,22.2,27.7,0.0,4.3,85,1010.9,19,
2025-10-12 00:00:00,23.3,92,21.9,27.0,0.0,7.9,93,1010.9,19,0.0,23.1,94,22.0,27.3,0.0,4.8,77,1010.5,26,
2025-10-12 01:00:00,22.7,94,21.7,26.4,0.0,7.3,81,1010.5,19,0.0,22.8,95,22.0,26.9,0.0,5.4,70,1010.1,34,
2025-10-12 02:00:00,22.2,95,21.3,25.8,0.0,6.4,63,1010.2,21,0.0,22.6,96,21.9,26.6,0.0,6.0,65,1009.9,43,
2025-10-12 03:00:00,22.1,97,21.6,25.9,0.0,6.3,59,1010.2,70,0.0,22.5,96,21.8,26.4,0.0,5.8,60,1009.8,51,
2025-10-12 04:00:00,21.9,97,21.4,25.5,0.0,6.3,59,1010.0,68,0.0,22.4,96,21.7,26.4,0.0,5.2,56,1009.9,60,
2025-10-12 05:00:00,21.5,97,21.0,25.0,0.0,5.9,38,1010.1,67,0.0,22.4,97,21.9,26.6,0.0,4.4,55,1010.3,71,
2025-10-12 06:00:00,21.4,98,21.0,25.0,0.0,5.2,34,1010.2,68,0.0,22.4,97,21.9,26.7,0.0,3.6,53,1010.7,83,
2025-10-12 07:00:00,21.2,98,20.8,24.9,0.0,3.9,34,1010.3,66,17.0,22.5,97,22.0,27.1,0.0,2.5,45,1011.1,93,
2025-10-12 08:00:00,21.8,97,21.3,25.9,0.0,2.9,360,1010.7,72,135.0,22.7,97,22.2,27.5,0.0,1.5,14,1011.4,99,
2025-10-12 09:00:00,24.0,87,21.7,28.5,0.0,2.2,9,1011.5,38,328.0,23.1,95,22.2,27.8,0.0,1.9,338,1011.5,100,
2025-10-12 10:00:00,25.6,80,21.9,30.1,0.0,1.9,248,1011.4,24,435.0,23.7,92,22.3,28.3,0.0,3.3,319,1011.4,93,
2025-10-12 11:00:00,26.7,79,22.8,31.3,0.0,7.3,250,1011.2,10,599.0,24.6,87,22.3,28.9,0.0,5.4,318,1011.0,78,
2025-10-12 12:00:00,27.3,78,23.1,32.2,0.0,9.4,247,1011.3,24,672.0,25.6,82,22.3,29.6,0.0,7.9,317,1010.6,60,
2025-10-12 13:00:00,28.4,75,23.6,33.2,0.0,10.8,255,1010.1,14,638.0,26.6,77,22.2,30.1,0.0,9.9,316,1010.1,42,
2025-10-12 14:00:00,29.4,68,22.9,33.4,0.0,11.6,275,1009.6,17,598.0,27.3,73,22.0,30.5,0.0,12.0,316,1009.8,27,
2025-10-12 15:00:00,29.2,63,21.4,32.0,0.0,12.3,345,1009.9,19,464.0,27.6,71,21.9,30.5,0.0,13.2,317,1009.7,19,
2025-10-12 16:00:00,28.0,67,21.3,30.7,0.0,13.0,346,1009.8,9,315.0,27.4,71,21.7,30.1,0.0,14.0,318,1009.8,19,
2025-10-12 17:00:00,26.6,74,21.5,29.2,0.0,13.9,350,1010.1,16,158.0,26.9,73,21.6,29.5,0.0,14.3,319,1010.2,25,
2025-10-12 18:00:00,25.1,80,21.4,27.8,0.0,13.4,354,1011.0,21,20.0,26.1,76,21.5,28.7,0.0,13.8,321,1010.6,34,
2025-10-12 19:00:00,24.2,83,21.1,26.6,0.0,14.2,351,1011.5,19,0.0,25.2,79,21.3,27.7,0.0,13.6,323,1011.1,44,
2025-10-12 20:00:00,23.8,83,20.7,26.3,0.0,12.0,351,1012.3,26,0.0,24.3,82,21.0,26.8,0.0,13.4,324,1011.5,52,
2025-10-12 21:00:00,23.4,83,20.3,26.0,0.0,9.4,337,1012.6,38,0.0,23.7,84,20.8,26.1,0.0,12.9,324,1011.8,55,
2025-10-12 22:00:00,23.1,84,20.2,25.7,0.0,8.9,328,1012.8,60,0.0,23.3,85,20.6,25.6,0.0,12.6,323,1012.0,53,
2025-10-12 23:00:00,23.0,86,20.5,25.6,0.0,10.2,337,1012.8,58,0.0,22.9,86,20.4,25.2,0.0,12.3,322,1012.1,47,
2025-10-13 00:00:00,22.7,86,20.2,25.3,0.0,8.8,341,1012.9,44,0.0,22.6,86,20.1,24.8,0.0,11.8,320,1012.2,40,
2025-10-13 01:00:00,22.2,87,19.9,25.0,0.0,6.9,332,1012.9,40,0.0,22.4,86,19.9,24.5,0.0,11.2,318,1012.2,32,
2025-10-13 02:00:00,21.7,89,19.8,24.7,0.0,5.6,315,1012.9,34,0.0,22.2,86,19.8,24.4,0.0,10.7,315,1012.3,24,
2025-10-13 03:00:00,21.4,91,19.9,24.3,0.0,6.5,326,1012.8,34,0.0,22.2,86,19.8,24.5,0.0,10.2,312,1012.5,18,
2025-10-13 04:00:00,21.2,92,19.9,24.0,0.0,6.9,332,1013.1,35,0.0,22.4,86,19.9,24.8,0.0,9.7,309,1012.8,13,
2025-10-13 05:00:00,21.0,94,20.0,23.9,0.0,6.5,326,1013.4,37,0.0,22.7,85,20.0,25.2,0.0,9.2,309,1013.2,9,
2025-10-13 06:00:00,20.9,94,19.9,23.8,0.0,6.4,317,1013.9,31,0.0,23.1,84,20.2,25.8,0.0,8.8,305,1013.7,5,
2025-10-13 07:00:00,20.8,94,19.8,23.8,0.0,5.6,315,1014.1,21,17.0,23.5,83,20.5,26.4,0.0,8.1,302,1014.1,2,
2025-10-13 08:00:00,22.1,90,20.3,25.7,0.0,2.7,293,1014.5,14,146.0,24.0,81,20.5,27.0,0.0,7.7,298,1014.4,1,
2025-10-13 09:00:00,23.8,85,21.1,27.6,0.0,3.7,299,1014.9,21,326.0,24.4,80,20.7,27.5,0.0,7.9,294,1014.6,0,
2025-10-13 10:00:00,25.2,78,21.1,28.9,0.0,4.3,275,1014.4,14,458.0,24.9,78,20.8,27.9,0.0,8.4,290,1014.5,2,
2025-10-13 11:00:00,26.3,75,21.5,30.1,0.0,7.2,267,1014.3,12,593.0,25.5,76,20.9,28.4,0.0,9.3,283,1014.2,5,
2025-10-13 12:00:00,27.0,71,21.3,30.5,0.0,10.8,274,1014.4,16,651.0,26.0,74,21.0,28.9,0.0,10.2,280,1013.8,10,
2025-10-13 13:00:00,27.6,69,21.4,31.1,0.0,10.9,279,1013.7,13,648.0,26.5,71,20.8,29.2,0.0,11.3,277,1013.4,14,
2025-10-13 14:00:00,27.9,67,21.2,31.0,0.0,11.2,270,1013.1,15,594.0,26.8,70,20.9,29.4,0.0,11.9,275,1013.1,18,
2025-10-13 15:00:00,27.7,67,21.0,30.4,0.0,11.4,281,1013.4,20,484.0,26.9,70,20.9,29.5,0.0,11.9,275,1013.0,20,
2025-10-13 16:00:00,27.5,67,20.8,30.0,0.0,12.1,287,1013.5,17,307.0,26.5,72,21.1,29.3,0.0,11.3,277,1013.1,19,
2025-10-13 17:00:00,26.7,69,20.6,29.4,0.0,9.7,301,1013.6,21,147.0,25.9,74,20.9,28.8,0.0,9.5,281,1013.5,16,
2025-10-13 18:00:00,25.5,73,20.3,28.2,0.0,8.9,317,1014.1,24,19.0,25.1,78,21.0,28.3,0.0,7.9,286,1013.9,13,
2025-10-13 19:00:00,24.5,78,20.4,27.5,0.0,7.2,342,1014.6,20,0.0,24.2,82,20.9,27.6,0.0,6.1,298,1014.3,9,
2025-10-13 20:00:00,23.5,83,20.5,26.8,0.0,5.9,11,1014.8,19,0.0,23.4,86,20.9,27.0,0.0,4.8,312,1014.7,7,
2025-10-13 21:00:00,22.9,86,20.4,26.2,0.0,5.2,16,1014.9,17,0.0,22.8,88,20.7,26.4,0.0,4.2,329,1014.9,8,
2025-10-13 22:00:00,22.0,91,20.5,25.5,0.0,4.5,29,1014.9,15,0.0,22.4,89,20.5,25.9,0.0,3.9,338,1014.9,12,
2025-10-13 23:00:00,21.6,92,20.2,25.0,0.0,3.9,22,1015.0,10,0.0,22.0,90,20.3,25.5,0.0,3.8,343,1014.8,19,
2025-10-14 00:00:00,21.1,94,20.1,24.3,0.0,4.8,347,1014.7,11,0.0,21.8,91,20.2,25.3,0.0,3.3,347,1014.6,28,
2025-10-14 01:00:00,20.7,94,19.7,23.7,0.0,4.8,13,1014.3,10,0.0,21.6,91,20.1,25.0,0.0,3.3,354,1014.3,36,
2025-10-14 02:00:00,20.5,93,19.3,23.2,0.0,5.6,45,1014.3,5,0.0,21.6,91,20.0,25.1,0.0,2.5,352,1014.2,43,
2025-10-14 03:00:00,20.8,91,19.2,23.5,0.0,5.4,70,1014.1,5,0.0,21.6,91,20.0,25.1,0.0,2.2,360,1014.1,48,
2025-10-14 04:00:00,20.8,92,19.4,23.4,0.0,6.5,84,1014.0,4,0.0,21.7,91,20.2,25.4,0.0,1.6,27,1014.2,49,
2025-10-14 05:00:00,20.8,95,20.0,23.8,0.0,6.0,65,1014.2,4,0.0,22.1,90,20.3,25.9,0.0,1.4,90,1014.4,48,
2025-10-14 06:00:00,20.0,96,19.3,22.6,0.0,5.8,83,1014.4,16,0.0,22.5,90,20.7,26.4,0.0,2.4,117,1014.7,46,
2025-10-14 07:00:00,20.9,95,20.0,24.2,0.0,4.0,95,1014.6,21,16.0,22.9,89,21.0,26.8,0.0,3.3,131,1014.9,43,
2025-10-14 08:00:00,22.6,92,21.2,26.5,0.0,4.1,165,1015.1,13,145.0,23.4,88,21.3,27.2,0.0,4.3,138,1015.1,42,
2025-10-14 09:00:00,24.3,84,21.4,27.8,0.0,7.9,164,1015.1,11,314.0,23.7,88,21.6,27.7,0.0,4.6,141,1015.2,43,
2025-10-14 10:00:00,25.2,81,21.7,28.4,0.0,10.3,155,1014.7,18,465.0,23.9,88,21.8,28.2,0.1,3.9,146,1015.1,47,
2025-10-14 11:00:00,25.6,79,21.6,28.8,0.0,10.0,142,1014.7,45,487.0,24.1,88,22.0,28.6,0.1,3.1,159,1014.9,54,
2025-10-14 12:00:00,25.7,74,20.7,28.9,0.0,6.8,122,1014.3,52,441.0,24.3,87,22.0,29.0,0.1,1.8,191,1014.6,61,
2025-10-14 13:00:00,26.3,72,20.9,29.8,0.0,5.3,118,1013.8,38,379.0,24.4,87,22.1,29.1,0.1,2.3,252,1014.3,69,
2025-10-14 14:00:00,26.4,73,21.2,30.2,0.1,4.4,81,1013.5,69,322.0,24.5,88,22.4,29.1,0.1,3.6,276,1014.1,76,
2025-10-14 15:00:00,23.7,94,22.6,27.8,0.8,7.9,344,1014.2,98,129.0,24.6,88,22.4,29.0,0.1,4.8,283,1014.1,81,
2025-10-14 16:00:00,23.7,93,22.5,27.4,26.0,9.7,231,1014.6,100,16.0,24.6,89,22.6,29.0,1.3,5.6,285,1014.3,84,
2025-10-14 17:00:00,23.8,90,22.1,27.6,3.2,7.8,257,1014.4,42,38.0,24.5,90,22.7,28.9,1.3,6.4,286,1014.6,87,
2025-10-14 18:00:00,23.7,92,22.3,27.1,0.0,11.5,274,1015.3,28,10.0,24.4,91,22.8,28.7,1.3,7.2,288,1015.0,88,
2025-10-14 19:00:00,23.2,93,22.0,26.9,0.1,8.2,299,1015.9,34,0.0,24.2,92,22.8,28.4,1.3,7.6,289,1015.4,89,
2025-10-14 20:00:00,22.8,95,21.9,26.5,0.0,7.5,325,1016.5,50,0.0,24.0,93,22.8,28.2,1.3,8.1,291,1015.8,88,
2025-10-14 21:00:00,22.5,95,21.7,26.3,0.0,6.5,326,1016.6,46,0.0,23.9,94,22.8,28.1,1.3,8.2,293,1016.0,85,
2025-10-14 22:00:00,22.3,96,21.6,26.0,0.0,6.5,326,1016.7,67,0.0,23.7,94,22.6,27.7,0.0,8.4,295,1016.1,79,
2025-10-14 23:00:00,22.1,95,21.3,25.6,0.0,7.2,333,1017.0,51,0.0,23.5,94,22.4,27.4,0.0,8.7,300,1016.1,70,
2025-10-15 00:00:00,22.4,94,21.4,25.6,0.0,9.3,324,1016.7,53,0.0,23.2,93,22.0,26.9,0.0,8.6,303,1016.0,59,
2025-10-15 01:00:00,22.3,91,20.7,25.3,0.0,8.3,326,1016.8,91,0.0,23.0,93,21.8,26.6,0.0,8.7,308,1016.0,49,
2025-10-15 02:00:00,22.0,91,20.5,25.2,0.0,6.2,324,1016.6,100,0.0,22.9,92,21.5,26.3,0.0,8.4,313,1016.0,40,
2025-10-15 03:00:00,22.0,95,21.2,25.4,0.0,7.1,315,1016.7,72,0.0,22.8,91,21.2,26.1,0.0,7.7,319,1016.1,36,
2025-10-15 04:00:00,21.9,93,20.7,25.0,0.1,7.6,352,1016.6,62,0.0,22.8,90,21.0,26.2,0.0,6.8,328,1016.4,37,
2025-10-15 05:00:00,22.0,86,19.6,24.3,0.0,9.2,21,1016.6,28,0.0,22.8,88,20.7,26.2,0.0,5.9,346,1016.9,42,
2025-10-15 06:00:00,21.2,91,19.7,23.5,0.0,9.8,6,1016.9,22,0.0,22.9,87,20.6,26.3,0.0,5.5,11,1017.5,49,
2025-10-15 07:00:00,21.6,87,19.3,23.5,0.0,10.7,20,1017.0,29,13.0,23.1,85,20.4,26.3,0.0,6.0,33,1018.0,56,
2025-10-15 08:00:00,22.5,83,19.5,24.7,0.0,10.0,26,1017.4,29,115.0,23.3,83,20.2,26.2,0.0,6.9,51,1018.4,62,
2025-10-15 09:00:00,23.4,84,20.6,26.2,0.0,9.5,29,1018.4,25,249.0,23.5,82,20.2,26.4,0.0,7.4,61,1018.6,64,
2025-10-15 10:00:00,24.7,77,20.4,27.4,0.0,8.7,45,1018.3,21,381.0,23.8,81,20.3,26.7,0.0,7.2,72,1018.5,62,
2025-10-15 11:00:00,25.7,72,20.2,28.7,0.0,6.6,81,1018.5,25,498.0,24.1,80,20.4,27.3,0.0,6.1,87,1018.1,57,
2025-10-15 12:00:00,26.2,71,20.5,29.5,0.0,5.4,138,1017.9,24,523.0,24.5,79,20.6,27.9,0.0,5.4,110,1017.7,50,
2025-10-15 13:00:00,26.1,74,21.1,29.2,0.0,8.7,156,1017.2,25,538.0,24.9,78,20.8,28.3,0.0,5.9,133,1017.2,43,
2025-10-15 14:00:00,25.9,76,21.4,29.2,0.0,9.0,157,1016.5,20,478.0,25.2,77,20.9,28.6,0.0,6.3,149,1016.7,38,
2025-10-15 15:00:00,25.7,76,21.1,29.2,0.0,6.4,133,1016.3,41,395.0,25.3,77,21.0,28.6,0.0,7.2,153,1016.5,36,
2025-10-15 16:00:00,25.6,76,21.0,29.2,0.0,4.9,107,1016.7,38,198.0,25.2,78,21.1,28.5,0.0,7.9,150,1016.5,38,
2025-10-15 17:00:00,25.2,77,20.8,28.7,0.0,5.1,94,1016.5,50,86.0,25.0,79,21.1,28.2,0.0,7.9,141,1016.6,42,
2025-10-15 18:00:00,24.7,81,21.2,28.7,0.0,3.6,96,1016.6,37,8.0,24.7,80,21.0,27.8,0.0,8.2,131,1016.9,47,
2025-10-15 19:00:00,24.1,84,21.2,27.9,0.0,4.7,99,1017.3,32,0.0,24.3,81,20.8,27.2,0.0,8.9,122,1017.1,54,
2025-10-15 20:00:00,23.9,85,21.2,27.4,0.0,6.6,112,1017.5,40,0.0,24.0,83,20.9,26.9,0.0,9.5,115,1017.3,59,
2025-10-15 21:00:00,23.9,85,21.2,27.1,0.0,8.6,123,1017.1,36,0.0,23.8,84,20.9,26.6,0.0,10.0,111,1017.3,63,
2025-10-15 22:00:00,24.1,83,21.0,26.9,0.0,10.4,124,1016.9,24,0.0,23.7,85,21.0,26.5,0.1,10.5,112,1017.1,65,
2025-10-15 23:00:00,24.1,82,20.8,26.7,0.0,11.3,127,1016.9,31,0.0,23.7,86,21.2,26.6,0.1,10.8,116,1016.8,66,
2025-10-16 00:00:00,24.0,80,20.3,26.3,0.0,11.8,130,1016.4,50,0.0,23.7,87,21.4,26.7,0.1,10.8,120,1016.5,67,
2025-10-16 01:00:00,24.0,80,20.3,26.2,0.0,12.5,131,1016.3,51,0.0,23.7,87,21.4,26.7,0.1,10.9,124,1016.1,67,
2025-10-16 02:00:00,23.9,82,20.6,26.3,0.0,12.0,136,1016.0,34,0.0,23.8,88,21.7,26.9,0.1,10.7,130,1015.8,67,
2025-10-16 03:00:00,23.7,89,21.8,27.2,0.0,9.2,149,1015.7,38,0.0,23.9,88,21.8,27.1,0.1,10.4,134,1015.6,68,
2025-10-16 04:00:00,23.4,90,21.7,27.1,0.0,7.5,145,1015.6,29,0.0,24.0,88,21.9,27.4,0.6,9.7,138,1015.6,69,
2025-10-16 05:00:00,23.4,91,21.9,27.1,0.0,7.7,143,1015.1,19,0.0,24.1,88,22.0,27.8,0.6,8.8,145,1015.7,69,
2025-10-16 06:00:00,23.4,89,21.4,26.7,0.0,8.5,144,1015.4,19,0.0,24.3,88,22.1,28.1,0.6,7.7,152,1015.9,70,
2025-10-16 07:00:00,23.6,89,21.6,27.0,0.0,8.6,165,1015.4,15,13.0,24.4,88,22.3,28.5,0.6,6.8,162,1016.1,71,
2025-10-16 08:00:00,24.5,85,21.8,28.4,0.0,6.6,202,1015.6,55,114.0,24.6,87,22.3,28.8,0.6,5.8,176,1016.3,71,
2025-10-16 09:00:00,25.1,84,22.2,29.0,0.0,7.7,217,1016.4,92,171.0,24.7,87,22.4,29.1,0.6,5.4,200,1016.3,72,
2025-10-16 10:00:00,26.0,82,22.6,29.7,0.0,10.8,240,1016.2,57,228.0,24.9,87,22.5,29.2,1.2,5.9,227,1016.1,73,
2025-10-16 11:00:00,26.8,78,22.6,30.2,0.0,12.2,246,1015.9,75,308.0,25.0,87,22.7,29.2,1.2,8.1,249,1015.7,73,
2025-10-16 12:00:00,26.1,82,22.8,30.1,0.0,9.8,253,1015.6,100,173.0,25.2,87,22.8,29.0,1.2,10.9,262,1015.3,74,
2025-10-16 13:00:00,26.1,82,22.8,30.0,0.0,10.0,257,1014.6,95,100.0,25.3,87,22.9,28.7,1.2,13.7,270,1014.9,74,
2025-10-16 14:00:00,26.2,81,22.6,29.8,0.0,11.2,266,1014.1,42,146.0,25.3,86,22.8,28.3,1.2,16.3,275,1014.7,74,
2025-10-16 15:00:00,24.9,87,22.5,27.8,0.0,15.5,271,1014.8,84,192.0,25.3,86,22.8,28.1,1.2,17.2,280,1014.7,74,
2025-10-16 16:00:00,25.2,82,21.9,28.1,0.0,13.4,276,1015.0,72,75.0,25.1,85,22.4,27.7,0.1,16.9,286,1015.1,74,
2025-10-16 17:00:00,23.6,91,22.0,26.7,0.5,12.1,337,1015.5,83,40.0,24.8,84,21.9,27.4,0.1,15.5,295,1015.7,75,
2025-10-16 18:00:00,23.1,90,21.4,26.1,0.0,10.8,339,1016.4,78,2.0,24.4,83,21.3,27.0,0.1,13.8,309,1016.4,75,
2025-10-16 19:00:00,22.9,89,21.0,25.8,0.0,10.0,334,1017.1,81,0.0,24.0,82,20.7,26.4,0.1,12.9,324,1017.2,75,
2025-10-16 20:00:00,22.8,85,20.2,24.8,0.0,13.3,347,1017.9,56,0.0,23.6,81,20.2,25.7,0.1,12.8,338,1018.0,73,
2025-10-16 21:00:00,22.3,87,20.0,24.3,0.0,13.1,352,1018.9,38,0.0,23.3,81,19.8,25.2,0.1,12.8,349,1018.5,68,
2025-10-16 22:00:00,22.3,83,19.3,24.2,0.0,11.2,2,1019.2,38,0.0,22.9,81,19.5,24.7,0.0,12.7,353,1018.8,59,
2025-10-16 23:00:00,22.0,84,19.1,24.3,0.0,7.4,23,1019.4,33,0.0,22.5,82,19.3,24.2,0.0,12.3,355,1019.1,47,
2025-10-17 00:00:00,21.7,86,19.2,23.9,0.0,8.3,18,1020.1,16,0.0,22.1,83,19.1,23.8,0.0,11.5,356,1019.2,32,
2025-10-17 01:00:00,21.3,86,18.8,23.3,0.0,8.6,22,1020.0,5,0.0,21.7,84,18.9,23.5,0.0,10.5,356,1019.3,18,
2025-10-17 02:00:00,20.9,84,18.1,22.4,0.0,9.7,27,1020.1,2,0.0,21.5,84,18.6,23.3,0.0,9.4,358,1019.5,7,
2025-10-17 03:00:00,20.5,83,17.5,21.6,0.0,10.8,30,1020.2,3,0.0,21.3,84,18.5,23.2,0.0,8.3,2,1019.7,0,
2025-10-17 04:00:00,20.0,82,16.8,21.0,0.0,9.8,36,1020.5,4,0.0,21.3,83,18.3,23.3,0.0,7.3,11,1020.1,0,
2025-10-17 05:00:00,19.5,82,16.3,20.4,0.0,8.6,33,1020.7,4,0.0,21.4,81,18.0,23.3,0.0,6.9,28,1020.6,3,
2025-10-17 06:00:00,19.0,83,16.1,19.8,0.0,9.2,31,1021.1,3,0.0,21.6,78,17.6,23.3,0.0,6.6,45,1021.2,9,
2025-10-17 07:00:00,18.7,84,15.9,19.6,0.0,7.7,37,1021.6,0,17.0,21.8,76,17.4,23.4,0.0,7.2,63,1021.6,16,
2025-10-17 08:00:00,20.0,78,16.1,21.1,0.0,6.6,49,1021.8,0,163.0,22.1,73,17.0,23.4,0.0,8.2,75,1022.0,21,
2025-10-17 09:00:00,22.4,72,17.1,23.5,0.0,10.0,69,1022.1,0,359.0,22.5,71,16.9,23.6,0.0,9.0,85,1022.0,24,
2025-10-17 10:00:00,23.6,66,16.8,24.3,0.0,11.5,92,1021.9,0,531.0,23.0,69,17.0,24.0,0.0,9.7,94,1021.7,22,
2025-10-17 11:00:00,24.2,65,17.2,25.6,0.0,12.2,104,1021.3,16,657.0,23.6,66,16.9,24.6,0.0,10.0,103,1021.0,18,
2025-10-17 12:00:00,24.8,63,17.2,26.4,0.0,12.7,98,1020.3,0,708.0,24.3,63,16.8,25.2,0.0,10.4,110,1020.2,12,
2025-10-17 13:00:00,25.3,61,17.3,26.9,0.0,13.5,115,1019.2,0,734.0,25.0,61,17.0,25.9,0.0,10.9,117,1019.4,7,
2025-10-17 14:00:00,25.5,61,17.4,26.8,0.0,13.5,124,1018.7,0,667.0,25.5,59,16.9,26.3,0.0,11.5,122,1018.7,3,
2025-10-17 15:00:00,25.1,63,17.5,25.8,0.0,13.2,125,1018.1,0,540.0,25.8,59,17.1,26.5,0.0,12.1,127,1018.3,4,
2025-10-17 16:00:00,25.0,64,17.7,25.8,0.0,13.6,127,1018.3,5,358.0,25.7,61,17.6,26.5,0.0,12.8,128,1018.3,10,
2025-10-17 17:00:00,24.5,65,17.5,25.0,0.0,14.3,124,1018.2,9,159.0,25.3,64,18.0,26.2,0.0,13.6,127,1018.5,19,
2025-10-17 18:00:00,23.5,66,16.7,24.0,0.0,12.6,121,1018.5,7,17.0,24.8,68,18.5,25.8,0.0,14.4,127,1018.8,31,
2025-10-17 19:00:00,23.3,68,17.0,23.9,0.0,13.0,124,1019.0,5,0.0,24.2,72,18.8,25.3,0.0,15.0,125,1019.2,43,
2025-10-17 20:00:00,23.1,73,18.0,24.1,0.0,12.9,117,1019.3,11,0.0,23.7,76,19.2,24.9,0.0,15.5,126,1019.5,53,
2025-10-17 21:00:00,23.4,73,18.2,24.2,0.0,14.9,122,1019.2,28,0.0,23.5,78,19.4,24.7,0.0,15.9,128,1019.5,60,
2025-10-17 22:00:00,23.3,75,18.6,23.9,0.0,17.6,133,1018.8,60,0.0,23.5,79,19.6,24.8,0.0,16.3,131,1019.3,63,
2025-10-17 23:00:00,23.5,77,19.2,24.4,0.0,17.8,144,1018.8,44,0.0,23.6,78,19.6,24.8,0.0,16.8,137,1018.9,65,
2025-10-18 00:00:00,23.9,78,19.8,24.7,0.0,20.5,158,1018.4,96,0.0,23.9,78,19.8,25.1,0.0,17.2,143,1018.4,64,
2025-10-18 01:00:00,24.0,77,19.7,24.9,0.0,18.9,162,1018.0,45,0.0,24.2,76,19.7,25.3,0.0,17.8,148,1017.9,63,
2025-10-18 02:00:00,24.0,79,20.1,25.2,0.0,18.0,164,1017.4,42,0.0,24.4,75,19.7,25.5,0.0,18.2,153,1017.4,61,
2025-10-18 03:00:00,24.0,79,20.1,25.4,0.0,17.3,159,1016.7,37,0.0,24.6,75,19.9,25.8,0.0,18.2,155,1017.1,58,
2025-10-18 04:00:00,24.1,78,20.0,25.7,0.0,15.6,161,1016.4,16,0.0,24.8,75,20.0,26.0,0.0,18.1,157,1017.0,54,
2025-10-18 05:00:00,24.1,78,20.0,26.0,0.0,13.4,160,1016.2,24,0.0,24.9,76,20.3,26.4,0.0,17.3,157,1016.9,48,
2025-10-18 06:00:00,23.8,79,19.9,25.8,0.0,12.6,160,1016.4,58,0.0,25.0,76,20.5,26.7,0.0,16.3,155,1017.0,41,
2025-10-18 07:00:00,23.7,79,19.9,25.9,0.0,11.2,147,1016.0,29,11.0,25.1,77,20.8,27.2,0.0,15.3,153,1017.1,34,
2025-10-18 08:00:00,24.2,78,20.1,26.5,0.0,11.1,144,1016.5,63,93.0,25.2,78,21.1,27.5,0.0,13.8,152,1017.1,30,
2025-10-18 09:00:00,24.1,80,20.4,27.0,0.0,8.0,144,1016.9,97,130.0,25.3,78,21.2,27.9,0.0,12.2,152,1017.0,28,
2025-10-18 10:00:00,24.8,76,20.2,28.3,0.0,3.2,153,1016.8,59,162.0,25.4,78,21.2,28.4,0.1,10.3,155,1016.8,30,
2025-10-18 11:00:00,25.0,74,20.1,28.3,0.0,3.9,146,1016.6,63,182.0,25.5,78,21.3,28.9,0.1,7.8,158,1016.5,35,
2025-10-18 12:00:00,25.9,74,20.9,29.4,0.0,6.1,230,1016.1,75,242.0,25.6,78,21.4,29.4,0.1,5.4,172,1016.1,42,
2025-10-18 13:00:00,26.5,72,21.1,29.7,0.0,8.7,225,1015.4,35,332.0,25.6,78,21.5,29.8,0.1,3.4,198,1015.8,49,
2025-10-18 14:00:00,27.1,68,20.7,30.1,0.0,8.6,272,1015.2,48,374.0,25.6,78,21.5,29.8,0.1,3.1,249,1015.6,57,
2025-10-18 15:00:00,25.4,80,21.7,29.3,0.0,6.2,277,1015.6,66,205.0,25.5,78,21.3,29.5,0.1,3.8,287,1015.5,63,
2025-10-18 16:00:00,24.6,83,21.5,28.0,0.1,8.5,306,1015.8,71,117.0,25.2,79,21.3,29.0,0.5,4.8,312,1015.6,69,
2025-10-18 17:00:00,23.7,91,22.2,27.1,0.2,10.8,345,1016.0,38,67.0,24.7,80,21.0,28.1,0.5,6.9,332,1015.9,75,
2025-10-18 18:00:00,22.3,89,20.4,24.8,0.1,10.8,360,1016.9,42,8.0,24.2,81,20.7,27.1,0.5,9.0,344,1016.3,80,
2025-10-18 19:00:00,22.1,88,20.0,24.5,0.0,9.7,356,1017.5,41,0.0,23.7,82,20.4,26.1,0.5,11.3,353,1016.8,86,
2025-10-18 20:00:00,21.9,87,19.6,24.4,0.0,8.0,5,1017.5,57,0.0,23.1,83,20.1,25.1,0.5,13.0,358,1017.2,90,
2025-10-18 21:00:00,21.6,89,19.7,24.2,0.0,7.2,360,1018.1,58,0.0,22.7,84,19.9,24.5,0.5,14.0,1,1017.5,94,
2025-10-18 22:00:00,21.5,88,19.4,24.0,0.0,6.8,3,1018.0,65,0.0,22.4,84,19.5,23.9,0.4,14.4,4,1017.7,96,
2025-10-18 23:00:00,21.6,86,19.1,23.7,0.0,9.0,5,1018.2,75,0.0,22.1,85,19.4,23.6,0.4,13.8,7,1017.9,98,
2025-10-19 00:00:00,20.8,88,18.7,22.9,0.0,7.6,8,1018.8,88,0.0,21.8,85,19.2,23.4,0.4,12.8,11,1018.0,99,
2025-10-19 01:00:00,20.4,90,18.7,22.0,0.9,11.0,19,1018.8,68,0.0,21.6,84,18.8,23.1,0.4,12.0,16,1018.2,99,
2025-10-19 02:00:00,20.1,90,18.4,21.5,0.5,12.0,33,1018.9,64,0.0,21.4,84,18.6,23.0,0.4,10.8,21,1018.3,99,
2025-10-19 03:00:00,20.0,91,18.4,21.3,0.3,12.4,26,1018.9,86,0.0,21.3,84,18.4,22.9,0.4,10.0,26,1018.5,98,
2025-10-19 04:00:00,19.9,87,17.7,20.8,0.0,13.1,21,1019.1,70,0.0,21.2,84,18.4,22.8,0.9,9.5,29,1018.8,96,
2025-10-19 05:00:00,19.0,90,17.3,19.6,0.5,13.2,29,1019.3,59,0.0,21.0,84,18.2,22.7,0.9,9.0,37,1019.1,94,
2025-10-19 06:00:00,18.5,92,17.1,19.3,0.9,11.9,25,1019.8,71,0.0,21.0,84,18.2,22.7,0.9,8.7,42,1019.5,91,
2025-10-19 07:00:00,18.4,92,17.1,19.5,0.9,10.0,38,1019.6,64,4.0,21.0,83,18.0,22.7,0.9,7.9,47,1019.8,88,
2025-10-19 08:00:00,18.8,90,17.1,20.4,0.0,6.7,54,1019.7,52,53.0,21.1,83,18.1,22.9,0.9,7.7,53,1020.0,85,
2025-10-19 09:00:00,20.0,89,18.1,21.6,0.0,9.0,61,1020.2,81,107.0,21.2,82,18.0,23.1,0.9,7.0,55,1020.0,83,
2025-10-19 10:00:00,20.6,84,17.8,21.9,0.0,9.9,57,1020.4,55,90.0,21.6,80,18.0,23.5,0.0,6.3,59,1019.8,82,
2025-10-19 11:00:00,21.1,80,17.5,22.5,0.0,8.8,55,1020.3,80,160.0,22.1,78,18.1,24.4,0.0,4.8,63,1019.3,82,
2025-10-19 12:00:00,21.7,80,18.1,23.4,0.0,8.7,38,1019.0,59,133.0,22.8,76,18.3,25.3,0.0,3.5,66,1018.7,82,
2025-10-19 13:00:00,22.2,77,17.9,23.8,0.0,8.4,10,1018.0,55,189.0,23.4,73,18.2,26.1,0.0,2.3,72,1018.1,83,
2025-10-19 14:00:00,22.4,75,17.8,24.3,0.0,6.0,17,1017.4,56,204.0,23.8,72,18.5,26.8,0.0,1.1,72,1017.7,83,
2025-10-19 15:00:00,21.6,80,18.0,23.8,0.0,5.1,8,1017.6,84,122.0,24.0,72,18.7,27.2,0.0,0.4,90,1017.5,84,
2025-10-19 16:00:00,21.1,83,18.1,23.0,0.0,7.2,3,1017.9,82,30.0,23.9,74,18.9,27.2,0.0,0.4,270,1017.6,85,
2025-10-19 17:00:00,20.1,89,18.2,21.8,0.1,8.6,360,1018.4,89,13.0,23.5,77,19.2,26.8,0.0,1.0,315,1018.0,86,
2025-10-19 18:00:00,19.9,91,18.3,22.1,1.8,5.8,4,1018.6,58,1.0,23.0,82,19.7,26.4,0.0,2.0,315,1018.6,87,
2025-10-19 19:00:00,19.4,93,18.2,21.5,0.8,6.2,10,1019.6,63,0.0,22.4,86,19.9,25.8,0.0,2.8,320,1019.1,88,
2025-10-19 20:00:00,19.2,93,18.0,21.1,0.1,6.6,347,1019.7,57,0.0,21.8,90,20.1,25.2,0.0,3.6,323,1019.5,90,
2025-10-19 21:00:00,19.3,94,18.3,21.1,0.0,8.5,348,1020.3,71,0.0,21.5,92,20.1,24.7,0.0,4.4,325,1019.8,91,
2025-10-19 22:00:00,19.2,93,18.0,20.9,0.7,8.0,352,1019.8,60,0.0,21.2,93,20.0,24.3,0.3,5.2,326,1019.8,93,
2025-10-19 23:00:00,19.0,93,17.9,20.9,0.1,6.4,344,1019.4,42,0.0,21.1,93,19.9,24.0,0.3,6.2,324,1019.6,95,
2025-10-20 00:00:00,19.5,93,18.3,21.4,0.0,7.4,331,1019.3,58,0.0,21.0,92,19.6,23.6,0.3,7.0,325,1019.4,97,
2025-10-20 01:00:00,19.2,92,17.9,21.2,0.0,5.8,338,1018.8,87,0.0,20.9,91,19.4,23.3,0.3,7.8,326,1019.1,99,
2025-10-20 02:00:00,18.8,92,17.5,20.8,0.0,5.0,330,1019.0,69,0.0,20.9,89,19.0,23.0,0.3,8.4,329,1018.9,100,
2025-10-20 03:00:00,19.2,92,17.9,20.6,0.0,10.0,334,1019.3,87,0.0,20.9,88,18.8,22.8,0.3,9.0,331,1018.9,99,
2025-10-20 04:00:00,18.9,90,17.2,20.1,0.1,8.8,341,1019.4,79,0.0,20.9,86,18.4,22.6,0.0,9.5,335,1019.1,96,
2025-10-20 05:00:00,18.7,89,16.8,19.9,0.0,8.0,342,1019.5,64,0.0,20.9,84,18.1,22.4,0.0,9.8,343,1019.5,92,
2025-10-20 06:00:00,18.9,83,15.9,19.6,0.0,8.5,332,1019.9,94,0.0,21.0,82,17.8,22.3,0.0,10.2,350,1020.0,86,
2025-10-20 07:00:00,19.0,80,15.5,19.9,0.0,6.8,335,1020.5,56,4.0,21.1,80,17.5,22.2,0.0,10.8,356,1020.5,80,
2025-10-20 08:00:00,19.7,77,15.5,20.6,0.0,6.4,344,1021.0,55,67.0,21.2,77,17.0,22.0,0.0,11.5,360,1020.8,74,
2025-10-20 09:00:00,20.4,74,15.6,21.0,0.0,9.0,5,1021.4,45,150.0,21.4,75,16.7,22.0,0.0,11.9,2,1021.0,68,
2025-10-20 10:00:00,21.5,68,15.3,21.6,0.0,11.3,22,1020.6,40,281.0,21.6,73,16.6,22.1,0.0,12.2,2,1020.9,62,
2025-10-20 11:00:00,22.3,64,15.2,22.3,0.0,11.7,18,1020.8,31,383.0,22.0,70,16.3,22.4,0.0,12.2,358,1020.6,54,
2025-10-20 12:00:00,22.9,62,15.2,22.5,0.0,14.2,9,1020.3,43,430.0,22.5,68,16.3,22.8,0.0,12.7,353,1020.2,47,
2025-10-20 13:00:00,22.9,61,15.0,22.4,0.0,14.7,11,1019.8,48,439.0,22.8,66,16.1,23.1,0.0,12.8,350,1019.8,41,
2025-10-20 14:00:00,22.8,61,14.9,22.3,0.0,14.8,13,1019.6,41,368.0,23.1,65,16.1,23.3,0.0,12.8,349,1019.5,37,
2025-10-20 15:00:00,22.1,70,16.3,22.0,0.0,15.5,360,1019.7,27,359.0,23.1,64,15.9,23.2,0.0,12.8,349,1019.4,37,
2025-10-20 16:00:00,21.3,73,16.2,20.9,0.0,17.2,11,1020.1,13,228.0,22.8,64,15.6,22.8,0.0,12.7,352,1019.5,42,
2025-10-20 17:00:00,20.4,75,15.8,20.0,0.0,16.2,13,1020.4,31,118.0,22.3,66,15.6,22.3,0.0,12.6,360,1019.9,51,
2025-10-20 18:00:00,19.6,77,15.4,19.1,0.0,15.5,5,1020.5,25,10.0,21.7,67,15.3,21.6,0.0,12.7,8,1020.3,63,
2025-10-20 19:00:00,19.1,76,14.8,18.3,0.0,16.4,15,1021.0,45,0.0,21.0,69,15.1,20.7,0.0,13.1,16,1020.7,75,
2025-10-20 20:00:00,18.8,74,14.0,17.6,0.0,16.6,22,1021.0,51,0.0,20.3,71,14.9,20.0,0.0,13.6,22,1021.2,85,
2025-10-20 21:00:00,18.5,76,14.2,17.9,0.0,13.1,21,1021.8,43,0.0,19.8,72,14.6,19.2,0.0,14.0,26,1021.5,92,
2025-10-20 22:00:00,18.2,75,13.7,17.5,0.0,12.6,24,1022.0,61,0.0,19.3,72,14.1,18.6,0.0,14.2,27,1021.7,95,
2025-10-20 23:00:00,17.9,74,13.2,17.0,0.0,12.6,27,1022.3,45,0.0,18.9,72,13.8,18.1,0.0,13.8,28,1021.9,96,
2025-10-21 00:00:00,17.5,76,13.2,16.7,0.0,12.9,30,1022.2,58,0.0,18.5,72,13.4,17.6,0.0,13.4,27,1022.1,95,
2025-10-21 01:00:00,17.2,75,12.7,16.3,0.0,11.9,25,1022.7,52,0.0,18.2,72,13.1,17.3,0.0,12.9,27,1022.2,92,
2025-10-21 02:00:00,16.9,75,12.5,16.0,0.0,11.4,28,1022.9,63,0.0,17.9,71,12.6,16.9,0.0,12.4,26,1022.4,89,
2025-10-21 03:00:00,16.9,76,12.6,16.0,0.0,11.6,30,1022.7,60,0.0,17.8,71,12.4,16.8,0.0,12.1,27,1022.6,86,
2025-10-21 04:00:00,16.7,76,12.5,15.8,0.0,11.3,27,1022.8,64,0.0,17.7,71,12.4,16.8,0.0,11.6,30,1022.9,81,
2025-10-21 05:00:00,16.6,75,12.2,15.8,0.0,10.3,25,1022.9,48,0.0,17.7,71,12.4,16.9,0.0,11.0,32,1023.3,74,
2025-10-21 06:00:00,16.3,77,12.2,15.4,0.0,10.6,24,1023.1,44,0.0,17.8,72,12.7,17.1,0.0,10.8,37,1023.8,66,
2025-10-21 07:00:00,16.3,77,12.2,15.4,0.0,10.5,31,1023.4,43,6.0,17.9,72,12.8,17.3,0.0,10.2,42,1024.2,59,
2025-10-21 08:00:00,16.8,73,11.9,15.8,0.0,10.7,45,1023.8,32,72.0,18.1,72,13.0,17.6,0.0,9.9,46,1024.5,53,
2025-10-21 09:00:00,17.6,70,12.0,16.4,0.0,12.3,58,1024.1,53,207.0,18.3,71,13.0,17.8,0.0,9.7,51,1024.6,51,
2025-10-21 10:00:00,18.3,67,12.0,17.2,0.0,11.6,68,1023.9,73,220.0,18.6,70,13.0,18.2,0.0,9.6,56,1024.5,53,
2025-10-21 11:00:00,18.5,65,11.8,17.5,0.0,11.0,67,1023.9,90,147.0,19.0,68,13.0,18.5,0.0,9.7,59,1024.1,58,
2025-10-21 12:00:00,19.4,64,12.4,18.8,0.0,9.4,83,1023.4,61,224.0,19.5,66,12.9,19.0,0.0,9.5,61,1023.6,64,
2025-10-21 13:00:00,20.0,62,12.5,19.1,0.0,11.7,79,1022.3,48,383.0,19.9,65,13.1,19.4,0.0,9.7,63,1023.2,71,
2025-10-21 14:00:00,20.3,59,12.0,19.5,0.0,9.5,61,1022.3,53,366.0,20.2,63,12.9,19.7,0.0,9.5,65,1022.8,77,
2025-10-21 15:00:00,20.1,60,12.1,19.6,0.0,7.2,53,1022.2,32,273.0,20.3,62,12.8,19.8,0.0,9.7,68,1022.6,80,
2025-10-21 16:00:00,20.0,61,12.2,19.6,0.0,6.9,39,1022.7,82,210.0,20.2,62,12.7,19.6,0.0,10.0,69,1022.7,80,
2025-10-21 17:00:00,19.5,64,12.5,19.4,0.0,5.5,23,1022.8,90,52.0,20.0,62,12.5,19.4,0.0,9.9,71,1022.9,77,
2025-10-21 18:00:00,18.5,69,12.7,18.7,0.0,4.9,73,1023.1,42,2.0,19.7,63,12.4,18.9,0.0,10.2,72,1023.3,73,
2025-10-21 19:00:00,18.7,67,12.5,18.1,0.0,9.7,88,1023.5,69,0.0,19.3,64,12.3,18.5,0.0,10.2,72,1023.7,70,
2025-10-21 20:00:00,18.7,65,12.0,17.4,0.0,13.3,90,1023.9,47,0.0,18.9,64,12.0,18.0,0.0,10.7,70,1024.0,67,
2025-10-21 21:00:00,18.6,65,11.9,17.1,0.0,14.2,99,1024.0,28,0.0,18.6,64,11.7,17.5,0.0,10.8,69,1024.1,66,
2025-10-21 22:00:00,18.2,65,11.5,16.7,0.0,13.4,82,1023.5,34,0.0,18.4,63,11.2,17.1,0.0,11.1,65,1024.0,68,
2025-10-21 23:00:00,17.5,65,10.9,16.3,0.0,10.5,63,1023.6,79,0.0,18.2,60,10.3,16.6,0.0,11.3,59,1023.9,71,
2025-10-22 00:00:00,16.7,66,10.3,15.3,0.0,10.2,51,1023.7,66,0.0,18.0,58,9.6,16.1,0.0,11.8,52,1023.6,76,
2025-10-22 01:00:00,16.1,66,9.7,14.7,0.0,8.6,33,1023.6,98,0.0,17.8,55,8.6,15.6,0.0,12.5,49,1023.3,81,
2025-10-22 02:00:00,16.0,66,9.7,14.7,0.0,8.7,38,1023.3,86,0.0,17.6,54,8.2,15.2,0.0,13.2,45,1023.2,85,
2025-10-22 03:00:00,15.8,77,11.7,15.4,0.0,6.2,54,1023.6,80,0.0,17.5,53,7.8,15.0,0.0,13.5,44,1023.1,89,
2025-10-22 04:00:00,16.1,75,11.6,15.2,0.0,9.7,59,1023.1,73,0.0,17.5,54,8.1,14.9,0.0,13.7,45,1023.2,92,
2025-10-22 05:00:00,16.3,65,9.7,14.5,0.0,11.4,66,1023.3,92,0.0,17.5,56,8.6,15.1,0.0,13.8,49,1023.5,94,
2025-10-22 06:00:00,16.4,62,9.1,14.1,0.0,13.7,67,1023.3,93,0.0,17.5,59,9.4,15.3,0.0,13.9,53,1023.9,96,
2025-10-22 07:00:00,16.3,64,9.4,14.2,0.0,13.4,66,1024.1,84,4.0,17.6,63,10.5,15.7,0.0,13.9,59,1024.2,98,
2025-10-22 08:00:00,16.4,65,9.8,14.3,0.0,14.3,65,1024.3,99,30.0,17.7,65,11.0,15.9,0.0,14.0,64,1024.5,99,
2025-10-22 09:00:00,17.1,65,10.4,14.9,0.0,15.7,79,1024.5,90,56.0,17.7,67,11.5,16.1,0.0,14.4,68,1024.6,100,
2025-10-22 10:00:00,17.1,67,10.9,15.0,0.0,16.5,80,1024.4,94,92.0,17.8,68,11.8,16.2,0.0,14.8,72,1024.5,100,
2025-10-22 11:00:00,17.2,66,10.8,15.1,0.0,15.7,70,1024.5,97,120.0,17.8,67,11.6,16.1,0.0,15.3,75,1024.4,100,
2025-10-22 12:00:00,17.6,62,10.2,15.6,0.0,13.8,75,1024.0,94,175.0,17.9,67,11.7,16.1,0.0,15.8,78,1024.1,100,
2025-10-22 13:00:00,17.8,57,9.2,15.4,0.0,15.0,79,1023.4,91,206.0,17.9,66,11.5,16.0,0.0,16.4,81,1023.8,100,
2025-10-22 14:00:00,17.8,55,8.6,15.4,0.0,13.9,73,1023.3,94,187.0,17.9,65,11.2,15.9,0.0,16.7,83,1023.6,100,
2025-10-22 15:00:00,17.7,56,8.8,15.5,0.0,12.3,75,1023.7,61,115.0,17.9,65,11.2,15.8,0.0,16.3,82,1023.5,97,
2025-10-22 16:00:00,17.6,58,9.2,15.7,0.0,11.1,77,1023.7,89,130.0,17.7,65,11.0,15.7,0.0,15.7,79,1023.5,88,
2025-10-22 17:00:00,17.5,60,9.6,15.7,0.0,11.4,79,1023.6,66,80.0,17.5,65,10.9,15.7,0.0,14.5,76,1023.6,75,
2025-10-22 18:00:00,17.2,63,10.1,16.0,0.0,8.4,80,1024.1,80,8.0,17.3,65,10.7,15.6,0.0,13.2,68,1023.7,60,
2025-10-22 19:00:00,16.8,64,10.0,15.3,0.0,10.6,62,1023.9,81,0.0,17.1,66,10.7,15.5,0.0,12.3,58,1023.9,45,
2025-10-22 20:00:00,16.4,65,9.8,14.9,0.0,10.1,55,1024.0,62,0.0,16.8,66,10.4,15.3,0.0,11.5,49,1024.0,31,
2025-10-22 21:00:00,15.7,67,9.6,14.0,0.0,10.5,52,1024.6,66,0.0,16.6,66,10.2,15.0,0.0,11.5,41,1024.1,21,
2025-10-22 22:00:00,15.2,69,9.5,13.5,0.0,10.7,42,1024.4,0,0.0,16.3,66,9.9,14.6,0.0,11.6,36,1024.1,14,
2025-10-22 23:00:00,14.7,71,9.5,13.0,0.0,10.6,35,1024.8,4,0.0,16.0,67,9.9,14.3,0.0,11.5,32,1024.1,9,
2025-10-23 00:00:00,14.1,72,9.1,12.3,0.0,10.5,31,1024.5,7,0.0,15.7,67,9.6,13.9,0.0,11.9,29,1024.0,6,
2025-10-23 01:00:00,13.9,72,8.9,12.1,0.0,10.4,34,1024.3,5,0.0,15.5,67,9.4,13.6,0.0,11.9,29,1023.9,3,
2025-10-23 02:00:00,13.8,72,8.8,11.8,0.0,11.3,31,1024.6,12,0.0,15.3,67,9.2,13.3,0.0,12.2,28,1023.9,2,
2025-10-23 03:00:00,13.6,71,8.4,11.5,0.0,11.3,31,1024.0,4,0.0,15.3,67,9.2,13.3,0.0,12.1,30,1023.9,0,
2025-10-23 04:00:00,13.5,70,8.1,11.5,0.0,10.4,34,1024.3,7,0.0,15.5,66,9.2,13.6,0.0,11.9,35,1024.0,0,
2025-10-23 05:00:00,13.5,70,8.1,11.4,0.0,11.4,35,1024.3,8,0.0,15.9,65,9.3,13.9,0.0,12.0,41,1024.2,0,
2025-10-23 06:00:00,13.6,69,8.0,11.5,0.0,10.7,33,1024.5,13,0.0,16.3,64,9.5,14.4,0.0,12.3,50,1024.5,0,
2025-10-23 07:00:00,13.9,69,8.3,11.9,0.0,10.4,44,1024.7,7,11.0,16.8,63,9.7,14.9,0.0,12.8,58,1024.7,0,
2025-10-23 08:00:00,15.6,65,9.0,13.6,0.0,11.8,59,1024.7,3,143.0,17.4,62,10.0,15.4,0.0,13.4,66,1024.8,0,
2025-10-23 09:00:00,17.7,64,10.8,15.7,0.0,15.3,81,1024.5,1,339.0,17.9,60,10.0,15.9,0.0,13.7,72,1024.7,0,
2025-10-23 10:00:00,19.1,58,10.7,17.3,0.0,14.1,77,1023.9,1,510.0,18.6,58,10.1,16.6,0.0,13.6,78,1024.3,0,
2025-10-23 11:00:00,20.6,55,11.2,19.3,0.0,14.4,86,1023.6,3,632.0,19.4,55,10.1,17.5,0.0,13.8,84,1023.7,0,
2025-10-23 12:00:00,20.9,54,11.3,20.3,0.0,12.0,99,1022.9,0,692.0,20.3,52,10.1,18.3,0.0,14.0,91,1022.9,0,
2025-10-23 13:00:00,21.3,56,12.1,20.9,0.0,13.0,109,1021.8,0,701.0,21.1,50,10.2,19.1,0.0,14.2,97,1022.2,0,
2025-10-23 14:00:00,21.6,55,12.2,21.0,0.0,12.0,106,1021.2,0,633.0,21.7,48,10.2,19.7,0.0,14.0,102,1021.6,0,
2025-10-23 15:00:00,21.3,56,12.2,20.4,0.0,11.0,113,1021.6,4,507.0,21.9,48,10.4,20.0,0.0,13.6,102,1021.3,0,
2025-10-23 16:00:00,21.3,55,11.9,20.6,0.0,8.7,97,1022.0,8,321.0,21.6,50,10.7,20.0,0.0,12.7,98,1021.3,0,
2025-10-23 17:00:00,21.0,55,11.6,20.5,0.0,7.1,105,1021.7,15,132.0,21.0,53,11.1,19.7,0.0,11.5,90,1021.6,0,
2025-10-23 18:00:00,19.9,63,12.7,20.3,0.0,3.1,339,1022.3,18,9.0,20.2,58,11.7,19.2,0.0,10.3,78,1022.0,0,
2025-10-23 19:00:00,19.2,66,12.7,19.3,0.0,4.7,337,1022.8,18,0.0,19.3,62,11.8,18.4,0.0,10.1,63,1022.4,0,
2025-10-23 20:00:00,18.3,67,12.0,17.9,0.0,6.5,3,1022.8,25,0.0,18.5,66,12.0,17.6,0.0,10.5,49,1022.8,0,
2025-10-23 21:00:00,17.4,74,12.7,17.2,0.0,7.3,33,1023.2,30,0.0,17.9,68,11.9,16.8,0.0,11.2,42,1023.0,0,
2025-10-23 22:00:00,16.8,75,12.4,16.4,0.0,7.9,30,1023.5,30,0.0,17.5,69,11.7,16.2,0.0,12.0,41,1023.0,0,
2025-10-23 23:00:00,16.6,74,11.9,15.9,0.0,8.3,34,1023.5,28,0.0,17.1,68,11.1,15.5,0.0,12.7,43,1023.0,0,
2025-10-24 00:00:00,17.3,71,12.0,16.4,0.0,10.8,37,1022.9,39,0.0,16.8,67,10.6,15.1,0.0,13.2,45,1022.8,0,
2025-10-24 01:00:00,17.4,70,11.9,16.5,0.0,10.2,58,1023.0,33,0.0,16.6,65,10.0,14.6,0.0,13.8,49,1022.7,0,
2025-10-24 02:00:00,17.5,65,10.8,16.0,0.0,11.6,68,1023.0,26,0.0,16.5,63,9.4,14.3,0.0,14.4,53,1022.6,0,
2025-10-24 03:00:00,17.5,65,10.9,16.1,0.0,11.8,63,1022.6,20,0.0,16.5,62,9.2,14.2,0.0,14.5,55,1022.6,0,
2025-10-24 04:00:00,17.1,65,10.4,15.6,0.0,11.3,63,1022.4,13,0.0,16.7,61,9.1,14.3,0.0,14.3,56,1022.7,0,
2025-10-24 05:00:00,16.7,65,10.1,15.1,0.0,10.6,55,1022.4,8,0.0,16.9,59,8.8,14.6,0.0,13.6,58,1023.0,0,
2025-10-24 06:00:00,16.0,70,10.5,14.9,0.0,8.7,38,1022.8,7,0.0,17.3,58,8.9,15.1,0.0,12.9,60,1023.3,0,
2025-10-24 07:00:00,15.4,71,10.1,14.4,0.0,7.2,37,1023.1,3,11.0,17.7,56,8.8,15.6,0.0,12.1,63,1023.6,0,
2025-10-24 08:00:00,16.3,68,10.4,15.4,0.0,7.4,47,1023.3,2,140.0,18.2,55,9.0,16.2,0.0,11.3,68,1023.8,0,
2025-10-24 09:00:00,17.9,64,11.0,17.1,0.0,7.3,33,1023.6,1,331.0,18.7,53,8.9,16.8,0.0,10.6,72,1023.7,0,
2025-10-24 10:00:00,19.2,60,11.2,18.6,0.0,6.4,63,1023.3,1,500.0,19.3,51,8.9,17.5,0.0,10.2,80,1023.3,0,
2025-10-24 11:00:00,20.3,59,12.0,20.2,0.0,8.0,100,1023.2,0,627.0,20.0,49,9.0,18.3,0.0,10.1,92,1022.7,0,
2025-10-24 12:00:00,21.0,59,12.7,21.3,0.0,9.8,107,1022.3,0,693.0,20.8,46,8.7,18.9,0.0,10.7,104,1022.0,0,
2025-10-24 13:00:00,21.3,60,13.2,21.3,0.0,11.9,119,1021.2,2,690.0,21.5,44,8.7,19.5,0.0,11.3,112,1021.2,0,
2025-10-24 14:00:00,21.6,58,12.9,20.9,0.0,13.4,121,1020.5,2,617.0,22.0,43,8.9,20.0,0.0,12.1,117,1020.6,0,
2025-10-24 15:00:00,21.4,59,13.0,20.7,0.0,11.0,128,1020.4,8,491.0,22.2,43,9.0,20.1,0.0,12.6,117,1020.2,0,
2025-10-24 16:00:00,21.4,57,12.5,20.7,0.0,10.1,125,1020.6,4,312.0,22.1,45,9.6,20.1,0.0,12.4,112,1020.1,0,
2025-10-24 17:00:00,21.0,54,11.3,20.3,0.0,7.6,121,1020.6,2,133.0,21.6,47,9.8,19.7,0.0,12.5,102,1020.3,0,
2025-10-24 18:00:00,19.8,66,13.3,20.3,0.0,3.5,66,1020.9,5,9.0,20.9,51,10.4,19.2,0.0,12.6,90,1020.6,0,
2025-10-24 19:00:00,18.9,71,13.5,19.3,0.0,4.8,42,1021.3,3,0.0,20.2,55,10.8,18.4,0.0,13.6,78,1020.9,0,
2025-10-24 20:00:00,18.5,70,12.9,18.0,0.0,9.6,70,1021.7,3,0.0,19.5,58,11.0,17.7,0.0,14.6,70,1021.2,0,
2025-10-24 21:00:00,17.7,71,12.3,17.1,0.0,9.2,48,1021.7,0,0.0,19.0,61,11.3,17.1,0.0,15.6,64,1021.3,0,
2025-10-24 22:00:00,17.0,74,12.3,16.3,0.0,10.2,48,1021.5,0,0.0,18.7,63,11.5,16.7,0.0,16.3,62,1021.2,10,
2025-10-24 23:00:00,16.8,74,12.1,15.9,0.0,11.1,54,1021.5,2,0.0,18.4,63,11.2,16.3,0.0,16.8,62,1021.1,26,
2025-10-25 00:00:00,17.3,74,12.6,16.3,0.0,12.4,68,1020.7,10,0.0,18.1,64,11.2,16.0,0.0,16.8,62,1020.9,43,
2025-10-25 01:00:00,17.1,74,12.4,16.1,0.0,11.8,63,1020.4,39,0.0,17.9,64,11.0,15.8,0.0,16.9,63,1020.7,61,
2025-10-25 02:00:00,16.7,74,12.1,15.8,0.0,10.9,56,1020.6,52,0.0,17.8,65,11.1,15.7,0.0,16.7,65,1020.4,76,
2025-10-25 03:00:00,17.1,74,12.4,16.3,0.0,10.4,76,1020.3,76,0.0,17.8,65,11.1,15.7,0.0,16.3,65,1020.3,86,
2025-10-25 04:00:00,17.2,74,12.5,16.6,0.0,9.8,73,1020.2,72,0.0,17.8,65,11.1,15.9,0.0,15.3,66,1020.3,91,
2025-10-25 05:00:00,17.0,74,12.3,16.4,0.0,8.9,63,1019.9,51,0.0,18.0,65,11.3,16.3,0.0,14.4,68,1020.3,92,
2025-10-25 06:00:00,16.9,79,13.2,16.5,0.0,9.7,88,1019.8,35,0.0,18.3,65,11.6,16.9,0.0,13.0,71,1020.3,91,
2025-10-25 07:00:00,17.3,79,13.6,16.9,0.0,10.8,94,1019.9,32,6.0,18.6,65,11.9,17.4,0.0,11.6,74,1020.4,88,
2025-10-25 08:00:00,17.8,78,13.9,17.6,0.0,9.4,86,1020.2,41,77.0,18.9,65,12.1,18.0,0.0,10.4,76,1020.3,85,
2025-10-25 09:00:00,17.1,88,15.1,17.9,0.0,5.9,47,1020.4,79,167.0,19.2,66,12.7,18.6,0.0,9.5,81,1020.1,82,
2025-10-25 10:00:00,16.6,91,15.1,17.1,1.7,8.2,61,1020.0,57,43.0,19.5,67,13.2,19.2,0.0,9.0,88,1019.7,79,
2025-10-25 11:00:00,17.8,86,15.4,18.5,0.0,7.9,60,1019.7,56,281.0,20.0,69,14.1,20.0,0.0,8.7,95,1019.1,74,
2025-10-25 12:00:00,17.6,90,15.9,18.6,0.0,6.8,72,1018.9,80,288.0,20.4,70,14.8,20.8,0.0,8.5,102,1018.5,69,
2025-10-25 13:00:00,17.6,89,15.8,18.6,0.1,6.8,72,1018.0,70,123.0,20.8,72,15.6,21.5,0.0,8.4,110,1017.8,64,
2025-10-25 14:00:00,17.8,89,15.9,18.8,0.0,7.1,49,1017.6,71,140.0,21.1,74,16.3,22.1,0.0,8.2,113,1017.2,60,
2025-10-25 15:00:00,17.5,93,16.3,18.7,0.0,6.7,36,1017.5,69,149.0,21.3,76,16.9,22.5,0.0,8.0,117,1016.8,58,
2025-10-25 16:00:00,17.8,91,16.3,19.2,0.0,5.4,37,1017.3,60,69.0,21.2,78,17.2,22.7,0.1,7.2,117,1016.6,58,
2025-10-25 17:00:00,17.8,91,16.3,19.4,0.0,4.3,48,1017.0,59,48.0,20.9,81,17.5,22.7,0.1,6.3,114,1016.5,60,
2025-10-25 18:00:00,17.3,95,16.5,18.7,0.0,5.8,30,1017.1,48,4.0,20.6,83,17.6,22.5,0.1,5.2,102,1016.6,63,
2025-10-25 19:00:00,17.2,94,16.2,18.7,0.0,4.8,63,1017.0,62,0.0,20.2,86,17.7,22.3,0.1,4.3,90,1016.6,66,
2025-10-25 20:00:00,17.1,95,16.3,18.6,0.0,4.2,59,1017.0,58,0.0,19.8,88,17.7,22.0,0.1,3.5,66,1016.6,68,
2025-10-25 21:00:00,16.7,98,16.3,18.0,0.0,5.6,27,1017.0,79,0.0,19.4,89,17.6,21.6,0.1,3.3,49,1016.5,69,
2025-10-25 22:00:00,16.5,99,16.4,18.0,0.0,5.2,16,1016.6,89,0.0,19.1,90,17.4,21.3,0.0,3.4,32,1016.2,68,
2025-10-25 23:00:00,16.3,99,16.1,17.3,0.0,7.1,345,1016.3,89,0.0,18.8,90,17.1,20.8,0.0,3.3,13,1015.9,66,
2025-10-26 00:00:00,16.3,99,16.1,17.6,0.0,5.6,15,1015.9,80,0.0,18.4,91,16.9,20.3,0.0,3.6,360,1015.4,64,
2025-10-26 01:00:00,16.2,97,15.7,17.3,0.0,6.2,7,1015.1,51,0.0,18.1,90,16.4,19.8,0.0,4.0,350,1015.0,62,
2025-10-26 02:00:00,16.3,95,15.5,17.3,0.0,5.8,360,1015.0,59,0.0,18.0,90,16.3,19.5,0.0,4.6,342,1014.6,59,
2025-10-26 03:00:00,16.3,97,15.8,17.4,0.0,5.9,349,1014.8,61,0.0,17.9,89,16.1,19.3,0.0,5.0,339,1014.3,58,
2025-10-26 04:00:00,16.1,95,15.3,17.1,0.0,5.2,335,1014.1,44,0.0,18.1,88,16.0,19.4,0.0,5.4,340,1014.1,58,
2025-10-26 05:00:00,16.1,95,15.3,16.8,0.0,7.4,317,1014.2,47,0.0,18.4,86,16.0,19.6,0.0,5.5,349,1014.0,58,
2025-10-26 06:00:00,15.8,98,15.5,17.1,0.0,4.2,329,1014.5,79,0.0,18.8,84,16.1,20.1,0.0,5.8,356,1013.9,60,
2025-10-26 07:00:00,15.9,94,14.9,16.9,0.0,4.8,333,1014.1,46,6.0,19.3,81,15.9,20.4,0.0,6.1,360,1013.8,60,
2025-10-26 08:00:00,16.8,89,15.0,18.1,0.0,2.4,333,1014.1,37,71.0,19.7,79,15.9,20.7,0.0,6.8,3,1013.7,61,
2025-10-26 09:00:00,18.1,84,15.4,19.7,0.0,1.4,360,1013.6,30,185.0,20.0,77,15.9,21.0,0.0,7.2,360,1013.5,60,
2025-10-26 10:00:00,19.7,77,15.5,21.0,0.0,3.7,281,1013.1,61,341.0,20.3,75,15.7,21.1,0.0,8.0,352,1013.2,58,
2025-10-26 11:00:00,20.7,74,15.9,21.5,0.0,7.8,283,1013.1,31,372.0,20.7,73,15.7,21.2,0.0,9.2,339,1012.7,55,
2025-10-26 12:00:00,21.7,67,15.3,21.8,0.0,10.9,287,1012.7,65,317.0,21.0,71,15.6,21.3,0.0,11.0,328,1012.2,52,
2025-10-26 13:00:00,22.0,64,14.9,22.0,0.0,11.0,328,1011.9,41,263.0,21.3,70,15.6,21.2,0.0,13.1,323,1011.8,48,
2025-10-26 14:00:00,21.8,64,14.7,21.6,0.0,11.9,325,1011.4,55,283.0,21.4,69,15.5,21.1,0.0,14.8,319,1011.5,44,
2025-10-26 15:00:00,20.0,75,15.4,20.0,0.0,13.0,326,1012.0,87,157.0,21.3,69,15.4,20.8,0.0,15.8,317,1011.4,41,
2025-10-26 16:00:00,18.6,87,16.4,19.1,0.2,12.2,326,1012.5,95,49.0,21.0,70,15.3,20.4,0.0,16.1,318,1011.6,38,
2025-10-26 17:00:00,17.8,89,16.0,17.5,0.2,16.1,331,1013.1,93,19.0,20.4,72,15.2,19.9,0.0,15.6,320,1012.1,34,
2025-10-26 18:00:00,17.0,89,15.1,16.4,0.2,15.4,339,1013.7,88,1.0,19.7,75,15.1,19.1,0.0,15.4,323,1012.7,31,
2025-10-26 19:00:00,16.9,89,15.1,16.8,0.2,12.5,321,1014.2,87,0.0,18.9,78,15.0,18.5,0.0,14.3,326,1013.3,28,
2025-10-26 20:00:00,16.9,86,14.5,16.8,0.0,10.5,322,1014.4,72,0.0,18.2,80,14.7,17.8,0.0,13.7,330,1013.9,26,
2025-10-26 21:00:00,16.5,89,14.7,16.8,0.0,8.9,320,1014.3,43,0.0,17.7,82,14.6,17.3,0.0,13.0,332,1014.3,24,
2025-10-26 22:00:00,16.4,89,14.6,16.5,0.0,9.9,327,1014.5,27,0.0,17.3,83,14.4,17.0,0.0,12.2,332,1014.5,24,
2025-10-26 23:00:00,16.4,87,14.2,16.3,0.0,9.6,326,1015.1,41,0.0,17.0,83,14.1,16.6,0.0,11.4,332,1014.5,25,
2025-10-27 00:00:00,16.7,77,12.6,16.2,0.0,9.0,331,1015.0,52,0.0,16.7,83,13.8,16.3,0.0,10.6,332,1014.5,27,
2025-10-27 01:00:00,16.5,74,11.8,16.0,0.0,7.3,327,1014.8,39,0.0,16.5,83,13.6,16.2,0.0,9.5,331,1014.5,29,
2025-10-27 02:00:00,16.2,73,11.4,15.0,0.0,11.0,322,1015.2,12,0.0,16.4,82,13.3,16.1,0.0,8.9,328,1014.5,30,
2025-10-27 03:00:00,16.4,76,12.1,15.2,0.0,12.5,321,1015.0,24,0.0,16.4,80,13.0,16.1,0.0,8.8,325,1014.7,29,
2025-10-27 04:00:00,16.3,76,12.1,15.2,0.0,12.0,319,1015.1,18,0.0,16.7,77,12.6,16.1,0.0,9.2,321,1015.0,26,
2025-10-27 05:00:00,16.1,75,11.7,14.7,0.0,13.3,319,1015.8,14,0.0,17.1,73,12.2,16.3,0.0,10.2,318,1015.5,20,
2025-10-27 06:00:00,15.8,75,11.3,14.3,0.0,13.1,323,1016.3,11,0.0,17.6,69,11.8,16.5,0.0,11.2,315,1016.1,13,
2025-10-27 07:00:00,15.5,71,10.3,14.1,0.0,10.5,322,1016.7,12,8.0,18.1,65,11.4,16.8,0.0,12.2,313,1016.6,7,
2025-10-27 08:00:00,16.5,69,10.8,15.0,0.0,11.8,322,1017.1,17,120.0,18.6,61,10.9,17.0,0.0,13.3,311,1017.0,3,
2025-10-27 09:00:00,18.2,65,11.5,16.2,0.0,16.8,313,1017.7,11,284.0,18.9,58,10.5,17.0,0.0,14.3,309,1017.3,1,
2025-10-27 10:00:00,19.0,60,11.1,16.7,0.0,18.2,308,1017.5,11,454.0,19.1,57,10.4,17.1,0.0,14.9,307,1017.3,3,
2025-10-27 11:00:00,19.6,59,11.3,17.2,0.0,18.9,301,1017.6,22,553.0,19.3,56,10.3,17.1,0.0,15.8,305,1017.1,9,
2025-10-27 12:00:00,20.0,58,11.4,17.5,0.0,20.4,291,1016.5,24,561.0,19.3,56,10.3,17.1,0.0,16.2,302,1016.8,16,
2025-10-27 13:00:00,19.7,56,10.6,16.9,0.0,21.5,293,1016.1,12,583.0,19.3,56,10.3,17.0,0.0,16.5,302,1016.5,23,
2025-10-27 14:00:00,19.2,54,9.7,16.1,0.0,21.9,303,1016.2,6,590.0,19.2,57,10.5,16.9,0.0,16.8,301,1016.3,29,
2025-10-27 15:00:00,18.7,55,9.4,15.7,0.0,19.3,297,1016.5,13,477.0,19.0,57,10.3,16.6,0.0,16.5,302,1016.3,31,
2025-10-27 16:00:00,17.8,56,8.9,14.8,0.0,18.4,305,1017.1,13,297.0,18.5,57,9.8,16.2,0.0,15.8,305,1016.6,29,
2025-10-27 17:00:00,16.6,56,7.8,13.5,0.0,17.3,313,1017.8,15,119.0,17.9,58,9.5,15.6,0.0,14.6,310,1017.0,25,
2025-10-27 18:00:00,16.2,59,8.1,13.6,0.0,14.0,314,1018.0,28,7.0,17.1,59,9.0,14.9,0.0,13.2,317,1017.6,18,
2025-10-27 19:00:00,15.3,61,7.8,12.8,0.0,13.0,332,1018.6,17,0.0,16.4,60,8.6,14.2,0.0,12.4,324,1018.2,12,
2025-10-27 20:00:00,14.4,57,6.0,11.6,0.0,12.3,339,1019.1,5,0.0,15.7,61,8.2,13.5,0.0,11.8,333,1018.8,7,
2025-10-27 21:00:00,13.8,57,5.4,11.2,0.0,10.1,343,1019.5,7,0.0,15.1,61,7.6,12.8,0.0,11.6,338,1019.3,4,
2025-10-27 22:00:00,13.3,57,4.9,10.7,0.0,9.3,344,1019.6,8,0.0,14.7,61,7.3,12.3,0.0,11.6,338,1019.7,5,
2025-10-27 23:00:00,12.9,59,5.1,10.5,0.0,8.4,340,1020.0,11,0.0,14.4,61,6.9,11.9,0.0,11.4,336,1020.0,8,
2025-10-28 00:00:00,13.3,62,6.1,10.4,0.0,12.7,331,1020.6,33,0.0,14.1,60,6.4,11.4,0.0,11.9,331,1020.2,13,
2025-10-28 01:00:00,12.9,59,5.1,9.9,0.0,12.6,333,1020.7,15,0.0,13.9,60,6.2,11.2,0.0,12.0,327,1020.5,17,
2025-10-28 02:00:00,12.4,60,4.8,9.3,0.0,12.1,330,1021.2,8,0.0,13.7,59,5.8,10.9,0.0,12.3,322,1020.8,21,
2025-10-28 03:00:00,12.2,63,5.3,9.2,0.0,12.3,328,1021.7,18,0.0,13.7,59,5.8,10.8,0.0,12.5,321,1021.2,22,
2025-10-28 04:00:00,12.0,66,5.8,9.4,0.0,10.7,320,1021.7,14,0.0,13.7,59,5.8,10.8,0.0,12.5,321,1021.7,20,
2025-10-28 05:00:00,12.0,68,6.2,9.5,0.0,10.2,315,1022.2,15,0.0,13.9,59,6.0,11.0,0.0,12.6,323,1022.4,17,
2025-10-28 06:00:00,11.7,68,6.0,9.3,0.0,9.4,317,1023.1,16,0.0,14.1,59,6.2,11.3,0.0,12.4,324,1023.1,12,
2025-10-28 07:00:00,11.6,69,6.1,9.3,0.0,9.0,323,1023.6,15,8.0,14.4,59,6.5,11.7,0.0,12.3,328,1023.8,7,
2025-10-28 08:00:00,12.6,65,6.2,10.1,0.0,10.6,325,1024.5,6,127.0,14.6,59,6.7,12.0,0.0,12.1,330,1024.3,3,
2025-10-28 09:00:00,14.0,58,5.9,11.0,0.0,13.5,326,1024.9,5,323.0,14.9,58,6.7,12.3,0.0,12.1,330,1024.6,1,
2025-10-28 10:00:00,14.9,53,5.4,11.9,0.0,12.8,328,1024.4,9,486.0,15.3,57,6.8,12.7,0.0,12.0,327,1024.6,1,
2025-10-28 11:00:00,15.8,51,5.6,13.4,0.0,11.0,322,1024.5,11,599.0,15.7,55,6.7,13.1,0.0,11.9,325,1024.3,3,
2025-10-28 12:00:00,16.3,49,5.5,14.3,0.0,9.9,316,1024.2,18,651.0,16.2,53,6.6,13.5,0.0,12.0,321,1023.9,5,
2025-10-28 13:00:00,16.7,49,5.9,14.7,0.0,9.9,327,1023.2,17,624.0,16.6,51,6.4,13.9,0.0,11.7,317,1023.5,8,
2025-10-28 14:00:00,17.0,48,5.9,14.4,0.0,11.0,341,1022.7,16,563.0,16.8,50,6.3,14.2,0.0,11.7,315,1023.2,11,
2025-10-28 15:00:00,16.4,50,6.0,13.5,0.0,12.7,352,1023.4,15,457.0,16.8,50,6.3,14.2,0.0,11.5,316,1023.2,12,
2025-10-28 16:00:00,15.8,52,6.0,12.9,0.0,13.0,357,1023.9,20,288.0,16.5,51,6.3,13.9,0.0,11.2,320,1023.5,12,
2025-10-28 17:00:00,15.0,57,6.5,12.3,0.0,11.9,358,1024.5,25,110.0,15.9,54,6.6,13.5,0.0,10.7,327,1024.1,12,
2025-10-28 18:00:00,14.1,60,6.5,11.6,0.0,11.4,349,1025.0,0,6.0,15.2,57,6.7,12.8,0.0,10.6,336,1024.8,11,
2025-10-28 19:00:00,13.3,65,6.8,10.9,0.0,10.3,348,1025.5,0,0.0,14.4,61,7.0,12.1,0.0,10.7,346,1025.5,10,
2025-10-28 20:00:00,12.6,68,6.8,10.5,0.0,8.3,355,1026.1,0,0.0,13.7,64,7.0,11.3,0.0,11.2,354,1026.2,9,
2025-10-28 21:00:00,12.1,66,5.9,9.9,0.0,8.3,2,1026.5,1,0.0,13.2,66,6.9,10.7,0.0,11.5,2,1026.6,8,
2025-10-28 22:00:00,11.7,67,5.8,9.3,0.0,9.4,7,1026.4,4,0.0,12.8,67,6.8,10.2,0.0,12.0,7,1026.8,7,
2025-10-28 23:00:00,11.6,67,5.6,9.1,0.0,9.4,18,1026.8,11,0.0,12.4,68,6.7,9.8,0.0,12.1,12,1026.9,6,
2025-10-29 00:00:00,11.7,67,5.8,9.2,0.0,10.4,20,1026.7,10,0.0,12.2,68,6.4,9.5,0.0,12.3,15,1026.8,4,
2025-10-29 01:00:00,11.7,67,5.8,9.1,0.0,10.8,26,1026.6,12,0.0,12.0,68,6.2,9.2,0.0,12.2,19,1026.8,3,
2025-10-29 02:00:00,11.7,67,5.7,9.1,0.0,10.4,34,1026.9,19,0.0,11.9,68,6.1,9.1,0.0,12.4,22,1026.8,2,
2025-10-29 03:00:00,11.5,67,5.5,8.7,0.0,11.4,35,1027.1,9,0.0,11.9,67,6.0,9.1,0.0,12.4,26,1026.9,1,
2025-10-29 04:00:00,11.4,67,5.5,8.5,0.0,11.8,38,1027.0,7,0.0,12.1,65,5.7,9.2,0.0,12.4,30,1027.2,0,
2025-10-29 05:00:00,11.2,68,5.5,8.4,0.0,11.5,44,1027.3,7,0.0,12.4,63,5.5,9.4,0.0,12.5,33,1027.6,0,
2025-10-29 06:00:00,10.7,66,4.6,7.7,0.0,12.0,41,1027.6,0,0.0,12.7,60,5.1,9.7,0.0,12.6,37,1028.1,0,
2025-10-29 07:00:00,10.7,66,4.6,7.7,0.0,11.5,46,1028.1,0,8.0,13.2,57,4.8,10.1,0.0,12.3,40,1028.5,0,
2025-10-29 08:00:00,11.6,62,4.6,8.6,0.0,11.5,46,1028.7,0,135.0,13.7,54,4.6,10.7,0.0,12.0,44,1028.8,0,
2025-10-29 09:00:00,13.0,57,4.6,10.1,0.0,10.7,45,1028.9,0,331.0,14.3,52,4.5,11.3,0.0,11.5,49,1028.8,0,
2025-10-29 10:00:00,14.5,50,4.2,11.9,0.0,8.6,57,1028.2,0,504.0,15.0,49,4.4,12.2,0.0,10.4,56,1028.4,0,
2025-10-29 11:00:00,15.7,45,3.8,13.7,0.0,7.1,75,1027.8,0,631.0,16.0,47,4.7,13.3,0.0,9.2,69,1027.7,0,
2025-10-29 12:00:00,16.6,44,4.3,15.1,0.0,6.9,81,1026.8,0,697.0,17.0,44,4.6,14.5,0.0,8.3,85,1026.9,0,
2025-10-29 13:00:00,17.3,42,4.3,16.0,0.0,5.9,101,1025.9,0,694.0,17.9,42,4.8,15.5,0.0,8.1,103,1026.0,0,
2025-10-29 14:00:00,17.7,43,5.0,16.0,0.0,6.6,139,1025.4,0,624.0,18.6,41,5.1,16.1,0.0,8.4,115,1025.3,0,
2025-10-29 15:00:00,17.3,46,5.6,15.3,0.0,6.3,156,1025.3,0,495.0,18.8,41,5.3,16.4,0.0,8.4,121,1024.9,0,
2025-10-29 16:00:00,17.2,47,5.8,15.3,0.0,6.0,147,1025.5,0,317.0,18.5,44,6.0,16.4,0.0,7.7,118,1024.8,0,
2025-10-29 17:00:00,16.9,47,5.5,15.3,0.0,3.4,122,1025.5,0,124.0,17.8,48,6.6,15.9,0.0,6.6,103,1025.0,0,
2025-10-29 18:00:00,15.7,53,6.2,14.1,0.0,4.7,351,1025.5,0,6.0,16.8,54,7.4,15.2,0.0,6.2,80,1025.3,0,
2025-10-29 19:00:00,14.9,57,6.4,13.2,0.0,5.4,4,1025.6,0,0.0,15.7,59,7.7,14.0,0.0,7.0,55,1025.6,0,
2025-10-29 20:00:00,13.8,63,6.9,11.9,0.0,7.5,17,1026.3,0,0.0,14.7,64,8.0,12.9,0.0,8.7,42,1025.9,0,
2025-10-29 21:00:00,12.9,68,7.1,11.0,0.0,7.8,22,1026.2,0,0.0,14.1,68,8.2,12.1,0.0,10.1,35,1026.0,0,
2025-10-29 22:00:00,12.6,71,7.4,10.6,0.0,8.8,35,1025.9,0,0.0,13.7,70,8.3,11.6,0.0,11.2,33,1025.9,0,
2025-10-29 23:00:00,12.2,71,7.1,10.3,0.0,8.2,38,1026.3,0,0.0,13.5,72,8.6,11.4,0.0,11.9,35,1025.7,0,
2025-10-30 00:00:00,12.0,73,7.3,9.9,0.0,9.0,37,1025.6,0,0.0,13.5,72,8.5,11.2,0.0,12.8,38,1025.4,0,
2025-10-30 01:00:00,11.9,71,6.8,9.8,0.0,9.2,39,1025.4,0,0.0,13.5,73,8.7,11.2,0.0,13.3,41,1025.1,0,
2025-10-30 02:00:00,11.9,70,6.6,9.7,0.0,8.7,42,1025.2,0,0.0,13.6,72,8.6,11.2,0.0,13.5,44,1024.9,0,
2025-10-30 03:00:00,11.9,66,5.7,9.5,0.0,8.9,43,1025.1,0,0.0,13.8,72,8.8,11.4,0.0,13.8,47,1024.8,0,
2025-10-30 04:00:00,11.7,69,6.2,9.5,0.0,8.7,48,1025.1,0,0.0,14.1,71,8.9,11.8,0.0,13.8,49,1025.0,2,
2025-10-30 05:00:00,11.6,72,6.7,9.5,0.0,8.9,47,1025.0,9,0.0,14.5,69,8.8,12.2,0.0,13.3,52,1025.3,6,
2025-10-30 06:00:00,11.3,73,6.6,9.2,0.0,8.5,54,1025.5,22,0.0,15.0,67,8.9,12.7,0.0,13.2,55,1025.7,10,
2025-10-30 07:00:00,11.4,76,7.3,9.4,0.0,9.0,53,1026.1,27,7.0,15.5,65,9.0,13.4,0.0,12.6,59,1026.1,14,
2025-10-30 08:00:00,12.8,74,8.3,11.0,0.0,9.3,62,1026.1,26,124.0,16.1,63,9.0,14.1,0.0,11.8,63,1026.3,20,
2025-10-30 09:00:00,15.0,71,9.8,13.8,0.0,8.4,83,1026.4,30,310.0,16.6,62,9.3,14.7,0.0,11.2,69,1026.3,26,
2025-10-30 10:00:00,16.7,70,11.2,15.4,0.0,11.9,104,1025.7,32,469.0,17.1,61,9.5,15.5,0.0,10.3,78,1025.9,34,
2025-10-30 11:00:00,17.5,69,11.8,16.3,0.0,13.4,104,1025.5,24,592.0,17.8,60,9.9,16.3,0.0,10.1,92,1025.2,45,
2025-10-30 12:00:00,18.3,70,12.7,18.0,0.0,12.3,97,1024.3,34,667.0,18.5,59,10.3,17.1,0.0,10.1,107,1024.3,56,
2025-10-30 13:00:00,18.8,68,12.7,18.1,0.0,13.4,98,1023.3,23,639.0,19.1,59,10.9,17.8,0.0,10.6,118,1023.4,67,
2025-10-30 14:00:00,19.0,67,12.7,17.9,0.0,13.8,96,1022.3,39,520.0,19.5,59,11.2,18.2,0.0,11.0,128,1022.6,76,
2025-10-30 15:00:00,18.7,65,12.0,17.7,0.0,10.9,99,1021.9,23,403.0,19.6,60,11.6,18.5,0.0,11.2,132,1022.1,82,
2025-10-30 16:00:00,18.9,62,11.4,18.1,0.0,8.3,95,1022.4,33,257.0,19.4,62,11.9,18.5,0.0,10.2,132,1021.9,84,
2025-10-30 17:00:00,18.5,63,11.3,18.1,0.0,5.8,83,1022.4,100,83.0,18.8,66,12.3,18.3,0.0,8.5,126,1021.9,82,
2025-10-30 18:00:00,17.7,69,11.9,17.6,0.0,4.7,81,1022.1,46,2.0,18.1,70,12.6,17.9,0.0,6.6,112,1022.0,78,
2025-10-30 19:00:00,17.6,68,11.6,17.2,0.0,6.5,93,1022.4,72,0.0,17.4,74,12.7,17.4,0.0,5.4,90,1022.2,74,
2025-10-30 20:00:00,17.3,71,12.0,17.0,0.0,6.6,99,1022.6,54,0.0,16.7,77,12.6,16.7,0.0,5.2,65,1022.2,71,
2025-10-30 21:00:00,16.4,75,11.9,16.0,0.0,6.8,65,1021.6,57,0.0,16.2,78,12.4,16.1,0.0,5.9,47,1022.1,70,
2025-10-30 22:00:00,16.2,77,12.1,15.9,0.0,6.6,81,1022.1,78,0.0,16.0,77,12.0,15.7,0.0,6.6,41,1021.8,71,
2025-10-30 23:00:00,16.0,78,12.2,15.4,0.0,9.0,61,1021.8,75,0.0,16.0,75,11.5,15.4,0.0,7.4,39,1021.3,74,
2025-10-31 00:00:00,17.0,77,12.9,16.3,0.0,11.3,107,1021.3,85,0.0,16.0,71,10.8,15.1,0.0,7.9,39,1020.7,77,
2025-10-31 01:00:00,17.1,79,13.4,16.6,0.2,10.7,76,1020.1,53,0.0,16.1,68,10.2,14.9,0.0,8.7,42,1020.2,81,
2025-10-31 02:00:00,15.7,84,13.0,15.9,0.0,5.4,127,1019.6,64,0.0,16.2,65,9.6,14.8,0.0,8.9,43,1019.7,84,
2025-10-31 03:00:00,15.6,78,11.7,14.8,0.0,9.2,64,1019.2,81,0.0,16.1,65,9.5,14.6,0.0,9.7,45,1019.3,87,
2025-10-31 04:00:00,16.0,75,11.5,14.9,0.0,10.7,78,1018.0,92,0.0,15.9,67,9.8,14.4,0.1,10.2,48,1019.1,90,
2025-10-31 05:00:00,15.8,82,12.7,15.3,0.3,8.9,76,1018.4,99,0.0,15.7,72,10.6,14.3,0.1,11.0,49,1019.1,93,
2025-10-31 06:00:00,15.7,84,13.0,14.6,1.1,13.9,69,1017.7,100,0.0,15.4,77,11.4,14.1,0.1,11.8,52,1019.2,96,
2025-10-31 07:00:00,14.7,88,12.7,14.0,1.6,10.9,84,1018.7,96,1.0,15.1,83,12.2,14.0,0.1,12.2,56,1019.2,99,
2025-10-31 08:00:00,15.4,89,13.6,14.3,1.7,15.8,91,1018.3,100,10.0,14.9,88,12.9,14.0,0.1,12.8,58,1019.0,100,
2025-10-31 09:00:00,15.6,89,13.8,13.8,1.0,20.5,101,1017.8,100,25.0,14.9,91,13.4,14.0,0.1,13.2,61,1018.6,100,
2025-10-31 10:00:00,15.8,88,13.8,14.7,3.5,15.6,109,1017.9,100,22.0,15.0,92,13.7,14.2,1.2,13.5,65,1017.8,98,
2025-10-31 11:00:00,16.1,86,13.8,14.7,1.8,18.3,100,1015.6,88,50.0,15.4,92,14.1,14.7,1.2,13.6,68,1016.7,94,
2025-10-31 12:00:00,15.8,88,13.8,14.3,1.2,18.5,97,1015.8,95,72.0,15.8,91,14.3,15.2,1.2,14.0,72,1015.5,89,
2025-10-31 13:00:00,16.5,87,14.3,15.3,1.2,17.7,102,1014.4,81,110.0,16.3,90,14.6,15.7,1.2,14.1,77,1014.2,83,
2025-10-31 14:00:00,16.5,88,14.5,16.0,0.3,13.8,83,1012.2,96,118.0,16.6,89,14.8,16.2,1.2,13.6,79,1013.1,78,
2025-10-31 15:00:00,16.2,89,14.4,15.6,0.0,14.1,71,1012.0,82,89.0,16.8,88,14.8,16.5,1.2,12.8,80,1012.3,73,
2025-10-31 16:00:00,16.5,86,14.1,16.4,0.0,9.6,70,1011.7,72,59.0,16.8,88,14.8,16.8,0.0,10.9,81,1011.9,68,
2025-10-31 17:00:00,16.0,86,13.6,16.1,0.0,6.9,28,1011.5,78,35.0,16.8,88,14.8,17.1,0.0,8.8,78,1011.7,63,
2025-10-31 18:00:00,15.3,90,13.6,15.4,0.0,6.9,354,1012.0,53,1.0,16.6,89,14.7,17.2,0.0,6.2,69,1011.7,58,
2025-10-31 19:00:00,14.9,91,13.4,15.2,0.0,5.1,352,1011.6,59,0.0,16.4,89,14.5,17.3,0.0,3.6,53,1011.7,53,
2025-10-31 20:00:00,14.4,94,13.4,15.0,0.0,3.3,13,1011.6,29,0.0,16.2,90,14.5,17.3,0.0,2.5,360,1011.7,49,
2025-10-31 21:00:00,14.0,95,13.2,14.3,0.0,4.9,343,1012.0,12,0.0,16.0,90,14.4,17.0,0.0,3.1,324,1011.6,48,
2025-10-31 22:00:00,13.7,95,12.9,13.9,0.0,4.4,9,1011.6,14,0.0,15.9,90,14.2,16.7,0.0,4.1,315,1011.3,49,
2025-10-31 23:00:00,14.2,93,13.0,14.4,0.0,5.1,356,1011.3,15,0.0,15.7,91,14.2,16.4,0.0,4.6,309,1010.8,53,
