timestamp,temperature_2m,relative_humidity_2m,dew_point_2m,apparent_temperature,precipitation,wind_speed_10m,wind_direction_10m,surface_pressure,cloud_cover,shortwave_radiation,wbgt_approx,heat_alert_level
2025-07-06 00:00:00,27.4,81,24.0,31.5,0.0,13.5,272,1006.0,21,0.0,31.057435096800358,4
2025-07-06 01:00:00,27.2,81,23.8,31.3,0.0,13.0,272,1006.1,2,0.0,30.80942009428615,3
2025-07-06 02:00:00,27.1,83,24.0,31.4,0.0,12.2,262,1006.1,33,0.0,30.96691832306779,3
2025-07-06 03:00:00,26.9,86,24.3,31.5,0.0,11.7,259,1006.1,59,0.0,31.13425244220448,4
2025-07-06 04:00:00,26.6,89,24.5,31.2,0.0,12.3,262,1005.8,59,0.0,31.165005258067534,4
2025-07-06 05:00:00,26.5,89,24.6,31.1,0.0,13.0,264,1005.8,39,0.0,31.037129086453174,4
2025-07-06 06:00:00,26.5,89,24.5,31.1,0.0,12.7,263,1006.1,94,22.0,31.037129086453174,4
2025-07-06 07:00:00,27.1,85,24.4,31.4,0.1,14.0,263,1006.3,99,137.0,31.247911535671836,4
2025-07-06 08:00:00,27.9,80,24.0,31.7,0.1,15.7,270,1006.2,69,317.0,31.53630804793946,4
2025-07-06 09:00:00,28.7,73,23.4,31.7,0.4,18.5,276,1006.2,58,484.0,31.469965657001037,4
2025-07-06 10:00:00,30.0,66,23.0,33.1,0.0,20.1,280,1006.1,100,656.0,31.918443933021965,4
2025-07-06 11:00:00,30.6,63,22.9,33.9,0.0,22.0,281,1006.1,100,774.0,32.12534765647515,4
2025-07-06 12:00:00,30.6,64,23.0,33.9,0.0,23.3,287,1006.0,100,803.0,32.29733412721285,4
2025-07-06 13:00:00,30.6,63,22.9,33.7,0.0,24.2,288,1005.5,100,801.0,32.12534765647515,4
2025-07-06 14:00:00,30.1,65,22.9,33.1,0.0,23.3,292,1004.8,100,734.0,31.870988137477216,4
2025-07-06 15:00:00,30.3,63,22.5,33.1,0.0,22.1,293,1004.2,100,734.0,31.771251683763897,4
2025-07-06 16:00:00,29.9,66,22.9,32.5,0.0,20.6,294,1003.6,100,590.0,31.799069804148022,4
2025-07-06 17:00:00,29.5,70,23.4,32.3,0.0,19.8,300,1003.4,100,445.0,31.97062706163492,4
2025-07-06 18:00:00,28.8,74,23.6,32.0,0.0,18.1,305,1003.6,100,266.0,31.747044960451024,4
2025-07-06 19:00:00,28.0,77,23.6,31.2,0.0,18.3,307,1004.1,100,101.0,31.217500679739484,4
2025-07-06 20:00:00,27.4,81,23.8,30.7,0.0,18.4,301,1004.6,99,7.0,31.057435096800358,4
2025-07-06 21:00:00,27.1,82,23.7,30.4,0.0,18.2,293,1005.3,100,0.0,30.82642171676577,3
2025-07-06 22:00:00,27.1,83,24.0,30.8,0.0,16.9,294,1005.4,97,0.0,30.96691832306779,3
2025-07-06 23:00:00,26.9,87,24.6,30.9,0.0,17.3,287,1005.4,100,0.0,31.273112354323136,4
2025-07-07 00:00:00,26.7,91,25.0,31.2,0.0,15.9,282,1005.6,100,0.0,31.56772648173212,4
2025-07-07 01:00:00,26.5,91,25.0,31.2,0.0,14.6,279,1005.5,72,0.0,31.308401650193694,4
2025-07-07 02:00:00,26.6,90,24.9,31.3,0.0,13.4,276,1005.3,99,0.0,31.301441272203125,4
2025-07-07 03:00:00,26.5,90,24.8,31.4,0.0,11.5,272,1005.2,99,0.0,31.172765368323436,4
2025-07-07 04:00:00,26.3,89,24.4,31.2,0.0,9.9,267,1005.0,99,0.0,30.782466512138836,3
2025-07-07 05:00:00,26.2,89,24.2,31.2,0.0,8.7,266,1005.2,100,0.0,30.655676983523346,3
2025-07-07 06:00:00,26.5,87,24.2,31.3,0.0,9.9,270,1005.4,100,22.0,30.765856522712653,3
2025-07-07 07:00:00,27.3,83,24.2,31.6,0.0,13.0,260,1005.5,100,114.0,31.21755642311843,4
2025-07-07 08:00:00,27.8,81,24.2,32.0,0.0,13.3,260,1005.6,100,193.0,31.557606411670324,4
2025-07-07 09:00:00,28.6,76,24.0,32.7,0.0,14.0,269,1005.5,100,338.0,31.808264640986884,4
2025-07-07 10:00:00,29.6,73,24.2,34.1,0.0,11.9,281,1005.4,100,464.0,32.57974077155208,4
2025-07-07 11:00:00,31.1,66,24.0,36.3,0.0,12.3,284,1005.2,100,707.0,33.252505656397545,4
2025-07-07 12:00:00,31.6,64,24.0,36.3,0.0,15.6,281,1005.0,100,719.0,33.50781319626476,4
2025-07-07 13:00:00,31.5,65,24.1,36.4,0.0,13.9,276,1004.7,100,694.0,33.566340676271366,4
2025-07-07 14:00:00,31.6,66,24.5,36.6,0.0,12.7,262,1004.1,26,620.0,33.87189485864804,4
2025-07-07 15:00:00,32.2,66,25.0,37.9,0.0,13.2,263,1003.7,44,719.0,34.62621421667576,4
2025-07-07 16:00:00,32.0,68,25.2,37.1,0.0,13.4,265,1003.6,7,587.0,34.74582476871147,4
2025-07-07 17:00:00,31.5,70,25.5,36.9,0.0,11.2,272,1003.3,34,400.0,34.47140534367685,4
2025-07-07 18:00:00,31.2,72,25.6,37.3,0.0,7.5,287,1003.6,97,222.0,34.443479441529576,4
2025-07-07 19:00:00,30.8,74,25.6,36.9,0.0,6.7,306,1003.8,91,94.0,34.276476804655196,4
2025-07-07 20:00:00,30.0,74,25.0,35.6,0.0,7.5,333,1004.4,92,6.0,33.24795228853978,4
2025-07-07 21:00:00,29.2,74,24.1,34.6,0.0,5.5,319,1005.0,63,0.0,32.241887360205254,4
2025-07-07 22:00:00,28.5,78,24.3,33.9,0.0,5.5,306,1005.3,32,0.0,31.989147022022166,4
2025-07-07 23:00:00,27.8,84,24.8,33.2,0.0,7.9,274,1005.6,97,0.0,31.996680723213668,4
2025-07-08 00:00:00,27.1,91,25.5,32.8,0.0,9.0,282,1005.5,43,0.0,32.09089117348396,4
2025-07-08 01:00:00,26.8,92,25.4,32.7,0.0,7.2,302,1005.3,53,0.0,31.835998659651562,4
2025-07-08 02:00:00,26.6,91,25.0,32.6,0.0,5.1,306,1005.2,50,0.0,31.437877286338715,4
2025-07-08 03:00:00,26.2,93,24.9,32.6,0.0,2.2,312,1005.5,34,0.0,31.188723140086193,4
2025-07-08 04:00:00,26.0,93,24.8,32.2,0.0,2.9,4,1005.9,24,0.0,30.929967990715923,3
2025-07-08 05:00:00,26.1,91,24.6,31.8,0.0,5.5,38,1005.8,26,0.0,30.794202654503515,3
2025-07-08 06:00:00,26.5,90,24.8,32.1,0.0,7.0,64,1005.8,1,24.0,31.172765368323436,4
2025-07-08 07:00:00,27.6,87,25.2,33.8,0.0,4.9,94,1006.1,1,152.0,32.174798938981546,4
2025-07-08 08:00:00,28.7,84,25.7,34.7,0.0,8.2,122,1006.5,0,333.0,33.16623582449434,4
2025-07-08 09:00:00,29.6,78,25.2,35.2,0.0,9.2,137,1006.6,2,519.0,33.39183260522003,4
2025-07-08 10:00:00,30.5,74,25.3,37.2,0.0,6.9,147,1006.8,74,669.0,33.88810028261244,4
2025-07-08 11:00:00,31.0,70,25.0,38.2,0.0,6.2,134,1006.7,79,786.0,33.83341102275376,4
2025-07-08 12:00:00,30.9,70,24.6,37.4,0.0,5.4,124,1006.4,25,685.0,33.706856021694776,4
2025-07-08 13:00:00,32.0,64,24.4,38.6,0.0,9.2,116,1006.1,27,844.0,34.001011547022564,4
2025-07-08 14:00:00,32.1,61,23.8,37.9,0.0,10.3,112,1005.8,95,778.0,33.56336174186912,4
2025-07-08 15:00:00,32.5,60,23.5,37.9,0.0,10.2,104,1005.5,66,752.0,33.85884799159928,4
2025-07-08 16:00:00,31.7,62,23.5,35.7,0.0,11.9,95,1005.3,84,517.0,33.26447537064902,4
2025-07-08 17:00:00,31.1,64,23.4,35.1,0.0,12.1,108,1005.3,16,358.0,32.898602454688536,4
2025-07-08 18:00:00,30.4,64,22.8,34.0,0.0,11.7,108,1005.8,44,262.0,32.05901407771383,4
2025-07-08 19:00:00,29.0,73,23.7,33.2,0.0,12.1,91,1005.9,62,86.0,31.836890579518748,4
2025-07-08 20:00:00,28.3,78,24.1,32.6,0.0,12.8,80,1006.2,43,6.0,31.738685531319145,4
2025-07-08 21:00:00,28.0,80,24.1,32.1,0.0,14.5,85,1006.8,17,0.0,31.661714991937128,4
2025-07-08 22:00:00,28.5,78,24.2,32.8,0.0,13.2,68,1007.0,13,0.0,31.989147022022166,4
2025-07-08 23:00:00,28.1,81,24.5,32.3,0.0,14.8,84,1007.3,23,0.0,31.93640525318666,4
2025-07-09 00:00:00,27.9,83,24.6,32.5,0.0,12.6,119,1007.6,14,0.0,31.977945849737186,4
2025-07-09 01:00:00,27.2,84,24.4,31.9,0.0,11.3,104,1007.2,6,0.0,31.23338380148193,4
2025-07-09 02:00:00,26.7,88,24.5,31.4,0.0,11.9,93,1006.9,7,0.0,31.156006927389303,4
2025-07-09 03:00:00,26.5,90,24.7,31.3,0.0,11.7,81,1006.9,10,0.0,31.172765368323436,4
2025-07-09 04:00:00,26.2,91,24.7,31.0,0.0,12.2,82,1007.1,4,0.0,30.92220006180477,3
2025-07-09 05:00:00,26.0,91,24.5,30.6,0.0,12.9,84,1007.3,5,0.0,30.666570829625257,3
2025-07-09 06:00:00,26.5,89,24.5,30.7,0.0,14.3,97,1008.0,27,23.0,31.037129086453174,4
2025-07-09 07:00:00,27.2,86,24.6,31.4,0.0,15.9,105,1008.4,39,138.0,31.51602627294579,4
2025-07-09 08:00:00,27.8,83,24.6,31.7,0.0,17.0,114,1008.5,20,292.0,31.850322619365887,4
2025-07-09 09:00:00,28.5,79,24.5,32.4,0.0,17.4,118,1008.5,15,481.0,32.14157839409937,4
2025-07-09 10:00:00,30.0,69,23.6,34.2,0.0,16.1,115,1008.8,3,683.0,32.41700956634114,4
2025-07-09 11:00:00,30.9,64,23.3,35.5,0.0,16.8,119,1008.8,0,815.0,32.65715121983522,4
2025-07-09 12:00:00,31.5,61,22.9,36.2,0.0,17.2,118,1008.5,1,895.0,32.84228894234697,4
2025-07-09 13:00:00,31.7,59,22.6,36.4,0.0,16.6,112,1007.9,1,907.0,32.71525398174665,4
2025-07-09 14:00:00,31.8,57,22.4,36.3,0.0,16.2,111,1007.4,11,881.0,32.46497543375353,4
2025-07-09 15:00:00,31.5,58,22.3,35.4,0.0,16.5,104,1007.2,3,792.0,32.29925014190368,4
2025-07-09 16:00:00,30.8,63,22.8,34.2,0.0,16.8,102,1007.0,14,650.0,32.36294106342267,4
2025-07-09 17:00:00,30.0,67,23.3,33.4,0.0,15.9,95,1007.2,9,472.0,32.08463247746169,4
2025-07-09 18:00:00,29.1,71,23.5,32.7,0.0,15.0,84,1007.3,18,264.0,31.64424005300704,4
2025-07-09 19:00:00,28.6,74,23.6,32.5,0.0,14.1,83,1007.6,5,95.0,31.501631360960914,4
2025-07-09 20:00:00,28.2,77,23.8,32.3,0.0,13.3,89,1007.9,6,6.0,31.464169803303047,4
2025-07-09 21:00:00,28.0,78,23.9,32.1,0.0,12.8,94,1008.6,2,0.0,31.3655721171387,4
2025-07-09 22:00:00,28.2,71,22.6,31.8,0.0,11.8,64,1008.9,7,0.0,30.565356571876837,3
2025-07-09 23:00:00,28.0,72,22.5,31.5,0.0,11.7,61,1009.2,8,0.0,30.477143492743412,3
2025-07-10 00:00:00,27.8,74,22.7,31.5,0.0,10.9,70,1009.4,13,0.0,30.533099684735852,3
2025-07-10 01:00:00,27.2,77,23.0,31.3,0.0,9.8,72,1008.9,5,0.0,30.24413515135844,3
2025-07-10 02:00:00,26.9,80,23.1,31.0,0.0,9.7,61,1008.5,3,0.0,30.30109296949254,3
2025-07-10 03:00:00,26.5,82,23.1,30.7,0.0,9.1,49,1008.3,1,0.0,30.087675113361353,3
2025-07-10 04:00:00,26.2,83,23.2,30.6,0.0,8.4,70,1008.3,0,0.0,29.856107748679076,3
2025-07-10 05:00:00,26.1,86,23.6,30.8,0.0,8.3,88,1008.4,14,0.0,30.131812398761564,3
2025-07-10 06:00:00,26.3,89,24.2,31.5,0.0,7.0,78,1008.8,35,22.0,30.782466512138836,3
2025-07-10 07:00:00,27.0,86,24.5,32.5,0.0,6.5,60,1008.3,3,130.0,31.261150713075534,4
2025-07-10 08:00:00,28.2,80,24.5,33.9,0.0,5.7,66,1008.1,1,332.0,31.913576419016156,4
2025-07-10 09:00:00,29.8,71,23.9,34.8,0.0,7.0,100,1008.2,0,522.0,32.50147759283854,4
2025-07-10 10:00:00,31.1,63,23.3,36.2,0.0,9.0,123,1008.8,11,667.0,32.72165085383402,4
2025-07-10 11:00:00,31.2,64,23.5,37.0,0.0,9.8,134,1008.4,8,787.0,33.01980394802629,4
2025-07-10 12:00:00,31.7,63,23.8,38.0,0.0,10.3,151,1007.9,3,872.0,33.44754916694982,4
2025-07-10 13:00:00,31.4,65,24.0,37.5,0.0,13.1,157,1007.7,5,890.0,33.44315535146365,4
2025-07-10 14:00:00,31.8,62,23.5,37.5,0.0,10.8,127,1007.2,10,826.0,33.385534682328405,4
2025-07-10 15:00:00,32.2,55,22.1,36.3,0.0,12.7,111,1007.1,20,713.0,32.55474518056314,4
2025-07-10 16:00:00,31.2,59,22.2,33.8,0.0,17.0,126,1007.1,64,516.0,32.13000676458674,4
2025-07-10 17:00:00,31.2,59,22.4,34.9,0.0,9.9,135,1006.5,49,388.0,32.13000676458674,4
2025-07-10 18:00:00,30.1,67,23.4,34.6,0.0,7.9,145,1007.1,74,258.0,32.20527392632266,4
2025-07-10 19:00:00,29.5,69,23.2,34.1,0.0,6.7,88,1007.5,34,87.0,31.809139532182993,4
2025-07-10 20:00:00,28.9,71,23.1,33.3,0.0,7.6,76,1007.5,12,6.0,31.402253505966097,4
2025-07-10 21:00:00,28.3,74,23.2,32.6,0.0,8.9,82,1008.2,5,0.0,31.135988837405346,4
2025-07-10 22:00:00,28.8,80,25.1,35.3,0.0,2.0,95,1008.6,15,0.0,32.677648605893,4
2025-07-10 23:00:00,28.3,82,24.9,34.6,0.0,2.0,90,1008.4,12,0.0,32.34138222523294,4
2025-07-11 00:00:00,27.8,82,24.5,33.8,0.0,2.7,70,1008.6,20,0.0,31.703964515518106,4
2025-07-11 01:00:00,27.6,82,24.3,33.1,0.0,5.4,82,1008.5,84,0.0,31.45148865513203,4
2025-07-11 02:00:00,27.4,84,24.5,32.6,0.0,8.1,66,1008.1,99,0.0,31.48638454483,4
2025-07-11 03:00:00,27.0,86,24.5,31.9,0.0,10.6,75,1008.1,100,0.0,31.261150713075534,4
2025-07-11 04:00:00,26.9,86,24.4,31.6,0.0,10.8,75,1008.3,75,0.0,31.13425244220448,4
2025-07-11 05:00:00,26.6,87,24.3,31.4,0.0,10.5,83,1008.5,96,0.0,30.892133229796354,3
2025-07-11 06:00:00,26.8,87,24.5,31.7,0.0,9.9,71,1008.6,95,20.0,31.1457596020618,4
2025-07-11 07:00:00,27.6,83,24.4,32.3,0.0,11.5,87,1008.7,100,130.0,31.596150711901934,4
2025-07-11 08:00:00,28.3,78,24.1,33.0,0.0,10.5,97,1009.0,100,245.0,31.738685531319145,4
2025-07-11 09:00:00,29.0,75,24.2,33.8,0.0,9.5,119,1009.1,100,402.0,32.150695800875425,4
2025-07-11 10:00:00,31.0,64,23.5,35.7,0.0,9.1,115,1009.2,100,601.0,32.77771864937486,4
2025-07-11 11:00:00,31.0,65,23.8,35.7,0.0,15.2,134,1009.3,100,732.0,32.95366737827135,4
2025-07-11 12:00:00,30.3,71,24.4,34.8,0.0,17.8,133,1009.4,100,700.0,33.123778881702165,4
2025-07-11 13:00:00,31.0,65,23.8,36.2,0.1,12.6,123,1009.1,99,727.0,32.95366737827135,4
2025-07-11 14:00:00,31.1,65,23.6,36.1,0.1,12.0,127,1008.9,100,702.0,33.075554055543044,4
2025-07-11 15:00:00,30.8,66,23.8,35.0,0.1,12.7,111,1008.8,100,572.0,32.88481444739517,4
2025-07-11 16:00:00,30.6,66,23.6,34.7,0.0,11.9,92,1008.5,100,459.0,32.64130706868825,4
2025-07-11 17:00:00,30.5,66,23.4,34.7,0.0,10.2,103,1008.2,100,301.0,32.52003538719488,4
2025-07-11 18:00:00,30.0,68,23.5,34.2,0.0,10.7,102,1008.4,100,183.0,32.250821021901416,4
2025-07-11 19:00:00,28.5,78,24.2,32.3,0.0,16.4,91,1009.3,100,67.0,31.989147022022166,4
2025-07-11 20:00:00,27.7,81,24.0,32.0,0.0,12.3,97,1009.4,24,4.0,31.43204222463699,4
2025-07-11 21:00:00,27.2,82,24.0,31.6,0.0,11.7,81,1009.7,53,0.0,30.950741330018076,3
2025-07-11 22:00:00,27.8,83,24.5,33.0,0.0,8.5,38,1010.3,100,0.0,31.850322619365887,4
2025-07-11 23:00:00,27.4,85,24.6,32.5,0.0,9.4,55,1010.0,100,0.0,31.629367694173215,4
2025-07-12 00:00:00,27.1,86,24.5,32.2,0.0,9.3,68,1009.8,100,0.0,31.38840814197386,4
2025-07-12 01:00:00,26.8,86,24.4,31.8,0.0,9.1,69,1009.7,100,0.0,31.007711790543848,4
2025-07-12 02:00:00,26.5,88,24.3,31.4,0.0,8.9,62,1009.1,93,0.0,30.901492804582915,3
2025-07-12 03:00:00,26.1,90,24.3,31.1,0.0,9.1,60,1009.0,66,0.0,30.661724603355125,3
2025-07-12 04:00:00,26.0,90,24.3,31.0,0.0,8.8,70,1009.0,52,0.0,30.534872249079925,3
2025-07-12 05:00:00,25.9,91,24.4,30.9,0.0,8.9,77,1008.9,76,0.0,30.53930300810973,3
2025-07-12 06:00:00,26.1,90,24.4,31.2,0.0,8.8,78,1008.8,97,19.0,30.661724603355125,3
2025-07-12 07:00:00,27.0,86,24.5,32.1,0.0,8.9,82,1009.0,97,125.0,31.261150713075534,4
2025-07-12 08:00:00,28.1,79,24.1,32.3,0.0,13.6,98,1009.0,99,285.0,31.638535987675876,4
2025-07-12 09:00:00,28.8,75,24.0,33.0,0.0,13.0,107,1008.7,100,410.0,31.902145568024686,4
2025-07-12 10:00:00,30.2,72,24.6,35.7,0.0,9.9,109,1008.5,91,625.0,33.16674444785729,4
2025-07-12 11:00:00,31.0,68,24.5,37.1,0.0,9.9,122,1008.1,100,754.0,33.48151356496079,4
2025-07-12 12:00:00,31.4,65,24.1,37.3,0.0,14.2,139,1007.5,100,882.0,33.44315535146365,4
2025-07-12 13:00:00,32.1,60,23.4,37.7,0.0,13.7,118,1007.3,98,887.0,33.37610499200242,4
2025-07-12 14:00:00,32.2,58,22.8,36.8,0.0,13.3,115,1006.7,100,764.0,33.119691281321124,4
2025-07-12 15:00:00,31.6,61,23.2,36.0,0.0,15.1,115,1006.4,100,720.0,32.96169070268986,4
2025-07-12 16:00:00,31.3,63,23.3,35.0,0.0,14.2,125,1006.1,86,563.0,32.96235218894083,4
2025-07-12 17:00:00,31.0,65,23.5,35.0,0.1,11.8,117,1005.7,44,423.0,32.95366737827135,4
2025-07-12 18:00:00,30.2,69,24.0,34.7,0.0,11.6,108,1005.7,14,236.0,32.66243842919657,4
2025-07-12 19:00:00,29.4,75,24.5,34.1,0.0,11.9,105,1006.0,21,95.0,32.65190019175405,4
2025-07-12 20:00:00,28.9,76,24.2,33.4,0.0,11.6,102,1006.1,91,5.0,32.18225023173836,4
2025-07-12 21:00:00,28.5,77,24.1,33.0,0.0,11.6,105,1006.2,100,0.0,31.83671564994496,4
2025-07-12 22:00:00,28.6,77,24.1,33.5,0.0,9.5,79,1006.2,100,0.0,31.96158128099987,4
2025-07-12 23:00:00,28.4,80,24.5,33.2,0.0,11.0,89,1005.9,63,0.0,32.16684449379665,4
2025-07-13 00:00:00,28.1,81,24.6,33.1,0.0,11.0,104,1005.7,79,0.0,31.93640525318666,4
2025-07-13 01:00:00,27.8,83,24.6,32.7,0.0,10.9,114,1005.4,80,0.0,31.850322619365887,4
2025-07-13 02:00:00,27.4,85,24.5,32.2,0.0,11.1,110,1004.8,58,0.0,31.629367694173215,4
2025-07-13 03:00:00,27.1,86,24.5,31.7,0.0,12.2,106,1004.7,19,0.0,31.38840814197386,4
2025-07-13 04:00:00,27.0,86,24.4,31.4,0.0,13.4,116,1004.6,41,0.0,31.261150713075534,4
2025-07-13 05:00:00,27.0,85,24.2,31.2,0.0,14.2,122,1004.5,28,0.0,31.121474541993262,4
2025-07-13 06:00:00,27.2,83,24.1,31.1,0.0,15.6,119,1004.4,25,18.0,31.092062565750002,4
2025-07-13 07:00:00,27.6,82,24.2,31.5,0.1,16.2,124,1004.4,27,130.0,31.45148865513203,4
2025-07-13 08:00:00,28.1,79,24.2,31.8,0.1,17.9,119,1004.0,30,302.0,31.638535987675876,4
2025-07-13 09:00:00,28.6,77,24.2,31.9,0.0,20.1,122,1003.6,6,471.0,31.96158128099987,4
2025-07-13 10:00:00,29.8,73,24.4,33.7,0.0,19.9,125,1003.3,100,649.0,32.83006569404526,4
2025-07-13 11:00:00,30.2,69,24.0,33.9,0.0,23.6,122,1002.5,100,777.0,32.66243842919657,4
2025-07-13 12:00:00,30.2,70,24.1,34.2,0.0,24.4,120,1002.1,100,846.0,32.83054043541681,4
2025-07-13 13:00:00,30.5,69,24.2,34.2,0.0,24.6,118,1001.3,100,775.0,33.03305972297647,4
2025-07-13 14:00:00,30.7,68,24.1,33.8,0.0,26.6,121,1000.6,86,740.0,33.1088390266447,4
2025-07-13 15:00:00,30.6,68,24.0,33.5,0.0,23.6,123,1000.2,99,598.0,32.985280010163656,4
2025-07-13 16:00:00,30.2,69,23.9,32.9,0.0,23.0,120,999.4,100,371.0,32.66243842919657,4
2025-07-13 17:00:00,29.4,74,24.1,32.4,0.0,21.8,122,999.2,100,221.0,32.491338855863994,4
2025-07-13 18:00:00,28.8,76,24.0,31.8,0.0,21.7,119,998.6,100,90.0,32.057246175598344,4
2025-07-13 19:00:00,28.5,78,24.3,31.9,0.0,19.2,116,998.5,100,41.0,31.989147022022166,4
2025-07-13 20:00:00,27.9,81,24.4,31.3,0.0,19.7,117,998.6,100,3.0,31.683520648538703,4
2025-07-13 21:00:00,27.4,84,24.4,30.6,0.0,21.4,118,998.6,100,0.0,31.48638454483,4
2025-07-13 22:00:00,26.6,87,24.3,29.9,0.6,20.5,119,998.5,100,0.0,30.892133229796354,3
2025-07-13 23:00:00,26.1,91,24.6,29.6,1.4,20.6,116,998.0,100,0.0,30.794202654503515,3
2025-07-14 00:00:00,26.0,91,24.4,28.9,0.2,23.5,122,996.7,100,0.0,30.666570829625257,3
2025-07-14 01:00:00,26.1,89,24.2,28.6,0.1,25.3,126,995.6,100,0.0,30.529246552206736,3
2025-07-14 02:00:00,26.4,87,24.1,29.4,0.0,22.0,129,994.8,100,0.0,30.6399354190185,3
2025-07-14 03:00:00,26.1,90,24.4,29.4,0.6,20.7,123,994.3,100,0.0,30.661724603355125,3
2025-07-14 04:00:00,26.0,91,24.5,29.7,0.0,18.5,128,993.4,100,0.0,30.666570829625257,3
2025-07-14 05:00:00,26.0,90,24.2,29.7,0.0,18.0,117,992.8,100,0.0,30.534872249079925,3
2025-07-14 06:00:00,26.2,89,24.2,29.7,0.0,18.8,120,991.7,100,17.0,30.655676983523346,3
2025-07-14 07:00:00,26.2,88,24.1,29.5,0.6,19.7,164,992.2,100,96.0,30.522415444382634,3
2025-07-14 08:00:00,25.8,92,24.4,29.5,1.2,18.1,142,991.3,100,59.0,30.542549238458907,3
2025-07-14 09:00:00,26.1,94,25.1,31.1,4.1,12.5,148,991.1,100,178.0,31.191636807948687,4
2025-07-14 10:00:00,26.1,90,24.3,30.9,3.9,10.3,153,991.3,100,272.0,30.661724603355125,3
2025-07-14 11:00:00,26.2,90,24.4,32.1,1.4,3.7,145,990.8,98,215.0,30.788938522664058,3
2025-07-14 12:00:00,26.8,86,24.2,31.3,0.9,11.5,266,990.6,88,480.0,31.007711790543848,4
2025-07-14 13:00:00,26.2,84,23.4,28.6,0.4,23.2,296,990.7,100,467.0,29.989369287819788,3
2025-07-14 14:00:00,25.5,82,22.1,27.1,0.0,22.8,289,991.3,32,263.0,28.883092415352,3
2025-07-14 15:00:00,26.5,73,21.1,27.5,0.0,27.3,290,991.4,41,683.0,28.86694857652901,3
2025-07-14 16:00:00,26.2,69,20.1,26.3,0.0,27.5,295,991.4,28,581.0,27.990446200709112,2
2025-07-14 17:00:00,26.1,68,19.8,26.0,0.0,26.0,294,992.1,34,439.0,27.74720747809054,2
2025-07-14 18:00:00,25.5,72,20.2,26.1,0.0,23.3,287,992.7,50,267.0,27.60448358421151,2
2025-07-14 19:00:00,25.0,77,20.6,26.7,0.0,17.2,286,993.5,12,92.0,27.67232028835603,2
2025-07-14 20:00:00,24.6,79,20.7,26.9,0.0,12.8,292,994.1,19,5.0,27.462858445414607,2
2025-07-14 21:00:00,24.7,80,21.0,27.7,0.0,9.0,267,994.2,14,0.0,27.698758438550424,2
2025-07-14 22:00:00,23.1,90,21.4,27.3,0.0,2.9,353,994.7,0,0.0,27.00658094886268,2
2025-07-14 23:00:00,22.8,90,21.1,27.0,0.0,1.4,40,994.7,2,0.0,26.65740239728975,2
2025-07-15 00:00:00,22.5,91,21.0,26.4,0.0,3.5,165,994.8,7,0.0,26.417856018521046,2
2025-07-15 01:00:00,24.4,82,21.1,27.3,0.0,10.5,213,994.8,21,0.0,27.59507382596202,2
2025-07-15 02:00:00,24.9,78,20.8,27.8,0.0,9.3,212,994.6,33,0.0,27.682301228139867,2
2025-07-15 03:00:00,25.0,79,21.0,28.0,0.0,9.4,192,994.8,24,0.0,27.920562373767876,2
2025-07-15 04:00:00,24.9,79,21.1,28.1,0.0,8.5,182,995.1,10,0.0,27.805685859269865,2
2025-07-15 05:00:00,24.6,82,21.2,27.9,0.0,8.3,185,995.7,17,0.0,27.82645306992402,2
2025-07-15 06:00:00,25.0,80,21.5,28.1,0.0,10.9,173,996.1,26,19.0,28.044683416473795,3
2025-07-15 07:00:00,25.2,80,21.5,28.4,0.0,10.0,194,996.8,43,132.0,28.27682975159441,3
2025-07-15 08:00:00,25.9,75,21.2,28.6,0.0,12.1,177,997.0,49,267.0,28.444533248442088,3
2025-07-15 09:00:00,26.8,70,20.8,28.9,0.0,14.3,187,997.2,40,495.0,28.79894680625662,3
2025-07-15 10:00:00,27.9,63,20.3,30.2,0.0,14.0,179,997.7,20,608.0,29.03369383775232,3
2025-07-15 11:00:00,28.5,59,19.9,31.5,0.1,14.9,195,997.7,21,794.0,29.092950952555228,3
2025-07-15 12:00:00,29.6,54,19.2,32.7,0.0,13.6,200,997.7,12,842.0,29.49379180361387,3
2025-07-15 13:00:00,30.1,53,19.4,33.5,0.0,13.6,197,997.8,9,882.0,29.865273404404498,3
2025-07-15 14:00:00,30.3,52,19.2,33.3,0.0,14.0,192,997.8,11,835.0,29.91152678659877,3
2025-07-15 15:00:00,30.2,52,19.2,32.6,0.1,13.8,215,998.1,43,711.0,29.804704323452487,3
2025-07-15 16:00:00,29.9,55,19.8,31.7,0.1,13.2,238,998.2,25,561.0,29.98144150345669,3
2025-07-15 17:00:00,29.5,60,21.0,31.9,0.0,13.4,253,998.6,38,386.0,30.355751767115645,3
2025-07-15 18:00:00,28.6,65,21.4,31.3,0.0,13.6,255,999.1,20,246.0,30.12178160084405,3
2025-07-15 19:00:00,27.6,71,22.0,30.8,0.0,11.4,254,999.7,26,94.0,29.8602060306631,3
2025-07-15 20:00:00,27.3,71,21.5,30.4,0.0,10.9,236,1000.5,23,5.0,29.511755494474805,3
2025-07-15 21:00:00,27.2,69,21.0,29.3,0.0,15.6,232,1001.7,32,0.0,29.113565265503016,3
2025-07-15 22:00:00,26.4,79,22.5,30.2,0.0,9.6,237,1002.6,4,0.0,29.561210323016798,3
2025-07-15 23:00:00,26.2,73,20.9,29.3,0.0,8.6,219,1002.6,1,0.0,28.52349235727196,3
2025-07-16 00:00:00,25.8,75,20.9,29.2,0.0,6.2,226,1002.9,4,0.0,28.32997166178715,3
2025-07-16 01:00:00,25.5,77,21.1,29.0,0.0,6.1,236,1003.1,4,0.0,28.243787999781755,3
2025-07-16 02:00:00,24.7,82,21.4,28.6,0.0,4.6,228,1003.6,75,0.0,27.942604899514187,2
2025-07-16 03:00:00,24.7,82,21.4,29.1,0.0,1.3,172,1003.9,21,0.0,27.942604899514187,2
2025-07-16 04:00:00,24.1,84,21.4,28.2,0.0,3.3,119,1004.3,100,0.0,27.48555423714193,2
2025-07-16 05:00:00,24.6,83,21.5,28.5,0.0,5.2,106,1004.6,95,0.0,27.947651278093826,2
2025-07-16 06:00:00,25.1,81,21.5,28.5,0.0,8.7,117,1005.3,60,17.0,28.28546400718719,3
2025-07-16 07:00:00,25.9,79,22.0,29.3,0.0,10.5,141,1005.6,1,137.0,28.968225688359002,3
2025-07-16 08:00:00,26.8,69,20.6,29.0,0.0,13.7,147,1006.1,0,342.0,28.66089899473867,3
2025-07-16 09:00:00,27.1,73,22.0,29.7,0.0,16.0,129,1006.6,0,543.0,29.561952260047573,3
2025-07-16 10:00:00,28.2,71,22.5,32.0,0.0,14.6,130,1006.7,96,687.0,30.565356571876837,3
2025-07-16 11:00:00,29.0,65,21.7,33.0,0.0,13.8,129,1006.6,9,781.0,30.58166969409204,3
2025-07-16 12:00:00,30.2,56,20.4,34.3,0.0,12.7,126,1007.0,6,890.0,30.477112348333453,3
2025-07-16 13:00:00,30.8,55,20.7,35.3,0.0,13.2,112,1006.9,72,955.0,30.97127870616265,3
2025-07-16 14:00:00,30.9,60,22.1,35.8,0.0,12.8,92,1006.4,15,880.0,31.957348018595525,4
2025-07-16 15:00:00,30.5,64,22.8,34.2,0.0,18.2,110,1006.1,62,746.0,32.178019163340494,4
2025-07-16 16:00:00,30.5,66,23.5,34.0,0.0,18.7,123,1005.6,27,631.0,32.52003538719488,4
2025-07-16 17:00:00,29.6,74,24.6,33.5,0.0,17.7,131,1005.4,52,440.0,32.74215913828567,4
2025-07-16 18:00:00,28.9,77,24.5,32.8,0.0,17.3,159,1006.0,94,228.0,32.33824957689281,4
2025-07-16 19:00:00,27.9,80,24.1,32.2,0.0,12.9,148,1006.3,24,70.0,31.53630804793946,4
2025-07-16 20:00:00,27.5,83,24.4,31.7,0.0,15.1,123,1006.5,19,5.0,31.469598988251175,4
2025-07-16 21:00:00,27.4,83,24.4,31.5,0.0,14.9,128,1006.9,41,0.0,31.343401395486783,4
2025-07-16 22:00:00,27.9,79,23.9,31.0,0.0,20.4,141,1007.2,97,0.0,31.389095447340214,4
2025-07-16 23:00:00,27.8,76,23.1,30.5,0.0,19.7,148,1007.4,97,0.0,30.825815892431415,3
2025-07-17 00:00:00,27.6,77,23.2,30.8,0.0,17.1,141,1007.6,98,0.0,30.72817837128252,3
2025-07-17 01:00:00,27.2,80,23.5,30.7,0.0,16.3,123,1007.6,92,0.0,30.66809885855422,3
2025-07-17 02:00:00,26.8,84,23.8,30.3,0.0,16.4,115,1007.5,52,0.0,30.731616167507948,3
2025-07-17 03:00:00,26.4,87,24.0,30.4,0.0,13.8,116,1007.1,24,0.0,30.6399354190185,3
2025-07-17 04:00:00,26.2,89,24.2,30.9,0.0,10.8,123,1007.5,90,0.0,30.655676983523346,3
2025-07-17 05:00:00,26.2,89,24.2,31.0,0.0,9.7,124,1008.0,96,0.0,30.655676983523346,3
2025-07-17 06:00:00,26.4,88,24.2,30.6,0.0,13.7,113,1008.9,94,16.0,30.774776056018712,3
2025-07-17 07:00:00,26.9,86,24.4,31.3,0.0,13.4,119,1008.7,85,127.0,31.13425244220448,4
2025-07-17 08:00:00,27.7,83,24.6,32.3,0.0,13.1,119,1008.6,43,333.0,31.723058082035433,4
2025-07-17 09:00:00,28.3,81,24.6,32.4,0.0,16.7,108,1008.6,85,526.0,32.1907080517545,4
2025-07-17 10:00:00,29.8,76,25.2,35.7,0.0,12.3,119,1009.0,0,702.0,33.32294784585534,4
2025-07-17 11:00:00,30.8,72,25.1,37.7,0.0,10.2,126,1009.2,11,826.0,33.92856121534019,4
2025-07-17 12:00:00,30.9,71,25.0,37.3,0.0,14.7,117,1008.5,26,875.0,33.8818068220047,4
2025-07-17 13:00:00,30.7,73,25.3,36.7,0.0,17.4,116,1008.4,43,869.0,33.97368748448622,4
2025-07-17 14:00:00,30.9,72,25.1,36.3,0.0,19.6,118,1008.1,79,858.0,34.05675762231463,4
2025-07-17 15:00:00,30.4,74,25.1,35.4,0.0,20.0,123,1007.9,34,772.0,33.75936002735662,4
2025-07-17 16:00:00,29.1,78,24.9,32.4,0.0,24.7,111,1008.2,75,585.0,32.74891301597956,4
2025-07-17 17:00:00,28.2,81,24.7,30.9,0.3,26.2,108,1008.0,46,416.0,32.06337862425386,4
2025-07-17 18:00:00,26.9,85,24.2,29.5,0.1,24.7,93,1008.3,67,209.0,30.995392530085827,3
2025-07-17 19:00:00,26.2,88,24.0,29.0,0.1,23.2,92,1008.9,100,79.0,30.522415444382634,3
2025-07-17 20:00:00,26.0,89,24.1,29.1,0.0,21.5,109,1008.9,97,4.0,30.403173668534592,3
2025-07-17 21:00:00,25.9,91,24.3,29.2,3.3,20.2,129,1010.0,86,0.0,30.53930300810973,3
2025-07-17 22:00:00,25.9,95,25.1,30.9,4.0,12.5,102,1009.3,51,0.0,31.062995448026644,4
2025-07-17 23:00:00,25.9,95,25.0,30.7,0.1,13.3,113,1009.5,98,0.0,31.062995448026644,4
2025-07-18 00:00:00,25.9,94,24.8,31.0,0.1,10.0,108,1009.4,19,0.0,30.932072338047416,3
2025-07-18 01:00:00,25.6,94,24.5,30.2,0.0,12.6,104,1009.0,94,0.0,30.54552943174504,3
2025-07-18 02:00:00,25.7,93,24.4,30.1,0.0,13.6,130,1008.7,82,0.0,30.54462128562932,3
2025-07-18 03:00:00,25.9,91,24.3,30.0,0.0,15.1,131,1008.7,95,0.0,30.53930300810973,3
2025-07-18 04:00:00,25.9,89,23.9,28.7,0.0,21.9,132,1008.3,100,0.0,30.27745678815128,3
2025-07-18 05:00:00,25.6,90,23.9,28.4,0.0,21.8,117,1009.0,100,0.0,30.031047328266528,3
2025-07-18 06:00:00,25.9,89,23.9,28.8,0.0,21.4,119,1009.3,100,10.0,30.27745678815128,3
2025-07-18 07:00:00,26.5,84,23.6,29.2,0.0,22.4,121,1010.1,100,79.0,30.358947677101874,3
2025-07-18 08:00:00,27.1,82,23.8,29.6,0.0,23.6,120,1010.3,100,234.0,30.82642171676577,3
2025-07-18 09:00:00,27.4,81,23.8,29.8,0.0,24.8,123,1010.5,100,400.0,31.057435096800358,4
2025-07-18 10:00:00,26.0,88,23.9,28.7,1.0,23.3,124,1011.3,100,89.0,30.271475087989263,3
2025-07-18 11:00:00,25.6,94,24.5,28.6,3.2,23.5,120,1011.2,100,184.0,30.54552943174504,3
2025-07-18 12:00:00,25.5,95,24.6,28.6,2.1,23.4,125,1011.0,100,205.0,30.545283895834633,3
2025-07-18 13:00:00,25.2,94,24.3,28.2,4.3,22.8,129,1010.7,100,145.0,30.035304958123426,3
2025-07-18 14:00:00,25.8,94,24.7,28.8,2.5,24.0,125,1010.4,100,238.0,30.80285248277323,3
2025-07-18 15:00:00,25.5,94,24.5,28.1,1.9,26.2,127,1010.2,100,175.0,30.41742301272058,3
2025-07-18 16:00:00,25.6,94,24.6,29.1,2.0,20.8,133,1010.3,100,174.0,30.54552943174504,3
2025-07-18 17:00:00,25.3,95,24.5,28.4,3.1,22.2,127,1010.0,100,75.0,30.28866569406871,3
2025-07-18 18:00:00,25.1,95,24.3,28.6,1.7,18.9,119,1010.0,100,43.0,30.033521983738066,3
2025-07-18 19:00:00,25.2,95,24.3,29.2,1.8,15.7,112,1010.4,100,16.0,30.160910330018357,3
2025-07-18 20:00:00,25.5,92,24.1,29.2,0.6,16.9,119,1010.7,100,2.0,30.161701246492488,3
2025-07-18 21:00:00,26.0,88,23.9,29.1,0.1,19.9,130,1011.0,100,0.0,30.271475087989263,3
2025-07-18 22:00:00,26.3,85,23.6,28.9,0.0,22.7,136,1011.6,100,0.0,30.24627026440226,3
2025-07-18 23:00:00,26.2,86,23.8,29.3,0.0,20.1,126,1011.5,100,0.0,30.25589236610121,3
2025-07-19 00:00:00,26.4,84,23.4,29.2,0.0,20.1,129,1011.6,98,0.0,30.235413508017864,3
2025-07-19 01:00:00,26.2,85,23.5,29.4,0.0,18.2,125,1011.7,24,0.0,30.1226308269605,3
2025-07-19 02:00:00,26.0,88,23.8,29.3,0.0,18.1,121,1011.7,67,0.0,30.271475087989263,3
2025-07-19 03:00:00,25.6,90,23.8,29.1,0.0,17.6,116,1011.4,67,0.0,30.031047328266528,3
2025-07-19 04:00:00,25.5,89,23.6,28.8,0.0,17.3,114,1011.3,76,0.0,29.77811859715034,3
2025-07-19 05:00:00,25.5,87,23.3,28.6,0.0,18.0,114,1011.5,67,0.0,29.522396830922244,3
2025-07-19 06:00:00,25.6,87,23.4,28.6,0.0,19.2,112,1011.9,100,13.0,29.645185750657642,3
2025-07-19 07:00:00,26.1,86,23.5,29.0,0.0,20.3,112,1012.2,100,91.0,30.131812398761564,3
2025-07-19 08:00:00,26.5,85,23.8,29.4,0.0,20.9,114,1012.4,100,169.0,30.494583958972132,3
2025-07-19 09:00:00,27.0,83,23.9,29.7,0.0,22.3,109,1012.6,100,361.0,30.84212219982871,3
2025-07-19 10:00:00,28.8,77,24.3,32.2,0.0,23.3,118,1012.4,99,656.0,32.21234678317201,4
2025-07-19 11:00:00,29.2,74,24.1,32.8,0.0,25.1,120,1012.4,100,779.0,32.241887360205254,4
2025-07-19 12:00:00,29.5,73,24.1,32.9,0.0,24.2,116,1012.2,100,730.0,32.4550896499907,4
2025-07-19 13:00:00,30.1,69,23.9,34.3,0.0,23.1,116,1012.2,100,877.0,32.53955971516811,4
2025-07-19 14:00:00,30.2,69,23.9,34.3,0.0,22.0,115,1011.8,98,811.0,32.66243842919657,4
2025-07-19 15:00:00,30.3,69,24.0,34.3,0.0,20.1,113,1011.7,54,717.0,32.785647082217594,4
2025-07-19 16:00:00,29.5,73,24.1,33.2,0.0,17.7,123,1011.8,96,474.0,32.4550896499907,4
2025-07-19 17:00:00,28.9,77,24.5,33.1,0.1,14.5,120,1012.1,100,278.0,32.33824957689281,4
2025-07-19 18:00:00,28.2,82,24.8,33.2,0.2,10.9,135,1012.5,98,158.0,32.213180829491556,4
2025-07-19 19:00:00,27.8,82,24.3,31.9,0.1,14.6,119,1012.6,99,55.0,31.703964515518106,4
2025-07-19 20:00:00,27.6,79,23.6,30.4,0.0,20.7,131,1012.6,78,3.0,31.017502484822327,4
2025-07-19 21:00:00,27.2,78,23.1,29.6,0.0,22.3,133,1013.6,59,0.0,30.38545638709037,3
2025-07-19 22:00:00,27.4,75,22.5,29.5,0.0,21.0,135,1013.7,66,0.0,30.19953620074107,3
2025-07-19 23:00:00,27.0,77,22.7,29.4,0.0,20.0,132,1013.8,95,0.0,30.004065173335075,3
2025-07-20 00:00:00,26.8,79,22.8,29.4,0.0,19.0,128,1013.8,84,0.0,30.04137710991819,3
2025-07-20 01:00:00,26.7,80,23.0,29.5,0.0,18.0,126,1013.5,48,0.0,30.058088115808456,3
2025-07-20 02:00:00,26.6,80,23.0,29.4,0.0,19.0,127,1013.1,28,0.0,29.937081130847222,3
2025-07-20 03:00:00,26.4,82,23.1,29.3,0.0,18.3,121,1012.8,74,0.0,29.965732234017434,3
2025-07-20 04:00:00,26.0,86,23.5,29.4,0.0,16.9,114,1013.0,99,0.0,30.008077926898594,3
2025-07-20 05:00:00,25.9,88,23.8,29.5,0.0,16.4,111,1013.3,100,0.0,30.14653367817205,3
2025-07-20 06:00:00,26.0,88,23.9,29.7,0.0,16.3,111,1013.8,100,14.0,30.271475087989263,3
2025-07-20 07:00:00,26.5,86,23.9,30.1,0.0,16.4,113,1014.2,100,100.0,30.630220240842394,3
2025-07-20 08:00:00,26.9,83,23.7,30.2,0.0,17.9,115,1014.7,100,215.0,30.71767270584851,3
2025-07-20 09:00:00,27.1,82,23.9,30.2,0.0,19.6,108,1014.7,97,337.0,30.82642171676577,3
2025-07-20 10:00:00,28.6,77,24.1,32.4,0.0,20.1,112,1015.1,7,647.0,31.96158128099987,4
2025-07-20 11:00:00,29.0,76,24.2,33.4,0.0,20.9,109,1014.8,15,791.0,32.30759841155376,4
2025-07-20 12:00:00,29.2,75,24.4,33.9,0.0,21.4,107,1014.3,4,854.0,32.40061016237019,4
2025-07-20 13:00:00,29.6,75,24.7,34.9,0.0,20.9,108,1013.9,7,904.0,32.90457750501926,4
2025-07-20 14:00:00,29.8,75,24.8,35.0,0.0,20.3,103,1013.5,2,869.0,33.158653795251986,4
2025-07-20 15:00:00,29.5,76,24.9,34.1,0.0,21.5,99,1013.3,9,775.0,32.93955223834649,4
2025-07-20 16:00:00,29.5,76,24.8,33.4,0.0,21.3,102,1012.6,6,630.0,32.93955223834649,4
2025-07-20 17:00:00,29.4,76,24.6,33.0,0.0,20.2,111,1012.6,14,459.0,32.8124615276441,4
2025-07-20 18:00:00,29.0,77,24.5,32.7,0.0,18.4,110,1013.0,15,266.0,32.464501022232106,4
2025-07-20 19:00:00,28.2,78,24.0,31.6,0.0,19.0,110,1013.4,29,92.0,31.613972008540753,4
2025-07-20 20:00:00,27.7,80,23.9,30.9,0.0,19.2,109,1013.8,14,4.0,31.286534295937766,4
2025-07-20 21:00:00,27.5,80,23.8,30.5,0.0,19.6,116,1014.3,91,0.0,31.038137579037276,4
2025-07-20 22:00:00,27.6,80,24.0,31.1,0.0,17.9,121,1014.9,85,0.0,31.16216454159223,4
2025-07-20 23:00:00,27.2,81,23.8,30.8,0.0,15.9,113,1015.2,68,0.0,30.80942009428615,3
2025-07-21 00:00:00,26.8,84,23.9,30.7,0.0,14.7,108,1015.4,91,0.0,30.731616167507948,3
2025-07-21 01:00:00,26.6,86,24.0,30.8,0.0,13.3,108,1015.4,47,0.0,30.755697215660764,3
2025-07-21 02:00:00,26.4,87,24.1,30.9,0.0,11.4,108,1015.3,18,0.0,30.6399354190185,3
2025-07-21 03:00:00,26.0,91,24.4,31.0,0.0,9.3,105,1015.5,18,0.0,30.666570829625257,3
2025-07-21 04:00:00,25.8,93,24.5,30.8,0.0,10.0,97,1015.4,8,0.0,30.672700860616068,3
2025-07-21 05:00:00,25.6,94,24.5,30.4,0.0,11.4,94,1015.4,2,0.0,30.54552943174504,3
2025-07-21 06:00:00,25.8,93,24.6,30.5,0.0,11.9,100,1015.8,0,16.0,30.672700860616068,3
2025-07-21 07:00:00,26.6,89,24.6,31.3,0.0,12.6,107,1015.9,2,140.0,31.165005258067534,4
2025-07-21 08:00:00,27.3,85,24.6,31.8,0.0,13.5,99,1015.8,0,319.0,31.501856577892372,4
2025-07-21 09:00:00,28.0,82,24.6,32.1,0.0,16.1,103,1015.7,0,514.0,31.957857866735555,4
2025-07-21 10:00:00,29.0,78,24.8,33.5,0.0,18.7,103,1015.6,0,684.0,32.62140363291044,4
2025-07-21 11:00:00,29.6,74,24.6,34.7,0.0,18.7,108,1015.5,1,815.0,32.74215913828567,4
2025-07-21 12:00:00,29.9,75,25.0,35.5,0.0,19.1,101,1015.4,2,884.0,33.28622023198639,4
2025-07-21 13:00:00,30.2,73,24.9,35.7,0.0,19.5,102,1015.2,4,894.0,33.33484645407753,4
2025-07-21 14:00:00,30.5,72,24.9,36.0,0.0,17.8,102,1014.9,14,848.0,33.546084058758055,4
2025-07-21 15:00:00,30.2,73,24.8,35.4,0.0,17.0,95,1014.6,24,759.0,33.33484645407753,4
2025-07-21 16:00:00,29.7,75,24.9,34.5,0.0,15.2,84,1014.3,28,617.0,33.031440044175824,4
2025-07-21 17:00:00,29.1,76,24.5,33.4,0.0,14.5,85,1013.9,31,431.0,32.43329216941598,4
2025-07-21 18:00:00,28.2,79,24.2,32.5,0.0,13.7,79,1014.0,23,245.0,31.76377421377845,4
2025-07-21 19:00:00,27.4,81,23.9,31.3,0.0,14.2,75,1014.2,11,88.0,31.057435096800358,4
2025-07-21 20:00:00,26.9,82,23.5,30.5,0.0,14.7,72,1014.3,8,4.0,30.578812793729853,3
2025-07-21 21:00:00,26.6,84,23.6,30.4,0.0,14.4,77,1014.8,1,0.0,30.482825187389583,3
2025-07-21 22:00:00,26.7,85,23.9,31.2,0.0,10.5,77,1015.3,0,0.0,30.744287373046486,3
2025-07-21 23:00:00,26.3,86,23.7,30.4,0.0,12.2,70,1015.2,0,0.0,30.3803193263364,3
2025-07-22 00:00:00,26.1,83,23.0,29.5,0.0,14.4,78,1014.9,0,0.0,29.734378245316393,3
2025-07-22 01:00:00,26.1,80,22.5,29.2,0.0,14.9,91,1014.5,0,0.0,29.33694409187122,3
2025-07-22 02:00:00,26.2,80,22.4,29.1,0.0,15.2,106,1014.2,0,0.0,29.45632313125694,3
2025-07-22 03:00:00,26.1,82,22.9,29.5,0.0,14.0,110,1014.2,0,0.0,29.601900194168003,3
2025-07-22 04:00:00,25.8,86,23.4,29.6,0.0,13.0,104,1014.4,0,0.0,29.761639505515934,3
2025-07-22 05:00:00,25.5,90,23.8,29.4,0.0,13.9,96,1014.4,0,0.0,29.90597948026439,3
2025-07-22 06:00:00,25.6,91,24.0,29.7,0.0,13.8,97,1014.8,0,16.0,30.159667854136156,3
2025-07-22 07:00:00,26.5,87,24.1,30.9,0.0,12.2,98,1015.2,0,141.0,30.765856522712653,3
2025-07-22 08:00:00,27.4,81,23.9,31.6,0.0,12.7,106,1015.4,0,328.0,31.057435096800358,4
2025-07-22 09:00:00,28.2,77,23.8,32.2,0.0,13.6,107,1015.4,0,522.0,31.464169803303047,4
2025-07-22 10:00:00,29.2,73,23.9,34.0,0.0,13.9,114,1015.6,0,691.0,32.083164558040316,4
2025-07-22 11:00:00,29.8,70,23.6,34.9,0.0,14.6,112,1015.4,0,821.0,32.33718354223518,4
2025-07-22 12:00:00,30.2,67,23.4,35.6,0.0,14.9,113,1015.0,0,898.0,32.32623441675609,4
2025-07-22 13:00:00,30.5,65,23.2,36.0,0.0,14.7,110,1014.6,0,939.0,32.34902727526769,4
2025-07-22 14:00:00,30.6,62,22.5,35.8,0.0,13.9,107,1014.1,0,904.0,31.953361185737453,4
2025-07-22 15:00:00,30.8,58,21.6,34.9,0.0,13.5,104,1013.4,0,804.0,31.49315209013516,4
2025-07-22 16:00:00,30.6,57,21.3,33.9,0.0,12.7,96,1013.0,0,660.0,31.093428832048946,4
2025-07-22 17:00:00,29.6,64,22.0,32.6,0.0,13.3,92,1012.6,3,480.0,31.117975470949776,4
2025-07-22 18:00:00,28.0,72,22.5,31.3,0.0,13.7,85,1012.6,0,281.0,30.477143492743412,3
2025-07-22 19:00:00,27.0,78,22.8,30.1,0.0,14.9,75,1013.2,0,98.0,30.143741344417347,3
2025-07-22 20:00:00,26.6,80,22.9,29.9,0.0,14.7,70,1013.2,0,4.0,29.937081130847222,3
2025-07-22 21:00:00,26.6,79,22.8,29.9,0.0,14.1,71,1013.7,0,0.0,29.80064511671163,3
2025-07-22 22:00:00,26.9,81,23.3,30.9,0.0,11.2,84,1014.0,0,0.0,30.4399528816112,3
2025-07-22 23:00:00,26.6,82,23.4,30.8,0.0,10.4,89,1014.0,1,0.0,30.209953159118403,3
2025-07-23 00:00:00,26.5,82,23.1,30.6,0.0,10.1,91,1013.8,3,0.0,30.087675113361353,3
2025-07-23 01:00:00,26.4,81,22.8,30.3,0.0,9.7,92,1013.5,4,0.0,29.830891597017224,3
2025-07-23 02:00:00,26.1,81,22.6,29.9,0.0,10.1,86,1013.0,3,0.0,29.469422143019617,3
2025-07-23 03:00:00,25.8,84,22.8,29.5,0.0,11.6,77,1012.8,1,0.0,29.50133626120161,3
2025-07-23 04:00:00,25.5,87,23.1,29.2,0.0,12.6,79,1012.6,0,0.0,29.522396830922244,3
2025-07-23 05:00:00,25.2,89,23.3,29.1,0.0,12.8,79,1012.9,0,0.0,29.407278098648778,3
2025-07-23 06:00:00,25.3,89,23.4,29.0,0.0,13.9,86,1013.1,0,16.0,29.530545755495947,3
2025-07-23 07:00:00,26.4,87,24.0,30.3,0.0,14.2,99,1013.7,0,143.0,30.6399354190185,3
2025-07-23 08:00:00,27.3,82,23.9,31.1,0.0,15.3,107,1014.0,0,334.0,31.075406345731462,4
2025-07-23 09:00:00,28.0,78,23.8,31.8,0.0,14.9,105,1014.0,0,528.0,31.3655721171387,4
2025-07-23 10:00:00,29.1,70,23.1,33.0,0.0,17.1,108,1014.2,0,701.0,31.486429629725247,4
2025-07-23 11:00:00,29.6,68,23.0,34.1,0.0,17.2,111,1014.0,0,834.0,31.767648937884136,4
2025-07-23 12:00:00,30.2,66,23.0,35.3,0.0,16.2,113,1013.5,0,915.0,32.15813241053585,4
2025-07-23 13:00:00,30.8,63,22.9,35.9,0.0,15.6,112,1012.8,0,937.0,32.36294106342267,4
2025-07-23 14:00:00,31.4,59,22.4,36.1,0.0,15.0,110,1012.2,0,901.0,32.36321485748239,4
2025-07-23 15:00:00,31.5,56,21.6,35.4,0.0,14.5,105,1011.4,0,807.0,31.937224274941485,4
2025-07-23 16:00:00,31.2,55,21.0,34.3,0.0,13.4,98,1010.8,0,664.0,31.418169017835098,4
2025-07-23 17:00:00,30.5,58,21.4,33.3,0.0,12.4,93,1010.4,0,481.0,31.151970491777323,4
2025-07-23 18:00:00,29.2,65,22.0,32.1,0.0,13.8,97,1010.4,0,281.0,30.81338214072083,3
2025-07-23 19:00:00,27.9,72,22.4,30.8,0.0,15.4,96,1010.7,0,96.0,30.35860724314551,3
2025-07-23 20:00:00,27.4,76,22.8,30.5,0.0,15.7,96,1011.1,0,4.0,30.342519350084284,3
2025-07-23 21:00:00,27.2,79,23.4,30.8,0.0,14.7,101,1011.6,0,0.0,30.526777622822298,3
2025-07-23 22:00:00,27.9,77,23.5,31.7,0.0,13.9,121,1011.9,1,0.0,31.094670246141728,4
2025-07-23 23:00:00,27.8,77,23.3,31.6,0.0,12.8,125,1012.2,3,0.0,30.9721739962792,3
2025-07-24 00:00:00,27.4,80,23.6,31.3,0.0,12.9,122,1012.1,1,0.0,30.91445194745714,3
2025-07-24 01:00:00,26.9,84,23.9,30.9,0.0,13.5,113,1011.6,0,0.0,30.85653261796717,3
2025-07-24 02:00:00,26.6,85,23.8,30.5,0.0,13.9,114,1011.4,0,0.0,30.619261201525173,3
2025-07-24 03:00:00,26.4,86,23.9,30.6,0.0,12.3,105,1011.4,0,0.0,30.505094782018286,3
2025-07-24 04:00:00,26.1,88,24.0,30.4,0.0,12.4,104,1011.3,3,0.0,30.396768501058343,3
2025-07-24 05:00:00,26.1,89,24.0,30.2,0.0,13.7,107,1011.5,5,0.0,30.529246552206736,3
2025-07-24 06:00:00,26.2,89,24.1,30.3,0.0,14.3,104,1011.7,7,15.0,30.655676983523346,3
2025-07-24 07:00:00,27.0,85,24.2,31.2,0.0,14.1,103,1012.0,12,136.0,31.121474541993262,4
2025-07-24 08:00:00,27.7,81,24.2,31.7,0.0,15.0,110,1011.8,7,313.0,31.43204222463699,4
2025-07-24 09:00:00,28.4,78,24.1,32.2,0.0,16.4,113,1011.7,6,499.0,31.863743381451737,4
2025-07-24 10:00:00,29.5,73,24.1,33.9,0.0,17.0,114,1011.9,1,686.0,32.4550896499907,4
2025-07-24 11:00:00,30.4,66,23.4,34.8,0.0,18.2,117,1011.6,0,822.0,32.39908326764239,4
2025-07-24 12:00:00,31.1,61,22.6,35.5,0.0,18.6,116,1011.1,0,905.0,32.367747652125004,4
2025-07-24 13:00:00,31.7,57,22.1,35.9,0.0,18.3,113,1010.5,0,928.0,32.34910638914507,4
2025-07-24 14:00:00,32.0,55,21.9,35.8,0.0,18.6,112,1009.9,1,890.0,32.325181798222516,4
2025-07-24 15:00:00,31.9,56,22.0,35.3,0.0,18.7,111,1009.5,1,792.0,32.39598069485922,4
2025-07-24 16:00:00,31.2,61,22.8,34.2,0.0,19.6,107,1009.1,0,645.0,32.48592563796256,4
2025-07-24 17:00:00,30.2,66,23.2,32.9,0.0,20.1,105,1008.7,0,464.0,32.15813241053585,4
2025-07-24 18:00:00,29.2,71,23.5,32.4,0.0,18.1,100,1008.8,2,268.0,31.765718953710447,4
2025-07-24 19:00:00,28.5,76,23.9,32.1,0.0,16.6,92,1009.2,3,90.0,31.68428427786775,4
2025-07-24 20:00:00,28.5,74,23.5,32.0,0.0,16.1,108,1009.7,7,3.0,31.379421533713337,4
2025-07-24 21:00:00,28.5,73,23.3,31.7,0.0,16.8,123,1010.2,4,0.0,31.226990161636127,4
2025-07-24 22:00:00,28.8,74,23.6,32.4,0.0,15.0,127,1010.6,1,0.0,31.747044960451024,4
2025-07-24 23:00:00,28.3,76,23.8,32.0,0.0,15.5,132,1010.8,1,0.0,31.437337184362246,4
2025-07-25 00:00:00,27.9,79,24.0,31.8,0.0,15.1,123,1010.5,1,0.0,31.389095447340214,4
2025-07-25 01:00:00,27.5,81,24.0,31.4,0.0,15.6,119,1009.9,3,0.0,31.181958048775243,4
2025-07-25 02:00:00,27.2,82,24.0,31.0,0.0,15.7,118,1009.5,9,0.0,30.950741330018076,3
2025-07-25 03:00:00,27.1,82,23.8,30.7,0.0,16.4,115,1009.3,12,0.0,30.82642171676577,3
2025-07-25 04:00:00,27.0,83,23.8,30.5,0.0,16.9,110,1009.2,22,0.0,30.84212219982871,3
2025-07-25 05:00:00,26.7,85,24.0,30.3,0.0,17.3,106,1009.2,12,0.0,30.744287373046486,3
2025-07-25 06:00:00,26.8,84,23.9,30.3,0.0,17.6,105,1009.5,5,14.0,30.731616167507948,3
2025-07-25 07:00:00,27.4,81,23.9,30.8,0.0,17.6,106,1009.8,2,133.0,31.057435096800358,4
2025-07-25 08:00:00,28.0,78,23.7,31.3,0.0,17.8,106,1009.8,0,322.0,31.3655721171387,4
2025-07-25 09:00:00,29.1,71,23.2,31.7,0.0,20.8,111,1009.8,0,517.0,31.64424005300704,4
2025-07-25 10:00:00,31.0,57,21.4,32.9,0.0,22.8,109,1010.3,2,686.0,31.54607754709949,4
2025-07-25 11:00:00,31.5,56,21.7,34.2,0.0,22.3,115,1009.9,7,815.0,31.937224274941485,4
2025-07-25 12:00:00,31.8,55,21.7,34.7,0.0,23.5,120,1009.6,7,887.0,32.09675173432358,4
2025-07-25 13:00:00,32.1,54,21.8,35.3,0.0,22.9,119,1009.0,8,920.0,32.25256449280218,4
2025-07-25 14:00:00,32.2,55,22.0,35.4,0.0,21.7,119,1008.5,14,872.0,32.55474518056314,4
2025-07-25 15:00:00,31.9,57,22.2,34.8,0.0,22.4,119,1008.4,2,779.0,32.581135707267414,4
2025-07-25 16:00:00,30.9,62,22.9,33.6,0.0,21.7,114,1008.1,5,642.0,32.307249619215376,4
2025-07-25 17:00:00,30.0,68,23.5,32.8,0.0,20.7,115,1007.8,1,454.0,32.250821021901416,4
2025-07-25 18:00:00,29.4,70,23.5,32.3,0.0,19.3,124,1007.8,2,265.0,31.849093512303785,4
2025-07-25 19:00:00,28.5,74,23.4,31.7,0.0,17.2,127,1008.2,1,89.0,31.379421533713337,4
2025-07-25 20:00:00,28.3,75,23.5,31.7,0.0,16.2,126,1008.6,1,3.0,31.286663010883792,4
2025-07-25 21:00:00,28.1,75,23.3,31.4,0.0,16.6,120,1009.1,3,0.0,31.042797456654316,4
2025-07-25 22:00:00,28.4,76,23.9,32.1,0.0,15.7,133,1010.0,14,0.0,31.56064226910682,4
2025-07-25 23:00:00,27.4,79,23.4,30.7,0.0,16.4,136,1010.0,4,0.0,30.771468798113926,3
2025-07-26 00:00:00,26.8,82,23.5,30.2,0.0,16.1,130,1009.7,4,0.0,30.45552054447204,3
2025-07-26 01:00:00,26.6,83,23.6,30.1,0.0,16.4,122,1008.9,5,0.0,30.346389173253993,3
2025-07-26 02:00:00,26.5,83,23.5,29.8,0.0,16.7,118,1008.3,6,0.0,30.22331139523161,3
2025-07-26 03:00:00,26.6,82,23.3,29.9,0.0,16.4,116,1007.9,1,0.0,30.209953159118403,3
2025-07-26 04:00:00,26.9,81,23.3,29.8,0.0,19.0,121,1007.7,14,0.0,30.4399528816112,3
2025-07-26 05:00:00,26.9,80,23.2,29.8,0.0,18.7,115,1007.6,10,0.0,30.30109296949254,3
2025-07-26 06:00:00,26.9,81,23.4,30.0,0.0,17.8,110,1007.8,13,13.0,30.4399528816112,3
2025-07-26 07:00:00,27.5,79,23.6,30.5,0.0,19.6,110,1008.2,17,124.0,30.894317109299312,3
2025-07-26 08:00:00,28.2,75,23.4,31.0,0.0,20.4,108,1008.4,19,290.0,31.164565392827644,4
2025-07-26 09:00:00,29.1,70,23.1,31.4,0.0,22.8,111,1008.4,34,471.0,31.486429629725247,4
2025-07-26 10:00:00,30.9,62,22.6,33.2,0.0,24.1,114,1008.6,22,665.0,32.307249619215376,4
2025-07-26 11:00:00,30.9,63,23.0,33.3,0.0,26.3,119,1008.6,27,732.0,32.4822004195253,4
2025-07-26 12:00:00,31.0,63,23.1,34.3,0.0,24.1,118,1008.5,14,809.0,32.60176992047838,4
2025-07-26 13:00:00,31.3,61,22.8,34.4,0.0,24.4,116,1008.1,20,837.0,32.6044076750062,4
2025-07-26 14:00:00,31.2,61,22.9,34.2,0.0,25.1,115,1007.4,19,819.0,32.48592563796256,4
2025-07-26 15:00:00,31.2,61,23.0,33.8,0.0,25.3,121,1006.9,10,719.0,32.48592563796256,4
2025-07-26 16:00:00,31.1,62,23.0,33.4,0.0,23.7,120,1006.4,5,615.0,32.54469925297952,4
2025-07-26 17:00:00,30.6,64,23.0,33.1,0.0,21.1,116,1006.2,2,452.0,32.29733412721285,4
2025-07-26 18:00:00,30.0,67,23.1,32.8,0.0,18.6,113,1006.2,1,262.0,32.08463247746169,4
2025-07-26 19:00:00,29.0,72,23.4,32.2,0.0,18.0,117,1006.3,3,87.0,31.67998796884041,4
2025-07-26 20:00:00,28.8,72,23.3,31.3,0.0,21.7,117,1006.9,2,3.0,31.436843745303698,4
2025-07-26 21:00:00,28.4,74,23.4,30.6,0.0,24.3,118,1007.3,7,0.0,31.257541156761906,4
2025-07-26 22:00:00,28.3,74,23.2,30.8,0.0,21.3,133,1007.7,2,0.0,31.135988837405346,4
2025-07-26 23:00:00,28.4,75,23.4,30.1,0.0,27.5,122,1007.9,1,0.0,31.409091712934362,4
2025-07-27 00:00:00,27.9,77,23.5,30.1,0.0,24.8,120,1008.0,16,0.0,31.094670246141728,4
2025-07-27 01:00:00,27.5,80,23.8,30.1,0.0,22.3,120,1007.5,5,0.0,31.038137579037276,4
2025-07-27 02:00:00,27.1,81,23.5,29.8,0.0,21.3,116,1007.0,5,0.0,30.68592511046375,3
2025-07-27 03:00:00,27.0,79,23.1,29.4,0.0,22.1,112,1006.9,11,0.0,30.283417515499618,3
2025-07-27 04:00:00,26.9,80,23.1,29.2,0.0,22.3,112,1006.6,12,0.0,30.30109296949254,3
2025-07-27 05:00:00,26.9,80,23.2,29.3,0.0,22.3,112,1006.4,16,0.0,30.30109296949254,3
2025-07-27 06:00:00,27.2,78,23.0,29.4,0.0,22.8,112,1006.6,11,12.0,30.38545638709037,3
2025-07-27 07:00:00,27.9,74,22.8,30.0,0.0,22.2,114,1006.5,6,129.0,30.653032444344,3
2025-07-27 08:00:00,28.7,68,22.2,30.2,0.0,24.5,110,1006.6,2,319.0,30.6989337626859,3
2025-07-27 09:00:00,29.5,64,22.0,30.6,0.0,26.1,110,1006.6,5,511.0,31.001701884923357,4
2025-07-27 10:00:00,31.0,56,21.3,32.3,0.0,26.1,111,1006.7,5,679.0,31.37012881820301,4
2025-07-27 11:00:00,31.5,55,21.5,33.7,0.0,25.5,111,1006.3,2,813.0,31.75621134146039,4
2025-07-27 12:00:00,32.1,54,21.6,34.7,0.0,25.3,113,1006.1,0,898.0,32.25256449280218,4
2025-07-27 13:00:00,32.4,53,21.6,35.0,0.0,26.0,116,1005.9,3,924.0,32.404554806745054,4
2025-07-27 14:00:00,32.5,54,21.9,35.3,0.0,24.2,117,1005.5,4,877.0,32.70971319243935,4
2025-07-27 15:00:00,32.0,55,21.9,34.4,0.0,24.0,121,1005.4,8,779.0,32.325181798222516,4
2025-07-27 16:00:00,31.3,59,22.4,33.3,0.0,24.1,120,1005.3,7,628.0,32.24646316107157,4
2025-07-27 17:00:00,30.5,64,23.0,32.8,0.0,22.0,116,1005.1,0,453.0,32.178019163340494,4
2025-07-27 18:00:00,30.0,67,23.1,32.7,0.0,20.0,121,1004.9,0,265.0,32.08463247746169,4
2025-07-27 19:00:00,29.3,70,23.1,31.9,0.0,20.1,132,1005.0,0,88.0,31.727883661420673,4
2025-07-27 20:00:00,28.7,73,23.4,31.1,0.0,22.6,139,1005.2,0,2.0,31.469965657001037,4
2025-07-27 21:00:00,28.4,74,23.4,30.8,0.0,22.5,139,1005.5,0,0.0,31.257541156761906,4
2025-07-27 22:00:00,28.4,75,23.5,31.8,0.0,16.5,134,1005.7,0,0.0,31.409091712934362,4
2025-07-27 23:00:00,28.2,75,23.4,31.5,0.0,16.7,128,1005.9,0,0.0,31.164565392827644,4
2025-07-28 00:00:00,27.8,77,23.4,31.3,0.0,14.8,114,1005.9,1,0.0,30.9721739962792,3
2025-07-28 01:00:00,27.4,80,23.5,31.0,0.0,14.4,110,1005.7,4,0.0,30.91445194745714,3
2025-07-28 02:00:00,27.1,82,23.7,31.0,0.0,14.1,111,1005.7,12,0.0,30.82642171676577,3
2025-07-28 03:00:00,27.0,82,23.7,30.8,0.0,13.8,108,1005.8,12,0.0,30.70244602874644,3
2025-07-28 04:00:00,26.8,83,23.6,30.6,0.0,14.3,111,1005.4,5,0.0,30.593568355989994,3
2025-07-28 05:00:00,26.6,83,23.6,30.3,0.0,15.4,116,1005.1,3,0.0,30.346389173253993,3
2025-07-28 06:00:00,26.6,83,23.5,30.2,0.0,14.9,112,1004.8,0,13.0,30.346389173253993,3
2025-07-28 07:00:00,27.4,79,23.5,30.9,0.0,15.3,112,1005.0,0,135.0,30.771468798113926,3
2025-07-28 08:00:00,28.1,75,23.2,31.6,0.0,15.2,114,1005.1,0,321.0,31.042797456654316,4
2025-07-28 09:00:00,29.0,70,22.9,32.1,0.0,15.9,121,1005.4,5,521.0,31.36618274748373,4
2025-07-28 10:00:00,30.1,61,21.9,33.4,0.0,16.1,118,1004.9,0,699.0,31.202416559786307,4
2025-07-28 11:00:00,30.9,56,21.2,34.3,0.0,17.4,122,1004.5,0,833.0,31.257544817355825,4
2025-07-28 12:00:00,31.7,52,20.6,35.0,0.0,18.4,124,1003.9,0,916.0,31.43373740764112,4
2025-07-28 13:00:00,32.2,49,20.3,35.5,0.0,18.6,125,1003.3,0,940.0,31.424852979047156,4
2025-07-28 14:00:00,32.6,47,19.9,35.4,0.0,18.7,131,1002.9,0,901.0,31.47649339627143,4
2025-07-28 15:00:00,33.0,45,19.5,35.3,0.0,17.2,130,1002.4,0,803.0,31.5147886506814,4
2025-07-28 16:00:00,32.9,45,19.5,34.7,0.0,16.1,127,1001.6,0,656.0,31.40855406691819,4
2025-07-28 17:00:00,32.2,49,20.1,33.8,0.0,16.0,125,1001.0,1,472.0,31.424852979047156,4
2025-07-28 18:00:00,31.0,58,21.7,33.4,0.0,16.5,129,1000.8,0,272.0,31.72202627599597,4
2025-07-28 19:00:00,29.8,67,22.9,33.2,0.0,13.7,123,1000.9,0,90.0,31.84430139042511,4
2025-07-28 20:00:00,29.3,70,23.2,33.2,0.0,11.7,121,1001.3,0,2.0,31.727883661420673,4
2025-07-28 21:00:00,29.0,72,23.4,33.1,0.0,10.7,131,1002.0,0,0.0,31.67998796884041,4
2025-07-28 22:00:00,28.3,76,23.6,32.8,0.0,9.2,94,1002.3,0,0.0,31.437337184362246,4
2025-07-28 23:00:00,27.9,77,23.6,32.4,0.0,9.1,99,1002.5,0,0.0,31.094670246141728,4
2025-07-29 00:00:00,27.5,79,23.5,32.0,0.0,9.2,94,1002.4,0,0.0,30.894317109299312,3
2025-07-29 01:00:00,27.2,80,23.5,31.5,0.0,10.1,85,1002.1,0,0.0,30.66809885855422,3
2025-07-29 02:00:00,26.8,82,23.5,31.0,0.0,11.0,87,1001.9,0,0.0,30.45552054447204,3
2025-07-29 03:00:00,26.4,86,24.0,30.7,0.0,12.3,97,1002.1,0,0.0,30.505094782018286,3
2025-07-29 04:00:00,26.3,88,24.1,30.6,0.0,12.8,101,1002.1,4,0.0,30.648417450204693,3
2025-07-29 05:00:00,26.0,90,24.2,30.4,0.0,12.5,98,1002.1,1,0.0,30.534872249079925,3
2025-07-29 06:00:00,26.1,89,24.2,30.4,0.0,12.9,97,1002.5,5,12.0,30.529246552206736,3
2025-07-29 07:00:00,27.1,83,24.0,31.1,0.0,14.1,101,1002.6,5,130.0,30.96691832306779,3
2025-07-29 08:00:00,28.0,78,23.9,31.7,0.0,15.5,108,1002.5,16,315.0,31.3655721171387,4
2025-07-29 09:00:00,28.8,74,23.7,32.4,0.0,15.9,110,1002.3,9,509.0,31.747044960451024,4
2025-07-29 10:00:00,29.8,69,23.5,33.8,0.0,16.9,112,1002.3,0,694.0,32.17288949163182,4
2025-07-29 11:00:00,30.6,64,23.0,35.0,0.0,17.8,117,1002.0,0,834.0,32.29733412721285,4
2025-07-29 12:00:00,31.5,57,21.9,35.4,0.0,18.9,118,1001.7,0,918.0,32.11823720842258,4
2025-07-29 13:00:00,32.2,52,21.0,35.8,0.0,18.5,119,1001.1,0,943.0,31.98979907980515,4
2025-07-29 14:00:00,32.5,49,20.3,35.7,0.0,18.3,119,1000.6,0,908.0,31.75210085980608,4
2025-07-29 15:00:00,33.0,42,18.5,34.8,0.0,17.7,119,1000.3,0,811.0,30.923869407302643,3
2025-07-29 16:00:00,33.1,40,17.7,34.1,0.0,16.1,118,999.9,0,661.0,30.63086863791265,3
2025-07-29 17:00:00,32.3,48,20.0,33.7,0.0,17.3,109,999.8,0,477.0,31.344300535646706,4
2025-07-29 18:00:00,30.6,61,22.2,33.3,0.0,16.5,100,999.7,0,274.0,31.78137471499975,4
2025-07-29 19:00:00,29.1,71,23.4,32.7,0.0,14.9,89,1000.0,0,89.0,31.64424005300704,4
2025-07-29 20:00:00,28.4,75,23.5,32.1,0.0,14.3,84,1000.5,0,2.0,31.409091712934362,4
2025-07-29 21:00:00,28.1,75,23.2,31.8,0.0,13.3,81,1001.4,0,0.0,31.042797456654316,4
2025-07-29 22:00:00,28.0,79,23.9,32.3,0.0,11.9,80,1001.3,0,0.0,31.51364355453791,4
2025-07-29 23:00:00,27.9,77,23.5,32.0,0.0,11.3,90,1001.5,0,0.0,31.094670246141728,4
2025-07-30 00:00:00,27.7,74,22.8,31.6,0.0,10.1,90,1001.7,0,0.0,30.413486723742434,3
2025-07-30 01:00:00,27.5,73,22.1,31.1,0.0,9.6,85,1001.4,0,0.0,30.031394290871514,3
2025-07-30 02:00:00,27.0,74,22.0,30.3,0.0,11.0,88,1001.2,0,0.0,29.585036660088253,3
2025-07-30 03:00:00,26.5,77,22.1,29.4,0.0,13.6,82,1001.0,0,0.0,29.40949370401005,3
2025-07-30 04:00:00,25.8,83,22.7,29.0,0.0,14.3,83,1001.0,0,0.0,29.371184639044447,3
2025-07-30 05:00:00,25.4,88,23.2,29.0,0.0,13.9,86,1001.3,0,0.0,29.527053597936476,3
2025-07-30 06:00:00,25.5,89,23.5,29.2,0.0,13.8,83,1001.7,1,12.0,29.77811859715034,3
2025-07-30 07:00:00,26.6,82,23.2,30.1,0.0,15.0,93,1002.1,2,133.0,30.209953159118403,3
2025-07-30 08:00:00,27.7,73,22.4,30.4,0.0,16.5,104,1001.7,3,322.0,30.26797879504321,3
2025-07-30 09:00:00,28.5,68,22.0,30.9,0.0,17.2,108,1001.5,1,526.0,30.464833301250092,3
2025-07-30 10:00:00,29.4,63,21.6,32.4,0.0,16.9,115,1002.1,22,705.0,30.725164161073405,3
2025-07-30 11:00:00,30.1,60,21.4,33.3,0.0,19.5,116,1001.7,14,842.0,31.03527366536358,4
2025-07-30 12:00:00,31.0,54,20.7,33.9,0.0,21.1,116,1001.6,42,924.0,31.018231360410045,4
2025-07-30 13:00:00,31.7,49,19.8,34.1,0.0,22.1,116,1001.2,55,947.0,30.884516018738747,3
2025-07-30 14:00:00,32.5,43,18.2,34.1,0.0,21.5,116,1001.0,85,910.0,30.60296606064615,3
2025-07-30 15:00:00,32.5,44,18.5,33.8,0.0,21.1,114,1000.5,79,810.0,30.794488527172806,3
2025-07-30 16:00:00,31.9,50,20.3,33.2,0.0,21.5,109,1000.4,6,658.0,31.285050620410015,4
2025-07-30 17:00:00,31.0,55,21.0,32.3,0.0,20.9,105,1000.2,5,474.0,31.194180089306524,4
2025-07-30 18:00:00,29.9,60,21.2,31.6,0.0,19.1,102,1000.3,5,272.0,30.807636185589114,3
2025-07-30 19:00:00,28.7,67,21.9,31.2,0.0,16.4,91,1000.9,0,88.0,30.54472738382287,3
2025-07-30 20:00:00,28.3,66,21.3,30.7,0.0,14.5,83,1001.5,0,2.0,29.93059544957774,3
2025-07-30 21:00:00,28.2,65,21.0,30.6,0.0,13.6,84,1002.3,19,0.0,29.666543340450627,3
2025-07-30 22:00:00,28.0,68,21.6,30.7,0.0,14.1,80,1002.5,15,0.0,29.884857743146558,3
2025-07-30 23:00:00,27.9,68,21.4,30.8,0.0,11.9,80,1002.6,31,0.0,29.76975684074854,3
2025-07-31 00:00:00,27.5,68,21.2,30.4,0.0,11.3,77,1002.7,43,0.0,29.312291942181684,3
2025-07-31 01:00:00,27.2,70,21.2,30.1,0.0,10.8,79,1002.4,92,0.0,29.254886501234946,3
2025-07-31 02:00:00,27.0,72,21.5,30.0,0.0,11.2,91,1002.3,87,0.0,29.305684317923703,3
2025-07-31 03:00:00,26.9,73,21.5,29.8,0.0,11.9,95,1002.4,20,0.0,29.329073584661945,3
2025-07-31 04:00:00,26.7,74,21.6,29.8,0.0,10.8,94,1002.4,37,0.0,29.234649007122822,3
2025-07-31 05:00:00,26.4,77,22.1,29.9,0.0,10.4,90,1002.7,80,0.0,29.291529049016372,3
2025-07-31 06:00:00,26.4,80,22.6,30.1,0.0,10.8,90,1003.1,62,11.0,29.69605096001701,3
2025-07-31 07:00:00,27.4,77,23.0,31.2,0.0,11.3,108,1003.3,95,131.0,30.4855024994275,3
2025-07-31 08:00:00,28.2,73,22.8,31.8,0.0,12.2,118,1003.6,99,316.0,30.86496098235224,3
2025-07-31 09:00:00,29.0,69,22.8,32.4,0.0,13.0,112,1003.5,97,511.0,31.209280136805393,4
2025-07-31 10:00:00,30.5,60,21.9,34.2,0.0,13.7,118,1003.6,100,691.0,31.493986715631713,4
2025-07-31 11:00:00,31.6,54,21.0,35.3,0.0,14.9,121,1003.5,100,822.0,31.6874048843484,4
2025-07-31 12:00:00,32.3,48,20.0,36.1,0.0,13.6,114,1003.1,100,901.0,31.344300535646706,4
2025-07-31 13:00:00,32.9,44,18.9,36.7,0.0,11.8,115,1002.6,100,944.0,31.212681754320005,4
2025-07-31 14:00:00,33.6,38,17.2,36.4,0.0,11.9,122,1002.1,72,911.0,30.73146378423419,3
2025-07-31 15:00:00,33.8,36,16.5,35.7,0.0,12.3,129,1001.6,22,808.0,30.51967341308379,3
2025-07-31 16:00:00,33.7,39,17.7,35.1,0.0,13.3,131,1001.0,23,653.0,31.036267910889283,4
2025-07-31 17:00:00,33.2,43,19.0,34.8,0.0,12.3,117,1001.0,12,466.0,31.329601773950372,4
2025-07-31 18:00:00,32.2,50,20.5,34.5,0.0,12.1,101,1001.2,10,263.0,31.61316834596649,4
2025-07-31 19:00:00,31.1,56,21.2,34.1,0.0,10.8,93,1001.4,3,83.0,31.482989647852467,4
2025-07-31 20:00:00,30.3,61,22.0,33.7,0.0,10.4,82,1001.9,2,2.0,31.433119884279325,4
2025-07-31 21:00:00,29.6,66,22.7,33.5,0.0,10.3,74,1002.4,1,0.0,31.442812204416953,4
2025-07-31 22:00:00,29.4,65,22.0,33.1,0.0,8.3,63,1002.7,0,0.0,31.046286832853514,4
2025-07-31 23:00:00,28.9,68,22.4,32.9,0.0,7.9,66,1003.0,1,0.0,30.934255470502745,3
2025-08-01 00:00:00,28.5,71,22.8,32.7,0.0,7.8,64,1002.9,4,0.0,30.922127417481715,3
2025-08-01 01:00:00,28.0,74,23.0,32.3,0.0,8.2,64,1002.6,3,0.0,30.77328636754184,3
2025-08-01 02:00:00,27.6,76,23.0,31.7,0.0,9.1,69,1002.0,2,0.0,30.583516314512618,3
2025-08-01 03:00:00,27.1,78,23.0,31.3,0.0,9.0,67,1001.6,0,0.0,30.264435291557685,3
2025-08-01 04:00:00,26.7,80,23.0,30.9,0.0,8.9,63,1001.6,0,0.0,30.058088115808456,3
2025-08-01 05:00:00,26.2,81,22.8,30.3,0.0,8.9,58,1001.5,0,0.0,29.589584670397652,3
2025-08-01 06:00:00,26.1,81,22.6,30.1,0.0,9.1,60,1001.9,0,11.0,29.469422143019617,3
2025-08-01 07:00:00,27.4,77,23.0,31.7,0.0,8.5,63,1002.1,0,131.0,30.4855024994275,3
2025-08-01 08:00:00,29.2,70,23.3,33.8,0.0,7.8,82,1002.0,0,323.0,31.606996151545513,4
2025-08-01 09:00:00,30.8,64,23.1,35.3,0.0,7.3,113,1002.1,0,520.0,32.53689885808017,4
2025-08-01 10:00:00,31.8,59,22.8,37.0,0.0,6.5,138,1002.5,0,695.0,32.83319913318348,4
2025-08-01 11:00:00,32.3,56,22.5,38.3,0.0,6.7,156,1002.3,0,827.0,32.859333958254496,4
2025-08-01 12:00:00,32.8,53,22.0,38.6,0.0,8.3,167,1001.9,4,905.0,32.8607750940463,4
2025-08-01 13:00:00,32.8,53,21.9,38.0,0.0,10.3,173,1001.4,16,870.0,32.8607750940463,4
2025-08-01 14:00:00,32.9,54,22.4,37.8,0.0,10.6,195,1000.8,7,789.0,33.17140488030182,4
2025-08-01 15:00:00,33.2,51,21.9,37.4,0.0,12.6,205,1000.3,7,750.0,32.923127685383,4
2025-08-01 16:00:00,33.1,54,22.6,37.2,0.0,10.3,202,1000.1,9,609.0,33.403977661182076,4
2025-08-01 17:00:00,33.0,58,23.5,38.1,0.0,4.8,217,999.9,10,431.0,34.07543870532269,4
2025-08-01 18:00:00,32.5,59,23.5,37.5,0.0,6.2,311,1000.0,8,245.0,33.66732552507263,4
2025-08-01 19:00:00,31.5,63,23.5,35.5,0.0,11.4,353,1000.4,1,79.0,33.20431480930917,4
2025-08-01 20:00:00,30.1,68,23.5,34.1,0.0,11.9,11,1000.9,1,1.0,32.37241682074539,4
2025-08-01 21:00:00,29.2,72,23.6,33.6,0.0,10.2,17,1001.5,1,0.0,31.92444175587538,4
2025-08-01 22:00:00,27.9,79,24.0,32.8,0.0,7.6,360,1001.4,0,0.0,31.389095447340214,4
2025-08-01 23:00:00,27.2,82,24.0,32.5,0.0,5.5,328,1001.8,0,0.0,30.950741330018076,3
2025-08-02 00:00:00,26.8,86,24.2,32.1,0.0,6.4,299,1002.1,0,0.0,31.007711790543848,4
2025-08-02 01:00:00,26.4,90,24.5,31.5,0.0,8.4,304,1002.0,1,0.0,31.04445733001914,4
2025-08-02 02:00:00,25.9,92,24.5,30.8,0.0,10.3,314,1001.9,0,0.0,30.67022611808896,3
2025-08-02 03:00:00,25.9,91,24.2,30.4,0.0,11.8,343,1001.4,5,0.0,30.53930300810973,3
2025-08-02 04:00:00,25.9,90,24.1,30.7,0.0,9.7,349,1001.1,6,0.0,30.408379898130505,3
2025-08-02 05:00:00,25.8,91,24.2,31.0,0.0,6.5,332,1001.3,1,0.0,30.412397616301742,3
2025-08-02 06:00:00,25.8,91,24.2,31.2,0.0,6.0,314,1001.6,0,10.0,30.412397616301742,3
2025-08-02 07:00:00,27.1,84,24.1,32.2,0.0,7.7,309,1001.9,3,130.0,31.107414929369813,4
2025-08-02 08:00:00,29.0,74,23.9,33.6,0.0,9.4,317,1002.0,3,322.0,31.99379319019709,4
2025-08-02 09:00:00,31.1,60,22.5,35.1,0.0,8.7,330,1001.7,1,520.0,32.1907960512705,4
2025-08-02 10:00:00,32.8,54,22.4,37.8,0.0,6.7,284,1002.0,1,694.0,33.05555198261322,4
2025-08-02 11:00:00,34.2,48,21.5,39.5,0.0,7.4,271,1001.6,0,830.0,33.440544548462476,4
2025-08-02 12:00:00,35.1,44,21.2,40.3,0.0,9.4,266,1001.2,0,911.0,33.581672945613796,4
2025-08-02 13:00:00,35.2,47,22.0,40.6,0.0,11.3,268,1000.7,0,931.0,34.359989373326094,4
2025-08-02 14:00:00,35.3,48,22.7,40.8,0.0,11.9,275,1000.4,0,888.0,34.6983091872163,4
2025-08-02 15:00:00,35.5,45,21.6,39.9,0.0,11.4,288,1000.2,0,788.0,34.251740941158836,4
2025-08-02 16:00:00,35.2,40,19.7,37.9,0.0,11.1,312,999.8,0,644.0,32.80188031772433,4
2025-08-02 17:00:00,33.7,45,20.1,35.8,0.0,12.2,336,999.7,0,465.0,32.26524758948763,4
2025-08-02 18:00:00,32.0,52,20.8,34.5,0.0,11.6,342,999.9,14,266.0,31.766571881955834,4
2025-08-02 19:00:00,30.0,60,21.4,32.9,0.0,11.1,340,1000.3,17,82.0,30.921312666383603,3
2025-08-02 20:00:00,28.5,67,21.9,32.1,0.0,8.7,333,1000.6,0,1.0,30.31240192917289,3
2025-08-02 21:00:00,27.9,69,21.8,31.5,0.0,8.2,308,1001.2,99,0.0,29.91696944134778,3
2025-08-02 22:00:00,27.8,70,21.8,31.4,0.0,7.6,292,1001.4,56,0.0,29.947667269344723,3
2025-08-02 23:00:00,27.4,75,22.5,31.3,0.0,8.7,283,1001.9,54,0.0,30.19953620074107,3
2025-08-03 00:00:00,26.9,80,23.2,31.1,0.0,9.5,284,1002.0,0,0.0,30.30109296949254,3
2025-08-03 01:00:00,26.4,85,23.5,30.8,0.0,9.3,286,1001.9,94,0.0,30.370254145018077,3
2025-08-03 02:00:00,25.9,88,23.9,30.7,0.0,8.5,283,1001.7,51,0.0,30.14653367817205,3
2025-08-03 03:00:00,25.5,94,24.4,30.3,0.0,10.3,285,1001.6,65,0.0,30.41742301272058,3
2025-08-03 04:00:00,25.1,94,24.1,29.7,0.0,11.0,293,1001.8,96,0.0,29.90866069969871,3
2025-08-03 05:00:00,25.0,91,23.5,29.3,0.0,9.9,305,1002.0,98,0.0,29.41001488623894,3
2025-08-03 06:00:00,25.0,90,23.3,29.4,0.0,8.4,304,1002.5,100,9.0,29.28589384353302,3
2025-08-03 07:00:00,26.4,86,23.9,31.4,0.0,6.7,294,1002.8,82,115.0,30.505094782018286,3
2025-08-03 08:00:00,28.1,77,23.7,33.3,0.0,5.2,286,1002.7,28,300.0,31.3406667221651,4
2025-08-03 09:00:00,29.8,69,23.5,34.8,0.0,5.4,256,1002.6,94,511.0,32.17288949163182,4
2025-08-03 10:00:00,30.6,66,23.5,35.5,0.0,9.4,257,1003.1,100,638.0,32.64130706868825,4
2025-08-03 11:00:00,31.9,60,23.0,37.5,0.0,8.6,231,1002.6,100,767.0,33.136600744492014,4
2025-08-03 12:00:00,32.7,55,22.4,37.9,0.0,9.5,216,1002.3,100,807.0,33.13367330178168,4
2025-08-03 13:00:00,33.6,49,21.5,39.1,0.0,6.8,215,1001.9,99,858.0,32.97206645861777,4
2025-08-03 14:00:00,34.6,45,20.9,40.1,0.0,5.3,198,1001.6,0,869.0,33.24806031558511,4
2025-08-03 15:00:00,35.0,41,19.6,38.8,0.0,9.1,240,1001.6,22,787.0,32.810939889386155,4
2025-08-03 16:00:00,34.3,41,19.4,36.4,0.0,12.9,249,1001.5,57,631.0,32.07105679528078,4
2025-08-03 17:00:00,33.5,42,19.0,35.1,0.0,12.3,249,1001.3,33,384.0,31.44192997463853,4
2025-08-03 18:00:00,33.0,43,18.6,34.5,0.0,11.8,258,1001.6,10,251.0,31.120842488428895,4
2025-08-03 19:00:00,31.8,44,18.1,33.1,0.0,11.2,267,1002.3,80,75.0,30.07152138745887,3
2025-08-03 20:00:00,30.9,49,18.8,33.0,0.0,8.3,270,1002.8,59,1.0,30.032889215186348,3
2025-08-03 21:00:00,30.2,54,20.0,32.8,0.0,8.3,269,1003.4,99,0.0,30.14090833589297,3
2025-08-03 22:00:00,30.0,59,21.1,33.7,0.0,5.2,282,1003.5,90,0.0,30.755124121943876,3
2025-08-03 23:00:00,29.3,63,21.6,33.6,0.0,2.8,285,1004.1,89,0.0,30.610405295278603,3
2025-08-04 00:00:00,28.6,72,23.1,34.1,0.0,1.2,51,1004.2,91,0.0,31.194998080934944,4
2025-08-04 01:00:00,28.0,72,22.5,32.8,0.0,2.8,165,1004.0,93,0.0,30.477143492743412,3
2025-08-04 02:00:00,28.0,73,22.7,32.4,0.0,6.5,186,1003.5,71,0.0,30.625214930142626,3
2025-08-04 03:00:00,27.9,76,23.1,32.9,0.0,4.0,183,1003.5,30,0.0,30.947457645542485,3
2025-08-04 04:00:00,28.1,80,24.3,33.1,0.0,8.5,126,1003.8,25,0.0,31.787470620431268,4
2025-08-04 05:00:00,27.9,84,24.8,33.1,0.0,9.6,139,1004.0,100,0.0,32.12515845033643,4
2025-08-04 06:00:00,28.3,74,23.2,32.2,0.0,11.9,151,1004.0,100,5.0,31.135988837405346,4
2025-08-04 07:00:00,29.0,69,22.8,32.1,0.0,14.9,148,1004.2,84,89.0,31.209280136805393,4
2025-08-04 08:00:00,29.8,69,23.5,33.3,0.1,15.2,153,1004.2,85,278.0,32.17288949163182,4
2025-08-04 09:00:00,28.2,78,24.0,32.5,2.0,12.8,165,1004.5,96,292.0,31.613972008540753,4
2025-08-04 10:00:00,27.0,86,24.5,31.3,0.3,14.4,162,1005.3,100,169.0,31.261150713075534,4
2025-08-04 11:00:00,27.8,81,24.2,32.0,0.3,13.6,163,1005.1,99,270.0,31.557606411670324,4
2025-08-04 12:00:00,29.5,73,24.1,33.9,0.1,11.8,157,1004.8,100,514.0,32.4550896499907,4
2025-08-04 13:00:00,30.2,71,24.2,34.4,0.2,15.1,181,1004.8,100,575.0,32.99864244163705,4
2025-08-04 14:00:00,30.6,70,24.5,35.4,0.0,11.2,182,1004.4,100,500.0,33.329252951639056,4
2025-08-04 15:00:00,31.5,67,24.6,37.0,0.0,10.0,163,1004.2,99,632.0,33.92836654323356,4
2025-08-04 16:00:00,28.5,86,26.0,34.2,2.7,12.3,124,1004.6,99,417.0,33.208597998639824,4
2025-08-04 17:00:00,28.4,86,25.8,33.8,0.2,12.3,98,1004.6,99,236.0,33.0761478308314,4
2025-08-04 18:00:00,28.0,87,25.6,33.5,0.2,11.4,101,1004.7,99,93.0,32.69821505373162,4
2025-08-04 19:00:00,28.2,86,25.8,34.1,0.1,9.4,113,1005.3,92,41.0,32.81238965044236,4
2025-08-04 20:00:00,28.6,83,25.4,34.3,0.0,9.0,164,1005.6,43,1.0,32.88148112107778,4
2025-08-04 21:00:00,28.5,85,25.7,34.8,0.0,6.5,156,1006.5,100,0.0,33.056166626562614,4
2025-08-04 22:00:00,28.5,90,26.8,35.6,0.0,5.8,124,1006.4,17,0.0,33.81832348694865,4
2025-08-04 23:00:00,28.5,90,26.7,35.7,0.0,4.4,125,1006.8,10,0.0,33.81832348694865,4
2025-08-05 00:00:00,28.8,86,26.1,35.0,0.0,8.4,161,1007.0,19,0.0,33.60825225133497,4
2025-08-05 01:00:00,28.8,79,24.8,33.9,0.0,10.6,171,1006.7,18,0.0,32.52254799831933,4
2025-08-05 02:00:00,28.8,79,24.7,34.0,0.0,9.0,180,1006.6,68,0.0,32.52254799831933,4
2025-08-05 03:00:00,28.7,78,24.5,33.8,0.0,9.0,167,1006.9,35,0.0,32.24099755131618,4
2025-08-05 04:00:00,28.4,79,24.5,33.7,0.0,6.8,162,1006.9,59,0.0,32.01529393762419,4
2025-08-05 05:00:00,28.2,80,24.5,33.4,0.0,8.3,166,1006.9,27,0.0,31.913576419016156,4
2025-08-05 06:00:00,28.4,78,24.0,33.1,0.0,9.5,194,1007.2,15,7.0,31.863743381451737,4
2025-08-05 07:00:00,29.1,73,23.9,33.9,0.0,8.2,203,1007.3,25,110.0,31.959860899570618,4
2025-08-05 08:00:00,29.8,71,23.9,34.6,0.0,8.1,215,1007.7,37,296.0,32.50147759283854,4
2025-08-05 09:00:00,30.6,69,24.2,35.8,0.0,7.5,207,1007.7,31,478.0,33.15726648090135,4
2025-08-05 10:00:00,31.7,64,24.1,37.2,0.0,7.6,194,1007.8,26,627.0,33.63062296325061,4
2025-08-05 11:00:00,32.7,60,23.8,38.4,0.0,8.8,181,1007.5,21,733.0,34.102107238307276,4
2025-08-05 12:00:00,33.5,56,23.5,39.4,0.1,9.2,200,1007.2,19,811.0,34.277739966184704,4
2025-08-05 13:00:00,34.1,53,23.2,40.2,0.0,8.6,200,1006.6,13,841.0,34.37504944008538,4
2025-08-05 14:00:00,33.8,55,23.6,39.7,0.1,8.3,210,1006.3,62,772.0,34.43318438110023,4
2025-08-05 15:00:00,33.2,58,23.8,39.1,0.1,4.0,260,1006.0,15,629.0,34.31746285788655,4
2025-08-05 16:00:00,33.1,57,23.4,37.2,0.2,11.2,274,1006.1,57,561.0,33.998215309025525,4
2025-08-05 17:00:00,30.6,71,24.9,35.8,0.9,9.9,285,1006.5,46,223.0,33.501239422376756,4
2025-08-05 18:00:00,30.9,69,24.6,35.7,0.0,12.0,282,1006.5,44,196.0,33.53190522138485,4
2025-08-05 19:00:00,30.7,68,24.2,34.9,0.0,13.7,286,1006.9,83,60.0,33.1088390266447,4
2025-08-05 20:00:00,30.0,72,24.5,34.4,0.0,13.6,288,1007.2,80,1.0,32.915575199660324,4
2025-08-05 21:00:00,29.4,76,24.8,34.2,0.0,12.1,293,1007.9,4,0.0,32.8124615276441,4
2025-08-05 22:00:00,29.2,77,24.9,34.6,0.0,8.5,275,1007.9,2,0.0,32.71805576670006,4
2025-08-05 23:00:00,28.4,84,25.5,35.0,0.0,3.1,239,1008.1,6,0.0,32.77304671848648,4
2025-08-06 00:00:00,28.3,86,25.8,35.4,0.0,1.1,189,1007.7,8,0.0,32.94407891914675,4
2025-08-06 01:00:00,28.1,87,25.9,35.4,0.0,0.6,162,1007.5,10,0.0,32.830013049719,4
2025-08-06 02:00:00,28.0,88,25.9,35.2,0.0,1.2,207,1007.5,10,0.0,32.84628649113083,4
2025-08-06 03:00:00,27.6,88,25.5,34.2,0.0,3.6,221,1007.1,1,0.0,32.31946099575145,4
2025-08-06 04:00:00,27.8,84,24.8,33.7,0.0,4.6,222,1007.1,4,0.0,31.996680723213668,4
2025-08-06 05:00:00,27.4,85,24.6,33.3,0.0,3.6,243,1007.2,9,0.0,31.629367694173215,4
2025-08-06 06:00:00,28.0,81,24.5,33.5,0.0,6.3,250,1007.7,20,7.0,31.80978642933634,4
2025-08-06 07:00:00,28.9,77,24.5,33.6,0.0,12.0,223,1007.6,78,106.0,32.33824957689281,4
2025-08-06 08:00:00,29.4,77,25.0,33.7,0.0,16.2,220,1007.6,100,272.0,32.97302286353416,4
2025-08-06 09:00:00,30.4,73,25.0,34.5,0.0,18.2,219,1007.2,81,463.0,33.58932543239234,4
2025-08-06 10:00:00,31.6,69,25.1,37.0,0.0,12.8,219,1006.9,39,628.0,34.41801735222295,4
2025-08-06 11:00:00,33.0,60,24.1,38.3,0.1,14.6,238,1006.8,100,780.0,34.4693848675752,4
2025-08-06 12:00:00,34.2,53,23.3,39.0,0.0,14.6,238,1006.0,32,771.0,34.49358043892732,4
2025-08-06 13:00:00,32.5,62,24.3,38.3,0.8,13.8,244,1005.9,11,842.0,34.24189292465259,4
2025-08-06 14:00:00,34.0,54,23.5,38.9,0.1,16.5,229,1005.2,84,841.0,34.46509535070392,4
2025-08-06 15:00:00,34.0,54,23.3,37.0,0.1,17.8,227,1004.5,80,482.0,34.46509535070392,4
2025-08-06 16:00:00,34.3,52,22.9,36.7,0.0,20.8,230,1004.0,19,555.0,34.40063056962441,4
2025-08-06 17:00:00,33.4,55,23.0,36.2,0.0,18.4,233,1003.7,16,391.0,33.95645204512042,4
2025-08-06 18:00:00,32.5,57,23.0,35.4,0.0,18.1,238,1003.7,19,201.0,33.284280592019314,4
2025-08-06 19:00:00,31.6,63,23.6,34.8,0.0,18.8,225,1003.9,100,63.0,33.32577236507313,4
2025-08-06 20:00:00,30.9,67,24.0,34.3,0.0,18.2,226,1004.0,100,0.0,33.182003620765,4
2025-08-06 21:00:00,30.2,71,24.4,33.8,0.0,18.8,223,1004.5,100,0.0,32.99864244163705,4
2025-08-06 22:00:00,30.0,74,24.7,33.5,0.0,20.6,216,1004.1,98,0.0,33.24795228853978,4
2025-08-06 23:00:00,29.4,77,25.0,33.3,0.0,19.0,222,1003.8,100,0.0,32.97302286353416,4
2025-08-07 00:00:00,29.4,77,24.9,33.2,0.0,19.7,233,1003.5,99,0.0,32.97302286353416,4
2025-08-07 01:00:00,28.6,79,24.6,32.2,0.2,19.7,242,1003.2,90,0.0,32.268214561025836,4
2025-08-07 02:00:00,26.9,88,24.7,30.9,2.5,17.7,258,1003.2,95,0.0,31.411972266441797,4
2025-08-07 03:00:00,26.1,95,25.2,30.2,7.5,19.1,262,1003.0,100,0.0,31.324114859097076,4
2025-08-07 04:00:00,26.5,90,24.7,29.6,6.4,23.1,256,1003.1,100,0.0,31.172765368323436,4
2025-08-07 05:00:00,25.8,93,24.6,29.3,2.7,20.4,254,1002.8,100,0.0,30.672700860616068,3
2025-08-07 06:00:00,26.0,93,24.8,29.1,4.8,23.5,254,1003.0,100,2.0,30.929967990715923,3
2025-08-07 07:00:00,26.2,92,24.9,29.3,1.0,24.5,251,1003.2,100,34.0,31.05546160094548,4
2025-08-07 08:00:00,26.1,93,24.8,29.6,0.3,21.3,256,1003.4,100,96.0,31.059158756800297,4
2025-08-07 09:00:00,26.7,89,24.8,30.1,0.3,21.8,257,1003.8,99,188.0,31.293246778836906,4
2025-08-07 10:00:00,26.9,90,25.1,31.3,3.0,16.8,279,1003.5,100,228.0,31.68969209067911,4
2025-08-07 11:00:00,27.7,88,25.5,32.7,0.4,14.2,283,1003.0,95,302.0,32.450597725531544,4
2025-08-07 12:00:00,29.1,82,25.8,35.1,0.0,9.3,257,1003.0,100,397.0,33.38015470910672,4
2025-08-07 13:00:00,30.0,78,25.8,35.6,0.1,11.4,237,1002.6,100,478.0,33.91270646629869,4
2025-08-07 14:00:00,30.3,74,25.1,35.5,0.0,11.3,277,1002.0,48,358.0,33.630976580929016,4
2025-08-07 15:00:00,31.0,69,24.5,35.3,0.0,16.7,271,1001.9,100,616.0,33.65746229385727,4
2025-08-07 16:00:00,29.7,76,25.0,34.0,0.0,16.5,281,1001.7,100,201.0,33.1947939114315,4
2025-08-07 17:00:00,29.0,82,25.6,34.0,0.0,14.9,281,1001.9,100,89.0,33.2490140756238,4
2025-08-07 18:00:00,29.4,79,25.3,33.7,0.0,17.8,262,1001.8,100,186.0,33.294145535314264,4
2025-08-07 19:00:00,28.8,82,25.4,33.2,0.1,17.8,262,1002.2,100,32.0,32.98784982104032,4
2025-08-07 20:00:00,28.3,85,25.5,32.4,0.3,19.8,263,1002.6,100,0.0,32.7934047456683,4
2025-08-07 21:00:00,27.9,88,25.6,31.9,0.1,21.2,257,1003.0,100,0.0,32.7140088527334,4
2025-08-07 22:00:00,28.2,80,24.5,32.7,0.0,13.1,270,1003.9,100,0.0,31.913576419016156,4
2025-08-07 23:00:00,26.8,90,25.0,31.5,0.3,13.1,293,1003.6,85,0.0,31.559903036615655,4
2025-08-08 00:00:00,26.8,90,25.0,32.7,0.1,5.4,300,1003.2,82,0.0,31.559903036615655,4
2025-08-08 01:00:00,25.5,95,24.7,30.3,0.8,11.8,313,1003.1,100,0.0,30.545283895834633,3
2025-08-08 02:00:00,24.3,99,24.0,28.6,1.2,12.5,298,1003.3,96,0.0,29.50361985008893,3
2025-08-08 03:00:00,24.8,93,23.6,29.4,1.0,8.3,268,1003.1,30,0.0,29.408239032257338,3
2025-08-08 04:00:00,25.5,94,24.4,30.7,0.0,7.5,278,1002.9,100,0.0,30.41742301272058,3
2025-08-08 05:00:00,25.8,94,24.7,31.0,0.4,8.9,257,1002.9,92,0.0,30.80285248277323,3
2025-08-08 06:00:00,25.8,95,24.9,30.6,0.4,12.4,249,1003.3,100,5.0,30.93300410493039,3
2025-08-08 07:00:00,26.5,92,25.0,31.2,0.3,13.6,252,1003.6,100,55.0,31.444037932063956,4
2025-08-08 08:00:00,27.0,92,25.5,31.9,0.0,15.1,258,1003.7,100,146.0,32.099207739569174,4
2025-08-08 09:00:00,27.4,88,25.2,32.0,0.2,15.4,253,1004.1,100,250.0,32.05831714220285,4
2025-08-08 10:00:00,29.2,75,24.4,32.6,0.1,20.3,239,1004.5,99,539.0,32.40061016237019,4
2025-08-08 11:00:00,29.4,69,23.1,32.8,0.1,20.7,240,1004.7,79,728.0,31.688532176413727,4
2025-08-08 12:00:00,30.5,62,22.2,33.6,0.0,19.6,260,1004.5,87,737.0,31.836002939486104,4
2025-08-08 13:00:00,30.9,55,20.8,33.1,0.0,22.2,274,1004.2,85,803.0,31.0825940170459,4
2025-08-08 14:00:00,30.5,55,20.5,32.6,0.0,22.6,280,1004.0,100,826.0,30.638946155995736,3
2025-08-08 15:00:00,30.1,58,21.0,31.8,0.0,20.7,284,1004.0,100,619.0,30.70098787651813,3
2025-08-08 16:00:00,29.4,62,21.4,31.0,0.0,20.4,282,1003.9,100,477.0,30.56460282518335,3
2025-08-08 17:00:00,28.5,70,22.5,31.1,0.0,17.8,288,1004.3,100,217.0,30.76969604540451,3
2025-08-08 18:00:00,28.0,75,23.1,31.3,0.0,15.7,288,1004.6,100,81.0,30.921357804941056,3
2025-08-08 19:00:00,27.5,79,23.4,30.8,0.0,16.4,266,1005.2,100,25.0,30.894317109299312,3
2025-08-08 20:00:00,26.4,84,23.5,29.6,0.0,17.7,276,1005.7,100,0.0,30.235413508017864,3
2025-08-08 21:00:00,25.6,87,23.4,29.5,0.3,12.2,253,1006.4,99,0.0,29.645185750657642,3
2025-08-08 22:00:00,26.9,85,24.1,31.9,0.0,7.7,273,1006.1,100,0.0,30.995392530085827,3
2025-08-08 23:00:00,26.4,88,24.3,31.6,0.0,7.3,300,1006.2,96,0.0,30.774776056018712,3
2025-08-09 00:00:00,25.6,91,24.1,31.6,0.0,1.3,360,1006.1,100,0.0,30.159667854136156,3
2025-08-09 01:00:00,26.0,91,24.4,32.0,0.0,1.8,323,1005.8,100,0.0,30.666570829625257,3
2025-08-09 02:00:00,25.5,93,24.2,31.5,0.0,2.3,342,1005.6,89,0.0,30.289562129606534,3
2025-08-09 03:00:00,25.4,92,24.0,31.4,0.0,0.6,146,1005.3,100,0.0,30.0354742160245,3
2025-08-09 04:00:00,25.6,92,24.2,31.7,0.0,0.7,346,1005.2,100,0.0,30.28828838000579,3
2025-08-09 05:00:00,25.6,92,24.2,31.7,0.0,0.5,90,1005.5,100,0.0,30.28828838000579,3
2025-08-09 06:00:00,25.6,91,24.0,31.5,0.1,1.6,117,1005.9,100,3.0,30.159667854136156,3
2025-08-09 07:00:00,26.8,86,24.4,32.7,0.0,2.7,148,1006.1,100,68.0,31.007711790543848,4
2025-08-09 08:00:00,27.7,75,23.0,32.3,0.5,5.6,184,1006.1,100,149.0,30.55899465244166,3
2025-08-09 09:00:00,27.9,75,23.1,32.3,0.0,8.2,199,1006.4,100,218.0,30.800245044943242,3
2025-08-09 10:00:00,27.5,79,23.5,32.2,0.2,6.6,202,1006.6,100,222.0,30.894317109299312,3
2025-08-09 11:00:00,27.0,79,23.1,30.9,0.6,11.0,206,1006.4,100,250.0,30.283417515499618,3
2025-08-09 12:00:00,26.1,86,23.5,30.1,2.5,12.2,202,1006.4,100,176.0,30.131812398761564,3
2025-08-09 13:00:00,25.9,79,22.0,28.4,0.2,17.1,226,1006.5,100,265.0,28.968225688359002,3
2025-08-09 14:00:00,23.9,89,22.0,27.8,6.9,6.3,183,1006.0,100,172.0,27.83554795373966,2
2025-08-09 15:00:00,23.8,93,22.5,28.5,4.3,4.0,108,1005.6,100,94.0,28.17908817140808,3
2025-08-09 16:00:00,24.0,92,22.8,27.6,1.1,12.1,96,1005.0,100,122.0,28.305240618741678,3
2025-08-09 17:00:00,24.7,89,22.9,27.6,0.3,17.3,105,1004.4,100,176.0,28.79606751288735,3
2025-08-09 18:00:00,24.8,94,23.7,28.2,1.2,17.0,117,1004.0,100,67.0,29.530891064862256,3
2025-08-09 19:00:00,25.5,93,24.4,30.1,0.6,12.3,128,1003.9,100,15.0,30.289562129606534,3
2025-08-09 20:00:00,25.9,95,24.9,31.2,1.1,8.8,160,1004.0,100,0.0,31.062995448026644,4
2025-08-09 21:00:00,26.1,95,25.2,31.4,1.1,10.8,183,1004.2,100,0.0,31.324114859097076,4
2025-08-09 22:00:00,26.8,93,25.5,32.0,0.4,12.7,149,1003.8,100,0.0,31.974046471169512,4
2025-08-09 23:00:00,26.5,95,25.5,32.3,0.5,8.4,155,1003.7,100,0.0,31.85094677767474,4
2025-08-10 00:00:00,26.4,93,25.2,30.9,1.5,16.2,190,1003.1,100,0.0,31.448979241019774,4
2025-08-10 01:00:00,25.7,94,24.6,30.4,3.4,12.0,217,1003.1,100,0.0,30.674005385474793,3
2025-08-10 02:00:00,25.8,94,24.8,30.0,2.4,16.2,204,1003.0,100,0.0,30.80285248277323,3
2025-08-10 03:00:00,25.6,94,24.6,30.1,3.5,13.6,223,1002.7,100,0.0,30.54552943174504,3
2025-08-10 04:00:00,25.5,95,24.6,30.1,3.1,13.4,221,1002.1,100,0.0,30.545283895834633,3
2025-08-10 05:00:00,25.7,93,24.5,30.0,2.5,14.4,227,1002.1,100,0.0,30.54462128562932,3
2025-08-10 06:00:00,25.6,94,24.5,30.4,2.0,11.6,215,1001.9,100,1.0,30.54552943174504,3
2025-08-10 07:00:00,25.8,95,24.9,30.9,1.8,10.6,227,1002.9,100,31.0,30.93300410493039,3
2025-08-10 08:00:00,25.6,95,24.9,30.2,3.8,14.3,233,1002.9,100,45.0,30.67414995761467,3
2025-08-10 09:00:00,26.6,93,25.4,31.1,2.6,17.0,212,1003.1,100,49.0,31.7107493146099,4
2025-08-10 10:00:00,27.5,89,25.5,32.2,1.6,17.1,204,1002.6,100,298.0,32.33252180667897,4
2025-08-10 11:00:00,27.5,90,25.7,32.1,3.0,17.3,203,1003.1,100,140.0,32.476342276416936,4
2025-08-10 12:00:00,26.6,93,25.4,31.3,4.9,15.6,218,1002.8,100,71.0,31.7107493146099,4
2025-08-10 13:00:00,26.5,93,25.3,30.5,4.1,19.6,212,1002.2,100,40.0,31.579674213934215,4
2025-08-10 14:00:00,26.4,93,25.1,30.2,4.5,20.8,215,1001.8,100,62.0,31.448979241019774,4
2025-08-10 15:00:00,26.4,94,25.3,31.1,3.5,15.3,205,1001.5,100,72.0,31.583819878019987,4
2025-08-10 16:00:00,26.5,93,25.3,30.6,3.8,19.1,201,1000.7,100,35.0,31.579674213934215,4
2025-08-10 17:00:00,26.8,91,25.2,30.4,4.1,22.4,212,1000.7,100,89.0,31.69795084813361,4
2025-08-10 18:00:00,26.2,94,25.2,29.9,5.0,22.1,244,1000.5,100,27.0,31.321984679226905,4
2025-08-10 19:00:00,26.2,94,25.1,29.0,3.8,27.8,253,1001.4,100,7.0,31.321984679226905,4
2025-08-10 20:00:00,26.0,95,25.1,29.9,6.7,20.6,264,1002.1,100,0.0,31.193365151806585,4
2025-08-10 21:00:00,26.0,95,25.1,30.4,11.0,16.7,270,1002.9,100,0.0,31.193365151806585,4
2025-08-10 22:00:00,26.9,92,25.5,32.1,0.0,11.9,239,1002.8,98,0.0,31.967411914916422,4
2025-08-10 23:00:00,27.0,92,25.5,32.2,0.0,13.0,237,1003.0,100,0.0,32.099207739569174,4
2025-08-11 00:00:00,26.9,93,25.5,32.1,0.0,12.5,266,1003.0,100,0.0,32.10627182703508,4
2025-08-11 01:00:00,26.5,91,25.0,31.1,0.0,14.4,270,1002.9,100,0.0,31.308401650193694,4
2025-08-11 02:00:00,26.5,89,24.6,30.4,0.0,17.8,254,1002.9,100,0.0,31.037129086453174,4
2025-08-11 03:00:00,26.5,88,24.4,30.6,0.1,15.0,264,1003.2,100,0.0,30.901492804582915,3
2025-08-11 04:00:00,26.1,91,24.5,30.6,0.0,12.8,253,1003.1,100,0.0,30.794202654503515,3
2025-08-11 05:00:00,25.5,95,24.8,31.0,2.7,7.8,266,1003.2,100,0.0,30.545283895834633,3
2025-08-11 06:00:00,25.5,96,25.0,31.2,2.5,7.5,255,1003.4,100,1.0,30.67314477894868,3
2025-08-11 07:00:00,25.3,96,24.7,30.8,3.1,7.4,267,1003.8,100,14.0,30.41501901716417,3
2025-08-11 08:00:00,25.8,95,24.9,31.5,2.1,6.5,257,1004.0,100,45.0,30.93300410493039,3
2025-08-11 09:00:00,26.0,95,25.2,31.8,2.7,7.5,280,1004.3,100,104.0,31.193365151806585,4
2025-08-11 10:00:00,25.8,97,25.2,30.9,13.7,11.8,236,1004.9,100,75.0,31.193307349244716,4
2025-08-11 11:00:00,26.4,94,25.3,31.4,3.2,13.0,250,1005.2,100,131.0,31.583819878019987,4
2025-08-11 12:00:00,27.4,87,25.0,32.0,0.7,15.0,260,1005.4,100,333.0,31.91533399285964,4
2025-08-11 13:00:00,27.4,89,25.4,33.1,2.3,9.0,254,1005.3,100,416.0,32.20130029154607,4
2025-08-11 14:00:00,26.8,93,25.5,32.9,5.1,6.1,220,1005.5,100,290.0,31.974046471169512,4
2025-08-11 15:00:00,26.4,93,25.1,31.6,3.9,11.1,253,1005.8,100,94.0,31.448979241019774,4
2025-08-11 16:00:00,25.9,95,25.0,31.9,4.1,4.4,258,1005.5,100,146.0,31.062995448026644,4
2025-08-11 17:00:00,25.1,96,24.5,31.2,2.8,2.1,195,1005.5,100,47.0,30.158383267777413,3
2025-08-11 18:00:00,24.9,96,24.2,30.6,2.6,3.3,112,1005.7,100,23.0,29.903224588479834,3
2025-08-11 19:00:00,24.8,98,24.4,30.4,1.6,4.5,40,1006.3,100,16.0,30.021499195281926,3
2025-08-11 20:00:00,24.9,96,24.2,29.8,1.2,9.6,86,1006.1,100,0.0,29.903224588479834,3
2025-08-11 21:00:00,25.9,94,24.8,30.9,0.0,10.4,105,1006.7,99,0.0,30.932072338047416,3
2025-08-11 22:00:00,27.5,89,25.5,32.7,0.0,12.7,155,1006.9,100,0.0,32.33252180667897,4
2025-08-11 23:00:00,27.6,85,24.9,33.1,0.0,7.9,177,1007.3,100,0.0,31.88547482544174,4
2025-08-12 00:00:00,27.5,85,24.8,32.7,0.0,10.1,178,1007.2,100,0.0,31.757239927727106,4
2025-08-12 01:00:00,27.5,84,24.6,32.6,0.0,9.8,175,1007.5,100,0.0,31.613419457989142,4
2025-08-12 02:00:00,27.5,84,24.5,32.4,0.2,10.6,198,1007.3,100,0.0,31.613419457989142,4
2025-08-12 03:00:00,27.5,84,24.5,32.1,0.1,11.8,200,1007.6,100,0.0,31.613419457989142,4
2025-08-12 04:00:00,27.6,83,24.5,32.3,0.0,11.7,193,1007.8,100,0.0,31.596150711901934,4
2025-08-12 05:00:00,27.3,86,24.7,31.8,0.1,13.9,214,1008.3,100,0.0,31.644006655279338,4
2025-08-12 06:00:00,27.4,86,24.9,31.8,0.0,15.3,221,1008.8,100,2.0,31.772350843516428,4
2025-08-12 07:00:00,27.4,85,24.6,31.4,0.1,16.7,233,1009.8,100,58.0,31.629367694173215,4
2025-08-12 08:00:00,27.5,85,24.9,32.0,0.0,15.3,236,1010.3,99,120.0,31.757239927727106,4
2025-08-12 09:00:00,28.3,83,25.0,33.2,0.0,12.7,237,1010.6,100,300.0,32.4920563987114,4
2025-08-12 10:00:00,27.5,86,24.9,32.3,3.2,12.4,251,1011.5,100,455.0,31.90106039746507,4
2025-08-12 11:00:00,28.3,84,25.4,34.7,0.2,3.8,225,1011.4,99,405.0,32.64273057218985,4
2025-08-12 12:00:00,26.8,89,24.9,33.6,2.4,1.9,22,1011.8,100,621.0,31.421855225097705,4
2025-08-12 13:00:00,27.8,86,25.1,33.6,0.2,7.1,319,1011.9,99,478.0,32.28939693090923,4
2025-08-12 14:00:00,27.1,85,24.5,32.3,0.3,8.3,346,1011.9,100,320.0,31.247911535671836,4
2025-08-12 15:00:00,29.0,79,25.1,35.7,0.0,4.9,327,1012.1,100,640.0,32.77830624358878,4
2025-08-12 16:00:00,29.0,80,25.1,35.5,0.1,1.5,291,1011.9,100,328.0,32.93520885426712,4
2025-08-12 17:00:00,29.0,81,25.5,35.8,0.1,1.7,252,1012.1,100,248.0,33.09211146494546,4
2025-08-12 18:00:00,26.4,87,24.1,30.3,1.6,15.1,273,1013.3,100,127.0,30.6399354190185,3
2025-08-12 19:00:00,25.4,92,24.0,31.2,0.8,1.8,315,1013.1,100,10.0,30.0354742160245,3
2025-08-12 20:00:00,25.2,95,24.5,31.1,0.0,3.6,45,1013.6,100,0.0,30.160910330018357,3
2025-08-12 21:00:00,25.4,96,24.6,31.0,0.0,6.2,75,1014.2,100,0.0,30.543894834112518,3
2025-08-12 22:00:00,26.1,89,24.2,31.4,0.0,6.7,36,1014.1,79,0.0,30.529246552206736,3
2025-08-12 23:00:00,26.1,90,24.4,32.0,0.0,3.5,51,1014.4,77,0.0,30.661724603355125,3
2025-08-13 00:00:00,26.4,90,24.5,32.3,0.0,3.7,67,1014.2,90,0.0,31.04445733001914,4
2025-08-13 01:00:00,26.4,92,25.0,32.4,0.0,4.8,77,1014.0,99,0.0,31.314138604019565,4
2025-08-13 02:00:00,26.4,94,25.4,32.5,0.0,5.9,50,1014.3,100,0.0,31.583819878019987,4
2025-08-13 03:00:00,26.1,96,25.5,32.3,0.0,6.0,44,1014.5,99,0.0,31.456592910245465,4
2025-08-13 04:00:00,25.9,97,25.4,32.1,0.0,5.5,41,1014.4,84,0.0,31.3248416679851,4
2025-08-13 05:00:00,25.6,97,25.0,31.6,0.0,5.4,37,1014.4,23,0.0,30.931391009353927,3
2025-08-13 06:00:00,25.5,97,25.0,31.2,0.0,7.0,40,1014.8,13,5.0,30.801005662062728,3
2025-08-13 07:00:00,26.8,94,25.8,33.1,0.0,6.9,49,1015.2,6,101.0,32.11209428268746,4
2025-08-13 08:00:00,28.3,88,26.1,35.1,0.0,4.9,92,1015.5,16,279.0,33.245427266103654,4
2025-08-13 09:00:00,29.1,81,25.5,35.2,0.1,6.9,135,1015.7,99,455.0,33.22234428582493,4
2025-08-13 10:00:00,29.6,80,25.9,35.9,0.5,7.5,140,1016.1,98,564.0,33.71666933868721,4
2025-08-13 11:00:00,30.4,76,25.6,38.1,0.2,4.4,148,1016.0,100,731.0,34.09942921728518,4
2025-08-13 12:00:00,31.0,73,25.7,39.3,0.1,5.3,147,1015.5,100,839.0,34.3612572094432,4
2025-08-13 13:00:00,31.5,71,25.6,39.6,0.0,5.9,142,1014.9,100,852.0,34.65241827715795,4
2025-08-13 14:00:00,31.7,69,25.2,39.6,0.0,4.7,152,1014.7,100,817.0,34.54599194475456,4
2025-08-13 15:00:00,31.5,70,25.3,38.6,0.0,3.6,177,1014.2,83,661.0,34.47140534367685,4
2025-08-13 16:00:00,31.2,71,25.2,37.4,0.0,4.8,225,1014.2,48,556.0,34.26552000484167,4
2025-08-13 17:00:00,30.6,72,24.9,36.8,0.0,3.4,254,1014.4,40,376.0,33.673225893114456,4
2025-08-13 18:00:00,30.1,74,24.9,36.4,0.0,2.3,328,1014.7,27,186.0,33.37527418728175,4
2025-08-13 19:00:00,28.7,86,26.1,35.9,0.0,1.9,292,1015.0,76,51.0,33.4746485822204,4
2025-08-13 20:00:00,28.0,91,26.5,35.5,0.0,1.5,306,1015.4,78,0.0,33.29050080332848,4
2025-08-13 21:00:00,27.6,93,26.4,35.2,0.0,0.6,34,1016.0,14,0.0,33.04277127960096,4
2025-08-13 22:00:00,27.2,96,26.6,34.7,0.0,2.4,351,1016.1,82,0.0,32.92923863026506,4
2025-08-13 23:00:00,26.6,98,26.4,34.0,0.0,2.0,5,1016.1,90,0.0,32.39292938528784,4
2025-08-14 00:00:00,26.1,99,26.0,33.4,0.0,0.9,37,1016.0,100,0.0,31.85402706369064,4
2025-08-14 01:00:00,25.9,99,25.6,32.7,0.0,1.7,41,1015.6,100,0.0,31.586687887943558,4
2025-08-14 02:00:00,25.8,97,25.3,32.4,0.0,1.9,61,1015.5,100,0.0,31.193307349244716,4
2025-08-14 03:00:00,25.6,97,25.1,32.1,0.0,2.4,63,1015.5,100,0.0,30.931391009353927,3
2025-08-14 04:00:00,25.9,96,25.1,32.2,0.0,3.3,29,1015.5,100,0.0,31.193918558005873,4
2025-08-14 05:00:00,25.6,96,25.0,31.8,0.0,4.0,36,1015.7,100,0.0,30.8027704834843,3
2025-08-14 06:00:00,25.5,96,24.9,31.7,0.0,3.6,41,1016.0,99,4.0,30.67314477894868,3
2025-08-14 07:00:00,26.5,93,25.4,33.0,0.0,3.4,65,1016.2,100,97.0,31.579674213934215,4
2025-08-14 08:00:00,27.7,89,25.8,34.4,0.0,3.4,90,1016.3,100,258.0,32.59610565423077,4
2025-08-14 09:00:00,28.9,83,25.7,35.5,0.0,3.8,131,1016.2,94,460.0,33.27424564781952,4
2025-08-14 10:00:00,30.1,76,25.3,36.9,0.0,4.8,214,1016.8,9,639.0,33.7095599761272,4
2025-08-14 11:00:00,30.4,75,25.5,37.9,0.0,6.7,211,1016.6,75,771.0,33.9293946223209,4
2025-08-14 12:00:00,30.7,75,25.9,38.8,0.0,7.5,207,1016.2,98,866.0,34.31962686762283,4
2025-08-14 13:00:00,31.0,75,25.9,38.9,0.0,7.7,213,1015.8,100,837.0,34.71315466723617,4
2025-08-14 14:00:00,31.5,68,25.0,38.6,0.0,8.6,234,1015.6,58,812.0,34.10937947671466,4
2025-08-14 15:00:00,31.9,60,23.2,36.8,0.0,12.2,262,1015.2,38,735.0,33.136600744492014,4
2025-08-14 16:00:00,31.5,59,22.6,35.1,0.0,13.1,283,1015.0,18,592.0,32.48026307538478,4
2025-08-14 17:00:00,30.6,66,23.5,34.7,0.0,12.0,282,1015.1,3,424.0,32.64130706868825,4
2025-08-14 18:00:00,29.2,77,24.8,34.2,0.0,11.5,273,1015.0,25,228.0,32.71805576670006,4
2025-08-14 19:00:00,28.1,83,25.0,33.5,0.0,9.6,276,1015.1,100,55.0,32.23427451869744,4
2025-08-14 20:00:00,27.5,89,25.5,33.4,0.0,7.3,280,1015.3,90,0.0,32.33252180667897,4
2025-08-14 21:00:00,26.9,94,25.8,33.4,0.0,4.7,286,1015.8,4,0.0,32.24513173915373,4
2025-08-14 22:00:00,27.4,92,25.9,33.8,0.0,6.1,317,1015.5,22,0.0,32.63024973957571,4
2025-08-14 23:00:00,27.0,93,25.8,33.4,0.0,5.7,328,1015.5,8,0.0,32.238883910651445,4
2025-08-15 00:00:00,26.5,95,25.7,33.2,0.0,3.3,331,1015.4,42,0.0,31.85094677767474,4
2025-08-15 01:00:00,26.4,95,25.5,32.9,0.0,4.1,315,1015.0,45,0.0,31.7186605150202,4
2025-08-15 02:00:00,25.9,94,24.8,31.7,0.8,5.2,319,1014.8,84,0.0,30.932072338047416,3
2025-08-15 03:00:00,25.8,95,25.0,32.2,0.0,1.5,7,1014.9,61,0.0,30.93300410493039,3
2025-08-15 04:00:00,25.8,96,25.0,31.9,0.0,3.9,336,1014.6,55,0.0,31.06315572708755,4
2025-08-15 05:00:00,25.8,97,25.4,31.7,0.0,7.1,322,1014.9,66,0.0,31.193307349244716,4
2025-08-15 06:00:00,26.0,97,25.5,32.1,0.0,6.0,321,1015.1,67,3.0,31.45676231289725,4
2025-08-15 07:00:00,26.6,95,25.8,32.8,0.0,7.3,310,1015.4,70,73.0,31.983621342881076,4
2025-08-15 08:00:00,27.9,87,25.5,33.9,0.0,7.4,293,1015.2,89,258.0,32.56679625213416,4
2025-08-15 09:00:00,29.1,81,25.5,35.2,0.0,6.5,272,1015.1,23,456.0,33.22234428582493,4
2025-08-15 10:00:00,30.2,78,25.9,36.9,0.1,7.8,257,1015.5,24,633.0,34.17535648517873,4
2025-08-15 11:00:00,31.0,73,25.6,38.0,0.3,8.9,263,1015.0,29,752.0,34.3612572094432,4
2025-08-15 12:00:00,31.6,69,25.3,38.6,0.3,11.0,270,1014.4,21,843.0,34.41801735222295,4
2025-08-15 13:00:00,32.1,67,25.2,38.7,0.1,12.5,277,1014.0,21,838.0,34.68690224106937,4
2025-08-15 14:00:00,32.2,66,25.1,38.3,0.0,13.2,281,1013.7,18,766.0,34.62621421667576,4
2025-08-15 15:00:00,32.2,66,25.0,38.0,0.1,12.1,285,1013.2,18,692.0,34.62621421667576,4
2025-08-15 16:00:00,32.1,66,24.9,37.3,0.0,10.0,290,1013.0,10,553.0,34.49964549120266,4
2025-08-15 17:00:00,31.8,67,24.9,37.2,0.0,8.3,292,1012.9,4,409.0,34.30609393090327,4
2025-08-15 18:00:00,30.5,80,26.5,37.0,0.0,8.4,293,1012.8,5,220.0,34.914148954175616,4
2025-08-15 19:00:00,29.1,83,26.0,35.5,0.0,7.1,315,1013.1,3,53.0,33.53796513238851,4
2025-08-15 20:00:00,28.0,86,25.4,34.1,0.0,6.1,328,1013.5,1,0.0,32.550143616332406,4
2025-08-15 21:00:00,27.0,88,24.9,33.0,0.0,5.0,341,1013.8,0,0.0,31.540503055240084,4
2025-08-15 22:00:00,26.6,90,25.0,32.8,0.0,4.0,333,1013.4,0,0.0,31.301441272203125,4
2025-08-15 23:00:00,26.4,92,25.0,32.3,0.0,5.4,326,1013.3,0,0.0,31.314138604019565,4
2025-08-16 00:00:00,26.0,94,25.0,32.0,0.0,5.2,335,1013.3,0,0.0,31.061666571261252,4
2025-08-16 01:00:00,25.8,94,24.6,31.5,0.0,5.0,339,1013.0,0,0.0,30.80285248277323,3
2025-08-16 02:00:00,25.5,93,24.4,31.1,0.0,5.4,330,1012.8,0,0.0,30.289562129606534,3
2025-08-16 03:00:00,25.4,93,24.1,30.8,0.0,5.0,334,1013.0,0,0.0,30.162579370546506,3
2025-08-16 04:00:00,25.0,94,24.0,30.5,0.0,3.9,332,1013.1,11,0.0,29.782378014356706,3
2025-08-16 05:00:00,24.6,94,23.6,30.3,0.0,1.7,328,1013.1,0,0.0,29.28083156796168,3
2025-08-16 06:00:00,24.6,94,23.7,30.3,0.0,1.8,354,1013.2,0,4.0,29.28083156796168,3
2025-08-16 07:00:00,26.0,93,24.8,32.2,0.0,3.1,28,1013.6,2,103.0,30.929967990715923,3
2025-08-16 08:00:00,27.5,88,25.2,34.0,0.0,1.9,68,1013.9,0,290.0,32.188701336941,4
2025-08-16 09:00:00,28.6,82,25.3,35.4,0.0,0.9,169,1014.1,0,488.0,32.728164481064795,4
2025-08-16 10:00:00,29.8,75,24.9,36.9,0.0,2.5,184,1014.1,0,663.0,33.158653795251986,4
2025-08-16 11:00:00,30.5,71,24.8,38.0,0.0,4.8,195,1014.0,0,796.0,33.37507594683086,4
2025-08-16 12:00:00,31.1,69,24.7,38.6,0.0,7.0,201,1013.5,2,874.0,33.78336045896107,4
2025-08-16 13:00:00,31.7,63,23.7,38.3,0.0,8.1,223,1012.8,4,867.0,33.44754916694982,4
2025-08-16 14:00:00,32.4,57,22.9,38.1,0.0,9.6,242,1012.3,11,830.0,33.166347622348454,4
2025-08-16 15:00:00,32.8,59,23.6,37.8,0.0,11.9,267,1012.0,12,725.0,34.02943642544777,4
2025-08-16 16:00:00,32.5,62,24.3,37.1,0.0,11.8,278,1012.0,8,557.0,34.24189292465259,4
2025-08-16 17:00:00,31.6,69,25.1,36.9,0.0,10.1,276,1012.3,4,401.0,34.41801735222295,4
2025-08-16 18:00:00,30.5,76,25.8,36.3,0.0,9.5,285,1012.2,2,213.0,34.230116506466835,4
2025-08-16 19:00:00,29.5,78,25.3,35.1,0.0,9.0,301,1012.4,2,49.0,33.26252729725034,4
2025-08-16 20:00:00,28.5,82,25.2,34.4,0.0,7.0,325,1012.8,1,0.0,32.59887251033099,4
2025-08-16 21:00:00,27.8,83,24.5,33.4,0.0,6.0,9,1013.1,0,0.0,31.850322619365887,4
2025-08-16 22:00:00,27.0,89,24.9,33.2,0.0,2.9,330,1012.8,0,0.0,31.680179226322355,4
2025-08-16 23:00:00,26.5,91,25.0,33.1,0.0,0.9,307,1013.3,3,0.0,31.308401650193694,4
2025-08-17 00:00:00,26.0,95,25.0,32.4,0.0,2.1,340,1013.5,1,0.0,31.193365151806585,4
2025-08-17 01:00:00,25.8,95,24.9,32.1,0.0,2.3,32,1013.6,1,0.0,30.93300410493039,3
2025-08-17 02:00:00,25.5,95,24.6,31.5,0.0,3.3,45,1013.5,0,0.0,30.545283895834633,3
2025-08-17 03:00:00,25.2,93,24.0,31.0,0.0,2.3,45,1013.5,0,0.0,29.9096995862285,3
2025-08-17 04:00:00,25.1,93,23.9,30.8,0.0,2.4,36,1013.5,0,0.0,29.78379941565937,3
2025-08-17 05:00:00,25.0,93,23.9,30.6,0.0,3.2,56,1013.7,0,0.0,29.65825697165079,3
2025-08-17 06:00:00,25.5,93,24.1,31.1,0.0,3.9,62,1014.1,3,4.0,30.289562129606534,3
2025-08-17 07:00:00,26.7,92,25.2,32.9,0.0,4.8,61,1014.3,7,100.0,31.704966333179723,4
2025-08-17 08:00:00,28.0,87,25.7,35.0,0.0,1.9,68,1014.5,15,280.0,32.69821505373162,4
2025-08-17 09:00:00,29.0,81,25.4,35.4,0.0,4.8,233,1014.8,21,458.0,33.09211146494546,4
2025-08-17 10:00:00,30.2,75,25.2,36.2,0.1,8.0,236,1015.4,27,609.0,33.67105046651801,4
2025-08-17 11:00:00,30.5,74,25.3,37.0,0.1,8.8,237,1015.5,80,705.0,33.88810028261244,4
2025-08-17 12:00:00,31.2,71,25.4,38.6,0.0,8.6,250,1015.1,94,829.0,34.26552000484167,4
2025-08-17 13:00:00,32.0,61,23.4,37.5,0.0,12.7,277,1014.7,93,848.0,33.442401630755874,4
2025-08-17 14:00:00,32.4,52,21.3,36.1,0.0,15.7,283,1014.3,92,820.0,32.214106602844204,4
2025-08-17 15:00:00,31.8,56,22.0,35.4,0.0,14.4,282,1014.1,89,708.0,32.280863584038556,4
2025-08-17 16:00:00,31.0,61,22.7,34.5,0.0,13.2,275,1014.3,35,578.0,32.24987246268542,4
2025-08-17 17:00:00,30.5,65,23.1,34.5,0.0,10.6,273,1014.1,6,406.0,32.34902727526769,4
2025-08-17 18:00:00,29.5,70,23.6,34.1,0.0,8.8,281,1014.3,7,215.0,31.97062706163492,4
2025-08-17 19:00:00,28.1,77,23.8,33.5,0.0,4.5,277,1014.5,1,49.0,31.3406667221651,4
2025-08-17 20:00:00,27.3,83,24.2,33.3,0.0,1.4,270,1014.7,1,0.0,31.21755642311843,4
2025-08-17 21:00:00,27.1,84,24.2,33.3,0.0,0.4,333,1015.0,4,0.0,31.107414929369813,4
2025-08-17 22:00:00,26.2,85,23.5,31.4,0.0,4.4,339,1014.7,0,0.0,30.1226308269605,3
2025-08-17 23:00:00,25.8,87,23.5,31.0,0.0,4.0,333,1015.0,23,0.0,29.891791127673095,3
2025-08-18 00:00:00,25.9,85,23.2,30.7,0.0,5.3,336,1015.3,1,0.0,29.753764348234366,3
2025-08-18 01:00:00,25.9,84,23.0,30.6,0.0,5.6,339,1015.1,0,0.0,29.622841238255138,3
2025-08-18 02:00:00,25.8,86,23.1,30.6,0.0,5.2,340,1015.1,2,0.0,29.761639505515934,3
2025-08-18 03:00:00,24.9,90,23.2,30.1,0.0,2.9,4,1015.1,0,0.0,29.162916801699847,3
2025-08-18 04:00:00,24.5,91,23.0,29.6,0.0,3.1,360,1015.1,1,0.0,28.79490237130233,3
2025-08-18 05:00:00,24.5,89,22.5,29.0,0.0,4.6,21,1015.3,19,0.0,28.553948473031948,3
2025-08-18 06:00:00,24.4,89,22.5,28.9,0.0,4.2,40,1015.5,3,3.0,28.433389884275854,3
2025-08-18 07:00:00,26.2,84,23.2,31.3,0.0,4.0,90,1015.8,2,97.0,29.989369287819788,3
2025-08-18 08:00:00,28.0,81,24.4,33.8,0.0,3.6,162,1016.1,23,281.0,31.80978642933634,4
2025-08-18 09:00:00,28.9,79,24.9,34.4,0.0,7.5,200,1016.1,89,467.0,32.65024826720171,4
2025-08-18 10:00:00,29.6,78,25.4,36.2,0.0,5.4,206,1016.3,93,602.0,33.39183260522003,4
2025-08-18 11:00:00,30.4,74,25.1,37.5,0.0,5.1,197,1015.9,99,724.0,33.75936002735662,4
2025-08-18 12:00:00,31.1,69,24.6,38.5,0.0,6.8,212,1015.4,96,852.0,33.78336045896107,4
2025-08-18 13:00:00,31.4,66,24.2,38.3,0.0,6.6,209,1014.9,99,821.0,33.623145433793866,4
2025-08-18 14:00:00,32.2,58,22.9,38.3,0.0,7.2,219,1014.1,100,847.0,33.119691281321124,4
2025-08-18 15:00:00,32.3,56,22.4,37.6,0.0,7.5,230,1013.6,93,749.0,32.859333958254496,4
2025-08-18 16:00:00,32.2,57,22.5,36.1,0.0,9.8,226,1013.5,100,574.0,32.93137591440179,4
2025-08-18 17:00:00,31.5,62,23.3,36.1,0.0,7.0,209,1013.5,91,393.0,33.02330187582807,4
2025-08-18 18:00:00,30.2,72,24.6,35.7,0.0,6.9,185,1013.5,62,170.0,33.16674444785729,4
2025-08-18 19:00:00,29.4,78,25.1,35.3,0.0,6.0,155,1013.8,18,45.0,33.13358419942421,4
2025-08-18 20:00:00,28.9,81,25.4,34.9,0.0,7.1,135,1014.3,2,0.0,32.962246957510615,4
2025-08-18 21:00:00,28.5,84,25.5,34.8,0.0,5.3,123,1014.7,1,0.0,32.90373525448541,4
2025-08-18 22:00:00,28.3,87,25.9,35.0,0.0,4.5,320,1014.8,99,0.0,33.0947530926252,4
2025-08-18 23:00:00,28.0,89,26.0,34.9,0.0,2.9,263,1014.7,86,0.0,32.99435792853005,4
2025-08-19 00:00:00,27.8,90,26.0,34.0,0.0,8.3,270,1014.4,84,0.0,32.87482934630036,4
2025-08-19 01:00:00,27.5,86,24.9,33.2,0.0,7.1,286,1013.7,5,0.0,31.90106039746507,4
2025-08-19 02:00:00,27.0,85,24.4,32.8,0.0,4.0,291,1013.3,2,0.0,31.121474541993262,4
2025-08-19 03:00:00,26.5,89,24.5,32.7,0.0,1.4,310,1013.0,5,0.0,31.037129086453174,4
2025-08-19 04:00:00,26.2,90,24.5,32.5,0.0,0.8,333,1012.9,14,0.0,30.788938522664058,3
2025-08-19 05:00:00,25.6,94,24.5,31.7,0.0,2.3,4,1013.4,19,0.0,30.54552943174504,3
2025-08-19 06:00:00,25.6,93,24.4,31.4,0.0,4.2,50,1013.8,11,3.0,30.416908905875413,3
2025-08-19 07:00:00,26.5,87,24.3,32.4,0.0,3.3,49,1014.5,26,92.0,30.765856522712653,3
2025-08-19 08:00:00,27.8,81,24.2,33.9,0.0,0.9,169,1014.8,32,266.0,31.557606411670324,4
2025-08-19 09:00:00,28.9,76,24.1,34.2,0.0,6.0,221,1014.6,25,457.0,32.18225023173836,4
2025-08-19 10:00:00,30.2,70,24.1,35.5,0.0,7.1,195,1014.5,17,569.0,32.83054043541681,4
2025-08-19 11:00:00,30.7,69,24.2,37.0,0.0,7.4,187,1014.2,17,742.0,33.281808718213,4
2025-08-19 12:00:00,31.1,66,24.0,37.5,0.0,7.2,181,1013.6,19,762.0,33.252505656397545,4
2025-08-19 13:00:00,31.8,62,23.7,38.6,0.0,6.1,185,1012.9,10,850.0,33.385534682328405,4
2025-08-19 14:00:00,32.2,59,23.2,38.7,0.0,5.7,204,1012.1,14,813.0,33.30800664824045,4
2025-08-19 15:00:00,32.3,59,23.3,38.1,0.0,6.2,224,1011.6,45,715.0,33.42747149173241,4
2025-08-19 16:00:00,31.5,63,23.6,36.1,0.0,8.4,239,1011.6,47,547.0,33.20431480930917,4
2025-08-19 17:00:00,30.5,68,23.9,34.9,0.0,11.4,242,1011.6,66,330.0,32.862051611049274,4
2025-08-19 18:00:00,29.9,70,23.8,34.7,0.0,7.8,232,1011.4,46,171.0,32.46002554985396,4
2025-08-19 19:00:00,29.5,73,24.0,34.4,0.0,7.9,177,1012.0,40,41.0,32.4550896499907,4
2025-08-19 20:00:00,29.3,74,24.1,34.6,0.0,6.0,153,1012.4,38,0.0,32.366442727787565,4
2025-08-19 21:00:00,29.0,76,24.3,34.8,0.0,3.4,137,1012.6,17,0.0,32.30759841155376,4
2025-08-19 22:00:00,29.4,75,24.6,35.5,0.0,2.3,315,1012.4,100,0.0,32.65190019175405,4
2025-08-19 23:00:00,28.5,81,24.9,34.9,0.0,2.4,347,1012.1,83,0.0,32.44644113825379,4
2025-08-20 00:00:00,28.1,83,25.0,34.0,0.2,5.2,268,1012.0,36,0.0,32.23427451869744,4
2025-08-20 01:00:00,27.8,89,25.8,34.8,0.0,1.3,254,1011.5,19,0.0,32.72847124245258,4
2025-08-20 02:00:00,27.1,91,25.5,34.0,0.0,1.8,53,1011.2,25,0.0,32.09089117348396,4
2025-08-20 03:00:00,26.5,93,25.4,33.2,0.0,1.9,41,1011.1,22,0.0,31.579674213934215,4
2025-08-20 04:00:00,26.1,95,25.3,32.7,0.0,2.3,32,1011.2,17,0.0,31.324114859097076,4
2025-08-20 05:00:00,26.1,94,25.1,32.7,0.0,1.5,30,1011.5,21,0.0,31.191636807948687,4
2025-08-20 06:00:00,26.0,93,24.8,32.4,0.3,1.2,39,1012.1,50,3.0,30.929967990715923,3
2025-08-20 07:00:00,27.1,88,24.9,33.5,0.0,2.2,66,1012.1,16,82.0,31.6694013545779,4
2025-08-20 08:00:00,28.2,81,24.6,34.7,0.0,0.6,18,1011.8,9,260.0,32.06337862425386,4
2025-08-20 09:00:00,29.4,74,24.1,35.1,0.0,3.1,187,1012.0,5,458.0,32.491338855863994,4
2025-08-20 10:00:00,30.8,67,24.0,36.4,0.0,6.4,172,1012.2,11,627.0,33.05877224205268,4
2025-08-20 11:00:00,31.5,64,23.9,37.5,0.0,8.1,175,1011.8,12,754.0,33.38532774279027,4
2025-08-20 12:00:00,31.8,63,23.9,37.7,0.0,12.1,165,1011.5,15,836.0,33.56964653204338,4
2025-08-20 13:00:00,31.8,62,23.5,37.9,0.0,10.3,155,1010.8,15,857.0,33.385534682328405,4
2025-08-20 14:00:00,32.3,58,23.0,37.6,0.0,12.3,146,1010.5,17,844.0,33.238092313906435,4
2025-08-20 15:00:00,31.8,64,24.1,37.2,0.0,11.6,125,1010.5,19,729.0,33.75375838175835,4
2025-08-20 16:00:00,30.8,65,23.5,34.9,0.3,11.8,154,1010.3,68,516.0,32.710856652737675,4
2025-08-20 17:00:00,29.3,74,24.2,34.6,0.1,6.7,185,1010.2,55,305.0,32.366442727787565,4
2025-08-20 18:00:00,29.2,74,24.0,34.7,0.0,4.7,164,1010.2,26,149.0,32.241887360205254,4
2025-08-20 19:00:00,29.0,73,23.8,34.2,0.0,5.1,141,1010.1,15,39.0,31.836890579518748,4
2025-08-20 20:00:00,28.8,75,23.9,33.9,0.0,6.0,123,1010.4,25,0.0,31.902145568024686,4
2025-08-20 21:00:00,28.5,80,24.7,34.0,0.0,7.1,117,1010.7,28,0.0,32.29400976617658,4
2025-08-20 22:00:00,27.9,89,25.9,33.7,0.0,9.7,88,1010.8,14,0.0,32.86122145333265,4
2025-08-20 23:00:00,27.5,90,25.8,33.6,0.0,7.9,66,1011.0,25,0.0,32.476342276416936,4
2025-08-21 00:00:00,27.1,91,25.5,33.0,0.0,8.5,42,1011.2,43,0.0,32.09089117348396,4
2025-08-21 01:00:00,26.8,92,25.2,32.2,0.0,10.2,42,1010.9,92,0.0,31.835998659651562,4
2025-08-21 02:00:00,26.5,93,25.2,31.7,0.0,11.6,47,1010.8,6,0.0,31.579674213934215,4
2025-08-21 03:00:00,26.4,92,25.0,31.4,0.0,12.4,49,1010.8,12,0.0,31.314138604019565,4
2025-08-21 04:00:00,26.4,90,24.6,31.2,0.0,12.0,51,1010.7,17,0.0,31.04445733001914,4
2025-08-21 05:00:00,26.5,89,24.5,31.0,0.0,12.2,54,1010.9,5,0.0,31.037129086453174,4
2025-08-21 06:00:00,26.4,89,24.4,31.0,0.0,12.3,58,1011.1,5,2.0,30.909616693018926,3
2025-08-21 07:00:00,27.4,85,24.6,31.8,0.0,14.1,71,1011.0,19,89.0,31.629367694173215,4
2025-08-21 08:00:00,28.6,79,24.6,32.9,0.0,15.2,94,1010.5,9,270.0,32.268214561025836,4
2025-08-21 09:00:00,29.2,76,24.6,33.4,0.0,15.8,107,1010.8,2,462.0,32.55933296453512,4
2025-08-21 10:00:00,30.0,71,24.1,34.1,0.1,16.8,115,1011.5,29,627.0,32.7493866552206,4
2025-08-21 11:00:00,30.0,73,24.7,34.3,0.0,19.0,102,1011.1,19,665.0,33.08176374410005,4
2025-08-21 12:00:00,30.2,73,24.8,35.0,0.0,20.6,102,1010.7,14,811.0,33.33484645407753,4
2025-08-21 13:00:00,30.2,72,24.7,35.1,0.0,20.1,96,1010.0,13,814.0,33.16674444785729,4
2025-08-21 14:00:00,30.5,71,24.6,35.3,0.0,20.7,103,1009.2,21,812.0,33.37507594683086,4
2025-08-21 15:00:00,30.4,73,25.0,34.8,0.0,21.2,103,1008.8,17,703.0,33.58932543239234,4
2025-08-21 16:00:00,30.0,76,25.3,34.0,0.0,20.1,100,1008.6,25,549.0,33.58032937741923,4
2025-08-21 17:00:00,29.6,78,25.3,33.7,0.0,19.5,96,1008.5,5,365.0,33.39183260522003,4
2025-08-21 18:00:00,29.5,77,25.1,33.8,0.0,17.1,94,1008.1,3,194.0,33.10103976779841,4
2025-08-21 19:00:00,28.8,79,24.9,32.8,0.0,18.4,94,1008.2,16,39.0,32.52254799831933,4
2025-08-21 20:00:00,28.4,82,25.0,32.4,0.0,18.6,95,1008.5,38,0.0,32.469945606141565,4
2025-08-21 21:00:00,28.3,81,24.8,32.0,0.0,19.8,91,1008.9,2,0.0,32.1907080517545,4
2025-08-21 22:00:00,28.7,69,22.5,31.1,0.0,19.4,113,1009.4,92,0.0,30.853140141548923,3
2025-08-21 23:00:00,28.1,73,22.8,30.6,0.0,19.9,119,1009.3,80,0.0,30.744928191143533,3
2025-08-22 00:00:00,28.0,73,22.6,30.2,0.0,21.3,126,1009.5,90,0.0,30.625214930142626,3
2025-08-22 01:00:00,27.5,76,23.0,30.3,0.0,18.5,124,1009.2,37,0.0,30.462855700085413,3
2025-08-22 02:00:00,27.1,80,23.4,30.4,0.0,16.9,123,1009.1,98,0.0,30.545428504161727,3
2025-08-22 03:00:00,27.0,81,23.5,30.7,0.0,14.2,112,1009.1,99,0.0,30.56276985766417,3
2025-08-22 04:00:00,27.0,81,23.5,30.9,0.0,13.3,106,1008.9,29,0.0,30.56276985766417,3
2025-08-22 05:00:00,26.9,82,23.5,31.1,0.0,11.1,98,1008.9,25,0.0,30.578812793729853,3
2025-08-22 06:00:00,26.9,82,23.5,31.0,0.0,11.7,105,1009.0,66,2.0,30.578812793729853,3
2025-08-22 07:00:00,27.5,78,23.4,31.5,0.0,11.7,115,1009.3,57,81.0,30.750496639561344,3
2025-08-22 08:00:00,28.3,74,23.2,32.1,0.0,12.7,126,1009.0,35,248.0,31.135988837405346,4
2025-08-22 09:00:00,29.0,71,23.2,32.8,0.1,12.4,137,1009.1,38,422.0,31.52308535816207,4
2025-08-22 10:00:00,30.0,66,23.0,33.9,0.0,14.4,124,1009.5,7,628.0,31.918443933021965,4
2025-08-22 11:00:00,30.6,64,23.0,35.2,0.0,14.1,127,1009.2,23,746.0,32.29733412721285,4
2025-08-22 12:00:00,31.2,62,23.1,36.7,0.0,12.4,132,1009.0,100,865.0,32.66388507465047,4
2025-08-22 13:00:00,31.5,61,23.0,37.0,0.0,12.3,140,1008.6,100,871.0,32.84228894234697,4
2025-08-22 14:00:00,31.6,60,22.9,36.7,0.0,12.7,144,1008.2,100,809.0,32.779649871498215,4
2025-08-22 15:00:00,31.6,60,23.0,36.3,0.0,11.2,145,1008.0,32,698.0,32.779649871498215,4
2025-08-22 16:00:00,31.5,61,23.0,36.1,0.0,7.5,153,1008.0,40,581.0,32.84228894234697,4
2025-08-22 17:00:00,31.0,63,23.1,36.0,0.0,4.0,183,1007.9,32,400.0,32.60176992047838,4
2025-08-22 18:00:00,30.5,65,23.1,35.6,0.0,3.7,231,1008.0,14,190.0,32.34902727526769,4
2025-08-22 19:00:00,30.2,64,22.8,34.6,0.0,6.9,265,1008.3,80,36.0,31.82192839809537,4
2025-08-22 20:00:00,29.9,67,23.0,34.1,0.0,8.8,282,1009.1,99,0.0,31.964308740574513,4
2025-08-22 21:00:00,29.3,70,23.4,33.7,0.0,8.9,297,1009.7,98,0.0,31.727883661420673,4
2025-08-22 22:00:00,28.8,75,23.9,34.1,0.0,4.7,317,1009.9,99,0.0,31.902145568024686,4
2025-08-22 23:00:00,28.2,80,24.4,34.2,0.0,2.6,321,1010.0,32,0.0,31.913576419016156,4
2025-08-23 00:00:00,27.9,84,24.8,34.0,0.0,3.2,304,1010.0,18,0.0,32.12515845033643,4
2025-08-23 01:00:00,27.7,86,25.2,33.7,0.0,5.8,290,1009.6,57,0.0,32.159581868133095,4
2025-08-23 02:00:00,27.6,88,25.5,33.3,0.0,9.1,285,1009.5,29,0.0,32.31946099575145,4
2025-08-23 03:00:00,27.5,87,25.2,33.0,0.0,9.6,273,1009.5,44,0.0,32.044880867203034,4
2025-08-23 04:00:00,27.5,85,24.8,32.6,0.1,10.1,268,1009.8,96,0.0,31.757239927727106,4
2025-08-23 05:00:00,27.4,85,24.6,32.4,0.1,10.3,268,1009.8,42,0.0,31.629367694173215,4
2025-08-23 06:00:00,27.4,86,24.8,32.5,0.0,10.1,270,1010.1,17,2.0,31.772350843516428,4
2025-08-23 07:00:00,28.0,83,24.8,33.1,0.0,10.3,263,1010.6,27,81.0,32.10592930413476,4
2025-08-23 08:00:00,28.8,78,24.5,33.4,0.0,12.1,265,1010.8,37,234.0,32.367447390745674,4
2025-08-23 09:00:00,29.6,75,24.6,34.4,0.0,11.7,273,1010.9,13,410.0,32.90457750501926,4
2025-08-23 10:00:00,30.5,71,24.6,35.0,0.1,13.7,279,1011.3,1,569.0,33.37507594683086,4
2025-08-23 11:00:00,31.5,66,24.4,36.7,0.1,13.6,277,1011.2,96,728.0,33.74735360975246,4
2025-08-23 12:00:00,32.0,63,24.0,37.2,0.1,13.6,278,1010.7,100,749.0,33.81480824160033,4
2025-08-23 13:00:00,32.2,61,23.9,37.3,0.0,13.7,279,1010.3,99,735.0,33.68463738207911,4
2025-08-23 14:00:00,32.3,59,23.4,36.7,0.0,15.8,289,1010.1,100,736.0,33.42747149173241,4
2025-08-23 15:00:00,32.3,56,22.5,35.2,0.0,16.2,294,1009.7,79,540.0,32.859333958254496,4
2025-08-23 16:00:00,32.0,57,22.4,35.0,0.0,14.3,295,1009.5,38,496.0,32.69758840906697,4
2025-08-23 17:00:00,31.4,59,22.5,34.6,0.0,13.6,298,1009.7,29,384.0,32.36321485748239,4
2025-08-23 18:00:00,30.5,65,23.1,34.3,0.0,12.6,297,1010.1,17,188.0,32.34902727526769,4
2025-08-23 19:00:00,29.6,73,24.3,34.3,0.0,10.7,303,1010.4,13,33.0,32.57974077155208,4
2025-08-23 20:00:00,29.0,80,25.1,34.7,0.0,8.0,312,1010.8,15,0.0,32.93520885426712,4
2025-08-23 21:00:00,28.8,83,25.5,34.9,0.0,6.3,301,1011.3,20,0.0,33.14295042861398,4
2025-08-23 22:00:00,28.7,83,25.5,34.9,0.0,5.9,310,1011.6,99,0.0,33.01202944563131,4
2025-08-23 23:00:00,28.6,84,25.6,34.9,0.0,5.9,305,1012.0,100,0.0,33.034797761090765,4
2025-08-24 00:00:00,28.2,87,25.8,34.8,0.0,4.8,301,1012.2,100,0.0,32.96219185568006,4
2025-08-24 01:00:00,28.2,87,25.9,34.6,0.0,6.2,278,1011.8,99,0.0,32.96219185568006,4
2025-08-24 02:00:00,28.0,87,25.7,34.5,0.0,4.9,268,1011.6,100,0.0,32.69821505373162,4
2025-08-24 03:00:00,27.6,89,25.6,34.3,0.0,3.3,276,1011.7,100,0.0,32.46412305252135,4
2025-08-24 04:00:00,27.1,91,25.5,33.7,0.0,2.8,320,1011.5,98,0.0,32.09089117348396,4
2025-08-24 05:00:00,26.8,92,25.3,33.2,0.0,3.8,341,1012.0,99,0.0,31.835998659651562,4
2025-08-24 06:00:00,26.7,92,25.2,33.0,0.0,4.0,342,1012.4,100,2.0,31.704966333179723,4
2025-08-24 07:00:00,28.0,85,25.2,34.3,0.0,3.4,313,1012.9,24,83.0,32.402072178933196,4
2025-08-24 08:00:00,29.4,76,24.6,34.9,0.0,6.5,267,1012.9,17,261.0,32.8124615276441,4
2025-08-24 09:00:00,30.2,71,24.4,35.5,0.0,7.1,240,1012.9,10,448.0,32.99864244163705,4
2025-08-24 10:00:00,31.4,65,24.0,36.5,0.0,9.2,250,1013.1,20,620.0,33.44315535146365,4
2025-08-24 11:00:00,32.2,60,23.5,37.8,0.0,9.8,257,1013.0,35,757.0,33.496322015159784,4
2025-08-24 12:00:00,32.8,55,22.6,37.7,0.0,13.4,265,1012.6,11,835.0,33.25032887118013,4
2025-08-24 13:00:00,33.5,51,21.9,37.6,0.0,15.6,277,1012.1,3,847.0,33.264950683489644,4
2025-08-24 14:00:00,33.5,50,21.6,37.6,0.0,14.1,284,1011.5,11,810.0,33.06239282695063,4
2025-08-24 15:00:00,33.1,52,21.8,36.7,0.0,14.5,281,1011.2,23,728.0,33.00781922928644,4
2025-08-24 16:00:00,32.6,55,22.4,35.7,0.0,14.0,277,1011.0,56,561.0,33.01730929350912,4
2025-08-24 17:00:00,31.9,59,22.8,35.4,0.0,13.0,280,1011.1,11,349.0,32.95144573208382,4
2025-08-24 18:00:00,31.0,62,22.9,34.7,0.0,12.3,284,1011.1,53,188.0,32.425821191581896,4
2025-08-24 19:00:00,30.2,66,23.2,34.1,0.0,11.7,284,1011.3,73,33.0,32.15813241053585,4
2025-08-24 20:00:00,29.5,72,24.0,34.1,0.0,10.5,303,1011.9,3,0.0,32.29360212053877,4
2025-08-24 21:00:00,29.0,76,24.4,34.0,0.0,8.8,321,1012.4,12,0.0,32.30759841155376,4
2025-08-24 22:00:00,28.5,85,25.8,34.7,0.0,7.5,307,1012.4,34,0.0,33.056166626562614,4
2025-08-24 23:00:00,28.4,87,26.0,34.5,0.0,8.4,301,1012.5,8,0.0,33.227698387003855,4
2025-08-25 00:00:00,28.2,88,26.0,34.5,0.0,7.6,298,1012.6,18,0.0,33.111994060917766,4
2025-08-25 01:00:00,27.9,90,26.0,34.4,0.0,6.5,294,1012.4,25,0.0,33.008434053931886,4
2025-08-25 02:00:00,27.6,91,26.0,34.4,0.0,5.0,305,1012.2,40,0.0,32.75344716606116,4
2025-08-25 03:00:00,27.2,92,25.9,34.0,0.0,4.0,333,1012.3,54,0.0,32.36395368733736,4
2025-08-25 04:00:00,26.8,94,25.7,33.4,0.0,3.8,352,1012.0,75,0.0,32.11209428268746,4
2025-08-25 05:00:00,26.5,95,25.6,33.2,0.0,3.0,327,1012.2,83,0.0,31.85094677767474,4
2025-08-25 06:00:00,26.5,95,25.6,33.4,0.0,2.2,346,1012.5,96,2.0,31.85094677767474,4
2025-08-25 07:00:00,28.0,89,26.0,35.1,0.0,1.6,333,1012.8,93,80.0,32.99435792853005,4
2025-08-25 08:00:00,29.2,79,25.3,35.6,0.0,3.9,257,1012.9,92,256.0,33.03550137102993,4
2025-08-25 09:00:00,30.1,73,24.8,36.1,0.0,4.5,230,1012.8,82,434.0,33.20813129285902,4
2025-08-25 10:00:00,31.5,66,24.4,37.4,0.0,6.5,231,1013.2,94,636.0,33.74735360975246,4
2025-08-25 11:00:00,32.2,62,24.0,38.6,0.0,6.9,219,1012.9,92,751.0,33.87295274899844,4
2025-08-25 12:00:00,32.8,59,23.6,38.9,0.0,8.7,214,1012.3,97,821.0,34.02943642544777,4
2025-08-25 13:00:00,33.0,57,23.3,39.0,0.0,9.3,217,1011.9,63,833.0,33.87846562419644,4
2025-08-25 14:00:00,32.9,57,23.2,38.1,0.0,11.3,248,1011.4,40,776.0,33.75902181809637,4
2025-08-25 15:00:00,32.8,55,22.5,36.5,0.0,14.8,261,1011.1,98,673.0,33.25032887118013,4
2025-08-25 16:00:00,32.5,55,22.3,35.6,0.0,14.4,270,1010.8,97,561.0,32.90123565896601,4
2025-08-25 17:00:00,31.4,61,23.0,34.8,0.0,14.0,257,1011.0,67,338.0,32.72319502214281,4
2025-08-25 18:00:00,30.5,66,23.5,35.1,0.0,8.5,242,1011.3,47,177.0,32.52003538719488,4
2025-08-25 19:00:00,30.0,70,23.9,35.1,0.0,6.4,202,1011.7,34,28.0,32.58319811078087,4
2025-08-25 20:00:00,29.5,73,24.2,34.6,0.0,7.4,179,1012.1,54,0.0,32.4550896499907,4
2025-08-25 21:00:00,29.1,76,24.5,34.6,0.0,6.6,189,1012.5,31,0.0,32.43329216941598,4
2025-08-25 22:00:00,29.5,76,24.8,35.4,0.0,4.0,207,1011.8,30,0.0,32.93955223834649,4
2025-08-25 23:00:00,29.2,77,24.9,35.1,0.0,5.2,221,1012.0,65,0.0,32.71805576670006,4
2025-08-26 00:00:00,29.0,79,24.9,34.7,0.0,6.4,218,1011.7,17,0.0,32.77830624358878,4
2025-08-26 01:00:00,28.7,80,25.0,34.5,0.0,6.2,216,1011.3,2,0.0,32.54941030904223,4
2025-08-26 02:00:00,28.5,81,24.9,34.4,0.0,5.9,218,1011.0,2,0.0,32.44644113825379,4
2025-08-26 03:00:00,28.3,81,24.8,34.1,0.0,5.7,212,1010.9,1,0.0,32.1907080517545,4
2025-08-26 04:00:00,28.0,82,24.7,33.9,0.0,5.0,224,1010.9,4,0.0,31.957857866735555,4
2025-08-26 05:00:00,27.7,83,24.6,33.6,0.0,4.0,243,1011.3,15,0.0,31.723058082035433,4
2025-08-26 06:00:00,27.4,85,24.6,33.4,0.0,3.2,243,1011.5,24,1.0,31.629367694173215,4
2025-08-26 07:00:00,28.5,79,24.4,34.0,0.0,5.2,236,1011.8,12,79.0,32.14157839409937,4
2025-08-26 08:00:00,29.1,75,24.2,34.3,0.0,7.6,225,1011.9,11,258.0,32.2754817461342,4
2025-08-26 09:00:00,29.8,72,24.1,34.6,0.1,8.7,223,1012.1,5,432.0,32.6657716434419,4
2025-08-26 10:00:00,31.0,65,23.8,36.1,0.0,8.6,202,1012.3,11,624.0,32.95366737827135,4
2025-08-26 11:00:00,31.8,60,23.0,37.3,0.0,8.4,189,1011.8,6,747.0,33.01731098289845,4
2025-08-26 12:00:00,32.1,59,23.2,38.1,0.0,9.1,219,1011.7,44,838.0,33.18884824213571,4
2025-08-26 13:00:00,30.9,64,23.4,36.4,1.9,5.7,215,1011.3,18,651.0,32.65715121983522,4
2025-08-26 14:00:00,32.0,58,22.7,37.6,0.0,6.9,195,1010.8,26,762.0,32.88379171448919,4
2025-08-26 15:00:00,32.3,57,22.7,37.3,0.0,6.1,182,1009.7,17,651.0,33.048713136080465,4
2025-08-26 16:00:00,32.0,59,23.0,36.3,0.0,7.5,204,1009.2,27,525.0,33.069995019911424,4
2025-08-26 17:00:00,31.5,61,23.2,36.2,0.0,6.6,196,1009.1,32,323.0,32.84228894234697,4
2025-08-26 18:00:00,31.2,62,23.1,35.7,0.0,6.9,200,1009.3,44,159.0,32.66388507465047,4
2025-08-26 19:00:00,30.9,63,23.0,35.7,0.0,4.2,223,1009.4,33,25.0,32.4822004195253,4
2025-08-26 20:00:00,30.2,68,23.7,36.0,0.0,1.1,189,1010.0,8,0.0,32.49433642297633,4
2025-08-26 21:00:00,29.6,71,23.7,35.3,0.0,1.5,346,1010.8,28,0.0,32.2549040380849,4
2025-08-26 22:00:00,27.9,83,24.6,33.9,1.1,3.3,347,1011.2,61,0.0,31.977945849737186,4
2025-08-26 23:00:00,27.4,85,24.8,33.3,1.6,4.6,11,1011.4,65,0.0,31.629367694173215,4
2025-08-27 00:00:00,26.2,94,25.1,32.8,1.3,2.1,70,1011.3,69,0.0,31.321984679226905,4
2025-08-27 01:00:00,26.1,97,25.5,32.8,0.0,3.1,21,1010.7,63,0.0,31.589070961393855,4
2025-08-27 02:00:00,26.0,98,25.7,32.9,0.0,2.2,48,1010.3,87,0.0,31.588460893442583,4
2025-08-27 03:00:00,25.8,95,24.9,31.4,0.4,6.9,265,1010.7,100,0.0,30.93300410493039,3
2025-08-27 04:00:00,25.5,94,24.6,30.8,0.2,8.5,269,1010.7,100,0.0,30.41742301272058,3
2025-08-27 05:00:00,25.2,94,24.3,30.2,0.2,9.3,304,1011.0,100,0.0,30.035304958123426,3
2025-08-27 06:00:00,25.3,94,24.2,30.8,0.0,5.2,268,1010.6,100,1.0,30.16231237097325,3
2025-08-27 07:00:00,25.8,92,24.5,31.6,0.0,4.0,8,1011.2,100,30.0,30.542549238458907,3
2025-08-27 08:00:00,26.7,89,24.8,33.0,0.0,2.1,232,1011.0,97,149.0,31.293246778836906,4
2025-08-27 09:00:00,28.5,79,24.4,33.8,0.0,6.7,234,1010.9,97,433.0,32.14157839409937,4
2025-08-27 10:00:00,27.0,85,24.1,32.2,0.1,6.3,297,1011.0,100,270.0,31.121474541993262,4
2025-08-27 11:00:00,29.2,74,24.2,35.1,0.1,6.9,298,1010.9,100,662.0,32.241887360205254,4
2025-08-27 12:00:00,31.0,66,24.0,37.6,0.0,7.4,274,1010.7,26,823.0,33.12961610716783,4
2025-08-27 13:00:00,31.2,66,24.2,36.8,0.0,11.7,272,1010.5,35,725.0,33.375722821402114,4
2025-08-27 14:00:00,30.7,68,24.0,35.6,0.1,14.2,290,1010.3,34,707.0,33.1088390266447,4
2025-08-27 15:00:00,30.5,69,24.3,34.8,0.1,15.3,282,1010.1,65,580.0,33.03305972297647,4
2025-08-27 16:00:00,29.0,78,24.8,33.4,1.8,14.8,284,1010.3,50,421.0,32.62140363291044,4
2025-08-27 17:00:00,28.0,82,24.6,32.8,2.5,11.9,265,1011.2,76,338.0,31.957857866735555,4
2025-08-27 18:00:00,27.1,87,24.8,32.7,0.8,6.7,294,1011.4,40,126.0,31.528904748275878,4
2025-08-27 19:00:00,26.6,89,24.6,32.2,0.7,6.2,248,1011.9,86,23.0,31.165005258067534,4
2025-08-27 20:00:00,26.6,91,25.1,33.4,0.1,0.8,225,1012.4,29,0.0,31.437877286338715,4
2025-08-27 21:00:00,26.2,91,24.6,32.5,0.1,1.8,246,1012.7,50,0.0,30.92220006180477,3
2025-08-27 22:00:00,26.8,96,26.1,33.4,0.0,5.8,300,1012.5,5,0.0,32.388189905723365,4
2025-08-27 23:00:00,26.3,96,25.6,32.6,0.0,6.1,330,1012.3,1,0.0,31.720809945677846,4
2025-08-28 00:00:00,26.0,96,25.2,32.1,0.0,5.5,316,1012.5,13,0.0,31.325063732351918,4
2025-08-28 01:00:00,25.6,96,25.0,31.3,0.0,7.3,324,1012.4,11,0.0,30.8027704834843,3
2025-08-28 02:00:00,25.5,95,24.6,31.1,0.0,5.9,322,1012.2,1,0.0,30.545283895834633,3
2025-08-28 03:00:00,25.4,94,24.5,30.9,0.0,6.0,333,1011.9,3,0.0,30.289684525068505,3
2025-08-28 04:00:00,25.1,94,24.2,30.7,0.0,4.8,338,1011.8,17,0.0,29.90866069969871,3
2025-08-28 05:00:00,24.9,93,23.8,30.2,0.0,4.3,2,1011.9,16,0.0,29.53307069508984,3
2025-08-28 06:00:00,24.8,92,23.3,29.7,0.0,5.1,17,1012.4,11,1.0,29.285586999652423,3
2025-08-28 07:00:00,25.5,91,23.9,30.9,0.0,4.6,18,1012.7,7,79.0,30.033840363378438,3
2025-08-28 08:00:00,27.4,85,24.6,33.5,0.0,2.4,17,1012.7,91,253.0,31.629367694173215,4
2025-08-28 09:00:00,28.8,77,24.3,34.8,0.0,2.2,325,1012.8,93,449.0,32.21234678317201,4
2025-08-28 10:00:00,30.3,70,24.2,36.4,0.0,2.5,249,1013.3,100,579.0,32.95471298195988,4
2025-08-28 11:00:00,31.1,64,23.5,37.0,0.0,5.4,233,1013.0,100,691.0,32.898602454688536,4
2025-08-28 12:00:00,31.7,60,23.0,37.6,0.0,6.5,231,1012.3,40,766.0,32.898327778047445,4
2025-08-28 13:00:00,32.2,58,23.0,38.2,0.0,8.3,224,1011.9,11,838.0,33.119691281321124,4
2025-08-28 14:00:00,32.3,57,22.8,37.8,0.0,8.3,240,1011.5,12,765.0,33.048713136080465,4
2025-08-28 15:00:00,32.5,56,22.6,37.3,0.0,9.0,255,1011.2,24,683.0,33.092758125492665,4
2025-08-28 16:00:00,32.3,57,22.8,36.2,0.0,10.2,260,1011.1,98,539.0,33.048713136080465,4
2025-08-28 17:00:00,31.8,60,23.0,35.4,0.0,12.6,273,1011.3,73,337.0,33.01731098289845,4
2025-08-28 18:00:00,30.5,68,24.0,35.0,0.0,11.5,299,1011.5,78,173.0,32.862051611049274,4
2025-08-28 19:00:00,29.2,73,23.8,33.7,0.0,9.7,331,1012.0,98,24.0,32.083164558040316,4
2025-08-28 20:00:00,28.0,77,23.5,32.6,0.0,7.9,343,1012.7,95,0.0,31.217500679739484,4
2025-08-28 21:00:00,27.0,83,23.8,32.3,0.0,3.8,341,1013.2,94,0.0,30.84212219982871,3
2025-08-28 22:00:00,26.6,85,23.9,31.9,0.0,5.2,344,1013.4,87,0.0,30.619261201525173,3
2025-08-28 23:00:00,25.7,92,24.2,31.5,0.0,3.0,295,1013.7,44,0.0,30.41523718578384,3
2025-08-29 00:00:00,25.2,96,24.5,31.3,0.0,2.3,309,1013.7,99,0.0,30.286515701913288,3
2025-08-29 01:00:00,24.9,97,24.4,31.0,0.0,1.8,349,1013.4,80,0.0,30.02660921960983,3
2025-08-29 02:00:00,25.0,94,23.9,30.7,0.0,1.8,6,1013.4,59,0.0,29.782378014356706,3
2025-08-29 03:00:00,25.0,91,23.4,30.6,0.0,1.5,36,1013.2,39,0.0,29.41001488623894,3
2025-08-29 04:00:00,25.1,87,22.8,30.1,0.0,2.8,27,1013.1,6,0.0,29.034631711423277,3
2025-08-29 05:00:00,24.9,87,22.5,29.5,0.0,4.3,33,1013.5,10,0.0,28.79276290830985,3
2025-08-29 06:00:00,24.7,88,22.5,29.2,0.0,4.6,39,1013.8,55,1.0,28.674144282405468,3
2025-08-29 07:00:00,26.2,84,23.4,31.1,0.0,5.6,68,1014.6,27,79.0,29.989369287819788,3
2025-08-29 08:00:00,28.0,81,24.4,33.7,0.0,4.7,97,1014.9,60,259.0,31.80978642933634,4
2025-08-29 09:00:00,29.2,77,24.8,35.2,0.0,4.1,151,1015.1,79,456.0,32.71805576670006,4
2025-08-29 10:00:00,30.1,74,25.0,36.3,0.0,6.8,205,1015.3,76,619.0,33.37527418728175,4
2025-08-29 11:00:00,30.5,73,25.1,37.3,0.0,7.7,205,1015.2,91,737.0,33.71709217068525,4
2025-08-29 12:00:00,31.3,69,25.0,38.9,0.0,5.2,226,1014.7,23,807.0,34.03618573074472,4
2025-08-29 13:00:00,32.2,64,24.5,39.3,0.0,6.1,240,1014.4,18,812.0,34.2495834828371,4
2025-08-29 14:00:00,32.8,58,23.3,38.7,0.0,8.3,231,1013.8,7,805.0,33.834659536880864,4
2025-08-29 15:00:00,32.8,55,22.6,37.4,0.0,8.3,250,1013.3,5,647.0,33.25032887118013,4
2025-08-29 16:00:00,32.7,55,22.4,36.8,0.0,7.1,240,1013.2,6,532.0,33.13367330178168,4
2025-08-29 17:00:00,32.2,56,22.5,36.5,0.0,6.5,228,1013.4,5,358.0,32.743060547482465,4
2025-08-29 18:00:00,31.0,65,23.6,35.9,0.0,6.4,227,1013.6,3,168.0,32.95366737827135,4
2025-08-29 19:00:00,29.5,77,25.0,35.8,0.0,3.5,235,1014.0,13,23.0,33.10103976779841,4
2025-08-29 20:00:00,28.6,83,25.5,35.4,0.0,2.7,332,1014.5,15,0.0,32.88148112107778,4
2025-08-29 21:00:00,28.0,86,25.5,34.4,0.0,5.1,8,1015.0,8,0.0,32.550143616332406,4
2025-08-29 22:00:00,28.0,85,25.1,34.2,0.0,4.2,329,1015.2,4,0.0,32.402072178933196,4
2025-08-29 23:00:00,27.5,88,25.4,33.7,0.0,5.6,335,1015.6,2,0.0,32.188701336941,4
2025-08-30 00:00:00,26.9,92,25.5,33.5,0.0,3.1,24,1015.3,1,0.0,31.967411914916422,4
2025-08-30 01:00:00,26.5,93,25.4,32.8,0.0,4.9,33,1014.9,4,0.0,31.579674213934215,4
2025-08-30 02:00:00,26.1,95,25.2,32.6,0.0,3.1,36,1014.9,0,0.0,31.324114859097076,4
2025-08-30 03:00:00,26.0,95,25.0,32.2,0.0,3.2,56,1015.1,3,0.0,31.193365151806585,4
2025-08-30 04:00:00,26.0,93,24.9,32.1,0.0,4.4,69,1014.9,3,0.0,30.929967990715923,3
2025-08-30 05:00:00,26.0,93,24.8,32.0,0.0,4.0,51,1015.2,37,0.0,30.929967990715923,3
2025-08-30 06:00:00,25.5,95,24.7,31.7,0.0,2.6,65,1015.1,33,1.0,30.545283895834633,3
2025-08-30 07:00:00,26.8,89,24.9,32.9,0.0,4.3,62,1015.3,9,73.0,31.421855225097705,4
2025-08-30 08:00:00,28.4,85,25.5,35.0,0.0,3.3,96,1015.3,2,247.0,32.92459727465894,4
2025-08-30 09:00:00,29.6,78,25.4,36.0,0.0,4.1,157,1015.2,8,433.0,33.39183260522003,4
2025-08-30 10:00:00,31.0,72,25.2,37.6,0.0,4.1,178,1015.6,4,611.0,34.185308480546716,4
2025-08-30 11:00:00,31.5,70,25.2,38.5,0.0,6.9,189,1014.9,16,740.0,34.47140534367685,4
2025-08-30 12:00:00,31.8,69,25.5,39.2,0.0,8.5,186,1014.2,13,818.0,34.67431763033322,4
2025-08-30 13:00:00,32.1,67,25.1,39.3,0.0,8.6,192,1013.7,21,836.0,34.68690224106937,4
2025-08-30 14:00:00,32.7,61,24.2,39.6,0.0,5.7,193,1013.3,13,797.0,34.2957940256124,4
2025-08-30 15:00:00,32.8,57,23.2,37.7,0.0,9.2,197,1012.9,100,658.0,33.63988264831395,4
2025-08-30 16:00:00,32.2,59,23.2,36.7,0.0,8.0,208,1012.9,100,413.0,33.30800664824045,4
2025-08-30 17:00:00,31.8,62,23.6,36.7,0.0,6.9,240,1013.0,100,257.0,33.385534682328405,4
2025-08-30 18:00:00,31.1,64,23.5,36.3,0.0,4.3,253,1013.0,100,123.0,32.898602454688536,4
2025-08-30 19:00:00,30.3,70,24.1,36.2,0.0,1.8,264,1013.1,85,17.0,32.95471298195988,4
2025-08-30 20:00:00,29.5,77,25.0,36.0,0.0,0.7,256,1013.5,81,0.0,33.10103976779841,4
2025-08-30 21:00:00,29.0,79,25.0,35.7,0.0,0.4,117,1013.9,35,0.0,32.77830624358878,4
2025-08-30 22:00:00,29.0,83,25.9,35.7,0.0,4.7,261,1013.8,82,0.0,33.405916686302135,4
2025-08-30 23:00:00,28.7,85,25.9,35.6,0.0,2.9,270,1013.9,56,0.0,33.32044220335737,4
2025-08-31 00:00:00,28.2,87,25.8,35.2,0.0,2.2,318,1013.7,8,0.0,32.96219185568006,4
2025-08-31 01:00:00,27.6,90,26.0,34.7,0.0,2.3,39,1013.1,6,0.0,32.608785109291254,4
2025-08-31 02:00:00,27.4,92,26.0,34.4,0.0,2.5,60,1012.9,7,0.0,32.63024973957571,4
2025-08-31 03:00:00,27.1,94,26.0,34.2,0.0,2.8,45,1012.9,25,0.0,32.51238099239003,4
2025-08-31 04:00:00,27.0,94,25.9,33.7,0.0,4.6,42,1013.0,94,0.0,32.37856008173372,4
2025-08-31 05:00:00,26.6,93,25.5,32.8,0.0,5.9,52,1012.8,84,0.0,31.7107493146099,4
2025-08-31 06:00:00,26.4,92,25.0,32.2,0.0,6.5,56,1012.9,60,1.0,31.314138604019565,4
2025-08-31 07:00:00,27.3,88,25.1,32.9,0.0,8.4,67,1012.4,39,71.0,31.92830681005328,4
2025-08-31 08:00:00,28.9,82,25.5,35.0,0.0,6.7,90,1012.4,100,252.0,33.118246302665064,4
2025-08-31 09:00:00,29.9,75,25.0,35.8,0.1,6.0,127,1012.5,100,418.0,33.28622023198639,4
2025-08-31 10:00:00,30.6,72,25.0,36.1,0.1,9.1,144,1012.7,35,572.0,33.673225893114456,4
2025-08-31 11:00:00,31.0,71,25.0,36.9,0.3,11.7,143,1012.4,98,704.0,34.00935975165024,4
2025-08-31 12:00:00,31.5,68,24.9,38.1,0.3,10.3,145,1012.1,96,804.0,34.10937947671466,4
2025-08-31 13:00:00,32.2,65,24.7,39.3,0.0,7.0,130,1011.4,99,812.0,34.43789884975643,4
2025-08-31 14:00:00,32.3,64,24.6,38.8,0.1,7.6,146,1011.4,100,732.0,34.374367380862275,4
2025-08-31 15:00:00,28.0,80,24.4,32.3,11.5,14.4,212,1012.1,100,367.0,31.661714991937128,4
2025-08-31 16:00:00,26.9,89,25.0,33.5,3.2,0.6,146,1011.7,100,101.0,31.55083217856045,4
2025-08-31 17:00:00,27.1,90,25.2,33.5,0.1,3.8,73,1010.9,100,120.0,31.95039456718194,4
2025-08-31 18:00:00,27.0,90,25.3,33.2,0.0,5.1,96,1010.5,100,72.0,31.81985539740463,4
2025-08-31 19:00:00,26.9,92,25.5,33.3,0.0,4.1,105,1010.7,100,16.0,31.967411914916422,4
2025-08-31 20:00:00,26.8,93,25.5,33.0,0.0,5.6,83,1010.8,100,0.0,31.974046471169512,4
2025-08-31 21:00:00,26.9,92,25.4,32.7,0.0,7.9,86,1011.1,100,0.0,31.967411914916422,4
2025-08-31 22:00:00,28.5,88,26.2,35.0,0.0,7.4,116,1010.1,100,0.0,33.51346074279424,4
2025-08-31 23:00:00,28.6,85,26.0,34.8,0.0,8.7,112,1010.0,100,0.0,33.18811440110375,4
2025-09-01 00:00:00,26.5,87,24.0,30.1,4.3,16.9,230,1011.2,100,0.0,30.765856522712653,3
2025-09-01 01:00:00,25.5,96,24.8,31.3,3.2,5.4,222,1010.6,83,0.0,30.67314477894868,3
2025-09-01 02:00:00,26.0,93,24.7,32.2,0.1,2.0,180,1010.3,72,0.0,30.929967990715923,3
2025-09-01 03:00:00,26.6,87,24.3,32.2,0.0,4.9,216,1010.0,29,0.0,30.892133229796354,3
2025-09-01 04:00:00,26.9,87,24.6,32.5,0.0,5.7,198,1009.7,23,0.0,31.273112354323136,4
2025-09-01 05:00:00,26.1,91,24.6,32.1,0.0,3.3,135,1009.6,27,0.0,30.794202654503515,3
2025-09-01 06:00:00,26.2,93,25.0,32.2,0.0,5.5,122,1010.2,36,1.0,31.188723140086193,4
2025-09-01 07:00:00,26.9,93,25.5,32.6,0.0,9.6,113,1010.4,24,69.0,32.10627182703508,4
2025-09-01 08:00:00,27.9,86,25.2,33.1,0.3,11.2,112,1010.4,28,236.0,32.419583651534914,4
2025-09-01 09:00:00,29.1,77,24.8,34.1,0.1,11.3,127,1010.2,24,403.0,32.59110259269777,4
2025-09-01 10:00:00,30.5,68,23.9,34.9,0.1,11.0,148,1011.0,79,381.0,32.862051611049274,4
2025-09-01 11:00:00,31.2,68,24.5,36.1,0.1,13.2,128,1010.8,12,631.0,33.731641694777935,4
2025-09-01 12:00:00,32.2,62,24.0,37.9,0.1,11.9,149,1010.4,34,789.0,33.87295274899844,4
2025-09-01 13:00:00,31.9,63,24.0,37.4,0.2,7.5,191,1010.4,60,634.0,33.69206578171662,4
2025-09-01 14:00:00,30.4,73,24.9,36.8,4.5,6.6,127,1009.6,27,667.0,33.58932543239234,4
2025-09-01 15:00:00,31.2,67,24.4,36.5,0.0,8.7,138,1009.2,42,583.0,33.55368225809003,4
2025-09-01 16:00:00,30.8,69,24.5,35.3,0.0,12.3,146,1008.6,37,431.0,33.406687831367684,4
2025-09-01 17:00:00,30.2,72,24.5,35.2,0.0,9.5,155,1008.8,27,310.0,33.16674444785729,4
2025-09-01 18:00:00,29.8,75,24.8,35.6,0.0,5.4,132,1008.3,18,145.0,33.158653795251986,4
2025-09-01 19:00:00,29.0,81,25.5,35.3,0.0,5.0,145,1008.7,7,18.0,33.09211146494546,4
2025-09-01 20:00:00,28.9,84,25.9,35.6,0.0,4.0,162,1009.4,9,0.0,33.430244992973975,4
2025-09-01 21:00:00,28.8,85,26.0,35.6,0.0,3.8,180,1009.6,8,0.0,33.45315164376131,4
2025-09-01 22:00:00,28.9,85,26.0,35.8,0.1,4.0,85,1009.3,20,0.0,33.586244338128424,4
2025-09-01 23:00:00,28.0,88,25.8,34.1,0.0,8.5,72,1009.8,15,0.0,32.84628649113083,4
2025-09-02 00:00:00,26.9,88,24.8,32.6,0.8,6.1,114,1010.5,82,0.0,31.411972266441797,4
2025-09-02 01:00:00,26.2,94,25.2,30.9,0.2,15.2,106,1009.6,40,0.0,31.321984679226905,4
2025-09-02 02:00:00,25.8,94,24.8,30.8,0.0,10.5,110,1009.7,72,0.0,30.80285248277323,3
2025-09-02 03:00:00,26.1,91,24.6,31.5,0.0,8.0,115,1009.4,39,0.0,30.794202654503515,3
2025-09-02 04:00:00,25.6,93,24.5,31.5,0.0,3.6,60,1009.6,29,0.0,30.416908905875413,3
2025-09-02 05:00:00,25.9,92,24.4,31.5,0.0,4.8,63,1009.5,17,0.0,30.67022611808896,3
2025-09-02 06:00:00,25.3,93,24.1,31.1,0.0,2.7,90,1009.9,21,0.0,30.035959047877792,3
2025-09-02 07:00:00,26.6,90,24.8,33.1,0.0,0.4,333,1010.5,31,67.0,31.301441272203125,4
2025-09-02 08:00:00,27.6,84,24.8,34.0,0.1,1.5,201,1010.3,100,205.0,31.74081276867184,4
2025-09-02 09:00:00,29.2,74,24.1,34.0,0.0,9.8,194,1010.4,100,397.0,32.241887360205254,4
2025-09-02 10:00:00,29.6,66,22.5,33.7,0.0,7.7,211,1010.8,100,379.0,31.442812204416953,4
2025-09-02 11:00:00,30.2,65,22.9,34.5,0.0,7.3,216,1010.9,100,502.0,31.99003040431561,4
2025-09-02 12:00:00,30.5,64,23.0,35.2,0.0,5.4,214,1010.6,100,536.0,32.178019163340494,4
2025-09-02 13:00:00,30.6,64,23.0,35.7,0.0,3.1,170,1009.8,100,494.0,32.29733412721285,4
2025-09-02 14:00:00,31.2,61,22.9,36.4,0.0,1.3,214,1009.0,100,513.0,32.48592563796256,4
2025-09-02 15:00:00,31.8,59,22.6,36.3,0.0,5.3,308,1008.9,80,488.0,32.83319913318348,4
2025-09-02 16:00:00,32.3,54,21.9,35.7,0.0,9.7,309,1009.1,22,489.0,32.48057560260254,4
2025-09-02 17:00:00,31.5,57,21.9,35.0,0.0,9.9,295,1009.1,35,322.0,32.11823720842258,4
2025-09-02 18:00:00,30.5,61,22.3,34.4,0.0,8.8,296,1009.2,30,145.0,31.66499482755891,4
2025-09-02 19:00:00,29.8,67,23.1,34.4,0.0,6.3,301,1009.5,39,16.0,31.84430139042511,4
2025-09-02 20:00:00,29.1,72,23.5,34.6,0.0,2.5,300,1009.8,10,0.0,31.80205047628883,4
2025-09-02 21:00:00,28.3,79,24.3,34.3,0.0,2.1,285,1010.1,2,0.0,31.889359704797595,4
2025-09-02 22:00:00,27.7,70,21.8,31.5,0.0,6.7,3,1010.7,1,0.0,29.831455008945547,3
2025-09-02 23:00:00,27.0,71,21.4,30.5,0.0,7.8,5,1010.8,2,0.0,29.16600814684143,3
2025-09-03 00:00:00,26.6,72,21.2,29.7,0.0,9.5,2,1010.8,18,0.0,28.8455930177625,3
2025-09-03 01:00:00,26.6,72,21.1,29.9,0.0,8.3,14,1010.8,81,0.0,28.8455930177625,3
2025-09-03 02:00:00,26.5,73,21.2,30.1,0.0,6.2,17,1010.8,79,0.0,28.86694857652901,3
2025-09-03 03:00:00,26.1,74,21.1,29.6,0.0,6.5,8,1010.4,22,0.0,28.542075784980884,3
2025-09-03 04:00:00,25.6,78,21.5,29.7,0.0,3.6,20,1010.4,27,0.0,28.487601017830993,3
2025-09-03 05:00:00,25.5,79,21.6,29.4,0.0,5.9,360,1010.4,11,0.0,28.499509766009854,3
2025-09-03 06:00:00,25.4,82,22.0,29.3,0.0,6.3,20,1010.5,16,0.0,28.764422670804443,3
2025-09-03 07:00:00,26.7,79,22.7,31.0,0.0,7.1,52,1010.9,3,71.0,29.920848264360853,3
2025-09-03 08:00:00,28.6,75,23.9,33.4,0.0,8.5,69,1010.7,9,250.0,31.6549480009739,4
2025-09-03 09:00:00,30.0,71,24.2,35.0,0.0,9.1,83,1010.8,6,448.0,32.7493866552206,4
2025-09-03 10:00:00,31.5,63,23.5,36.3,0.0,10.5,115,1011.1,52,624.0,33.20431480930917,4
2025-09-03 11:00:00,31.8,61,23.4,36.6,0.0,13.8,127,1010.8,99,755.0,33.201422832613424,4
2025-09-03 12:00:00,32.1,57,22.5,36.9,0.0,13.0,131,1010.3,100,815.0,32.814334742402295,4
2025-09-03 13:00:00,32.7,53,21.9,37.3,0.0,11.2,134,1009.9,100,798.0,32.74629972717143,4
2025-09-03 14:00:00,33.0,51,21.7,37.3,0.0,9.8,131,1009.4,100,718.0,32.696627137438924,4
2025-09-03 15:00:00,33.1,51,21.7,36.7,0.0,9.8,116,1008.9,100,599.0,32.809740013338626,4
2025-09-03 16:00:00,32.8,53,21.9,36.6,0.0,7.9,107,1008.5,100,445.0,32.8607750940463,4
2025-09-03 17:00:00,32.6,53,21.9,36.3,0.0,8.0,118,1008.4,17,312.0,32.632105319199695,4
2025-09-03 18:00:00,31.6,57,22.0,35.0,0.0,10.7,121,1008.7,17,147.0,32.2335273779233,4
2025-09-03 19:00:00,30.7,61,22.3,34.0,0.0,12.4,120,1009.3,93,16.0,31.89805118566657,4
2025-09-03 20:00:00,30.0,69,23.6,34.0,0.0,12.8,129,1009.9,100,0.0,32.41700956634114,4
2025-09-03 21:00:00,29.4,72,23.9,33.9,0.0,10.8,120,1010.0,100,0.0,32.170216184083884,4
2025-09-03 22:00:00,29.6,70,23.6,33.8,0.0,12.1,140,1010.3,85,0.0,32.09248567135131,4
2025-09-03 23:00:00,28.9,77,24.5,33.4,0.0,12.9,137,1010.4,94,0.0,32.33824957689281,4
2025-09-04 00:00:00,28.2,79,24.4,32.7,0.0,13.1,113,1010.4,99,0.0,31.76377421377845,4
2025-09-04 01:00:00,27.7,82,24.2,31.9,0.0,14.0,97,1009.9,64,0.0,31.57755015333621,4
2025-09-04 02:00:00,27.0,86,24.4,31.4,0.0,13.1,99,1009.8,27,0.0,31.261150713075534,4
2025-09-04 03:00:00,26.6,87,24.3,31.1,0.0,12.3,95,1009.3,67,0.0,30.892133229796354,3
2025-09-04 04:00:00,26.6,87,24.2,31.0,0.0,12.7,97,1008.9,41,0.0,30.892133229796354,3
2025-09-04 05:00:00,26.7,86,24.2,30.8,0.0,14.7,110,1008.9,100,0.0,30.88152722449409,3
2025-09-04 06:00:00,26.6,87,24.4,31.1,0.0,13.1,90,1008.7,100,0.0,30.892133229796354,3
2025-09-04 07:00:00,27.6,79,23.7,31.4,0.0,14.8,93,1008.7,100,66.0,31.017502484822327,4
2025-09-04 08:00:00,28.0,76,23.4,30.4,0.0,23.2,104,1008.8,100,194.0,31.069429242340266,4
2025-09-04 09:00:00,26.8,83,23.6,29.4,0.7,22.2,85,1009.3,100,265.0,30.593568355989994,3
2025-09-04 10:00:00,29.5,66,22.5,32.1,0.0,18.4,99,1009.1,100,326.0,31.32467694382721,4
2025-09-04 11:00:00,30.0,63,22.2,31.9,0.0,21.6,117,1008.9,100,402.0,31.419878299702784,4
2025-09-04 12:00:00,30.1,64,22.6,32.3,0.0,21.2,112,1008.3,100,476.0,31.703845243054484,4
2025-09-04 13:00:00,30.7,61,22.4,32.7,0.0,21.0,110,1007.6,100,548.0,31.89805118566657,4
2025-09-04 14:00:00,30.5,61,22.1,32.5,0.0,20.3,107,1007.4,100,348.0,31.66499482755891,4
2025-09-04 15:00:00,29.4,67,22.6,32.2,0.2,16.9,99,1006.9,100,154.0,31.367409504633624,4
2025-09-04 16:00:00,28.1,80,24.3,32.6,1.1,12.6,89,1006.0,100,83.0,31.787470620431268,4
2025-09-04 17:00:00,26.9,94,25.9,32.8,2.4,9.6,81,1005.5,100,46.0,32.24513173915373,4
2025-09-04 18:00:00,26.5,95,25.5,31.9,1.4,11.2,72,1005.6,100,25.0,31.85094677767474,4
2025-09-04 19:00:00,26.2,94,25.1,31.9,1.7,7.8,46,1005.6,100,3.0,31.321984679226905,4
2025-09-04 20:00:00,26.0,93,24.9,31.2,2.5,9.9,44,1006.0,100,0.0,30.929967990715923,3
2025-09-04 21:00:00,25.9,93,24.7,30.7,0.9,11.8,23,1005.9,100,0.0,30.801149228068187,3
2025-09-04 22:00:00,26.2,91,24.5,31.3,0.2,9.4,5,1005.7,100,0.0,30.92220006180477,3
2025-09-04 23:00:00,26.0,93,24.8,30.8,0.1,12.2,332,1005.2,100,0.0,30.929967990715923,3
2025-09-05 00:00:00,26.1,92,24.7,31.0,0.1,11.1,330,1004.8,98,0.0,30.926680705651908,3
2025-09-05 01:00:00,26.0,93,24.6,30.6,0.0,12.6,326,1003.9,100,0.0,30.929967990715923,3
2025-09-05 02:00:00,25.8,93,24.5,30.6,0.0,10.9,343,1003.6,100,0.0,30.672700860616068,3
2025-09-05 03:00:00,25.6,93,24.5,30.4,0.0,11.5,325,1003.7,99,0.0,30.416908905875413,3
2025-09-05 04:00:00,25.7,92,24.4,30.1,0.0,13.2,320,1004.4,97,0.0,30.41523718578384,3
2025-09-05 05:00:00,25.8,91,24.3,30.2,0.0,12.7,316,1005.2,76,0.0,30.412397616301742,3
2025-09-05 06:00:00,25.9,92,24.5,30.5,0.0,12.2,301,1006.1,46,0.0,30.67022611808896,3
2025-09-05 07:00:00,26.9,88,24.8,31.4,0.0,14.5,304,1006.8,8,68.0,31.411972266441797,4
2025-09-05 08:00:00,28.2,81,24.6,32.6,0.0,14.2,310,1007.3,15,244.0,32.06337862425386,4
2025-09-05 09:00:00,29.2,75,24.3,33.3,0.0,15.3,313,1008.0,17,409.0,32.40061016237019,4
2025-09-05 10:00:00,30.0,71,24.2,34.3,0.1,14.2,328,1008.6,22,562.0,32.7493866552206,4
2025-09-05 11:00:00,30.9,67,24.0,35.8,0.1,12.6,326,1008.4,18,675.0,33.182003620765,4
2025-09-05 12:00:00,31.9,62,23.6,37.4,0.0,11.6,327,1008.0,19,793.0,33.50691076930842,4
2025-09-05 13:00:00,32.2,60,23.5,37.6,0.1,11.9,329,1007.7,24,796.0,33.496322015159784,4
2025-09-05 14:00:00,31.7,63,23.9,36.9,0.1,12.5,337,1007.9,26,734.0,33.44754916694982,4
2025-09-05 15:00:00,31.5,64,23.9,36.3,0.1,12.6,343,1007.8,8,659.0,33.38532774279027,4
2025-09-05 16:00:00,30.8,67,24.0,34.9,0.0,13.3,347,1008.0,17,506.0,33.05877224205268,4
2025-09-05 17:00:00,29.9,71,24.0,33.9,0.0,13.8,348,1008.4,6,329.0,32.62526448628045,4
2025-09-05 18:00:00,28.9,76,24.1,33.2,0.0,12.9,347,1009.0,4,144.0,32.18225023173836,4
2025-09-05 19:00:00,27.9,80,24.0,32.1,0.0,12.9,353,1009.5,3,13.0,31.53630804793946,4
2025-09-05 20:00:00,27.2,83,24.2,31.8,0.0,11.2,355,1010.0,0,0.0,31.092062565750002,4
2025-09-05 21:00:00,26.8,85,24.1,31.4,0.0,11.0,358,1010.4,0,0.0,30.869663979025898,3
2025-09-05 22:00:00,27.0,86,24.4,31.8,0.0,10.0,354,1010.9,0,0.0,31.261150713075534,4
2025-09-05 23:00:00,26.5,87,24.1,31.7,0.0,6.4,350,1010.7,0,0.0,30.765856522712653,3
2025-09-06 00:00:00,25.9,90,24.0,31.3,0.0,5.1,324,1010.5,0,0.0,30.408379898130505,3
2025-09-06 01:00:00,25.6,91,24.1,30.8,0.0,7.1,315,1010.3,0,0.0,30.159667854136156,3
2025-09-06 02:00:00,25.5,91,24.0,30.5,0.0,7.9,313,1010.3,0,0.0,30.033840363378438,3
2025-09-06 03:00:00,25.4,91,23.9,30.5,0.0,6.4,317,1010.4,0,0.0,29.908369061502494,3
2025-09-06 04:00:00,25.3,92,23.9,30.5,0.0,5.7,314,1010.5,0,0.0,29.90960572478233,3
2025-09-06 05:00:00,25.0,93,23.8,30.1,0.0,6.2,324,1010.6,0,0.0,29.65825697165079,3
2025-09-06 06:00:00,24.7,93,23.5,29.7,0.0,5.2,333,1010.6,2,0.0,29.283760434814873,3
2025-09-06 07:00:00,25.6,90,23.9,30.9,0.0,5.2,333,1010.5,0,69.0,30.031047328266528,3
2025-09-06 08:00:00,27.3,83,24.2,33.1,0.0,2.9,300,1010.7,0,251.0,31.21755642311843,4
2025-09-06 09:00:00,28.5,77,24.0,34.3,0.0,2.5,249,1010.7,0,451.0,31.83671564994496,4
2025-09-06 10:00:00,29.8,71,24.0,35.7,0.0,4.5,230,1010.9,0,627.0,32.50147759283854,4
2025-09-06 11:00:00,30.4,69,24.1,36.7,0.0,7.3,222,1010.7,0,760.0,32.90918705253522,4
2025-09-06 12:00:00,30.8,66,23.8,37.2,0.0,8.3,226,1010.2,1,832.0,32.88481444739517,4
2025-09-06 13:00:00,31.2,60,22.6,36.9,0.0,8.1,238,1009.5,5,811.0,32.307966201274645,4
2025-09-06 14:00:00,31.9,56,22.0,36.4,0.0,11.7,265,1009.2,4,784.0,32.39598069485922,4
2025-09-06 15:00:00,31.9,56,22.0,35.5,0.0,13.9,280,1009.1,5,682.0,32.39598069485922,4
2025-09-06 16:00:00,31.4,58,22.1,34.5,0.0,12.7,283,1009.0,4,522.0,32.18322477515218,4
2025-09-06 17:00:00,30.4,65,23.0,34.3,0.0,10.5,278,1009.1,5,335.0,32.22904867267811,4
2025-09-06 18:00:00,29.1,72,23.5,33.3,0.0,11.0,275,1009.1,9,140.0,31.80205047628883,4
2025-09-06 19:00:00,28.2,77,23.9,32.8,0.0,10.2,288,1009.2,6,12.0,31.464169803303047,4
2025-09-06 20:00:00,28.0,82,24.5,33.0,0.0,9.6,291,1009.9,1,0.0,31.957857866735555,4
2025-09-06 21:00:00,27.8,85,25.0,33.1,0.0,9.1,278,1010.3,0,0.0,32.143038827061446,4
2025-09-06 22:00:00,27.7,86,25.1,33.6,0.0,6.5,268,1010.4,0,0.0,32.159581868133095,4
2025-09-06 23:00:00,27.4,88,25.1,33.3,0.0,5.9,268,1010.2,0,0.0,32.05831714220285,4
2025-09-07 00:00:00,26.6,91,25.0,32.7,0.0,4.1,255,1009.7,1,0.0,31.437877286338715,4
2025-09-07 01:00:00,26.6,89,24.6,32.7,0.0,2.7,217,1009.3,1,0.0,31.165005258067534,4
2025-09-07 02:00:00,26.5,89,24.5,32.3,0.0,4.3,204,1009.0,0,0.0,31.037129086453174,4
2025-09-07 03:00:00,27.0,86,24.4,32.3,0.0,6.9,227,1008.9,1,0.0,31.261150713075534,4
2025-09-07 04:00:00,26.8,86,24.3,31.9,0.0,8.0,234,1008.6,1,0.0,31.007711790543848,4
2025-09-07 05:00:00,26.8,87,24.5,31.9,0.0,8.2,237,1008.6,0,0.0,31.1457596020618,4
2025-09-07 06:00:00,26.6,89,24.6,31.9,0.0,8.0,239,1008.8,65,0.0,31.165005258067534,4
2025-09-07 07:00:00,27.3,88,25.0,32.9,0.0,8.2,248,1009.3,99,68.0,31.92830681005328,4
2025-09-07 08:00:00,28.2,81,24.7,33.4,0.0,9.0,237,1009.5,96,248.0,32.06337862425386,4
2025-09-07 09:00:00,28.9,79,24.8,34.2,0.0,8.6,233,1009.6,66,447.0,32.65024826720171,4
2025-09-07 10:00:00,30.2,71,24.4,35.5,0.0,10.0,237,1010.0,99,618.0,32.99864244163705,4
2025-09-07 11:00:00,31.0,64,23.5,36.0,0.1,10.2,240,1009.8,98,657.0,32.77771864937486,4
2025-09-07 12:00:00,32.2,58,23.0,37.3,0.0,10.0,242,1009.3,16,753.0,33.119691281321124,4
2025-09-07 13:00:00,32.7,56,22.8,37.9,0.0,11.6,262,1008.8,14,819.0,33.327360089086795,4
2025-09-07 14:00:00,32.6,56,22.8,36.8,0.0,15.3,273,1008.4,25,757.0,33.20991128066383,4
2025-09-07 15:00:00,31.4,64,23.9,34.8,0.0,20.3,280,1008.2,41,624.0,33.263165269133445,4
2025-09-07 16:00:00,31.1,68,24.5,35.2,0.0,15.7,275,1008.0,84,458.0,33.60640885810657,4
2025-09-07 17:00:00,30.4,71,24.5,35.4,0.0,9.9,279,1008.3,99,280.0,33.24925624246379,4
2025-09-07 18:00:00,29.9,76,25.3,35.3,0.0,10.8,288,1008.7,99,109.0,33.451459168412875,4
2025-09-07 19:00:00,29.2,79,25.3,34.7,0.0,10.4,253,1008.8,100,8.0,33.03550137102993,4
2025-09-07 20:00:00,28.9,82,25.5,35.0,0.0,6.8,259,1009.2,91,0.0,33.118246302665064,4
2025-09-07 21:00:00,28.5,85,25.8,34.7,0.0,7.4,276,1009.7,7,0.0,33.056166626562614,4
2025-09-07 22:00:00,28.5,86,26.0,35.3,0.0,4.2,216,1009.8,32,0.0,33.208597998639824,4
2025-09-07 23:00:00,28.5,86,26.0,35.0,0.0,5.3,192,1009.8,77,0.0,33.208597998639824,4
2025-09-08 00:00:00,28.5,83,25.4,34.4,0.0,7.2,207,1009.6,53,0.0,32.7513038824082,4
2025-09-08 01:00:00,28.5,81,25.0,33.7,0.0,10.2,217,1009.2,3,0.0,32.44644113825379,4
2025-09-08 02:00:00,28.3,82,25.0,33.5,0.0,10.2,234,1009.5,52,0.0,32.34138222523294,4
2025-09-08 03:00:00,26.0,86,23.4,29.6,3.9,14.8,309,1010.6,100,0.0,30.008077926898594,3
2025-09-08 04:00:00,25.5,93,24.3,30.7,1.4,7.7,307,1010.0,99,0.0,30.289562129606534,3
2025-09-08 05:00:00,26.1,93,24.9,31.5,0.0,8.5,270,1010.1,99,0.0,31.059158756800297,4
2025-09-08 06:00:00,26.0,94,24.9,31.3,0.1,9.4,293,1010.5,100,0.0,31.061666571261252,4
2025-09-08 07:00:00,26.2,93,25.0,31.8,0.1,7.9,287,1010.6,98,29.0,31.188723140086193,4
2025-09-08 08:00:00,27.5,86,25.0,32.8,0.0,10.0,249,1010.5,100,204.0,31.90106039746507,4
2025-09-08 09:00:00,28.2,82,24.9,33.3,0.2,10.8,255,1010.8,100,297.0,32.213180829491556,4
2025-09-08 10:00:00,27.8,86,25.2,34.2,0.0,3.6,311,1011.3,100,356.0,32.28939693090923,4
2025-09-08 11:00:00,29.0,81,25.4,35.4,0.0,3.6,250,1010.9,100,474.0,33.09211146494546,4
2025-09-08 12:00:00,29.7,78,25.5,36.4,0.0,3.6,264,1010.1,100,575.0,33.52150164594286,4
2025-09-08 13:00:00,30.8,73,25.5,38.1,0.2,5.5,257,1009.7,99,729.0,34.10251900999769,4
2025-09-08 14:00:00,31.5,69,25.0,38.2,0.1,8.5,266,1009.4,97,739.0,34.29039241019576,4
2025-09-08 15:00:00,31.4,66,24.2,35.8,0.0,12.6,274,1009.0,93,544.0,33.623145433793866,4
2025-09-08 16:00:00,30.9,70,24.6,35.1,0.0,15.8,297,1009.2,100,448.0,33.706856021694776,4
2025-09-08 17:00:00,28.5,80,24.9,33.2,1.1,13.5,245,1010.1,100,293.0,32.29400976617658,4
2025-09-08 18:00:00,27.6,85,24.9,33.2,0.1,7.4,238,1010.0,95,95.0,31.88547482544174,4
2025-09-08 19:00:00,27.2,88,25.0,33.5,0.0,3.6,252,1009.9,98,9.0,31.798668744409646,4
2025-09-08 20:00:00,27.0,90,25.4,33.7,0.0,2.5,270,1010.6,99,0.0,31.81985539740463,4
2025-09-08 21:00:00,26.9,92,25.5,33.6,0.0,2.3,293,1010.9,100,0.0,31.967411914916422,4
2025-09-08 22:00:00,28.0,83,24.9,33.2,0.0,9.2,220,1010.9,91,0.0,32.10592930413476,4
2025-09-08 23:00:00,27.8,83,24.6,33.4,0.0,5.9,227,1011.0,71,0.0,31.850322619365887,4
2025-09-09 00:00:00,27.2,87,24.9,33.5,0.0,2.9,223,1010.7,55,0.0,31.657347508677717,4
2025-09-09 01:00:00,27.4,86,24.9,34.0,0.0,0.4,270,1010.8,49,0.0,31.772350843516428,4
2025-09-09 02:00:00,26.6,90,24.8,32.9,0.0,2.2,360,1010.9,48,0.0,31.301441272203125,4
2025-09-09 03:00:00,25.6,92,24.2,29.9,0.0,13.5,333,1011.2,32,0.0,30.28828838000579,3
2025-09-09 04:00:00,25.2,92,23.9,30.3,0.0,6.8,335,1010.8,15,0.0,29.784094214333567,3
2025-09-09 05:00:00,25.0,94,24.0,29.7,0.2,9.5,331,1010.9,62,0.0,29.782378014356706,3
2025-09-09 06:00:00,24.2,94,23.3,29.3,0.3,4.4,341,1010.9,72,0.0,28.78494519885658,3
2025-09-09 07:00:00,25.3,91,23.8,30.7,0.0,4.1,2,1011.1,28,56.0,29.78325240168687,3
2025-09-09 08:00:00,26.6,89,24.6,32.7,0.0,3.4,16,1011.3,89,227.0,31.165005258067534,4
2025-09-09 09:00:00,28.2,82,24.9,33.9,0.0,6.5,268,1011.8,55,392.0,32.213180829491556,4
2025-09-09 10:00:00,30.6,71,24.9,36.5,0.0,6.5,268,1011.7,39,579.0,33.501239422376756,4
2025-09-09 11:00:00,29.8,72,24.1,34.9,0.4,13.4,305,1011.7,22,722.0,32.6657716434419,4
2025-09-09 12:00:00,30.5,67,23.8,35.8,0.0,13.9,287,1010.9,50,789.0,32.69104349912208,4
2025-09-09 13:00:00,30.6,67,23.9,35.8,0.0,10.8,294,1010.1,8,665.0,32.813293539425956,4
2025-09-09 14:00:00,31.8,61,23.4,37.3,0.0,9.8,288,1009.5,17,757.0,33.201422832613424,4
2025-09-09 15:00:00,32.0,59,22.9,36.8,0.0,7.6,278,1009.1,34,627.0,33.069995019911424,4
2025-09-09 16:00:00,31.7,59,22.8,36.3,0.0,5.6,295,1009.3,57,462.0,32.71525398174665,4
2025-09-09 17:00:00,31.0,64,23.2,35.5,0.0,7.1,344,1009.7,34,281.0,32.77771864937486,4
2025-09-09 18:00:00,29.8,70,23.8,34.7,0.0,7.6,18,1009.9,27,113.0,32.33718354223518,4
2025-09-09 19:00:00,28.8,75,23.9,33.4,0.0,9.0,23,1010.0,22,8.0,31.902145568024686,4
2025-09-09 20:00:00,27.8,78,23.6,32.1,0.0,10.4,8,1010.6,25,0.0,31.11853210012698,4
2025-09-09 21:00:00,27.4,80,23.6,32.2,0.0,7.0,26,1010.6,10,0.0,30.91445194745714,3
2025-09-09 22:00:00,28.0,82,24.5,33.4,0.0,6.7,180,1010.9,100,0.0,31.957857866735555,4
2025-09-09 23:00:00,27.2,81,23.8,31.0,0.0,14.9,182,1011.2,100,0.0,30.80942009428615,3
2025-09-10 00:00:00,27.0,84,24.1,32.5,0.0,5.0,167,1010.6,100,0.0,30.98179837091099,3
2025-09-10 01:00:00,26.9,85,24.2,31.8,0.0,9.0,102,1010.1,100,0.0,30.995392530085827,3
2025-09-10 02:00:00,26.6,87,24.4,31.5,0.0,9.7,94,1009.3,92,0.0,30.892133229796354,3
2025-09-10 03:00:00,26.4,91,24.9,31.8,1.4,8.7,96,1009.5,57,0.0,31.179297967019348,4
2025-09-10 04:00:00,26.5,92,25.1,32.0,0.0,9.2,97,1009.1,100,0.0,31.444037932063956,4
2025-09-10 05:00:00,26.5,92,25.0,31.5,0.0,12.3,105,1008.9,100,0.0,31.444037932063956,4
2025-09-10 06:00:00,26.4,90,24.6,31.3,0.4,10.2,127,1009.5,100,0.0,31.04445733001914,4
2025-09-10 07:00:00,25.6,96,25.0,31.5,1.4,5.8,194,1009.6,100,9.0,30.8027704834843,3
2025-09-10 08:00:00,25.5,92,24.1,31.1,2.5,4.5,265,1010.6,100,58.0,30.161701246492488,3
2025-09-10 09:00:00,25.1,97,24.6,30.7,3.4,5.9,315,1010.8,100,48.0,30.283244551816757,3
2025-09-10 10:00:00,25.5,96,24.8,31.6,6.5,3.6,252,1011.2,100,59.0,30.67314477894868,3
2025-09-10 11:00:00,25.7,96,25.0,32.2,2.2,1.9,326,1010.7,100,76.0,30.932773585165748,3
2025-09-10 12:00:00,26.0,93,24.8,32.1,2.4,3.5,282,1010.3,100,183.0,30.929967990715923,3
2025-09-10 13:00:00,26.9,85,24.2,32.4,0.2,5.2,248,1010.2,100,259.0,30.995392530085827,3
2025-09-10 14:00:00,27.4,82,24.1,32.5,0.3,7.1,260,1010.0,100,359.0,31.20041824614357,4
2025-09-10 15:00:00,28.1,77,23.8,32.9,0.1,8.4,259,1009.7,100,362.0,31.3406667221651,4
2025-09-10 16:00:00,28.3,72,22.8,32.3,0.4,9.1,280,1009.5,100,299.0,30.83464049044844,3
2025-09-10 17:00:00,27.7,79,23.8,32.3,0.1,9.4,282,1009.9,97,207.0,31.141026367238545,4
2025-09-10 18:00:00,27.0,85,24.3,32.4,0.0,6.3,288,1009.9,32,96.0,31.121474541993262,4
2025-09-10 19:00:00,26.0,91,24.4,32.0,0.0,2.7,293,1010.1,48,7.0,30.666570829625257,3
2025-09-10 20:00:00,25.7,92,24.2,31.6,0.0,2.3,337,1010.7,31,0.0,30.41523718578384,3
2025-09-10 21:00:00,25.2,93,23.9,30.7,0.0,4.0,350,1011.0,12,0.0,29.9096995862285,3
2025-09-10 22:00:00,25.3,94,24.2,30.5,0.3,6.9,23,1011.0,42,0.0,30.16231237097325,3
2025-09-10 23:00:00,25.2,95,24.3,30.9,0.1,4.0,18,1011.2,42,0.0,30.160910330018357,3
2025-09-11 00:00:00,25.0,96,24.2,30.3,0.1,6.5,28,1011.2,28,0.0,30.03062009976855,3
2025-09-11 01:00:00,24.9,95,24.0,29.7,0.1,8.3,77,1011.2,23,0.0,29.77983995734984,3
2025-09-11 02:00:00,24.5,94,23.5,28.9,0.1,10.1,96,1011.4,24,0.0,29.156333218707903,3
2025-09-11 03:00:00,24.3,94,23.2,28.7,0.0,8.3,63,1011.3,18,0.0,28.908391574831914,3
2025-09-11 04:00:00,24.1,93,23.0,28.5,0.0,7.8,53,1011.5,47,0.0,28.544217191121422,3
2025-09-11 05:00:00,24.0,92,22.7,28.0,0.0,9.6,52,1011.8,55,0.0,28.305240618741678,3
2025-09-11 06:00:00,24.2,91,22.6,28.4,0.0,7.5,53,1012.6,25,0.0,28.429938437190945,3
2025-09-11 07:00:00,24.6,90,22.9,28.7,0.0,9.7,39,1012.8,22,45.0,28.796038735282462,3
2025-09-11 08:00:00,25.8,85,23.1,30.2,0.0,7.8,38,1013.2,12,200.0,29.63148788335877,3
2025-09-11 09:00:00,27.0,79,23.0,31.5,0.0,7.2,77,1013.5,58,373.0,30.283417515499618,3
2025-09-11 10:00:00,28.1,75,23.3,32.5,0.0,8.7,107,1013.6,16,550.0,31.042797456654316,4
2025-09-11 11:00:00,29.0,72,23.5,34.3,0.0,9.3,122,1013.5,26,696.0,31.67998796884041,4
2025-09-11 12:00:00,29.4,72,23.7,35.0,0.1,8.0,121,1013.3,19,704.0,32.170216184083884,4
2025-09-11 13:00:00,29.2,74,24.2,35.0,0.0,11.7,110,1012.7,12,766.0,32.241887360205254,4
2025-09-11 14:00:00,29.5,75,24.5,36.1,0.0,7.6,78,1012.0,31,773.0,32.778064708894554,4
2025-09-11 15:00:00,29.5,74,24.4,35.0,0.0,6.4,68,1011.5,10,576.0,32.61657717944263,4
2025-09-11 16:00:00,29.8,72,24.1,35.3,0.0,4.7,74,1011.1,8,476.0,32.6657716434419,4
2025-09-11 17:00:00,29.1,73,23.8,34.1,0.4,6.9,105,1011.2,21,303.0,31.959860899570618,4
2025-09-11 18:00:00,27.0,87,24.8,32.1,0.9,10.5,121,1011.5,60,112.0,31.400826884157805,4
2025-09-11 19:00:00,26.8,89,24.8,32.2,0.1,8.4,79,1011.5,28,5.0,31.421855225097705,4
2025-09-11 20:00:00,25.2,91,23.6,29.2,0.8,12.7,83,1012.7,69,0.0,29.65848884243864,3
2025-09-11 21:00:00,25.5,91,23.8,29.6,0.1,12.7,97,1013.1,47,0.0,30.033840363378438,3
2025-09-11 22:00:00,25.2,87,23.0,29.5,0.0,8.3,44,1012.8,71,0.0,29.156067354858916,3
2025-09-11 23:00:00,25.2,91,23.6,29.3,0.0,12.9,78,1012.8,82,0.0,29.65848884243864,3
2025-09-12 00:00:00,25.4,91,23.9,28.8,0.0,17.3,86,1013.0,37,0.0,29.908369061502494,3
2025-09-12 01:00:00,25.3,91,23.6,28.7,0.0,17.1,89,1012.9,58,0.0,29.78325240168687,3
2025-09-12 02:00:00,25.6,89,23.6,29.9,0.5,11.0,113,1013.0,77,0.0,29.9024268023969,3
2025-09-12 03:00:00,25.5,90,23.8,29.4,0.2,13.4,125,1012.8,90,0.0,29.90597948026439,3
2025-09-12 04:00:00,25.4,93,24.1,30.4,0.1,8.4,137,1012.8,68,0.0,30.162579370546506,3
2025-09-12 05:00:00,25.4,93,24.1,30.3,0.0,8.5,118,1012.7,52,0.0,30.162579370546506,3
2025-09-12 06:00:00,25.4,91,23.9,29.5,0.0,13.0,124,1013.0,63,0.0,29.908369061502494,3
2025-09-12 07:00:00,25.8,89,23.8,29.8,0.7,13.6,125,1013.2,77,47.0,30.15209437198742,3
2025-09-12 08:00:00,26.0,89,24.0,30.0,1.8,14.1,113,1013.5,91,168.0,30.403173668534592,3
2025-09-12 09:00:00,26.9,84,24.0,30.8,0.3,14.9,111,1013.5,99,282.0,30.85653261796717,3
2025-09-12 10:00:00,28.6,78,24.5,32.7,0.0,16.1,118,1013.7,100,397.0,32.114897921012854,4
2025-09-12 11:00:00,28.7,79,24.7,33.1,0.2,15.0,110,1013.3,99,367.0,32.39520393017921,4
2025-09-12 12:00:00,29.5,79,25.4,34.6,0.2,14.3,109,1012.7,95,591.0,33.42401482670227,4
2025-09-12 13:00:00,29.3,80,25.5,34.4,0.2,14.3,102,1012.7,99,571.0,33.32428132733791,4
2025-09-12 14:00:00,28.6,83,25.5,33.7,0.2,13.7,93,1012.2,81,397.0,32.88148112107778,4
2025-09-12 15:00:00,28.6,83,25.5,34.4,0.3,8.9,104,1012.0,87,263.0,32.88148112107778,4
2025-09-12 16:00:00,28.2,83,25.0,33.5,2.3,10.5,114,1012.1,74,360.0,32.362983034729254,4
2025-09-12 17:00:00,28.1,86,25.5,33.8,0.0,9.5,127,1012.2,82,232.0,32.68107841696361,4
2025-09-12 18:00:00,27.5,89,25.5,33.6,0.0,7.0,89,1012.2,94,79.0,32.33252180667897,4
2025-09-12 19:00:00,26.0,93,24.9,30.7,0.1,13.6,84,1012.3,98,4.0,30.929967990715923,3
2025-09-12 20:00:00,25.6,93,24.4,30.3,0.0,11.4,71,1012.5,75,0.0,30.416908905875413,3
2025-09-12 21:00:00,26.1,91,24.5,31.4,0.0,7.8,83,1012.8,100,0.0,30.794202654503515,3
2025-09-12 22:00:00,27.0,92,25.5,32.9,0.4,7.4,90,1011.9,55,0.0,32.099207739569174,4
2025-09-12 23:00:00,26.5,93,25.2,32.9,0.0,3.5,99,1011.8,90,0.0,31.579674213934215,4
2025-09-13 00:00:00,26.9,92,25.5,33.0,0.0,6.3,129,1011.0,97,0.0,31.967411914916422,4
2025-09-13 01:00:00,26.9,92,25.5,32.8,0.0,7.7,127,1010.8,63,0.0,31.967411914916422,4
2025-09-13 02:00:00,26.7,93,25.4,32.6,0.0,7.7,152,1010.3,95,0.0,31.84220618462733,4
2025-09-13 03:00:00,26.7,93,25.5,32.5,0.0,8.7,162,1010.4,98,0.0,31.84220618462733,4
2025-09-13 04:00:00,26.7,92,25.4,32.8,0.0,6.2,173,1010.1,81,0.0,31.704966333179723,4
2025-09-13 05:00:00,26.2,93,24.9,32.3,0.0,3.6,174,1010.3,96,0.0,31.188723140086193,4
2025-09-13 06:00:00,26.5,90,24.9,32.4,0.0,5.2,166,1010.3,96,0.0,31.172765368323436,4
2025-09-13 07:00:00,27.2,90,25.5,33.0,0.0,8.9,166,1010.1,99,51.0,32.0813112158735,4
2025-09-13 08:00:00,27.8,85,25.0,33.1,0.1,9.9,179,1010.2,100,156.0,32.143038827061446,4
2025-09-13 09:00:00,28.6,73,23.2,32.6,0.0,11.4,175,1010.4,100,331.0,31.34831472094793,4
2025-09-13 10:00:00,29.5,69,23.1,33.1,0.0,13.1,171,1010.5,100,350.0,31.809139532182993,4
2025-09-13 11:00:00,30.0,70,23.9,33.9,0.0,14.4,190,1010.4,100,521.0,32.58319811078087,4
2025-09-13 12:00:00,30.3,69,24.0,34.5,0.0,14.7,199,1010.1,100,593.0,32.785647082217594,4
2025-09-13 13:00:00,30.5,69,24.2,34.9,0.0,14.1,203,1009.9,100,599.0,33.03305972297647,4
2025-09-13 14:00:00,30.7,68,24.0,34.7,0.0,14.1,217,1009.3,100,370.0,33.1088390266447,4
2025-09-13 15:00:00,30.7,67,23.8,33.9,0.0,18.5,226,1009.0,100,330.0,32.9358693350764,4
2025-09-13 16:00:00,30.0,70,24.0,33.9,0.0,15.4,221,1009.1,100,265.0,32.58319811078087,4
2025-09-13 17:00:00,29.8,73,24.4,33.8,0.0,15.3,219,1009.4,100,176.0,32.83006569404526,4
2025-09-13 18:00:00,29.1,75,24.2,33.3,0.0,13.9,219,1009.3,100,74.0,32.2754817461342,4
2025-09-13 19:00:00,28.8,76,24.1,32.7,0.0,15.3,225,1009.6,100,5.0,32.057246175598344,4
2025-09-13 20:00:00,28.4,78,24.2,32.5,0.0,14.2,219,1010.2,96,0.0,31.863743381451737,4
2025-09-13 21:00:00,28.1,80,24.2,32.2,0.0,14.7,217,1010.4,100,0.0,31.787470620431268,4
2025-09-13 22:00:00,27.6,87,25.3,33.8,0.0,4.8,281,1010.4,100,0.0,32.174798938981546,4
2025-09-13 23:00:00,27.5,87,25.2,33.4,0.0,6.3,217,1010.3,100,0.0,32.044880867203034,4
2025-09-14 00:00:00,28.0,83,24.8,33.0,0.0,10.6,230,1010.2,100,0.0,32.10592930413476,4
2025-09-14 01:00:00,27.8,83,24.5,32.4,0.0,12.4,239,1009.9,100,0.0,31.850322619365887,4
2025-09-14 02:00:00,27.7,83,24.5,32.1,0.2,13.5,254,1010.2,100,0.0,31.723058082035433,4
2025-09-14 03:00:00,25.7,92,24.4,29.9,1.5,14.6,261,1010.5,100,0.0,30.41523718578384,3
2025-09-14 04:00:00,26.1,93,24.9,31.2,0.6,10.6,260,1010.4,100,0.0,31.059158756800297,4
2025-09-14 05:00:00,25.8,93,24.5,30.2,1.8,13.7,259,1011.0,100,0.0,30.672700860616068,3
2025-09-14 06:00:00,25.9,93,24.6,30.4,1.0,13.7,265,1010.7,100,0.0,30.801149228068187,3
2025-09-14 07:00:00,25.6,94,24.6,30.3,0.5,12.3,255,1011.5,100,15.0,30.54552943174504,3
2025-09-14 08:00:00,26.5,93,25.4,31.9,0.2,11.1,238,1011.7,100,107.0,31.579674213934215,4
2025-09-14 09:00:00,27.4,87,24.9,32.4,0.1,11.3,237,1011.8,82,189.0,31.91533399285964,4
2025-09-14 10:00:00,26.6,89,24.8,32.5,0.7,5.3,232,1012.6,100,192.0,31.165005258067534,4
2025-09-14 11:00:00,27.6,85,24.9,33.8,0.1,3.2,214,1012.5,100,338.0,31.88547482544174,4
2025-09-14 12:00:00,28.5,81,25.0,34.2,0.3,7.6,265,1011.9,100,566.0,32.44644113825379,4
2025-09-14 13:00:00,28.5,81,25.0,34.0,0.2,8.7,248,1011.5,99,404.0,32.44644113825379,4
2025-09-14 14:00:00,29.3,78,25.0,34.7,0.1,9.5,251,1011.1,100,559.0,33.00500179415446,4
2025-09-14 15:00:00,29.5,76,24.8,34.5,0.1,11.1,253,1010.9,100,523.0,32.93955223834649,4
2025-09-14 16:00:00,29.8,75,24.8,34.5,0.1,12.2,269,1010.7,100,441.0,33.158653795251986,4
2025-09-14 17:00:00,28.9,79,24.9,33.5,0.2,13.9,283,1011.1,36,258.0,32.65024826720171,4
2025-09-14 18:00:00,27.9,85,25.2,33.1,0.0,11.4,288,1011.5,54,96.0,32.272371050935675,4
2025-09-14 19:00:00,26.8,90,25.0,31.7,1.2,12.3,273,1012.5,96,4.0,31.559903036615655,4
2025-09-14 20:00:00,26.6,91,25.1,31.9,0.4,10.4,281,1013.0,42,0.0,31.437877286338715,4
2025-09-14 21:00:00,26.5,92,25.1,32.0,0.0,9.3,289,1013.3,32,0.0,31.444037932063956,4
2025-09-14 22:00:00,26.3,93,25.1,31.8,0.3,8.6,296,1013.6,76,0.0,31.318662759875412,4
2025-09-14 23:00:00,25.6,94,24.6,30.7,0.3,9.6,300,1013.7,59,0.0,30.54552943174504,3
2025-09-15 00:00:00,25.4,94,24.4,31.0,0.0,4.8,315,1013.8,18,0.0,30.289684525068505,3
2025-09-15 01:00:00,25.3,94,24.2,30.4,0.3,8.0,326,1013.9,98,0.0,30.16231237097325,3
2025-09-15 02:00:00,25.0,95,24.1,30.5,0.4,5.3,322,1014.1,96,0.0,29.906499057062632,3
2025-09-15 03:00:00,24.9,96,24.1,30.6,0.0,3.2,313,1014.2,96,0.0,29.903224588479834,3
2025-09-15 04:00:00,25.4,94,24.4,31.0,0.0,4.5,313,1014.0,76,0.0,30.289684525068505,3
2025-09-15 05:00:00,25.5,94,24.4,31.1,0.0,5.5,302,1014.2,83,0.0,30.41742301272058,3
2025-09-15 06:00:00,25.7,93,24.5,31.2,0.0,6.1,298,1014.4,47,0.0,30.54462128562932,3
2025-09-15 07:00:00,26.1,93,25.0,32.0,0.0,6.1,317,1015.0,30,48.0,31.059158756800297,4
2025-09-15 08:00:00,27.1,88,24.9,32.9,0.0,6.2,282,1015.4,26,212.0,31.6694013545779,4
2025-09-15 09:00:00,28.0,82,24.7,33.7,0.0,6.0,267,1015.5,41,375.0,31.957857866735555,4
2025-09-15 10:00:00,30.0,77,25.5,36.4,0.0,4.3,202,1015.8,87,559.0,33.74651792185896,4
2025-09-15 11:00:00,30.6,74,25.5,37.5,0.0,5.9,198,1015.4,83,640.0,34.01719883458986,4
2025-09-15 12:00:00,31.0,73,25.5,38.2,0.1,6.2,213,1015.3,98,730.0,34.3612572094432,4
2025-09-15 13:00:00,31.5,69,25.1,38.8,0.0,6.5,231,1014.4,97,772.0,34.29039241019576,4
2025-09-15 14:00:00,30.8,69,24.5,36.4,0.6,10.1,276,1014.3,99,674.0,33.406687831367684,4
2025-09-15 15:00:00,30.2,74,25.1,35.7,0.0,9.6,276,1014.1,98,386.0,33.50294846029777,4
2025-09-15 16:00:00,30.2,73,24.8,35.7,0.0,7.6,266,1014.2,100,327.0,33.33484645407753,4
2025-09-15 17:00:00,29.5,77,25.1,35.1,0.0,8.7,256,1014.3,98,177.0,33.10103976779841,4
2025-09-15 18:00:00,28.8,83,25.5,34.7,0.0,8.3,250,1014.8,100,87.0,33.14295042861398,4
2025-09-15 19:00:00,28.1,86,25.5,33.9,0.0,8.5,245,1014.9,96,4.0,32.68107841696361,4
2025-09-15 20:00:00,27.6,88,25.5,33.7,0.0,6.6,254,1015.1,87,0.0,32.31946099575145,4
2025-09-15 21:00:00,27.0,92,25.5,33.5,0.0,3.6,276,1015.1,3,0.0,32.099207739569174,4
2025-09-15 22:00:00,27.0,95,26.1,34.1,0.0,3.3,279,1015.2,97,0.0,32.518236252815996,4
2025-09-15 23:00:00,26.8,95,26.0,33.8,0.0,2.9,292,1015.3,65,0.0,32.250142094205415,4
2025-09-16 00:00:00,26.5,95,25.8,33.4,0.0,2.6,335,1015.2,8,0.0,31.85094677767474,4
2025-09-16 01:00:00,26.5,95,25.5,33.0,0.0,3.8,352,1015.1,4,0.0,31.85094677767474,4
2025-09-16 02:00:00,26.0,95,25.0,32.1,0.0,4.9,356,1014.8,12,0.0,31.193365151806585,4
2025-09-16 03:00:00,25.8,94,24.7,31.6,0.0,5.1,354,1014.7,9,0.0,30.80285248277323,3
2025-09-16 04:00:00,25.5,94,24.5,31.8,0.0,0.4,90,1014.5,21,0.0,30.41742301272058,3
2025-09-16 05:00:00,25.4,95,24.5,31.2,0.0,4.1,90,1014.8,29,0.0,30.41678967959051,3
2025-09-16 06:00:00,25.1,95,24.4,30.9,0.5,4.2,245,1015.3,98,0.0,30.033521983738066,3
2025-09-16 07:00:00,25.6,94,24.6,30.9,0.3,7.8,279,1015.4,75,28.0,30.54552943174504,3
2025-09-16 08:00:00,26.3,91,24.7,32.1,0.0,5.1,287,1014.9,36,171.0,31.050564636007124,4
2025-09-16 09:00:00,27.7,83,24.5,33.4,0.0,5.1,252,1015.0,48,392.0,31.723058082035433,4
2025-09-16 10:00:00,29.9,72,24.4,35.4,0.0,5.2,202,1014.8,99,520.0,32.790503422706934,4
2025-09-16 11:00:00,30.5,70,24.3,36.6,0.0,7.1,201,1014.4,99,699.0,33.20406783490366,4
2025-09-16 12:00:00,30.8,70,24.8,37.7,0.0,7.3,205,1013.9,92,785.0,33.58064562602519,4
2025-09-16 13:00:00,30.9,70,24.6,37.6,0.0,7.3,205,1013.1,98,768.0,33.706856021694776,4
2025-09-16 14:00:00,31.4,63,23.4,37.2,0.0,5.8,202,1012.5,98,717.0,33.08317518680323,4
2025-09-16 15:00:00,31.6,61,23.3,36.6,0.0,7.8,222,1012.2,47,614.0,32.96169070268986,4
2025-09-16 16:00:00,30.1,70,24.1,34.5,0.0,12.4,244,1012.6,33,376.0,32.70670260959084,4
2025-09-16 17:00:00,29.4,77,24.9,35.0,0.0,6.8,235,1012.5,80,231.0,32.97302286353416,4
2025-09-16 18:00:00,28.5,80,24.9,33.8,0.0,9.6,185,1012.8,67,79.0,32.29400976617658,4
2025-09-16 19:00:00,28.0,82,24.6,33.6,0.0,5.7,162,1012.6,100,3.0,31.957857866735555,4
2025-09-16 20:00:00,27.8,84,24.9,33.7,0.0,5.6,180,1013.2,73,0.0,31.996680723213668,4
2025-09-16 21:00:00,27.7,86,25.1,33.8,0.0,5.1,186,1013.3,11,0.0,32.159581868133095,4
2025-09-16 22:00:00,27.6,82,24.4,32.8,0.0,8.1,205,1013.2,94,0.0,31.45148865513203,4
2025-09-16 23:00:00,27.5,83,24.4,33.0,0.0,5.3,190,1013.1,94,0.0,31.469598988251175,4
2025-09-17 00:00:00,26.9,88,24.8,33.1,0.0,2.2,256,1012.8,93,0.0,31.411972266441797,4
2025-09-17 01:00:00,26.5,91,25.0,32.7,0.0,4.0,309,1012.8,52,0.0,31.308401650193694,4
2025-09-17 02:00:00,25.9,94,24.9,32.1,0.0,2.7,352,1012.5,22,0.0,30.932072338047416,3
2025-09-17 03:00:00,25.6,94,24.5,31.7,0.0,2.0,5,1012.1,8,0.0,30.54552943174504,3
2025-09-17 04:00:00,25.7,92,24.3,31.9,0.0,0.4,27,1011.9,10,0.0,30.41523718578384,3
2025-09-17 05:00:00,25.5,93,24.3,31.7,0.0,1.1,180,1011.7,6,0.0,30.289562129606534,3
2025-09-17 06:00:00,25.4,94,24.4,31.3,0.0,3.0,213,1012.0,6,0.0,30.289684525068505,3
2025-09-17 07:00:00,27.0,91,25.4,33.5,0.0,3.2,227,1012.1,7,51.0,31.959531568486902,4
2025-09-17 08:00:00,28.2,83,25.0,34.3,0.0,4.7,227,1012.2,7,220.0,32.362983034729254,4
2025-09-17 09:00:00,29.0,78,24.8,34.4,0.0,7.9,219,1012.3,3,404.0,32.62140363291044,4
2025-09-17 10:00:00,28.5,81,24.9,34.7,0.8,3.1,246,1012.9,96,381.0,32.44644113825379,4
2025-09-17 11:00:00,29.8,76,25.1,36.0,0.1,5.8,202,1012.3,100,589.0,33.32294784585534,4
2025-09-17 12:00:00,30.1,75,25.2,37.1,0.1,6.1,220,1011.9,99,708.0,33.54241708170447,4
2025-09-17 13:00:00,30.0,74,24.8,35.5,1.7,9.8,235,1011.4,100,606.0,33.24795228853978,4
2025-09-17 14:00:00,28.4,79,24.3,33.4,2.4,8.8,261,1010.8,100,441.0,32.01529393762419,4
2025-09-17 15:00:00,29.1,74,24.0,33.4,0.0,12.6,256,1010.8,100,405.0,32.1176713228524,4
2025-09-17 16:00:00,28.5,79,24.5,33.2,0.8,11.9,267,1010.9,100,363.0,32.14157839409937,4
2025-09-17 17:00:00,28.0,80,24.2,32.9,1.0,9.4,277,1011.1,100,188.0,31.661714991937128,4
2025-09-17 18:00:00,27.3,86,24.7,32.3,0.0,10.3,263,1011.2,100,63.0,31.644006655279338,4
2025-09-17 19:00:00,26.8,88,24.6,32.7,0.0,4.2,252,1010.9,85,2.0,31.283807413579755,4
2025-09-17 20:00:00,26.6,89,24.5,32.2,0.0,5.8,240,1011.3,63,0.0,31.165005258067534,4
2025-09-17 21:00:00,26.7,87,24.5,31.8,0.0,8.7,246,1011.0,93,0.0,31.018767075941692,4
2025-09-17 22:00:00,27.8,85,25.0,33.2,0.0,9.0,237,1010.9,100,0.0,32.143038827061446,4
2025-09-17 23:00:00,27.5,84,24.5,31.7,0.0,15.2,226,1010.5,100,0.0,31.613419457989142,4
2025-09-18 00:00:00,27.0,85,24.3,31.5,0.0,12.1,228,1010.8,100,0.0,31.121474541993262,4
2025-09-18 01:00:00,26.5,86,23.9,30.9,0.0,11.1,245,1010.6,100,0.0,30.630220240842394,3
2025-09-18 02:00:00,26.0,87,23.7,30.0,0.0,13.3,243,1010.6,100,0.0,30.139776507443926,3
2025-09-18 03:00:00,25.2,91,23.7,30.0,0.5,7.8,265,1010.7,100,0.0,29.65848884243864,3
2025-09-18 04:00:00,24.2,94,23.3,27.4,2.4,17.5,251,1011.8,100,0.0,28.78494519885658,3
2025-09-18 05:00:00,24.4,95,23.5,28.0,2.1,14.5,253,1011.7,100,0.0,29.151946505687707,3
2025-09-18 06:00:00,24.5,93,23.2,28.2,0.3,13.4,276,1011.9,100,0.0,29.035856269572715,3
2025-09-18 07:00:00,24.5,92,23.1,28.5,0.2,10.6,279,1011.9,100,14.0,28.915379320437523,3
2025-09-18 08:00:00,25.0,89,23.1,27.9,0.2,18.4,278,1012.5,100,145.0,29.161772800827098,3
2025-09-18 09:00:00,25.1,88,23.1,28.5,0.4,15.1,293,1012.7,100,154.0,29.159492995462628,3
2025-09-18 10:00:00,24.1,96,23.5,28.0,1.1,13.1,288,1013.2,100,142.0,28.897104842447916,3
2025-09-18 11:00:00,25.4,88,23.2,28.8,0.8,15.0,309,1012.9,100,303.0,29.527053597936476,3
2025-09-18 12:00:00,26.8,80,23.0,30.5,0.1,12.6,326,1012.7,100,383.0,30.17942492143614,3
2025-09-18 13:00:00,27.9,72,22.4,31.5,0.0,10.1,336,1012.1,100,424.0,30.35860724314551,3
2025-09-18 14:00:00,28.1,71,22.4,32.0,0.1,8.2,334,1011.8,100,432.0,30.44705892563275,3
2025-09-18 15:00:00,28.2,70,22.1,31.7,0.1,10.7,354,1011.6,99,440.0,30.415554366639135,3
2025-09-18 16:00:00,27.5,69,21.5,30.2,0.1,13.8,7,1011.7,89,294.0,29.45611241191965,3
2025-09-18 17:00:00,25.8,81,22.2,28.7,0.6,14.9,9,1012.3,96,136.0,29.110881394730125,3
2025-09-18 18:00:00,25.0,82,21.6,27.6,0.1,14.5,14,1012.4,98,33.0,28.292925501885637,3
2025-09-18 19:00:00,24.5,80,20.9,26.5,0.1,15.3,20,1012.6,100,2.0,27.469655930815236,2
2025-09-18 20:00:00,23.5,86,21.0,25.6,0.9,16.4,21,1013.7,100,0.0,27.022725861117213,2
2025-09-18 21:00:00,23.0,89,21.1,25.2,4.5,15.8,15,1014.4,100,0.0,26.779774395548746,2
2025-09-18 22:00:00,24.6,77,20.2,26.9,0.0,12.2,20,1015.0,64,0.0,27.220462029074998,2
2025-09-18 23:00:00,24.2,77,19.9,25.9,0.0,14.2,18,1015.0,40,0.0,26.77324021608465,2
2025-09-19 00:00:00,23.9,75,19.1,25.3,0.0,13.8,33,1014.9,26,0.0,26.208362882364884,2
2025-09-19 01:00:00,23.4,73,18.3,24.4,0.0,13.9,25,1014.9,97,0.0,25.44123674358418,2
2025-09-19 02:00:00,23.1,68,16.9,23.4,0.0,14.8,24,1014.9,100,0.0,24.569743383585138,1
2025-09-19 03:00:00,23.2,61,15.4,23.1,0.0,13.0,24,1014.9,98,0.0,23.89197288886389,1
2025-09-19 04:00:00,23.0,59,14.6,22.6,0.0,12.7,13,1015.0,100,0.0,23.47681673412782,1
2025-09-19 05:00:00,22.8,59,14.5,22.5,0.0,12.5,16,1015.2,96,0.0,23.285359349334392,1
2025-09-19 06:00:00,22.7,60,14.6,22.5,0.0,11.6,22,1015.6,100,0.0,23.298057984157683,1
2025-09-19 07:00:00,22.6,64,15.4,23.1,0.0,9.1,30,1015.8,100,21.0,23.63205453933398,1
2025-09-19 08:00:00,23.5,65,16.6,24.6,0.0,7.9,27,1016.3,51,145.0,24.639903267123476,1
2025-09-19 09:00:00,25.2,59,16.7,26.8,0.0,5.3,52,1016.0,7,351.0,25.639116941800875,2
2025-09-19 10:00:00,27.0,55,17.3,28.7,0.0,6.4,79,1016.3,79,521.0,26.931189409525054,2
2025-09-19 11:00:00,28.0,53,17.4,30.6,0.0,5.2,96,1015.9,100,670.0,27.663786182158347,2
2025-09-19 12:00:00,28.2,52,17.6,30.6,0.0,3.9,146,1015.3,58,582.0,27.7191146723605,2
2025-09-19 13:00:00,28.5,53,18.0,31.0,0.0,6.3,183,1014.5,21,638.0,28.178362720091986,3
2025-09-19 14:00:00,28.5,55,18.5,31.3,0.0,9.3,199,1013.7,10,737.0,28.4832254642464,3
2025-09-19 15:00:00,27.8,57,18.6,29.6,0.0,11.0,204,1013.3,64,598.0,28.04501191932356,3
2025-09-19 16:00:00,27.7,59,18.9,30.2,0.0,5.5,216,1012.9,100,467.0,28.230867793254102,3
2025-09-19 17:00:00,27.3,63,19.5,30.7,0.0,1.9,253,1013.0,50,244.0,28.37455487537905,3
2025-09-19 18:00:00,25.8,78,21.7,30.2,0.0,2.1,308,1013.2,100,89.0,28.72042652825864,3
2025-09-19 19:00:00,24.5,84,21.6,28.8,0.0,2.9,356,1013.0,100,2.0,27.951563727356,2
2025-09-19 20:00:00,24.5,83,21.5,28.7,0.0,3.9,28,1013.4,100,0.0,27.831086778220804,2
2025-09-19 21:00:00,24.8,80,21.1,28.6,0.0,4.2,59,1013.2,100,0.0,27.813762608393407,2
2025-09-19 22:00:00,26.5,73,21.3,29.4,0.0,11.0,114,1013.1,99,0.0,28.86694857652901,3
2025-09-19 23:00:00,25.9,80,22.1,29.1,0.0,12.1,101,1012.7,92,0.0,29.099148798338224,3
2025-09-20 00:00:00,25.5,83,22.5,29.0,0.0,11.4,106,1012.1,98,0.0,29.010953298466045,3
2025-09-20 01:00:00,25.5,81,22.1,28.5,0.0,13.9,117,1011.9,97,0.0,28.755231532237953,3
2025-09-20 02:00:00,25.5,80,21.8,28.4,0.0,13.7,118,1010.9,81,0.0,28.6273706491239,3
2025-09-20 03:00:00,25.6,83,22.5,29.2,0.0,10.9,144,1010.4,92,0.0,29.130703647179132,3
2025-09-20 04:00:00,25.9,84,23.0,29.8,0.0,11.4,151,1009.9,96,0.0,29.622841238255138,3
2025-09-20 05:00:00,26.2,83,23.1,30.4,0.0,10.1,161,1009.8,100,0.0,29.856107748679076,3
2025-09-20 06:00:00,26.3,83,23.1,30.5,0.0,9.5,161,1009.6,100,0.0,29.978172140533967,3
2025-09-20 07:00:00,26.7,83,23.6,31.0,0.0,10.7,171,1009.6,100,37.0,30.469807670151273,3
2025-09-20 08:00:00,27.5,78,23.4,31.7,0.0,10.0,167,1009.4,100,155.0,30.750496639561344,3
2025-09-20 09:00:00,28.0,74,22.9,32.0,0.1,10.4,182,1009.6,100,275.0,30.77328636754184,3
2025-09-20 10:00:00,24.6,95,23.9,30.2,5.7,3.2,360,1010.8,100,220.0,29.40202977613149,3
2025-09-20 11:00:00,25.8,88,23.7,30.6,4.9,7.8,187,1010.3,100,337.0,30.021942749830256,3
2025-09-20 12:00:00,28.0,77,23.5,32.0,0.0,12.5,212,1009.8,100,416.0,31.217500679739484,4
2025-09-20 13:00:00,27.9,77,23.5,31.8,0.2,13.4,215,1008.9,100,275.0,31.094670246141728,4
2025-09-20 14:00:00,27.7,79,23.8,31.0,0.3,18.2,222,1008.3,100,254.0,31.141026367238545,4
2025-09-20 15:00:00,27.0,85,24.4,31.2,0.7,14.8,238,1007.8,100,189.0,31.121474541993262,4
2025-09-20 16:00:00,27.0,85,24.1,31.1,0.4,14.3,243,1007.6,100,231.0,31.121474541993262,4
2025-09-20 17:00:00,26.6,85,23.8,30.4,0.4,15.1,253,1007.8,100,133.0,30.619261201525173,3
2025-09-20 18:00:00,25.0,91,23.5,28.4,1.4,16.9,270,1008.6,100,39.0,29.41001488623894,3
2025-09-20 19:00:00,24.1,94,23.1,26.8,1.5,20.3,280,1008.9,99,1.0,28.66184640823025,3
2025-09-20 20:00:00,24.5,93,23.4,27.2,0.3,20.6,276,1009.6,100,0.0,29.035856269572715,3
2025-09-20 21:00:00,25.0,92,23.6,28.7,0.1,14.6,279,1009.8,28,0.0,29.534135928944867,3
2025-09-20 22:00:00,25.5,92,24.0,29.2,0.1,15.8,271,1009.4,98,0.0,30.161701246492488,3
2025-09-20 23:00:00,24.8,91,23.2,28.2,0.2,15.0,315,1010.0,60,0.0,29.1629349670475,3
2025-09-21 00:00:00,23.9,91,22.4,27.6,0.1,9.7,358,1010.3,88,0.0,28.068002963936056,3
2025-09-21 01:00:00,23.6,92,22.1,27.4,0.1,8.2,327,1010.1,100,0.0,27.823208435681746,2
2025-09-21 02:00:00,23.4,92,22.0,27.3,0.0,6.9,321,1010.0,100,0.0,27.5841860330102,2
2025-09-21 03:00:00,23.4,90,21.6,26.8,0.0,8.6,338,1010.5,100,0.0,27.358612423596934,2
2025-09-21 04:00:00,23.3,89,21.4,26.6,0.0,8.8,337,1010.7,100,0.0,27.128839818098516,2
2025-09-21 05:00:00,22.8,90,21.0,25.7,0.0,10.0,337,1011.1,14,0.0,26.65740239728975,2
2025-09-21 06:00:00,22.3,90,20.5,24.9,0.0,10.3,348,1011.7,16,0.0,26.081675354384597,2
2025-09-21 07:00:00,22.6,88,20.6,25.4,0.0,9.3,347,1012.4,19,45.0,26.211249991584218,2
2025-09-21 08:00:00,24.0,82,20.6,26.8,0.0,9.5,350,1012.8,67,202.0,27.135975334095843,2
2025-09-21 09:00:00,25.2,74,20.2,27.7,0.0,10.6,356,1013.0,14,409.0,27.523197520224826,2
2025-09-21 10:00:00,27.0,63,19.2,29.0,0.0,11.3,342,1013.3,96,579.0,28.04859877818324,3
2025-09-21 11:00:00,27.8,58,18.7,30.2,0.0,11.7,339,1013.0,97,712.0,28.19137002317134,3
2025-09-21 12:00:00,28.2,56,18.6,30.9,0.0,12.2,343,1012.7,61,766.0,28.318323493311308,3
2025-09-21 13:00:00,28.6,54,18.4,31.3,0.0,12.4,351,1012.1,100,804.0,28.43529856070121,3
2025-09-21 14:00:00,28.4,52,17.5,29.3,0.0,14.2,359,1011.4,100,597.0,27.923428920967826,2
2025-09-21 15:00:00,27.5,58,18.5,28.0,0.0,17.6,1,1011.8,100,382.0,27.874087244802023,2
2025-09-21 16:00:00,26.6,63,19.0,27.3,0.0,18.0,9,1012.3,100,312.0,27.617668890542188,2
2025-09-21 17:00:00,25.5,67,19.0,26.3,0.0,17.7,19,1012.6,100,207.0,26.965179168641267,2
2025-09-21 18:00:00,24.7,68,18.4,25.0,0.0,19.0,27,1013.1,51,68.0,26.235679672767862,2
2025-09-21 19:00:00,24.2,68,17.9,24.1,0.0,20.4,27,1013.5,20,1.0,25.70821993108774,2
2025-09-21 20:00:00,23.8,68,17.6,23.7,0.0,18.8,25,1014.3,91,0.0,25.290784899524187,2
2025-09-21 21:00:00,23.7,67,17.2,23.8,0.0,16.9,28,1015.2,100,0.0,25.072206111119815,2
2025-09-21 22:00:00,23.4,68,17.1,23.7,0.0,15.1,26,1015.5,70,0.0,24.877302720051016,1
2025-09-21 23:00:00,22.9,69,16.8,23.4,0.0,12.4,24,1016.0,100,0.0,24.475338460775614,1
2025-09-22 00:00:00,22.4,70,16.6,23.3,0.0,9.3,16,1016.8,35,0.0,24.072780511366425,1
2025-09-22 01:00:00,22.0,71,16.4,22.7,0.0,10.1,16,1016.8,23,0.0,23.77111517397405,1
2025-09-22 02:00:00,21.5,72,16.1,21.9,0.0,11.5,10,1016.9,20,0.0,23.367177784224054,1
2025-09-22 03:00:00,21.1,73,16.1,21.8,0.0,9.7,24,1016.9,90,0.0,23.063465277251947,1
2025-09-22 04:00:00,20.9,74,15.9,21.6,0.0,8.6,31,1016.8,21,0.0,22.959652007229852,1
2025-09-22 05:00:00,20.5,75,15.8,21.5,0.0,6.6,22,1017.2,37,0.0,22.653222009587427,1
2025-09-22 06:00:00,20.2,75,15.7,21.2,0.0,6.2,15,1017.6,100,0.0,22.35320840624501,1
2025-09-22 07:00:00,21.0,73,16.0,22.0,0.0,7.2,19,1017.9,100,43.0,22.963000082689252,1
2025-09-22 08:00:00,22.8,64,15.6,23.6,0.0,7.0,46,1018.1,0,196.0,23.829237260294935,1
2025-09-22 09:00:00,24.1,56,14.9,24.4,0.0,9.8,62,1018.2,1,424.0,24.19193615809462,1
2025-09-22 10:00:00,25.4,55,15.6,26.1,0.0,9.9,86,1018.8,0,600.0,25.332583498710296,2
2025-09-22 11:00:00,26.5,52,15.8,27.8,0.0,11.0,89,1018.3,48,723.0,26.01858665725354,2
2025-09-22 12:00:00,27.1,48,15.1,28.2,0.0,12.5,98,1017.6,47,762.0,26.049537102497037,2
2025-09-22 13:00:00,27.4,47,14.9,28.3,0.0,11.5,104,1017.1,21,733.0,26.196008019131067,2
2025-09-22 14:00:00,27.6,46,14.9,28.6,0.0,11.7,105,1016.4,67,738.0,26.243654611415533,2
2025-09-22 15:00:00,27.2,47,14.9,27.0,0.0,12.5,117,1016.2,100,493.0,26.004498079400605,2
2025-09-22 16:00:00,27.0,49,15.4,26.9,0.0,13.4,119,1016.1,100,337.0,26.09313238303141,2
2025-09-22 17:00:00,26.4,56,17.0,27.4,0.0,10.2,104,1016.3,100,197.0,26.459875672011908,2
2025-09-22 18:00:00,25.9,58,17.0,26.8,0.0,10.7,99,1016.5,100,46.0,26.218840378795214,2
2025-09-22 19:00:00,25.5,59,16.9,25.9,0.0,13.5,94,1016.9,99,0.0,25.942292103728878,2
2025-09-22 20:00:00,25.2,61,17.1,25.6,0.0,15.0,86,1017.1,100,0.0,25.890327685590737,2
2025-09-22 21:00:00,25.2,67,18.7,26.8,0.0,11.4,93,1017.4,97,0.0,26.643959916960316,2
2025-09-22 22:00:00,24.7,69,18.6,26.1,0.0,12.5,78,1017.1,77,0.0,26.35760290324974,2
2025-09-22 23:00:00,24.5,76,20.0,26.8,0.0,11.4,105,1017.4,100,0.0,26.987748134274472,2
2025-09-23 00:00:00,23.3,91,21.8,27.0,1.3,7.3,107,1017.8,100,0.0,27.353058690415338,2
2025-09-23 01:00:00,23.3,92,22.0,26.3,0.4,13.1,92,1017.8,73,0.0,27.46516812657375,2
2025-09-23 02:00:00,23.1,91,21.6,25.6,0.0,15.0,93,1017.3,86,0.0,27.117346292738933,2
2025-09-23 03:00:00,22.9,91,21.4,25.2,0.2,15.9,96,1017.1,100,0.0,26.882915941022915,2
2025-09-23 04:00:00,22.6,93,21.4,25.0,0.6,15.3,93,1017.1,100,0.0,26.748582377469685,2
2025-09-23 05:00:00,22.4,96,21.7,25.1,1.4,13.5,93,1017.2,100,0.0,26.833230415588236,2
2025-09-23 06:00:00,22.2,93,21.0,24.7,0.6,13.4,75,1017.3,100,0.0,26.282121502029074,2
2025-09-23 07:00:00,21.8,91,20.2,23.4,0.1,16.3,72,1017.7,70,15.0,25.615961979032175,2
2025-09-23 08:00:00,21.8,90,20.1,23.4,1.1,15.7,72,1018.0,100,94.0,25.513595363877975,2
2025-09-23 09:00:00,22.0,91,20.5,23.7,0.7,16.6,77,1018.0,71,138.0,25.84354198354421,2
2025-09-23 10:00:00,23.5,76,19.0,24.8,0.0,14.4,70,1018.6,100,183.0,25.88804843540591,2
2025-09-23 11:00:00,23.1,83,20.0,25.0,0.3,13.6,78,1018.4,100,178.0,26.231223541728916,2
2025-09-23 12:00:00,23.6,84,20.8,25.8,1.1,14.8,94,1018.1,100,270.0,26.909990310839856,2
2025-09-23 13:00:00,23.3,90,21.5,25.6,1.7,16.3,96,1017.6,99,235.0,27.24094925425693,2
2025-09-23 14:00:00,24.5,81,21.0,26.0,1.2,19.4,103,1016.7,54,517.0,27.590132879950428,2
2025-09-23 15:00:00,24.8,78,20.8,26.1,0.0,19.9,104,1016.4,50,477.0,27.568458543183578,2
2025-09-23 16:00:00,25.0,78,20.9,26.6,0.0,18.6,110,1016.2,77,324.0,27.796441331061953,2
2025-09-23 17:00:00,25.0,77,20.8,26.7,0.0,18.1,109,1016.2,88,188.0,27.67232028835603,2
2025-09-23 18:00:00,24.8,79,20.9,26.7,0.0,16.7,108,1016.2,92,50.0,27.691110575788493,2
2025-09-23 19:00:00,24.6,81,21.1,26.6,0.0,16.4,105,1016.3,100,0.0,27.705254861754216,2
2025-09-23 20:00:00,24.5,81,21.1,26.4,0.0,18.0,102,1016.8,97,0.0,27.590132879950428,2
2025-09-23 21:00:00,24.6,81,21.1,26.3,0.0,19.0,105,1017.0,100,0.0,27.705254861754216,2
2025-09-23 22:00:00,24.5,81,21.0,26.1,0.0,18.7,97,1017.3,42,0.0,27.590132879950428,2
2025-09-23 23:00:00,24.0,82,20.8,25.6,0.0,18.5,92,1017.1,72,0.0,27.135975334095843,2
2025-09-24 00:00:00,24.0,83,21.0,25.6,0.0,18.3,95,1017.2,98,0.0,27.252901862560424,2
2025-09-24 01:00:00,24.1,83,21.1,26.0,0.0,18.1,97,1016.9,65,0.0,27.367925020033095,2
2025-09-24 02:00:00,24.1,84,21.2,25.9,0.0,18.4,100,1016.5,81,0.0,27.48555423714193,2
2025-09-24 03:00:00,24.1,84,21.3,25.9,0.0,19.3,104,1016.2,73,0.0,27.48555423714193,2
2025-09-24 04:00:00,24.3,84,21.5,26.0,0.0,20.0,111,1016.0,87,0.0,27.717935024317878,2
2025-09-24 05:00:00,24.2,85,21.6,26.2,0.0,18.6,110,1015.8,99,0.0,27.719924913859675,2
2025-09-24 06:00:00,24.4,85,21.6,26.4,0.0,18.6,109,1015.8,98,0.0,27.95435213666795,2
2025-09-24 07:00:00,24.7,83,21.7,26.4,0.0,20.9,109,1015.8,87,37.0,28.064528129996066,3
2025-09-24 08:00:00,25.5,79,21.6,26.5,0.0,25.6,117,1016.4,100,191.0,28.499509766009854,3
2025-09-24 09:00:00,25.8,78,21.8,27.1,0.0,23.9,107,1016.4,99,274.0,28.72042652825864,3
2025-09-24 10:00:00,26.5,75,21.6,27.9,0.0,23.2,104,1016.5,60,483.0,29.13822114026953,3
2025-09-24 11:00:00,27.1,74,22.0,28.9,0.0,23.3,109,1016.1,94,606.0,29.7024488663496,3
2025-09-24 12:00:00,27.7,73,22.4,30.0,0.0,23.3,117,1015.8,47,665.0,30.26797879504321,3
2025-09-24 13:00:00,28.1,72,22.7,30.6,0.0,23.9,114,1015.1,67,686.0,30.59599355838814,3
2025-09-24 14:00:00,28.0,75,23.2,30.9,0.2,18.9,108,1014.9,100,569.0,30.921357804941056,3
2025-09-24 15:00:00,26.2,90,24.4,29.8,2.2,18.8,136,1015.0,98,280.0,30.788938522664058,3
2025-09-24 16:00:00,26.2,87,24.0,29.6,0.7,18.7,119,1014.9,93,244.0,30.389153905241923,3
2025-09-24 17:00:00,25.8,89,23.8,29.1,1.7,18.3,130,1015.3,100,152.0,30.15209437198742,3
2025-09-24 18:00:00,24.6,95,23.9,28.8,5.2,12.9,141,1016.1,100,31.0,29.40202977613149,3
2025-09-24 19:00:00,24.6,94,23.6,28.5,2.0,13.4,110,1016.2,100,0.0,29.28083156796168,3
2025-09-24 20:00:00,24.8,94,23.8,28.4,0.2,15.4,111,1016.7,100,0.0,29.530891064862256,3
2025-09-24 21:00:00,25.0,93,23.8,29.1,0.1,12.7,115,1016.8,100,0.0,29.65825697165079,3
2025-09-24 22:00:00,24.8,95,23.9,29.4,2.4,9.9,138,1017.5,99,0.0,29.653543097467175,3
2025-09-24 23:00:00,24.7,94,23.8,29.0,0.8,11.2,140,1017.3,100,0.0,29.405683665296753,3
2025-09-25 00:00:00,24.6,92,23.3,28.5,0.1,12.0,159,1016.9,99,0.0,29.03843515162207,3
2025-09-25 01:00:00,24.5,93,23.4,29.0,0.0,8.1,107,1017.2,100,0.0,29.035856269572715,3
2025-09-25 02:00:00,24.8,94,23.6,28.7,0.0,13.6,114,1016.8,100,0.0,29.530891064862256,3
2025-09-25 03:00:00,24.7,93,23.5,29.0,0.1,10.5,121,1016.4,99,0.0,29.283760434814873,3
2025-09-25 04:00:00,24.5,94,23.5,28.6,0.1,11.6,95,1016.6,78,0.0,29.156333218707903,3
2025-09-25 05:00:00,24.5,94,23.5,28.1,0.0,15.0,103,1016.7,65,0.0,29.156333218707903,3
2025-09-25 06:00:00,24.5,93,23.3,28.0,0.0,14.5,107,1016.7,89,0.0,29.035856269572715,3
2025-09-25 07:00:00,24.9,92,23.5,28.6,0.0,14.3,110,1017.1,98,38.0,29.409686063959843,3
2025-09-25 08:00:00,25.7,87,23.4,29.0,0.0,16.7,115,1017.4,77,183.0,29.768316686556457,3
2025-09-25 09:00:00,26.8,81,23.2,30.4,0.0,13.5,117,1017.7,100,365.0,30.317472732954094,3
2025-09-25 10:00:00,27.9,78,23.8,32.5,0.0,9.3,106,1018.5,88,457.0,31.241882846740975,4
2025-09-25 11:00:00,28.4,78,24.2,33.4,0.0,10.3,105,1018.0,78,591.0,31.863743381451737,4
2025-09-25 12:00:00,29.0,77,24.5,35.0,0.0,10.2,113,1017.7,71,752.0,32.464501022232106,4
2025-09-25 13:00:00,29.0,76,24.4,34.4,0.0,12.3,108,1016.9,28,719.0,32.30759841155376,4
2025-09-25 14:00:00,27.2,82,24.0,32.1,1.0,9.5,53,1017.2,100,579.0,30.950741330018076,3
2025-09-25 15:00:00,27.2,83,24.1,32.1,0.2,8.7,84,1016.9,100,321.0,31.092062565750002,4
2025-09-25 16:00:00,27.5,80,23.8,31.9,0.1,10.9,81,1016.9,100,323.0,31.038137579037276,4
2025-09-25 17:00:00,26.9,83,23.9,31.7,0.0,8.3,86,1017.2,100,128.0,30.71767270584851,3
2025-09-25 18:00:00,26.1,88,24.0,31.1,0.0,7.6,76,1017.3,100,52.0,30.396768501058343,3
2025-09-25 19:00:00,25.5,91,24.0,30.4,0.0,8.5,72,1017.4,97,0.0,30.033840363378438,3
2025-09-25 20:00:00,25.2,92,23.9,29.9,0.0,8.7,77,1017.9,94,0.0,29.784094214333567,3
2025-09-25 21:00:00,25.0,93,23.8,29.6,0.0,8.8,73,1017.9,72,0.0,29.65825697165079,3
2025-09-25 22:00:00,25.1,93,24.0,30.4,0.0,5.5,107,1018.2,100,0.0,29.78379941565937,3
2025-09-25 23:00:00,25.0,94,24.1,30.5,0.0,5.1,54,1018.0,100,0.0,29.782378014356706,3
2025-09-26 00:00:00,24.8,95,24.0,29.8,0.0,7.4,49,1017.6,68,0.0,29.653543097467175,3
2025-09-26 01:00:00,24.6,96,23.9,29.7,0.0,6.4,61,1017.4,100,0.0,29.52322798430129,3
2025-09-26 02:00:00,24.5,96,23.8,29.5,0.0,6.2,54,1017.3,98,0.0,29.397287116978283,3
2025-09-26 03:00:00,24.4,96,23.8,29.5,0.0,5.5,52,1017.1,88,0.0,29.271705942589687,3
2025-09-26 04:00:00,24.1,96,23.5,29.1,0.0,5.5,32,1017.0,98,0.0,28.897104842447916,3
2025-09-26 05:00:00,23.9,96,23.3,28.9,0.0,4.4,21,1017.1,98,0.0,28.64914048942705,3
2025-09-26 06:00:00,23.7,97,23.2,28.8,0.0,3.8,25,1017.5,100,0.0,28.517417802665996,3
2025-09-26 07:00:00,24.0,96,23.3,29.1,0.0,4.1,13,1017.8,87,21.0,28.77294673260001,3
2025-09-26 08:00:00,25.8,91,24.3,31.8,0.0,1.9,292,1018.0,78,184.0,30.412397616301742,3
2025-09-26 09:00:00,27.0,84,24.1,32.0,0.0,7.9,273,1018.2,84,358.0,30.98179837091099,3
2025-09-26 10:00:00,25.9,86,23.4,30.9,0.0,5.2,282,1018.3,100,217.0,29.884687458213595,3
2025-09-26 11:00:00,27.4,80,23.6,32.4,0.0,5.6,270,1017.8,39,500.0,30.91445194745714,3
2025-09-26 12:00:00,28.4,73,23.0,33.8,0.1,7.2,252,1017.1,61,706.0,31.105990600589443,4
2025-09-26 13:00:00,28.7,71,23.0,33.7,0.1,10.1,260,1016.4,51,713.0,31.161552899274984,4
2025-09-26 14:00:00,29.4,67,22.5,33.1,0.2,12.9,283,1015.8,29,631.0,31.367409504633624,4
2025-09-26 15:00:00,29.6,64,22.0,32.5,0.0,14.2,299,1015.7,13,537.0,31.117975470949776,4
2025-09-26 16:00:00,29.0,65,21.8,31.8,0.0,13.6,299,1015.7,35,415.0,30.58166969409204,3
2025-09-26 17:00:00,28.1,68,21.5,31.0,0.0,11.8,298,1015.7,99,222.0,30.00025502736658,3
2025-09-26 18:00:00,26.8,72,21.3,29.7,0.0,11.5,309,1016.0,100,52.0,29.075042429292527,3
2025-09-26 19:00:00,25.8,75,20.9,28.6,0.0,9.9,322,1016.3,100,0.0,28.32997166178715,3
2025-09-26 20:00:00,24.9,78,20.9,28.0,0.0,8.6,327,1016.8,100,0.0,27.682301228139867,2
2025-09-26 21:00:00,24.4,81,21.0,27.6,0.0,8.1,335,1017.3,99,0.0,27.47531438906005,2
2025-09-26 22:00:00,24.8,84,21.9,28.7,0.0,6.6,331,1017.2,100,0.0,28.30437073881308,3
2025-09-26 23:00:00,24.6,84,21.8,28.4,0.0,7.4,331,1017.4,100,0.0,28.06884948626363,3
2025-09-27 00:00:00,24.5,84,21.6,28.4,0.0,5.6,343,1016.9,100,0.0,27.951563727356,2
2025-09-27 01:00:00,24.1,86,21.6,28.0,0.0,5.7,336,1016.7,98,0.0,27.720812671359592,2
2025-09-27 02:00:00,23.9,86,21.4,27.6,0.0,6.4,342,1016.6,25,0.0,27.486865438445065,2
2025-09-27 03:00:00,23.5,86,21.0,26.6,0.0,9.3,352,1016.4,70,0.0,27.022725861117213,2
2025-09-27 04:00:00,23.2,81,19.8,25.2,0.0,11.6,22,1016.5,93,0.0,26.120685311442216,2
2025-09-27 05:00:00,22.8,78,18.7,24.5,0.0,10.4,36,1016.7,99,0.0,25.35209541098445,2
2025-09-27 06:00:00,22.7,76,18.2,24.4,0.0,9.1,41,1016.8,20,0.0,25.027966779933063,2
2025-09-27 07:00:00,22.6,76,18.1,24.3,0.0,9.4,31,1017.0,18,31.0,24.921652265459098,1
2025-09-27 08:00:00,24.0,70,18.4,26.2,0.0,6.4,32,1017.2,83,201.0,25.73285699252084,2
2025-09-27 09:00:00,25.0,67,18.6,27.5,0.0,4.8,27,1017.2,81,260.0,26.431109861296804,2
2025-09-27 10:00:00,25.4,66,18.5,28.2,0.0,2.5,60,1017.1,100,189.0,26.730740198452356,2
2025-09-27 11:00:00,25.8,68,19.4,29.0,0.0,1.7,288,1017.0,100,232.0,27.418910306687017,2
2025-09-27 12:00:00,26.1,66,19.1,29.0,0.0,3.9,257,1017.1,100,275.0,27.48225137579376,2
2025-09-27 13:00:00,25.6,68,19.4,28.8,0.0,2.8,297,1016.3,100,135.0,27.201395759134712,2
2025-09-27 14:00:00,26.5,65,19.4,29.8,0.0,2.1,255,1015.5,100,369.0,27.781858321566926,2
2025-09-27 15:00:00,26.6,64,19.4,29.7,0.0,3.3,221,1014.8,94,371.0,27.754104904677778,2
2025-09-27 16:00:00,26.8,64,19.5,29.8,0.0,3.7,194,1014.9,24,424.0,27.970659937148913,2
2025-09-27 17:00:00,26.0,67,19.4,28.8,0.0,5.1,170,1015.0,29,226.0,27.505804896537278,2
2025-09-27 18:00:00,24.6,74,19.8,27.8,0.0,4.0,153,1015.1,4,61.0,26.85686740456558,2
2025-09-27 19:00:00,23.5,81,20.0,26.8,0.0,3.6,135,1015.3,6,0.0,26.45538714826156,2
2025-09-27 20:00:00,23.9,77,19.5,26.8,0.0,5.2,121,1015.4,0,0.0,26.44081789256128,2
2025-09-27 21:00:00,24.1,73,19.1,26.5,0.0,7.6,121,1015.4,0,0.0,26.191632848944767,2
2025-09-27 22:00:00,24.1,80,20.5,27.2,0.0,7.1,96,1015.2,39,0.0,27.015037368706597,2
2025-09-27 23:00:00,24.0,78,20.0,26.7,0.0,7.9,86,1014.9,94,0.0,26.66826922023751,2
2025-09-28 00:00:00,23.1,83,20.1,26.0,0.0,7.1,66,1014.6,44,0.0,26.231223541728916,2
2025-09-28 01:00:00,22.7,84,19.9,25.3,0.0,8.2,57,1014.3,4,0.0,25.892921177820757,2
2025-09-28 02:00:00,22.3,80,18.7,24.1,0.0,10.2,53,1014.0,19,0.0,25.02638920389742,2
2025-09-28 03:00:00,22.2,75,17.5,23.6,0.0,9.3,54,1013.9,16,0.0,24.394110888733124,1
2025-09-28 04:00:00,22.1,73,17.0,23.2,0.0,9.9,75,1013.3,17,0.0,24.081221952201876,1
2025-09-28 05:00:00,22.2,77,18.0,23.6,0.0,10.4,89,1013.1,100,0.0,24.60388984576601,1
2025-09-28 06:00:00,22.5,79,18.7,24.0,0.0,12.1,88,1013.1,100,0.0,25.136050829265525,2
2025-09-28 07:00:00,22.9,79,19.0,24.3,0.0,13.3,93,1013.3,100,23.0,25.569691860888025,2
2025-09-28 08:00:00,22.6,89,20.8,24.5,1.4,16.0,99,1013.1,100,55.0,26.318716468761313,2
2025-09-28 09:00:00,22.6,94,21.5,25.2,0.5,14.3,104,1013.2,100,36.0,26.856048854646776,2
2025-09-28 10:00:00,25.4,81,21.8,27.7,0.1,17.2,128,1013.0,100,369.0,28.63731751628244,3
2025-09-28 11:00:00,25.7,76,21.0,28.3,0.1,12.5,136,1012.1,100,309.0,28.345091588256214,3
2025-09-28 12:00:00,26.9,72,21.4,30.2,0.1,11.3,158,1011.5,43,616.0,29.190213672543287,3
2025-09-28 13:00:00,26.9,73,21.8,30.3,0.0,10.3,155,1010.9,59,574.0,29.329073584661945,3
2025-09-28 14:00:00,26.2,82,22.9,30.4,1.1,8.7,163,1010.2,49,504.0,29.722846209538364,3
2025-09-28 15:00:00,26.9,78,22.7,31.3,0.2,5.7,152,1009.6,53,454.0,30.023373145255228,3
2025-09-28 16:00:00,26.2,81,22.7,29.8,0.9,11.5,230,1010.0,81,278.0,29.589584670397652,3
2025-09-28 17:00:00,25.6,85,22.9,30.1,0.1,7.0,260,1010.0,52,123.0,29.38794469891839,3
2025-09-28 18:00:00,25.5,87,23.1,30.3,0.0,5.1,203,1009.9,51,49.0,29.522396830922244,3
2025-09-28 19:00:00,25.3,87,23.0,28.9,0.2,13.4,242,1010.1,82,0.0,29.27783910930503,3
2025-09-28 20:00:00,25.4,87,23.1,28.5,0.1,16.2,234,1010.1,56,0.0,29.39994844341447,3
2025-09-28 21:00:00,25.2,87,23.0,28.3,0.0,16.3,239,1010.1,49,0.0,29.156067354858916,3
2025-09-28 22:00:00,25.5,91,23.9,30.0,0.0,10.8,238,1009.7,93,0.0,30.033840363378438,3
2025-09-28 23:00:00,23.8,93,22.6,26.6,6.4,16.9,261,1010.0,100,0.0,28.17908817140808,3
2025-09-29 00:00:00,23.5,96,23.0,26.4,2.8,17.8,244,1009.9,93,0.0,28.157403286828515,3
2025-09-29 01:00:00,24.0,93,22.8,26.7,0.2,18.7,241,1009.6,88,0.0,28.42216714720626,3
2025-09-29 02:00:00,23.9,93,22.7,27.0,0.1,15.5,265,1009.1,100,0.0,28.300457974132456,3
2025-09-29 03:00:00,23.9,94,22.8,26.3,0.5,19.8,277,1009.3,87,0.0,28.416685479230654,3
2025-09-29 04:00:00,23.8,94,22.9,26.3,0.4,20.0,268,1008.8,51,0.0,28.29462030228343,3
2025-09-29 05:00:00,23.6,94,22.6,26.2,0.5,18.4,280,1008.9,99,0.0,28.05151296689222,3
2025-09-29 06:00:00,23.4,94,22.3,26.4,0.3,13.8,309,1009.3,83,0.0,27.80975964242346,2
2025-09-29 07:00:00,23.3,94,22.2,27.0,0.0,9.3,307,1009.9,93,24.0,27.689386998890566,2
2025-09-29 08:00:00,24.1,88,22.0,27.7,0.0,9.6,313,1010.7,89,158.0,27.95607110557726,2
2025-09-29 09:00:00,24.9,80,21.2,27.6,0.0,11.9,321,1010.8,95,311.0,27.929070490399862,2
2025-09-29 10:00:00,25.6,73,20.4,28.0,0.0,12.1,335,1010.9,66,482.0,27.84449838848285,2
2025-09-29 11:00:00,26.4,67,19.8,28.2,0.1,13.7,320,1010.6,28,557.0,27.943122679014248,2
2025-09-29 12:00:00,26.9,65,19.7,28.9,0.2,15.0,325,1009.7,42,646.0,28.218194287712688,3
2025-09-29 13:00:00,27.3,62,19.4,29.5,0.1,15.3,332,1009.3,16,711.0,28.232404797992082,3
2025-09-29 14:00:00,27.2,59,18.5,28.4,0.0,15.9,335,1009.0,34,613.0,27.70035290818374,2
2025-09-29 15:00:00,27.0,58,17.9,27.3,0.0,17.1,341,1009.2,32,539.0,27.350217922771872,2
2025-09-29 16:00:00,25.8,61,17.7,26.1,0.0,16.3,352,1009.3,43,410.0,26.507848951586883,2
2025-09-29 17:00:00,24.8,65,17.7,25.6,0.0,13.8,351,1009.7,18,222.0,25.973982119319647,2
2025-09-29 18:00:00,23.4,71,17.9,24.2,0.0,13.4,348,1010.3,19,54.0,25.215663134170914,2
2025-09-29 19:00:00,22.3,77,18.0,23.6,0.0,11.3,347,1010.7,27,0.0,24.70980335875127,1
2025-09-29 20:00:00,21.8,79,18.0,23.4,0.0,9.2,353,1011.6,91,0.0,24.38756259718178,1
2025-09-29 21:00:00,21.8,80,18.0,23.7,0.0,6.4,349,1011.9,6,0.0,24.489929212335976,1
2025-09-29 22:00:00,22.5,74,17.6,23.9,0.0,9.2,16,1012.1,41,0.0,24.601965333742392,1
2025-09-29 23:00:00,21.6,78,17.5,23.5,0.0,5.8,2,1012.1,4,0.0,24.0749642358746,1
2025-09-30 00:00:00,20.6,82,17.4,22.5,0.0,5.2,358,1012.2,1,0.0,23.419487991312902,1
2025-09-30 01:00:00,20.0,84,17.1,21.8,0.0,4.9,358,1012.2,0,0.0,22.979283347398372,1
2025-09-30 02:00:00,19.1,87,16.9,20.9,0.0,4.0,352,1012.1,1,0.0,22.310967327797822,1
2025-09-30 03:00:00,18.7,88,16.6,20.5,0.0,3.8,341,1012.1,2,0.0,21.98297218437734,1
2025-09-30 04:00:00,18.5,89,16.8,20.3,0.0,4.3,338,1012.2,2,0.0,21.860658048253494,1
2025-09-30 05:00:00,18.3,89,16.5,19.9,0.0,4.3,355,1012.3,12,0.0,21.65481515604691,1
2025-09-30 06:00:00,18.0,88,16.0,19.5,0.0,3.8,25,1012.5,6,0.0,21.26701746519816,1
2025-09-30 07:00:00,19.5,84,16.7,21.3,0.0,3.1,80,1012.6,66,36.0,22.461009731012087,1
2025-09-30 08:00:00,21.4,77,17.2,23.7,0.0,1.8,114,1013.4,1,186.0,23.765863099874423,1
2025-09-30 09:00:00,23.0,69,16.9,25.0,0.0,2.7,152,1013.2,7,403.0,24.57780262126813,1
2025-09-30 10:00:00,24.5,63,16.9,26.9,0.0,1.0,158,1013.4,90,569.0,25.421547795516997,2
2025-09-30 11:00:00,25.3,57,16.1,27.3,0.0,1.3,270,1013.1,6,563.0,25.487239416441223,2
2025-09-30 12:00:00,26.5,51,15.6,29.2,0.0,3.4,238,1012.1,21,762.0,25.88295037538328,2
2025-09-30 13:00:00,26.8,50,15.4,28.4,0.0,8.8,231,1011.3,46,747.0,26.037990575897588,2
2025-09-30 14:00:00,25.7,59,17.1,26.6,0.0,13.3,220,1010.9,39,601.0,26.145561890883116,2
2025-09-30 15:00:00,25.8,59,17.2,26.8,0.0,10.0,216,1010.5,43,518.0,26.247545707272558,2
2025-09-30 16:00:00,25.8,59,17.0,26.8,0.0,9.7,214,1010.3,51,406.0,26.247545707272558,2
2025-09-30 17:00:00,25.4,63,17.7,27.5,0.0,4.6,252,1010.4,77,227.0,26.34942473488634,2
2025-09-30 18:00:00,23.9,66,17.2,25.0,0.0,10.1,4,1010.4,96,48.0,25.162315336481097,2
2025-09-30 19:00:00,22.5,63,15.2,22.5,0.0,12.5,15,1010.6,13,0.0,23.426977243591494,1
2025-09-30 20:00:00,21.8,65,15.0,22.0,0.0,10.0,13,1011.1,93,0.0,22.954429985022983,1
2025-09-30 21:00:00,21.2,67,14.8,21.9,0.0,6.5,14,1011.3,8,0.0,22.572075201436345,1
2025-09-30 22:00:00,20.4,71,14.9,21.2,0.0,5.2,20,1011.5,35,0.0,22.177187426704823,1
2025-09-30 23:00:00,19.7,75,15.2,20.7,0.0,4.9,6,1011.5,1,0.0,21.85780782339781,1
2025-10-01 00:00:00,19.2,78,15.2,20.4,0.0,4.2,5,1011.6,3,0.0,21.629738316296063,1
2025-10-01 01:00:00,18.6,82,15.4,19.9,0.0,3.9,13,1011.5,7,0.0,21.375822009331472,1
2025-10-01 02:00:00,18.5,83,15.6,19.8,0.0,4.2,20,1011.1,11,0.0,21.359681101180225,1
2025-10-01 03:00:00,18.8,81,15.4,19.8,0.0,5.8,30,1011.0,5,0.0,21.49072796070977,1
2025-10-01 04:00:00,19.2,76,15.0,19.9,0.0,6.9,37,1010.9,4,0.0,21.455293744083342,1
2025-10-01 05:00:00,19.2,74,14.5,19.6,0.0,7.8,26,1011.1,7,0.0,21.280849171870624,1
2025-10-01 06:00:00,18.9,75,14.4,18.9,0.0,9.5,22,1011.2,8,0.0,21.076894826443013,1
2025-10-01 07:00:00,19.4,76,15.1,19.8,0.0,9.4,24,1011.6,1,33.0,21.65160784890521,1
2025-10-01 08:00:00,22.0,74,17.2,23.6,0.0,6.9,39,1011.9,3,194.0,24.081979195409577,1
2025-10-01 09:00:00,23.9,64,16.6,25.9,0.0,2.0,45,1012.6,5,385.0,24.9298603262847,1
2025-10-01 10:00:00,25.2,62,17.3,27.4,0.0,2.8,165,1012.4,5,553.0,26.015933057485665,2
2025-10-01 11:00:00,25.9,59,17.4,28.5,0.0,5.4,220,1012.3,13,678.0,26.349763488774443,2
2025-10-01 12:00:00,26.3,58,17.5,29.0,0.0,6.2,234,1011.8,5,709.0,26.626945592180366,2
2025-10-01 13:00:00,26.9,56,17.4,29.4,0.0,7.3,253,1011.1,5,706.0,26.96845507864478,2
2025-10-01 14:00:00,27.3,53,16.8,28.8,0.0,10.2,262,1010.8,5,647.0,26.953054101509363,2
2025-10-01 15:00:00,27.6,47,15.2,28.2,0.0,8.3,259,1010.6,6,534.0,26.388316668185432,2
2025-10-01 16:00:00,27.1,49,15.4,27.5,0.0,10.0,278,1010.7,41,387.0,26.190033708799056,2
2025-10-01 17:00:00,26.2,57,17.0,27.0,0.0,11.2,298,1011.3,22,214.0,26.391307731020568,2
2025-10-01 18:00:00,24.6,65,17.7,26.2,0.0,7.9,333,1011.9,13,51.0,25.766083531037335,2
2025-10-01 19:00:00,23.0,70,17.2,24.1,0.0,10.4,9,1012.7,23,0.0,24.68790120998216,1
2025-10-01 20:00:00,22.0,72,16.7,23.0,0.0,9.1,9,1013.5,13,0.0,23.874736514452557,1
2025-10-01 21:00:00,21.6,78,17.6,23.1,0.0,8.9,6,1013.7,17,0.0,24.0749642358746,1
2025-10-01 22:00:00,21.3,79,17.5,22.7,0.0,8.7,354,1013.9,2,0.0,23.860828052204766,1
2025-10-01 23:00:00,21.2,80,17.5,22.7,0.0,8.5,347,1014.4,99,0.0,23.854937553953842,1
2025-10-02 00:00:00,20.9,81,17.5,22.3,0.0,8.5,353,1014.4,100,0.0,23.6378339538597,1
2025-10-02 01:00:00,20.6,81,17.2,22.1,0.0,8.0,355,1014.3,84,0.0,23.32437472312616,1
2025-10-02 02:00:00,20.4,81,17.0,22.0,0.0,6.2,350,1014.1,59,0.0,23.116678613564655,1
2025-10-02 03:00:00,20.1,83,17.1,21.6,0.0,7.6,342,1014.3,20,0.0,22.991478910453083,1
2025-10-02 04:00:00,19.7,85,17.0,21.1,0.0,7.4,342,1014.5,16,0.0,22.757528866517514,1
2025-10-02 05:00:00,19.4,85,16.8,20.6,0.0,8.1,348,1014.8,31,0.0,22.44642719943346,1
2025-10-02 06:00:00,19.4,83,16.5,20.4,0.0,8.5,358,1015.3,95,0.0,22.26980067709385,1
2025-10-02 07:00:00,20.3,79,16.6,21.3,0.0,8.6,360,1016.0,16,32.0,22.826466640167858,1
2025-10-02 08:00:00,22.4,74,17.5,24.2,0.0,6.3,357,1016.7,45,200.0,24.497465112015934,1
2025-10-02 09:00:00,24.6,65,17.5,26.3,0.0,6.6,17,1016.7,55,365.0,25.766083531037335,2
2025-10-02 10:00:00,26.2,52,15.6,27.3,0.0,6.2,60,1016.5,100,555.0,25.725000035317013,2
2025-10-02 11:00:00,26.8,48,15.0,27.9,0.0,5.5,117,1016.3,100,592.0,25.761894952861685,2
2025-10-02 12:00:00,26.9,51,15.9,28.3,0.0,6.9,163,1016.1,99,615.0,26.274155518051494,2
2025-10-02 13:00:00,26.4,58,17.5,28.0,0.0,9.2,174,1015.6,98,596.0,26.729556946012334,2
2025-10-02 14:00:00,26.7,55,16.8,28.4,0.0,9.4,183,1015.5,99,660.0,26.627091829618312,2
2025-10-02 15:00:00,26.4,55,16.6,27.4,0.0,9.0,186,1015.6,63,305.0,26.325035035011695,2
2025-10-02 16:00:00,26.0,56,16.5,27.5,0.0,5.7,198,1016.0,100,275.0,26.05712051053862,2
2025-10-02 17:00:00,25.4,59,16.9,27.4,0.0,2.7,312,1016.4,100,89.0,25.84100411679832,2
2025-10-02 18:00:00,24.4,65,17.3,25.8,0.0,7.7,351,1016.5,100,32.0,25.55916339862843,2
2025-10-02 19:00:00,23.4,66,16.7,23.8,0.0,13.0,6,1016.9,100,0.0,24.651729110637753,1
2025-10-02 20:00:00,22.8,67,16.2,23.0,0.0,13.0,25,1017.4,88,0.0,24.15556400687126,1
2025-10-02 21:00:00,22.9,66,16.0,23.5,0.0,9.7,34,1017.6,100,0.0,24.147032440741892,1
2025-10-02 22:00:00,22.5,65,15.6,22.9,0.0,10.6,24,1017.6,100,0.0,23.640611441800747,1
2025-10-02 23:00:00,22.5,63,15.1,22.8,0.0,10.1,35,1017.3,100,0.0,23.426977243591494,1
2025-10-03 00:00:00,21.8,67,15.5,22.2,0.0,9.7,42,1017.1,100,0.0,23.159163215331382,1
2025-10-03 01:00:00,22.0,69,16.1,23.0,0.0,8.0,20,1017.5,100,0.0,23.563872493017033,1
2025-10-03 02:00:00,21.6,74,16.7,22.5,0.4,9.7,24,1017.5,100,0.0,23.670463505829748,1
2025-10-03 03:00:00,21.5,78,17.6,23.1,0.8,8.0,18,1016.7,98,0.0,23.970234266242727,1
2025-10-03 04:00:00,21.0,81,17.6,22.4,0.0,8.9,24,1016.9,100,0.0,23.742835708189446,1
2025-10-03 05:00:00,21.9,75,17.2,23.1,0.0,9.3,50,1017.2,100,0.0,24.081723156199278,1
2025-10-03 06:00:00,22.0,75,17.4,23.4,0.3,7.8,48,1018.3,100,0.0,24.18560053588808,1
2025-10-03 07:00:00,21.1,84,18.2,22.2,1.1,13.3,67,1018.3,100,6.0,24.142334017659774,1
2025-10-03 08:00:00,20.5,92,19.1,22.2,1.5,11.8,62,1019.1,100,24.0,24.260225665093916,1
2025-10-03 09:00:00,20.4,93,19.1,22.4,1.5,9.4,58,1019.8,100,39.0,24.244068037796456,1
2025-10-03 10:00:00,20.5,94,19.5,22.4,2.1,12.0,81,1019.4,100,44.0,24.44928491868291,1
2025-10-03 11:00:00,22.0,90,20.1,23.4,0.7,16.8,92,1018.7,100,181.0,25.739920643065698,2
2025-10-03 12:00:00,22.4,83,19.4,23.2,0.2,18.6,99,1017.9,100,197.0,25.45300546347733,2
2025-10-03 13:00:00,22.3,85,19.7,23.1,0.8,20.0,105,1017.4,100,117.0,25.554032279141012,2
2025-10-03 14:00:00,22.4,88,20.2,22.8,0.6,23.8,108,1016.1,100,126.0,25.98386121428922,2
2025-10-03 15:00:00,22.1,85,19.5,22.1,0.4,25.3,114,1016.1,100,72.0,25.332266656673422,2
2025-10-03 16:00:00,22.2,86,19.8,22.0,0.9,27.4,116,1015.8,100,59.0,25.547895152413982,2
2025-10-03 17:00:00,21.5,94,20.5,21.1,3.2,30.4,116,1015.6,100,30.0,25.57838488495918,2
2025-10-03 18:00:00,21.8,93,20.6,22.1,2.2,27.0,119,1015.9,100,8.0,25.820695209340574,2
2025-10-03 19:00:00,22.4,90,20.6,22.6,0.4,26.9,122,1016.2,100,0.0,26.196203514613973,2
2025-10-03 20:00:00,23.0,88,21.0,23.3,0.3,27.9,129,1016.0,100,0.0,26.669675806834714,2
2025-10-03 21:00:00,22.9,92,21.5,23.9,3.5,24.6,123,1016.6,100,0.0,26.992351281034157,2
2025-10-03 22:00:00,22.9,95,22.0,24.3,6.2,23.7,131,1016.5,100,0.0,27.32065730106788,2
2025-10-03 23:00:00,23.1,95,22.2,24.7,4.3,23.8,135,1015.8,100,0.0,27.560407668243943,2
2025-10-04 00:00:00,23.4,93,22.1,25.3,0.7,21.6,134,1015.4,100,0.0,27.69697283771683,2
2025-10-04 01:00:00,23.5,93,22.3,25.8,0.3,19.2,130,1014.9,100,0.0,27.817000059115127,2
2025-10-04 02:00:00,23.7,92,22.4,25.9,0.2,19.9,131,1013.9,100,0.0,27.943215854074968,2
2025-10-04 03:00:00,23.7,94,22.7,26.7,0.8,15.8,135,1014.4,100,0.0,28.172896633511375,3
2025-10-04 04:00:00,23.5,95,22.6,26.9,1.8,13.2,137,1013.7,100,0.0,28.043935544257387,3
2025-10-04 05:00:00,23.6,96,22.9,27.0,10.2,13.5,142,1013.5,100,0.0,28.27981749810269,3
2025-10-04 06:00:00,23.5,96,22.9,27.6,1.1,9.0,127,1014.1,100,0.0,28.157403286828515,3
2025-10-04 07:00:00,23.2,97,22.7,27.3,7.0,8.8,123,1014.4,100,9.0,27.903655249504876,2
2025-10-04 08:00:00,23.8,97,23.3,28.6,1.5,6.0,123,1014.7,100,76.0,28.6412166949095,3
2025-10-04 09:00:00,25.0,93,23.6,29.9,0.7,6.6,131,1014.6,100,135.0,29.65825697165079,3
2025-10-04 10:00:00,25.3,91,23.7,30.0,0.4,8.3,106,1014.6,100,238.0,29.78325240168687,3
2025-10-04 11:00:00,24.7,91,23.1,29.2,0.9,7.3,128,1014.3,97,260.0,29.03991397385111,3
2025-10-04 12:00:00,25.5,86,22.9,30.2,0.3,4.6,132,1013.6,98,334.0,29.39453594780819,3
2025-10-04 13:00:00,25.9,86,23.4,30.7,0.1,6.3,125,1012.5,73,292.0,29.884687458213595,3
2025-10-04 14:00:00,26.4,86,23.8,32.0,0.2,2.2,125,1012.3,95,400.0,30.505094782018286,3
2025-10-04 15:00:00,26.0,86,23.4,30.4,0.3,8.5,270,1012.0,92,273.0,30.008077926898594,3
2025-10-04 16:00:00,25.9,85,23.1,29.7,0.2,12.0,262,1011.9,78,227.0,29.753764348234366,3
2025-10-04 17:00:00,25.6,85,22.9,29.7,0.0,9.5,255,1012.2,46,162.0,29.38794469891839,3
2025-10-04 18:00:00,25.1,88,23.0,29.5,0.0,8.0,250,1012.4,91,29.0,29.159492995462628,3
2025-10-04 19:00:00,24.6,91,23.0,29.4,0.1,5.4,268,1012.8,89,0.0,28.917236943452266,3
2025-10-04 20:00:00,24.4,92,23.0,29.4,0.0,3.8,287,1013.2,100,0.0,28.792668194981783,3
2025-10-04 21:00:00,24.2,95,23.4,29.1,0.0,5.4,278,1013.3,100,0.0,28.903280786078458,3
2025-10-04 22:00:00,24.1,96,23.5,29.3,0.0,4.2,288,1013.2,88,0.0,28.897104842447916,3
2025-10-04 23:00:00,23.6,97,23.1,28.6,0.0,4.4,328,1013.3,33,0.0,28.39396976370793,3
2025-10-05 00:00:00,23.2,97,22.7,27.7,0.0,6.2,350,1013.3,22,0.0,27.903655249504876,2
2025-10-05 01:00:00,22.8,97,22.2,27.1,0.0,5.1,6,1012.9,47,0.0,27.41883147263451,2
2025-10-05 02:00:00,22.4,96,21.8,26.6,0.0,4.0,352,1012.8,75,0.0,26.833230415588236,2
2025-10-05 03:00:00,22.1,97,21.6,26.1,0.0,5.1,352,1012.7,100,0.0,26.58331136114496,2
2025-10-05 04:00:00,22.0,96,21.4,25.7,0.0,5.7,347,1012.7,79,0.0,26.361648685936746,2
2025-10-05 05:00:00,21.9,97,21.3,25.6,0.0,5.7,342,1013.0,40,0.0,26.347553948684396,2
2025-10-05 06:00:00,21.6,97,21.1,25.3,0.0,5.1,352,1013.1,41,0.0,25.99634270358764,2
2025-10-05 07:00:00,21.8,97,21.2,25.3,0.0,6.7,354,1013.4,44,27.0,26.230161669957372,2
2025-10-05 08:00:00,23.1,95,22.2,27.3,0.0,5.9,348,1013.7,80,177.0,27.560407668243943,2
2025-10-05 09:00:00,25.0,89,23.0,29.8,0.0,5.0,2,1014.0,27,288.0,29.161772800827098,3
2025-10-05 10:00:00,26.9,73,21.6,31.0,0.0,3.9,332,1013.9,17,518.0,29.329073584661945,3
2025-10-05 11:00:00,27.9,67,21.1,31.9,0.0,6.5,284,1013.7,22,635.0,29.6225442401493,3
2025-10-05 12:00:00,28.5,62,20.5,31.8,0.0,10.7,284,1013.2,15,666.0,29.55024506878685,3
2025-10-05 13:00:00,29.0,58,20.0,31.7,0.0,12.8,289,1012.5,13,674.0,29.483351419343666,3
2025-10-05 14:00:00,29.0,58,19.8,31.4,0.0,12.2,303,1011.7,22,626.0,29.483351419343666,3
2025-10-05 15:00:00,28.8,57,19.4,30.9,0.0,9.4,290,1011.0,27,509.0,29.11033463169876,3
2025-10-05 16:00:00,28.1,59,19.5,30.5,0.0,8.6,301,1010.9,81,367.0,28.65984333256806,3
2025-10-05 17:00:00,26.9,69,20.6,29.6,0.0,9.7,329,1011.1,70,186.0,28.773633936187313,3
2025-10-05 18:00:00,25.1,74,20.1,27.3,0.0,12.2,352,1011.7,95,39.0,27.411435018911757,2
2025-10-05 19:00:00,23.6,82,20.3,26.0,0.0,11.7,356,1012.5,91,0.0,26.681685779629383,2
2025-10-05 20:00:00,23.1,85,20.5,25.6,0.0,11.2,356,1012.9,63,0.0,26.452754229481425,2
2025-10-05 21:00:00,23.3,86,20.9,26.2,0.0,9.4,5,1013.0,16,0.0,26.792511509623285,2
2025-10-05 22:00:00,23.1,86,20.6,26.1,0.0,8.3,358,1013.1,2,0.0,26.563519573357674,2
2025-10-05 23:00:00,22.9,86,20.5,25.5,0.0,9.9,350,1013.3,4,0.0,26.335739240966713,2
2025-10-06 00:00:00,22.5,87,20.4,25.3,0.0,8.9,352,1013.1,3,0.0,25.99058762210254,2
2025-10-06 01:00:00,22.4,88,20.2,25.0,0.0,9.0,357,1013.2,7,0.0,25.98386121428922,2
2025-10-06 02:00:00,22.1,88,20.1,24.8,0.0,8.7,354,1013.0,22,0.0,25.645027832791307,2
2025-10-06 03:00:00,22.3,88,20.2,24.9,0.0,9.4,358,1012.8,63,0.0,25.870618124287166,2
2025-10-06 04:00:00,22.2,88,20.1,24.8,0.0,9.2,6,1012.7,90,0.0,25.757674109446864,2
2025-10-06 05:00:00,22.0,87,19.9,24.6,0.0,8.2,9,1013.0,88,0.0,25.429056621630178,2
2025-10-06 06:00:00,22.1,86,19.7,24.7,0.0,8.0,18,1013.2,20,0.0,25.436520382046048,2
2025-10-06 07:00:00,22.5,84,19.7,25.3,0.0,6.1,3,1014.0,48,21.0,25.67013632478866,2
2025-10-06 08:00:00,23.5,79,19.6,26.6,0.0,4.5,7,1014.3,27,129.0,26.2284516631193,2
2025-10-06 09:00:00,25.2,72,19.9,28.1,0.0,6.7,44,1014.3,6,333.0,27.271986776434964,2
2025-10-06 10:00:00,26.4,68,20.0,29.5,0.0,5.1,86,1014.4,4,521.0,28.077963316014458,3
2025-10-06 11:00:00,27.0,67,20.3,30.7,0.0,5.4,143,1014.1,14,637.0,28.607303462512338,3
2025-10-06 12:00:00,26.9,67,20.4,30.2,0.0,10.2,171,1013.6,97,680.0,28.495914111950004,3
2025-10-06 13:00:00,26.0,68,19.6,28.0,0.0,11.9,190,1012.9,16,525.0,27.63750347708261,2
2025-10-06 14:00:00,26.5,65,19.4,28.8,0.0,9.3,204,1012.4,23,586.0,27.781858321566926,2
2025-10-06 15:00:00,26.5,66,19.5,28.9,0.0,8.0,203,1012.1,14,490.0,27.917494603437188,2
2025-10-06 16:00:00,26.6,66,19.8,29.5,0.0,5.5,207,1012.3,18,351.0,28.02697693294896,3
2025-10-06 17:00:00,26.3,70,20.5,29.8,0.0,4.2,310,1012.8,20,188.0,28.235534335390096,3
2025-10-06 18:00:00,25.0,73,19.9,26.7,0.0,14.1,347,1013.2,9,36.0,27.175836117532338,2
2025-10-06 19:00:00,23.9,76,19.5,25.4,0.0,14.2,3,1013.5,1,0.0,26.32459038746308,2
2025-10-06 20:00:00,23.5,78,19.4,25.4,0.0,11.5,8,1014.2,2,0.0,26.114983920548173,2
2025-10-06 21:00:00,23.1,78,19.1,25.4,0.0,8.2,23,1014.5,0,0.0,25.67739682234766,2
2025-10-06 22:00:00,22.3,82,19.1,25.1,0.0,4.3,22,1014.2,0,0.0,25.237446433994858,2
2025-10-06 23:00:00,21.5,87,19.2,24.6,0.0,3.1,10,1014.4,2,0.0,24.874818989270732,1
2025-10-07 00:00:00,21.8,86,19.2,24.5,0.0,4.9,51,1014.2,0,0.0,25.104128903261174,2
2025-10-07 01:00:00,22.1,85,19.5,25.1,0.0,4.3,48,1013.9,2,0.0,25.332266656673422,2
2025-10-07 02:00:00,22.4,88,20.3,25.7,0.0,4.9,84,1013.9,6,0.0,25.98386121428922,2
2025-10-07 03:00:00,22.7,92,21.3,26.5,0.0,4.8,110,1013.8,23,0.0,26.75787557570845,2
2025-10-07 04:00:00,23.5,86,20.9,25.9,0.0,12.8,112,1013.9,23,0.0,27.022725861117213,2
2025-10-07 05:00:00,23.0,78,18.9,24.4,0.0,12.7,101,1014.0,52,0.0,25.568689919694407,2
2025-10-07 06:00:00,22.5,78,18.5,24.4,0.0,8.7,97,1014.5,23,0.0,25.0292337301609,2
2025-10-07 07:00:00,22.7,78,18.6,24.1,0.0,12.2,107,1014.9,15,25.0,25.24420537940499,2
2025-10-07 08:00:00,23.5,72,18.1,24.6,0.0,13.3,106,1015.4,1,173.0,25.434177465121387,2
2025-10-07 09:00:00,24.5,68,18.3,25.6,0.0,13.3,111,1015.8,1,359.0,26.023932541192952,2
2025-10-07 10:00:00,25.5,66,18.7,26.7,0.0,13.3,120,1015.9,0,523.0,26.837318285527218,2
2025-10-07 11:00:00,26.1,65,19.0,27.8,0.0,14.8,126,1015.2,0,649.0,27.349773324645366,2
2025-10-07 12:00:00,26.5,66,19.6,28.7,0.0,15.6,125,1014.4,0,718.0,27.917494603437188,2
2025-10-07 13:00:00,26.8,67,20.1,29.6,0.0,14.3,121,1013.5,0,721.0,28.38480337170277,3
2025-10-07 14:00:00,27.2,66,20.3,30.0,0.0,12.7,113,1012.7,0,662.0,28.689601558307235,3
2025-10-07 15:00:00,27.4,66,20.5,30.4,0.0,7.8,112,1012.5,21,545.0,28.91268785665214,3
2025-10-07 16:00:00,26.8,68,20.4,29.6,0.0,8.3,106,1012.4,100,293.0,28.52285118322072,3
2025-10-07 17:00:00,25.9,75,21.1,29.4,0.0,6.7,109,1012.5,26,117.0,28.444533248442088,3
2025-10-07 18:00:00,24.6,82,21.5,28.7,0.0,4.0,100,1012.7,23,31.0,27.82645306992402,2
2025-10-07 19:00:00,24.2,84,21.4,27.9,0.0,6.2,60,1013.0,26,0.0,27.601589326637797,2
2025-10-07 20:00:00,24.1,84,21.3,27.3,0.0,9.3,49,1013.3,95,0.0,27.48555423714193,2
2025-10-07 21:00:00,24.3,85,21.6,27.3,0.0,11.6,71,1013.5,51,0.0,27.836980679369283,2
2025-10-07 22:00:00,24.4,86,21.9,27.6,0.1,11.3,90,1013.5,70,0.0,28.074111573569926,3
2025-10-07 23:00:00,24.2,89,22.4,28.0,0.0,9.6,124,1013.2,69,0.0,28.193267262747188,3
2025-10-08 00:00:00,24.0,91,22.4,27.6,0.1,10.5,117,1013.2,45,0.0,28.188314090277093,3
2025-10-08 01:00:00,23.7,93,22.5,27.5,0.1,9.6,110,1012.8,54,0.0,28.05805624379317,3
2025-10-08 02:00:00,23.6,93,22.5,27.7,0.2,7.9,103,1012.6,63,0.0,27.937360701286988,2
2025-10-08 03:00:00,23.3,95,22.5,27.7,0.1,5.6,63,1012.2,53,0.0,27.80149643504898,2
2025-10-08 04:00:00,23.5,94,22.4,27.6,0.0,6.6,49,1011.9,12,0.0,27.930467801686255,2
2025-10-08 05:00:00,23.0,95,22.0,27.2,0.5,4.6,69,1012.2,77,0.0,27.440365927832932,2
2025-10-08 06:00:00,23.0,94,22.0,27.2,0.1,5.0,49,1012.6,41,0.0,27.3302673391189,2
2025-10-08 07:00:00,23.3,94,22.4,27.2,0.0,8.3,44,1012.8,47,20.0,27.689386998890566,2
2025-10-08 08:00:00,24.2,92,22.9,28.3,0.0,8.8,57,1013.2,52,118.0,28.548274024412823,3
2025-10-08 09:00:00,25.1,86,22.6,29.1,0.1,8.7,82,1013.8,31,239.0,28.90977042738393,3
2025-10-08 10:00:00,26.0,80,22.3,30.2,0.1,6.3,83,1013.6,75,319.0,29.2178864436266,3
2025-10-08 11:00:00,26.6,76,22.0,31.0,0.2,3.4,72,1013.0,23,416.0,29.39133707430486,3
2025-10-08 12:00:00,27.5,71,21.7,32.2,0.3,4.0,357,1012.4,66,639.0,29.743753351395583,3
2025-10-08 13:00:00,27.8,68,21.4,31.5,0.4,6.5,337,1011.7,59,560.0,29.65495106164916,3
2025-10-08 14:00:00,28.0,68,21.5,31.2,0.5,11.1,347,1011.0,45,572.0,29.884857743146558,3
2025-10-08 15:00:00,27.6,67,21.0,29.3,0.1,18.5,1,1010.6,11,490.0,29.281557803583492,3
2025-10-08 16:00:00,26.8,68,20.4,27.9,0.0,20.4,8,1010.8,8,354.0,28.52285118322072,3
2025-10-08 17:00:00,25.7,71,20.0,26.5,0.0,21.3,15,1011.1,7,182.0,27.698171089028833,2
2025-10-08 18:00:00,24.4,74,19.4,25.0,0.0,20.3,18,1011.5,2,31.0,26.636998330746216,2
2025-10-08 19:00:00,23.6,73,18.5,24.1,0.0,18.1,22,1011.8,18,0.0,25.654315389182255,2
2025-10-08 20:00:00,23.2,71,17.8,23.7,0.0,15.9,25,1012.3,20,0.0,25.006329100153053,2
2025-10-08 21:00:00,23.5,79,19.6,25.4,0.0,12.5,11,1012.9,20,0.0,26.2284516631193,2
2025-10-08 22:00:00,23.5,76,19.0,24.8,0.0,13.8,13,1013.0,13,0.0,25.88804843540591,2
2025-10-08 23:00:00,23.2,75,18.5,24.1,0.0,15.7,27,1013.5,14,0.0,25.45207158466872,2
2025-10-09 00:00:00,22.9,74,18.0,23.3,0.0,16.8,27,1013.6,20,0.0,25.02251516083182,2
2025-10-09 01:00:00,22.5,74,17.6,22.7,0.0,17.6,29,1013.6,24,0.0,24.601965333742392,1
2025-10-09 02:00:00,22.2,73,17.1,22.2,0.0,17.6,31,1013.8,16,0.0,24.18433193170024,1
2025-10-09 03:00:00,22.4,65,15.4,21.6,0.0,17.8,32,1014.0,8,0.0,23.541924760554537,1
2025-10-09 04:00:00,22.2,66,15.5,21.7,0.0,16.3,33,1014.2,0,0.0,23.450105582085147,1
2025-10-09 05:00:00,22.0,69,16.0,22.0,0.0,14.4,38,1014.3,1,0.0,23.563872493017033,1
2025-10-09 06:00:00,21.6,73,16.6,22.0,0.0,12.7,31,1014.6,2,0.0,23.569338323318533,1
2025-10-09 07:00:00,21.5,75,17.0,21.8,0.0,14.9,36,1015.1,6,24.0,23.66870602523339,1
2025-10-09 08:00:00,22.6,70,16.9,23.0,0.0,13.6,43,1015.9,15,171.0,24.276853402396537,1
2025-10-09 09:00:00,24.1,65,17.0,24.9,0.0,11.6,35,1015.9,16,346.0,25.25059911207411,2
2025-10-09 10:00:00,25.3,59,16.6,25.9,0.0,11.5,39,1016.0,20,491.0,25.739946062632146,2
2025-10-09 11:00:00,26.4,55,16.5,27.6,0.0,10.1,33,1015.5,8,635.0,26.325035035011695,2
2025-10-09 12:00:00,27.4,51,16.5,29.2,0.0,10.1,27,1015.0,48,723.0,26.767940616503928,2
2025-10-09 13:00:00,27.6,49,15.8,28.6,0.0,12.8,16,1014.5,56,704.0,26.677640781725238,2
2025-10-09 14:00:00,27.1,50,15.6,27.3,0.0,15.1,15,1014.4,26,648.0,26.33053031510108,2
2025-10-09 15:00:00,26.9,48,14.9,26.5,0.0,13.8,16,1013.9,10,540.0,25.857575781695523,2
2025-10-09 16:00:00,26.0,51,15.2,25.6,0.0,15.0,14,1014.2,16,379.0,25.398627607811957,2
2025-10-09 17:00:00,24.5,58,15.7,23.9,0.0,17.1,9,1014.8,0,187.0,24.819163049841045,1
2025-10-09 18:00:00,22.9,60,14.9,21.8,0.0,18.3,15,1015.6,0,31.0,23.49042040067445,1
2025-10-09 19:00:00,22.2,61,14.3,21.2,0.0,16.2,21,1016.1,0,0.0,22.92565818950294,1
2025-10-09 20:00:00,21.7,61,13.9,20.3,0.0,18.4,27,1016.7,7,0.0,22.450298927676226,1
2025-10-09 21:00:00,21.4,63,14.0,20.3,0.0,16.1,24,1017.0,2,0.0,22.367306172624527,1
2025-10-09 22:00:00,20.8,64,13.8,19.8,0.0,15.1,28,1017.4,0,0.0,21.896160514378064,1
2025-10-09 23:00:00,20.2,66,13.7,19.4,0.0,14.0,28,1017.5,0,0.0,21.51803139749561,1
2025-10-10 00:00:00,19.7,69,13.9,19.1,0.0,12.7,21,1017.5,0,0.0,21.317975197525982,1
2025-10-10 01:00:00,19.3,72,14.1,18.9,0.0,11.7,18,1017.5,10,0.0,21.202272933023412,1
2025-10-10 02:00:00,19.0,73,14.1,18.8,0.0,10.0,21,1017.4,3,0.0,21.001447745350873,1
2025-10-10 03:00:00,18.7,77,14.5,18.9,0.0,8.9,19,1017.3,0,0.0,21.052963161330172,1
2025-10-10 04:00:00,18.2,78,14.3,18.5,0.0,7.9,13,1017.2,0,0.0,20.65090609459757,0
2025-10-10 05:00:00,17.8,79,14.1,18.3,0.0,5.6,21,1017.4,0,0.0,20.345497139145902,0
2025-10-10 06:00:00,17.0,83,14.1,17.8,0.0,4.1,29,1017.7,0,0.0,19.885130785845103,0
2025-10-10 07:00:00,18.2,79,14.5,19.1,0.0,4.0,32,1017.8,0,24.0,20.732848480425744,0
2025-10-10 08:00:00,20.5,67,14.3,21.1,0.0,6.0,73,1017.8,0,175.0,21.89698499523144,1
2025-10-10 09:00:00,22.0,62,14.4,22.1,0.0,8.9,83,1017.4,0,368.0,22.83852310966748,1
2025-10-10 10:00:00,23.4,61,15.3,24.1,0.0,6.9,99,1017.2,0,536.0,24.08779508710459,1
2025-10-10 11:00:00,24.5,59,16.0,26.1,0.0,7.7,118,1016.9,0,664.0,24.939639998976237,1
2025-10-10 12:00:00,25.1,58,16.2,26.9,0.0,9.6,124,1016.4,0,729.0,25.413654474282186,2
2025-10-10 13:00:00,25.5,56,16.1,27.3,0.0,9.2,123,1016.0,0,731.0,25.558709454386733,2
2025-10-10 14:00:00,25.6,57,16.4,27.2,0.0,9.3,131,1015.5,0,667.0,25.786569974568803,2
2025-10-10 15:00:00,25.3,60,17.0,26.1,0.0,11.9,120,1015.2,0,546.0,25.866299385727604,2
2025-10-10 16:00:00,24.9,63,17.3,25.8,0.0,11.8,116,1015.2,0,378.0,25.83153176118989,2
2025-10-10 17:00:00,24.4,68,18.0,26.0,0.0,8.6,106,1015.1,0,186.0,25.91844170933436,2
2025-10-10 18:00:00,23.5,72,18.2,25.6,0.0,6.7,87,1015.0,0,30.0,25.434177465121387,2
2025-10-10 19:00:00,23.2,71,17.8,25.0,0.0,7.5,80,1015.3,0,0.0,25.006329100153053,2
2025-10-10 20:00:00,22.3,75,17.5,24.0,0.0,6.6,49,1015.8,0,0.0,24.498746128653835,1
2025-10-10 21:00:00,22.1,79,18.2,24.1,0.0,7.2,53,1015.6,0,0.0,24.70674430443765,1
2025-10-10 22:00:00,21.2,82,18.1,23.4,0.0,5.6,57,1016.0,0,0.0,24.05230099280269,1
2025-10-10 23:00:00,21.2,81,17.9,22.9,0.0,7.8,48,1016.1,0,0.0,23.953619273378266,1
2025-10-11 00:00:00,20.9,80,17.4,22.4,0.0,7.7,41,1015.6,0,0.0,23.540950818626865,1
2025-10-11 01:00:00,20.8,78,16.9,22.2,0.0,6.6,41,1015.1,0,0.0,23.24422062689827,1
2025-10-11 02:00:00,20.8,76,16.3,22.0,0.0,6.6,43,1014.7,0,0.0,23.051640610823952,1
2025-10-11 03:00:00,19.4,83,16.4,21.0,0.0,4.4,38,1013.8,0,0.0,22.26980067709385,1
2025-10-11 04:00:00,20.2,76,15.9,21.4,0.0,5.9,55,1013.6,0,0.0,22.44600585166161,1
2025-10-11 05:00:00,20.7,73,15.6,21.4,0.0,8.3,66,1013.7,0,0.0,22.66300417219819,1
2025-10-11 06:00:00,21.1,73,16.1,21.8,0.0,9.4,77,1013.8,0,0.0,23.063465277251947,1
2025-10-11 07:00:00,21.2,76,16.8,22.2,0.0,9.9,81,1013.9,0,22.0,23.46021067625615,1
2025-10-11 08:00:00,22.4,75,17.6,23.9,0.0,8.0,74,1014.0,0,166.0,24.60363626217831,1
2025-10-11 09:00:00,24.0,71,18.4,25.7,0.0,9.1,99,1014.0,2,341.0,25.849783520985422,2
2025-10-11 10:00:00,25.1,70,19.2,26.9,0.0,11.7,119,1013.6,0,514.0,26.911989882754362,2
2025-10-11 11:00:00,26.1,67,19.5,28.0,0.0,14.6,122,1013.2,4,638.0,27.61472942694215,2
2025-10-11 12:00:00,26.9,65,19.6,29.4,0.0,13.1,124,1011.9,5,689.0,28.218194287712688,3
2025-10-11 13:00:00,27.5,64,20.1,30.8,0.0,9.7,115,1010.9,7,695.0,28.73701006322982,3
2025-10-11 14:00:00,27.5,65,20.4,30.4,0.0,11.4,119,1010.6,16,651.0,28.88083053296779,3
2025-10-11 15:00:00,27.3,67,20.5,29.6,0.0,12.9,110,1010.1,17,529.0,28.94315518492693,3
2025-10-11 16:00:00,26.9,70,20.9,29.7,0.0,10.3,83,1010.1,15,357.0,28.912493848305974,3
2025-10-11 17:00:00,26.0,75,21.2,29.1,0.0,9.2,88,1010.3,3,170.0,28.559393540899936,3
2025-10-11 18:00:00,24.5,83,21.5,28.0,0.0,7.4,84,1010.4,2,26.0,27.831086778220804,2
2025-10-11 19:00:00,24.4,84,21.5,27.7,0.0,9.0,110,1011.3,9,0.0,27.834592699765974,2
2025-10-11 20:00:00,24.4,84,21.5,28.0,0.0,6.7,87,1011.2,0,0.0,27.834592699765974,2
2025-10-11 21:00:00,24.2,87,21.9,28.0,0.0,7.6,78,1010.8,0,0.0,27.95659608830343,2
2025-10-11 22:00:00,24.0,89,22.0,28.0,0.0,6.5,77,1010.7,2,0.0,27.95446103334793,2
2025-10-11 23:00:00,24.0,91,22.4,28.3,0.0,5.8,83,1010.7,4,0.0,28.188314090277093,3
2025-10-12 00:00:00,23.5,93,22.2,27.9,0.0,3.7,76,1010.4,1,0.0,27.817000059115127,2
2025-10-12 01:00:00,23.5,93,22.3,28.0,0.0,4.1,67,1010.0,0,0.0,27.817000059115127,2
2025-10-12 02:00:00,22.7,94,21.6,27.0,0.0,3.1,36,1009.9,0,0.0,26.974114175180368,2
2025-10-12 03:00:00,22.9,93,21.6,26.8,0.0,5.1,48,1009.8,2,0.0,27.1017866210454,2
2025-10-12 04:00:00,22.9,92,21.6,26.8,0.0,5.6,63,1009.7,1,0.0,26.992351281034157,2
2025-10-12 05:00:00,22.8,92,21.4,26.5,0.0,5.7,37,1009.8,2,0.0,26.874953561673966,2
2025-10-12 06:00:00,21.9,93,20.8,25.1,0.0,7.0,4,1010.0,2,0.0,25.935584713687106,2
2025-10-12 07:00:00,22.0,92,20.7,25.2,0.0,7.6,357,1010.5,5,21.0,25.947163324022714,2
2025-10-12 08:00:00,24.1,87,21.8,28.1,0.0,5.2,360,1011.0,1,163.0,27.838441888468424,2
2025-10-12 09:00:00,25.9,81,22.4,30.6,0.0,2.3,337,1011.2,11,348.0,29.23007190831746,3
2025-10-12 10:00:00,27.5,75,22.6,32.2,0.0,3.4,252,1011.2,59,485.0,30.319035230347446,3
2025-10-12 11:00:00,27.8,75,22.9,32.2,0.1,6.7,239,1011.2,33,511.0,30.679457788583633,3
2025-10-12 12:00:00,28.4,74,23.2,33.6,0.3,7.3,250,1010.7,22,647.0,31.257541156761906,4
2025-10-12 13:00:00,29.1,68,22.7,34.0,0.2,7.9,286,1010.0,8,657.0,31.17080878316167,4
2025-10-12 14:00:00,29.1,59,20.1,31.1,0.0,15.4,342,1009.6,12,613.0,29.750514973625567,3
2025-10-12 15:00:00,28.5,60,20.0,30.0,0.0,15.8,349,1009.8,3,528.0,29.245382324632434,3
2025-10-12 16:00:00,27.4,65,20.1,29.0,0.0,15.6,353,1010.0,0,362.0,28.76970470730893,3
2025-10-12 17:00:00,26.2,71,20.5,28.3,0.0,13.9,350,1010.6,11,172.0,28.256969278990535,3
2025-10-12 18:00:00,24.9,79,20.9,27.3,0.0,12.7,349,1011.0,7,23.0,27.805685859269865,2
2025-10-12 19:00:00,23.9,85,21.1,26.4,0.0,12.6,347,1011.5,13,0.0,27.370637933346867,2
2025-10-12 20:00:00,23.5,86,20.9,26.2,0.0,11.1,333,1012.0,4,0.0,27.022725861117213,2
2025-10-12 21:00:00,23.6,85,21.0,26.2,0.0,12.7,325,1012.4,8,0.0,27.024142576445094,2
2025-10-12 22:00:00,23.5,85,20.8,26.0,0.0,12.4,329,1012.6,14,0.0,26.90925811854608,2
2025-10-12 23:00:00,23.1,85,20.5,25.4,0.0,12.0,330,1012.8,34,0.0,26.452754229481425,2
2025-10-13 00:00:00,22.9,85,20.1,25.4,0.0,9.7,332,1012.7,5,0.0,26.22630390095547,2
2025-10-13 01:00:00,22.5,86,20.0,25.4,0.0,7.5,323,1012.6,4,0.0,25.883770522997914,2
2025-10-13 02:00:00,22.2,87,20.0,25.0,0.0,7.0,318,1012.7,6,0.0,25.652784630930423,2
2025-10-13 03:00:00,22.6,87,20.2,25.4,0.0,8.2,311,1012.6,26,0.0,26.103783514407123,2
2025-10-13 04:00:00,22.5,86,20.1,25.4,0.0,7.1,317,1012.6,2,0.0,25.883770522997914,2
2025-10-13 05:00:00,22.1,87,19.9,24.8,0.0,7.7,321,1013.1,5,0.0,25.540774107418677,2
2025-10-13 06:00:00,21.9,88,19.9,24.5,0.0,8.0,314,1013.7,27,0.0,25.420623169940487,2
2025-10-13 07:00:00,22.1,88,20.0,25.0,0.0,6.4,324,1014.1,1,18.0,25.645027832791307,2
2025-10-13 08:00:00,23.4,82,20.1,26.5,0.0,6.0,319,1014.8,2,159.0,26.456317985943873,2
2025-10-13 09:00:00,25.0,77,20.8,28.3,0.0,7.2,297,1014.8,16,345.0,27.67232028835603,2
2025-10-13 10:00:00,26.4,69,20.4,29.2,0.0,8.7,283,1014.7,62,464.0,28.21280395301467,3
2025-10-13 11:00:00,27.4,65,20.2,30.0,0.0,9.6,278,1014.5,75,567.0,28.76970470730893,3
2025-10-13 12:00:00,28.0,62,20.0,30.5,0.0,10.9,278,1013.9,59,587.0,28.996429118751273,3
2025-10-13 13:00:00,28.4,60,20.0,30.5,0.0,12.3,277,1013.4,75,560.0,29.135833370347488,3
2025-10-13 14:00:00,28.5,60,20.0,30.5,0.0,12.0,277,1013.1,10,454.0,29.245382324632434,3
2025-10-13 15:00:00,28.6,60,20.2,30.8,0.0,12.2,253,1012.8,7,480.0,29.35519840077912,3
2025-10-13 16:00:00,28.3,59,19.6,30.2,0.0,12.0,258,1012.9,0,353.0,28.875876235228585,3
2025-10-13 17:00:00,27.3,63,19.6,29.2,0.0,12.2,278,1013.2,0,169.0,28.37455487537905,3
2025-10-13 18:00:00,25.5,73,20.3,27.5,0.0,13.3,306,1013.7,0,23.0,27.732344467325557,2
2025-10-13 19:00:00,24.2,80,20.6,26.8,0.0,11.0,342,1014.1,0,0.0,27.128246977750283,2
2025-10-13 20:00:00,23.1,86,20.6,25.8,0.0,10.1,357,1014.4,0,0.0,26.563519573357674,2
2025-10-13 21:00:00,22.9,86,20.4,25.8,0.0,7.8,5,1014.7,5,0.0,26.335739240966713,2
2025-10-13 22:00:00,22.5,86,20.0,25.8,0.0,3.9,24,1014.7,1,0.0,25.883770522997914,2
2025-10-13 23:00:00,21.9,90,20.0,25.3,0.0,3.2,360,1014.8,8,0.0,25.626607787439134,2
2025-10-14 00:00:00,21.5,91,19.9,25.0,0.0,1.6,6,1014.5,1,0.0,25.276856643949845,2
2025-10-14 01:00:00,21.0,93,19.8,24.5,0.0,1.8,349,1014.6,17,0.0,24.912589146439732,1
2025-10-14 02:00:00,20.9,92,19.6,24.5,0.0,0.4,27,1014.4,0,0.0,24.703548441420896,1
2025-10-14 03:00:00,21.6,91,20.1,25.4,0.0,1.3,8,1014.1,3,0.0,25.389591608520366,2
2025-10-14 04:00:00,21.4,90,19.6,24.8,0.0,1.8,37,1013.8,2,0.0,25.064523103749327,2
2025-10-14 05:00:00,21.3,89,19.5,24.5,0.0,3.1,31,1014.1,9,0.0,24.85370502083828,1
2025-10-14 06:00:00,21.2,89,19.4,24.6,0.0,1.3,74,1014.3,7,0.0,24.743073028773647,1
2025-10-14 07:00:00,22.2,87,20.0,25.5,0.0,4.1,142,1014.8,45,17.0,25.652784630930423,2
2025-10-14 08:00:00,23.6,90,21.8,27.6,0.0,5.3,147,1015.1,52,135.0,27.594903904471277,2
2025-10-14 09:00:00,25.2,82,21.9,28.8,0.0,8.7,137,1014.6,49,316.0,28.528040495384264,3
2025-10-14 10:00:00,26.5,75,21.8,29.9,0.0,9.6,150,1014.8,34,486.0,29.13822114026953,3
2025-10-14 11:00:00,27.4,68,21.0,30.7,0.0,8.8,165,1014.7,28,579.0,29.19865415533857,3
2025-10-14 12:00:00,28.1,65,20.9,31.7,0.0,8.6,150,1014.0,28,637.0,29.553451129100406,3
2025-10-14 13:00:00,28.5,64,21.2,32.6,0.0,7.8,136,1012.9,99,667.0,29.855107812941267,3
2025-10-14 14:00:00,24.1,90,22.3,27.2,11.7,13.7,265,1014.2,50,257.0,28.19132953979492,3
2025-10-14 15:00:00,24.6,83,21.6,27.8,0.2,11.1,283,1014.0,99,369.0,27.947651278093826,2
2025-10-14 16:00:00,25.0,82,21.7,27.5,0.0,15.4,284,1014.4,86,132.0,28.292925501885637,3
2025-10-14 17:00:00,24.6,84,21.8,27.4,0.0,13.7,291,1014.6,51,97.0,28.06884948626363,3
2025-10-14 18:00:00,23.9,86,21.4,26.8,0.0,11.3,307,1015.1,76,19.0,27.486865438445065,2
2025-10-14 19:00:00,23.4,87,21.1,26.5,0.0,9.4,318,1015.4,100,0.0,27.020252009477037,2
2025-10-14 20:00:00,23.2,87,20.9,26.5,0.0,7.4,315,1015.9,100,0.0,26.789299038215713,2
2025-10-14 21:00:00,24.0,87,21.7,27.0,0.0,12.3,275,1016.1,92,0.0,27.72060797641876,2
2025-10-14 22:00:00,23.1,87,20.9,25.6,0.1,12.0,279,1016.2,100,0.0,26.674284917233923,2
2025-10-14 23:00:00,22.6,91,21.1,25.6,0.3,10.3,303,1016.4,67,0.0,26.5336494231155,2
2025-10-15 00:00:00,22.5,94,21.5,25.7,0.1,9.5,303,1016.4,63,0.0,26.738307315834927,2
2025-10-15 01:00:00,22.4,94,21.4,25.7,0.0,8.3,318,1016.5,47,0.0,26.62088811526348,2
2025-10-15 02:00:00,21.9,95,21.0,25.0,0.0,8.4,340,1016.4,24,0.0,26.141569331185753,2
2025-10-15 03:00:00,22.0,93,20.8,23.9,0.0,16.1,11,1016.2,24,0.0,26.050784664501226,2
2025-10-15 04:00:00,21.5,90,19.8,23.1,0.0,15.0,16,1016.1,9,0.0,25.17634723028007,2
2025-10-15 05:00:00,21.2,86,18.8,22.7,0.0,12.2,14,1016.4,6,0.0,24.44702787050038,1
2025-10-15 06:00:00,21.0,83,18.0,22.1,0.0,12.8,15,1016.8,10,0.0,23.937794614564492,1
2025-10-15 07:00:00,21.1,82,18.0,22.5,0.0,10.7,7,1017.6,32,17.0,23.94617606485835,1
2025-10-15 08:00:00,22.5,78,18.5,24.3,0.0,9.3,8,1018.2,12,140.0,25.0292337301609,2
2025-10-15 09:00:00,24.2,78,20.2,27.0,0.0,8.3,20,1018.4,30,319.0,26.891575803306527,2
2025-10-15 10:00:00,25.9,70,20.0,29.1,0.0,4.2,65,1018.3,43,480.0,27.789917698545946,2
2025-10-15 11:00:00,26.7,65,19.6,29.9,0.1,5.6,123,1017.9,56,598.0,27.999490344094372,2
2025-10-15 12:00:00,26.6,66,19.8,29.0,0.0,9.1,142,1017.3,97,515.0,28.02697693294896,3
2025-10-15 13:00:00,25.9,71,20.4,28.4,0.0,10.4,148,1016.8,52,414.0,27.920840808525174,2
2025-10-15 14:00:00,26.4,68,20.1,29.1,0.0,8.5,152,1016.5,66,514.0,28.077963316014458,3
2025-10-15 15:00:00,26.5,68,20.2,29.7,0.0,5.2,121,1016.3,9,406.0,28.188767167177705,3
2025-10-15 16:00:00,26.5,68,20.1,29.7,0.0,5.1,129,1016.3,9,324.0,28.188767167177705,3
2025-10-15 17:00:00,26.0,70,20.0,29.1,0.0,5.3,118,1016.3,5,141.0,27.900900638173272,2
2025-10-15 18:00:00,25.0,77,20.5,28.4,0.0,4.5,97,1016.3,7,18.0,27.67232028835603,2
2025-10-15 19:00:00,24.0,83,20.9,27.8,0.0,3.5,69,1016.8,1,0.0,27.252901862560424,2
2025-10-15 20:00:00,23.6,85,20.9,27.1,0.0,5.2,76,1016.9,8,0.0,27.024142576445094,2
2025-10-15 21:00:00,23.5,85,20.9,26.8,0.0,6.5,82,1016.9,1,0.0,26.90925811854608,2
2025-10-15 22:00:00,23.6,85,21.0,26.8,0.0,7.9,94,1016.4,1,0.0,27.024142576445094,2
2025-10-15 23:00:00,23.6,86,21.1,26.8,0.0,8.8,99,1016.2,9,0.0,27.13829484205033,2
2025-10-16 00:00:00,23.6,86,21.1,26.3,0.0,12.1,101,1015.9,16,0.0,27.13829484205033,2
2025-10-16 01:00:00,23.5,86,21.0,26.1,0.0,12.7,98,1015.7,19,0.0,27.022725861117213,2
2025-10-16 02:00:00,23.5,88,21.4,26.3,0.1,11.9,94,1015.7,61,0.0,27.249661346259476,2
2025-10-16 03:00:00,23.2,91,21.6,26.5,0.0,9.4,90,1015.2,58,0.0,27.23504152273138,2
2025-10-16 04:00:00,23.0,93,21.8,26.6,0.0,8.4,83,1015.0,100,0.0,27.22016875040487,2
2025-10-16 05:00:00,23.2,92,21.8,26.9,0.0,8.3,101,1014.9,98,0.0,27.346477143860294,2
2025-10-16 06:00:00,23.3,93,22.1,27.1,0.0,8.5,134,1015.1,100,0.0,27.57727756273216,2
2025-10-16 07:00:00,23.6,93,22.5,28.0,0.0,6.1,156,1015.7,100,15.0,27.937360701286988,2
2025-10-16 08:00:00,24.6,89,22.7,29.1,0.0,6.3,177,1015.8,100,89.0,28.674840527112657,3
2025-10-16 09:00:00,26.1,79,22.1,29.8,0.0,9.6,192,1016.0,100,209.0,29.20446604072283,3
2025-10-16 10:00:00,24.3,88,22.2,27.3,7.3,13.8,249,1016.3,100,229.0,28.194117644523494,3
2025-10-16 11:00:00,25.6,85,22.9,29.6,1.6,9.8,230,1016.1,100,182.0,29.38794469891839,3
2025-10-16 12:00:00,25.8,81,22.4,29.0,0.2,13.3,268,1015.5,100,293.0,29.110881394730125,3
2025-10-16 13:00:00,26.0,80,22.3,29.7,0.1,9.2,273,1014.8,100,276.0,29.2178864436266,3
2025-10-16 14:00:00,25.2,86,22.7,28.5,0.5,14.4,272,1014.5,100,238.0,29.03046198296399,3
2025-10-16 15:00:00,25.1,85,22.4,27.6,1.1,18.5,285,1014.6,100,153.0,28.78490914334458,3
2025-10-16 16:00:00,23.8,91,22.2,26.0,0.7,19.4,291,1015.0,100,117.0,27.948023909657365,2
2025-10-16 17:00:00,23.8,90,22.0,26.8,0.1,12.7,299,1015.3,100,36.0,27.83249177878201,2
2025-10-16 18:00:00,23.6,90,22.0,26.9,0.0,11.5,338,1016.1,100,5.0,27.594903904471277,2
2025-10-16 19:00:00,23.2,90,21.5,25.8,0.0,14.0,353,1016.6,99,0.0,27.123605901602463,2
2025-10-16 20:00:00,22.8,88,20.6,24.6,0.0,16.2,1,1017.5,98,0.0,26.439851232905536,2
2025-10-16 21:00:00,22.1,87,19.9,23.5,0.0,16.4,1,1018.3,88,0.0,25.540774107418677,2
2025-10-16 22:00:00,22.1,86,19.8,23.9,0.0,13.9,360,1019.0,100,0.0,25.436520382046048,2
2025-10-16 23:00:00,21.9,84,19.0,23.3,0.0,13.5,13,1019.5,100,0.0,25.008653934943194,2
2025-10-17 00:00:00,21.6,83,18.5,22.9,0.0,12.3,21,1019.6,37,0.0,24.580590148430662,1
2025-10-17 01:00:00,21.0,83,18.0,22.5,0.0,9.7,35,1020.0,2,0.0,23.937794614564492,1
2025-10-17 02:00:00,20.4,84,17.6,21.9,0.0,8.8,44,1020.0,1,0.0,23.398525969622604,1
2025-10-17 03:00:00,20.9,82,17.6,21.6,0.0,13.6,35,1019.8,2,0.0,23.734717089092538,1
2025-10-17 04:00:00,20.5,82,17.2,21.0,0.0,13.7,28,1020.0,1,0.0,23.314929397148923,1
2025-10-17 05:00:00,20.0,81,16.6,20.5,0.0,13.1,16,1020.5,1,0.0,22.704308942134144,1
2025-10-17 06:00:00,19.6,79,15.9,19.9,0.0,11.5,11,1020.9,37,0.0,22.11707618218519,1
2025-10-17 07:00:00,19.5,77,15.3,19.8,0.0,10.0,9,1021.4,38,17.0,21.83896725342775,1
2025-10-17 08:00:00,21.0,72,15.8,21.9,0.0,7.4,18,1021.6,2,152.0,22.865520629501727,1
2025-10-17 09:00:00,23.1,69,17.0,24.9,0.0,5.3,78,1022.0,17,339.0,24.68050872746139,1
2025-10-17 10:00:00,24.5,57,15.4,24.9,0.0,9.4,88,1021.5,0,515.0,24.698686100705853,1
2025-10-17 11:00:00,25.3,54,15.3,26.3,0.0,8.6,102,1020.9,85,638.0,25.108179447154846,2
2025-10-17 12:00:00,25.9,54,15.9,27.4,0.0,9.4,114,1020.1,44,694.0,25.695147938878304,2
2025-10-17 13:00:00,26.0,54,16.0,27.3,0.0,11.1,136,1019.0,2,705.0,25.793723349447955,2
2025-10-17 14:00:00,25.8,55,16.0,26.6,0.0,12.4,137,1018.1,16,648.0,25.72693921864391,2
2025-10-17 15:00:00,25.6,56,16.1,26.0,0.0,12.2,133,1018.0,14,516.0,25.657949448699174,2
2025-10-17 16:00:00,25.1,57,16.1,25.5,0.0,12.1,127,1017.9,2,350.0,25.28879319024284,2
2025-10-17 17:00:00,24.2,62,16.6,24.8,0.0,11.9,122,1018.2,0,161.0,24.998206407756467,1
2025-10-17 18:00:00,23.5,66,16.9,23.9,0.0,14.1,115,1018.2,0,18.0,24.753371009694607,1
2025-10-17 19:00:00,23.5,68,17.2,24.0,0.0,13.8,103,1018.7,0,0.0,24.980306494836867,1
2025-10-17 20:00:00,22.9,73,17.8,23.6,0.0,14.1,92,1018.9,1,0.0,24.91307982082058,1
2025-10-17 21:00:00,23.1,79,19.2,24.4,0.0,15.2,103,1019.0,17,0.0,25.78816216622391,2
2025-10-17 22:00:00,23.8,77,19.6,24.6,0.0,19.5,130,1018.7,27,0.0,26.330574077402385,2
2025-10-17 23:00:00,24.1,78,20.0,24.9,0.0,20.8,143,1018.2,67,0.0,26.779778934488935,2
2025-10-18 00:00:00,24.3,77,20.0,25.1,0.0,21.0,149,1017.8,35,0.0,26.88461543895806,2
2025-10-18 01:00:00,24.4,75,19.7,24.9,0.0,22.0,154,1017.4,39,0.0,26.756757767648192,2
2025-10-18 02:00:00,24.4,74,19.5,24.9,0.0,21.1,156,1016.8,34,0.0,26.636998330746216,2
2025-10-18 03:00:00,24.1,77,19.8,25.5,0.0,16.7,154,1016.4,19,0.0,26.6621497173801,2
2025-10-18 04:00:00,24.0,78,20.0,25.8,0.0,14.0,151,1015.9,23,0.0,26.66826922023751,2
2025-10-18 05:00:00,23.9,79,20.0,25.8,0.0,13.4,143,1015.9,62,0.0,26.673272902757677,2
2025-10-18 06:00:00,23.5,82,20.2,25.9,0.0,10.6,125,1016.1,31,0.0,26.568854890832693,2
2025-10-18 07:00:00,23.5,84,20.6,26.3,0.0,10.2,114,1016.3,41,15.0,26.795790375974953,2
2025-10-18 08:00:00,24.7,78,20.5,27.2,0.0,11.4,121,1016.3,24,112.0,27.454911977586665,2
2025-10-18 09:00:00,24.9,78,20.8,28.0,0.0,7.9,129,1017.0,98,299.0,27.682301228139867,2
2025-10-18 10:00:00,25.0,77,20.6,28.3,0.2,5.7,114,1016.7,95,167.0,27.67232028835603,2
2025-10-18 11:00:00,25.4,73,20.1,28.4,0.1,5.8,146,1016.5,98,237.0,27.62047628010639,2
2025-10-18 12:00:00,24.0,79,20.2,26.4,0.1,11.2,174,1016.1,66,175.0,26.78519574870209,2
2025-10-18 13:00:00,25.4,75,20.6,28.4,0.3,7.7,177,1015.3,64,482.0,27.874686589150404,2
2025-10-18 14:00:00,25.8,77,21.4,29.3,0.7,7.7,183,1014.8,80,466.0,28.590274906101474,3
2025-10-18 15:00:00,25.3,76,20.8,27.5,0.4,14.4,266,1015.6,75,265.0,27.887952555254966,2
2025-10-18 16:00:00,24.1,89,22.1,27.2,0.9,13.0,287,1016.0,42,231.0,28.07370032268609,3
2025-10-18 17:00:00,24.0,86,21.5,27.0,0.1,11.1,347,1016.4,36,114.0,27.603681447954177,2
2025-10-18 18:00:00,22.6,88,20.5,24.7,0.0,13.8,9,1016.7,23,14.0,26.211249991584218,2
2025-10-18 19:00:00,22.0,87,19.8,23.8,0.0,13.2,10,1017.1,100,0.0,25.429056621630178,2
2025-10-18 20:00:00,22.1,85,19.5,23.7,0.0,13.8,22,1017.4,100,0.0,25.332266656673422,2
2025-10-18 21:00:00,22.6,84,19.8,24.5,0.0,12.8,10,1017.9,99,0.0,25.781384082875846,2
2025-10-18 22:00:00,22.6,83,19.6,24.2,0.0,14.1,10,1017.9,100,0.0,25.67391760569875,2
2025-10-18 23:00:00,22.0,83,19.0,23.0,0.1,16.3,16,1018.2,100,0.0,25.014571259716146,2
2025-10-19 00:00:00,21.6,83,18.5,22.2,0.2,17.7,20,1018.5,100,0.0,24.580590148430662,1
2025-10-19 01:00:00,21.1,84,18.4,21.3,0.3,19.6,27,1018.5,100,0.0,24.142334017659774,1
2025-10-19 02:00:00,20.3,88,18.3,20.6,1.6,18.6,34,1018.4,70,0.0,23.66681220676926,1
2025-10-19 03:00:00,20.2,89,18.2,20.6,0.2,17.9,30,1018.6,100,0.0,23.652372642077413,1
2025-10-19 04:00:00,20.3,82,17.2,20.3,0.1,17.3,28,1018.6,100,0.0,23.10658182903499,1
2025-10-19 05:00:00,19.6,86,17.1,19.9,1.1,15.7,25,1018.7,100,0.0,22.74298926161932,1
2025-10-19 06:00:00,19.3,85,16.8,19.8,0.5,13.1,18,1019.0,99,0.0,22.343234712597084,1
2025-10-19 07:00:00,19.5,82,16.4,19.9,0.0,12.6,27,1019.3,100,8.0,22.28328330884513,1
2025-10-19 08:00:00,20.2,77,16.1,20.6,0.0,11.3,33,1019.7,72,70.0,22.53880329707821,1
2025-10-19 09:00:00,21.1,80,17.5,22.9,0.0,6.1,2,1020.0,100,248.0,23.750018112056924,1
2025-10-19 10:00:00,21.9,76,17.5,23.9,0.1,4.6,51,1019.7,92,195.0,24.1847154649486,1
2025-10-19 11:00:00,23.2,68,17.0,25.1,0.0,4.1,124,1019.9,100,422.0,24.672022236766306,1
2025-10-19 12:00:00,23.1,70,17.3,25.4,0.1,2.7,37,1018.7,93,222.0,24.791274071337643,1
2025-10-19 13:00:00,24.8,65,17.7,27.1,0.0,2.7,152,1017.7,98,526.0,25.973982119319647,2
2025-10-19 14:00:00,24.8,64,17.6,27.4,0.0,0.8,207,1017.2,100,393.0,25.85133008671473,2
2025-10-19 15:00:00,23.3,74,18.4,25.8,0.0,3.9,208,1017.4,100,336.0,25.447198275722364,2
2025-10-19 16:00:00,23.1,74,18.2,25.6,0.0,3.3,241,1017.6,100,97.0,25.234335446842653,2
2025-10-19 17:00:00,23.0,73,17.9,24.9,0.0,6.3,329,1017.6,100,54.0,25.01819697612425,2
2025-10-19 18:00:00,22.0,75,17.4,23.0,0.0,11.4,345,1018.4,100,8.0,24.18560053588808,1
2025-10-19 19:00:00,21.0,80,17.5,21.5,0.4,15.2,5,1018.9,100,0.0,23.64535625500192,1
2025-10-19 20:00:00,20.5,85,17.9,21.3,1.2,14.6,1,1019.5,100,0.0,23.59851827753242,1
2025-10-19 21:00:00,20.6,84,17.9,21.6,0.4,12.8,6,1019.9,100,0.0,23.60971452768639,1
2025-10-19 22:00:00,20.2,86,17.9,21.3,0.3,12.8,3,1019.8,100,0.0,23.37398030582761,1
2025-10-19 23:00:00,19.5,92,18.2,21.1,1.1,10.0,20,1019.5,100,0.0,23.17191541967991,1
2025-10-20 00:00:00,19.6,90,18.0,21.1,0.2,9.4,36,1019.0,100,0.0,23.100653878438823,1
2025-10-20 01:00:00,19.5,90,17.8,21.0,0.0,8.7,7,1019.1,99,0.0,22.994188997512953,1
2025-10-20 02:00:00,19.5,88,17.5,20.7,0.0,10.0,13,1018.8,100,0.0,22.816462575345998,1
2025-10-20 03:00:00,19.6,89,17.8,20.8,0.0,10.9,351,1019.1,99,0.0,23.011237724233947,1
2025-10-20 04:00:00,19.6,88,17.6,21.2,0.0,7.7,357,1019.0,100,0.0,22.921821570029074,1
2025-10-20 05:00:00,20.0,85,17.5,21.5,0.0,8.5,348,1019.3,99,0.0,23.070941482486447,1
2025-10-20 06:00:00,20.1,77,16.0,20.2,0.0,13.2,354,1019.7,84,0.0,22.43812139885407,1
2025-10-20 07:00:00,20.1,68,14.0,19.4,0.0,13.7,359,1020.4,100,10.0,21.60808513145554,1
2025-10-20 08:00:00,20.6,65,13.9,19.9,0.0,13.5,10,1020.5,100,52.0,21.802562432138277,1
2025-10-20 09:00:00,20.9,69,15.0,21.1,0.0,10.4,10,1021.3,100,225.0,22.47523633106567,1
2025-10-20 10:00:00,22.2,60,14.1,21.6,0.0,13.3,21,1020.8,8,289.0,22.8207687109865,1
2025-10-20 11:00:00,23.3,56,13.9,22.6,0.0,13.9,17,1020.4,5,558.0,23.429228424870978,1
2025-10-20 12:00:00,24.2,51,13.6,24.1,0.0,13.3,10,1020.2,9,679.0,23.696514948315805,1
2025-10-20 13:00:00,24.5,49,13.1,24.3,0.0,12.6,9,1019.5,97,657.0,23.734870507624333,1
2025-10-20 14:00:00,24.0,50,12.9,22.9,0.0,13.3,358,1019.2,68,412.0,23.39432642322917,1
2025-10-20 15:00:00,23.4,55,13.9,22.3,0.0,15.8,359,1019.6,15,371.0,23.411074258864794,1
2025-10-20 16:00:00,21.8,64,14.6,20.4,0.0,19.5,356,1019.9,9,310.0,22.852063369868784,1
2025-10-20 17:00:00,20.4,69,14.6,19.3,0.0,17.8,2,1020.1,32,142.0,21.989289189332855,1
2025-10-20 18:00:00,19.2,74,14.5,18.1,0.0,18.0,7,1020.3,65,13.0,21.280849171870624,1
2025-10-20 19:00:00,18.6,75,14.1,17.3,0.0,18.5,19,1020.7,12,0.0,20.78768354512025,0
2025-10-20 20:00:00,18.0,75,13.5,16.4,0.0,19.0,26,1020.9,63,0.0,20.21504897602116,0
2025-10-20 21:00:00,18.4,75,13.8,16.3,0.0,22.9,21,1021.6,84,0.0,20.595954495691302,0
2025-10-20 22:00:00,18.1,73,13.1,15.9,0.0,21.8,22,1021.6,98,0.0,20.14709851464519,0
2025-10-20 23:00:00,17.6,73,12.6,15.5,0.0,19.8,24,1021.8,98,0.0,19.67967337720645,0
2025-10-21 00:00:00,17.0,73,12.1,14.9,0.0,18.2,23,1021.9,98,0.0,19.125355992369787,0
2025-10-21 01:00:00,16.5,74,11.8,15.0,0.0,14.8,30,1022.1,100,0.0,18.742389757928223,0
2025-10-21 02:00:00,16.4,73,11.6,15.2,0.0,11.2,21,1022.4,96,0.0,18.57804218639868,0
2025-10-21 03:00:00,16.9,71,11.6,15.1,0.0,15.3,22,1022.6,100,0.0,18.8826599410242,0
2025-10-21 04:00:00,17.2,68,11.3,15.6,0.0,14.4,22,1022.5,100,0.0,18.92461855116917,0
2025-10-21 05:00:00,17.2,67,11.1,15.5,0.0,13.6,20,1022.4,100,0.0,18.847674160710802,0
2025-10-21 06:00:00,17.1,68,11.1,15.8,0.0,11.4,21,1022.8,100,0.0,18.834952541808327,0
2025-10-21 07:00:00,17.2,67,11.1,16.0,0.0,10.3,25,1023.0,100,3.0,18.847674160710802,0
2025-10-21 08:00:00,17.9,64,10.9,16.9,0.0,8.0,50,1023.5,100,59.0,19.235794842788973,0
2025-10-21 09:00:00,19.0,58,10.4,17.5,0.0,10.9,68,1024.1,99,107.0,19.709300948360966,0
2025-10-21 10:00:00,19.8,54,10.1,18.3,0.0,10.0,75,1024.3,100,360.0,20.055278062604074,0
2025-10-21 11:00:00,19.4,56,10.3,18.0,0.0,10.0,72,1024.2,96,145.0,19.885342625509104,0
2025-10-21 12:00:00,20.8,50,10.1,19.1,0.0,12.2,82,1023.1,55,480.0,20.548100401857862,0
2025-10-21 13:00:00,21.5,49,10.1,19.9,0.0,10.8,88,1022.1,96,521.0,21.055461269819148,1
2025-10-21 14:00:00,21.5,47,9.9,20.1,0.0,9.9,87,1021.7,98,419.0,20.85444244247959,0
2025-10-21 15:00:00,21.1,52,10.9,20.4,0.0,6.8,87,1021.8,100,240.0,21.003806772837002,1
2025-10-21 16:00:00,21.0,55,11.6,20.4,0.0,6.8,53,1022.5,100,88.0,21.20836992531382,1
2025-10-21 17:00:00,20.4,59,12.0,19.8,0.0,8.1,43,1022.8,85,91.0,21.04979800247302,1
2025-10-21 18:00:00,19.2,64,12.2,18.5,0.0,9.8,67,1022.9,100,9.0,20.408626310807026,0
2025-10-21 19:00:00,19.0,59,10.9,17.2,0.0,14.6,90,1023.5,68,0.0,19.795444068160293,0
2025-10-21 20:00:00,18.3,60,10.4,16.1,0.0,16.0,89,1023.6,97,0.0,19.263548419806906,0
2025-10-21 21:00:00,18.4,56,9.6,16.0,0.0,15.3,87,1023.6,99,0.0,19.019422023449508,0
2025-10-21 22:00:00,17.9,55,8.9,15.6,0.0,13.7,79,1023.8,70,0.0,18.512069005521774,0
2025-10-21 23:00:00,17.4,56,8.5,15.5,0.0,10.3,68,1023.9,92,0.0,18.169435450676456,0
2025-10-22 00:00:00,16.9,60,9.0,15.5,0.0,7.9,57,1023.8,100,0.0,18.05218164030214,0
2025-10-22 01:00:00,16.8,61,9.3,15.1,0.0,10.1,51,1023.2,100,0.0,18.04189488783821,0
2025-10-22 02:00:00,17.2,57,8.7,15.3,0.0,11.0,55,1023.1,100,0.0,18.0782302561271,0
2025-10-22 03:00:00,17.0,55,7.9,14.8,0.0,11.6,58,1022.9,100,0.0,17.757761364114224,0
2025-10-22 04:00:00,16.8,57,8.1,14.7,0.0,11.4,61,1022.8,100,0.0,17.741809977160294,0
2025-10-22 05:00:00,16.9,56,7.9,14.5,0.0,12.6,71,1023.1,100,0.0,17.750189530948667,0
2025-10-22 06:00:00,16.9,54,7.5,14.3,0.0,13.2,73,1023.5,100,0.0,17.599193476271928,0
2025-10-22 07:00:00,16.7,55,7.7,14.2,0.0,13.0,64,1023.7,100,2.0,17.508988733506794,0
2025-10-22 08:00:00,15.9,65,9.4,13.9,0.5,12.4,62,1024.2,100,24.0,17.560377471047076,0
2025-10-22 09:00:00,17.1,56,8.4,14.4,0.5,15.4,76,1024.7,100,48.0,17.917437387371564,0
2025-10-22 10:00:00,17.3,56,8.6,14.8,0.0,14.6,81,1024.6,100,124.0,18.08528498400022,0
2025-10-22 11:00:00,17.5,55,8.4,14.7,0.0,15.9,85,1024.2,100,156.0,18.17532301280924,0
2025-10-22 12:00:00,17.6,53,7.9,14.9,0.0,15.2,83,1024.0,100,179.0,18.1014614930403,0
2025-10-22 13:00:00,17.5,51,7.4,14.8,0.0,14.0,83,1023.6,100,170.0,17.861663157332202,0
2025-10-22 14:00:00,18.1,50,7.4,15.6,0.0,12.5,74,1023.2,100,202.0,18.27420583194876,0
2025-10-22 15:00:00,18.0,50,7.5,15.5,0.0,12.5,79,1023.4,100,186.0,18.192032650680773,0
2025-10-22 16:00:00,17.9,51,7.7,15.2,0.0,14.0,82,1023.5,99,141.0,18.190413077847463,0
2025-10-22 17:00:00,17.4,53,7.8,14.8,0.0,13.3,81,1023.7,100,69.0,17.935669265818788,0
2025-10-22 18:00:00,17.3,54,7.9,14.8,0.0,13.2,92,1023.9,100,9.0,17.930421234571643,0
2025-10-22 19:00:00,17.0,58,8.8,15.2,0.0,10.8,75,1024.2,97,0.0,17.985693802156817,0
2025-10-22 20:00:00,16.4,63,9.4,14.9,0.0,9.2,62,1024.2,100,0.0,17.846639147165984,0
2025-10-22 21:00:00,15.8,63,8.9,13.9,0.0,11.2,41,1024.4,69,0.0,17.333572691169078,0
2025-10-22 22:00:00,14.5,70,9.0,13.4,0.0,5.8,16,1024.6,59,0.0,16.694616991231715,0
2025-10-22 23:00:00,14.2,70,8.9,12.8,0.0,8.2,10,1024.6,0,0.0,16.437488026660706,0
2025-10-23 00:00:00,14.1,71,8.8,12.1,0.0,10.9,13,1024.3,0,0.0,16.415211717496312,0
2025-10-23 01:00:00,13.9,70,8.4,12.0,0.0,10.5,13,1024.2,3,0.0,16.181828300594052,0
2025-10-23 02:00:00,13.8,68,8.1,11.6,0.0,11.4,16,1024.1,4,0.0,15.97315033491534,0
2025-10-23 03:00:00,14.1,67,8.0,11.7,0.0,12.8,15,1023.9,0,0.0,16.16278852214441,0
2025-10-23 04:00:00,13.9,66,7.7,11.5,0.0,11.7,21,1023.9,0,0.0,15.932655254845818,0
2025-10-23 05:00:00,13.6,67,7.5,11.3,0.0,11.3,17,1024.3,1,0.0,15.744341665609214,0
2025-10-23 06:00:00,13.4,67,7.4,11.2,0.0,10.7,17,1024.4,1,0.0,15.57803055961204,0
2025-10-23 07:00:00,13.5,68,7.7,11.5,0.0,9.7,16,1024.3,1,12.0,15.72180627135949,0
2025-10-23 08:00:00,15.6,63,8.6,13.9,0.0,8.6,23,1024.6,0,143.0,17.163827636866568,0
2025-10-23 09:00:00,17.8,55,8.8,15.6,0.0,12.9,71,1024.6,1,336.0,18.42765497029145,0
2025-10-23 10:00:00,19.5,51,9.0,17.4,0.0,12.9,74,1024.1,0,502.0,19.52852376525734,0
2025-10-23 11:00:00,20.9,47,9.1,19.2,0.0,13.0,84,1023.5,0,631.0,20.343807355943284,0
2025-10-23 12:00:00,21.6,44,9.0,20.1,0.0,14.1,100,1022.7,0,693.0,20.636708030493363,0
2025-10-23 13:00:00,22.0,43,9.0,20.6,0.0,13.2,105,1021.9,0,692.0,20.869717640575832,0
2025-10-23 14:00:00,22.4,42,8.9,20.6,0.0,12.9,109,1021.4,0,624.0,21.099988306819853,1
2025-10-23 15:00:00,22.0,45,9.4,20.4,0.0,10.2,121,1021.3,2,495.0,21.076960321532848,1
2025-10-23 16:00:00,21.8,46,9.7,20.4,0.0,9.4,133,1021.8,20,321.0,21.00946429709319,1
2025-10-23 17:00:00,21.0,54,11.3,20.7,0.0,4.8,119,1022.0,67,127.0,21.110890472126297,1
2025-10-23 18:00:00,19.4,62,11.9,19.2,0.0,5.1,32,1022.2,43,9.0,20.41522219252794,0
2025-10-23 19:00:00,18.6,64,11.8,18.4,0.0,5.7,35,1022.3,66,0.0,19.863465958502612,0
2025-10-23 20:00:00,17.3,71,12.1,17.3,0.0,4.0,32,1022.5,9,0.0,19.246763104714567,0
2025-10-23 21:00:00,17.5,72,12.4,17.2,0.0,7.2,12,1023.1,49,0.0,19.50837739858664,0
2025-10-23 22:00:00,17.4,73,12.6,16.9,0.0,8.8,5,1023.4,94,0.0,19.494110498203234,0
2025-10-23 23:00:00,18.2,68,12.1,17.6,0.0,8.4,11,1023.2,96,0.0,19.831482236315832,0
2025-10-24 00:00:00,18.3,65,11.6,17.3,0.0,10.3,25,1022.7,100,0.0,19.67583578812415,0
2025-10-24 01:00:00,18.4,63,11.3,17.6,0.0,8.4,42,1022.8,100,0.0,19.600249776380693,0
2025-10-24 02:00:00,18.1,64,11.2,17.2,0.0,8.8,51,1022.8,89,0.0,19.414227464894413,0
2025-10-24 03:00:00,18.2,63,11.1,17.3,0.0,9.0,57,1022.5,5,0.0,19.42177030717496,0
2025-10-24 04:00:00,17.4,60,9.5,15.7,0.0,10.3,49,1022.5,16,0.0,18.481123697153343,0
2025-10-24 05:00:00,16.9,54,7.6,14.6,0.0,11.4,57,1022.5,0,0.0,17.599193476271928,0
2025-10-24 06:00:00,16.4,54,7.0,13.9,0.0,11.8,62,1022.5,1,0.0,17.18837641185656,0
2025-10-24 07:00:00,16.0,55,6.9,13.4,0.0,12.6,56,1022.9,0,11.0,16.933545614067942,0
2025-10-24 08:00:00,17.1,52,7.3,14.7,0.0,12.1,58,1023.4,0,138.0,17.61159900255931,0
2025-10-24 09:00:00,18.6,50,8.1,17.0,0.0,7.8,67,1023.7,0,324.0,18.687189030080166,0
2025-10-24 10:00:00,20.2,48,8.9,18.5,0.0,10.1,87,1023.3,0,490.0,19.847677379996806,0
2025-10-24 11:00:00,21.7,42,8.2,20.0,0.0,10.8,94,1022.8,0,612.0,20.517158278072156,0
2025-10-24 12:00:00,22.4,40,8.1,21.4,0.0,8.3,90,1022.2,0,676.0,20.8876460064951,0
2025-10-24 13:00:00,22.8,38,7.9,21.7,0.0,8.6,110,1021.2,0,675.0,21.001072123300116,1
2025-10-24 14:00:00,23.0,37,7.4,20.9,0.0,11.9,120,1020.5,0,609.0,21.054647782419142,1
2025-10-24 15:00:00,21.8,46,9.6,19.6,0.0,13.8,141,1020.3,1,487.0,21.00946429709319,1
2025-10-24 16:00:00,21.5,45,9.1,19.4,0.0,12.7,129,1020.3,0,317.0,20.653423615140035,0
2025-10-24 17:00:00,21.1,46,8.9,19.4,0.0,10.1,117,1020.2,0,132.0,20.415332914432735,0
2025-10-24 18:00:00,20.5,49,9.5,19.0,0.0,9.5,91,1020.6,0,9.0,20.195451712930453,0
2025-10-24 19:00:00,19.5,57,10.8,18.3,0.0,9.7,62,1020.7,0,0.0,20.061703031758203,0
2025-10-24 20:00:00,18.9,60,10.9,17.8,0.0,9.6,57,1021.2,0,0.0,19.79277586115441,0
2025-10-24 21:00:00,17.4,78,13.6,17.5,0.0,7.6,28,1021.3,0,0.0,19.88372080629935,0
2025-10-24 22:00:00,17.8,70,12.2,16.9,0.0,10.7,40,1021.4,0,0.0,19.62630632582548,0
2025-10-24 23:00:00,17.9,63,10.8,16.4,0.0,11.5,48,1020.9,1,0.0,19.155380860870395,0
2025-10-25 00:00:00,17.8,61,10.2,16.0,0.0,12.4,54,1020.5,4,0.0,18.90711551250506,0
2025-10-25 01:00:00,17.6,60,9.8,15.6,0.0,13.7,57,1020.3,11,0.0,18.65383565249845,0
2025-10-25 02:00:00,17.3,61,9.6,15.1,0.0,14.1,56,1020.0,20,0.0,18.472444357571668,0
2025-10-25 03:00:00,17.2,61,9.6,15.2,0.0,13.5,63,1019.7,36,0.0,18.386007817960582,0
2025-10-25 04:00:00,17.3,62,9.9,15.4,0.0,12.6,66,1019.3,99,0.0,18.54987623228596,0
2025-10-25 05:00:00,17.8,61,10.1,16.0,0.0,12.2,71,1019.1,100,0.0,18.90711551250506,0
2025-10-25 06:00:00,18.0,62,10.6,16.4,0.0,12.1,83,1019.0,50,0.0,19.16308048684416,0
2025-10-25 07:00:00,17.9,67,11.6,16.4,0.0,13.9,88,1019.3,100,8.0,19.47703678854471,0
2025-10-25 08:00:00,18.4,64,11.5,16.6,0.0,15.3,82,1019.4,100,50.0,19.683225169656577,0
2025-10-25 09:00:00,18.1,73,13.2,18.2,0.0,6.5,66,1020.1,100,105.0,20.14709851464519,0
2025-10-25 10:00:00,18.8,73,13.9,19.2,0.1,5.9,102,1020.0,100,156.0,20.810122730022382,0
2025-10-25 11:00:00,19.0,76,14.7,20.0,0.5,4.2,97,1019.3,100,168.0,21.259877104748856,1
2025-10-25 12:00:00,19.4,76,15.0,20.5,0.0,3.6,87,1018.4,100,174.0,21.65160784890521,1
2025-10-25 13:00:00,20.6,70,15.1,22.0,0.0,2.2,90,1017.8,100,315.0,22.27812877307199,1
2025-10-25 14:00:00,20.6,70,15.0,22.0,0.0,2.4,13,1017.1,100,183.0,22.27812877307199,1
2025-10-25 15:00:00,19.0,83,16.0,20.6,0.0,3.6,357,1017.1,100,189.0,21.862878943344143,1
2025-10-25 16:00:00,19.2,82,16.1,20.8,0.1,3.6,6,1016.9,100,61.0,21.9786274607215,1
2025-10-25 17:00:00,19.2,83,16.3,20.8,0.0,3.9,338,1016.8,28,54.0,22.065849746827862,1
2025-10-25 18:00:00,17.7,92,16.4,19.4,0.0,3.4,342,1016.6,28,8.0,21.281524819396527,1
2025-10-25 19:00:00,17.4,93,16.1,18.9,0.0,3.8,17,1016.8,100,0.0,21.052551730587684,1
2025-10-25 20:00:00,17.6,89,15.8,19.0,0.0,4.3,22,1017.1,96,0.0,20.94224288453937,0
2025-10-25 21:00:00,19.0,85,16.4,20.3,0.0,5.8,358,1016.8,95,0.0,22.035165182942798,1
2025-10-25 22:00:00,18.8,82,15.7,19.8,0.0,6.0,21,1016.3,95,0.0,21.575803614545688,1
2025-10-25 23:00:00,18.4,82,15.3,19.4,0.0,4.9,4,1016.0,73,0.0,21.17678224862249,1
2025-10-26 00:00:00,18.0,82,14.8,19.0,0.0,4.2,7,1015.5,62,0.0,20.781493547116465,0
2025-10-26 01:00:00,17.7,81,14.4,18.4,0.0,5.0,360,1015.0,100,0.0,20.408026199686073,0
2025-10-26 02:00:00,17.6,79,13.9,18.0,0.0,6.2,350,1014.7,100,0.0,20.153136942456296,0
2025-10-26 03:00:00,18.0,76,13.7,17.8,0.0,9.4,352,1014.4,100,0.0,20.295969629034776,0
2025-10-26 04:00:00,18.0,76,13.8,17.5,0.0,11.7,356,1014.1,100,0.0,20.295969629034776,0
2025-10-26 05:00:00,18.1,76,13.9,17.7,0.0,11.7,359,1013.8,100,0.0,20.391388864562114,0
2025-10-26 06:00:00,18.1,77,14.1,18.0,0.0,9.7,350,1013.9,99,0.0,20.47281898120109,0
2025-10-26 07:00:00,17.6,81,14.4,17.9,0.0,8.0,350,1014.2,75,7.0,20.310958130872912,0
2025-10-26 08:00:00,18.8,77,14.7,19.4,0.0,6.7,354,1014.1,96,102.0,21.150425345366077,1
2025-10-26 09:00:00,20.0,73,14.9,20.7,0.0,5.8,340,1013.8,27,223.0,21.971043861429536,1
2025-10-26 10:00:00,21.5,65,14.6,21.8,0.0,8.6,329,1013.9,91,447.0,22.663611888535602,1
2025-10-26 11:00:00,22.6,57,13.6,22.3,0.0,10.5,336,1013.3,77,527.0,22.879789199094322,1
2025-10-26 12:00:00,23.2,51,12.7,22.5,0.0,12.8,332,1012.6,54,602.0,22.77761667757473,1
2025-10-26 13:00:00,23.0,50,12.2,21.4,0.0,16.6,329,1011.9,71,563.0,22.485929435701543,1
2025-10-26 14:00:00,21.8,58,13.2,20.5,0.0,15.7,330,1012.0,93,449.0,22.237863678943587,1
2025-10-26 15:00:00,20.2,66,13.6,19.3,0.0,14.2,342,1012.2,41,235.0,21.51803139749561,1
2025-10-26 16:00:00,19.8,69,13.9,18.9,0.0,14.7,338,1012.5,59,227.0,21.413244191105203,1
2025-10-26 17:00:00,19.0,73,14.1,18.1,0.0,14.9,340,1013.1,100,94.0,21.001447745350873,1
2025-10-26 18:00:00,18.2,79,14.4,17.5,0.0,15.0,337,1013.7,48,4.0,20.732848480425744,0
2025-10-26 19:00:00,17.6,80,14.1,16.8,0.0,15.0,355,1013.9,41,0.0,20.232047536664602,0
2025-10-26 20:00:00,17.5,80,14.0,16.7,0.0,14.0,359,1014.4,58,0.0,20.13569710954071,0
2025-10-26 21:00:00,16.9,85,14.4,16.6,0.0,11.3,351,1014.2,63,0.0,19.93963232376137,0
2025-10-26 22:00:00,16.8,84,14.1,16.3,0.0,12.0,332,1014.7,41,0.0,19.767383124236225,0
2025-10-26 23:00:00,16.4,86,14.1,16.1,0.0,10.8,314,1015.1,31,0.0,19.528866137401188,0
2025-10-27 00:00:00,16.4,82,13.4,15.9,0.0,11.1,330,1015.0,57,0.0,19.236304921708108,0
2025-10-27 01:00:00,16.1,83,13.3,16.0,0.0,8.5,318,1015.0,16,0.0,19.024518954887156,0
2025-10-27 02:00:00,15.8,85,13.3,15.4,0.0,9.3,316,1015.0,20,0.0,18.88229331348209,0
2025-10-27 03:00:00,15.5,85,13.0,15.3,0.0,8.0,318,1015.0,15,0.0,18.598480147859597,0
2025-10-27 04:00:00,15.3,86,12.9,15.0,0.0,8.1,325,1014.9,19,0.0,18.47850712374023,0
2025-10-27 05:00:00,15.9,77,11.8,14.3,0.0,15.1,322,1015.5,44,0.0,18.410545619548074,0
2025-10-27 06:00:00,15.9,74,11.4,14.5,0.0,12.7,314,1015.8,9,0.0,18.198003582422825,0
2025-10-27 07:00:00,15.9,69,10.3,14.0,0.0,13.9,319,1016.0,4,9.0,17.84376685388074,0
2025-10-27 08:00:00,17.4,62,10.1,15.4,0.0,13.8,313,1016.8,20,127.0,18.63696782039179,0
2025-10-27 09:00:00,18.6,56,9.6,16.0,0.0,17.7,309,1017.4,19,284.0,19.191307713689785,0
2025-10-27 10:00:00,19.4,52,9.2,16.3,0.0,19.7,309,1017.5,9,440.0,19.532089580829883,0
2025-10-27 11:00:00,19.7,49,8.6,16.3,0.0,21.3,308,1017.1,18,570.0,19.51853311128657,0
2025-10-27 12:00:00,19.4,49,8.4,16.1,0.0,21.9,309,1017.0,9,627.0,19.267149797320464,0
2025-10-27 13:00:00,18.8,51,8.4,15.5,0.0,22.0,313,1017.1,23,622.0,18.938458345632075,0
2025-10-27 14:00:00,18.0,46,6.1,13.9,0.0,22.0,310,1017.2,5,567.0,17.86835003862631,0
2025-10-27 15:00:00,19.8,41,6.3,16.0,0.0,19.8,296,1016.2,11,483.0,18.87837408456976,0
2025-10-27 16:00:00,19.0,42,5.8,15.1,0.0,19.5,300,1016.8,0,296.0,18.331011031571734,0
2025-10-27 17:00:00,17.7,48,6.6,14.2,0.0,18.0,311,1017.2,19,121.0,17.787530340554706,0
2025-10-27 18:00:00,16.4,52,6.6,13.2,0.0,16.1,320,1018.1,19,7.0,17.04209580401002,0
2025-10-27 19:00:00,15.4,53,5.8,12.4,0.0,13.6,326,1018.8,2,0.0,16.308534714285614,0
2025-10-27 20:00:00,14.5,52,4.8,11.5,0.0,12.3,329,1019.2,0,0.0,15.528958336343559,0
2025-10-27 21:00:00,14.1,51,4.2,10.8,0.0,12.4,338,1019.4,0,0.0,15.153095740736788,0
2025-10-27 22:00:00,13.7,51,3.7,10.3,0.0,12.9,340,1019.8,2,0.0,14.843885827819866,0
2025-10-27 23:00:00,13.8,49,3.2,9.7,0.0,17.1,333,1020.4,8,0.0,14.797231858983112,0
2025-10-28 00:00:00,13.5,50,3.3,9.6,0.0,15.9,331,1020.8,10,0.0,14.629284023058448,0
2025-10-28 01:00:00,13.1,54,4.0,9.5,0.0,15.0,325,1021.0,9,0.0,14.560945202445637,0
2025-10-28 02:00:00,12.9,56,4.2,9.2,0.0,15.6,320,1021.2,2,0.0,14.522836558236433,0
2025-10-28 03:00:00,12.9,58,4.9,9.5,0.0,15.0,322,1021.4,9,0.0,14.639570006744878,0
2025-10-28 04:00:00,12.6,60,5.0,9.4,0.0,13.5,322,1021.7,26,0.0,14.518116954843789,0
2025-10-28 05:00:00,12.4,62,5.2,9.4,0.0,12.5,317,1022.3,34,0.0,14.472946757337342,0
2025-10-28 06:00:00,12.4,61,5.2,9.2,0.0,14.2,319,1023.2,13,0.0,14.416460519315772,0
2025-10-28 07:00:00,12.5,59,4.8,9.1,0.0,14.6,320,1023.7,23,8.0,14.382123188038593,0
2025-10-28 08:00:00,13.6,51,3.7,10.2,0.0,13.1,322,1024.6,27,116.0,14.766874999195073,0
2025-10-28 09:00:00,15.1,43,2.5,11.3,0.0,14.9,328,1024.9,50,293.0,15.396010631291835,0
2025-10-28 10:00:00,16.2,38,1.9,12.5,0.0,13.0,326,1024.7,9,458.0,15.869586506777472,0
2025-10-28 11:00:00,17.3,36,2.0,14.1,0.0,11.7,311,1024.5,4,607.0,16.536647489714426,0
2025-10-28 12:00:00,18.1,32,1.1,15.0,0.0,12.9,313,1023.8,56,665.0,16.80846373244721,0
2025-10-28 13:00:00,18.2,31,1.0,14.6,0.0,13.3,325,1023.0,28,602.0,16.799613960673394,0
2025-10-28 14:00:00,18.2,32,1.0,14.6,0.0,12.6,331,1022.8,30,577.0,16.881556346501565,0
2025-10-28 15:00:00,18.1,33,1.5,14.5,0.0,11.7,349,1023.1,64,436.0,16.88989384908618,0
2025-10-28 16:00:00,16.9,37,2.0,12.9,0.0,14.8,2,1023.7,80,306.0,16.315727011519655,0
2025-10-28 17:00:00,15.6,41,2.3,11.7,0.0,14.8,3,1024.4,45,115.0,15.634783065262368,0
2025-10-28 18:00:00,14.4,48,3.5,10.8,0.0,14.8,1,1025.1,88,7.0,15.19321790083839,0
2025-10-28 19:00:00,13.9,50,3.7,10.4,0.0,13.7,360,1025.4,0,0.0,14.935963071852893,0
2025-10-28 20:00:00,12.8,54,3.8,9.9,0.0,9.6,354,1026.0,0,0.0,14.32885969753154,0
2025-10-28 21:00:00,12.1,63,5.2,9.4,0.0,10.3,349,1026.7,0,0.0,14.289871134177622,0
2025-10-28 22:00:00,11.6,61,4.3,9.1,0.0,8.0,8,1026.9,0,0.0,13.78606927316145,0
2025-10-28 23:00:00,11.3,59,3.5,8.6,0.0,8.3,5,1026.9,0,0.0,13.44668630997439,0
2025-10-29 00:00:00,11.4,57,3.1,8.4,0.0,9.3,16,1026.8,0,0.0,13.418200009425346,0
2025-10-29 01:00:00,11.4,58,3.5,8.2,0.0,11.4,24,1026.6,0,0.0,13.47108422011702,0
2025-10-29 02:00:00,11.4,59,3.6,8.2,0.0,12.0,26,1026.8,0,0.0,13.523968430808692,0
2025-10-29 03:00:00,11.4,59,3.7,7.8,0.0,14.4,23,1027.0,0,0.0,13.523968430808692,0
2025-10-29 04:00:00,11.0,60,3.5,7.4,0.0,14.4,28,1027.1,0,0.0,13.267054867556258,0
2025-10-29 05:00:00,10.8,60,3.2,7.1,0.0,14.2,30,1027.2,0,0.0,13.11287610891591,0
2025-10-29 06:00:00,10.5,61,3.2,6.9,0.0,13.8,32,1027.5,0,0.0,12.93231136607161,0
2025-10-29 07:00:00,10.4,61,3.3,7.1,0.0,12.4,33,1028.0,0,8.0,12.855420733366802,0
2025-10-29 08:00:00,12.1,56,3.5,9.0,0.0,10.6,30,1028.2,0,125.0,13.902185452602332,0
2025-10-29 09:00:00,14.4,45,2.5,11.5,0.0,8.4,48,1028.6,0,315.0,15.000191782035989,0
2025-10-29 10:00:00,16.1,36,1.1,12.7,0.0,10.4,70,1028.5,0,488.0,15.651946775613707,0
2025-10-29 11:00:00,17.2,35,1.5,14.5,0.0,8.0,72,1027.8,0,612.0,16.385453666042956,0
2025-10-29 12:00:00,18.0,34,2.0,16.1,0.0,6.1,71,1026.7,0,676.0,16.897302202462924,0
2025-10-29 13:00:00,18.8,33,2.2,17.2,0.0,4.0,85,1025.6,0,675.0,17.40709657658546,0
2025-10-29 14:00:00,19.2,32,2.2,17.4,0.0,3.1,118,1025.1,0,608.0,17.61751315540351,0
2025-10-29 15:00:00,18.9,33,2.2,16.3,0.0,5.8,141,1025.1,0,481.0,17.481361723634926,0
2025-10-29 16:00:00,18.5,34,2.4,16.1,0.0,5.0,139,1025.2,0,309.0,17.268369366748527,0
2025-10-29 17:00:00,17.2,51,7.0,16.4,0.0,0.3,135,1025.4,0,121.0,17.61656391337688,0
2025-10-29 18:00:00,15.7,48,4.8,13.3,0.0,7.9,336,1025.5,0,6.0,16.199401887869897,0
2025-10-29 19:00:00,14.5,56,5.8,11.3,0.0,14.9,12,1025.5,0,0.0,15.787993592985371,0
2025-10-29 20:00:00,13.6,58,5.4,10.7,0.0,12.0,26,1026.0,0,0.0,15.194516665751259,0
2025-10-29 21:00:00,13.1,63,6.2,10.3,0.0,11.9,23,1026.3,0,0.0,15.093152736186576,0
2025-10-29 22:00:00,12.6,64,6.1,9.9,0.0,11.8,23,1026.5,0,0.0,14.747044751833375,0
2025-10-29 23:00:00,12.9,61,5.7,10.2,0.0,11.2,22,1026.1,2,0.0,14.814670179507543,0
2025-10-30 00:00:00,12.8,60,5.2,10.1,0.0,10.2,23,1025.6,0,0.0,14.676777441701711,0
2025-10-30 01:00:00,12.4,59,4.7,9.6,0.0,10.2,23,1025.4,0,0.0,14.303488043272631,0
2025-10-30 02:00:00,12.4,59,4.5,9.6,0.0,10.2,34,1025.3,13,0.0,14.303488043272631,0
2025-10-30 03:00:00,11.7,62,4.8,9.1,0.0,8.9,27,1025.3,0,0.0,13.918366110252068,0
2025-10-30 04:00:00,10.6,67,4.7,7.9,0.0,10.2,30,1025.2,84,0.0,13.310217731585428,0
2025-10-30 05:00:00,10.6,65,4.4,8.1,0.0,8.2,33,1025.7,100,0.0,13.209918694821685,0
2025-10-30 06:00:00,10.9,64,4.4,7.7,0.0,12.6,37,1025.6,100,0.0,13.394546372049609,0
2025-10-30 07:00:00,11.1,63,4.4,8.3,0.0,9.8,36,1025.9,100,7.0,13.499854553095954,0
2025-10-30 08:00:00,13.1,59,5.2,10.2,0.0,11.2,44,1026.1,96,113.0,14.856616054523936,0
2025-10-30 09:00:00,16.1,55,7.1,13.7,0.0,11.5,56,1026.1,99,280.0,17.01532701829872,0
2025-10-30 10:00:00,17.6,58,9.1,16.0,0.0,9.5,88,1026.1,87,421.0,18.49601446408184,0
2025-10-30 11:00:00,18.5,60,10.6,17.2,0.0,10.7,98,1025.1,100,524.0,19.439269470732693,0
2025-10-30 12:00:00,19.2,59,10.9,18.3,0.0,10.2,111,1024.2,23,600.0,19.972514880275227,0
2025-10-30 13:00:00,19.8,56,10.8,19.3,0.0,8.5,111,1023.1,98,633.0,20.236340213070893,0
2025-10-30 14:00:00,19.8,55,10.6,19.0,0.0,6.7,109,1022.4,100,519.0,20.145809137837485,0
2025-10-30 15:00:00,19.8,57,11.0,18.9,0.0,8.6,98,1021.9,99,340.0,20.3268712883043,0
2025-10-30 16:00:00,19.6,56,10.6,18.6,0.0,8.3,89,1021.8,100,235.0,20.06050463547305,0
2025-10-30 17:00:00,18.6,60,10.8,18.0,0.0,6.3,97,1022.0,100,97.0,19.5273868360962,0
2025-10-30 18:00:00,18.3,64,11.3,17.7,0.0,6.9,110,1022.1,100,4.0,19.5933783144607,0
2025-10-30 19:00:00,18.5,64,11.5,18.0,0.0,6.3,72,1022.2,100,0.0,19.773254102114873,0
2025-10-30 20:00:00,17.6,69,11.8,17.0,0.0,7.9,45,1021.8,100,0.0,19.36403100037322,0
2025-10-30 21:00:00,18.1,66,11.7,17.3,0.0,9.1,54,1021.8,100,0.0,19.577087698172363,0
2025-10-30 22:00:00,17.4,65,10.9,16.2,0.0,10.3,44,1021.7,100,0.0,18.870734005249457,0
2025-10-30 23:00:00,17.0,59,9.1,15.2,0.0,10.7,46,1021.2,100,0.0,18.06167128150435,0
2025-10-31 00:00:00,17.0,56,8.1,15.1,0.0,9.8,43,1020.9,100,0.0,17.833738843461756,0
2025-10-31 01:00:00,16.8,55,7.8,14.7,0.0,10.3,33,1020.1,100,0.0,17.59176752182134,0
2025-10-31 02:00:00,17.0,54,7.7,15.3,0.0,8.1,62,1019.9,100,0.0,17.681783884766695,0
2025-10-31 03:00:00,17.1,55,8.1,15.2,0.0,10.1,49,1018.9,100,0.0,17.8409777911685,0
2025-10-31 04:00:00,17.0,55,7.8,15.2,0.0,7.9,39,1018.1,100,0.0,17.757761364114224,0
2025-10-31 05:00:00,16.5,57,7.9,14.9,0.0,7.8,37,1018.1,100,0.0,17.491077245971738,0
2025-10-31 06:00:00,16.4,59,8.4,14.7,0.2,8.5,61,1018.6,100,0.0,17.554077931472907,0
2025-10-31 07:00:00,15.6,71,10.3,14.2,0.3,9.8,59,1017.7,100,1.0,17.71984384472264,0
2025-10-31 08:00:00,14.4,88,12.5,14.3,1.1,6.5,66,1018.0,100,14.0,17.766899484870383,0
2025-10-31 09:00:00,15.2,93,14.1,14.3,1.6,16.0,99,1018.1,100,33.0,18.85851087214708,0
2025-10-31 10:00:00,15.1,93,14.1,14.0,1.2,17.2,85,1018.0,100,38.0,18.76148810953816,0
2025-10-31 11:00:00,15.1,93,13.9,13.8,1.3,17.1,89,1016.7,100,56.0,18.76148810953816,0
2025-10-31 12:00:00,15.1,93,14.0,13.6,1.6,19.2,85,1015.6,100,97.0,18.76148810953816,0
2025-10-31 13:00:00,14.9,94,13.9,13.9,1.4,15.9,76,1014.1,100,94.0,18.634570603801496,0
2025-10-31 14:00:00,14.9,94,13.9,14.5,0.6,11.7,65,1012.9,100,90.0,18.634570603801496,0
2025-10-31 15:00:00,15.6,92,14.2,15.3,0.2,11.6,69,1012.3,100,86.0,19.17938639034483,0
2025-10-31 16:00:00,15.9,85,13.2,15.2,0.0,11.8,73,1012.2,100,122.0,18.977324385215404,0
2025-10-31 17:00:00,15.6,85,13.0,15.3,0.0,8.2,50,1011.9,100,47.0,18.692872208470767,0
2025-10-31 18:00:00,15.0,90,13.3,15.0,0.0,7.3,350,1012.0,21,3.0,18.464056598292544,0
2025-10-31 19:00:00,14.6,92,13.4,14.5,0.0,8.1,331,1012.1,16,0.0,18.214571839471922,0
2025-10-31 20:00:00,14.0,93,12.9,14.2,0.0,5.1,324,1011.8,20,0.0,17.708948902961733,0
2025-10-31 21:00:00,14.8,94,13.9,15.3,0.0,4.9,278,1011.8,34,0.0,18.53779770672381,0
2025-10-31 22:00:00,15.4,90,13.9,15.7,0.0,7.1,291,1011.6,52,0.0,18.84738725067368,0
2025-10-31 23:00:00,15.1,91,13.7,15.1,0.0,8.4,304,1011.1,30,0.0,18.626869010408303,0
